mtllib converted_arml_Link1_cad1eeff.mtl
usemtl material
v 0.010354648344218731 -0.013384588062763214 0.08473318815231323
v 0.010321851819753647 -0.01452944241464138 0.07986611872911453
v 0.010572480037808418 -0.012607085518538952 0.08454883098602295
v 0.010539683513343334 -0.013751939870417118 0.07968176156282425
v 0.011160648427903652 -0.012040374800562859 0.08441156148910522
v 0.011127851903438568 -0.013185229152441025 0.07954449951648712
v 0.011961556039750576 -0.011836300604045391 0.08435816317796707
v 0.011928759515285492 -0.012981154955923557 0.07949109375476837
v 0.01276059914380312 -0.01204955019056797 0.08440294116735458
v 0.012727802619338036 -0.013194405473768711 0.07953587174415588
v 0.013343675062060356 -0.012622978538274765 0.08453389257192612
v 0.013310878537595272 -0.013767833821475506 0.07966683059930801
v 0.013554549776017666 -0.013402939774096012 0.08471594005823135
v 0.013521752320230007 -0.014547795057296753 0.07984887063503265
v 0.023904621601104736 0.02033064141869545 0.07671122252941132
v 0.023871826007962227 0.019185787066817284 0.07184415310621262
v 0.023105578497052193 0.020543888211250305 0.0766664445400238
v 0.023072781041264534 0.01939903385937214 0.0717993825674057
v 0.02252250351011753 0.02111731842160225 0.07653549313545227
v 0.022489706054329872 0.019972464069724083 0.07166842371225357
v 0.022311629727482796 0.02189728245139122 0.07635344564914703
v 0.022278834134340286 0.020752428099513054 0.07148637622594833
v 0.02252946048974991 0.022674785926938057 0.07616908848285675
v 0.0224966648966074 0.02152993157505989 0.07130201905965805
v 0.023117629811167717 0.023241499438881874 0.07603181898593903
v 0.02308483235538006 0.022096645087003708 0.07116475701332092
v 0.02391853742301464 0.023445574566721916 0.07597842067480087
v 0.023885739967226982 0.0223007183521986 0.07111135125160217
v -0.01075095497071743 0.033572956919670105 0.07382982969284058
v -0.010783752426505089 0.03242810070514679 0.06896276026964188
v -0.010968787595629692 0.03279545158147812 0.07401418685913086
v -0.011001584120094776 0.0316505990922451 0.06914711743593216
v -0.011556955054402351 0.0322287380695343 0.07415145635604858
v -0.01158975251019001 0.031083883717656136 0.06928438693284988
v -0.01235786359757185 0.03202466666698456 0.07420485466718674
v -0.012390660122036934 0.030879812315106392 0.06933778524398804
v -0.013156905770301819 0.03223791345953941 0.07416007667779922
v -0.013189703226089478 0.031093060970306396 0.06929300725460052
v -0.013739981688559055 0.03281134366989136 0.0740291178226471
v -0.013772779144346714 0.03166649118065834 0.06916205585002899
v -0.013950856402516365 0.03359130769968033 0.07384707778692245
v -0.013983652926981449 0.03244645521044731 0.06898000836372375
v -0.014160079881548882 -0.013243993744254112 0.08486530929803848
v -0.014192876406013966 -0.014388848096132278 0.07999823987483978
v -0.013942248187959194 -0.01246649120002985 0.0846809521317482
v -0.013975044712424278 -0.013611345551908016 0.0798138827085495
v -0.013354078866541386 -0.011899779550731182 0.08454368263483047
v -0.01338687539100647 -0.013044634833931923 0.07967662066221237
v -0.012553171254694462 -0.011695705354213715 0.08449028432369232
v -0.01258596871048212 -0.012840560637414455 0.07962321490049362
v -0.011754128150641918 -0.011908955872058868 0.08453506231307983
v -0.011786924675107002 -0.013053810223937035 0.07966799288988113
v -0.011171053163707256 -0.012482384219765663 0.08466601371765137
v -0.01120384968817234 -0.01362723857164383 0.07979895174503326
v -0.010960178449749947 -0.01326234545558691 0.0848480612039566
v -0.01099297497421503 -0.014407199807465076 0.0799809917807579
v 0.0237980168312788 -0.0035331386607140303 0.0823252946138382
v 0.02376522123813629 -0.00467799324542284 0.0774582251906395
v 0.022998973727226257 -0.00331988837569952 0.08228051662445068
v 0.022966178134083748 -0.004464742727577686 0.07741344720125198
v 0.022415898740291595 -0.002746460260823369 0.08214955776929855
v 0.022383101284503937 -0.0038913146127015352 0.07728249579668045
v 0.02220502495765686 -0.0019664952997118235 0.08196751028299332
v 0.02217222936451435 -0.0031113498844206333 0.07710044831037521
v 0.022422855719923973 -0.001188992871902883 0.08178316056728363
v 0.022390060126781464 -0.002333847340196371 0.07691609114408493
v 0.02301102504134178 -0.0006222781375981867 0.0816458910703659
v 0.022978227585554123 -0.0017671326640993357 0.0767788216471672
v 0.023811932653188705 -0.00041820754995569587 0.08159249275922775
v 0.023779135197401047 -0.001563061960041523 0.07672542333602905
v 0.013763772323727608 0.033432360738515854 0.07369770854711533
v 0.013730975799262524 0.03228750824928284 0.06883063912391663
v 0.01354594063013792 0.03265485540032387 0.07388206571340561
v 0.013513144105672836 0.03151000291109085 0.06901499629020691
v 0.012957771308720112 0.03208814561367035 0.07401933521032333
v 0.012924974784255028 0.030943289399147034 0.06915226578712463
v 0.012156864628195763 0.03188407048583031 0.07407273352146149
v 0.012124068103730679 0.03073921799659729 0.06920566409826279
v 0.011357821524143219 0.03209732100367546 0.07402795553207397
v 0.01132502406835556 0.030952464789152145 0.06916088610887527
v 0.010774745605885983 0.032670751214027405 0.07389699667692184
v 0.010741949081420898 0.03152589499950409 0.06902993470430374
v 0.010563871823251247 0.03345071151852608 0.0737149566411972
v 0.010531075298786163 0.03230585902929306 0.0688478872179985
v -0.006137666292488575 -0.015831081196665764 0.08541979640722275
v -0.006170463282614946 -0.01697593741118908 0.08055272698402405
v -0.005919835064560175 -0.015053579583764076 0.08523543924093246
v -0.005952632054686546 -0.016198433935642242 0.08036836981773376
v -0.005331665743142366 -0.014486868865787983 0.08509816974401474
v -0.005364462733268738 -0.015631722286343575 0.08023110777139664
v -0.00453075859695673 -0.014282794669270515 0.08504477143287659
v -0.004563555121421814 -0.015427649021148682 0.08017770200967789
v -0.0037317154929041862 -0.014496044255793095 0.0850895494222641
v -0.003764512250199914 -0.015640899538993835 0.0802224799990654
v -0.0031486395746469498 -0.01506947260349989 0.08522050082683563
v -0.0031814363319426775 -0.01621432788670063 0.08035343885421753
v -0.002937765559181571 -0.015849433839321136 0.08540254831314087
v -0.0029705625493079424 -0.016994288191199303 0.08053548634052277
v 0.026443282142281532 0.004272331949323416 0.08047142624855042
v 0.026410484686493874 0.003127477364614606 0.07560436427593231
v 0.02564423903822899 0.004485578276216984 0.0804266482591629
v 0.02561144158244133 0.003340723691508174 0.0755595862865448
v 0.025061164051294327 0.005059010349214077 0.08029569685459137
v 0.025028366595506668 0.0039141555316746235 0.07542862743139267
v 0.024850288406014442 0.005838974844664335 0.08011364936828613
v 0.024817490950226784 0.004694120492786169 0.07524657994508743
v 0.025068121030926704 0.0066164773888885975 0.07992929220199585
v 0.025035323575139046 0.005471623037010431 0.07506223022937775
v 0.025656288489699364 0.0071831922978162766 0.07979202270507812
v 0.025623492896556854 0.00603833794593811 0.07492496073246002
v 0.026457197964191437 0.007387262769043446 0.07973862439393997
v 0.026424400508403778 0.006242408417165279 0.07487155497074127
v 0.005741359665989876 0.036019451916217804 0.07314322143793106
v 0.005708562675863504 0.03487459570169449 0.06827615201473236
v 0.00557989627122879 0.035344600677490234 0.07330305129289627
v 0.005547099281102419 0.03419974446296692 0.06843598186969757
v 0.00513352220878005 0.03480523079633713 0.07343292981386185
v 0.005100725684314966 0.03366037458181381 0.06856586039066315
v 0.0044906483963131905 0.03450816869735718 0.07350713759660721
v 0.004457851406186819 0.03336331248283386 0.0686400756239891
v 0.0037786036264151335 0.03451225161552429 0.07351097464561462
v 0.003745806636288762 0.03336739540100098 0.06864391267299652
v 0.0031384166795760393 0.034816671162843704 0.07344368100166321
v 0.0031056199222803116 0.03367181867361069 0.0685766190290451
v 0.0026968850288540125 0.03536113351583481 0.07331858575344086
v 0.002664088038727641 0.03421628102660179 0.06845152378082275
v 0.002541458699852228 0.03603780269622803 0.07316046208143234
v 0.0025086619425565004 0.03489295020699501 0.06829340010881424
v 0.002309533068910241 -0.01587952859699726 0.08537426590919495
v 0.0022767360787838697 -0.017024382948875427 0.08050720393657684
v 0.002527364296838641 -0.015102025121450424 0.08518991619348526
v 0.0024945675395429134 -0.01624687947332859 0.08032284677028656
v 0.0031155336182564497 -0.014535314403474331 0.08505264669656754
v 0.003082736860960722 -0.015680167824029922 0.08018557727336884
v 0.00391644099727273 -0.014331240206956863 0.08499924838542938
v 0.0038836440071463585 -0.01547609455883503 0.08013217896223068
v 0.0047154841013252735 -0.014544489793479443 0.0850440263748169
v 0.004682687111198902 -0.015689345076680183 0.0801769569516182
v 0.00529856001958251 -0.015117918141186237 0.08517497777938843
v 0.005265763029456139 -0.016262773424386978 0.08030791580677032
v 0.005509433802217245 -0.015897879377007484 0.08535702526569366
v 0.005476636812090874 -0.01704273372888565 0.08048995584249496
v 0.026480015367269516 0.01249522902071476 0.07853695005178452
v 0.026447217911481857 0.011350374668836594 0.07366988807916641
v 0.025680972263216972 0.012708479538559914 0.078492172062397
v 0.025648174807429314 0.011563625186681747 0.0736251100897789
v 0.02509789727628231 0.013281907886266708 0.07836122065782547
v 0.025065099820494652 0.012137053534388542 0.07349415123462677
v 0.024887021631002426 0.014061872847378254 0.07817917317152023
v 0.024854224175214767 0.012917018495500088 0.07331210374832153
v 0.025104854255914688 0.014839375391602516 0.07799481600522995
v 0.02507205680012703 0.01369452103972435 0.07312774658203125
v 0.025693023577332497 0.015406089834868908 0.07785754650831223
v 0.025660226121544838 0.014261235482990742 0.07299048453569412
v 0.02649393118917942 0.015610160306096077 0.07780414819717407
v 0.026461133733391762 0.01446530595421791 0.07293707877397537
v -0.002705839928239584 0.036067895591259 0.07318874448537827
v -0.0027386366855353117 0.034923043102025986 0.06832168251276016
v -0.002923671156167984 0.035290393978357315 0.07337310165166855
v -0.0029564681462943554 0.034145537763834 0.06850603222846985
v -0.0035118404775857925 0.0347236804664135 0.07351037114858627
v -0.003544637467712164 0.03357882425189018 0.06864330172538757
v -0.004312747623771429 0.034519605338573456 0.07356376945972443
v -0.0043455446138978004 0.03337475284934044 0.06869670748710632
v -0.005111790727823973 0.03473285585641861 0.07351899147033691
v -0.005144587717950344 0.03358800336718559 0.06865192949771881
v -0.005694866646081209 0.035306286066770554 0.07338804006576538
v -0.005727663636207581 0.03416142985224724 0.06852097064256668
v -0.005905740894377232 0.036086250096559525 0.07320599257946014
v -0.005938537418842316 0.03494139388203621 0.06833892315626144
v 0.011953837238252163 -0.01935172639787197 0.0761508122086525
v 0.012111608870327473 -0.01946297660470009 0.07536432147026062
v 0.012099780142307281 -0.02211076207458973 0.07598722726106644
v 0.012061994522809982 -0.022034576162695885 0.0763823464512825
v 0.011979840695858002 -0.02200031653046608 0.07667525857686996
v 0.011390038765966892 -0.019413242116570473 0.0769452154636383
v 0.011755176819860935 -0.021987037733197212 0.07712443172931671
v 0.011520138941705227 -0.02201094478368759 0.07742270082235336
v 0.011080602183938026 -0.02209494449198246 0.0777868926525116
v 0.01080090831965208 -0.01956634782254696 0.07732997834682465
v 0.010491939261555672 -0.019661815837025642 0.07744146883487701
v 0.010109725408256054 -0.022365601733326912 0.07811520248651505
v 0.010121245868504047 -0.019786685705184937 0.07750850170850754
v -0.010878103785216808 -0.01966625265777111 0.07762167602777481
v -0.010889624245464802 -0.022245168685913086 0.07822838425636292
v -0.011268151924014091 -0.02212493121623993 0.07816581428050995
v -0.011858135461807251 -0.019350744783878326 0.07729083299636841
v -0.011580309830605984 -0.022035332396626472 0.07805720716714859
v -0.012161574326455593 -0.02189859002828598 0.07768741995096207
v -0.012291220016777515 -0.019248658791184425 0.07693371921777725
v -0.012508830055594444 -0.021850083023309708 0.07730134576559067
v -0.01252682227641344 -0.01921355165541172 0.07663954794406891
v -0.012733612209558487 -0.021851971745491028 0.07690126448869705
v -0.012758883647620678 -0.019215349107980728 0.07618729025125504
v -0.01284429244697094 -0.01924516260623932 0.07589609920978546
v -0.012899445369839668 -0.021967388689517975 0.07612195611000061
v -0.012887617573142052 -0.019319603219628334 0.0754990503191948
v -0.012802629731595516 -0.022090673446655273 0.0640382468700409
v -0.012959770858287811 -0.021838277578353882 0.06479153037071228
v -0.012971598654985428 -0.024486063048243523 0.0654144361615181
v -0.012933955527842045 -0.024594346061348915 0.06502686440944672
v -0.012852098792791367 -0.02469496801495552 0.06474955379962921
v -0.012240955606102943 -0.02250467799603939 0.0633557066321373
v -0.012628225609660149 -0.024885237216949463 0.06434202194213867
v -0.012393993325531483 -0.025041598826646805 0.06408616900444031
v -0.011955909430980682 -0.025282874703407288 0.06379849463701248
v -0.011665240861475468 -0.02281286008656025 0.06308381259441376
v -0.011345982551574707 -0.022956015542149544 0.0630241110920906
v -0.010988014750182629 -0.025679724290966988 0.0636272132396698
v -0.010976494289934635 -0.02310081012547016 0.06302051246166229
v 0.01002285536378622 -0.023221243172883987 0.06290733069181442
v 0.010011334903538227 -0.025800159201025963 0.06351403892040253
v 0.01039099134504795 -0.02566784806549549 0.06351719051599503
v 0.011006180197000504 -0.02279963344335556 0.06306477636098862
v 0.010704112239181995 -0.025541871786117554 0.06357508897781372
v 0.011287248693406582 -0.025259533897042274 0.06384629011154175
v 0.011440824717283249 -0.022552713751792908 0.06333978474140167
v 0.011635671369731426 -0.02504693530499935 0.06417093425989151
v 0.011677300557494164 -0.022392133250832558 0.06358791887760162
v 0.01186122465878725 -0.02487216331064701 0.06453034281730652
v 0.011910238303244114 -0.02219408191740513 0.06399400532245636
v 0.011995971202850342 -0.022091669961810112 0.06426811963319778
v 0.012027627788484097 -0.024629436433315277 0.06527969986200333
v 0.012039455585181713 -0.021981650963425636 0.06465679407119751
v 0.002924408297985792 -0.021384870633482933 0.0779329314827919
v 0.0031849259976297617 -0.02380559965968132 0.07850059121847153
v -0.0003865358594339341 -0.02154126763343811 0.0779920294880867
v -0.0003974070423282683 -0.023974813520908356 0.07856453210115433
v -0.0036959133576601744 -0.02134690247476101 0.07796861231327057
v -0.003978044725954533 -0.02376451902091503 0.07853919267654419
v -0.0037943036295473576 -0.02478145994246006 0.06336744129657745
v -0.0040764352306723595 -0.027199074625968933 0.06393802911043167
v -0.00048492616042494774 -0.024975823238492012 0.06339085847139359
v -0.0004957973142154515 -0.027409369125962257 0.06396336108446121
v 0.002826018026098609 -0.024819428101181984 0.06333176046609879
v 0.0030865357257425785 -0.027240155264735222 0.06389942020177841
v -0.027692733332514763 0.03759997710585594 -0.004927687346935272
v -0.027830898761749268 0.037733517587184906 -0.004313628189265728
v -0.028794823214411736 0.037032682448625565 -0.003269815817475319
v -0.027740471065044403 0.03811655193567276 -0.003722521709278226
v -0.027339400723576546 0.038821276277303696 -0.0032329014502465725
v -0.026765355840325356 0.039592940360307693 -0.0030513659585267305
v -0.026606105268001556 0.03978098928928375 -0.0030564581975340843
v -0.02756684459745884 0.03761163353919983 -0.005198634695261717
v -0.02612634003162384 0.037527475506067276 -0.008194411173462868
v -0.025968531146645546 0.03775041550397873 -0.008112461306154728
v -0.023351512849330902 0.03676554560661316 -0.0130252530798316
v -0.02317582443356514 0.036984387785196304 -0.012974618002772331
v -0.01966000907123089 0.035553593188524246 -0.018989745527505875
v -0.01983569748699665 0.0353347510099411 -0.019040383398532867
v -0.0189756378531456 0.035387877374887466 -0.019681168720126152
v -0.019082512706518173 0.0351523719727993 -0.019801326096057892
v -0.01803460158407688 0.03531583771109581 -0.019969517365098
v -0.01804685965180397 0.035073090344667435 -0.02011866681277752
v -0.017066020518541336 0.035355012863874435 -0.019784599542617798
v -0.016980884596705437 0.035116203129291534 -0.019915154203772545
v -0.008154711686074734 0.03598949685692787 -0.016918374225497246
v -0.008116737008094788 0.035747330635786057 -0.017064101994037628
v -0.007725088391453028 0.03592705726623535 -0.016819346696138382
v -0.007761516608297825 0.03569566085934639 -0.016980623826384544
v -0.007351910695433617 0.03571166843175888 -0.016699546948075294
v -0.007452854886651039 0.03551658242940903 -0.016880663111805916
v -0.007218298967927694 0.03557316213846207 -0.016643129289150238
v -0.00734231760725379 0.0354013629257679 -0.01683376356959343
v -0.007020371034741402 0.03520146757364273 -0.016521194949746132
v -0.007178549189120531 0.03509214520454407 -0.01673251762986183
v -0.00697050616145134 0.03486338257789612 -0.016432957723736763
v -0.007137290667742491 0.03481090068817139 -0.016659200191497803
v -0.006979202851653099 0.03291654959321022 -0.01597495563328266
v -0.00714598735794425 0.03286406770348549 -0.0162011981010437
v -0.006937474012374878 0.03266590088605881 -0.01590879261493683
v -0.007093977648764849 0.0325499102473259 -0.016118250787258148
v -0.006796075496822596 0.03242330253124237 -0.01582815684378147
v -0.006917740684002638 0.03224585950374603 -0.016017034649848938
v -0.006584428250789642 0.032255806028842926 -0.015754688531160355
v -0.006653983611613512 0.03203602880239487 -0.01592447981238365
v -0.006308462005108595 0.032169733196496964 -0.015692006796598434
v -0.006310142111033201 0.031928401440382004 -0.015844853594899178
v -0.0061897821724414825 0.03216441720724106 -0.015673182904720306
v -0.006162297911942005 0.03192188963294029 -0.01582065224647522
v 0.004990566521883011 0.0318579263985157 -0.015880761668086052
v 0.005022418685257435 0.03210011497139931 -0.015733610838651657
v -0.0005809540743939579 0.03222747892141342 -0.015298621729016304
v -0.0005831523449160159 0.03198461979627609 -0.01544807106256485
v 0.005280179902911186 0.03213180974125862 -0.015783242881298065
v 0.005311672110110521 0.03189738467335701 -0.01594415493309498
v 0.005533640272915363 0.032261818647384644 -0.015857044607400894
v 0.005627502221614122 0.0320601761341095 -0.01603739522397518
v 0.005707713775336742 0.03245656192302704 -0.015933502465486526
v 0.0058444589376449585 0.032304223626852036 -0.01613347791135311
v 0.005806760396808386 0.032721567898988724 -0.016013527289032936
v 0.005967927165329456 0.0326363779604435 -0.01623385027050972
v 0.005817115772515535 0.03284315764904022 -0.016043921932578087
v 0.005980839021503925 0.03278878331184387 -0.01627194508910179
v 0.005825812462717295 0.03478999435901642 -0.01650192402303219
v 0.005989535711705685 0.03473561629652977 -0.016729947179555893
v 0.005907652899622917 0.035208143293857574 -0.016614971682429314
v 0.006057270336896181 0.03508346900343895 -0.016823869198560715
v 0.006139969453215599 0.03556444123387337 -0.016742153093218803
v 0.006249499507248402 0.035379890352487564 -0.016929471865296364
v 0.006299727596342564 0.03570015728473663 -0.016804873943328857
v 0.0063816639594733715 0.03549278527498245 -0.01698164828121662
v 0.0066869803704321384 0.03587298467755318 -0.01692330837249756
v 0.00670193787664175 0.03563644364476204 -0.017080629244446754
v 0.007017555180937052 0.0359024852514267 -0.017000144347548485
v 0.006975237280130386 0.03566077724099159 -0.017145439982414246
v 0.015889588743448257 0.03516601026058197 -0.019962213933467865
v 0.015800319612026215 0.03492819890379906 -0.02009182795882225
v 0.01685561053454876 0.03511573746800423 -0.020157556980848312
v 0.016863472759723663 0.0348728746175766 -0.020306814461946487
v 0.01780046336352825 0.03517696261405945 -0.019879372790455818
v 0.01790332980453968 0.03494025394320488 -0.020000658929347992
v 0.018494101241230965 0.03533477708697319 -0.019195375964045525
v 0.018666712567210197 0.03511393442749977 -0.019247891381382942
v 0.022090813145041466 0.036724865436553955 -0.01321866363286972
v 0.022263336926698685 0.03650394082069397 -0.013271093368530273
v 0.0266641303896904 0.03823397308588028 -0.0033700421918183565
v 0.025659559294581413 0.03948123753070831 -0.0033381429966539145
v 0.02598174661397934 0.03907680884003639 -0.0033628526143729687
v 0.02682834304869175 0.037623949348926544 -0.0042373607866466045
v 0.02781418338418007 0.03670802339911461 -0.003574908943846822
v 0.026763740926980972 0.0378132201731205 -0.00400647334754467
v 0.027608077973127365 0.03698926046490669 -0.0035239211283624172
v 0.026598023250699043 0.03815217688679695 -0.0037200027145445347
v 0.02632470242679119 0.03859682008624077 -0.003488295478746295
v 0.02682044357061386 0.03734941408038139 -0.004816833883523941
v 0.026572206988930702 0.037301138043403625 -0.00549041572958231
v 0.02509862743318081 0.03723369166254997 -0.008470486849546432
v 0.024944277480244637 0.037458423525094986 -0.008386854082345963
v -0.007765705697238445 0.0352717787027359 -0.019078869372606277
v -0.007696600630879402 0.03527407720685005 -0.019067781046032906
v -0.007647223304957151 0.03526962175965309 -0.019053786993026733
v -0.007078504655510187 0.03525198623538017 -0.019149942323565483
v -0.006556871812790632 0.03429700806736946 -0.01883258856832981
v -0.006786386016756296 0.03433552011847496 -0.018673241138458252
v -0.006634972523897886 0.034717533737421036 -0.018945079296827316
v -0.006851856131106615 0.03468596190214157 -0.0187669824808836
v -0.006863956805318594 0.03507709130644798 -0.019069835543632507
v -0.00704375933855772 0.034985557198524475 -0.01887112483382225
v -0.0073031228967010975 0.0351753756403923 -0.01896367222070694
v -0.006795083172619343 0.03238868713378906 -0.01821523904800415
v -0.006565568502992392 0.03235017508268356 -0.01837458647787571
v -0.005782497581094503 0.03159555047750473 -0.018073974177241325
v -0.00581126706674695 0.03144633769989014 -0.01783541962504387
v -0.006038056220859289 0.031630367040634155 -0.01812015101313591
v -0.006132252048701048 0.031489450484514236 -0.017894918099045753
v -0.006287858355790377 0.03176290541887283 -0.018190424889326096
v -0.006446084938943386 0.03165481984615326 -0.017984071746468544
v -0.0064626410603523254 0.031965188682079315 -0.01826656609773636
v -0.006665718741714954 0.031907521188259125 -0.018079914152622223
v -0.00655714375898242 0.03223322704434395 -0.018345564603805542
v -0.006784490775316954 0.03224250674247742 -0.018178943544626236
v 0.004582783207297325 0.03153610602021217 -0.01812983863055706
v 0.004612409509718418 0.03138655796647072 -0.017891598865389824
v -0.0005973619408905506 0.03165292367339134 -0.017731646075844765
v -0.0005969197954982519 0.031504031270742416 -0.017491167411208153
v 0.005371172446757555 0.03228171542286873 -0.01843891851603985
v 0.0056028179824352264 0.03231758251786232 -0.018282057717442513
v 0.005327438935637474 0.032030317932367325 -0.01837204210460186
v 0.005547863431274891 0.032003361731767654 -0.018198344856500626
v 0.0051842788234353065 0.03178778290748596 -0.01828959584236145
v 0.00536797009408474 0.03170030936598778 -0.01809481717646122
v 0.004979243036359549 0.03162604570388794 -0.018216107040643692
v 0.005110365804284811 0.03149836137890816 -0.018002035096287727
v 0.004706450272351503 0.031540848314762115 -0.018150776624679565
v 0.004767715465277433 0.03139226511120796 -0.017918694764375687
v 0.005611514672636986 0.034264419227838516 -0.018740059807896614
v 0.005379869602620602 0.034228548407554626 -0.01889692060649395
v 0.006597079336643219 0.03518940508365631 -0.019156277179718018
v 0.00625334307551384 0.03514554351568222 -0.01907162554562092
v 0.006075110286474228 0.035187579691410065 -0.01917395181953907
v 0.005942951422184706 0.0349750891327858 -0.0189689788967371
v 0.005908970255404711 0.035177502781152725 -0.019219938665628433
v 0.005613846704363823 0.034327127039432526 -0.018755178898572922
v 0.00538265286013484 0.034303802996873856 -0.018915070220828056
v 0.005698848981410265 0.03465747833251953 -0.018848169595003128
v 0.005484079476445913 0.03470022603869438 -0.019026637077331543
v 0.005902478937059641 0.0349392406642437 -0.018952712416648865
v 0.0057270824909210205 0.03503841906785965 -0.01915181428194046
v 0.005775386933237314 0.03508145734667778 -0.019171232357621193
v -0.0005808378336951137 0.03535190224647522 -0.01860184781253338
v -0.006174368318170309 0.03197336941957474 -0.018222136422991753
v 0.004977342206984758 0.03190941363573074 -0.01828223653137684
v 0.011964802630245686 0.028468690812587738 -0.09565688669681549
v 0.011973499320447445 0.030415523797273636 -0.09611488878726959
v 0.011690301820635796 0.02824125625193119 -0.09662885963916779
v 0.011698998510837555 0.03018808923661709 -0.09708686172962189
v 0.01095347199589014 0.028077837079763412 -0.0973374992609024
v 0.0109621686860919 0.03002467006444931 -0.0977955013513565
v 0.00995174515992403 0.028022218495607376 -0.09759293496608734
v 0.00996044185012579 0.029969051480293274 -0.09805093705654144
v 0.008953533135354519 0.028089307248592377 -0.09732671827077866
v 0.008962230756878853 0.030036140233278275 -0.09778472036123276
v 0.008226308040320873 0.028261123225092888 -0.0966101884841919
v 0.008235004730522633 0.030207956209778786 -0.097068190574646
v 0.007964925840497017 0.028491631150245667 -0.09563533216714859
v 0.007973622530698776 0.030438464134931564 -0.09609333425760269
v -0.02556788921356201 0.04663461446762085 -0.019151534885168076
v -0.022098619490861893 0.04522276297211647 -0.0250870268791914
v -0.022036289796233177 0.045230790972709656 -0.025045568123459816
v -0.021360307931900024 0.04389848932623863 -0.021968530490994453
v -0.02383803017437458 0.044906821101903915 -0.01772945374250412
v -0.021161425858736038 0.04429077357053757 -0.022557687014341354
v -0.024066602811217308 0.04585089161992073 -0.018087614327669144
v -0.021973976865410805 0.04523603618144989 -0.025003639981150627
v -0.0214645154774189 0.04517348110675812 -0.024479733780026436
v -0.024699775502085686 0.04648330435156822 -0.018608134239912033
v -0.021359924226999283 0.04512305557727814 -0.024300592020154
v -0.024341091513633728 0.04621928557753563 -0.018335681408643723
v -0.021127987653017044 0.04484579339623451 -0.023588236421346664
v -0.02109457738697529 0.0446413978934288 -0.023172389715909958
v -0.024382416158914566 0.04623221233487129 -0.018249910324811935
v -0.023997018113732338 0.045613374561071396 -0.017883656546473503
v -0.02387993037700653 0.044923555105924606 -0.0176576916128397
v -0.025618266314268112 0.046654265373945236 -0.019067274406552315
v -0.024974191561341286 0.04659704491496086 -0.018678493797779083
v -0.021399443969130516 0.03513773903250694 -0.019907522946596146
v -0.021138060837984085 0.034907229244709015 -0.02088237926363945
v -0.025130214169621468 0.04584229737520218 -0.015896106138825417
v -0.02937803789973259 0.04067610576748848 -0.007074281573295593
v -0.029315263032913208 0.03718363493680954 -0.0060974471271038055
v -0.029711715877056122 0.03865762799978256 -0.0060147494077682495
v -0.029677467420697212 0.03709875047206879 -0.005597447045147419
v -0.028408896178007126 0.04193991795182228 -0.008812556974589825
v -0.028755107894539833 0.040906038135290146 -0.007953325286507607
v -0.02891502156853676 0.04028117656707764 -0.007522977888584137
v -0.028836607933044434 0.042445987462997437 -0.0084514319896698
v -0.02811257354915142 0.04389002546668053 -0.010083300061523914
v -0.027573414146900177 0.04353206604719162 -0.010680949315428734
v -0.02722666785120964 0.04496660456061363 -0.011923032812774181
v -0.02690361998975277 0.04430600628256798 -0.01206465158611536
v -0.026222925633192062 0.04562310501933098 -0.013879289850592613
v -0.025790400803089142 0.044991396367549896 -0.014227881096303463
v -0.024941522628068924 0.04513402283191681 -0.01579109951853752
v -0.03130291774868965 0.03896239399909973 -0.005689673125743866
v -0.031368281692266464 0.03673950582742691 -0.004951393231749535
v -0.03215164691209793 0.0366215780377388 -0.005226111970841885
v -0.03202506899833679 0.038920238614082336 -0.005973423831164837
v -0.03165246546268463 0.041155651211738586 -0.007143125869333744
v -0.030933868139982224 0.04117780551314354 -0.0068510728888213634
v -0.03104749321937561 0.04311716556549072 -0.008662632666528225
v -0.03033488802611828 0.043120376765728 -0.008359975181519985
v -0.030237816274166107 0.04471946135163307 -0.010462740436196327
v -0.02953367680311203 0.04470526799559593 -0.010147218592464924
v -0.0292460136115551 0.04591652378439903 -0.012491979636251926
v -0.02855299599468708 0.0458868108689785 -0.01216120459139347
v -0.028120707720518112 0.04664983972907066 -0.014649786986410618
v -0.027441393584012985 0.04660730063915253 -0.014301619492471218
v -0.026893533766269684 0.04689997434616089 -0.016874562948942184
v -0.026230622082948685 0.04684794694185257 -0.016506889835000038
v -0.025587627664208412 0.046477172523736954 -0.016150105744600296
v -0.026749953627586365 0.0462474524974823 -0.01401772815734148
v -0.027817778289318085 0.04555410519242287 -0.011948046274483204
v -0.02876034565269947 0.04441514238715172 -0.010000639595091343
v -0.02953074686229229 0.04288617521524429 -0.00827255379408598
v -0.030106881633400917 0.04101133719086647 -0.006813756190240383
v -0.03046194277703762 0.03887258470058441 -0.005691168829798698
v -0.03055022843182087 0.03690163791179657 -0.005039364565163851
v -0.016951093450188637 0.04587146267294884 -0.02222568541765213
v -0.01688295044004917 0.045879874378442764 -0.022194797173142433
v -0.02035222016274929 0.047291725873947144 -0.01625930145382881
v -0.017019091174006462 0.04586029425263405 -0.022256018593907356
v -0.017773030325770378 0.04561812803149223 -0.02239377796649933
v -0.021222662180662155 0.04692137986421585 -0.016679979860782623
v -0.01789938099682331 0.04555952176451683 -0.02238253876566887
v -0.018780214712023735 0.04500817880034447 -0.022032245993614197
v -0.02158411033451557 0.04656663164496422 -0.016806859523057938
v -0.018895557150244713 0.04491462558507919 -0.021945688873529434
v -0.021862201392650604 0.04612861946225166 -0.016865216195583344
v -0.02209947258234024 0.04512586072087288 -0.016765374690294266
v -0.019621752202510834 0.0441175252199173 -0.02100445330142975
v -0.020409125834703445 0.047314926981925964 -0.01615946926176548
v -0.02105323225259781 0.047095444053411484 -0.016485245898365974
v -0.021645233035087585 0.04658142849802971 -0.016713785007596016
v -0.022031018510460854 0.045865289866924286 -0.016776205971837044
v -0.022148536518216133 0.045145388692617416 -0.016681334003806114
v -0.022219225764274597 0.047346100211143494 -0.014404097571969032
v -0.027635492384433746 0.039613962173461914 -0.0052324081771075726
v -0.023106252774596214 0.0460909828543663 -0.01488468237221241
v -0.02315879426896572 0.045352645218372345 -0.01490658987313509
v -0.024146249517798424 0.045911405235528946 -0.01296504121273756
v -0.024194568395614624 0.045156706124544144 -0.01299421489238739
v -0.025110475718975067 0.04533422365784645 -0.011092182248830795
v -0.025039540603756905 0.04463573172688484 -0.011352083645761013
v -0.02597268670797348 0.04437343031167984 -0.009316607378423214
v -0.025798344984650612 0.04380239546298981 -0.00979437306523323
v -0.02669382654130459 0.043072570115327835 -0.007718683686107397
v -0.026523487642407417 0.042511872947216034 -0.00819348730146885
v -0.027257012203335762 0.04146091267466545 -0.006335473153740168
v -0.027051927521824837 0.04099741205573082 -0.006896443665027618
v -0.027405353263020515 0.039270319044589996 -0.005866708233952522
v -0.026529014110565186 0.040381718426942825 -0.0033340754453092813
v -0.022777823731303215 0.046824220567941666 -0.014709395356476307
v -0.02387428842484951 0.04663758724927902 -0.012674455530941486
v -0.024891646578907967 0.046029284596443176 -0.010688494890928268
v -0.025801943615078926 0.0450139120221138 -0.008805257268249989
v -0.02656368352472782 0.04363745450973511 -0.007110179867595434
v -0.027158809825778008 0.041930925101041794 -0.005642784293740988
v -0.027558863162994385 0.039974410086870193 -0.00447266036644578
v -0.023348333314061165 0.04715186730027199 -0.012292293831706047
v -0.02439621090888977 0.046520959585905075 -0.01023219432681799
v -0.025333985686302185 0.04546862840652466 -0.008279350586235523
v -0.02611883170902729 0.04404258728027344 -0.006522146984934807
v -0.026732079684734344 0.04227495193481445 -0.005001343321055174
v -0.027144359424710274 0.040248628705739975 -0.0037888986989855766
v -0.026115216314792633 0.04242638126015663 -0.004556477535516024
v -0.025499626994132996 0.04421122372150421 -0.006090162787586451
v -0.02471160516142845 0.04565276950597763 -0.007863051258027554
v -0.023769738152623177 0.04671862721443176 -0.009834573604166508
v -0.02271687239408493 0.047360360622406006 -0.011916082352399826
v -0.021581852808594704 0.0475621335208416 -0.014051999896764755
v 0.019350288435816765 0.047064028680324554 -0.016473278403282166
v 0.015801280736923218 0.04569242522120476 -0.022370949387550354
v 0.015868986025452614 0.04568323865532875 -0.0224025696516037
v 0.01853235810995102 0.04389870911836624 -0.0212100837379694
v 0.021067027002573013 0.044878292828798294 -0.01699802093207836
v 0.01846972666680813 0.04399159178137779 -0.021335437893867493
v 0.02084021270275116 0.04588371515274048 -0.017095360904932022
v 0.01593651808798313 0.045671287924051285 -0.022433631122112274
v 0.016627345234155655 0.04544687643647194 -0.022580908611416817
v 0.02021184004843235 0.046683747321367264 -0.016903290525078773
v 0.016814004629850388 0.045359399169683456 -0.02256937325000763
v 0.02056780830025673 0.04632488638162613 -0.01703403703868389
v 0.01753677986562252 0.04491656273603439 -0.022325661033391953
v 0.01781214028596878 0.04469827562570572 -0.022138020023703575
v 0.02062198333442211 0.046335719525814056 -0.016955433413386345
v 0.020999224856495857 0.045615311712026596 -0.017021149396896362
v 0.021109890192747116 0.044894542545080185 -0.016926715150475502
v 0.01940002478659153 0.04708334058523178 -0.01638856530189514
v 0.020038139075040817 0.046856459230184555 -0.016721086576581
v 0.022098705172538757 0.04583138972520828 -0.015139558352530003
v 0.02659938856959343 0.039662379771471024 -0.004764025565236807
v 0.0261954627931118 0.03994128853082657 -0.0040757376700639725
v 0.02642272785305977 0.038960400968790054 -0.006156223360449076
v 0.02666359394788742 0.039301153272390366 -0.005524634849280119
v 0.026294082403182983 0.0411544032394886 -0.006624823436141014
v 0.02599342353641987 0.040993884205818176 -0.00740430224686861
v 0.025733768939971924 0.04277396202087402 -0.008003691211342812
v 0.02555198036134243 0.042215317487716675 -0.008476284332573414
v 0.025009313598275185 0.044083841145038605 -0.009595951065421104
v 0.024822091683745384 0.04351666197180748 -0.01007413025945425
v 0.024137768894433975 0.04505443945527077 -0.011364479549229145
v 0.02405622974038124 0.04435686767101288 -0.011623026803135872
v 0.023158598691225052 0.04564174637198448 -0.013229254633188248
v 0.02300773374736309 0.04495730623602867 -0.01360987313091755
v 0.02214287407696247 0.045092757791280746 -0.015161260962486267
v 0.021230829879641533 0.04709673672914505 -0.014650644734501839
v 0.020599713549017906 0.04732011258602142 -0.014291825704276562
v 0.0223818589001894 0.046891599893569946 -0.012548912316560745
v 0.021756839007139206 0.04710737615823746 -0.012166004627943039
v 0.02344621531665325 0.04624968767166138 -0.010497533716261387
v 0.0228263009339571 0.04645458608865738 -0.01009322702884674
v 0.024394303560256958 0.045186687260866165 -0.008552293293178082
v 0.023778535425662994 0.04537799954414368 -0.008129319176077843
v 0.025182846933603287 0.04375079274177551 -0.006801201030611992
v 0.02457025647163391 0.04392654821276665 -0.006362549029290676
v 0.025792989879846573 0.041974522173404694 -0.005285078659653664
v 0.025182684883475304 0.04213302209973335 -0.004833549726754427
v 0.025586571544408798 0.04008140042424202 -0.0036142519675195217
v 0.021780312061309814 0.046568408608436584 -0.014961479231715202
v 0.022897910326719284 0.04637117683887482 -0.012936356477439404
v 0.02393115498125553 0.04575219377875328 -0.010958896018564701
v 0.024851394817233086 0.04472646862268448 -0.009083070792257786
v 0.02561669424176216 0.04334046691656113 -0.007393951993435621
v 0.02620881423354149 0.041625574231147766 -0.005931120831519365
v 0.020915810018777847 0.04498445615172386 -0.02527705766260624
v 0.020977593958377838 0.04497571662068367 -0.025319185107946396
v 0.024526601657271385 0.04634731635451317 -0.019421517848968506
v 0.02085401676595211 0.0449904128909111 -0.025234460830688477
v 0.02386564202606678 0.046290550380945206 -0.019010569900274277
v 0.020312437787652016 0.044918399304151535 -0.024644920602440834
v 0.020007118582725525 0.044228777289390564 -0.023071596398949623
v 0.0199886467307806 0.04436970874667168 -0.023325659334659576
v 0.023303985595703125 0.04594603553414345 -0.018592463806271553
v 0.019991176202893257 0.04448040574789047 -0.023539431393146515
v 0.020048929378390312 0.04468021169304848 -0.023969653993844986
v 0.020197121426463127 0.04485197365283966 -0.024421704933047295
v 0.022927135229110718 0.04536622390151024 -0.018230842426419258
v 0.02279246598482132 0.04463938996195793 -0.017980769276618958
v 0.020257797092199326 0.04365980625152588 -0.022192832082509995
v 0.024586906656622887 0.04636957123875618 -0.019323475658893585
v 0.023946305736899376 0.046319734305143356 -0.018927916884422302
v 0.023354679346084595 0.04596158117055893 -0.018493419513106346
v 0.02296568639576435 0.04534699022769928 -0.018123723566532135
v 0.022842654958367348 0.0446583516895771 -0.017897257581353188
v 0.020218661054968834 0.03489905223250389 -0.020131822675466537
v 0.019945114850997925 0.03468307480216026 -0.021055079996585846
v 0.02015826106071472 0.03446151316165924 -0.021992824971675873
v 0.0208062082529068 0.03428831323981285 -0.022716740146279335
v 0.02522740513086319 0.046552810817956924 -0.016771702095866203
v 0.03076806850731373 0.036314066499471664 -0.0053803143091499805
v 0.030422627925872803 0.036374740302562714 -0.005291967187076807
v 0.030318059027194977 0.03860852122306824 -0.006021579727530479
v 0.029954759404063225 0.03646806254982948 -0.005278744734823704
v 0.02957412227988243 0.03655124828219414 -0.005355342291295528
v 0.02947612665593624 0.03852837532758713 -0.00601401599124074
v 0.0241214781999588 0.045559801161289215 -0.016150088980793953
v 0.0239254143089056 0.044853728264570236 -0.01604372076690197
v 0.02523193694651127 0.04532581940293312 -0.014146985486149788
v 0.024928303435444832 0.04464596509933472 -0.014232409186661243
v 0.026247667148709297 0.04465650022029877 -0.012203843332827091
v 0.02591533213853836 0.04399988427758217 -0.012342393398284912
v 0.02713962085545063 0.043569356203079224 -0.010375933721661568
v 0.02659086138010025 0.04321678355336189 -0.010965969413518906
v 0.027863483875989914 0.042117465287446976 -0.008753926493227482
v 0.027426064014434814 0.04161658510565758 -0.00911057647317648
v 0.02839857153594494 0.040342606604099274 -0.007384313736110926
v 0.02782624401152134 0.04036661237478256 -0.00810409989207983
v 0.028720036149024963 0.0383220799267292 -0.006329502444714308
v 0.028226545080542564 0.03806023672223091 -0.006840605288743973
v 0.029038799926638603 0.036675743758678436 -0.005608043167740107
v 0.028305813670158386 0.03685317188501358 -0.006407994776964188
v 0.031036585569381714 0.038558103144168854 -0.006313098594546318
v 0.03114479035139084 0.03625856712460518 -0.005567247048020363
v 0.024583790451288223 0.04618942365050316 -0.016408391296863556
v 0.025764895603060722 0.045943982899188995 -0.014290576800704002
v 0.02684541419148445 0.04523699730634689 -0.012234831228852272
v 0.027794383466243744 0.04408679157495499 -0.0102999834343791
v 0.02856460027396679 0.04254946485161781 -0.008582375012338161
v 0.029134009033441544 0.04066932201385498 -0.007131590973585844
v 0.02645755000412464 0.046295810490846634 -0.014581582508981228
v 0.02758222632110119 0.045561134815216064 -0.012455656193196774
v 0.028569474816322327 0.04436790198087692 -0.010454717092216015
v 0.029370447620749474 0.04277430847287178 -0.008678356185555458
v 0.029962429776787758 0.0408262200653553 -0.0071777766570448875
v 0.03067754954099655 0.04079582169651985 -0.007477548439055681
v 0.030079690739512444 0.04276290535926819 -0.008988657034933567
v 0.029270324856042862 0.04437398537993431 -0.010777773335576057
v 0.0282719898968935 0.045582856982946396 -0.012793820351362228
v 0.027133595198392868 0.046330519020557404 -0.014936968684196472
v 0.025886980816721916 0.04659721255302429 -0.017146391794085503
v 0.04415231570601463 0.03836044669151306 -0.05299871042370796
v 0.03713403642177582 0.038400694727897644 -0.05296088755130768
v 0.0371394082903862 0.03838210925459862 -0.05303364247083664
v 0.03911810740828514 0.03598442301154137 -0.05446051433682442
v 0.04413049668073654 0.035955674946308136 -0.05448753014206886
v 0.03899979963898659 0.036101602017879486 -0.05448365584015846
v 0.04413660615682602 0.036990441381931305 -0.0544557087123394
v 0.03714460879564285 0.038360800594091415 -0.0531056672334671
v 0.03732096776366234 0.038023702800273895 -0.053741712123155594
v 0.04414458945393562 0.03787064924836159 -0.0539107583463192
v 0.03740648552775383 0.037900567054748535 -0.05388367176055908
v 0.044140491634607315 0.037466421723365784 -0.05424117296934128
v 0.03788444399833679 0.03729945421218872 -0.05431739613413811
v 0.03813646733760834 0.037011243402957916 -0.05442741885781288
v 0.04423597827553749 0.03745733201503754 -0.05424664542078972
v 0.04422483593225479 0.03668941557407379 -0.054521869868040085
v 0.044215261936187744 0.03595487028360367 -0.054487913846969604
v 0.0442524254322052 0.03835973143577576 -0.05299816280603409
v 0.04424586147069931 0.03805193305015564 -0.05368693917989731
v 0.03709680214524269 0.027658704668283463 -0.05058794468641281
v 0.037405166774988174 0.027442721650004387 -0.051500167697668076
v 0.03812424838542938 0.027284903451800346 -0.05215735733509064
v 0.0390789732336998 0.027223670855164528 -0.05239950865507126
v 0.04651246219873428 0.03644546866416931 -0.05447792634367943
v 0.054999079555273056 0.02952319011092186 -0.052900783717632294
v 0.05507669970393181 0.025958504527807236 -0.05220970883965492
v 0.05564500391483307 0.027371453121304512 -0.05239860340952873
v 0.05566117540001869 0.02578076347708702 -0.05208643525838852
v 0.05331312119960785 0.031083662062883377 -0.05340338870882988
v 0.05399206653237343 0.029917439445853233 -0.05313364043831825
v 0.05430907756090164 0.0292217917740345 -0.05297214165329933
v 0.05393439903855324 0.031509771943092346 -0.053361568599939346
v 0.0524870902299881 0.03326093405485153 -0.05376468226313591
v 0.05165157467126846 0.03301963955163956 -0.05384758487343788
v 0.05072677135467529 0.034695640206336975 -0.05409150570631027
v 0.05031059309840202 0.03407295420765877 -0.054086312651634216
v 0.048702172935009 0.03577469661831856 -0.054333169013261795
v 0.048077456653118134 0.03522178530693054 -0.054341498762369156
v 0.046361394226551056 0.03572109714150429 -0.05444738641381264
v 0.056776262819767 0.027848415076732635 -0.051292724907398224
v 0.056976668536663055 0.025555923581123352 -0.05081198364496231
v 0.05711301416158676 0.025690551847219467 -0.049995701760053635
v 0.05688988044857979 0.028044210746884346 -0.050549428910017014
v 0.05617612600326538 0.030425339937210083 -0.051109734922647476
v 0.056067176163196564 0.030209017917513847 -0.05184691399335861
v 0.05499940365552902 0.0326237790286541 -0.05162739008665085
v 0.054898474365472794 0.032387625426054 -0.05235773324966431
v 0.05339929834008217 0.03456202149391174 -0.052084509283304214
v 0.05330992862582207 0.034307029098272324 -0.05280733108520508
v 0.05145234614610672 0.036150481551885605 -0.0524604357779026
v 0.051378101110458374 0.03587827831506729 -0.05317521467804909
v 0.04921194538474083 0.03734569996595383 -0.052745457738637924
v 0.04915666580200195 0.03705834597349167 -0.05345170199871063
v 0.0467873178422451 0.03808911517262459 -0.05292621627449989
v 0.0467546172440052 0.03778962790966034 -0.05362372845411301
v 0.04665743559598923 0.037204016000032425 -0.054194480180740356
v 0.048976510763168335 0.036498017609119415 -0.054036203771829605
v 0.05112168565392494 0.03535866364836693 -0.053775932639837265
v 0.05298754200339317 0.033841490745544434 -0.05342615023255348
v 0.0545220673084259 0.031988002359867096 -0.05299622565507889
v 0.05565115064382553 0.02988411858677864 -0.05250592529773712
v 0.05633625388145447 0.027604497969150543 -0.05197251960635185
v 0.05652681738138199 0.025578001514077187 -0.05151936411857605
v 0.03710103780031204 0.03704265505075455 -0.05872800573706627
v 0.03709467872977257 0.03702687472105026 -0.058801352977752686
v 0.04411295801401138 0.03698662295937538 -0.05883917585015297
v 0.03710722178220749 0.03705567121505737 -0.05865411087870598
v 0.037318676710128784 0.0370238795876503 -0.057879310101270676
v 0.044118352234363556 0.036954768002033234 -0.057804401963949203
v 0.03737931326031685 0.036990340799093246 -0.057757966220378876
v 0.038001637905836105 0.03653303161263466 -0.05697942525148392
v 0.044119685888290405 0.036740224808454514 -0.057328417897224426
v 0.03811299428343773 0.03643971309065819 -0.05688755214214325
v 0.04411996901035309 0.03640979528427124 -0.05692417919635773
v 0.04411737993359566 0.03549773246049881 -0.056434355676174164
v 0.03910499066114426 0.03552648052573204 -0.056407343596220016
v 0.04423016682267189 0.03698516637086868 -0.058840855956077576
v 0.044233135879039764 0.03701675310730934 -0.05808703973889351
v 0.0442315973341465 0.036734066903591156 -0.05732083320617676
v 0.04422537982463837 0.0361693911254406 -0.05673198029398918
v 0.04421663284301758 0.035496730357408524 -0.056434787809848785
v 0.039065852761268616 0.0267657283693552 -0.05434633418917656
v 0.03810793533921242 0.026715466752648354 -0.05457817763090134
v 0.037380050867795944 0.026565946638584137 -0.05522756651043892
v 0.03705941140651703 0.02635357342660427 -0.056136392056941986
v 0.04673916846513748 0.03674347698688507 -0.058058030903339386
v 0.057052504271268845 0.024374082684516907 -0.05563460290431976
v 0.0569663904607296 0.02449074760079384 -0.055303316563367844
v 0.05674571543931961 0.02677789330482483 -0.05584133043885231
v 0.05676228180527687 0.02467191033065319 -0.05491171404719353
v 0.05652415752410889 0.024836387485265732 -0.054639965295791626
v 0.056315161287784576 0.02686391957104206 -0.05511852726340294
v 0.04651070758700371 0.03592204302549362 -0.05669116601347923
v 0.04636061564087868 0.03526059165596962 -0.056393690407276154
v 0.04869754984974861 0.03524891287088394 -0.056549303233623505
v 0.04833781346678734 0.03465597704052925 -0.05626479536294937
v 0.050719328224658966 0.03416848182678223 -0.0563102588057518
v 0.050304509699344635 0.03361031413078308 -0.056032080203294754
v 0.05247700959444046 0.032733384519815445 -0.055985741317272186
v 0.051643699407577515 0.03255687281489372 -0.05579330772161484
v 0.05392204597592354 0.030982738360762596 -0.0555846244096756
v 0.05330245941877365 0.030622055754065514 -0.05534936860203743
v 0.05498510226607323 0.028997331857681274 -0.055125437676906586
v 0.05410614609718323 0.029196107760071754 -0.05501936748623848
v 0.05563011392951012 0.0268473532050848 -0.05462445318698883
v 0.05490030720829964 0.026747675612568855 -0.05444878712296486
v 0.056068483740091324 0.025091800838708878 -0.05433475226163864
v 0.055063582956790924 0.02550056204199791 -0.05415653437376022
v 0.056849248707294464 0.026621481403708458 -0.0565953366458416
v 0.05707225203514099 0.024267664179205894 -0.05604475736618042
v 0.04665054753422737 0.03647410869598389 -0.05728486552834511
v 0.04896650090813637 0.03576293960213661 -0.0571410097181797
v 0.05110863223671913 0.034619830548763275 -0.05689326673746109
v 0.05297163873910904 0.033100374042987823 -0.05655387416481972
v 0.05450371652841568 0.031245963647961617 -0.05613226443529129
v 0.05563104897737503 0.029142295941710472 -0.05564805120229721
v 0.04913788661360741 0.036003246903419495 -0.057916246354579926
v 0.05135607346892357 0.034816205501556396 -0.05766582489013672
v 0.05328487232327461 0.03324008733034134 -0.057319361716508865
v 0.05487082898616791 0.03131778538227081 -0.05688667297363281
v 0.05603767931461334 0.029138019308447838 -0.056388020515441895
v 0.056136563420295715 0.02900269813835621 -0.057145651429891586
v 0.054961737245321274 0.031203269958496094 -0.057646919041872025
v 0.05336428061127663 0.033145807683467865 -0.05808113142848015
v 0.051420435309410095 0.03474095091223717 -0.058427873998880386
v 0.049183379858732224 0.03594540059566498 -0.058677177876234055
v 0.04676220193505287 0.03670045733451843 -0.05881628394126892
v 0.020566895604133606 0.03063930571079254 -0.0862668976187706
v 0.020504554733633995 0.030628535896539688 -0.08630770444869995
v 0.024036165326833725 0.029227452352643013 -0.09220239520072937
v 0.020442204549908638 0.03061506524682045 -0.08634769916534424
v 0.023370185866951942 0.028995441272854805 -0.09253646433353424
v 0.01981119066476822 0.028069917112588882 -0.08846939355134964
v 0.022288911044597626 0.0270615853369236 -0.09270846843719482
v 0.019756030291318893 0.028209900483489037 -0.088394396007061
v 0.02242457866668701 0.027823278680443764 -0.09281034767627716
v 0.022804273292422295 0.028502358123660088 -0.0927499532699585
v 0.01955454796552658 0.02920326590538025 -0.08777406811714172
v 0.019570617005228996 0.028966624289751053 -0.0879366546869278
v 0.019926948472857475 0.03032549098134041 -0.08679486066102982
v 0.01977548748254776 0.030130956321954727 -0.08700493723154068
v 0.019578509032726288 0.02957601100206375 -0.0874951109290123
v 0.024086538702249527 0.029207050800323486 -0.09228647500276566
v 0.02344123087823391 0.028987959027290344 -0.09261025488376617
v 0.02284553460776806 0.028475338593125343 -0.09283241629600525
v 0.02245418354868889 0.02776140719652176 -0.09288512915372849
v 0.022330809384584427 0.02704421430826187 -0.09278007596731186
v 0.020394396036863327 0.019912967458367348 -0.08382998406887054
v 0.01973673887550831 0.019747255370020866 -0.08454686403274536
v 0.019772054627537727 0.019309164956212044 -0.08640838414430618
v 0.019510971382260323 0.019528212025761604 -0.08548223972320557
v 0.02358531579375267 0.02707061730325222 -0.09476401656866074
v 0.02777167409658432 0.01847750134766102 -0.10034888982772827
v 0.027677390724420547 0.014916493557393551 -0.09966636449098587
v 0.028086140751838684 0.016195612028241158 -0.10039674490690231
v 0.028037864714860916 0.014614533632993698 -0.100075364112854
v 0.026816729456186295 0.020391885191202164 -0.09935831278562546
v 0.027152463793754578 0.019080480560660362 -0.0996658056974411
v 0.027306225150823593 0.018327968195080757 -0.09977211803197861
v 0.027247989550232887 0.02068023569881916 -0.099906325340271
v 0.026539457961916924 0.022706424817442894 -0.09909085184335709
v 0.02599847875535488 0.022657036781311035 -0.09839735925197601
v 0.025666363537311554 0.024497751146554947 -0.09792580455541611
v 0.02533801831305027 0.02397233434021473 -0.09750516712665558
v 0.024672113358974457 0.02596602402627468 -0.09646939486265182
v 0.0242349524050951 0.025559663772583008 -0.09587661176919937
v 0.023390427231788635 0.026391437277197838 -0.09454261511564255
v 0.02967921644449234 0.01631000079214573 -0.10082042962312698
v 0.02972429059445858 0.013990642502903938 -0.10049012303352356
v 0.030507171526551247 0.01400093175470829 -0.10019009560346603
v 0.030401548370718956 0.0163926612585783 -0.1005462035536766
v 0.030050212517380714 0.018918167799711227 -0.10049654543399811
v 0.029331248253583908 0.018813880160450935 -0.10076925903558731
v 0.02946489490568638 0.02135643921792507 -0.10001209378242493
v 0.028751740232110023 0.021230412647128105 -0.10028586536645889
v 0.028672397136688232 0.023600010201334953 -0.099116750061512
v 0.027967536821961403 0.023452598601579666 -0.09939426183700562
v 0.027694808319211006 0.02558455988764763 -0.09783600270748138
v 0.027000905945897102 0.025416364893317223 -0.09812022000551224
v 0.026580050587654114 0.0272124744951725 -0.09623368084430695
v 0.02589970827102661 0.027024924755096436 -0.09652772545814514
v 0.025359472259879112 0.028438612818717957 -0.09435621649026871
v 0.024695411324501038 0.028233740478754044 -0.09466344118118286
v 0.024048592895269394 0.027748245745897293 -0.09481879323720932
v 0.02520468272268772 0.02658211812376976 -0.09662278741598129
v 0.026262475177645683 0.025029757991433144 -0.0981641560792923
v 0.027191486209630966 0.023134110495448112 -0.09939765185117722
v 0.027945473790168762 0.020988617092370987 -0.10026130080223083
v 0.0285028088837862 0.018655240535736084 -0.10073009878396988
v 0.02883751504123211 0.016237400472164154 -0.10078073292970657
v 0.028907813131809235 0.014181909151375294 -0.10048529505729675
v 0.015419358387589455 0.02998785860836506 -0.08912760019302368
v 0.015351226553320885 0.0299821924418211 -0.08915913105010986
v 0.018820496276021004 0.02857033908367157 -0.09509462863206863
v 0.01548731792718172 0.02999080717563629 -0.0890953317284584
v 0.019485149532556534 0.028505971655249596 -0.09469082206487656
v 0.016239453107118607 0.029829084873199463 -0.08886255323886871
v 0.01757492683827877 0.028720347210764885 -0.08903960883617401
v 0.01739921234548092 0.028939642012119293 -0.0889635682106018
v 0.020047292113304138 0.028155013918876648 -0.09427876770496368
v 0.01724071614444256 0.02911342680454254 -0.088912233710289
v 0.016890697181224823 0.029431896284222603 -0.08884578198194504
v 0.01647135056555271 0.029714548960328102 -0.08883725106716156
v 0.0204213447868824 0.027570893988013268 -0.09392119944095612
v 0.020550355315208435 0.026842547580599785 -0.09367255121469498
v 0.01807263307273388 0.027850879356265068 -0.08943347632884979
v 0.01887739636003971 0.02854611538350582 -0.09519422054290771
v 0.01952034793794155 0.028489425778388977 -0.09480342268943787
v 0.020108476281166077 0.02812611311674118 -0.09436845779418945
v 0.020488277077674866 0.027509549632668495 -0.09399253129959106
v 0.02059941552579403 0.026822147890925407 -0.09375637769699097
v 0.018033497035503387 0.01909012719988823 -0.08737246692180634
v 0.017349127680063248 0.01925584487617016 -0.08668103814125061
v 0.01640809141099453 0.019327884539961815 -0.08639269322156906
v 0.01543950941413641 0.01928870938718319 -0.08657760918140411
v 0.020742015913128853 0.027729131281375885 -0.09687085449695587
v 0.025462239980697632 0.013380595482885838 -0.10296458005905151
v 0.0257217139005661 0.013472937047481537 -0.10273014008998871
v 0.0256172064691782 0.015797721222043037 -0.10307291150093079
v 0.02598586305975914 0.013644261285662651 -0.1023714542388916
v 0.0261287372559309 0.013819873332977295 -0.10204523801803589
v 0.026028109714388847 0.015882954001426697 -0.10233860462903976
v 0.0216147992759943 0.02681638114154339 -0.09587052464485168
v 0.021657826378941536 0.02616753987967968 -0.09551633894443512
v 0.022697346284985542 0.02571031264960766 -0.09757493436336517
v 0.022638125345110893 0.025171129032969475 -0.0970577597618103
v 0.02368769235908985 0.024241626262664795 -0.09903014451265335
v 0.023602871224284172 0.02374732866883278 -0.09847403317689896
v 0.024557439610362053 0.022450720891356468 -0.10019414871931076
v 0.02426311932504177 0.022430749610066414 -0.09936555474996567
v 0.025263303890824318 0.02042565867304802 -0.10100886225700378
v 0.025079362094402313 0.020168760791420937 -0.10032360255718231
v 0.025785058736801147 0.018224630504846573 -0.10145103186368942
v 0.025470411404967308 0.01860000006854534 -0.10067237913608551
v 0.026098428294062614 0.015944717451930046 -0.10149894654750824
v 0.02586147002875805 0.01597103662788868 -0.10078029334545135
v 0.026209212839603424 0.014122785069048405 -0.10152783989906311
v 0.025938833132386208 0.014697455801069736 -0.10063044726848602
v 0.025002330541610718 0.015711909160017967 -0.10354020446538925
v 0.025105226784944534 0.013320354744791985 -0.10318560153245926
v 0.021295160055160522 0.02739504911005497 -0.09636026620864868
v 0.022436566650867462 0.026226073503494263 -0.09816887974739075
v 0.023481572046875954 0.024672172963619232 -0.09971379488706589
v 0.0243998933583498 0.022776059806346893 -0.10095017403364182
v 0.02514554373919964 0.02063106559216976 -0.10181605070829391
v 0.025696897879242897 0.01829899474978447 -0.10228661447763443
v 0.02191738225519657 0.026515644043684006 -0.09874752908945084
v 0.022993700578808784 0.024904025718569756 -0.10035015642642975
v 0.023939691483974457 0.022938573732972145 -0.10163246840238571
v 0.024707892909646034 0.020715968683362007 -0.10253048688173294
v 0.025275956839323044 0.0183001309633255 -0.1030186265707016
v 0.024659935384988785 0.018236208707094193 -0.10348618030548096
v 0.024089839309453964 0.02067423239350319 -0.10299493372440338
v 0.02331867814064026 0.02291887439787388 -0.10209022462368011
v 0.022368716076016426 0.024905968457460403 -0.10079736262559891
v 0.021287422627210617 0.02653801068663597 -0.0991801768541336
v 0.020106030628085136 0.027770115062594414 -0.09728467464447021
v -0.017333004623651505 0.030169639736413956 -0.0889829769730568
v -0.017400722950696945 0.030176086351275444 -0.08895071595907211
v -0.02088201232254505 0.02879803627729416 -0.09488065540790558
v -0.017468292266130447 0.030179811641573906 -0.08891771733760834
v -0.021542970091104507 0.028741272166371346 -0.09446970373392105
v -0.020081475377082825 0.028069697320461273 -0.0892278403043747
v -0.022616146132349968 0.02709011174738407 -0.09343990683555603
v -0.02001781202852726 0.028208190575242043 -0.08915691822767258
v -0.02248147688806057 0.02781694568693638 -0.09368997812271118
v -0.022104626521468163 0.028396759182214737 -0.09405159205198288
v -0.019396819174289703 0.0291435569524765 -0.08876751363277435
v -0.01957319676876068 0.02892870269715786 -0.08884114772081375
v -0.01816069893538952 0.030050452798604965 -0.08868721127510071
v -0.01845240220427513 0.029914941638708115 -0.08864905685186386
v -0.019075095653533936 0.02946968376636505 -0.08868106454610825
v -0.020931752398610115 0.02877797931432724 -0.09496518224477768
v -0.02157111093401909 0.028728552162647247 -0.09456764906644821
v -0.022158881649374962 0.02837185375392437 -0.0941268801689148
v -0.022542070597410202 0.027759507298469543 -0.09374763816595078
v -0.02265901118516922 0.027073228731751442 -0.09351105242967606
v -0.01751610077917576 0.019477713853120804 -0.08639999479055405
v -0.01848212070763111 0.019527984783053398 -0.0862046554684639
v -0.020120611414313316 0.019308945164084435 -0.08716683089733124
v -0.019426973536610603 0.019466759636998177 -0.08648283779621124
v -0.023697931319475174 0.02708139270544052 -0.09561607241630554
v -0.02803238481283188 0.01853579841554165 -0.10116073489189148
v -0.02821824885904789 0.015008052811026573 -0.10033856332302094
v -0.028372835367918015 0.016257576644420624 -0.10120543837547302
v -0.0284431129693985 0.014690415002405643 -0.10082532465457916
v -0.027291573584079742 0.020473197102546692 -0.10004013031721115
v -0.027645623311400414 0.019165748730301857 -0.10034390538930893
v -0.0278091412037611 0.018415052443742752 -0.10044852644205093
v -0.027479851618409157 0.020732512697577477 -0.10072333365678787
v -0.02674095332622528 0.0227506086230278 -0.09991477429866791
v -0.02643708698451519 0.022728752344846725 -0.09908820688724518
v -0.02583690732717514 0.02453201450407505 -0.09875814616680145
v -0.025752007961273193 0.024036332964897156 -0.09820327162742615
v -0.024812722578644753 0.02598903514444828 -0.09731123596429825
v -0.02461331896483898 0.02561080828309059 -0.09658677875995636
v -0.02374497801065445 0.026432756334543228 -0.09526202827692032
v -0.02791031263768673 0.01610521599650383 -0.10278446972370148
v -0.02807437628507614 0.013799792155623436 -0.10239890217781067
v -0.02742808125913143 0.013621639460325241 -0.10290247946977615
v -0.02730153687298298 0.016012385487556458 -0.10325835645198822
v -0.026929154992103577 0.018534859642386436 -0.10320784151554108
v -0.027539324015378952 0.0186057947576046 -0.10273367911577225
v -0.026324959471821785 0.020968196913599968 -0.10272178798913956
v -0.0269374530762434 0.02101694419980049 -0.10225073248147964
v -0.025517186149954796 0.023205244913697243 -0.10182377696037292
v -0.026132967323064804 0.023231973871588707 -0.10135938227176666
v -0.024529172107577324 0.025181978940963745 -0.10053893178701401
v -0.02514929510653019 0.025187090039253235 -0.1000850722193718
v -0.023410305380821228 0.02680128812789917 -0.09893077611923218
v -0.024035803973674774 0.02678602747619152 -0.09849143028259277
v -0.02219306118786335 0.028018420562148094 -0.09704529494047165
v -0.022825010120868683 0.027984613552689552 -0.09662476927042007
v -0.02337661385536194 0.027656661346554756 -0.09610863775014877
v -0.02455217018723488 0.026502154767513275 -0.09790751338005066
v -0.02563302405178547 0.02496057003736496 -0.0994436964392662
v -0.026587698608636856 0.023074496537446976 -0.10067225992679596
v -0.027368364855647087 0.020936856046319008 -0.10153166949748993
v -0.027952350676059723 0.018609346821904182 -0.10199719667434692
v -0.02831227518618107 0.01619509421288967 -0.10204577445983887
v -0.028440214693546295 0.014145680703222752 -0.10172826051712036
v -0.02244754694402218 0.030874870717525482 -0.08607621490955353
v -0.022509317845106125 0.030886352062225342 -0.08603473752737045
v -0.026058325543999672 0.029514748603105545 -0.09193240851163864
v -0.02539869025349617 0.029275136068463326 -0.09227362275123596
v -0.022216780111193657 0.030803296715021133 -0.08623788505792618
v -0.022385789081454277 0.030860688537359238 -0.08611688017845154
v -0.021586259827017784 0.03001379407942295 -0.08710789680480957
v -0.021750558167696 0.03039957769215107 -0.08675018697977066
v -0.02192339301109314 0.03060995228588581 -0.08651609718799591
v -0.02484080381691456 0.02877560816705227 -0.09249316900968552
v -0.024469595402479172 0.028092222288250923 -0.09255760908126831
v -0.021528063341975212 0.029509449377655983 -0.0875021293759346
v -0.024341583251953125 0.027329016476869583 -0.09245716035366058
v -0.02180691435933113 0.028308600187301636 -0.08824509382247925
v -0.021601703017950058 0.02892177924513817 -0.08789516985416412
v -0.026118634268641472 0.029491471126675606 -0.09203021228313446
v -0.0254792682826519 0.029265088960528374 -0.09236078709363937
v -0.024891560897231102 0.028745796531438828 -0.09258885681629181
v -0.02450852282345295 0.028027571737766266 -0.09264501184225082
v -0.02439177595078945 0.02730918489396572 -0.0925404503941536
v -0.021571548655629158 0.019775284454226494 -0.08521211892366409
v -0.0217970572412014 0.01999054104089737 -0.0843014046549797
v -0.022433597594499588 0.020158590748906136 -0.08359915763139725
v -0.026762640103697777 0.02852325700223446 -0.09439731389284134
v -0.032412461936473846 0.014327092096209526 -0.10004027187824249
v -0.032066695392131805 0.014339090324938297 -0.10014571249485016
v -0.03194176405668259 0.016662893816828728 -0.10048829764127731
v -0.031598079949617386 0.014412764459848404 -0.10019822418689728
v -0.03121660090982914 0.014518150128424168 -0.10016598552465439
v -0.03110055811703205 0.01658065989613533 -0.10045766085386276
v -0.02566639892756939 0.02734794281423092 -0.0945088192820549
v -0.02547653391957283 0.026666870340704918 -0.09428885579109192
v -0.02678278647363186 0.02625487558543682 -0.09619972109794617
v -0.02648475021123886 0.025681862607598305 -0.09581956267356873
v -0.027808014303445816 0.02479807287454605 -0.0976426973938942
v -0.027480974793434143 0.024269308894872665 -0.09722527116537094
v -0.02871277928352356 0.02301761507987976 -0.09879598766565323
v -0.028165850788354874 0.022960444912314415 -0.09810954332351685
v -0.029452135786414146 0.021001052111387253 -0.09960201382637024
v -0.029018262401223183 0.020708026364445686 -0.0990585908293724
v -0.030004957690835 0.0188063345849514 -0.10003776848316193
v -0.029431013390421867 0.019143875688314438 -0.09940303862094879
v -0.0303456149995327 0.01653026044368744 -0.10008177906274796
v -0.029853342100977898 0.0165195744484663 -0.09950657188892365
v -0.030679741874337196 0.014737708494067192 -0.0999942272901535
v -0.029943685978651047 0.01524695660918951 -0.09935581684112549
v -0.032660111784935 0.016753816977143288 -0.10020630806684494
v -0.032789263874292374 0.01436394453048706 -0.09984895586967468
v -0.02612284943461418 0.028030576184391975 -0.09455922991037369
v -0.0273102056235075 0.02687670849263668 -0.0963478609919548
v -0.028400762006640434 0.02533654123544693 -0.09787493944168091
v -0.02936328761279583 0.02345244400203228 -0.09909595549106598
v -0.0301499105989933 0.02131718210875988 -0.09994956105947495
v -0.0307381022721529 0.01899232342839241 -0.10041110962629318
v -0.0279992762953043 0.027327222749590874 -0.09624560177326202
v -0.029134362936019897 0.02573135867714882 -0.09782325476408005
v -0.030135661363601685 0.023779602721333504 -0.09908432513475418
v -0.030953632667660713 0.021568046882748604 -0.09996549785137177
v -0.03156507387757301 0.01916036754846573 -0.1004413589835167
v -0.03227982670068741 0.019272854551672935 -0.10016091167926788
v -0.03166232630610466 0.021702183410525322 -0.09968407452106476
v -0.030835790559649467 0.02393501251935959 -0.09879925101995468
v -0.029823243618011475 0.025907404720783234 -0.09753161668777466
v -0.02867429330945015 0.027522455900907516 -0.09594430029392242
v -0.027421068400144577 0.028735632076859474 -0.0940830335021019
v -0.024915257468819618 0.036568533629179 -0.013892394490540028
v -0.02949202060699463 0.03694399818778038 -0.0036497251130640507
v -0.029144104570150375 0.036988042294979095 -0.003458471270278096
v -0.0277080200612545 0.03733131289482117 -0.009029404260218143
v 0.026668861508369446 0.037019457668066025 -0.009322467260062695
v 0.028160875663161278 0.03665939345955849 -0.003767315298318863
v 0.02850618213415146 0.03661137446761131 -0.003962305374443531
v 0.023815281689167023 0.03628905862569809 -0.014155026525259018
v 0.04619140550494194 0.02718288078904152 -0.05243783816695213
v 0.046178288757801056 0.026724938303232193 -0.05438466742634773
v 0.047332584857940674 0.027201702818274498 -0.05244995653629303
v 0.04731946811079979 0.026743760332465172 -0.05439678207039833
v 0.0523792989552021 0.02621060609817505 -0.05430546775460243
v 0.04833781346678734 0.03465597704052925 -0.05626479536294937
v 0.052392419427633286 0.026668548583984375 -0.05235864222049713
v 0.027847236022353172 0.013609246350824833 -0.10175017267465591
v 0.02328786812722683 0.017878372222185135 -0.09242351353168488
v 0.02154931239783764 0.01765933446586132 -0.09338758885860443
v 0.02607729658484459 0.016369430348277092 -0.09711096435785294
v 0.02433873899281025 0.016150392591953278 -0.09807503968477249
v 0.02547040954232216 0.01860000006854534 -0.10067237913608551
v -0.030150964856147766 0.01394187193363905 -0.10143759101629257
v -0.023717235773801804 0.017918942496180534 -0.09314362704753876
v -0.02544267289340496 0.018157847225666046 -0.09216088056564331
v -0.02657414600253105 0.01644238270819187 -0.09780064970254898
v -0.028299584984779358 0.016681287437677383 -0.09681789577007294
v -0.021846050396561623 0.019547849893569946 -0.08618408441543579
v -0.04568403959274292 0.03750161826610565 -0.058355219662189484
v -0.038665760308504105 0.03746137022972107 -0.05839304253458977
v -0.03867114335298538 0.037477217614650726 -0.058319635689258575
v -0.040667224675416946 0.03598398342728615 -0.055977411568164825
v -0.045679617673158646 0.03601273149251938 -0.05595039948821068
v -0.04054788500070572 0.0360981822013855 -0.056008707731962204
v -0.045677024871110916 0.03692479431629181 -0.05644021928310394
v -0.03867638111114502 0.037490297108888626 -0.05824567750096321
v -0.03885432332754135 0.03747362643480301 -0.05752640590071678
v -0.04567864537239075 0.037469763308763504 -0.05732044577598572
v -0.03894059732556343 0.037427421659231186 -0.05734461545944214
v -0.0456773079931736 0.03725522384047508 -0.05684445798397064
v -0.039422761648893356 0.037086792290210724 -0.05668933317065239
v -0.03967699408531189 0.0368800051510334 -0.05646286532282829
v -0.04577285796403885 0.03725039213895798 -0.05683579668402672
v -0.04576767235994339 0.036685723811388016 -0.056247055530548096
v -0.04576438292860985 0.03601289540529251 -0.055949866771698
v -0.045784153044223785 0.037501584738492966 -0.05835558474063873
v -0.045778822153806686 0.03753310814499855 -0.057601865381002426
v -0.03872419148683548 0.026788201183080673 -0.05572795495390892
v -0.03903255611658096 0.02700418047606945 -0.05481573939323425
v -0.03975163772702217 0.02716200053691864 -0.05415855348110199
v -0.04070636257529259 0.02722323127090931 -0.05391640216112137
v -0.04805891588330269 0.036466848105192184 -0.05618210509419441
v -0.054067544639110565 0.03334219008684158 -0.055411048233509064
v -0.05559919402003288 0.030078958719968796 -0.05448778346180916
v -0.055521927773952484 0.031616147607564926 -0.05499618127942085
v -0.05592004209756851 0.02939099818468094 -0.054323796182870865
v -0.05660779029130936 0.029634470120072365 -0.054523393511772156
v -0.05671457573771477 0.02614162303507328 -0.05355411022901535
v -0.05727120861411095 0.02749265544116497 -0.05401551350951195
v -0.05730077624320984 0.025932522490620613 -0.05358637124300003
v -0.051874205470085144 0.034202273935079575 -0.05548278987407684
v -0.05322546511888504 0.033164072781801224 -0.05522947385907173
v -0.0535430870950222 0.03286631777882576 -0.05515729635953903
v -0.05228504166007042 0.03476567566394806 -0.05575668439269066
v -0.05025961250066757 0.03581808879971504 -0.056016407907009125
v -0.04963568598031998 0.035323139280080795 -0.05576153099536896
v -0.04791392385959625 0.035803474485874176 -0.05588611960411072
v -0.05840051546692848 0.02743583358824253 -0.05522022396326065
v -0.05862066149711609 0.025174222886562347 -0.05462953820824623
v -0.058757487684488297 0.02493196167051792 -0.055420491844415665
v -0.05851394310593605 0.0272806528955698 -0.05597301945090294
v -0.05778082460165024 0.02965281903743744 -0.05653095617890358
v -0.05767223984003067 0.02978697419166565 -0.05577448755502701
v -0.056580666452646255 0.031849272549152374 -0.05704721435904503
v -0.05648031085729599 0.03196262568235397 -0.05628803372383118
v -0.05497271940112114 0.0337645523250103 -0.05749666690826416
v -0.05488402396440506 0.03385789692401886 -0.05673585087060928
v -0.05300121009349823 0.03534689545631409 -0.05786667391657829
v -0.05292787775397301 0.03542126715183258 -0.0571054145693779
v -0.050759874284267426 0.036520298570394516 -0.058138903230428696
v -0.05070556700229645 0.03657754510641098 -0.05737855285406113
v -0.04832307621836662 0.037248410284519196 -0.0583043172955513
v -0.04829150810837746 0.03729105740785599 -0.05754642188549042
v -0.04819810763001442 0.03702057898044586 -0.05677429959177971
v -0.050528768450021744 0.03633522614836693 -0.05660523474216461
v -0.0526747889816761 0.03522180765867233 -0.056335560977458954
v -0.05456412583589554 0.033714670687913895 -0.05597382411360741
v -0.05610612407326698 0.03188635781407356 -0.05553761497139931
v -0.05725764110684395 0.029786664992570877 -0.055038996040821075
v -0.057961270213127136 0.027516961097717285 -0.05450216308236122
v -0.05816923454403877 0.02550554648041725 -0.05400529131293297
v -0.038632772862911224 0.0388166718184948 -0.052625272423028946
v -0.038626402616500854 0.03883519023656845 -0.05255257710814476
v -0.04564468190073967 0.03887544199824333 -0.052514754235744476
v -0.038638994097709656 0.03879543021321297 -0.052697233855724335
v -0.038852255791425705 0.0384233333170414 -0.053377024829387665
v -0.04565240442752838 0.03838564455509186 -0.053426798433065414
v -0.038913413882255554 0.038339730352163315 -0.053470809012651443
v -0.03954113647341728 0.03758857399225235 -0.05396505445241928
v -0.04565650597214699 0.037981417030096054 -0.05375721678137779
v -0.039653461426496506 0.037465035915374756 -0.054005902260541916
v -0.045660391449928284 0.037505436688661575 -0.053971752524375916
v -0.04566649720072746 0.036470670253038406 -0.05400357022881508
v -0.04065410792827606 0.036441925913095474 -0.054030586034059525
v -0.045761894434690475 0.03887587785720825 -0.05251283198595047
v -0.04576610028743744 0.03856814652681351 -0.053201619535684586
v -0.04576847702264786 0.03797358274459839 -0.05376141518354416
v -0.045768216252326965 0.03720565140247345 -0.054036788642406464
v -0.04576575383543968 0.03647080436348915 -0.05400293320417404
v -0.040693242102861404 0.027681173756718636 -0.05196957662701607
v -0.039735324680805206 0.027731437236070633 -0.05173773318529129
v -0.03900744020938873 0.02788095735013485 -0.05108834430575371
v -0.03868680074810982 0.028093332424759865 -0.050179511308670044
v -0.048275817185640335 0.038331545889377594 -0.05311065912246704
v -0.058696895837783813 0.026267077773809433 -0.049785979092121124
v -0.05861048027873039 0.0262230783700943 -0.05013430118560791
v -0.058369968086481094 0.028505345806479454 -0.05067126080393791
v -0.05840560048818588 0.026208914816379547 -0.05056525766849518
v -0.0581667460501194 0.026232948526740074 -0.050881240516901016
v -0.05794019252061844 0.028256580233573914 -0.051355745643377304
v -0.0480569526553154 0.03698515146970749 -0.05396753177046776
v -0.04791294410824776 0.036259040236473083 -0.05393865332007408
v -0.05025504529476166 0.03633549436926842 -0.053798165172338486
v -0.04989870265126228 0.035675596445798874 -0.05378803238272667
v -0.05227755755186081 0.03528307005763054 -0.05353550240397453
v -0.05186806619167328 0.03465566411614418 -0.053534846752882004
v -0.05405746027827263 0.033860232681035995 -0.05318760499358177
v -0.05321763828396797 0.03361724689602852 -0.05328149348497391
v -0.05550961196422577 0.0321354977786541 -0.0527711883187294
v -0.054893456399440765 0.03170226886868477 -0.05281974747776985
v -0.05659382790327072 0.030155612155795097 -0.05229749530553818
v -0.05570235103368759 0.03030215948820114 -0.05248495936393738
v -0.05725634843111038 0.028015848249197006 -0.051789309829473495
v -0.05652733892202377 0.027842197567224503 -0.05190075561404228
v -0.05770942568778992 0.0263216495513916 -0.05126752331852913
v -0.056701455265283585 0.026599563658237457 -0.05160728469491005
v -0.05847330391407013 0.02870233543217182 -0.04992685839533806
v -0.058716725558042526 0.026354849338531494 -0.04937143996357918
v -0.04819098860025406 0.03774508088827133 -0.05368245393037796
v -0.05051881819963455 0.03706144914031029 -0.053498122841119766
v -0.05266168341040611 0.035950299352407455 -0.0532156303524971
v -0.05454820394515991 0.03444572538137436 -0.05284350365400314
v -0.05608779564499855 0.03262024745345116 -0.052399490028619766
v -0.05723753571510315 0.03052349016070366 -0.05189550295472145
v -0.05068683624267578 0.037623435258865356 -0.05291164293885231
v -0.052905790507793427 0.03647257760167122 -0.05261218175292015
v -0.054858941584825516 0.03491438180208206 -0.052221156656742096
v -0.056452676653862 0.03302399814128876 -0.051757004112005234
v -0.057642728090286255 0.030852774158120155 -0.05123202130198479
v -0.05774123966693878 0.03107018955051899 -0.0504937618970871
v -0.05654300004243851 0.03326120227575302 -0.05102568864822388
v -0.05493767186999321 0.03517017886042595 -0.05149742215871811
v -0.05296923592686653 0.03674549236893654 -0.051896702498197556
v -0.0507313571870327 0.03791121393442154 -0.05220484733581543
v -0.04829771816730499 0.038631241768598557 -0.05241285264492035
v -0.05882059410214424 0.025609247386455536 -0.05238737165927887
v -0.04781879857182503 0.027264023199677467 -0.053878068923950195
v -0.047805678099393845 0.027721963822841644 -0.051931243389844894
v -0.0534668043255806 0.026923324912786484 -0.0537598691880703
v -0.05345368757843971 0.02738126553595066 -0.051813043653964996
v -0.029724767431616783 0.00656648026779294 0.08647416532039642
v -0.03268136829137802 0.006076327990740538 0.08660938590765
v -0.032679758965969086 0.006019532214850187 0.08643854409456253
v -0.0297080185264349 0.0063485270366072655 0.08604542165994644
v -0.03267298638820648 0.005937150213867426 0.08628679066896439
v -0.03265436366200447 0.005774382967501879 0.08609449118375778
v -0.02967839129269123 0.006123729515820742 0.08585156500339508
v -0.03263511881232262 0.0056335520930588245 0.08598678559064865
v -0.029654188081622124 0.005965604912489653 0.08577074855566025
v -0.0325925350189209 0.005362343043088913 0.08586783707141876
v -0.029613088816404343 0.005725191440433264 0.08570820093154907
v -0.029581265524029732 0.005556072108447552 0.08570048213005066
v -0.032503627240657806 0.004890208598226309 0.08585987240076065
v -0.029545536264777184 0.005380610004067421 0.08572458475828171
v -0.0326315313577652 0.017232436686754227 0.0839848518371582
v -0.02967946231365204 0.01670839823782444 0.08408822864294052
v -0.02967771515250206 0.016683058813214302 0.0839100182056427
v -0.032613806426525116 0.017236240208148956 0.08350394666194916
v -0.029670540243387222 0.016689082607626915 0.08373744040727615
v -0.02965088188648224 0.016748888418078423 0.08349272608757019
v -0.03258277475833893 0.01735079288482666 0.08323024958372116
v -0.02963057905435562 0.016826733946800232 0.08333362638950348
v -0.03255753964185715 0.01745612733066082 0.08308744430541992
v -0.029585639014840126 0.017016062512993813 0.08310633152723312
v -0.032514896243810654 0.017643136903643608 0.08292435854673386
v -0.032482028007507324 0.017790835350751877 0.08284211158752441
v -0.029491690918803215 0.017434149980545044 0.08288893103599548
v -0.03244525194168091 0.017958451062440872 0.08278550207614899
v -0.03276830166578293 0.017188040539622307 0.0881054699420929
v -0.029814744368195534 0.01666373573243618 0.08820889890193939
v -0.029788225889205933 0.016833137720823288 0.08815193921327591
v -0.03269675001502037 0.01761011965572834 0.08788727968931198
v -0.02976301498711109 0.016982225701212883 0.08806941658258438
v -0.029727965593338013 0.01717059686779976 0.08790604770183563
v -0.03265804797410965 0.01780053786933422 0.08765976876020432
v -0.029705852270126343 0.017276477068662643 0.08776315301656723
v -0.03263942897319794 0.01787869818508625 0.08750056475400925
v -0.02967708744108677 0.01739143207669258 0.08748938143253326
v -0.03262064605951309 0.01793864369392395 0.08725587278604507
v -0.032613590359687805 0.017944687977433205 0.08708331733942032
v -0.029659783467650414 0.01739530637860298 0.08700845390558243
v -0.03261185064911842 0.017919346690177917 0.08690507709980011
v -0.0328095518052578 0.007954305037856102 0.09027775377035141
v -0.03278408944606781 0.007777106948196888 0.09030233323574066
v -0.029851460829377174 0.008444706909358501 0.09014246612787247
v -0.029784992337226868 0.007968871854245663 0.09013552218675613
v -0.03275994211435318 0.00760674150660634 0.09029494225978851
v -0.032726455479860306 0.007365087512880564 0.09023276716470718
v -0.029748650267720222 0.007696610875427723 0.09001686424016953
v -0.03270537406206131 0.007206429727375507 0.0901520848274231
v -0.029731091111898422 0.007555535063147545 0.08990927785634995
v -0.032678019255399704 0.0069812568835914135 0.08995833247900009
v -0.029713347554206848 0.007392584811896086 0.08971697837114334
v -0.029706688597798347 0.007310174871236086 0.0895652025938034
v -0.03266168758273125 0.006763237062841654 0.0895296111702919
v -0.029705090448260307 0.007253389805555344 0.08939439058303833
v -0.02984975092113018 0.016424404457211494 0.08826543390750885
v -0.03282146900892258 0.01682845503091812 0.08819041401147842
v -0.029884327203035355 0.008684426546096802 0.09008629620075226
v -0.03285950422286987 0.008314481936395168 0.09019336849451065
v -0.02687632292509079 0.00769313657656312 0.0800260677933693
v -0.0269091185182333 0.006548282224684954 0.0751589983701706
v -0.026077277958393097 0.007479890249669552 0.08007083833217621
v -0.026110075414180756 0.006335035897791386 0.0752037763595581
v -0.025494202971458435 0.006906458176672459 0.08020179718732834
v -0.025527000427246094 0.0057616038247942924 0.07533472776412964
v -0.0252833291888237 0.0061264969408512115 0.08038384467363358
v -0.02531612478196621 0.004981642588973045 0.07551677525043488
v -0.025501161813735962 0.005348990671336651 0.08056820183992386
v -0.02553395740687847 0.004204136319458485 0.07570113241672516
v -0.02608932927250862 0.004782276228070259 0.08070547133684158
v -0.02612212672829628 0.0036374216433614492 0.07583840191364288
v -0.026890236884355545 0.00457820575684309 0.08075886964797974
v -0.026923034340143204 0.00343335117213428 0.07589180022478104
v -0.02430092915892601 -0.0001422747882315889 0.08185179531574249
v -0.02433372661471367 -0.0012871292419731617 0.07698472589254379
v -0.023501886054873466 -0.0003555213043000549 0.08189657330513
v -0.023534681648015976 -0.0015003758016973734 0.0770295038819313
v -0.022918811067938805 -0.0009289532317779958 0.08202752470970154
v -0.022951606661081314 -0.002073807641863823 0.07716046273708344
v -0.02270793728530407 -0.001708914409391582 0.08220957219600677
v -0.022740734741091728 -0.00285376887768507 0.07734250277280807
v -0.022925768047571182 -0.002486420562490821 0.08239392936229706
v -0.02295856550335884 -0.003631274914368987 0.07752685993909836
v -0.02351393550634384 -0.0030531317461282015 0.08253119885921478
v -0.0235467329621315 -0.004197985865175724 0.07766412943601608
v -0.024314844980835915 -0.003257205942645669 0.08258459717035294
v -0.024347640573978424 -0.004402060527354479 0.07771752774715424
v -0.024194324389100075 0.02372150681912899 0.07623772323131561
v -0.024227121844887733 0.022576652467250824 0.07137065380811691
v -0.02339528128504753 0.023508256301283836 0.07628250122070312
v -0.02342807874083519 0.02236340194940567 0.07141543179750443
v -0.02281220629811287 0.022934826090931892 0.07641345262527466
v -0.02284500189125538 0.021789971739053726 0.07154639065265656
v -0.022601332515478134 0.02215486392378807 0.0765955001115799
v -0.022634129971265793 0.021010009571909904 0.07172843813896179
v -0.022819163277745247 0.021377358585596085 0.07677985727787018
v -0.022851960733532906 0.02023250423371792 0.07191278785467148
v -0.023407332599163055 0.020810645073652267 0.0769171267747879
v -0.023440128192305565 0.0196657907217741 0.0720500573515892
v -0.02420824021100998 0.020606573671102524 0.07697052508592606
v -0.02424103580415249 0.019461719319224358 0.07210346311330795
v -0.026839589700102806 0.01591603457927704 0.0780915915966034
v -0.026872385293245316 0.014771180227398872 0.0732245221734047
v -0.026040544733405113 0.015702787786722183 0.07813636213541031
v -0.026073342189192772 0.014557933434844017 0.0732693001627922
v -0.02545746974647045 0.01512935571372509 0.07826732099056244
v -0.02549026720225811 0.013984501361846924 0.07340025156736374
v -0.025246594101190567 0.014349394477903843 0.07844936847686768
v -0.025279391556978226 0.013204540126025677 0.07358229905366898
v -0.025464428588747978 0.013571888208389282 0.07863372564315796
v -0.025497224181890488 0.012427033856511116 0.07376665621995926
v -0.026052596047520638 0.013005177490413189 0.07877098768949509
v -0.026085393503308296 0.011860323138535023 0.07390392571687698
v -0.02685350365936756 0.012801103293895721 0.07882439345121384
v -0.02688630111515522 0.011656248942017555 0.07395732402801514
v -0.05882929265499115 0.023662414401769638 -0.05192936956882477
v -0.05983361229300499 0.022694731131196022 -0.05169498175382614
v -0.057789094746112823 0.02106516994535923 -0.0629497542977333
v -0.05877547711133957 0.020052704960107803 -0.06290537118911743
v -0.05456003174185753 0.01855495013296604 -0.07355865091085434
v -0.05549073964357376 0.017499206587672234 -0.07369717955589294
v -0.04926619678735733 0.01622822694480419 -0.083348348736763
v -0.050105635076761246 0.015132367610931396 -0.08365567028522491
v -0.042111027985811234 0.014174412004649639 -0.09194265305995941
v -0.042827095836400986 0.013043142855167389 -0.09239814430475235
v -0.03336948901414871 0.012472433969378471 -0.09901127219200134
v -0.03393484652042389 0.011311819776892662 -0.09958864003419876
v -0.023377522826194763 0.01118769496679306 -0.10428258776664734
v -0.02377060428261757 0.010004932060837746 -0.10495083034038544
v -0.012519109062850475 0.010369572788476944 -0.10755400359630585
v -0.012724976055324078 0.009172703139483929 -0.10827865451574326
v -0.0012115311110392213 0.010049502365291119 -0.10869981348514557
v -0.0012224388774484396 0.008847116492688656 -0.10944420844316483
v 0.01011066697537899 0.010239788331091404 -0.10767596960067749
v 0.010294970124959946 0.009040681645274162 -0.10840272158384323
v 0.021012380719184875 0.01093311421573162 -0.10452182590961456
v 0.021384643390774727 0.009745961986482143 -0.10519419610500336
v 0.031074658036231995 0.012102839536964893 -0.09935859590768814
v 0.03162040933966637 0.010935853235423565 -0.09994194656610489
v 0.03991082310676575 0.013704007491469383 -0.0923847034573555
v 0.04060891643166542 0.012564627453684807 -0.09284781664609909
v 0.04718129336833954 0.01567509025335312 -0.08386814594268799
v 0.048004746437072754 0.014569693244993687 -0.084184430539608
v 0.052606675773859024 0.0179403368383646 -0.07413621991872787
v 0.05352366715669632 0.016873996704816818 -0.07428470999002457
v 0.055978477001190186 0.02041270025074482 -0.06356289982795715
v 0.05695360153913498 0.019388984888792038 -0.06352908909320831
v 0.057167112827301025 0.022997161373496056 -0.05255453288555145
v 0.058162737637758255 0.022018007934093475 -0.05233091861009598
v -0.02365977317094803 0.03275538608431816 -0.07199836522340775
v -0.023644987493753433 0.0360649973154068 -0.07277696579694748
v -0.024071522057056427 0.032414235174655914 -0.07345631718635559
v -0.02405673824250698 0.03572384640574455 -0.07423491775989532
v -0.025176767259836197 0.03216910362243652 -0.07451927661895752
v -0.02516198344528675 0.03547871857881546 -0.07529787719249725
v -0.026679357513785362 0.03208567574620247 -0.07490243762731552
v -0.026664571836590767 0.035395290702581406 -0.07568103820085526
v -0.028176674619317055 0.03218631073832512 -0.0745031088590622
v -0.02816189080476761 0.03549592196941376 -0.07528170943260193
v -0.029267514124512672 0.03244403377175331 -0.07342831790447235
v -0.029252730309963226 0.03575364872813225 -0.07420691847801208
v -0.029659586027264595 0.032789792865514755 -0.0719660297036171
v -0.02964480221271515 0.03609940782189369 -0.07274463027715683
v -0.025279328227043152 0.03258146718144417 -0.07276839762926102
v -0.025868793949484825 0.032450731843709946 -0.07333531230688095
v -0.026670172810554504 0.03240623697638512 -0.07353965938091278
v -0.027468742802739143 0.03245990723371506 -0.07332668453454971
v -0.02805052325129509 0.03259735926985741 -0.07275346666574478
v -0.028259629383683205 0.03278176486492157 -0.07197357714176178
v -0.028040029108524323 0.03296371176838875 -0.07119600474834442
v -0.029247835278511047 0.033130943775177 -0.07050808519124985
v -0.0274505652487278 0.03309444710612297 -0.07062909007072449
v -0.028142591938376427 0.03337607532739639 -0.06944511830806732
v -0.02664918266236782 0.0331389419734478 -0.07042474299669266
v -0.026639999821782112 0.03345949947834015 -0.06906196475028992
v -0.02585061639547348 0.03308527171611786 -0.07063771039247513
v -0.02514268457889557 0.0333588682115078 -0.06946128606796265
v -0.025268834084272385 0.03294781967997551 -0.07121093571186066
v -0.02405184507369995 0.033101145178079605 -0.07053608447313309
v -0.02505972981452942 0.032763414084911346 -0.07199081778526306
v -0.0250710342079401 0.03023253194987774 -0.07139541953802109
v -0.025290634483098984 0.03005058318376541 -0.07217299938201904
v -0.025880100205540657 0.02991984784603119 -0.07273990660905838
v -0.026681479066610336 0.02987535297870636 -0.07294425368309021
v -0.027480049058794975 0.0299290232360363 -0.07273128628730774
v -0.02806182950735092 0.0300664771348238 -0.07215806096792221
v -0.028270935639739037 0.030250882729887962 -0.07137817144393921
v -0.015163256786763668 0.030747976154088974 -0.08036993443965912
v -0.015148472040891647 0.03405759111046791 -0.08114853501319885
v -0.01557500846683979 0.030406827107071877 -0.08182787895202637
v -0.01556022372096777 0.033716440200805664 -0.0826064869761467
v -0.01668025180697441 0.030161695554852486 -0.08289084583520889
v -0.016665467992424965 0.03347130864858627 -0.08366945385932922
v -0.018182842060923576 0.03007827140390873 -0.0832739919424057
v -0.01816805638372898 0.03338788449764252 -0.08405259251594543
v -0.019680161029100418 0.030178900808095932 -0.08287467807531357
v -0.019665375351905823 0.03348851576447487 -0.0836532860994339
v -0.020770998671650887 0.030436627566814423 -0.08179987967014313
v -0.02075621485710144 0.03374624252319336 -0.08257848024368286
v -0.02116307057440281 0.030782386660575867 -0.08033759891986847
v -0.021148286759853363 0.0340920016169548 -0.0811161994934082
v -0.018972229212522507 0.03045249730348587 -0.08169825375080109
v -0.019554011523723602 0.03058995120227337 -0.08112502843141556
v -0.019763115793466568 0.030774356797337532 -0.08034514635801315
v -0.019543515518307686 0.03095630556344986 -0.0795675665140152
v -0.02075132168829441 0.031123537570238113 -0.07887964695692062
v -0.018954049795866013 0.031087040901184082 -0.07900065183639526
v -0.01964607648551464 0.031368665397167206 -0.0778166875243187
v -0.018152669072151184 0.03113153576850891 -0.07879630476236343
v -0.018143486231565475 0.03145209327340126 -0.0774335265159607
v -0.017354100942611694 0.03107786551117897 -0.0790092796087265
v -0.016646169126033783 0.03135146200656891 -0.07783285528421402
v -0.0167723186314106 0.03094041347503662 -0.07958249747753143
v -0.015555329620838165 0.031093737110495567 -0.07890764623880386
v -0.016563214361667633 0.03075600601732731 -0.08036238700151443
v -0.016782814636826515 0.03057405911386013 -0.0811399593949318
v -0.01737227849662304 0.03044332191348076 -0.08170688152313232
v -0.018173659220337868 0.03039882890880108 -0.08191122114658356
v -0.016574520617723465 0.0282251238822937 -0.07976698875427246
v -0.016794119030237198 0.028043176978826523 -0.08054456114768982
v -0.01738358475267887 0.02791243977844715 -0.08111147582530975
v -0.0181849654763937 0.02786794677376747 -0.08131582289934158
v -0.01898353360593319 0.027921615168452263 -0.08110285550355911
v -0.019565315917134285 0.02805906906723976 -0.08052962273359299
v -0.0197744220495224 0.028243474662303925 -0.07974974066019058
v -0.02813577465713024 0.03811018168926239 -0.049321677535772324
v -0.028120990842580795 0.04141979664564133 -0.05010027810931206
v -0.02854752540588379 0.03776903077960014 -0.05077962204813957
v -0.028532739728689194 0.04107864573597908 -0.051558226346969604
v -0.02965277060866356 0.03752389922738075 -0.0518425889313221
v -0.029637984931468964 0.04083351418375969 -0.05262119323015213
v -0.031155360862612724 0.037440475076436996 -0.0522257424890995
v -0.03114057518541813 0.04075009003281593 -0.053004343062639236
v -0.03265267610549927 0.03754110634326935 -0.05182642117142677
v -0.03263789415359497 0.040850721299648285 -0.052605025470256805
v -0.033743519335985184 0.03779882937669754 -0.050751619040966034
v -0.03372873365879059 0.04110844433307648 -0.051530223339796066
v -0.03413558751344681 0.03814459219574928 -0.049289342015981674
v -0.03412080556154251 0.04145420342683792 -0.05006794258952141
v -0.029755333438515663 0.0379362627863884 -0.050091702491045
v -0.030344795435667038 0.037805527448654175 -0.050658613443374634
v -0.031146178022027016 0.037761032581329346 -0.05086296424269676
v -0.031944744288921356 0.037814702838659286 -0.05064999312162399
v -0.03252652660012245 0.037952154874801636 -0.050076767802238464
v -0.032735634595155716 0.0381365604698658 -0.04929688572883606
v -0.032516032457351685 0.03831850737333298 -0.0485193133354187
v -0.03372383862733841 0.03848574310541153 -0.04783138632774353
v -0.03192656859755516 0.0384492464363575 -0.04795239493250847
v -0.03261859342455864 0.03873087093234062 -0.0467684268951416
v -0.031125187873840332 0.03849374130368233 -0.04774804785847664
v -0.031116005033254623 0.03881429508328438 -0.046385277062654495
v -0.030326617881655693 0.038440071046352386 -0.04796101897954941
v -0.02961868606507778 0.038713667541742325 -0.046784594655036926
v -0.029744837433099747 0.03830261528491974 -0.048534248024225235
v -0.028527846559882164 0.038455940783023834 -0.04785938933491707
v -0.029535731300711632 0.038118209689855576 -0.04931413009762764
v -0.029547037556767464 0.03558732941746712 -0.04871872812509537
v -0.029766639694571495 0.03540538251399994 -0.049496300518512726
v -0.03035610169172287 0.03527464717626572 -0.05006321147084236
v -0.031157484278082848 0.03523015230894089 -0.05026756227016449
v -0.03195605054497719 0.03528382256627083 -0.05005459114909172
v -0.032537832856178284 0.03542127460241318 -0.04948136582970619
v -0.03274694085121155 0.03560568019747734 -0.04870148375630379
v -0.028215114027261734 0.035340648144483566 -0.061095669865608215
v -0.028200330212712288 0.038650259375572205 -0.06187427416443825
v -0.02862686477601528 0.03499949723482132 -0.06255361437797546
v -0.028612079098820686 0.038309112191200256 -0.0633322224020958
v -0.029732108116149902 0.03475436568260193 -0.06361658126115799
v -0.029717324301600456 0.038063980638980865 -0.06439518928527832
v -0.031234700232744217 0.03467094153165817 -0.0639997348189354
v -0.03121991455554962 0.03798055276274681 -0.06477833539247513
v -0.03273201733827591 0.034771569073200226 -0.06360041350126266
v -0.032717231661081314 0.03808118402957916 -0.064379021525383
v -0.03382285684347153 0.035029295831918716 -0.06252561509609222
v -0.03380807116627693 0.03833891078829765 -0.06330421566963196
v -0.03421492874622345 0.03537505492568016 -0.061063334345817566
v -0.034200143069028854 0.0386846698820591 -0.0618419386446476
v -0.029834672808647156 0.03516672924160957 -0.06186569854617119
v -0.03042413480579853 0.03503599390387535 -0.062432609498500824
v -0.03122551739215851 0.03499149903655052 -0.06263695657253265
v -0.032024085521698 0.03504516929388046 -0.062423985451459885
v -0.032605867832899094 0.03518262133002281 -0.061850763857364655
v -0.03281497210264206 0.035367026925086975 -0.06107087805867195
v -0.032595373690128326 0.03554897382855415 -0.06029330566525459
v -0.03380317986011505 0.03571620583534241 -0.05960538238286972
v -0.032005906105041504 0.035679709166288376 -0.05972639098763466
v -0.03269793465733528 0.0359613373875618 -0.05854242295026779
v -0.031204527243971825 0.035724204033613205 -0.05952204018831253
v -0.031195344403386116 0.036044761538505554 -0.05815926939249039
v -0.030405957251787186 0.035670533776283264 -0.0597350113093853
v -0.029698025435209274 0.0359441302716732 -0.058558590710163116
v -0.02982417680323124 0.035533081740140915 -0.060308244079351425
v -0.028607185930013657 0.03568640723824501 -0.05963338539004326
v -0.029615070670843124 0.03534867614507675 -0.06108812615275383
v -0.029626376926898956 0.032817792147397995 -0.06049272418022156
v -0.02984597720205784 0.03263584524393082 -0.061270296573638916
v -0.030435441061854362 0.032505109906196594 -0.06183720752596855
v -0.03123682364821434 0.032460615038871765 -0.06204155460000038
v -0.03203539177775383 0.032514285296201706 -0.06182858347892761
v -0.032617174088954926 0.032651741057634354 -0.06125536188483238
v -0.03282627835869789 0.03283614665269852 -0.06047547608613968
v -0.014825114980340004 0.04255165904760361 -0.030189495533704758
v -0.014810330234467983 0.045861274003982544 -0.03096809796988964
v -0.015236865729093552 0.04221050813794136 -0.0316474474966526
v -0.015222080983221531 0.04552011936903 -0.032426051795482635
v -0.01634211093187332 0.04196537658572197 -0.03271040692925453
v -0.016327325254678726 0.045274991542100906 -0.033489011228084564
v -0.017844699323177338 0.041881952434778214 -0.03309356048703194
v -0.01782991550862789 0.04519156739115715 -0.03387216106057167
v -0.01934201829135418 0.041982583701610565 -0.03269423916935921
v -0.019327234476804733 0.045292194932699203 -0.03347284346818924
v -0.020432857796549797 0.04224030673503876 -0.031619444489479065
v -0.0204180721193552 0.045549921691417694 -0.0323980487883091
v -0.02082492969930172 0.0425860695540905 -0.03015715815126896
v -0.020810144022107124 0.04589568078517914 -0.03093576245009899
v -0.01942497305572033 0.042578037828207016 -0.030164703726768494
v -0.019205374643206596 0.042759984731674194 -0.029387131333351135
v -0.020413178950548172 0.04292722046375275 -0.028699204325675964
v -0.018615908920764923 0.042890723794698715 -0.028820212930440903
v -0.01930793561041355 0.04317234829068184 -0.027636244893074036
v -0.017814526334404945 0.042935214936733246 -0.02861587144434452
v -0.017805343493819237 0.043255772441625595 -0.02725309506058693
v -0.017015958204865456 0.042881548404693604 -0.028828836977481842
v -0.016308026388287544 0.04315514490008354 -0.02765241265296936
v -0.01643417775630951 0.042744092643260956 -0.02940206602215767
v -0.015217187814414501 0.04289741814136505 -0.028727209195494652
v -0.016225071623921394 0.04255968704819679 -0.030181949958205223
v -0.016444671899080276 0.042377740144729614 -0.03095952235162258
v -0.01703413762152195 0.04224700480699539 -0.031526438891887665
v -0.01783551648259163 0.04220250993967056 -0.031730782240629196
v -0.018634086474776268 0.042256180197000504 -0.031517818570137024
v -0.019215868785977364 0.04239363223314285 -0.030944587662816048
v -0.016236377879977226 0.040028806775808334 -0.02958654798567295
v -0.01645597815513611 0.039846859872341156 -0.03036412037909031
v -0.017045442014932632 0.039716120809316635 -0.030931036919355392
v -0.01784682273864746 0.039671629667282104 -0.031135380268096924
v -0.0186453927308321 0.03972529619932175 -0.030922414734959602
v -0.019227175042033195 0.039862751960754395 -0.030349183827638626
v -0.01943627931177616 0.04004715755581856 -0.02956930175423622
v -0.023433834314346313 0.040642350912094116 -0.038468871265649796
v -0.023419048637151718 0.04395196586847305 -0.03924747183918953
v -0.023845583200454712 0.04030120000243187 -0.03992682322859764
v -0.023830799385905266 0.043610814958810806 -0.04070542752742767
v -0.024950828403234482 0.04005607217550278 -0.04098978266119957
v -0.024936042726039886 0.043365687131881714 -0.041768383234739304
v -0.026453416794538498 0.03997264802455902 -0.041372932493686676
v -0.026438632979989052 0.04328225925564766 -0.04215153679251671
v -0.02795073576271534 0.040073275566101074 -0.040973614901304245
v -0.027935950085520744 0.04338289052248001 -0.04175221547484398
v -0.029041575267910957 0.040330998599529266 -0.0398988202214241
v -0.029026789590716362 0.0436406135559082 -0.04067742079496384
v -0.02943364717066288 0.04067676141858101 -0.03843653202056885
v -0.029418861493468285 0.043986376374959946 -0.03921513631939888
v -0.02803369052708149 0.040668733417987823 -0.03844407945871353
v -0.027814088389277458 0.040850680321455 -0.03766650706529617
v -0.029021896421909332 0.041017912328243256 -0.0369785875082016
v -0.027224626392126083 0.040981415659189224 -0.03709959611296654
v -0.02791665308177471 0.041263043880462646 -0.035915620625019073
v -0.026423243805766106 0.04102591052651405 -0.03689524531364441
v -0.026414060965180397 0.0413464680314064 -0.03553247079253197
v -0.025624675676226616 0.04097224026918411 -0.03710822016000748
v -0.024916743859648705 0.04124583676457405 -0.0359317883849144
v -0.02504289522767067 0.04083478823304176 -0.03768144175410271
v -0.023825906217098236 0.04098811000585556 -0.03700659051537514
v -0.024833789095282555 0.0406503826379776 -0.03846132382750511
v -0.025053389370441437 0.04046843573451042 -0.03923889622092247
v -0.02564285509288311 0.0403376966714859 -0.0398058146238327
v -0.02644423395395279 0.04029320180416107 -0.04001016169786453
v -0.02724280394613743 0.04034687206149101 -0.03979719057679176
v -0.027824584394693375 0.04048432782292366 -0.039223961532115936
v -0.024845095351338387 0.03811949864029884 -0.03786592185497284
v -0.02506469562649727 0.037937551736831665 -0.0386434942483902
v -0.025654159486293793 0.03780681639909744 -0.03921041265130043
v -0.02645554021000862 0.037762321531772614 -0.03941475972533226
v -0.02725411020219326 0.037815991789102554 -0.03920178860425949
v -0.027835890650749207 0.037953443825244904 -0.038628559559583664
v -0.02804499678313732 0.03813784942030907 -0.03784867748618126
v 0.008475002832710743 0.04347805678844452 -0.025809194892644882
v 0.008489787578582764 0.046787671744823456 -0.026587797328829765
v 0.00806325301527977 0.04313690960407257 -0.02726714126765728
v 0.00807803776115179 0.04644652456045151 -0.028045743703842163
v 0.006958007346838713 0.04289177805185318 -0.028330108150839806
v 0.006972792092710733 0.04620139300823212 -0.02910871058702469
v 0.005455418024212122 0.042808353900909424 -0.02871325984597206
v 0.005470202770084143 0.04611796513199806 -0.029491862282156944
v 0.003958100453019142 0.04290898144245148 -0.02831394039094448
v 0.003972885198891163 0.046218596398830414 -0.029092542827129364
v 0.0028672609478235245 0.04316670820116997 -0.027239138260483742
v 0.002882045693695545 0.046476323157548904 -0.028017740696668625
v 0.0024751885794103146 0.04351246729493141 -0.025776859372854233
v 0.0024899733252823353 0.04682208225131035 -0.026555461809039116
v 0.005464600864797831 0.04312891140580177 -0.02735048346221447
v 0.004666031803935766 0.043182581663131714 -0.02713751047849655
v 0.004084250424057245 0.04332003369927406 -0.026564287021756172
v 0.0038751454558223486 0.043504439294338226 -0.025784404948353767
v 0.004094745498150587 0.043686386197805405 -0.02500683255493641
v 0.0028869390953332186 0.04385361820459366 -0.02431890368461609
v 0.0046842098236083984 0.04381712153553963 -0.024439912289381027
v 0.003992184065282345 0.04409874975681305 -0.02325594425201416
v 0.005485591012984514 0.043861616402864456 -0.024235570803284645
v 0.005494773853570223 0.044182173907756805 -0.022872792556881905
v 0.006284159608185291 0.043807946145534515 -0.024448534473776817
v 0.006992090959101915 0.044081542640924454 -0.023272112011909485
v 0.006865940988063812 0.043670494109392166 -0.025021767243742943
v 0.00808293092995882 0.04382381960749626 -0.024346906691789627
v 0.007075046189129353 0.043486088514328 -0.025801649317145348
v 0.00685544591397047 0.043304141610860825 -0.026579221710562706
v 0.006265982054173946 0.0431734062731266 -0.02714613266289234
v 0.007063739933073521 0.040955204516649246 -0.025206247344613075
v 0.006844140123575926 0.04077325761318207 -0.025983819738030434
v 0.0062546757981181145 0.040642522275447845 -0.02655073069036007
v 0.005453295074403286 0.040598027408123016 -0.02675507962703705
v 0.004654726013541222 0.04065169766545296 -0.02654210850596428
v 0.004072944633662701 0.040789153426885605 -0.0259688850492239
v 0.0038638394325971603 0.04097355529665947 -0.025189001113176346
v -0.003620222443714738 0.04354742541909218 -0.025744007900357246
v -0.003605437697842717 0.046857040375471115 -0.02652261033654213
v -0.004031972959637642 0.04320627450942993 -0.027201954275369644
v -0.004017188213765621 0.04651588946580887 -0.027980556711554527
v -0.0051372176967561245 0.04296114668250084 -0.02826492115855217
v -0.005122432950884104 0.04627075791358948 -0.029043523594737053
v -0.00663980795070529 0.042877718806266785 -0.028648072853684425
v -0.006625023204833269 0.04618733376264572 -0.02942667528986931
v -0.008137124590575695 0.042978350073099136 -0.028248753398656845
v -0.008122339844703674 0.04628796502947807 -0.029027355834841728
v -0.009227964095771313 0.04323607683181763 -0.027173951268196106
v -0.009213179349899292 0.046545691788196564 -0.02795255370438099
v -0.00962003692984581 0.04358183592557907 -0.025711672380566597
v -0.00960525218397379 0.04689145088195801 -0.02649027481675148
v -0.006630624644458294 0.04319828003644943 -0.027285296469926834
v -0.007429193705320358 0.04325195029377937 -0.027072323486208916
v -0.00801097508519888 0.04338940232992172 -0.026499100029468536
v -0.00822008028626442 0.043573807924985886 -0.02571921795606613
v -0.008000480011105537 0.043755754828453064 -0.024941645562648773
v -0.009208286181092262 0.04392298683524132 -0.024253716692328453
v -0.007411015685647726 0.043886490166187286 -0.02437472529709339
v -0.008103041909635067 0.04416811466217041 -0.023190757259726524
v -0.006609634961932898 0.043930985033512115 -0.02417038381099701
v -0.006600451655685902 0.044251542538404465 -0.02280760556459427
v -0.005811065435409546 0.043877314776182175 -0.02438334748148918
v -0.005103134550154209 0.04415091127157211 -0.02320692501962185
v -0.005229284521192312 0.04373985901474953 -0.024956580251455307
v -0.0040122950449585915 0.04389318823814392 -0.02428171969950199
v -0.005020179320126772 0.043555453419685364 -0.025736462324857712
v -0.005239779595285654 0.043373506516218185 -0.02651403471827507
v -0.005829243455082178 0.04324277117848396 -0.027080945670604706
v -0.0050314851105213165 0.041024573147296906 -0.02514106035232544
v -0.005251085385680199 0.04084262624382973 -0.025918632745742798
v -0.005840549245476723 0.040711890906095505 -0.026485543698072433
v -0.006641930900514126 0.040667396038770676 -0.026689892634749413
v -0.007440499495714903 0.040721066296100616 -0.026476921513676643
v -0.008022280409932137 0.040858518332242966 -0.025903698056936264
v -0.008231385610997677 0.04104292392730713 -0.02512381412088871
v 0.028115686029195786 0.04034670814871788 -0.03874669596552849
v 0.02813047170639038 0.04365632310509682 -0.03952529653906822
v 0.027703937143087387 0.040005557239055634 -0.040204647928476334
v 0.027718720957636833 0.04331517219543457 -0.040983252227306366
v 0.026598691940307617 0.03976042941212654 -0.04126760736107826
v 0.026613477617502213 0.04307004436850548 -0.042046211659908295
v 0.025096101686358452 0.039677005261182785 -0.04165075719356537
v 0.025110885500907898 0.04298661649227142 -0.0424293614923954
v 0.02359878458082676 0.03977763280272484 -0.04125143960118294
v 0.023613568395376205 0.043087247759103775 -0.04203004390001297
v 0.02250794507563114 0.04003535956144333 -0.040176644921302795
v 0.022522730752825737 0.04334497079253197 -0.04095524922013283
v 0.02211587317287922 0.04038111865520477 -0.03871436044573784
v 0.022130658850073814 0.04369073361158371 -0.03949296101927757
v 0.02351582981646061 0.04037309065461159 -0.038721904158592224
v 0.023735428228974342 0.040555037558078766 -0.037944331765174866
v 0.022527623921632767 0.04072226956486702 -0.03725641220808029
v 0.024324893951416016 0.04068577289581299 -0.03737742081284523
v 0.023632867261767387 0.04096740111708641 -0.036193445324897766
v 0.025126274675130844 0.04073026776313782 -0.0371730700135231
v 0.025135457515716553 0.04105082526803017 -0.03581029549241066
v 0.025924842804670334 0.04067659750580788 -0.03738604485988617
v 0.026632774621248245 0.040950194001197815 -0.03620961308479309
v 0.02650662325322628 0.04053914546966553 -0.0379592664539814
v 0.027723614126443863 0.04069247096776962 -0.03728441521525383
v 0.026715731248259544 0.040354739874601364 -0.038739148527383804
v 0.026496129110455513 0.040172792971134186 -0.03951672092080116
v 0.02590666525065899 0.040042053908109665 -0.040083639323711395
v 0.02510528452694416 0.039997562766075134 -0.040287990123033524
v 0.02430671639740467 0.04005122929811478 -0.040075015276670456
v 0.023724934086203575 0.040188685059547424 -0.03950178623199463
v 0.026704424992203712 0.03782385587692261 -0.03814374655485153
v 0.02648482285439968 0.03764190897345543 -0.03892131894826889
v 0.025895358994603157 0.03751117363572121 -0.03948823735117912
v 0.02509397827088833 0.03746667876839638 -0.03969258442521095
v 0.02429541014134884 0.03752034902572632 -0.039479613304138184
v 0.023713627830147743 0.03765780106186867 -0.03890638425946236
v 0.023504523560404778 0.03784220665693283 -0.03812650218605995
v 0.01961917243897915 0.04235411807894707 -0.030375132337212563
v 0.019633956253528595 0.045663729310035706 -0.031153734773397446
v 0.0192074216902256 0.04201296344399452 -0.03183308616280556
v 0.019222207367420197 0.04532257840037346 -0.03261168673634529
v 0.01810217648744583 0.04176783561706543 -0.032896045595407486
v 0.018116962164640427 0.045077450573444366 -0.03367464616894722
v 0.016599586233496666 0.041684411466121674 -0.03327919542789459
v 0.01661437191069126 0.04499402269721031 -0.034057799726724625
v 0.015102270059287548 0.04178503900766373 -0.03287987783551216
v 0.015117054805159569 0.045094653964042664 -0.033658478409051895
v 0.01401143055409193 0.04204276576638222 -0.03180508315563202
v 0.014026215299963951 0.045352376997470856 -0.03258368372917175
v 0.013619357720017433 0.04238852486014366 -0.030342794954776764
v 0.013634142465889454 0.0456981398165226 -0.031121399253606796
v 0.017999615520238876 0.042180199176073074 -0.031145159155130386
v 0.017410151660442352 0.04204946011304855 -0.03171207755804062
v 0.016608769074082375 0.04200496897101402 -0.03191641718149185
v 0.015810200944542885 0.042058639228343964 -0.03170345351099968
v 0.015228419564664364 0.04219609126448631 -0.031130224466323853
v 0.015019314363598824 0.042380496859550476 -0.0303503405302763
v 0.015238914638757706 0.042562443763017654 -0.02957276813685894
v 0.01403110846877098 0.04272967576980591 -0.02888484112918377
v 0.01582837849855423 0.04269317910075188 -0.029005849733948708
v 0.015136352740228176 0.0429748073220253 -0.02782188169658184
v 0.016629759222269058 0.042737673968076706 -0.028801508247852325
v 0.016638942062854767 0.043058231472969055 -0.027438731864094734
v 0.017428329214453697 0.042684003710746765 -0.029014473780989647
v 0.01813626103103161 0.042957600206136703 -0.027838049456477165
v 0.018010111525654793 0.042546551674604416 -0.029587702825665474
v 0.019227100536227226 0.04269987717270851 -0.028912845999002457
v 0.01821921579539776 0.04236214607954025 -0.030367586761713028
v 0.018207909539341927 0.039831262081861496 -0.029772184789180756
v 0.017988309264183044 0.03964931517839432 -0.030549757182598114
v 0.01739884540438652 0.039518579840660095 -0.031116673722863197
v 0.016597462818026543 0.039474088698625565 -0.03132101520895958
v 0.015798894688487053 0.03952775523066521 -0.031108051538467407
v 0.015217113308608532 0.039665210992097855 -0.03053482063114643
v 0.015008009038865566 0.03984961658716202 -0.029754938557744026
v 0.03259168937802315 0.03499191254377365 -0.06142338737845421
v 0.03260647505521774 0.03830152750015259 -0.06220199167728424
v 0.03217994049191475 0.034650761634111404 -0.06288133561611176
v 0.032194726169109344 0.03796037659049034 -0.06365993618965149
v 0.03107469528913498 0.03440563380718231 -0.06394430249929428
v 0.031089479103684425 0.03771524503827095 -0.06472290307283401
v 0.029572105035185814 0.03432220593094826 -0.06432744860649109
v 0.02958689071238041 0.037631820887327194 -0.06510605663061142
v 0.028074786067008972 0.03442283719778061 -0.06392813473939896
v 0.028089571744203568 0.037732452154159546 -0.06470673531293869
v 0.026983948424458504 0.0346805639564991 -0.06285332888364792
v 0.02699873223900795 0.03799017518758774 -0.06363193690776825
v 0.02659187652170658 0.035026323050260544 -0.06139105185866356
v 0.026606660336256027 0.03833593428134918 -0.06216965615749359
v 0.027991831302642822 0.03501829132437706 -0.061398595571517944
v 0.028211433440446854 0.03520023822784424 -0.060621023178100586
v 0.02700362540781498 0.03536747395992279 -0.059933099895715714
v 0.028800897300243378 0.03533097729086876 -0.06005410850048065
v 0.02810887061059475 0.03561260178685188 -0.058870136737823486
v 0.029602278023958206 0.03537547215819359 -0.059849757701158524
v 0.029611460864543915 0.03569602966308594 -0.05848698690533638
v 0.030400846153497696 0.03532180190086365 -0.06006272882223129
v 0.031108777970075607 0.035595398396253586 -0.05888630449771881
v 0.03098262846469879 0.035184346139431 -0.06063595786690712
v 0.032199617475271225 0.035337675362825394 -0.05996110290288925
v 0.031191734597086906 0.03499994054436684 -0.06141584366559982
v 0.030972132459282875 0.03481799364089966 -0.06219341605901718
v 0.03038266859948635 0.034687258303165436 -0.06276032328605652
v 0.029581287875771523 0.03464276343584061 -0.06296467781066895
v 0.028782717883586884 0.03469643369317055 -0.06275170296430588
v 0.028200937435030937 0.034833889454603195 -0.06217848137021065
v 0.031180428341031075 0.03246906027197838 -0.06082044169306755
v 0.030960828065872192 0.0322871133685112 -0.06159801408648491
v 0.03037136234343052 0.03215637803077698 -0.062164925038814545
v 0.02956998161971569 0.03211188316345215 -0.062369272112846375
v 0.0287714134901762 0.03216555342078209 -0.062156300991773605
v 0.028189633041620255 0.03230300545692444 -0.06158307567238808
v 0.02798052504658699 0.0324874110519886 -0.06080319359898567
v 0.03267102688550949 0.037761446088552475 -0.04964939504861832
v 0.032685812562704086 0.04107106104493141 -0.05042799562215805
v 0.03225928172469139 0.03742029890418053 -0.051107339560985565
v 0.03227406367659569 0.040729910135269165 -0.0518859438598156
v 0.031154032796621323 0.037175167351961136 -0.05217030644416809
v 0.031168818473815918 0.04048478230834007 -0.05294891074299812
v 0.029651444405317307 0.03709173947572708 -0.052553460001945496
v 0.029666230082511902 0.04040135443210602 -0.05333206057548523
v 0.028154125437140465 0.03719237074255943 -0.052154138684272766
v 0.02816891111433506 0.04050198569893837 -0.0529327429831028
v 0.027063287794589996 0.037450097501277924 -0.05107933655381203
v 0.027078071609139442 0.04075971245765686 -0.05185794085264206
v 0.026671214029192924 0.03779585659503937 -0.04961705952882767
v 0.02668599970638752 0.041105471551418304 -0.0503956601023674
v 0.028071170672774315 0.03778782859444618 -0.04962460324168205
v 0.028290772810578346 0.03796977549791336 -0.048847030848264694
v 0.027082964777946472 0.038137007504701614 -0.04815910384058952
v 0.02888023480772972 0.03810051083564758 -0.04828011244535446
v 0.028188209980726242 0.03838213533163071 -0.047096144407987595
v 0.0296816173940897 0.03814500570297241 -0.04807576164603233
v 0.029690800234675407 0.03846556320786476 -0.04671299457550049
v 0.03048018552362919 0.03809133544564247 -0.0482887364923954
v 0.0311881173402071 0.03836493194103241 -0.04711231216788292
v 0.031061967834830284 0.037953879684209824 -0.04886196553707123
v 0.03227895870804787 0.03810720890760422 -0.04818710684776306
v 0.0312710739672184 0.03776947781443596 -0.04964184761047363
v 0.031051471829414368 0.03758753091096878 -0.05041942000389099
v 0.030462007969617844 0.03745679557323456 -0.05098633095622063
v 0.029660627245903015 0.03741230070590973 -0.051190681755542755
v 0.028862057253718376 0.03746597096323967 -0.050977710634469986
v 0.02828027680516243 0.03760342299938202 -0.05040448531508446
v 0.03125976771116257 0.0352385938167572 -0.04904644563794136
v 0.031040167436003685 0.035056646913290024 -0.04982401803135872
v 0.03045070171356201 0.0349259115755558 -0.050390928983688354
v 0.029649320989847183 0.03488141670823097 -0.05059527978301048
v 0.028850752860307693 0.03493508696556091 -0.050382304936647415
v 0.028268972411751747 0.03507253900170326 -0.049809083342552185
v 0.028059864416718483 0.035256944596767426 -0.04902920126914978
v 0.01928102970123291 0.030550435185432434 -0.08055557310581207
v 0.019295815378427505 0.03386005014181137 -0.0813341736793518
v 0.01886928081512451 0.030209284275770187 -0.08201351761817932
v 0.018884064629673958 0.033518899232149124 -0.08279211819171906
v 0.017764035612344742 0.029964154586195946 -0.08307648450136185
v 0.017778819426894188 0.03327376767992973 -0.08385508507490158
v 0.016261443495750427 0.02988073043525219 -0.08345963060855865
v 0.016276229172945023 0.03319034352898598 -0.08423823118209839
v 0.01476412732154131 0.029981359839439392 -0.08306031674146652
v 0.01477891206741333 0.03329097479581833 -0.08383891731500626
v 0.013673288747668266 0.030239084735512733 -0.08198551088571548
v 0.013688073493540287 0.03354869782924652 -0.08276411890983582
v 0.013281215913593769 0.030584843829274178 -0.08052323758602142
v 0.01329600065946579 0.033894456923007965 -0.08130183815956116
v 0.01547205913811922 0.03025495633482933 -0.08188389241695404
v 0.0148902777582407 0.03039241023361683 -0.08131066709756851
v 0.01468117255717516 0.030576815828680992 -0.08053077757358551
v 0.014900772832334042 0.03075876459479332 -0.07975319772958755
v 0.013692966662347317 0.030925996601581573 -0.07906528562307358
v 0.01549023762345314 0.030889499932527542 -0.07918629050254822
v 0.014798210933804512 0.031171124428510666 -0.07800231873989105
v 0.01629161648452282 0.030933992937207222 -0.07898194342851639
v 0.016300801187753677 0.03125455230474472 -0.07761916518211365
v 0.01709018647670746 0.03088032267987728 -0.07919491082429886
v 0.01779811829328537 0.03115391917526722 -0.07801848649978638
v 0.017671968787908554 0.030742870643734932 -0.07976813614368439
v 0.018888957798480988 0.030896196141839027 -0.07909328490495682
v 0.01788107305765152 0.03055846318602562 -0.08054802566766739
v 0.017661474645137787 0.03037651628255844 -0.08132559806108475
v 0.017072008922696114 0.03024578094482422 -0.08189252018928528
v 0.016270628198981285 0.03020128794014454 -0.08209685981273651
v 0.017869768664240837 0.028027581050992012 -0.07995262742042542
v 0.017650168389081955 0.027845634147524834 -0.08073019981384277
v 0.01706070266664028 0.02771489880979061 -0.08129711449146271
v 0.016259321942925453 0.02767040580511093 -0.08150145411491394
v 0.015460753813385963 0.027724074199795723 -0.08128849416971207
v 0.014878971502184868 0.02786152809858322 -0.08071526139974594
v 0.014669866301119328 0.028045933693647385 -0.07993537932634354
v 0.02788974717259407 0.032459743320941925 -0.07227618992328644
v 0.027904532849788666 0.03576935827732086 -0.07305479049682617
v 0.027477998286485672 0.03211859241127968 -0.07373414188623428
v 0.027492782101035118 0.03542820364236832 -0.07451274245977402
v 0.026372753083705902 0.03187346085906029 -0.07479710131883621
v 0.026387536898255348 0.035183075815439224 -0.07557570934295654
v 0.024870160967111588 0.03179003298282623 -0.07518026232719421
v 0.024884946644306183 0.03509964793920517 -0.07595886290073395
v 0.023372845724225044 0.03189066797494888 -0.07478093355894089
v 0.02338762953877449 0.03520027920603752 -0.07555954158306122
v 0.022282006219029427 0.032148391008377075 -0.07370614260435104
v 0.022296790033578873 0.03545800596475601 -0.07448474317789078
v 0.021889934316277504 0.03249415382742882 -0.07224385440349579
v 0.02190471813082695 0.035803765058517456 -0.07302245497703552
v 0.023289890959858894 0.032486122101545334 -0.07225140184164047
v 0.023509489372372627 0.03266806900501251 -0.07147382944822311
v 0.022301683202385902 0.032835301011800766 -0.07078590989112854
v 0.0240989550948143 0.032798804342746735 -0.07090691477060318
v 0.023406928405165672 0.03308043256402016 -0.06972294300794601
v 0.02490033395588398 0.032843299210071564 -0.07070256769657135
v 0.024909518659114838 0.03316386044025421 -0.06933978945016861
v 0.02569890394806862 0.03278962895274162 -0.07091553509235382
v 0.02640683576464653 0.03306322544813156 -0.06973911076784134
v 0.026280684396624565 0.032652176916599274 -0.07148876041173935
v 0.027497675269842148 0.03280550241470337 -0.07081390917301178
v 0.02648979052901268 0.03246777132153511 -0.07226864248514175
v 0.026270190253853798 0.03228582441806793 -0.07304622232913971
v 0.025680726394057274 0.03215508908033371 -0.07361313700675964
v 0.024879345670342445 0.03211059421300888 -0.07381748408079147
v 0.024080777540802956 0.03216426447033882 -0.0736045092344284
v 0.02349899522960186 0.03230171650648117 -0.07303129136562347
v 0.026478486135601997 0.029936889186501503 -0.07167324423789978
v 0.026258883997797966 0.029754940420389175 -0.07245082408189774
v 0.025669420138001442 0.029624205082654953 -0.07301773130893707
v 0.024868039414286613 0.029579712077975273 -0.0732220783829689
v 0.024069471284747124 0.029633382335305214 -0.07300911098718643
v 0.023487688973546028 0.029770834371447563 -0.0724358856678009
v 0.023278584703803062 0.029955241829156876 -0.0716559961438179
v -0.004019088111817837 0.029624035581946373 -0.08493586629629135
v -0.004004303365945816 0.03293364867568016 -0.08571446686983109
v -0.004430838394910097 0.029282882809638977 -0.0863938257098198
v -0.004416053649038076 0.032592497766017914 -0.08717242628335953
v -0.00553608313202858 0.029037756845355034 -0.08745677769184113
v -0.005521298386156559 0.03234736993908882 -0.08823537826538086
v -0.007038673385977745 0.02895432896912098 -0.08783993124961853
v -0.007023888640105724 0.03226394206285477 -0.08861853927373886
v -0.008535990491509438 0.02905496023595333 -0.0874406099319458
v -0.008521205745637417 0.03236457332968712 -0.08821921050548553
v -0.009626829996705055 0.029312683269381523 -0.08636581897735596
v -0.009612045250833035 0.03262229636311531 -0.08714441955089569
v -0.010018901899456978 0.029658446088433266 -0.0849035307765007
v -0.010004117153584957 0.03296805918216705 -0.08568213135004044
v -0.008399344980716705 0.02983236312866211 -0.08413349837064743
v -0.009607152082026005 0.029999595135450363 -0.08344557881355286
v -0.007809881586581469 0.029963096603751183 -0.08356659859418869
v -0.008501906879246235 0.030244726687669754 -0.08238261193037033
v -0.007008500397205353 0.03000759333372116 -0.08336224406957626
v -0.006999317556619644 0.03032815083861351 -0.08199947327375412
v -0.006209931336343288 0.02995392121374607 -0.08357521891593933
v -0.005501999985426664 0.030227521434426308 -0.08239877969026566
v -0.0056281499564647675 0.02981647104024887 -0.08414843678474426
v -0.004411160480231047 0.029969796538352966 -0.0834735855460167
v -0.005419044755399227 0.029632065445184708 -0.08492831885814667
v -0.005638645030558109 0.02945011854171753 -0.08570589125156403
v -0.006228108890354633 0.029319381341338158 -0.08627280592918396
v -0.0070294905453920364 0.02927488647401333 -0.08647716045379639
v -0.007828058674931526 0.02932855859398842 -0.08626418560743332
v -0.008409840054810047 0.029466012492775917 -0.0856909528374672
v -0.008618945255875587 0.02965041622519493 -0.08491107076406479
v -0.005430351011455059 0.0271011833101511 -0.0843329131603241
v -0.005649950820952654 0.026919236406683922 -0.08511048555374146
v -0.006239415146410465 0.02678849920630455 -0.08567740768194199
v -0.007040796335786581 0.02674400433897972 -0.08588176220655441
v -0.007839364930987358 0.02679767645895481 -0.08566877990961075
v -0.008421146310865879 0.02693513035774231 -0.08509555459022522
v -0.00863025151193142 0.027119534090161324 -0.08431567251682281
v 0.008076136931777 0.029554668813943863 -0.08500105142593384
v 0.008090921677649021 0.0328642837703228 -0.08577965199947357
v 0.007664387114346027 0.029213516041636467 -0.08645901083946228
v 0.007679171860218048 0.032523129135370255 -0.08723761141300201
v 0.0065591419115662575 0.028968388214707375 -0.08752196282148361
v 0.006573926657438278 0.03227800130844116 -0.08830056339502335
v 0.0050565521232783794 0.02888496220111847 -0.08790512382984161
v 0.0050713368691504 0.032194577157497406 -0.08868372440338135
v 0.0035592347849160433 0.02898559346795082 -0.08750579506158829
v 0.003574019530788064 0.03229520842432976 -0.08828439563512802
v 0.0024683952797204256 0.029243316501379013 -0.08643100410699844
v 0.0024831800255924463 0.03255293145775795 -0.08720961213111877
v 0.0020763229113072157 0.029589079320430756 -0.08496871590614319
v 0.0020911076571792364 0.03289869427680969 -0.08574731647968292
v 0.005065735429525375 0.02920551784336567 -0.08654235303401947
v 0.004267166368663311 0.02925918996334076 -0.0863293707370758
v 0.00368538498878479 0.029396643862128258 -0.08575614541769028
v 0.0034762797877192497 0.02958104945719242 -0.08497626334428787
v 0.003695879830047488 0.0297629963606596 -0.08419869095087051
v 0.0024880734272301197 0.029930228367447853 -0.08351077139377594
v 0.004285343922674656 0.029893729835748672 -0.08363178372383118
v 0.0035933181643486023 0.030175358057022095 -0.08244780451059341
v 0.005086725112050772 0.02993822656571865 -0.08342742919921875
v 0.005095908418297768 0.03025878220796585 -0.0820646584033966
v 0.005885294172912836 0.02988455444574356 -0.08364040404558182
v 0.00659322552382946 0.030158154666423798 -0.08246397227048874
v 0.00646707508713007 0.02974710240960121 -0.08421362191438675
v 0.007684065029025078 0.029900427907705307 -0.08353877067565918
v 0.00667618028819561 0.02956269681453705 -0.08499350398778915
v 0.006456580478698015 0.02938075177371502 -0.08577107638120651
v 0.005867116153240204 0.029250014573335648 -0.08633799105882645
v 0.0066648744978010654 0.02703181467950344 -0.08439810574054718
v 0.006445274222642183 0.026849869638681412 -0.08517567813396454
v 0.005855810362845659 0.02671913243830204 -0.08574259281158447
v 0.0050544291734695435 0.026674635708332062 -0.0859469473361969
v 0.004255860112607479 0.026728307828307152 -0.08573397248983383
v 0.003674078965559602 0.02686576172709465 -0.0851607397198677
v 0.0034649737644940615 0.027050167322158813 -0.0843808576464653
v -0.03745045140385628 0.009675517678260803 0.03312656655907631
v -0.03844866156578064 0.00974260363727808 0.0333927758038044
v -0.03672322258353233 0.009503701701760292 0.03241003677248955
v -0.04908425360918045 0.00517093064263463 0.013757964596152306
v -0.03646184131503105 0.009273193776607513 0.031435176730155945
v -0.04702869802713394 0.004870481323450804 0.01251987461000681
v -0.03659958764910698 0.004464814439415932 0.010993539355695248
v -0.045811478048563004 0.0043867845088243484 0.010486934334039688
v -0.03761092200875282 0.004073962103575468 0.00931293424218893
v -0.036874089390039444 0.004237381275743246 0.01002157386392355
v -0.038612645119428635 0.004018343519419432 0.009057494811713696
v -0.04390427842736244 0.004048691596835852 0.009086014702916145
v -0.04473138600587845 0.004094562493264675 0.009265292435884476
v -0.045407600700855255 0.0042144362814724445 0.009761999361217022
v -0.05385120213031769 0.005681589245796204 0.015838107094168663
v -0.05366728827357292 0.005485935136675835 0.015009930357336998
v -0.05313924327492714 0.005325183272361755 0.014336647465825081
v -0.04904603213071823 0.009803380817174911 0.03344988822937012
v -0.049950603395700455 0.009759207256138325 0.03324494510889053
v -0.051497265696525574 0.005217846017330885 0.013911567628383636
v -0.050663020461797714 0.009625842794775963 0.032664522528648376
v -0.05102971941232681 0.009432039223611355 0.03183375298976898
v -0.053821831941604614 0.00575671810656786 0.01615801639854908
v -0.052367132157087326 0.005229794420301914 0.013945839367806911
v -0.036505326628685 -0.0004609688476193696 0.03372518718242645
v -0.036643072962760925 -0.005269348155707121 0.01328354887664318
v -0.03676670789718628 -0.00023046130081638694 0.03470004349946976
v -0.03749393671751022 -5.8645367971621454e-05 0.03541657328605652
v -0.038492146879434586 8.441090358246583e-06 0.035682786256074905
v -0.04908951744437218 6.92182220518589e-05 0.035739898681640625
v -0.0499940887093544 2.5044431822607294e-05 0.03553495183587074
v -0.05070650577545166 -0.00010831958934431896 0.034954532980918884
v -0.05107320472598076 -0.00030212392448447645 0.03412376344203949
v -0.05386531725525856 -0.003977444488555193 0.01844802498817444
v -0.053894687443971634 -0.004052573349326849 0.01812811568379402
v -0.05154075101017952 -0.004516317043453455 0.016201576218008995
v -0.049127738922834396 -0.004563231952488422 0.016047973185777664
v -0.04707218334078789 -0.004863681271672249 0.014809883199632168
v -0.04585496336221695 -0.005347378086298704 0.012776942923665047
v -0.0454510822892189 -0.005519726779311895 0.012052008882164955
v -0.044774871319532394 -0.0056396001018583775 0.011555301025509834
v -0.04394776374101639 -0.005685470998287201 0.011376023292541504
v -0.03865613043308258 -0.005715819075703621 0.011347504332661629
v -0.03765440359711647 -0.005660200957208872 0.011602942831814289
v -0.03691757470369339 -0.0054967813193798065 0.012311583384871483
v 0.04242420196533203 0.004927636589854956 0.014461429789662361
v 0.04686553403735161 0.011085381731390953 0.04072055220603943
v 0.03760145604610443 0.011138512752950191 0.040770478546619415
v 0.0477672778069973 0.011030847206711769 0.04050586000084877
v 0.04847182333469391 0.010889357887208462 0.03991781175136566
v 0.04882729798555374 0.010691411793231964 0.03908315300941467
v 0.044919729232788086 0.004759918432682753 0.01379589643329382
v 0.04673779383301735 0.004330378025770187 0.012004567310214043
v 0.05459178239107132 0.002412911970168352 0.004003114998340607
v 0.04739125072956085 0.0037541098427027464 0.009567427448928356
v 0.035437535494565964 0.005425721872597933 0.016445977613329887
v 0.035698916763067245 0.005195215344429016 0.015471124090254307
v 0.03642614558339119 0.00502339843660593 0.014754589647054672
v 0.03659973293542862 0.011082896031439304 0.04051504656672478
v 0.03586290031671524 0.010919474996626377 0.03980639949440956
v 0.035588398575782776 0.010692042298614979 0.03883443772792816
v 0.03742435574531555 0.004956311080604792 0.01448837574571371
v 0.04734746366739273 0.0022256304509937763 0.003069474594667554
v 0.0475892573595047 0.0020032827742397785 0.0021289302967488766
v 0.04826730117201805 0.0018332607578486204 0.0014190910151228309
v 0.0533938966691494 0.0019236227963119745 0.0019005421781912446
v 0.05410945788025856 0.0020377624314278364 0.0023993044160306454
v 0.05453627556562424 0.0022121011279523373 0.0031484714709222317
v 0.04921334981918335 0.0017577519174665213 0.0011160895228385925
v 0.050192661583423615 0.0017954919021576643 0.0012951073003932834
v 0.0525280199944973 0.0018917637644335628 0.001748676528222859
v 0.037557970732450485 0.0014043496921658516 0.04306048899888992
v 0.04682204872369766 0.0013512191362679005 0.04301055893301964
v 0.03655624762177467 0.0013487330870702863 0.042805057018995285
v 0.035819415003061295 0.0011853119358420372 0.04209640994668007
v 0.03554491698741913 0.0009578794124536216 0.04112444818019867
v 0.03539405018091202 -0.00430844072252512 0.018735986202955246
v 0.0356554314494133 -0.004538947716355324 0.01776113361120224
v 0.036382660269737244 -0.004710764158517122 0.01704459823668003
v 0.037380870431661606 -0.004777851514518261 0.016778385266661644
v 0.042380716651678085 -0.004806526470929384 0.01675143837928772
v 0.04487624391913414 -0.0049742441624403 0.016085905954241753
v 0.0466943085193634 -0.0054037850350141525 0.014294575899839401
v 0.047347765415906906 -0.00598005298525095 0.01185743696987629
v 0.047303978353738785 -0.007508532144129276 0.005359483417123556
v 0.047545772045850754 -0.007730879820883274 0.0044189393520355225
v 0.048223815858364105 -0.007900902070105076 0.003709099953994155
v 0.049169864505529404 -0.007976410910487175 0.0034060985781252384
v 0.05014917999505997 -0.007938670925796032 0.003585116472095251
v 0.05248453468084335 -0.007842399179935455 0.004038685467094183
v 0.05335041135549545 -0.007810540031641722 0.004190551117062569
v 0.05406597629189491 -0.00769640039652586 0.004689313471317291
v 0.05449279025197029 -0.007522061932832003 0.0054384805262088776
v 0.054548297077417374 -0.0073212506249547005 0.006293124053627253
v 0.048783812671899796 0.0009572493145242333 0.04137315973639488
v 0.04842833802103996 0.001155195408500731 0.04220782220363617
v 0.04772379249334335 0.0012966841459274292 0.04279587045311928
v -0.0001003130164463073 0.03199605643749237 0.07412898540496826
v -0.00013310984650161117 0.030851200222969055 0.06926192343235016
v 0.006847565062344074 0.03088422492146492 0.07434369623661041
v 0.00681476853787899 0.029739370569586754 0.06947663426399231
v 0.013105759397149086 0.027737323194742203 0.0750417560338974
v 0.013072962872684002 0.026592468842864037 0.0701746866106987
v 0.018061675131320953 0.022863388061523438 0.07615482807159424
v 0.018028877675533295 0.021718531847000122 0.07128776609897614
v 0.021230189129710197 0.016739513725042343 0.07757396250963211
v 0.021197393536567688 0.015594659373164177 0.07270690053701401
v 0.022301150485873222 0.009965148754417896 0.07916025072336197
v 0.022268353030085564 0.00882029440253973 0.07429318130016327
v 0.021169720217585564 0.0032034108880907297 0.08075840026140213
v 0.021136924624443054 0.00205855630338192 0.07589133083820343
v 0.017946656793355942 -0.0028838040307164192 0.08221198618412018
v 0.017913859337568283 -0.004028658382594585 0.07734491676092148
v 0.012947450391948223 -0.007700646296143532 0.08337870985269547
v 0.012914653867483139 -0.008845500648021698 0.07851164042949677
v 0.006661461666226387 -0.010775606147944927 0.08414437621831894
v 0.006628665141761303 -0.011920461431145668 0.07927730679512024
v -0.0002959936682600528 -0.011807690374553204 0.08443403244018555
v -0.00032879048376344144 -0.01295254472643137 0.07956696301698685
v -0.031207995489239693 0.03020421788096428 -0.07163230329751968
v -0.02894865721464157 0.0315343402326107 -0.06593544781208038
v -0.03383415937423706 0.03154008090496063 -0.06600379943847656
v -0.018481533974409103 0.02719743363559246 -0.08417161554098129
v -0.012602386064827442 0.027672329917550087 -0.08204133063554764
v -0.021537665277719498 0.027671370655298233 -0.0822150781750679
v 0.008053375408053398 0.026244523003697395 -0.08771829307079315
v -0.0010030082194134593 0.02636636421084404 -0.08737234771251678
v -0.0010128329740837216 0.02602340281009674 -0.0888303592801094
v 0.0238023791462183 0.02822870761156082 -0.07898504287004471
v 0.02057417668402195 0.02899141050875187 -0.07580431550741196
v 0.020715298131108284 0.027621552348136902 -0.08162450045347214
v 0.029411906376481056 0.02985655516386032 -0.0719590112566948
v 0.02722950652241707 0.031212151050567627 -0.06623821705579758
v 0.02739885449409485 0.029165206477046013 -0.07493596524000168
v 0.02964148484170437 0.03787051886320114 -0.037889622151851654
v 0.027382146567106247 0.036540400236845016 -0.043586477637290955
v 0.03226764500141144 0.03653465583920479 -0.04351812228560448
v -0.012233882211148739 0.04053586721420288 -0.027355177327990532
v -0.01808389462530613 0.041078027337789536 -0.025161685422062874
v -0.012299099937081337 0.04165494814515114 -0.02259952761232853
v -0.03097841888666153 0.0382181815803051 -0.037562914192676544
v -0.028796017169952393 0.03686258941888809 -0.04328370466828346
v -0.028965365141630173 0.03890953212976456 -0.03458595648407936
v -0.034530192613601685 0.036305420100688934 -0.045760951936244965
v -0.03578217327594757 0.034238092601299286 -0.05457233637571335
v -0.028872337192296982 0.03419846296310425 -0.05460957810282707
v -0.032527338713407516 0.03578762710094452 -0.04792391136288643
v -0.03193787485361099 0.03591836243867874 -0.047356992959976196
v -0.031136494129896164 0.03596285730600357 -0.04715264216065407
v -0.030337924137711525 0.03590918704867363 -0.047365617007017136
v -0.02975614368915558 0.03577173501253128 -0.04793884605169296
v -0.025368889793753624 0.0398460291326046 -0.030536886304616928
v -0.027235932648181915 0.03845053166151047 -0.036504194140434265
v -0.026434550061821938 0.0384950265288353 -0.03629984334111214
v -0.025635981932282448 0.038441356271505356 -0.036512818187475204
v -0.022140687331557274 0.0390833280980587 -0.03371761366724968
v -0.025054199621081352 0.03830390423536301 -0.037086039781570435
v -0.02220538817346096 0.0368247888982296 -0.0433192253112793
v -0.02782539464533329 0.038319796323776245 -0.0370711050927639
v -0.012277113273739815 0.039026759564876556 -0.03377076983451843
v -0.022281810641288757 0.04045318439602852 -0.0278974249958992
v -0.01921667903661728 0.040229104459285736 -0.028791729360818863
v -0.018627215176820755 0.04035983979701996 -0.02822481095790863
v -0.017825832590460777 0.04040433466434479 -0.028020469471812248
v -0.017027264460921288 0.04035066440701485 -0.02823343500494957
v -0.016445482149720192 0.0402132086455822 -0.028806664049625397
v -0.0005536783137358725 0.04205133393406868 -0.020691562443971634
v -0.005240590311586857 0.04120897874236107 -0.024361178278923035
v -0.0005990037461742759 0.04046913981437683 -0.027417883276939392
v -0.00801178626716137 0.04122487083077431 -0.02434624172747135
v -0.009619886986911297 0.041830215603113174 -0.021803632378578186
v -0.007422321941703558 0.04135560989379883 -0.02377932332456112
v -0.006620940752327442 0.04140010103583336 -0.023574979975819588
v -0.005822371691465378 0.04134643077850342 -0.02378794550895691
v 0.0040834397077560425 0.04115550220012665 -0.024411428719758987
v 0.0046729035675525665 0.04128624126315117 -0.023844510316848755
v 0.005474284756928682 0.0413307324051857 -0.023640166968107224
v 0.008496885187923908 0.04172631353139877 -0.021901272237300873
v 0.011035874485969543 0.04040241241455078 -0.027480589225888252
v 0.006272853817790747 0.04127706587314606 -0.023853132501244545
v 0.00685463473200798 0.04113961011171341 -0.02442636527121067
v 0.01691502146422863 0.04087730497121811 -0.025350311771035194
v 0.015227608382701874 0.0400315597653389 -0.028977366164326668
v 0.015817074105143547 0.04016229882836342 -0.028410447761416435
v 0.016618452966213226 0.04020678997039795 -0.028206106275320053
v 0.019971154630184174 0.040403369814157486 -0.027306849136948586
v 0.010992642492055893 0.03889330476522446 -0.03389618173241615
v 0.020856216549873352 0.03883673623204231 -0.033949341624975204
v 0.017417022958397865 0.04015312343835831 -0.028419071808457375
v 0.01799880526959896 0.04001566767692566 -0.0289923008531332
v 0.0241270512342453 0.0395621657371521 -0.03080364316701889
v 0.024313587695360184 0.03815488889813423 -0.03678201884031296
v 0.02372412383556366 0.03802415356040001 -0.03734892979264259
v 0.026835380122065544 0.03884374350309372 -0.03380601480603218
v 0.020791515707969666 0.03657819703221321 -0.04355095699429512
v 0.025114968419075012 0.03819938376545906 -0.03657766804099083
v 0.02591353841125965 0.03814571350812912 -0.0367906428873539
v 0.026495318859815598 0.03800826147198677 -0.03736386448144913
v 0.027305826544761658 0.03387627378106117 -0.054912347346544266
v 0.03421565890312195 0.03383664786815643 -0.05494958907365799
v 0.033082522451877594 0.035917654633522034 -0.046125348657369614
v 0.032717879861593246 0.03384523466229439 -0.05494151636958122
v 0.028279466554522514 0.035438891500234604 -0.04825162887573242
v 0.02886893041431904 0.035569630563259125 -0.04768471047282219
v 0.029670311138033867 0.035614121705293655 -0.04748035967350006
v 0.030468879267573357 0.03556045517325401 -0.04769333451986313
v 0.031050661578774452 0.035422999411821365 -0.048266563564538956
v 0.02820012718439102 0.03266935795545578 -0.060025621205568314
v 0.028789591044187546 0.03280009329319 -0.05945870280265808
v 0.029590971767902374 0.03284458816051483 -0.05925435572862625
v 0.030389539897441864 0.03279091790318489 -0.05946732684969902
v 0.03097132220864296 0.03265346586704254 -0.06004055589437485
v 0.03296368196606636 0.031769320368766785 -0.06376096606254578
v 0.023498183116316795 0.030137188732624054 -0.07087842375040054
v 0.020638877525925636 0.03124994784593582 -0.06620270013809204
v 0.02408764883875847 0.030267922207713127 -0.0703115165233612
v 0.024889029562473297 0.030312417075037956 -0.07010716199874878
v 0.025687597692012787 0.030258746817708015 -0.07032013684511185
v 0.026269378140568733 0.030121294781565666 -0.07089336216449738
v 0.01066737063229084 0.027538875117897987 -0.08216673880815506
v 0.016280312091112137 0.028403110802173615 -0.07838653773069382
v 0.010710601694881916 0.029047979041934013 -0.0757511556148529
v 0.016517382115125656 0.026996709406375885 -0.08436024188995361
v 0.01488946657627821 0.028227882459759712 -0.07915779948234558
v 0.015478931367397308 0.028358615934848785 -0.07859088480472565
v 0.017078880220651627 0.028349440544843674 -0.07859951257705688
v 0.017660662531852722 0.028211988508701324 -0.07917273044586182
v -0.0009675075416453183 0.027605602517724037 -0.08210403472185135
v 0.0036845740396529436 0.027232114225625992 -0.08360328525304794
v 0.010732588358223438 0.02641979232430458 -0.08692239224910736
v 0.006455769296735525 0.027216220274567604 -0.08361822366714478
v 0.004274038132280111 0.027362847700715065 -0.0830363854765892
v 0.005075419321656227 0.027407342568039894 -0.08283202350139618
v 0.005873987916857004 0.027353672310709953 -0.08304500579833984
v -0.006221237126737833 0.027423039078712463 -0.08297982066869736
v -0.005639456212520599 0.027285588905215263 -0.08355303108692169
v -0.007019806653261185 0.027476711198687553 -0.08276683837175369
v -0.007821187376976013 0.027432214468717575 -0.08297119289636612
v -0.010063396766781807 0.026348425075411797 -0.08762065321207047
v -0.008410651236772537 0.027301480993628502 -0.08353810012340546
v -0.025693561881780624 0.02851257286965847 -0.07871828228235245
v -0.017365407198667526 0.028546983376145363 -0.07841387391090393
v -0.012559154070913792 0.029181433841586113 -0.07562573999166489
v -0.018163975328207016 0.028600653633475304 -0.07820089906454086
v -0.022422727197408676 0.029238002374768257 -0.07557258009910583
v -0.01678362488746643 0.028409531340003014 -0.07898709923028946
v -0.019554821774363518 0.028425423428416252 -0.07897216081619263
v -0.018965356051921844 0.028556158766150475 -0.07840525358915329
v -0.028401890769600868 0.02923099510371685 -0.07571590691804886
v -0.026660488918423653 0.030608059838414192 -0.06982933729887009
v -0.02235802821815014 0.03149653971195221 -0.06597096472978592
v -0.025861922651529312 0.03055438958108425 -0.07004231214523315
v -0.025280140340328217 0.030416937544941902 -0.07061553746461868
v -0.028051335364580154 0.03043282963335514 -0.07060059905052185
v -0.02746187150478363 0.030563564971089363 -0.07003369182348251
v -0.03260667622089386 0.0330180898308754 -0.05969790369272232
v -0.03464903309941292 0.032157085835933685 -0.06339656561613083
v -0.032017212361097336 0.03314882889389992 -0.059130989015102386
v -0.031215833500027657 0.03319332376122475 -0.05892663821578026
v -0.030417263507843018 0.033139653503894806 -0.05913960933685303
v -0.02983548305928707 0.03300219774246216 -0.05971284210681915
v -0.0006422353908419609 0.03896003216505051 -0.03383347764611244
v -0.0009242759551852942 0.029114706441760063 -0.0756884515285492
v -0.012341814115643501 0.036768220365047455 -0.04337238520383835
v -0.0007069360581226647 0.036701492965221405 -0.04343509301543236
v 0.010927941650152206 0.036634765565395355 -0.04349779710173607
v -0.012494453229010105 0.031439971178770065 -0.06602412462234497
v -0.0008595752879045904 0.031373243778944016 -0.06608682870864868
v 0.010775302536785603 0.031306516379117966 -0.06614954024553299
v -0.02228170819580555 0.03416066616773605 -0.05464509502053261
v -0.01241813413798809 0.03410409763455391 -0.05469825491309166
v -0.0007832556730136275 0.03403737023472786 -0.05476096272468567
v 0.010851622559130192 0.03397064283490181 -0.05482366681098938
v 0.020715195685625076 0.033914074301719666 -0.05487682670354843
v 0.034185219556093216 0.027022728696465492 -0.053346581757068634
v 0.03293324261903763 0.024955403059720993 -0.06215795874595642
v 0.029381467029452324 0.02304263785481453 -0.07035600394010544
v 0.023771939799189568 0.02141479030251503 -0.07738203555345535
v 0.016486942768096924 0.020182792097330093 -0.08275723457336426
v 0.008022936061024666 0.019430605694651604 -0.0861152857542038
v -0.0010432722046971321 0.01920948550105095 -0.08722735196352005
v -0.010093835182487965 0.019534505903720856 -0.08601764589548111
v -0.018511973321437836 0.02038351446390152 -0.08256860822439194
v -0.025724001228809357 0.02169865556061268 -0.07711527496576309
v -0.031238434836268425 0.023390300571918488 -0.07002929598093033
v -0.03467947244644165 0.025343168526887894 -0.06179355829954147
v -0.0358126126229763 0.027424173429608345 -0.05296932905912399
v -0.029701337218284607 0.026845121756196022 -0.09647005051374435
v -0.04837276414036751 0.03716066852211952 -0.05861504375934601
v -0.05486439913511276 0.03366361930966377 -0.058216702193021774
v -0.05840896815061569 0.027310125529766083 -0.05695241689682007
v -0.039296697825193405 0.018220940604805946 -0.09522498399019241
v -0.03949788212776184 0.015542262233793736 -0.0948122888803482
v -0.03341888636350632 0.01714017428457737 -0.09970739483833313
v -0.0335911400616169 0.01445617713034153 -0.09931676089763641
v -0.033360790461301804 0.01441926695406437 -0.09946927428245544
v -0.05554599314928055 0.02394717186689377 -0.07119299471378326
v -0.05455133318901062 0.02050178311765194 -0.07401665300130844
v -0.05272300913929939 0.022351298481225967 -0.07792297750711441
v -0.052990276366472244 0.019692949950695038 -0.07742512971162796
v -0.04903029650449753 0.020848514512181282 -0.08424074947834015
v -0.04927939176559448 0.018182769417762756 -0.08377400040626526
v -0.04452972859144211 0.019463995471596718 -0.09004048258066177
v -0.04475666955113411 0.016791436821222305 -0.0896022692322731
v -0.042102329432964325 0.01612124592065811 -0.09240065515041351
v -0.058704227209091187 0.024676183238625526 -0.056351348757743835
v -0.05745195969939232 0.025609396398067474 -0.06416355073451996
v -0.05774250626564026 0.022967083379626274 -0.06359797716140747
v -0.05582715943455696 0.021296676248311996 -0.07066202163696289
v -0.027718178927898407 0.02875508740544319 -0.09395251423120499
v -0.02618989162147045 0.02953585982322693 -0.09184517711400986
v -0.03257625550031662 0.02964835613965988 -0.090247742831707
v -0.030772708356380463 0.030378511175513268 -0.0883503332734108
v -0.036901410669088364 0.030675755813717842 -0.0859626904129982
v -0.034852802753448486 0.03134769946336746 -0.08430807292461395
v -0.040621183812618256 0.03182007372379303 -0.08116916567087173
v -0.038361806422472 0.03242718055844307 -0.07978613674640656
v -0.04367325082421303 0.03306214138865471 -0.07594745606184006
v -0.04124094545841217 0.033598873764276505 -0.07486028969287872
v -0.04600647836923599 0.03438114747405052 -0.07038503885269165
v -0.04344197362661362 0.034843143075704575 -0.06961304694414139
v -0.04758178070187569 0.03575499728322029 -0.06457512825727463
v -0.044928018003702164 0.036139149218797684 -0.06413232535123825
v -0.04567417874932289 0.0374651737511158 -0.0585099421441555
v -0.03267411142587662 0.020788241177797318 -0.0994710773229599
v -0.0384204164147377 0.021844826638698578 -0.09508895128965378
v -0.043536365032196045 0.023060070350766182 -0.09002044796943665
v -0.047936245799064636 0.024413615465164185 -0.08435047417879105
v -0.05154633894562721 0.025882773101329803 -0.07817406207323074
v -0.054306160658597946 0.027442943304777145 -0.07159464061260223
v -0.05616948381066322 0.029067978262901306 -0.0647224709391594
v -0.057105086743831635 0.030730655416846275 -0.05767267569899559
v -0.03139995038509369 0.024114541709423065 -0.09836149960756302
v -0.03691892325878143 0.025129325687885284 -0.09415274113416672
v -0.04183247685432434 0.026296494528651237 -0.089284747838974
v -0.046058289706707 0.02759648859500885 -0.08383910357952118
v -0.049525562673807144 0.029007527977228165 -0.0779070183634758
v -0.052176207304000854 0.03050597384572029 -0.07158789783716202
v -0.05396581068634987 0.032066721469163895 -0.06498759984970093
v -0.034915875643491745 0.027803931385278702 -0.0924934521317482
v -0.03955839201807976 0.02890671417117119 -0.08789399266242981
v -0.04355110600590706 0.03013499826192856 -0.08274873346090317
v -0.04682711884379387 0.03146820515394211 -0.07714387029409409
v -0.04933154955506325 0.03288399428129196 -0.07117331773042679
v -0.05102243646979332 0.03435864672064781 -0.06493709981441498
v -0.05187145993113518 0.035867463797330856 -0.05853968858718872
v 0.057175811380147934 0.024943994358181953 -0.053012534976005554
v 0.05697910487651825 0.023935506120324135 -0.05730306729674339
v 0.055987175554037094 0.022359533235430717 -0.06402090191841125
v 0.05588584393262863 0.022249555215239525 -0.06449030339717865
v 0.05385373532772064 0.020613720640540123 -0.07148236036300659
v 0.052615370601415634 0.0198871698230505 -0.07459422200918198
v 0.0509164072573185 0.019055083394050598 -0.07816344499588013
v 0.047122497111558914 0.017599454149603844 -0.08442294597625732
v 0.04253481328487396 0.016270922496914864 -0.09015726298093796
v 0.03991951793432236 0.01565084047615528 -0.0928427055478096
v 0.03722931072115898 0.015091490931808949 -0.09527142345905304
v 0.0312938317656517 0.014080682769417763 -0.09968078881502151
v 0.024237284436821938 0.013192127458751202 -0.10359176993370056
v 0.021021077409386635 0.012879947200417519 -0.10497982800006866
v 0.01727122813463211 0.012580703012645245 -0.10632303357124329
v 0.010002036578953266 0.012181984260678291 -0.10815590620040894
v 0.0025514960289001465 0.01200264971703291 -0.10905968397855759
v -0.0012028343044221401 0.011996335349977016 -0.10915781557559967
v -0.004955569747835398 0.012045703828334808 -0.1090192198753357
v -0.012393388897180557 0.012310424819588661 -0.10803520679473877
v -0.019637351855635643 0.012792378664016724 -0.10612411797046661
v -0.023368826135993004 0.013134528882801533 -0.10474058985710144
v -0.026566093787550926 0.01348349079489708 -0.10331796854734421
v -0.04423026368021965 0.012676688842475414 0.037021342664957047
v -0.044355981051921844 0.008288245648145676 0.018364958465099335
v -0.04513508826494217 0.012892994098365307 0.036976560950279236
v -0.04526080563664436 0.008504549972712994 0.018320174887776375
v -0.04584179446101189 0.013484606519341469 0.03684215992689133
v -0.04596750810742378 0.009096162393689156 0.018185775727033615
v -0.046197112649679184 0.01432322058826685 0.03664729371666908
v -0.04632282629609108 0.009934776462614536 0.01799090765416622
v -0.046206358820199966 0.014387181960046291 0.03663231059908867
v -0.04624970257282257 0.010838518850505352 0.017777832224965096
v -0.04612398520112038 0.015226962976157665 0.03643421828746796
v -0.04612124338746071 0.01540973037481308 0.03724798560142517
v -0.046113044023513794 0.0156088937073946 0.038057900965213776
v -0.046195417642593384 0.014769112691283226 0.03825599327683449
v -0.04440698400139809 0.012868699617683887 0.03783416748046875
v -0.04519984871149063 0.013111689127981663 0.03778267651796341
v -0.04584179446101189 0.01348460465669632 0.036842163652181625
v -0.04421932250261307 0.013058620505034924 0.038645029067993164
v -0.04512414708733559 0.013274924829602242 0.03860024735331535
v -0.045830853283405304 0.013866535387933254 0.038465846329927444
v -0.0461861714720726 0.014705151319503784 0.0382709763944149
v -0.04606637731194496 0.017237907275557518 0.04498325288295746
v -0.046149443835020065 0.016403650864958763 0.045180048793554306
v -0.04613950476050377 0.016334164887666702 0.045196328312158585
v -0.045830853283405304 0.013866537250578403 0.038465846329927444
v -0.04578418657183647 0.015495550818741322 0.04539119452238083
v -0.044172655791044235 0.014687634073197842 0.04557037726044655
v -0.04459589347243309 0.014734199270606041 0.04556227847933769
v -0.045077480375766754 0.01490393839776516 0.04552559554576874
v -0.0452241413295269 0.015207862481474876 0.046535443514585495
v -0.044325556606054306 0.015088141895830631 0.04726991802453995
v -0.044447947293519974 0.014930006116628647 0.04659540578722954
v -0.044836774468421936 0.015024520456790924 0.04657595977187157
v -0.04433465376496315 0.01477051991969347 0.04591963067650795
v -0.04613564908504486 0.01688516139984131 0.04722706973552704
v -0.04606594517827034 0.017459271475672722 0.046011462807655334
v -0.04605258256196976 0.017719415947794914 0.04703027009963989
v -0.04586636275053024 0.01583859510719776 0.046391408890485764
v -0.04557836428284645 0.015483039431273937 0.04647310450673103
v -0.04415886104106903 0.015169143676757812 0.04761739820241928
v -0.044582102447748184 0.015215708874166012 0.047609295696020126
v -0.04506368562579155 0.01538544800132513 0.04757261276245117
v -0.046125710010528564 0.0168156735599041 0.04724334552884102
v -0.04577039182186127 0.015977060422301292 0.04743821546435356
v -0.04602012410759926 0.018852485343813896 0.05184723064303398
v -0.046093251556158066 0.01794874295592308 0.05206030607223511
v -0.04573793336749077 0.017110127955675125 0.05225517228245735
v -0.04503122717142105 0.016518516466021538 0.05238957330584526
v -0.04412640258669853 0.016302211210131645 0.05243435502052307
v 0.043276913464069366 0.007785660680383444 0.017892662435770035
v 0.043460238724946976 0.014185048639774323 0.04509808123111725
v 0.04388387128710747 0.014226757921278477 0.04508541524410248
v 0.044183626770973206 0.007991575635969639 0.017838116735219955
v 0.044366948306560516 0.014390964061021805 0.04504353553056717
v 0.04489557817578316 0.008575052954256535 0.017696069553494453
v 0.04507890343666077 0.014974440447986126 0.044901490211486816
v 0.04525836929678917 0.009409547783434391 0.017497330904006958
v 0.04544169455766678 0.015808936208486557 0.04470275342464447
v 0.045193322002887726 0.010314082726836205 0.017285000532865524
v 0.04545225575566292 0.015878304839134216 0.04468636214733124
v 0.045376647263765335 0.016713470220565796 0.04449041932821274
v 0.04545548930764198 0.016290444880723953 0.046749770641326904
v 0.04546605050563812 0.016359815374016762 0.04673338308930397
v 0.045175787061452866 0.015316457487642765 0.04590073972940445
v 0.04362693056464195 0.014266050420701504 0.04544556140899658
v 0.04374932497739792 0.014424184337258339 0.046120066195726395
v 0.04413897544145584 0.014514234848320484 0.046096429228782654
v 0.04539044201374054 0.01719498075544834 0.04653744027018547
v 0.04538983479142189 0.01693476364016533 0.04551856219768524
v 0.04438074305653572 0.014872473664581776 0.0470905564725399
v 0.04452795907855034 0.014693123288452625 0.04605172947049141
v 0.04389766603708267 0.014708267524838448 0.04713243618607521
v 0.043636031448841095 0.01458367146551609 0.04679584875702858
v 0.04347402974963188 0.014666558243334293 0.04714510217308998
v 0.04488462582230568 0.014964223839342594 0.04598555341362953
v 0.04509269818663597 0.015455950051546097 0.04694851115345955
v 0.04350649192929268 0.0157996267080307 0.05196205899119377
v 0.04441320151090622 0.016005542129278183 0.05190751329064369
v 0.04512515664100647 0.01658901758491993 0.05176546797156334
v 0.04548794776201248 0.017423514276742935 0.05156673118472099
v 0.04542290046811104 0.018328048288822174 0.05135440081357956
v -0.032616570591926575 0.008220918476581573 0.018301688134670258
v -0.03238699212670326 0.016234884038567543 0.05237108841538429
v -0.03186218813061714 0.008360152132809162 0.01826385408639908
v -0.03163261339068413 0.016374118626117706 0.05233325436711311
v -0.031217779964208603 0.008765963837504387 0.018164055421948433
v -0.03098820336163044 0.016779929399490356 0.05223345384001732
v -0.03077837824821472 0.009378505870699883 0.018017008900642395
v -0.03054880164563656 0.017392471432685852 0.05208640545606613
v 0.029709748923778534 0.009031599387526512 0.017691008746623993
v 0.029939325526356697 0.01704556494951248 0.05176040902733803
v 0.030143655836582184 0.008414048701524734 0.017833348363637924
v 0.030373232439160347 0.016428014263510704 0.05190274864435196
v 0.030784405767917633 0.008000866509974003 0.01792622171342373
v 0.031013982370495796 0.016014833003282547 0.051995620131492615
v 0.031537506729364395 0.007852987386286259 0.017955930903553963
v 0.03176708146929741 0.015866953879594803 0.05202532932162285
v 0.0010596722131595016 0.030246155336499214 0.012893879786133766
v 0.0012892495142295957 0.038260120898485184 0.04696327820420265
v 0.0012911019148305058 0.02932821400463581 0.013108243234455585
v 0.0015206792159006 0.03734217956662178 0.047177642583847046
v 0.0019390712259337306 0.02862377278506756 0.013269578106701374
v 0.0021686486434191465 0.03663773834705353 0.047338977456092834
v 0.0028509630355983973 0.02829875610768795 0.013339885510504246
v 0.0030805403366684914 0.03631272166967392 0.047409284859895706
v -0.0037488325033336878 0.028336606919765472 0.01337545458227396
v -0.0035192552022635937 0.03635057434439659 0.04744485393166542
v -0.0028340837452560663 0.028651148080825806 0.013295303098857403
v -0.002604506444185972 0.036665111780166626 0.047364700585603714
v -0.0021798538509756327 0.029348120093345642 0.013126949779689312
v -0.0019502764334902167 0.03736208379268646 0.04719634726643562
v -0.0019402349134907126 0.03026336058974266 0.012910047546029091
v -0.0017106576124206185 0.03827732428908348 0.04697944596409798
v -0.0018922188319265842 0.04101191461086273 0.010381397791206837
v -0.0016626415308564901 0.04902588203549385 0.0444507971405983
v -0.0020558806136250496 0.04179200530052185 0.010199004784226418
v -0.0018263033125549555 0.04980596899986267 0.0442684032022953
v -0.0025264720898121595 0.04244362190365791 0.010048899799585342
v -0.0022968947887420654 0.050457585602998734 0.04411829635500908
v -0.0032253344543278217 0.04285784810781479 0.009956171736121178
v -0.002995756920427084 0.05087181553244591 0.044025570154190063
v -0.004035654477775097 0.04296544939279556 0.009936322458088398
v -0.003806077176705003 0.05097941309213638 0.04400572180747986
v 0.0032684672623872757 0.04292355850338936 0.009896956384181976
v 0.00349804456345737 0.05093752220273018 0.04396635666489601
v 0.002457227325066924 0.042825259268283844 0.009925546124577522
v 0.002686804626137018 0.050839222967624664 0.04399494454264641
v 0.0017546999733895063 0.04241906851530075 0.010025826282799244
v 0.0019842772744596004 0.05043303221464157 0.044095225632190704
v 0.0012783112470060587 0.041772883385419846 0.010181034915149212
v 0.0015078886644914746 0.049786847084760666 0.04425043240189552
v 0.00110768829472363 0.040994711220264435 0.010365230031311512
v 0.001337265595793724 0.049008674919605255 0.04443462938070297
v -0.0040305485017597675 0.02830948494374752 0.013383733108639717
v -0.011068896390497684 0.04196973145008087 0.010217932984232903
v -0.012531718239188194 0.02632065862417221 0.013908839784562588
v -0.02122943475842476 0.03857225179672241 0.0110855707898736
v -0.02019411511719227 0.02222684770822525 0.014923438429832458
v -0.03035511076450348 0.03305787593126297 0.01244418229907751
v -0.026479465886950493 0.016315635293722153 0.01635625585913658
v -0.0379883237183094 0.025703107938170433 0.014225643128156662
v -0.04374631494283676 0.01687675155699253 0.016340620815753937
v -0.044145602732896805 0.012638191692531109 0.036859311163425446
v -0.04341837763786316 0.012466375716030598 0.036142781376838684
v -0.0424201637506485 0.012399287894368172 0.03587656468153
v -0.04141843691468239 0.012454906478524208 0.036132004112005234
v -0.04068160802125931 0.012618325650691986 0.03684064373373985
v -0.04040710628032684 0.012845760211348534 0.03781261295080185
v -0.040668487548828125 0.013076267205178738 0.038787469267845154
v -0.04139571636915207 0.013248083181679249 0.039503999054431915
v -0.04036136716604233 0.015065406449139118 0.04724855348467827
v -0.040921080857515335 0.015264754183590412 0.0480852946639061
v -0.043754611164331436 0.015281004831194878 0.04810056462883949
v -0.04284775257110596 0.01538716908544302 0.04856905713677406
v -0.04184826835989952 0.014448756352066994 0.04459911957383156
v -0.04287446662783623 0.014454641379415989 0.044604647904634476
v -0.04239392653107643 0.0133151700720191 0.039770208299160004
v -0.04377494379878044 0.014571172185242176 0.04508288949728012
v -0.04339565336704254 0.013259553350508213 0.039514776319265366
v -0.04413248226046562 0.013096134178340435 0.038806136697530746
v -0.04182155430316925 0.01538128312677145 0.04856352508068085
v -0.04094141721725464 0.014554922468960285 0.04506761580705643
v -0.04037046432495117 0.014747785404324532 0.04589826613664627
v -0.0402480773627758 0.014905919320881367 0.04657277092337608
v 0.003132422221824527 0.02826840430498123 0.013345128856599331
v 0.01029245276004076 0.04184722155332565 0.010102806612849236
v 0.011615387164056301 0.02618217281997204 0.01377869863063097
v 0.020422115921974182 0.03833337873220444 0.010861090384423733
v 0.029498057439923286 0.0327146090567112 0.012121605686843395
v 0.019240817055106163 0.022000683471560478 0.014710905030369759
v 0.03706517443060875 0.025272667407989502 0.01382114365696907
v 0.025473034009337425 0.01601768098771572 0.016076259315013885
v 0.04274401441216469 0.01638071984052658 0.015874482691287994
v 0.04305598512291908 0.014073187485337257 0.04461491480469704
v 0.04022245854139328 0.014089438132941723 0.04463018476963043
v 0.041122931987047195 0.013972907327115536 0.044151946902275085
v 0.043076321482658386 0.014783019199967384 0.04763258993625641
v 0.042175840586423874 0.014899549074470997 0.04811082407832146
v 0.041149646043777466 0.014905434101819992 0.04811635613441467
v 0.040242791175842285 0.01479926984757185 0.0476478636264801
v 0.042149126529693604 0.013967021368443966 0.04414641484618187
v 0.03967184200882912 0.014606406912207603 0.04681721702218056
v 0.03954945504665375 0.014448271133005619 0.04614270105957985
v 0.039662741124629974 0.014288785867393017 0.04546692594885826
v 0.044317763298749924 0.04228391870856285 -0.04505161568522453
v 0.04438246414065361 0.044542454183101654 -0.03545000031590462
v 0.047150541096925735 0.04567255824804306 -0.02950017713010311
v 0.044406015425920486 0.04536464810371399 -0.03195464611053467
v 0.044422268867492676 0.045931972563266754 -0.029542813077569008
v 0.05935657396912575 0.031244704499840736 -0.026188639923930168
v 0.059175748378038406 0.02493252605199814 -0.053023312240839005
v 0.059118032455444336 0.033903028815984726 -0.02681233547627926
v 0.058681536465883255 0.028714537620544434 -0.053909603506326675
v 0.05823976546525955 0.03683890774846077 -0.027497008442878723
v 0.05805893987417221 0.03052672930061817 -0.05433168262243271
v 0.05694727972149849 0.039248671382665634 -0.028055135160684586
v 0.05719880387187004 0.03224467113614082 -0.05472998693585396
v 0.05500943586230278 0.04159453883767128 -0.02859388291835785
v 0.05482860654592514 0.03528235852718353 -0.055428557097911835
v 0.05261952802538872 0.04350483417510986 -0.029027128592133522
v 0.051732469350099564 0.03762058541178703 -0.05595770105719566
v 0.05015737935900688 0.04478760063648224 -0.02931227535009384
v 0.04997655004262924 0.03847542032599449 -0.05614694952964783
v 0.048121385276317596 0.039100006222724915 -0.05628136545419693
v 0.044241443276405334 0.03961979225277901 -0.056377485394477844
v 0.058996062725782394 0.03320517763495445 -0.01852254755795002
v 0.05911986902356148 0.03290824964642525 -0.01989949494600296
v 0.0588110014796257 0.03550843149423599 -0.020311620086431503
v 0.043891116976737976 0.0480012446641922 -0.011993025429546833
v 0.04366341605782509 0.04799836128950119 -0.010324030183255672
v 0.04601702094078064 0.04761442914605141 -0.009784869849681854
v 0.04255083575844765 0.047693025320768356 -0.004069265443831682
v 0.04475223645567894 0.04724908992648125 -0.003440766129642725
v 0.04837943986058235 0.04679907485842705 -0.009246035479009151
v 0.04695292189717293 0.046416956931352615 -0.0028427280485630035
v 0.050638701766729355 0.045539695769548416 -0.00873335637152195
v 0.04905881732702255 0.045190710574388504 -0.002303937915712595
v 0.05267838016152382 0.043864913284778595 -0.008273444138467312
v 0.05097320303320885 0.04359767213463783 -0.0018514114199206233
v 0.054395630955696106 0.04184491187334061 -0.007889567874372005
v 0.052610211074352264 0.04169806092977524 -0.0015063113532960415
v 0.055717743933200836 0.039582155644893646 -0.007597887422889471
v 0.053907182067632675 0.03957773372530937 -0.0012808346655219793
v 0.05661192163825035 0.037194788455963135 -0.007405305281281471
v 0.05483230948448181 0.03733575716614723 -0.0011768299154937267
v 0.057954322546720505 0.03659949451684952 -0.0137884970754385
v 0.05709618330001831 0.03911968320608139 -0.01409769244492054
v 0.055753517895936966 0.04151710495352745 -0.014474073424935341
v 0.053959332406520844 0.04365342855453491 -0.014902872033417225
v 0.05179692432284355 0.045408252626657486 -0.01536270510405302
v 0.04938770458102226 0.046700652688741684 -0.01582898013293743
v 0.04686953127384186 0.04750092700123787 -0.016278088092803955
v 0.04462357610464096 0.04734000563621521 -0.021749725565314293
v 0.04437323659658432 0.047829244285821915 -0.01669098623096943
v 0.04422858729958534 0.047921232879161835 -0.015017335303127766
v 0.04389236494898796 0.048001162707805634 -0.012002804316580296
v 0.05834449455142021 0.034089092165231705 -0.013553107157349586
v 0.04464176297187805 0.047146864235401154 -0.023151209577918053
v 0.047265637665987015 0.04686281457543373 -0.0229046531021595
v 0.0499284490942955 0.04607061669230461 -0.02257922664284706
v 0.05248028412461281 0.04474232345819473 -0.022182414308190346
v 0.054760728031396866 0.04290886968374252 -0.02173132821917534
v 0.05662859231233597 0.04066263511776924 -0.02125072292983532
v 0.05798953399062157 0.03814287483692169 -0.020768746733665466
v 0.05708566680550575 0.034798137843608856 -0.007309457287192345
v 0.0553857684135437 0.035070400685071945 -0.0011866007698699832
v 0.059349607676267624 0.028536604717373848 -0.024599725380539894
v 0.05916270241141319 0.022012272849678993 -0.05233630910515785
v 0.05935314670205116 0.02989417128264904 -0.025387780740857124
v 0.052321746945381165 0.00431328359991312 -0.0039524235762655735
v 0.05125436186790466 0.0026746245566755533 -0.00542810745537281
v 0.05230248346924782 0.0026041832752525806 -0.005707630421966314
v 0.05049077421426773 0.0028550317510962486 -0.0046757482923567295
v 0.050216324627399445 0.003097064094617963 -0.0036521509755402803
v 0.05412796884775162 0.002834171988070011 -0.004695350769907236
v 0.054416194558143616 0.0030729772988706827 -0.0036747860722243786
v 0.05335429683327675 0.0026625811588019133 -0.005439424887299538
v 0.04140053689479828 0.007065524812787771 0.007801552303135395
v 0.04038398340344429 0.005504896864295006 0.006396142300218344
v 0.04138219356536865 0.005437809508293867 0.006129928398877382
v 0.039656754583120346 0.005676712840795517 0.0071126725524663925
v 0.039395373314619064 0.005907219368964434 0.008087526075541973
v 0.04312074929475784 0.005656846333295107 0.007094003260135651
v 0.04339525103569031 0.00588427996262908 0.008065968751907349
v 0.04238392040133476 0.005493427161127329 0.0063853636384010315
v 0.05621296167373657 0.006088129244744778 0.010717276483774185
v 0.054071005433797836 0.008079259656369686 0.022887442260980606
v 0.054358530789613724 0.002645585685968399 0.024163639172911644
v 0.05382964015007019 0.03463495522737503 0.004018416628241539
v 0.05448469519615173 0.029061730951070786 0.0053249625489115715
v 0.05046333745121956 0.006528750527650118 0.04808790981769562
v 0.04824836552143097 0.020944559946656227 0.04168005660176277
v 0.04906179755926132 0.024517087265849113 0.031678706407547
v 0.047227732837200165 0.02487180568277836 0.0392971895635128
v 0.0476423017680645 0.029036907479166985 0.030625099316239357
v 0.04666638374328613 0.026873484253883362 0.03799821063876152
v 0.046038202941417694 0.033372219651937485 0.029616136103868484
v 0.04479915276169777 0.03319248929619789 0.03365283086895943
v 0.05000662803649902 0.03582553565502167 0.01484271977096796
v 0.04700007289648056 0.036397818475961685 0.022862201556563377
v 0.04362960532307625 0.03710143268108368 0.03087739087641239
v 0.05555024743080139 0.01769137568771839 0.007992371916770935
v 0.05719227343797684 0.02246987074613571 -0.0020049901213496923
v 0.05600769817829132 0.03168492391705513 -0.00158674456179142
v 0.058141469955444336 0.006638277787715197 -0.0009472162346355617
v 0.05760717764496803 0.01747778244316578 -0.0018911083461716771
v 0.05055122822523117 0.0027692506555467844 0.04910901188850403
v 0.058327533304691315 -0.008398473262786865 0.0017859264044091105
v 0.05821947008371353 0.0037542011123150587 -0.0005479560932144523
v 0.04993392154574394 0.03400358930230141 0.016817275434732437
v 0.051063500344753265 0.02904931642115116 0.017975032329559326
v 0.05206211656332016 0.023964159190654755 0.01916445791721344
v 0.05290841683745384 0.01876152493059635 0.02038254216313362
v 0.05358334630727768 0.013459285721182823 0.02162521332502365
v 0.049353089183568954 0.015808047726750374 0.04441309720277786
v 0.04971351474523544 0.013695495203137398 0.045398060232400894
v 0.05006754770874977 0.011136241257190704 0.0464727021753788
v 0.05840330943465233 0.015130116604268551 -0.005430293269455433
v 0.0593436025083065 0.028897510841488838 -0.023065730929374695
v 0.059304818511009216 0.029258448630571365 -0.021532224491238594
v 0.05898654833436012 0.007759836968034506 -0.007807052694261074
v 0.059017688035964966 0.0018915667897090316 -0.0065114242024719715
v 0.05925557017326355 0.0010065631940960884 -0.012752419337630272
v 0.059006452560424805 -0.00972354132682085 -0.003833661787211895
v 0.05920444056391716 -0.011038911528885365 -0.009421157650649548
v 0.05757840350270271 0.02841787599027157 -0.00639566034078598
v 0.0585826113820076 0.02607877552509308 -0.011215964332222939
v 0.057190392166376114 0.03204237297177315 -0.006358737591654062
v 0.05818886682391167 0.03278709948062897 -0.011866625398397446
v 0.058919161558151245 0.013704322278499603 -0.009053126908838749
v 0.05908767133951187 0.02961406297981739 -0.017730150371789932
v 0.059166837483644485 0.02371382899582386 -0.01609230600297451
v 0.058796558529138565 0.019785543903708458 -0.010214471258223057
v 0.05809450522065163 0.02159520611166954 -0.006078270263969898
v 0.05921585485339165 0.012270898558199406 -0.012697389349341393
v 0.05929992347955704 0.012737096287310123 -0.017005665227770805
v 0.05932384729385376 0.0220218263566494 -0.019506191834807396
v 0.05919172614812851 -0.011482706293463707 -0.011307839304208755
v 0.05900290235877037 -0.011717326939105988 -0.01230873167514801
v 0.05357152223587036 -0.011788934469223022 -0.012716248631477356
v 0.053754158318042755 0.029094556346535683 -0.02233428880572319
v 0.054414357990026474 0.028906194493174553 -0.02312241867184639
v 0.059185538440942764 0.029166163876652718 -0.021926771849393845
v 0.05423172190785408 -0.011977295391261578 -0.01350437942892313
v 0.05568903312087059 0.028752053156495094 -0.023753423243761063
v 0.055506400763988495 -0.012131436727941036 -0.014135384000837803
v 0.05711958557367325 0.02874935418367386 -0.02373773604631424
v 0.056936949491500854 -0.012134136632084846 -0.01411969680339098
v 0.05838068202137947 0.02889871411025524 -0.023078905418515205
v 0.058198049664497375 -0.011984776705503464 -0.013460865244269371
v 0.043574750423431396 0.0025850546080619097 0.04819357395172119
v 0.043697141110897064 0.002743188524618745 0.048868078738451004
v 0.03949727118015289 0.0027672750875353813 0.04889071360230446
v 0.03961056098341942 0.0026077895890921354 0.04821493849158287
v 0.040170274674892426 0.0024084418546408415 0.04737819731235504
v 0.04107075184583664 0.0022919110488146544 0.046899955719709396
v 0.04209694638848305 0.0022860257886350155 0.04689442738890648
v 0.04300380498170853 0.002392191207036376 0.047362927347421646
v 0.05016240477561951 -0.008973299525678158 -0.0008125393069349229
v 0.05043685436248779 -0.009215331636369228 -0.0018361365655437112
v 0.051200442016124725 -0.009395739063620567 -0.00258849561214447
v 0.05224856361746788 -0.009466180577874184 -0.002868018811568618
v 0.05330037698149681 -0.009407782927155495 -0.002599813276901841
v 0.05407404899597168 -0.009236191399395466 -0.0018557391595095396
v 0.05436227470636368 -0.008997386321425438 -0.0008351744618266821
v 0.03934145346283913 -0.006163144484162331 0.010927137918770313
v 0.03960283473134041 -0.006393651012331247 0.009952284395694733
v 0.04033006355166435 -0.0065654669888317585 0.009235753677785397
v 0.041328273713588715 -0.006632554344832897 0.008969539776444435
v 0.042330000549554825 -0.006576936691999435 0.009224975481629372
v 0.043066829442977905 -0.006413517519831657 0.00993361510336399
v 0.04334132745862007 -0.0061860838904976845 0.010905580595135689
v -0.06063970550894737 0.03193289786577225 -0.025541922077536583
v -0.060820531100034714 0.0256207175552845 -0.05237659439444542
v -0.060643136501312256 0.03058236837387085 -0.02474106475710869
v -0.06083357706665993 0.022700466215610504 -0.05168959125876427
v -0.060646675527095795 0.02922479622066021 -0.02395300753414631
v -0.05792201682925224 0.0355152003467083 -0.005900182295590639
v -0.0589953176677227 0.035088591277599335 -0.01048689428716898
v -0.05946142598986626 0.032157085835933685 -0.011466189287602901
v -0.060217127203941345 0.03154190257191658 -0.016927536576986313
v -0.060118451714515686 0.033986691385507584 -0.01739802584052086
v -0.060290370136499405 0.03365277126431465 -0.018987081944942474
v -0.059362977743148804 0.034842029213905334 -0.012381845153868198
v -0.05807087570428848 0.03356681391596794 -0.005447444971650839
v -0.05615869164466858 0.03493707627058029 0.0004134566697757691
v -0.05606324225664139 0.035712771117687225 0.0002959922421723604
v -0.06031850725412369 0.03072698414325714 -0.0175614170730114
v -0.0602925568819046 0.029396867379546165 -0.053268395364284515
v -0.06037742644548416 0.034588348120450974 -0.02616831846535206
v -0.05965379998087883 0.03120182454586029 -0.05369727313518524
v -0.05947297438979149 0.03751400485634804 -0.026862598955631256
v -0.05877836048603058 0.0329098142683506 -0.05410493165254593
v -0.05815901979804039 0.03990882262587547 -0.02743477374315262
v -0.05638114735484123 0.0359201580286026 -0.054829191416502
v -0.05620032176375389 0.04223233833909035 -0.027994520962238312
v -0.053264275193214417 0.03822275251150131 -0.0553918220102787
v -0.05379346385598183 0.04411512613296509 -0.02845361828804016
v -0.05150081217288971 0.039057407528162 -0.055600035935640335
v -0.05131998658180237 0.04536958411335945 -0.028765365481376648
v -0.04964016005396843 0.039660681039094925 -0.05575447902083397
v -0.04830538481473923 0.04622000828385353 -0.02898572012782097
v -0.04557494819164276 0.04644811525940895 -0.02905777469277382
v -0.04559119790792465 0.045880794525146484 -0.03146960958838463
v -0.04561475291848183 0.04505860060453415 -0.03496496379375458
v -0.04567945376038551 0.04280006140470505 -0.04456657916307449
v -0.0457557737827301 0.0401359386742115 -0.055892448872327805
v -0.058939408510923386 0.037338849157094955 -0.012608328834176064
v -0.05741136893630028 0.037890203297138214 -0.005986060481518507
v -0.04560843110084534 0.047767337411642075 -0.002953769639134407
v -0.04340898618102074 0.048186011612415314 -0.003605986712500453
v -0.044456250965595245 0.048489756882190704 -0.009042858146131039
v -0.05482695996761322 0.040201347321271896 -0.0006948058144189417
v -0.05648774281144142 0.040249112993478775 -0.006175643764436245
v -0.05350826308131218 0.042306676506996155 -0.0009343841229565442
v -0.05514600872993469 0.04247873276472092 -0.006472214590758085
v -0.05185338109731674 0.04418741166591644 -0.0012972221011295915
v -0.053420137614011765 0.04446382075548172 -0.0068693081848323345
v -0.04992584139108658 0.04575841501355171 -0.0017704583005979657
v -0.05138249695301056 0.046104952692985535 -0.007350555621087551
v -0.047811947762966156 0.046960458159446716 -0.002331990748643875
v -0.04913419485092163 0.04733441397547722 -0.007891833782196045
v -0.04678904265165329 0.04812503606081009 -0.008465125225484371
v -0.056037601083517075 0.03617051616311073 0.0001119462976930663
v -0.05604769289493561 0.037079885601997375 -0.0005688030505552888
v -0.05577656999230385 0.037970125675201416 -0.0005807008710689843
v -0.058052632957696915 0.03983830660581589 -0.012915806844830513
v -0.05668836086988449 0.04220912978053093 -0.013298752717673779
v -0.0548810176551342 0.04431511461734772 -0.013742831535637379
v -0.052714113146066666 0.046038396656513214 -0.014226271770894527
v -0.05030805617570877 0.047300368547439575 -0.014723259955644608
v -0.04779887944459915 0.04807298257946968 -0.015208332799375057
v -0.04531535133719444 0.04837721958756447 -0.01566031575202942
v -0.05995282530784607 0.036246027797460556 -0.019394485279917717
v -0.059104666113853455 0.038866542279720306 -0.01985372230410576
v -0.05772095173597336 0.04136573150753975 -0.020345598459243774
v -0.05583580210804939 0.04358599707484245 -0.02084408327937126
v -0.05354435741901398 0.045389965176582336 -0.021320341154932976
v -0.05098773166537285 0.046687375754117966 -0.021748073399066925
v -0.048325516283512115 0.04744918271899223 -0.02210809476673603
v -0.04570642113685608 0.04770471900701523 -0.02239072136580944
v -0.05620031803846359 0.042232345789670944 -0.02799452282488346
v 0.047636378556489944 0.004094645846635103 0.054687533527612686
v 0.04987495020031929 0.004086327273398638 0.054694678634405136
v 0.04983309656381607 0.010952289216220379 0.08387909084558487
v 0.0478331558406353 0.010963758453726768 0.08388987183570862
v 0.04967431724071503 0.005409688223153353 0.060316093266010284
v 0.04971497133374214 0.004748067352920771 0.05750450864434242
v 0.04135451093316078 -0.005716673098504543 0.012863182462751865
v 0.042352721095085144 -0.005783760454505682 0.012596968561410904
v 0.05001591891050339 -0.010480818338692188 -0.007223344873636961
v 0.04202030226588249 -0.00833085086196661 0.0017637171549722552
v 0.04035278409719467 -0.005772290751338005 0.012607746757566929
v 0.03961595147848129 -0.005935709923505783 0.01189910713583231
v 0.05408782139420509 -0.008755354210734367 0.00018842284043785185
v 0.03237951919436455 -0.006570643279701471 0.009062779136002064
v 0.051224298775196075 -0.008562903851270676 0.0009520994499325752
v 0.05045062676072121 -0.00873449444770813 0.00020802541985176504
v 0.04307994619011879 -0.005955576431006193 0.011880437843501568
v 0.03232906013727188 -0.0065631321631371975 0.009093748405575752
v 0.032636839896440506 0.0041806697845458984 0.05476837232708931
v 0.03961966186761856 0.0029254108667373657 0.04956522583961487
v 0.04019061103463173 0.0031182740349322557 0.05039587244391441
v 0.04109746590256691 0.0032244380563497543 0.050864364951848984
v 0.04212366044521332 0.003218552563339472 0.050858836621046066
v 0.04302413761615753 0.0031020233873277903 0.05038060247898102
v 0.04358385130763054 0.0029026756528764963 0.04954386129975319
v 0.05332423374056816 -0.008574946783483028 0.0009407819015905261
v 0.052276112139225006 -0.008504505269229412 0.0012203051010146737
v 0.05861108750104904 0.023142270743846893 -0.060643889009952545
v 0.057933077216148376 0.019338689744472504 -0.06372428685426712
v 0.05794612318277359 0.0222589410841465 -0.06441128998994827
v 0.05702950060367584 0.02138853631913662 -0.06812853366136551
v 0.054458051919937134 0.01970132626593113 -0.07534920424222946
v 0.05444500595331192 0.016781074926257133 -0.07466220110654831
v 0.05094074085354805 0.018109513446688652 -0.08218232542276382
v 0.048832543194293976 0.014437714591622353 -0.08472971618175507
v 0.04884558916091919 0.01735796593129635 -0.08541671931743622
v 0.02883584424853325 0.013206922449171543 -0.10344155877828598
v 0.032183557748794556 0.01366253662854433 -0.10144130885601044
v 0.03217051178216934 0.01074228435754776 -0.10075430572032928
v 0.03538993000984192 0.01416788250207901 -0.09923234581947327
v 0.041311368346214294 0.012398666702210903 -0.09353993833065033
v 0.04132441058754921 0.0153189180418849 -0.09422694146633148
v 0.04653774946928024 0.016640329733490944 -0.08851100504398346
v 0.021774299442768097 0.012452475726604462 -0.10678258538246155
v 0.021761253476142883 0.009532224386930466 -0.1060955822467804
v 0.014326118864119053 0.011917457915842533 -0.10919822007417679
v 0.010483620688319206 0.00881498958915472 -0.10935848206281662
v 0.010496665723621845 0.011735240928828716 -0.11004549264907837
v -0.0012289982987567782 0.008618145249783993 -0.11041761934757233
v -0.0012159529142081738 0.011538397520780563 -0.11110462248325348
v 0.00661874283105135 0.011611014604568481 -0.11064717918634415
v 0.05123839154839516 0.036054112017154694 -0.0626257061958313
v 0.0543052963912487 0.033623192459344864 -0.062491126358509064
v 0.058121681213378906 0.02693953365087509 -0.06146525964140892
v 0.05655357241630554 0.02520073764026165 -0.0688861533999443
v 0.05400402471423149 0.023527899757027626 -0.07604531198740005
v 0.046151190996170044 0.020492980256676674 -0.08909498900175095
v 0.050516676157712936 0.02194964699447155 -0.08282022178173065
v 0.040982261300086975 0.019182823598384857 -0.09476223587989807
v 0.02860008366405964 0.017088819295167923 -0.10389836132526398
v 0.03509833663702011 0.018041592091321945 -0.09972500801086426
v 0.02159869112074375 0.016340799629688263 -0.1072109267115593
v 0.006572237703949213 0.015506506897509098 -0.11104259639978409
v 0.014213957823812962 0.015810338780283928 -0.10960599035024643
v -0.0011957184178754687 0.01543450728058815 -0.11149615049362183
v 0.05665305629372597 0.03051437810063362 -0.062095317989587784
v 0.055124446749687195 0.028819382190704346 -0.06932928413152695
v 0.05263912305235863 0.027188684791326523 -0.07630810141563416
v 0.049239616841077805 0.025650184601545334 -0.08291236311197281
v 0.04498409852385521 0.024230211973190308 -0.08902906626462936
v 0.03994537517428398 0.022953055799007416 -0.09455356746912003
v 0.034209661185741425 0.021840574219822884 -0.09939131885766983
v 0.02787509560585022 0.020911801606416702 -0.10345954447984695
v 0.021050067618489265 0.020182626321911812 -0.10668865591287613
v 0.013851352967321873 0.019665522500872612 -0.10902340710163116
v 0.006402125582098961 0.019369347020983696 -0.11042381078004837
v -0.0011701576877385378 0.019299160689115524 -0.11086595058441162
v 0.05283951759338379 0.03199787065386772 -0.0694277286529541
v 0.05045635998249054 0.030434206128120422 -0.07611966878175735
v 0.04719659686088562 0.02895895019173622 -0.0824524462223053
v 0.0431160070002079 0.027597345411777496 -0.08831772208213806
v 0.03828440606594086 0.026372689753770828 -0.09361512213945389
v 0.032784465700387955 0.025305937975645065 -0.0982540100812912
v 0.02671029232442379 0.02441534213721752 -0.10215502232313156
v 0.02016581781208515 0.023716140538454056 -0.10525139421224594
v 0.013263016939163208 0.02322029508650303 -0.1074901595711708
v 0.006120000965893269 0.022936293855309486 -0.10883300751447678
v -0.0011410126462578773 0.022868992760777473 -0.10925696045160294
v 0.04985450208187103 0.03451959416270256 -0.06917476654052734
v 0.04760448634624481 0.03304328769445419 -0.07549285143613815
v 0.0445268377661705 0.03165045008063316 -0.08147183805704117
v 0.04067422077059746 0.03036491386592388 -0.08700942993164062
v 0.036112550646066666 0.029208676889538765 -0.09201087802648544
v 0.0309198759496212 0.028201522305607796 -0.09639060497283936
v 0.025185052305459976 0.02736068330705166 -0.1000736653804779
v 0.01900620199739933 0.026700543239712715 -0.1029970645904541
v 0.012489043176174164 0.0262324009090662 -0.10511074960231781
v 0.0057450891472399235 0.025964263826608658 -0.10637857764959335
v -0.0011102696880698204 0.025900721549987793 -0.10677885264158249
v 0.047661349177360535 0.03764147683978081 -0.06248987838625908
v 0.04637282341718674 0.036212701350450516 -0.06858766078948975
v 0.0442778542637825 0.034838125109672546 -0.07447037100791931
v 0.04141228646039963 0.03354126587510109 -0.08003734797239304
v 0.037825144827365875 0.03234431520104408 -0.08519335091114044
v 0.033577810972929 0.03126775473356247 -0.08985015749931335
v 0.028742963448166847 0.030330000445246696 -0.09392807632684708
v 0.023403320461511612 0.029547100886702538 -0.0973573550581932
v 0.017650244757533073 0.028932450339198112 -0.10007929801940918
v 0.011582176201045513 0.02849656715989113 -0.10204733908176422
v 0.005302940495312214 0.028246909379959106 -0.10322779417037964
v -0.0010800235904753208 0.028187746182084084 -0.10360048711299896
v 0.04381794482469559 0.03827710077166557 -0.062092918902635574
v 0.04263175278902054 0.03696180135011673 -0.067706398665905
v 0.040703170001506805 0.03569639474153519 -0.07312189787626266
v 0.03806518763303757 0.034502532333135605 -0.07824674993753433
v 0.03476294130086899 0.03340064734220505 -0.08299325406551361
v 0.030852938070893288 0.03240958973765373 -0.08728020638227463
v 0.026402076706290245 0.03154631331562996 -0.09103425592184067
v 0.021486513316631317 0.03082558885216713 -0.09419117867946625
v 0.01619035378098488 0.030259758234024048 -0.09669693559408188
v 0.01060421857982874 0.029858490452170372 -0.09850867837667465
v 0.004823686089366674 0.029628660529851913 -0.09959539026021957
v -0.0010523357195779681 0.02957419864833355 -0.09993846714496613
v 0.042413316667079926 0.04762828350067139 -0.0033368326257914305
v 0.04119093343615532 0.047267284244298935 0.0011317064054310322
v 0.039554547518491745 0.04589812830090523 0.013265830464661121
v 0.03766372427344322 0.04622567445039749 0.014025273732841015
v 0.038417551666498184 0.04483836516737938 0.020934607833623886
v 0.03868652880191803 0.04813927039504051 -0.005565854720771313
v 0.03351572901010513 0.0485684759914875 -0.007203221786767244
v 0.035441804677248 0.047968748956918716 0.0010054451413452625
v 0.029555736109614372 0.04610968008637428 0.032088518142700195
v 0.025031089782714844 0.048248667269945145 0.026259325444698334
v 0.02175523154437542 0.04875284060835838 0.03447399660944939
v 0.021956823766231537 0.049308501183986664 0.013405958190560341
v 0.018942944705486298 0.04960509389638901 0.035207390785217285
v 0.016486642882227898 0.050027649849653244 0.01327365729957819
v 0.016106463968753815 0.05038430914282799 0.0358639620244503
v 0.01093324739485979 0.05056340992450714 0.013185054995119572
v 0.011003692634403706 0.05153662711381912 0.036813922226428986
v -0.00031975109595805407 0.05103873088955879 0.013149077072739601
v -0.005962118040770292 0.05096742883324623 0.013203870505094528
v 0.0011199109721928835 0.05263717472553253 0.03769633173942566
v -0.004054246470332146 0.0525510236620903 0.03763095661997795
v -0.019575558602809906 0.04976453632116318 0.03536279872059822
v -0.025558145716786385 0.048538800328969955 0.026531975716352463
v -0.024109074845910072 0.04841143637895584 0.03419045731425285
v -0.030220700427889824 0.047149334102869034 0.026890231296420097
v -0.026215985417366028 0.04773363471031189 0.03358416259288788
v -0.0346904881298542 0.045578792691230774 0.027289779856801033
v -0.033580172806978226 0.04523554816842079 0.0312667042016983
v -0.040370550006628036 0.04644891992211342 0.01295284554362297
v -0.03903945907950401 0.04528259113430977 0.02135206200182438
v -0.037837035953998566 0.04376743733882904 0.029858345165848732
v -0.024498801678419113 0.04941083863377571 0.0010701408609747887
v -0.03928722068667412 0.04861155152320862 -0.005242059472948313
v -0.03624297305941582 0.048379868268966675 0.0013917888281866908
v -0.04199807718396187 0.04774438217282295 0.0015800518449395895
v -0.012510789558291435 0.050045620650053024 0.0008400431252084672
v -0.02569092996418476 0.04929684102535248 -0.008963832631707191
v -0.030440686270594597 0.049147412180900574 -0.007905563339591026
v -0.011576419696211815 0.05069250613451004 0.013306370936334133
v -0.005981652066111565 0.05240195244550705 0.03751462697982788
v -0.012873785570263863 0.04944482818245888 -0.010812023654580116
v -0.01338245254009962 0.04944348335266113 -0.010763625614345074
v -0.01880565471947193 0.04941016435623169 -0.010123832151293755
v -0.005283620208501816 0.04943976551294327 -0.011310998350381851
v -0.00045964232413098216 0.04941803216934204 -0.011417808011174202
v 0.008128326386213303 0.04934905469417572 -0.011207560077309608
v 0.0061355531215667725 0.05227905139327049 0.03740730509161949
v 0.005321689415723085 0.05090271309018135 0.013143057003617287
v 0.011725716292858124 0.04990662261843681 0.0007094209431670606
v 0.012039086781442165 0.04930127039551735 -0.01093898992985487
v 0.023707441985607147 0.04913436993956566 0.000810334284324199
v 0.021944813430309296 0.049098901450634 -0.009734079241752625
v 0.029611265286803246 0.048595305532217026 0.000897352525498718
v 0.02488034963607788 0.04900408908724785 -0.009218860417604446
v -0.038344282656908035 0.04666158929467201 0.014434917829930782
v -0.033231839537620544 0.047764603048563004 0.014141011983156204
v -0.027982642874121666 0.04873916134238243 0.013876399956643581
v -0.02261064387857914 0.04956410080194473 0.01364615373313427
v -0.01713431626558304 0.05022047087550163 0.013454857282340527
v 0.037289585918188095 0.04333657771348953 0.029453452676534653
v 0.034136515110731125 0.04518406465649605 0.026918839663267136
v 0.032561399042606354 0.047387272119522095 0.013786420226097107
v 0.02732117846608162 0.048421986401081085 0.013578341342508793
v 0.029680991545319557 0.046805791556835175 0.02656739205121994
v -0.013942006975412369 0.051162030547857285 0.036526694893836975
v -0.011796407401561737 0.051589734852313995 0.03687407448887825
v -0.008909891359508038 0.052059106528759 0.03724714368581772
v -0.025158343836665154 0.04916306585073471 -0.012857616879045963
v 0.025732237845659256 0.04706369712948799 -0.025087079033255577
v 0.02472311444580555 0.04710733890533447 -0.024920737370848656
v 0.02312374860048294 0.04796120151877403 -0.020860278978943825
v -0.041949402540922165 0.048651549965143204 -0.009522587060928345
v -0.03840242326259613 0.048837810754776 -0.010498440824449062
v -0.03724907711148262 0.04865742474794388 -0.015859052538871765
v 0.043012458831071854 0.04797998070716858 -0.015282230451703072
v 0.03628554940223694 0.04823517054319382 -0.01625318080186844
v 0.03384708613157272 0.04665296897292137 -0.026678884401917458
v 0.0350542850792408 0.04764017462730408 -0.021569496020674706
v 0.039543818682432175 0.04629497602581978 -0.028092430904507637
v 0.041202373802661896 0.04744645580649376 -0.021807663142681122
v 0.04104382544755936 0.048174843192100525 -0.009966644458472729
v 0.037499986588954926 0.04840140417218208 -0.010902202688157558
v -0.03494419530034065 0.047048408538103104 -0.026304246857762337
v -0.04225226491689682 0.04792514443397522 -0.021357864141464233
v -0.017602797597646713 0.04760053753852844 -0.02362801507115364
v -0.024620816111564636 0.04880817234516144 -0.01674305461347103
v -0.012176234275102615 0.04768059402704239 -0.02318466454744339
v -0.012464874424040318 0.04883553832769394 -0.017071379348635674
v -0.012060034088790417 0.047681841999292374 -0.02317715436220169
v -0.0321173220872879 0.047170959413051605 -0.02572963945567608
v -0.036083485931158066 0.048048630356788635 -0.021185170859098434
v -0.02355397492647171 0.04746318235993385 -0.024324879050254822
v -0.024080881848931313 0.04823332652449608 -0.020601674914360046
v -0.022063130512833595 0.04750250652432442 -0.024129414930939674
v -0.00762711139395833 0.04771504923701286 -0.02295183390378952
v -0.0004841672198381275 0.04830341786146164 -0.020064236596226692
v -0.0005315089947544038 0.04771016165614128 -0.022837862372398376
v -0.0005030484171584249 0.04771000146865845 -0.022838015109300613
v 0.008613158948719501 0.04759823530912399 -0.023139992728829384
v 0.011306144297122955 0.04818365350365639 -0.020304838195443153
v 0.01106502115726471 0.04754796624183655 -0.02330710180103779
v 0.013092085719108582 0.047499872744083405 -0.02347305417060852
v 0.02430134080350399 0.04887797683477402 -0.013113884255290031
v 0.01761041395366192 0.04862446337938309 -0.01713699847459793
v 0.011552313342690468 0.04869740828871727 -0.0171999242156744
v 0.030763013288378716 0.048698581755161285 -0.01223148312419653
v -0.030852818861603737 0.04875500872731209 -0.01641448773443699
v -0.03164644166827202 0.049058012664318085 -0.01190397422760725
v -0.0004471418506000191 0.049166422337293625 -0.014313033781945705
v -0.012669742107391357 0.04921095818281174 -0.01394702773541212
v -0.018857484683394432 0.04920503497123718 -0.013511065393686295
v -0.043985385447740555 0.04847903549671173 -0.014813922345638275
v 0.023714881390333176 0.0485299713909626 -0.017000539228320122
v 0.02991495281457901 0.048405639827251434 -0.016738921403884888
v -0.00046535933506675065 0.04879467189311981 -0.0171976201236248
v -0.007457501720637083 0.02832009270787239 -0.10315901786088943
v -0.00795973651111126 0.026042863726615906 -0.10630471259355545
v -0.008395785465836525 0.023019542917609215 -0.10875477641820908
v -0.008735932409763336 0.01945616491138935 -0.11034222692251205
v -0.008956997655332088 0.015595569275319576 -0.11095890402793884
v -0.009043915197253227 0.011700841598212719 -0.110562764108181
v -0.012913447804749012 0.011869501322507858 -0.10991931706666946
v -0.016578802838921547 0.015986938029527664 -0.10944003611803055
v -0.016731204465031624 0.012095575220882893 -0.1090308353304863
v -0.024146288633346558 0.012715836055576801 -0.10653509944677353
v -0.02393072098493576 0.016601914539933205 -0.1069655492901802
v -0.03116229549050331 0.013551019132137299 -0.10311820358037949
v -0.03088696300983429 0.017429985105991364 -0.10357775539159775
v -0.03448280692100525 0.014044875279068947 -0.10108201205730438
v -0.03732850402593613 0.018456969410181046 -0.09933466464281082
v -0.0376591794192791 0.014586826786398888 -0.09883864969015121
v -0.04352577403187752 0.015805544331669807 -0.09376963973045349
v -0.04314512014389038 0.019665304571390152 -0.09430883079767227
v -0.04866170510649681 0.017186308279633522 -0.0879979357123375
v -0.04823729768395424 0.021034307777881622 -0.08858628571033478
v -0.050927672535181046 0.017930177971720695 -0.08487899601459503
v -0.052517905831336975 0.022540561854839325 -0.08226492255926132
v -0.052979085594415665 0.01870550587773323 -0.08162225037813187
v -0.056404054164886475 0.02033713273704052 -0.07475171238183975
v -0.05591369792819023 0.024158291518688202 -0.07545290887355804
v -0.05887800455093384 0.022053278982639313 -0.06750385463237762
v -0.058366578072309494 0.02585981786251068 -0.06826679408550262
v -0.059744466096162796 0.02293391153216362 -0.06377699971199036
v -0.059834565967321396 0.027616025879979134 -0.060829535126686096
v -0.06035861000418663 0.023824574425816536 -0.060002703219652176
v -0.01616574637591839 0.019837673753499985 -0.10886163264513016
v -0.023332474753260612 0.02043716423213482 -0.10644945502281189
v -0.03011348843574524 0.021244371309876442 -0.10314701497554779
v -0.03639276698231697 0.022245487198233604 -0.09901080280542374
v -0.04206286743283272 0.02342338301241398 -0.09411158412694931
v -0.047026775777339935 0.024757904931902885 -0.08853317052125931
v -0.05119955539703369 0.026226215064525604 -0.0823710486292839
v -0.054509811103343964 0.027803195640444756 -0.07573062181472778
v -0.05690089985728264 0.02946186065673828 -0.06872552633285522
v -0.05833191052079201 0.0311738308519125 -0.06147560849785805
v -0.01552018616348505 0.023385370150208473 -0.10733503848314285
v -0.022392313927412033 0.023960215970873833 -0.10502202808856964
v -0.028894584625959396 0.024734241887927055 -0.1018553376197815
v -0.0349157452583313 0.02569420635700226 -0.09788914769887924
v -0.04035276919603348 0.026823682710528374 -0.09319131076335907
v -0.04511262848973274 0.02810334600508213 -0.08784221857786179
v -0.04911388084292412 0.029511302709579468 -0.0819333866238594
v -0.05228806287050247 0.031023457646369934 -0.07556592673063278
v -0.05458086356520653 0.03261394053697586 -0.06884878873825073
v -0.05595305189490318 0.03425553813576698 -0.06189689040184021
v -0.014686115086078644 0.026388252153992653 -0.10496429353952408
v -0.021174313500523567 0.026930982246994972 -0.10278050601482391
v -0.027313319966197014 0.027661766856908798 -0.09979072958230972
v -0.03299809247255325 0.028568100184202194 -0.09604611992835999
v -0.038131363689899445 0.029634473845362663 -0.09161074459552765
v -0.0426253005862236 0.030842646956443787 -0.08656048774719238
v -0.04640301316976547 0.03217194229364395 -0.0809817761182785
v -0.049399860203266144 0.0335996188223362 -0.0749700516462326
v -0.05156456679105759 0.03510124608874321 -0.06862816959619522
v -0.05286009609699249 0.0366511270403862 -0.06206467002630234
v -0.013720372691750526 0.028641680255532265 -0.10191097110509872
v -0.019761478528380394 0.029147010296583176 -0.09987767040729523
v -0.02547745406627655 0.029827438294887543 -0.09709390997886658
v -0.030770493671298027 0.030671317130327225 -0.0936073362827301
v -0.035550035536289215 0.03166421130299568 -0.08947759866714478
v -0.03973430022597313 0.03278912976384163 -0.08477534353733063
v -0.04325169697403908 0.034026823937892914 -0.07958105206489563
v -0.04604203626513481 0.03535611927509308 -0.07398359477519989
v -0.04805757477879524 0.036754269152879715 -0.06807873398065567
v -0.04926382750272751 0.0381973534822464 -0.061967503279447556
v -0.006923307664692402 0.029696030542254448 -0.09953207522630692
v -0.0126887746155262 0.029992079362273216 -0.09838313609361649
v -0.018250087276101112 0.030457276850938797 -0.09651131927967072
v -0.0235120952129364 0.031083662062883377 -0.09394866228103638
v -0.028384756296873093 0.03186051920056343 -0.09073898196220398
v -0.032784704118967056 0.032774556428194046 -0.08693722635507584
v -0.03663664683699608 0.03381013125181198 -0.08260844647884369
v -0.039874687790870667 0.03494952619075775 -0.07782669365406036
v -0.0424434132874012 0.036173250526189804 -0.07267378270626068
v -0.04429887607693672 0.037460360676050186 -0.06723789125680923
v -0.04540932923555374 0.03878882899880409 -0.06161202862858772
v -0.05975751206278801 0.020013658329844475 -0.0630899965763092
v -0.05641710013151169 0.017416881397366524 -0.0740647092461586
v -0.05094071850180626 0.015009925700724125 -0.08419199287891388
v -0.04353881999850273 0.012885292060673237 -0.09308263659477234
v -0.03449585288763046 0.01112462393939495 -0.10039500892162323
v -0.02415933459997177 0.00979558378458023 -0.10584809631109238
v -0.012926492840051651 0.008949249051511288 -0.10923231393098831
v 0.04846665635704994 0.03925267234444618 0.014664067886769772
v 0.04736994951963425 0.04083989933133125 0.014462222345173359
v 0.04354024678468704 0.04154449701309204 0.022253040224313736
v 0.04110805690288544 0.0434858538210392 0.021663405001163483
v 0.03917533531785011 0.04217355325818062 0.029952766373753548
v 0.043038636445999146 0.04459090530872345 0.013444961048662663
v 0.044621314853429794 0.04354306682944298 0.013844892382621765
v 0.04607801139354706 0.042282916605472565 0.014187140390276909
v 0.04240113124251366 0.039001114666461945 0.03067726455628872
v 0.04554281756281853 0.03912445157766342 0.022659432142972946
v 0.04934829846024513 0.03756573796272278 0.014790402725338936
v 0.041373685002326965 0.04540843889117241 0.012999342754483223
v 0.04090036824345589 0.04071301221847534 0.03036605939269066
v -0.042279791086912155 0.03214811533689499 -0.011178071610629559
v -0.04412810504436493 0.03306480497121811 -0.00731657724827528
v -0.04967562109231949 0.030143046751618385 -0.01984146609902382
v -0.046568531543016434 0.03308730199933052 -0.00726729491725564
v -0.058624476194381714 0.02532375417649746 -0.04049680754542351
v -0.05611230805516243 0.03426434099674225 -0.0024452696088701487
v -0.05577269569039345 0.03407973051071167 -0.0032235386315733194
v -0.05536270514130592 0.03392986208200455 -0.0038528023287653923
v -0.05634932219982147 0.03455416113138199 -0.0012178218457847834
v -0.05635647848248482 0.03464023023843765 -0.0008521144627593458
v -0.052664633840322495 0.033497005701065063 -0.005641520489007235
v -0.055194541811943054 0.02783874236047268 -0.0297411922365427
v -0.05416644737124443 0.03366246074438095 -0.00496673583984375
v 0.053819864988327026 0.027213532477617264 -0.030328724533319473
v 0.057104602456092834 0.024660034105181694 -0.04112052917480469
v 0.04843476042151451 0.02958037331700325 -0.020370230078697205
v 0.05019855126738548 0.030402671545743942 -0.016841383650898933
v 0.04115622118115425 0.03166959807276726 -0.011627747677266598
v 0.042202938348054886 0.03255264088511467 -0.007854321971535683
v 0.032263971865177155 0.033400923013687134 -0.004437250085175037
v 0.03256215527653694 0.03431284800171852 -0.0005552599905058742
v 0.022099729627370834 0.03470781072974205 0.000924941967241466
v 0.021644720807671547 0.03561600670218468 0.004776791203767061
v 0.011054101400077343 0.03554003685712814 0.004252757411450148
v 0.009867965243756771 0.0364123098552227 0.007938013412058353
v -0.0004484353703446686 0.035865623503923416 0.005418316461145878
v -0.0023179352283477783 0.036671314388513565 0.008807565085589886
v -0.01196584478020668 0.035672061145305634 0.004376823082566261
v -0.014447166584432125 0.036383118480443954 0.007352204993367195
v -0.02305551804602146 0.03496678173542023 0.0011683052871376276
v -0.0260560791939497 0.03555873781442642 0.003627566620707512
v -0.0332912839949131 0.033776890486478806 -0.004083941224962473
v -0.03670091554522514 0.034229688346385956 -0.0022239740937948227
v -0.04195335879921913 0.03330947458744049 -0.006235269829630852
v -0.05059635266661644 0.007651626598089933 0.00828360952436924
v -0.05166373401880264 0.00601296778768301 0.006807925645262003
v -0.05061561241745949 0.005942526273429394 0.006528402213007212
v -0.052427325397729874 0.006193375214934349 0.007560284808278084
v -0.05270177125930786 0.00643540732562542 0.00858388189226389
v -0.04879013076424599 0.006172515451908112 0.00754068186506629
v -0.04850190132856369 0.0064113205298781395 0.008561247028410435
v -0.049563802778720856 0.00600092438980937 0.006796608213335276
v -0.04675116389989853 -0.007796188350766897 0.0023507445584982634
v -0.04431074112653732 -0.007818683981895447 0.002301462460309267
v -0.042135994881391525 -0.007574016228318214 0.0033827698789536953
v -0.05419739708304405 0.013176251202821732 -0.0004537203349173069
v -0.054809845983982086 -0.007254583761096001 0.004499923437833786
v -0.05820983275771141 0.0045240493491292 0.005739661864936352
v -0.057753220200538635 0.015389951877295971 0.0032090828754007816
v -0.057084519416093826 0.014902930706739426 0.0014135694364085793
v -0.0559944324195385 0.03574380651116371 0.0005053294007666409
v -0.05659860745072365 0.029708677902817726 0.00185844162479043
v -0.057264432311058044 0.021903973072767258 0.003613995620980859
v -0.05820291116833687 0.004947562702000141 0.007483007851988077
v -0.05816344544291496 0.006074743811041117 0.007222798187285662
v -0.05808696523308754 0.008031775243580341 0.0067720902152359486
v -0.0557498000562191 0.014478761702775955 2.0914549168082885e-05
v -0.056377820670604706 -0.007077683228999376 0.005222102161496878
v -0.056927748024463654 -0.006971739232540131 0.0056619965471327305
v -0.0576934739947319 -0.006756270304322243 0.006563352886587381
v -0.05823075771331787 -0.006495899986475706 0.007659907452762127
v -0.05841054022312164 -0.00593966618180275 0.010020882822573185
v -0.056288108229637146 0.007680756039917469 0.017144834622740746
v -0.04541904106736183 0.03370240703225136 0.034144382923841476
v -0.047781236469745636 0.02957914210855961 0.03312315791845322
v -0.04682843014597893 0.029045825824141502 0.03740278631448746
v -0.051942214369773865 0.024730948731303215 0.023698272183537483
v -0.04777916520833969 0.025774529203772545 0.039579838514328
v -0.05294744297862053 0.01970401592552662 0.024887504056096077
v -0.04867139086127281 0.022480927407741547 0.04162784665822983
v -0.04931856691837311 0.01984296552836895 0.043142855167388916
v -0.05376000329852104 0.014562294818460941 0.026102440431714058
v -0.0498686358332634 0.017316581681370735 0.044481270015239716
v -0.054361701011657715 0.00933023076504469 0.02733720652759075
v -0.050649166107177734 0.012824182398617268 0.046564362943172455
v -0.05473776161670685 0.004034943878650665 0.028585322201251984
v -0.051159635186195374 0.008162436075508595 0.04830183833837509
v -0.05528638884425163 0.018832141533493996 0.014515003189444542
v -0.053750816732645035 0.029667137190699577 0.011955996975302696
v -0.05593954771757126 0.035748906433582306 0.0006702513783238828
v -0.05282147228717804 0.03493363410234451 0.010710923932492733
v -0.0505317784845829 0.03644601255655289 0.016096243634819984
v -0.04944315552711487 0.034365709871053696 0.021415097638964653
v -0.04769694432616234 0.036940913647413254 0.02337256819009781
v -0.044232435524463654 0.03760533407330513 0.03135092183947563
v -0.05135047063231468 0.003353668609634042 0.04965820908546448
v -0.0460648350417614 0.03379778191447258 0.0321192666888237
v -0.050766024738550186 0.029623139649629593 0.02253958210349083
v -0.04450012743473053 0.0032490098383277655 0.04934341460466385
v -0.044386837631464005 0.0030895243398845196 0.04866763949394226
v -0.043827123939991 0.0028901766054332256 0.04783089831471443
v -0.04030025750398636 0.0032249230425804853 0.049320779740810394
v -0.040422648191452026 0.00306678912602365 0.04864627495408058
v -0.040993597358465195 0.00287392595782876 0.047815628349781036
v -0.041900452226400375 0.002767760306596756 0.04734712839126587
v -0.04292664676904678 0.0027736457996070385 0.047352660447359085
v -0.0527556948363781 -0.005634956527501345 0.01142349373549223
v -0.05248124524950981 -0.0058769891038537025 0.010399896651506424
v -0.05171765759587288 -0.006057396065443754 0.009647537022829056
v -0.050669535994529724 -0.0061278375796973705 0.009368013590574265
v -0.04961772263050079 -0.006069439463317394 0.009636219590902328
v -0.048844050616025925 -0.005897848401218653 0.010380294173955917
v -0.048555824905633926 -0.005659043323248625 0.011400858871638775
v -0.04445916414260864 0.001187703455798328 0.04058218002319336
v -0.04419778287410736 0.0009571958798915148 0.039607323706150055
v -0.0404592864215374 0.0011647637002170086 0.04056062176823616
v -0.040733788162469864 0.0009373294888064265 0.039588652551174164
v -0.04147062078118324 0.0007739101420156658 0.038880012929439545
v -0.042472343891859055 0.000718291790690273 0.03862457349896431
v -0.043470557779073715 0.0007853800198063254 0.038890790194272995
v -0.05059896409511566 0.0046625565737485886 0.05523618310689926
v -0.05091572925448418 0.004005806054919958 0.052438512444496155
v -0.04836064949631691 0.004645199980586767 0.055204905569553375
v -0.05371076986193657 -0.004248227924108505 0.017299938946962357
v -0.048163872212171555 0.011514312587678432 0.0844072476029396
v -0.05016380921006203 0.011525782756507397 0.08441802859306335
v -0.05032258853316307 0.0059831817634403706 0.06085502356290817
v -0.043447837233543396 0.0015785570722073317 0.042262788861989975
v -0.044184666126966476 0.00141513766720891 0.041554149240255356
v -0.04437773674726486 0.003407145384699106 0.05001793056726456
v -0.04380679130554199 0.00360000878572464 0.0508485771715641
v -0.04289993271231651 0.003706172574311495 0.05131706967949867
v -0.03336111456155777 0.004559175577014685 0.05512406677007675
v -0.041873738169670105 0.003700287314131856 0.05131153762340546
v -0.04097326099872589 0.0035837581381201744 0.05083330348134041
v -0.040413547307252884 0.0033844104036688805 0.04999656230211258
v -0.0524674691259861 -0.005396150518208742 0.012444062158465385
v -0.05169379711151123 -0.005224559456110001 0.0131881358101964
v -0.0506419874727726 -0.005166161805391312 0.013456341810524464
v -0.04959386587142944 -0.005236602853983641 0.013176818378269672
v -0.04883027449250221 -0.00541701028123498 0.012424459680914879
v -0.03688355162739754 -0.006653803400695324 0.007394065614789724
v -0.052410613745450974 -0.004504368174821138 0.016235848888754845
v -0.053182728588581085 -0.004408979322761297 0.01662665605545044
v -0.033668894320726395 -0.006184626370668411 0.009449443779885769
v -0.04244610667228699 0.001634173677302897 0.04251822084188461
v -0.041447896510362625 0.001567087252624333 0.042252011597156525
v -0.04072066769003868 0.0013952712761238217 0.041535478085279465
v 0.046479396522045135 0.01449861191213131 0.05224805697798729
v 0.03236480429768562 0.008439323864877224 0.05376846343278885
v 0.030103808268904686 0.016667429357767105 0.05184824764728546
v -0.04374353215098381 0.04508861154317856 0.013912671245634556
v -0.04533372446894646 0.044058967381715775 0.014329703524708748
v -0.05011848360300064 0.03813619166612625 0.015326476655900478
v -0.044185083359479904 0.042047612369060516 0.02272583357989788
v -0.04621078446507454 0.03965066745877266 0.023153934627771378
v -0.042984481900930405 0.03949081152677536 0.03113744780421257
v -0.04921896383166313 0.03981291130185127 0.015190542675554752
v -0.0481063649058342 0.041387468576431274 0.01497679017484188
v -0.04680100083351135 0.04281558841466904 0.01468771044164896
v -0.039730507880449295 0.04262608662247658 0.030378026887774467
v -0.041737284511327744 0.04396098107099533 0.022109899669885635
v -0.042074210941791534 0.04588702321052551 0.013449084013700485
v -0.04146762564778328 0.0411854013800621 0.030809979885816574
v -0.010642538778483868 0.056852810084819794 0.07348967343568802
v 4.336940764915198e-05 0.05796302482485771 0.07315651327371597
v -0.00015341116522904485 0.05109391361474991 0.04395417496562004
v 0.010718810372054577 0.056730300188064575 0.07337454706430435
v -0.043319959193468094 0.0317598320543766 0.0796123594045639
v -0.04711078107357025 0.015035362914204597 0.05275246128439903
v -0.0469140000641346 0.02190447598695755 0.08195479959249496
v 0.04667617753148079 0.021367724984884262 0.08145039528608322
v 0.043170370161533356 0.0312637984752655 0.07914622128009796
v 0.03749153017997742 0.040155746042728424 0.07709287852048874
v 0.029924415051937103 0.04759769141674042 0.07539334148168564
v 0.020848473533988 0.05321645736694336 0.07413282990455627
v -0.020803075283765793 0.05345533415675163 0.07435730844736099
v -0.029928751289844513 0.04794095456600189 0.07571592181921005
v -0.037561967968940735 0.040586188435554504 0.07749737799167633
v 0.003251191694289446 0.05426384136080742 0.0492524653673172
v -0.00010671345080481842 0.05436725914478302 0.04913550987839699
v 5.206632340559736e-05 0.05990985780954361 0.07269851118326187
v 0.004931929986923933 0.05414927005767822 0.04941587522625923
v 0.006900420878082514 0.05941157415509224 0.07276957482099533
v 0.010807976126670837 0.05341474711894989 0.05055706202983856
v 0.014888390898704529 0.052587367594242096 0.05189758166670799
v 0.017343943938612938 0.056802332401275635 0.07331296056509018
v 0.01722274348139763 0.051992256194353104 0.05289093777537346
v 0.024106109514832497 0.04967806860804558 0.05693312734365463
v 0.01986771449446678 0.05120467767119408 0.054232027381658554
v 0.018031062558293343 0.05176456645131111 0.05327547714114189
v 0.030894087627530098 0.04651107266545296 0.0632522702217102
v 0.028307855129241943 0.047811202704906464 0.06041840463876724
v 0.026973841711878777 0.05207584425806999 0.07435985654592514
v 0.026889618486166 0.04848352074623108 0.059139810502529144
v 0.02650078386068344 0.048660121858119965 0.05880826711654663
v 0.041170164942741394 0.03505086153745651 0.06314856559038162
v 0.04110101982951164 0.03517000004649162 0.06320569664239883
v 0.042061422020196915 0.03723783791065216 0.07774845510721207
v 0.039712466299533844 0.037480566650629044 0.06447527557611465
v 0.03826428949832916 0.03977558761835098 0.06614365428686142
v 0.03788295388221741 0.04035662114620209 0.06660822033882141
v 0.03534262999892235 0.04545174539089203 0.0758616104722023
v 0.03530190885066986 0.04403027892112732 0.06981860101222992
v 0.03213874250650406 0.0458633154630661 0.06493402272462845
v 0.045780982822179794 0.025484340265393257 0.05993777886033058
v 0.044806063175201416 0.027859313413500786 0.06049798056483269
v 0.04681801050901413 0.027815813198685646 0.07993268966674805
v 0.04363248869776726 0.03041667304933071 0.06126900762319565
v 0.04193485155701637 0.03369739279150963 0.06253135204315186
v 0.04914297163486481 0.012859842739999294 0.059162113815546036
v 0.048703961074352264 0.015440640039741993 0.05903879553079605
v 0.04939136654138565 0.017623495310544968 0.08231283724308014
v 0.04751526564359665 0.0203529205173254 0.05919370427727699
v 0.04666359722614288 0.023059504106640816 0.05951032042503357
v 0.049442339688539505 0.01038532517850399 0.059411514550447464
v 0.03503594547510147 0.04245733842253685 0.04022860899567604
v 0.034813687205314636 0.04240543395280838 0.04195619374513626
v 0.036816827952861786 0.04145657643675804 0.039384625852108
v 0.03529904782772064 0.04402823746204376 0.06979788839817047
v 0.0355573371052742 0.041931431740522385 0.059490866959095
v 0.0377935953438282 0.038959283381700516 0.053609877824783325
v 0.035941965878009796 0.04116080328822136 0.05440390482544899
v 0.04089633375406265 0.03873402997851372 0.035300739109516144
v 0.04177207499742508 0.03697558119893074 0.03646674007177353
v 0.04020140320062637 0.037277985364198685 0.041999701410532
v 0.0403512567281723 0.03722820430994034 0.04143280163407326
v 0.03958173096179962 0.03873741254210472 0.04000560939311981
v 0.04076097905635834 0.03711659088730812 0.039927687495946884
v 0.04139488562941551 0.037007734179496765 0.03771846741437912
v 0.03564013913273811 0.043087463825941086 0.06724467128515244
v 0.03683246672153473 0.04045465961098671 0.05928923189640045
v 0.03398967534303665 0.042747557163238525 0.053594231605529785
v 0.03399013727903366 0.04275133088231087 0.05366089567542076
v 0.034273117780685425 0.04317331314086914 0.06014036759734154
v 0.03525020182132721 0.043989285826683044 0.06942509114742279
v 0.03881587088108063 0.037957895547151566 0.0480833575129509
v 0.03651703894138336 0.040603697299957275 0.04940396547317505
v 0.03536174073815346 0.041625794023275375 0.049154702574014664
v 0.03400786221027374 0.04263002797961235 0.051391713321208954
v 0.03413552790880203 0.04250108078122139 0.048545967787504196
v 0.037872474640607834 0.04170786961913109 0.034621596336364746
v 0.0358101911842823 0.04270820692181587 0.035627368837594986
v 0.03565502539277077 0.04265178367495537 0.036432914435863495
v 0.0351603701710701 0.04249148070812225 0.03936798870563507
v 0.0371028296649456 0.04325028508901596 0.030125798657536507
v 0.03729371726512909 0.04028080776333809 0.04453197866678238
v 0.036003340035676956 0.04140934348106384 0.044248100370168686
v 0.03417559340596199 0.04247916489839554 0.04798222333192825
v 0.03948596864938736 0.0403321199119091 0.03499574959278107
v 0.03828628361225128 0.040190137922763824 0.039715591818094254
v -0.0321979783475399 0.04429078847169876 0.048746004700660706
v -0.030816737562417984 0.04534083232283592 0.052796415984630585
v -0.025848589837551117 0.04800614342093468 0.05091356113553047
v -0.03201264515519142 0.04515800625085831 0.05834579095244408
v -0.03420119732618332 0.043776802718639374 0.06034867838025093
v -0.03232193365693092 0.046208225190639496 0.06534814089536667
v -0.028700323775410652 0.04619055241346359 0.04128279536962509
v -0.02258383296430111 0.04876198247075081 0.04169023782014847
v -0.023234717547893524 0.048495102673769 0.039134521037340164
v 0.03179994225502014 0.04396038129925728 0.04838928207755089
v -0.03639870509505272 0.043158795684576035 0.03554178774356842
v -0.03094719722867012 0.04572976008057594 0.03488707169890404
v -0.03440970554947853 0.043463028967380524 0.059065788984298706
v -0.033780112862586975 0.04346725344657898 0.05373053252696991
v -0.03429271653294563 0.043092940002679825 0.053126316517591476
v -0.032615240663290024 0.046052366495132446 0.06577508896589279
v -0.03540397807955742 0.044433753937482834 0.07017911970615387
v -0.035406582057476044 0.04443579912185669 0.07019968330860138
v -0.03533153980970383 0.0443694144487381 0.06956756860017776
v -0.02979184500873089 0.04588465020060539 0.03807489201426506
v -0.03613593801856041 0.04306374117732048 0.03681657090783119
v -0.03554288670420647 0.04287877306342125 0.04018053039908409
v -0.023919101804494858 0.048322658985853195 0.036583371460437775
v -0.017151493579149246 0.050475552678108215 0.03984818235039711
v -0.011364905163645744 0.051855046302080154 0.04029954597353935
v -0.005785131826996803 0.05265606567263603 0.04053141921758652
v -0.00024031326756812632 0.05290936678647995 0.04059367626905441
v 0.00532157626003027 0.05260603129863739 0.040475815534591675
v 0.010949711315333843 0.05174212530255318 0.04018420726060867
v 0.016708146780729294 0.05030542612075806 0.03967415913939476
v 0.02272227592766285 0.04827653244137764 0.03890446200966835
v 0.029287880286574364 0.04557644948363304 0.03776968643069267
v 0.021530576050281525 0.048916056752204895 0.044005852192640305
v 0.03487002104520798 0.04254426807165146 0.04026384279131889
v 0.03326568379998207 0.043132588267326355 0.044321250170469284
v 0.03392916917800903 0.04342124983668327 0.05992564558982849
v 0.0272617656737566 0.04636124148964882 0.04420134797692299
v -0.0164154265075922 0.05099156126379967 0.043960437178611755
v -0.010964244604110718 0.052288834005594254 0.04371558502316475
v -0.005600479431450367 0.053040891885757446 0.04353799298405647
v -0.00022062848438508809 0.05327782407402992 0.04346119239926338
v 0.005178260151296854 0.052991896867752075 0.043477434664964676
v 0.010594307444989681 0.052179351449012756 0.043596889823675156
v 0.01602816767990589 0.05082813277840614 0.043782126158475876
v -0.035387761890888214 0.04290657863020897 0.0406339131295681
v -0.03372454643249512 0.04347751662135124 0.04468376561999321
v -0.027676856145262718 0.04664717987179756 0.044499471783638
v -0.02196795679628849 0.04912303388118744 0.04424504563212395
v -0.035389456897974014 0.04284012317657471 0.041212048381567
v -0.03547612205147743 0.04286136105656624 0.0406186617910862
v -0.02084653079509735 0.05012454092502594 0.04932991415262222
v -0.01745021529495716 0.05218317359685898 0.0530916191637516
v -0.015749996528029442 0.05174929276108742 0.04804720729589462
v -0.014929675497114658 0.05279520899057388 0.051995109766721725
v -0.01059600617736578 0.052889809012413025 0.047109879553318024
v -0.02190815843641758 0.050828903913497925 0.05555840581655502
v -0.019879424944519997 0.05148942768573761 0.05434565246105194
v -0.035106461495161057 0.044168971478939056 0.06756766140460968
v -0.03461996838450432 0.04284147918224335 0.047431156039237976
v -0.030484268441796303 0.0471443235874176 0.06287877261638641
v -0.028515882790088654 0.04811540246009827 0.06076706573367119
v -0.02958770841360092 0.04661932960152626 0.0568111278116703
v -0.028293780982494354 0.048221856355667114 0.06055551767349243
v -0.027080051600933075 0.04878363385796547 0.059448737651109695
v -0.024330774322152138 0.049938201904296875 0.05722690373659134
v 0.029315510764718056 0.04630925878882408 0.056461211293935776
v 0.031717926263809204 0.04483664035797119 0.057949114590883255
v 0.024776345118880272 0.04863838478922844 0.05379456281661987
v 0.020021943375468254 0.050563570111989975 0.05159322917461395
v 0.005048262421041727 0.05350685119628906 0.046460241079330444
v 0.010272636078298092 0.05278267338871956 0.04698753356933594
v 0.015420556999742985 0.05159036070108414 0.04786389321088791
v 0.033399663865566254 0.0431392639875412 0.05333242937922478
v 0.030481062829494476 0.04502204433083534 0.05244385823607445
v 0.025527089834213257 0.04773624613881111 0.05061909556388855
v 0.026356402784585953 0.04697605222463608 0.04741763323545456
v 0.020486202090978622 0.04992419481277466 0.04907992109656334
v 0.020989395678043365 0.0493745394051075 0.04654901102185249
v -0.010261482559144497 0.053655460476875305 0.05047000199556351
v -0.007621212396770716 0.05398998782038689 0.04987011104822159
v -0.005428235046565533 0.05355552211403847 0.04652583599090576
v -0.005268868058919907 0.05419832840561867 0.04948653653264046
v -0.0002005305141210556 0.053764376789331436 0.046311039477586746
v -0.006800388917326927 0.0594901479780674 0.07284341007471085
v -0.017266688868403435 0.05700082704424858 0.07349949330091476
v -0.026938321068882942 0.052385035902261734 0.07465041428804398
v -0.035365860909223557 0.0458572655916214 0.07624269276857376
v -0.04215769097208977 0.03772084414958954 0.07820235192775726
v -0.046998217701911926 0.0283538606017828 0.08043831586837769
v -0.049662500619888306 0.01819157972931862 0.08284668624401093
v -0.040842268615961075 0.03769296780228615 0.04185963794589043
v -0.040334541350603104 0.03786712884902954 0.04372449591755867
v -0.038866184651851654 0.03945470601320267 0.04526231810450554
v -0.0379253514111042 0.03990328311920166 0.05009785294532776
v -0.03687450289726257 0.041028447449207306 0.04984264075756073
v -0.03792503848671913 0.03964700922369957 0.05510886386036873
v -0.03624211996793747 0.04157911241054535 0.054825715720653534
v -0.0368046909570694 0.0413786806166172 0.06133370101451874
v -0.03579577058553696 0.04234451428055763 0.05989820510149002
v -0.03892696648836136 0.03861674293875694 0.04995260760188103
v -0.038510799407958984 0.038984160870313644 0.05204718932509422
v -0.03797682374715805 0.03958155959844589 0.054833170026540756
v -0.038995541632175446 0.038564298301935196 0.049614474177360535
v -0.04142489284276962 0.0392053946852684 0.0357707180082798
v -0.04210071638226509 0.03747033327817917 0.037602707743644714
v -0.04192328453063965 0.03748578950762749 0.03817417472600937
v -0.04391143098473549 0.03755203261971474 0.03222706541419029
v -0.038375936448574066 0.04214312881231308 0.03505914658308029
v -0.0400562584400177 0.03919534757733345 0.04047813639044762
v -0.037704117596149445 0.04071297496557236 0.04498547688126564
v -0.03874862194061279 0.04063166305422783 0.04017427936196327
v -0.03726987913250923 0.041880082339048386 0.039827845990657806
v -0.04128974303603172 0.03758217394351959 0.040289632976055145
v -0.04000024497509003 0.040786489844322205 0.035450514405965805
v 0.03703746199607849 0.0403117761015892 0.06049514561891556
v 0.03882279247045517 0.03779163584113121 0.05946389585733414
v 0.04007605463266373 0.035759277641773224 0.05025406554341316
v 0.04052945598959923 0.03688550740480423 0.041605450212955475
v 0.040188197046518326 0.03625010699033737 0.04591434448957443
v 0.043270595371723175 0.030552007257938385 0.047822821885347366
v 0.04395073279738426 0.031071297824382782 0.041128009557724
v 0.04799359664320946 0.019467871636152267 0.04673416540026665
v 0.04625076428055763 0.02506840042769909 0.044231344014406204
v 0.04921206086874008 0.014079142361879349 0.048790376633405685
v 0.04887586459517479 0.014498847536742687 0.052202776074409485
v 0.04963827133178711 0.00927790254354477 0.05346040800213814
v 0.04053642228245735 0.03521936386823654 0.05892467871308327
v 0.040193021297454834 0.03541545942425728 0.05459925904870033
v 0.03823118284344673 0.038323093205690384 0.05438493937253952
v 0.043165355920791626 0.030333485454320908 0.054567739367485046
v 0.04557396471500397 0.02519598789513111 0.054710160940885544
v 0.04741315916180611 0.0200649481266737 0.05505098029971123
v 0.04870639368891716 0.014953254722058773 0.05562308058142662
v 0.04947506636381149 0.009825280867516994 0.05643643066287041
v 0.04758421704173088 0.019729528576135635 0.05088690295815468
v 0.04573048651218414 0.025056738406419754 0.049459926784038544
v -0.04101951792836189 0.03735320270061493 0.04204495996236801
v -0.04063914343714714 0.03671366348862648 0.046349961310625076
v -0.04451220482587814 0.03157864138484001 0.04160477966070175
v -0.049885183572769165 0.014647476375102997 0.049324460327625275
v -0.048627227544784546 0.02002200298011303 0.04725490137934685
v -0.046847354620695114 0.025602329522371292 0.044733092188835144
v -0.04048587381839752 0.03622131049633026 0.050688255578279495
v -0.04950743541121483 0.015063087455928326 0.05273301154375076
v -0.04817013815045357 0.0202786922454834 0.051402971148490906
v -0.04627091810107231 0.025584377348423004 0.04995576664805412
v -0.043765947222709656 0.03105117194354534 0.048291902989149094
v -0.04929590970277786 0.015515308827161789 0.056151263415813446
v -0.04905201122164726 0.01692524552345276 0.059553783386945724
v -0.047950372099876404 0.020611869171261787 0.055564939975738525
v -0.04796847328543663 0.021019546315073967 0.05971855670213699
v -0.04605622589588165 0.02572149783372879 0.05520400032401085
v -0.04712976887822151 0.023565560579299927 0.06001116335391998
v -0.038457006216049194 0.040215592831373215 0.0665571391582489
v -0.037285059690475464 0.040738023817539215 0.060895707458257675
v -0.03936122730374336 0.03885136544704437 0.06553053110837936
v -0.03911019116640091 0.03823859244585037 0.05988391116261482
v -0.041377872228622437 0.03564302623271942 0.0636502131819725
v -0.0408589206635952 0.035686176270246506 0.05936335772275925
v -0.042248375713825226 0.03415800631046295 0.0629754513502121
v -0.042498424649238586 0.033715810626745224 0.06278809905052185
v -0.04055993631482124 0.035878587514162064 0.05503447726368904
v -0.038567300885915756 0.03876354172825813 0.05479884147644043
v -0.04681988060474396 0.024419613182544708 0.06014248728752136
v -0.04605279117822647 0.02638273313641548 0.060510262846946716
v -0.04359052702784538 0.03083103895187378 0.0550353080034256
v -0.04398442059755325 0.030919166281819344 0.061741214245557785
v -0.05031607672572136 0.009851152077317238 0.05399911105632782
v -0.0506475567817688 0.009321585297584534 0.0510338619351387
v -0.05018801987171173 0.009363305754959583 0.060180436819791794
v -0.05004332214593887 0.010955886915326118 0.05994768813252449
v -0.04981506988406181 0.012780196033418179 0.059748534113168716
v 0.01784699037671089 -0.00882957223802805 0.07847466319799423
v 0.018004903569817543 0.02651996724307537 0.07015851140022278
v -0.018375759944319725 0.02192731760442257 0.07148396968841553
v -0.018308890983462334 0.026728231459856033 0.07035422325134277
v -0.013376554474234581 0.026744158938527107 0.07031723856925964
v -0.013534863479435444 -0.008693809621036053 0.07865419238805771
v -0.018466804176568985 -0.008621308021247387 0.07867037504911423
v -0.018490778282284737 -0.0038198737893253565 0.07754112035036087
v 0.018864881247282028 0.032070811837911606 0.06884701550006866
v 0.01802936941385269 0.03199673071503639 0.06887007504701614
v 0.018099118024110794 0.032651275396347046 0.0687156394124031
v 0.0243192370980978 0.02652895264327526 0.07011384516954422
v 0.023631062358617783 0.026487700641155243 0.0701281875371933
v 0.023859195411205292 0.02712152898311615 0.06997755914926529
v 0.027260176837444305 0.014252059161663055 0.07298185676336288
v 0.02915010415017605 0.016871090978384018 0.0723530650138855
v 0.017822524532675743 -0.014306336641311646 0.07976309955120087
v 0.023473147302865982 -0.008861838839948177 0.07844433933496475
v 0.017824320122599602 -0.01500607281923294 0.07992768287658691
v 0.017886420711874962 -0.01496164407581091 0.079916812479496
v -0.024781137704849243 -0.008630293421447277 0.07871503382921219
v -0.024092962965369225 -0.008589041419327259 0.07870069146156311
v -0.024321096017956734 -0.00922287069261074 0.07885132730007172
v -0.018284425139427185 0.032204996794462204 0.06906578689813614
v -0.023935047909617424 0.02676049806177616 0.07038454711437225
v -0.018286220729351044 0.0329047329723835 0.06890120357275009
v -0.018348321318626404 0.03286030516028404 0.068912073969841
v -0.008403973653912544 0.03756542503833771 0.06773830205202103
v -0.00835418701171875 0.03524221479892731 0.06828444451093674
v -0.011266408488154411 0.03664397820830345 0.06797433644533157
v -0.0034092667046934366 0.03848213702440262 0.06748901307582855
v -0.00468782614916563 0.036452677100896835 0.0679750069975853
v -9.832217619987205e-05 0.038638532161712646 0.06742991507053375
v -0.003335594665259123 0.03614417463541031 0.0680384635925293
v -0.003975781612098217 0.03644859418272972 0.06797116994857788
v -0.008368009701371193 0.032148122787475586 0.0690123438835144
v -0.010994626209139824 0.03320806473493576 0.06878072023391724
v -0.011577701196074486 0.033781494945287704 0.0686497613787651
v -0.023959370329976082 0.027638019993901253 0.07017829269170761
v -0.024157507345080376 0.0273969117552042 0.07023634016513824
v -0.027156662195920944 0.017125627025961876 0.07267261296510696
v -0.027318943291902542 0.02263401448726654 0.07137800008058548
v -0.02583402954041958 0.021028360351920128 0.07174567878246307
v -0.02397817187011242 0.017107397317886353 0.07265548408031464
v -0.02504008077085018 0.019674967974424362 0.07205868512392044
v -0.025623155757784843 0.020248398184776306 0.07192772626876831
v -0.030730005353689194 0.00912424549460411 0.07457881420850754
v -0.030443428084254265 0.013057190924882889 0.0736517608165741
v -0.02847929298877716 0.013222891837358475 0.07359954714775085
v -0.028285883367061615 0.020637594163417816 0.0718541219830513
v -0.02767329290509224 0.014567108824849129 0.07327792048454285
v -0.028261462226510048 0.014000394381582737 0.07341518998146057
v -0.02829819545149803 0.005777496844530106 0.07534966617822647
v -0.03047857992351055 0.005188212264329195 0.07550297677516937
v -0.028516026213765144 0.004999994300305843 0.07553402334451675
v -0.02961200475692749 0.0010275662643834949 0.07647582143545151
v -0.027228331193327904 0.0010822886833921075 0.07644688338041306
v -0.028388870880007744 -0.0024165483191609383 0.07727771997451782
v -0.025722801685333252 -0.00205791462212801 0.07717539370059967
v -0.02404984086751938 0.001064059673808515 0.07642975449562073
v -0.025134634226560593 -0.0014911998296156526 0.07703812420368195
v -0.01932678185403347 -0.014172154478728771 0.07998186349868774
v -0.018491270020604134 -0.014098072424530983 0.07995881140232086
v -0.018561018630862236 -0.014752613380551338 0.0801132395863533
v -0.008574854582548141 -0.014154944568872452 0.07990536093711853
v -0.011210807599127293 -0.015184702351689339 0.08016534894704819
v -0.00865921750664711 -0.01957155577838421 0.08118005096912384
v -0.013982001692056656 -0.015168809331953526 0.08018028736114502
v -0.01339892577379942 -0.015742244198918343 0.08031124621629715
v -0.011513272300362587 -0.018617326393723488 0.08097482472658157
v -0.01259988360106945 -0.015955494716763496 0.08035602420568466
v -0.011798975989222527 -0.015751421451568604 0.08030261844396591
v -0.00033437300589866936 -0.014202204532921314 0.07986095547676086
v -0.0031320261768996716 -0.017669139429926872 0.08069531619548798
v -0.0035783995408564806 -0.01820850931107998 0.08082519471645355
v -0.00036357814678922296 -0.02073987014591694 0.08139897137880325
v -0.004221273586153984 -0.01850556954741478 0.08089940249919891
v -0.003672955557703972 -0.020545506849884987 0.08137555420398712
v -0.006015037186443806 -0.0176526065915823 0.08071085065603256
v -0.005573505535721779 -0.018197067081928253 0.08083594590425491
v -0.004933318123221397 -0.018501486629247665 0.08090323954820633
v 0.007906109094619751 -0.014249464496970177 0.0798165425658226
v 0.0024876100942492485 -0.017804350703954697 0.08068925142288208
v 0.003070686012506485 -0.01837777905166149 0.08082020282745361
v 0.0029473660979419947 -0.02058347500860691 0.08133987337350845
v 0.003869728883728385 -0.018591029569506645 0.08086498081684113
v 0.007942073047161102 -0.0196667667478323 0.08109058439731598
v 0.004670636262744665 -0.018386954441666603 0.08081158250570297
v 0.005258805584162474 -0.017820244655013084 0.08067431300878525
v 0.010532725602388382 -0.015309403650462627 0.08004816621541977
v 0.011115800589323044 -0.015882840380072594 0.0801791250705719
v 0.01080450788140297 -0.01874532178044319 0.08085454255342484
v 0.02349746972322464 -0.009739363566040993 0.0786505937576294
v 0.023695606738328934 -0.009498252533376217 0.07859253883361816
v 0.023516271263360977 0.0007912625442259014 0.07617340236902237
v 0.02457818016409874 -0.0017763085197657347 0.07677020132541656
v 0.02907782420516014 0.000690973422024399 0.0761595144867897
v 0.027823982760310173 -0.0027389354072511196 0.0769747644662857
v 0.025372130796313286 -0.0031297015957534313 0.07708320021629333
v 0.0251612551510334 -0.0023497403599321842 0.0769011527299881
v 0.02722344361245632 0.006029161624610424 0.07491633296012878
v 0.023552104830741882 0.00881293136626482 0.07428625971078873
v 0.027211392298340797 0.003331547835841775 0.07555095851421356
v 0.027799561619758606 0.0038982625119388103 0.07541369646787643
v 0.029981527477502823 0.004841466434299946 0.07517712563276291
v 0.02801739238202572 0.004675768781453371 0.07522933930158615
v 0.030268104746937752 0.008774414658546448 0.07425006479024887
v 0.027806518599390984 0.005455730017274618 0.07504729181528091
v 0.023587940260767937 0.016834601759910583 0.07239912450313568
v 0.02724812738597393 0.011554448865354061 0.07361648231744766
v 0.02783629484474659 0.012121160514652729 0.07347922027111053
v 0.03001667931675911 0.012710444629192352 0.07332590967416763
v 0.028054125607013702 0.01289866678416729 0.07329486310482025
v 0.027843251824378967 0.013678628019988537 0.07311281561851501
v 0.02467273361980915 0.019389858469367027 0.07179075479507446
v 0.02526090107858181 0.019956571981310844 0.07165348529815674
v 0.027926970273256302 0.020315207540988922 0.07155116647481918
v 0.011051371693611145 0.0365159846842289 0.06785405427217484
v 0.013725673779845238 0.03532712906599045 0.06811568140983582
v 0.008126776665449142 0.03514769300818443 0.06819561868906021
v 0.012137982994318008 0.03385414928197861 0.06847286224365234
v 0.0081129539757967 0.03205360472202301 0.06892351806163788
v 0.01074890699237585 0.033083364367485046 0.06866353005170822
v 0.011337075382471085 0.033650074154138565 0.0685262605547905
v 0.005497688893228769 0.03565455973148346 0.06809410452842712
v 0.004914612974971533 0.0362279899418354 0.06796315312385559
v 0.0032110551837831736 0.038444168865680695 0.06745333224534988
v 0.004115569870918989 0.03644124045968056 0.06791837513446808
v 0.011914844624698162 -0.0160960890352726 0.08022389560937881
v 0.012715751305222511 -0.015892015770077705 0.08017049729824066
v 0.01330392062664032 -0.01532529667019844 0.08003322780132294
v 0.025478733703494072 0.02073407545685768 0.07146913558244705
v 0.025267859920859337 0.021514039486646652 0.07128708809614182
v 0.024684784933924675 0.022087469696998596 0.07115612924098969
v -0.012376745231449604 0.03399474546313286 0.0686049833893776
v -0.013177651911973953 0.033790670335292816 0.06865838170051575
v -0.013765821233391762 0.033223956823349 0.06879565119743347
v -0.007090565748512745 0.029819119721651077 0.06955157220363617
v -0.007276668678969145 -0.011840712279081345 0.0793522521853447
v 0.024566128849983215 -0.004473919048905373 0.07740482687950134
v 0.025154296308755875 -0.003907207865267992 0.07726755738258362
v 0.013520102016627789 0.03306746855378151 0.06864859908819199
v 0.012937025167047977 0.03364089876413345 0.06851764023303986
v 0.0033146627247333527 0.036237165331840515 0.06797177344560623
v 0.002726493403315544 0.0356704518198967 0.06810904294252396
v -0.00011370536958565935 0.03519495576620102 0.06824003159999847
v -0.00012752733891829848 0.0321008637547493 0.06896793097257614
v -0.0053307004272937775 0.036155615001916885 0.06804921478033066
v -0.00577707402408123 0.03561624512076378 0.06817909330129623
v -0.0028940627817064524 0.035599712282419205 0.06816355884075165
v -0.02830515243113041 0.004220029339194298 0.07571607083082199
v -0.027722077444195747 0.003646597731858492 0.07584702223539352
v -0.024014005437493324 0.009085728786885738 0.07454261928796768
v -0.02719249576330185 0.009103957563638687 0.07455974817276001
v -0.027710027992725372 0.006344211753457785 0.07521239668130875
v -0.025940634310245514 -0.002835417166352272 0.07735975086688995
v -0.02572976052761078 -0.003615381894633174 0.07754179835319519
v -0.025146685540676117 -0.004188810009509325 0.07767274975776672
v -0.02165929414331913 0.0023039975203573704 0.076121985912323
v -0.025028029456734657 0.022372577339410782 0.07142405956983566
v -0.025616196915507317 0.021805865690112114 0.07156132161617279
v -0.021598825231194496 0.01584010012447834 0.07293754816055298
v -0.028268419206142426 0.01244292687624693 0.07378159463405609
v -0.027685344219207764 0.011869498528540134 0.07391254603862762
v -0.022730253636837006 0.009078366681933403 0.07453569769859314
v 0.01749318838119507 -0.028748199343681335 0.021301038563251495
v 0.015772037208080292 -0.029784657061100006 0.022067328914999962
v 0.012433999218046665 -0.03139154240489006 0.023305369541049004
v 0.01042443048208952 -0.0321398489177227 0.023904766887426376
v 0.009575416333973408 -0.032411906868219376 0.024126406759023666
v 0.008780970238149166 -0.03264397010207176 0.024317363277077675
v -0.0007407408556900918 -0.033905670046806335 0.02542782388627529
v 0.0013144731055945158 -0.03385775536298752 0.02536780945956707
v 0.00528433034196496 -0.03342191502451897 0.02497444488108158
v 0.023286230862140656 -0.02376292087137699 0.017954021692276
v 0.021792737767100334 -0.025331027805805206 0.01894606277346611
v 0.02139146625995636 -0.025712203234434128 0.019195634871721268
v 0.018731066957116127 -0.02789860963821411 0.020691758021712303
v 0.024293288588523865 -0.022545620799064636 0.017221156507730484
v 0.026448341086506844 -0.019305389374494553 0.015432394109666348
v 0.027964046224951744 -0.016119785606861115 0.013900231570005417
v 0.027401499450206757 -0.017436835914850235 0.014505920931696892
v 0.029679453000426292 -0.009101823903620243 0.011308487504720688
v 0.029552916064858437 -0.010111823678016663 0.011616511270403862
v 0.029050108045339584 -0.012705742381513119 0.012506630271673203
v 0.029521094635128975 -0.001753955613821745 0.009689983911812305
v 0.029588280245661736 -0.002240048488602042 0.009764514863491058
v 0.029835110530257225 -0.005599412135779858 0.010402856394648552
v 0.023452110588550568 0.012855478562414646 0.009337619878351688
v 0.025776579976081848 0.009237661026418209 0.009112730622291565
v 0.027453426271677017 0.005749466363340616 0.009078352712094784
v 0.028735855594277382 0.0019900845363736153 0.009262279607355595
v 0.003394494764506817 0.02518278732895851 0.01137737650424242
v 0.007169592194259167 0.024371406063437462 0.011182999238371849
v 0.00982589926570654 0.023467814549803734 0.01098027266561985
v 0.010904975235462189 0.023016635328531265 0.01088319718837738
v 0.014272402040660381 0.0212651826441288 0.010528313927352428
v 0.017730489373207092 0.018842337653040886 0.010097156278789043
v 0.020710257813334465 0.01610816828906536 0.009694262407720089
v 0.021591873839497566 0.015153298154473305 0.009575718082487583
v -0.0004754849069286138 0.02547273226082325 0.011458766646683216
v 0.009565286338329315 -0.03498492389917374 0.024731338024139404
v 0.01099300291389227 -0.034558847546577454 0.02435881271958351
v 0.01132554467767477 -0.03445030003786087 0.024264805018901825
v 0.014560597948729992 -0.03319740667939186 0.02320166677236557
v 0.018207792192697525 -0.03129524365067482 0.021662577986717224
v 0.01897490955889225 -0.03081723302602768 0.02128877490758896
v 0.021312300115823746 -0.02915911003947258 0.02003232017159462
v 0.02440539374947548 -0.026376157999038696 0.018063688650727272
v 0.025241326540708542 -0.025472382083535194 0.017459988594055176
v 0.02690053917467594 -0.023413237184286118 0.016158485785126686
v 0.028987403959035873 -0.020092392340302467 0.014261036179959774
v 0.029692495241761208 -0.018675679340958595 0.013528045266866684
v 0.030600082129240036 -0.016470113769173622 0.012478338554501534
v 0.031642649322748184 -0.012861454859375954 0.010995968244969845
v 0.032019905745983124 -0.010779062286019325 0.010272832587361336
v 0.03215287998318672 -0.00972412247210741 0.009942463599145412
v -0.03115633875131607 -0.0064214784651994705 0.011006633751094341
v -0.033451102674007416 -0.00997057557106018 0.01048761885613203
v -0.030842792242765427 -0.010208111256361008 0.012083249166607857
v -0.02875916101038456 -0.017222732305526733 0.014859593473374844
v -0.03162062168121338 -0.017162974923849106 0.013296185061335564
v -0.03004949912428856 -0.01377212256193161 0.013365308754146099
v -0.03277254477143288 -0.013618567027151585 0.011772620491683483
v -0.03339548781514168 -0.010403416119515896 0.010625224560499191
v -0.02635635808110237 -0.02140624262392521 0.017008161172270775
v -0.02793728932738304 -0.023665443062782288 0.016799133270978928
v -0.027060428634285927 -0.02035379596054554 0.01643366925418377
v -0.029994316399097443 -0.02054467611014843 0.015003983862698078
v -0.031124142929911613 -0.018326103687286377 0.013855424709618092
v -0.02870529517531395 0.005946697201579809 0.009383618831634521
v -0.029276741668581963 0.0044852267019450665 0.009436438791453838
v -0.03036821447312832 0.0008119757403619587 0.009725624695420265
v -0.030871432274580002 -0.0018918173154816031 0.01009012944996357
v -0.03099968098104 -0.002940698293969035 0.010267677716910839
v -0.0247176680713892 -0.023500777781009674 0.018219875171780586
v -0.02637256309390068 -0.02555287629365921 0.017984647303819656
v -0.026708997786045074 -0.025173917412757874 0.017740746960043907
v -0.015506586991250515 -0.030512362718582153 0.022909659892320633
v -0.019140522927045822 -0.03141363337635994 0.022121472284197807
v -0.018971089273691177 -0.028530314564704895 0.02149125747382641
v -0.02046358399093151 -0.030590739101171494 0.02150118537247181
v -0.02197050303220749 -0.026250135153532028 0.01994737982749939
v -0.02217000350356102 -0.029389776289463043 0.02061910554766655
v -0.025317814201116562 -0.026660514995455742 0.018713954836130142
v -0.008382108993828297 -0.03302205726504326 0.024789417162537575
v -0.012065554969012737 -0.034563153982162476 0.02459740824997425
v -0.012109731324017048 -0.031938448548316956 0.023969877511262894
v -0.012825718149542809 -0.03431131690740585 0.024394575506448746
v -0.01476344559341669 -0.03086407668888569 0.0231682937592268
v -0.014776799827814102 -0.033576808869838715 0.023806415498256683
v -0.015721753239631653 -0.03317275643348694 0.023485787212848663
v 0.007154521532356739 -0.035564154386520386 0.02524888701736927
v 0.0032432766165584326 -0.036155201494693756 0.025798611342906952
v -0.0007516120676882565 -0.03633921593427658 0.026000328361988068
v -0.002636850345879793 -0.0338439866900444 0.025396374985575676
v -0.002645769389346242 -0.036281999200582504 0.02596997283399105
v -0.004612324759364128 -0.033670783042907715 0.02527514286339283
v -0.004013491328805685 -0.03618273138999939 0.025897741317749023
v -0.008019033819437027 -0.035605788230895996 0.025441061705350876
v -0.018745049834251404 0.019071245566010475 0.010296917520463467
v -0.019991036504507065 0.018040260300040245 0.010145734064280987
v -0.02307373844087124 0.014964461326599121 0.00976606085896492
v -0.02456536702811718 0.013134106993675232 0.00959736853837967
v -0.025578312575817108 0.011720380745828152 0.009496883489191532
v -0.02621002309024334 0.010752187110483646 0.009443944320082664
v -0.02774789370596409 0.008025689981877804 0.009367738850414753
v -0.0023683542385697365 0.025419780984520912 0.011454375460743904
v -0.0025256744120270014 0.025409629568457603 0.011452710255980492
v -0.006560534238815308 0.024843715131282806 0.011343136429786682
v -0.010029791854321957 0.02386888861656189 0.011147260665893555
v -0.01165380235761404 0.02324669621884823 0.011025258339941502
v -0.013674275949597359 0.022312818095088005 0.01084746140986681
v -0.01453196071088314 0.021859388798475266 0.010763908736407757
v -0.017023274675011635 0.02033141814172268 0.01049812138080597
v -0.0003286070714239031 -0.019108306616544724 0.08615153282880783
v -0.00029581034323200583 -0.017963455989956856 0.09101858735084534
v 0.007440168876200914 -0.01815779134631157 0.08587560057640076
v 0.0074729654006659985 -0.0170129407197237 0.09074265509843826
v 0.007941154763102531 -0.018025612458586693 0.08584113419055939
v 0.014721202664077282 -0.014137087389826775 0.09001734107732773
v 0.02095494605600834 -0.009531905874609947 0.08889207988977432
v 0.02092214860022068 -0.01067675743252039 0.08402502536773682
v 0.014688405208289623 -0.015281938947737217 0.08515028655529022
v 0.028777755796909332 0.003514685668051243 0.08577048033475876
v 0.0286040548235178 0.0018835366936400533 0.08101876825094223
v 0.02574937231838703 -0.003511209972202778 0.08744355291128159
v 0.025716576725244522 -0.004656061064451933 0.08257650583982468
v 0.023482995107769966 -0.007868905551731586 0.08334729820489883
v 0.02587982639670372 0.025691283866763115 0.08057352900505066
v 0.028675934299826622 0.017974048852920532 0.07723339647054672
v 0.02884528413414955 0.018631011247634888 0.08221429586410522
v 0.028812486678361893 0.01748616062104702 0.07734724134206772
v 0.029833713546395302 0.011066988110542297 0.08398687839508057
v 0.029800916090607643 0.009922136552631855 0.07911983132362366
v 0.028744960203766823 0.002369834575802088 0.08090343326330185
v 0.021139435470104218 0.03176666051149368 0.0791763886809349
v 0.02110663801431656 0.030621808022260666 0.074309341609478
v 0.02584703080356121 0.024546433240175247 0.07570647448301315
v -3.4902855986729264e-05 0.04044152796268463 0.07727853208780289
v -6.769958417862654e-05 0.039296675473451614 0.07241147756576538
v 0.007724982686340809 0.03940194845199585 0.07747077941894531
v 0.007692186161875725 0.03825709596276283 0.0726037248969078
v 0.014947154559195042 0.036443110555410385 0.07811810076236725
v 0.014914358034729958 0.03529826179146767 0.07325104624032974
v 0.0182182639837265 0.03311901167035103 0.07374139875173569
v -0.018457980826497078 -0.0026750194374471903 0.08240818232297897
v -0.018434008583426476 -0.007476454135030508 0.08353743702173233
v -0.013502066023647785 -0.0075489552691578865 0.08352126181125641
v -0.013343757018446922 0.027889013290405273 0.07518430799245834
v -0.018276093527674675 0.0278730858117342 0.07522128522396088
v -0.018342962488532066 0.023072171956300735 0.07635103166103363
v 0.0180377010256052 0.027664821594953537 0.07502557337284088
v 0.01787978783249855 -0.007684717886149883 0.08334172517061234
v 0.027244189754128456 0.004476402420550585 0.08041802793741226
v 0.008159573189914227 0.03629254922270775 0.07306268811225891
v -0.0128739969804883 0.03658120334148407 0.07313652336597443
v -0.008321390487253666 0.036387067288160324 0.07315150648355484
v -0.011052701622247696 0.03733482211828232 0.07294698059558868
v -0.01096182968467474 0.034352920949459076 0.07364778220653534
v -0.008335212245583534 0.0332929790019989 0.07387940585613251
v -0.023732472211122513 0.02823934704065323 0.07517190277576447
v -0.018251627683639526 0.03334984928369522 0.07393285632133484
v -0.018018517643213272 0.0336131751537323 0.07386934012174606
v -0.02397989295423031 0.027930794283747673 0.07524614781141281
v -0.023902252316474915 0.027905352413654327 0.07525160908699036
v -0.023938538506627083 0.027982965111732483 0.07523360103368759
v -0.027344537898898125 -0.0022945997770875692 0.0823785811662674
v -0.027195533737540245 0.0022271431516855955 0.08131395280361176
v -0.02789446897804737 -0.001085368450731039 0.0820978507399559
v -0.008542058058083057 -0.013010090216994286 0.08477243036031723
v -0.005982240661978722 -0.016507752239704132 0.08557792007923126
v -0.00862196646630764 -0.017921192571520805 0.08592817932367325
v -0.00030157616129145026 -0.013057350181043148 0.08472801744937897
v -0.003583732293918729 -0.018917134031653404 0.08612850308418274
v -0.004900521598756313 -0.0173566322773695 0.08577030897140503
v -0.0055407085455954075 -0.017052212730050087 0.08570301532745361
v -0.003099229419603944 -0.016524285078048706 0.08556237816810608
v -0.003545602783560753 -0.017063654959201813 0.08569226413965225
v -0.004188476596027613 -0.017360715195536613 0.08576647192239761
v -0.011178010143339634 -0.014039847999811172 0.08503241837024689
v -0.011766178533434868 -0.014606566168367863 0.08516968786716461
v -0.011295518837869167 -0.017020557075738907 0.08573434501886368
v -0.012567087076604366 -0.01481064036488533 0.08522308617830276
v -0.013366129249334335 -0.014597390778362751 0.08517830818891525
v -0.018227728083729744 -0.013219207525253296 0.08488688617944717
v -0.018458474427461624 -0.012953218072652817 0.08482587337493896
v -0.02389337867498398 -0.007780113723129034 0.08364565670490265
v -0.024097144603729248 -0.007521379739046097 0.08358617126941681
v -0.024060165509581566 -0.00744418753311038 0.08356776088476181
v -0.024138031527400017 -0.007468737196177244 0.08357406407594681
v -0.025113888084888458 -0.003043955657631159 0.08253981918096542
v -0.02569696307182312 -0.0024705275427550077 0.0824088603258133
v -0.025907838717103004 -0.0016905625816434622 0.08222682029008865
v -0.02401704341173172 0.002208914142102003 0.08129682391881943
v -0.025101836770772934 -0.00034634541952982545 0.08190519362688065
v -0.025690006092190742 -0.0009130600956268609 0.08204246312379837
v -0.027689281851053238 0.004791452083736658 0.08071409165859222
v -0.0282723568379879 0.005364884156733751 0.0805831328034401
v -0.029949920251965523 0.006394724827259779 0.08035219460725784
v -0.028483228757977486 0.0061448486521840096 0.08040108531713486
v -0.030197223648428917 0.01026623323559761 0.07944318652153015
v -0.02991534397006035 0.014134702272713184 0.07853132486343384
v -0.028235623612999916 0.013587781228125095 0.0786486566066742
v -0.027793169021606445 0.021590838208794594 0.07676316052675247
v -0.027123864740133286 0.018270481377840042 0.07753968238830566
v -0.027232464402914047 0.02279369905591011 0.07647643983364105
v -0.025590358301997185 0.021393252536654472 0.07679479569196701
v -0.02394537441432476 0.018252253532409668 0.07752254605293274
v -0.025007283315062523 0.02081982232630253 0.07692574709653854
v -0.02580123394727707 0.022173214703798294 0.07661274820566177
v -0.025583401322364807 0.02295072004199028 0.07642839103937149
v -0.013733024708926678 0.034368813037872314 0.07366272062063217
v -0.01314485538750887 0.03493552654981613 0.07352545112371445
v -0.01234394870698452 0.035139597952365875 0.0734720528125763
v -0.011544904671609402 0.03492634743452072 0.0735168308019638
v -0.004655029624700546 0.03759752959012985 0.0728420689702034
v -0.003942984621971846 0.03759344667196274 0.07283823192119598
v -0.0033243661746382713 0.03914284706115723 0.07246960699558258
v -0.005297903437167406 0.0373004712164402 0.07291627675294876
v -0.005744277033954859 0.036761097609996796 0.07304616272449493
v 0.002759290160611272 0.03681530803442001 0.07297611236572266
v 0.0033474594820290804 0.03738202154636383 0.07283884286880493
v 0.004148366395384073 0.037586092948913574 0.07278544455766678
v 0.008145751431584358 0.03319845721125603 0.07379058748483658
v 0.010781703516840935 0.03422821685671806 0.07353059947490692
v 0.012969822622835636 0.03478575497865677 0.07338470965623856
v 0.012170779518783092 0.03499900549650192 0.07333993166685104
v 0.011369871906936169 0.03479493036866188 0.0733933299779892
v 0.013552898541092873 0.034212324768304825 0.07351566106081009
v 0.024717580527067184 0.023232324048876762 0.07602319866418839
v 0.025300655514001846 0.02265889383852482 0.07615415006875992
v 0.02551153115928173 0.021878929808735847 0.07633619755506516
v 0.023620735853910446 0.01797945611178875 0.07726619392633438
v 0.02470553107559681 0.020534712821245193 0.07665782421827316
v 0.02529369853436947 0.02110142633318901 0.07652055472135544
v 0.027292974293231964 0.015396913513541222 0.07784892618656158
v 0.027876049280166626 0.014823482371866703 0.07797987759113312
v 0.02808692306280136 0.014043521136045456 0.07816192507743835
v 0.02786909230053425 0.013266014866530895 0.07834628224372864
v 0.02728092297911644 0.012699303217232227 0.07848355174064636
v 0.02358490228652954 0.009957786649465561 0.07915332913398743
v 0.023549066856503487 0.0019361170707270503 0.08104046434164047
v 0.027832359075546265 0.0050431168638169765 0.08028075844049454
v 0.028050189837813377 0.005820623133331537 0.08009640127420425
v 0.027839316055178642 0.006600584369152784 0.07991436123847961
v 0.02725624106824398 0.0071740164421498775 0.07978340238332748
v 0.02461097575724125 -0.0006314540514722466 0.08163726329803467
v 0.02519405074417591 -0.001204886008054018 0.0817682221531868
v 0.025404926389455795 -0.001984847243875265 0.08195026963949203
v 0.025187093764543533 -0.002762353280559182 0.08213462680578232
v 0.024598926305770874 -0.0033290644641965628 0.08227188885211945
v 0.013336718082427979 -0.014180442318320274 0.08490029722452164
v 0.01274854876101017 -0.01474716141819954 0.08503756672143936
v 0.011947641149163246 -0.014951235614717007 0.08509096503257751
v 0.007938905619084835 -0.01310461014509201 0.0846836045384407
v 0.01056552305817604 -0.014164549298584461 0.08491522818803787
v 0.011148598045110703 -0.014737985096871853 0.08504618704319
v 0.0025204068515449762 -0.01665949635207653 0.08555631339550018
v 0.005291602574288845 -0.01667538844048977 0.08554138243198395
v 0.0047034332528710365 -0.017242100089788437 0.08567865192890167
v 0.0039025256410241127 -0.01744617521762848 0.08573205024003983
v 0.0031034827698022127 -0.017232924699783325 0.08568727225065231
v -0.0070577687583863735 0.030963974073529243 0.07441864162683487
v -0.013949205167591572 -0.01402395498007536 0.08504734933376312
v -0.007243872154504061 -0.010695857927203178 0.0842193141579628
v -8.09085468063131e-05 0.036339808255434036 0.07310709357261658
v -9.473050886299461e-05 0.033245716243982315 0.07383500039577484
v 0.004947409965097904 0.03737284615635872 0.0728302150964737
v 0.005530485883355141 0.036799415946006775 0.07296117395162582
v -0.003302797907963395 0.037289027124643326 0.0729055255651474
v -0.0028612660244107246 0.03674456477165222 0.07303062081336975
v -0.028265397995710373 0.006922351196408272 0.08021673560142517
v -0.027677230536937714 0.007489066105335951 0.08007946610450745
v -0.02715970017015934 0.010248811915516853 0.07942681759595871
v -0.023981207981705666 0.010230583138763905 0.07940968871116638
v -0.02162649668753147 0.0034488521050661802 0.0809890478849411
v -0.024995232000947 0.023517431691288948 0.07629112154245377
v -0.021566027775406837 0.016984954476356506 0.07780461758375168
v -0.028446495532989502 0.014367746189236641 0.07846660912036896
v -0.02822866477072239 0.015145248733460903 0.07828225940465927
v -0.02764049731194973 0.015711963176727295 0.07814498990774155
v -0.027652546763420105 0.0130143528804183 0.07877961546182632
v -0.022697458043694496 0.01022322103381157 0.07940276712179184
v -0.0003088557568844408 -0.02088371105492115 0.09170559048652649
v -0.0038894936442375183 -0.020673416554927826 0.09168025106191635
v -2.1857476895092987e-05 0.04336177930235863 0.07659152895212173
v -0.00021863805886823684 0.036492664366960526 0.047389186918735504
v -0.003604190656915307 0.04319256171584129 0.07665546983480453
v -0.030716653913259506 0.01701624132692814 0.052176035940647125
v -0.030519872903823853 0.02388535439968109 0.08137837797403336
v -0.026053108274936676 0.031198713928461075 0.07962799072265625
v -0.01976775750517845 0.03710992634296417 0.07819517701864243
v -0.012105359695851803 0.04120373725891113 0.07718057930469513
v -0.03305104747414589 0.008814491331577301 0.054121021181344986
v -0.030631301924586296 -0.001058473833836615 0.08724652975797653
v -0.026230106130242348 -0.008422689512372017 0.08894912153482437
v -0.019997889176011086 -0.014405696652829647 0.09031447768211365
v -0.012372458353638649 -0.018587183207273483 0.09124667942523956
v -0.027760371565818787 0.02273568883538246 0.08163020759820938
v -0.023699676617980003 0.029384197667241096 0.08003895729780197
v -0.017985722050070763 0.03475802764296532 0.07873639464378357
v -0.011019905097782612 0.038479674607515335 0.0778140276670456
v -0.0032915694173425436 0.040287699550390244 0.07733666151762009
v 0.0035587800666689873 0.043151482939720154 0.07661686837673187
v -0.027861671522259712 5.94825905864127e-05 0.08696489781141281
v -0.02386058308184147 -0.006635262630879879 0.08851270377635956
v -0.018194932490587234 -0.012074355967342854 0.08975394070148468
v -0.011262722313404083 -0.01587570644915104 0.09060139954090118
v -0.003550935536623001 -0.017772281542420387 0.09099555015563965
v 0.012041745707392693 0.04106525331735611 0.07705044001340866
v 0.01966717466711998 0.03688376396894455 0.07798264175653458
v 0.025899391621351242 0.030900759622454643 0.07934799790382385
v 0.03030058927834034 0.023536542430520058 0.08105058968067169
v 0.03256158530712128 0.015308436937630177 0.08297080546617508
v 0.03252355381846428 0.006794463377445936 0.0849737599492073
v 0.030189160257577896 -0.0014072861522436142 0.08691874146461487
v 0.02572239562869072 -0.008720643818378448 0.08866912126541138
v 0.019437044858932495 -0.014631860889494419 0.0901019424200058
v 0.011774647049605846 -0.018725670874118805 0.0911165401339531
v 0.0032734773121774197 -0.020714497193694115 0.09164164960384369
v -0.0371963232755661 0.02486593648791313 -0.06386993080377579
v -0.028793979436159134 0.03217357024550438 -0.08068248629570007
v -0.028841812163591385 0.02146598882973194 -0.07816348224878311
v -0.03384627029299736 0.02306174300611019 -0.07147541642189026
v -0.03379843384027481 0.03376932442188263 -0.07399442791938782
v -0.03714849054813385 0.03557351604104042 -0.06638894230127335
v 0.021350255236029625 0.02572920359671116 -0.10024408996105194
v -0.021940337494015694 0.02795509062707424 -0.09724336117506027
v -0.024836085736751556 0.0232057087123394 -0.10210004448890686
v -0.02642824873328209 0.016172250732779503 -0.10368900746107101
v 0.024126295000314713 0.01588231511414051 -0.10396146774291992
v 0.017194360494613647 0.01527388859540224 -0.10667934268712997
v 0.009960772469639778 0.014877121895551682 -0.10850323736667633
v 0.0025467241648584604 0.014698667451739311 -0.10940258204936981
v -0.004923572298139334 0.014741510152816772 -0.10936231911182404
v -0.012324961833655834 0.015004933811724186 -0.10838312655687332
v -0.019533444195985794 0.015484526753425598 -0.1064813956618309
v 0.019843555986881256 0.027715453878045082 -0.0974685475230217
v 0.018676988780498505 0.0285551305860281 -0.09516200423240662
v 0.014114235527813435 0.027212582528591156 -0.09971490502357483
v 0.013272291980683804 0.02808075025677681 -0.0972810760140419
v 0.008135594427585602 0.02688465267419815 -0.10122236609458923
v 0.007632401771843433 0.027771400287747383 -0.09870313107967377
v 0.002007800620049238 0.026737157255411148 -0.10196568816900253
v 0.001851809793151915 0.02763226442039013 -0.09940432757139206
v -0.0041664824821054935 0.026772568002343178 -0.10193241387605667
v -0.003972637467086315 0.027665667235851288 -0.09937293827533722
v -0.010283813811838627 0.026990290731191635 -0.10112309455871582
v -0.009743359871208668 0.02787105366587639 -0.09860948473215103
v -0.016241705045104027 0.027386678382754326 -0.09955129772424698
v -0.01536367554217577 0.028244981542229652 -0.09712674468755722
v -0.020739423111081123 0.028781186789274216 -0.09494957327842712
v 0.02358359470963478 0.01955852471292019 -0.10362997651100159
v 0.016806747764348984 0.018963711336255074 -0.10628703981637955
v 0.009735001251101494 0.018575821071863174 -0.10807013511657715
v 0.002486829413101077 0.018401360139250755 -0.10894934833049774
v -0.004816331900656223 0.018443243578076363 -0.10890999436378479
v -0.012052128091454506 0.018700772896409035 -0.10795270651578903
v -0.01909933052957058 0.01916963793337345 -0.10609352588653564
v -0.025839878246188164 0.01984197273850441 -0.10336361080408096
v 0.02263212762773037 0.02293347381055355 -0.10235586762428284
v 0.01612338237464428 0.02236219123005867 -0.1049078181385994
v 0.00933140143752098 0.021989647299051285 -0.10662037134170532
v 0.0023699779994785786 0.021822085604071617 -0.10746481269598007
v -0.004644259810447693 0.021862313151359558 -0.10742700845003128
v -0.01159379817545414 0.022109655663371086 -0.10650759190320969
v -0.01836220547556877 0.02255997061729431 -0.10472195595502853
v 0.015200541354715824 0.025189435109496117 -0.10265526175498962
v 0.008783216588199139 0.024837439879775047 -0.10427334159612656
v 0.0022057946771383286 0.024679122492671013 -0.10507120937108994
v -0.004421528894454241 0.02471713162958622 -0.10503549128770828
v -0.01098772045224905 0.024950828403234482 -0.10416679084300995
v -0.017382774502038956 0.025376303121447563 -0.10247965902090073
v -0.023499546572566032 0.02598642185330391 -0.10000237077474594
v -0.009507228620350361 0.018788926303386688 -0.089175745844841
v 0.007441644556820393 0.029399577528238297 -0.09178584814071655
v 0.007393811829388142 0.018691997975111008 -0.089266836643219
v -0.0010629502357915044 0.018522577360272408 -0.09014757722616196
v -0.001015117159113288 0.029230156913399696 -0.09266658872365952
v -0.00945939589291811 0.029496507719159126 -0.09169475734233856
v 0.008239426650106907 0.028719063848257065 -0.0946633592247963
v 0.008976255543529987 0.028882483020424843 -0.09395471960306168
v 0.009977982379496098 0.02893810160458088 -0.09369928389787674
v 0.010976194404065609 0.028871014714241028 -0.09396550059318542
v 0.01170342043042183 0.028699198737740517 -0.09468203037977219
v 0.05025510862469673 0.03521358221769333 -0.059379883110523224
v 0.04408012703061104 0.036890510469675064 -0.05924834683537483
v 0.025647304952144623 0.02844625897705555 -0.09425190836191177
v 0.029225420206785202 0.02376369759440422 -0.09870163351297379
v 0.031148280948400497 0.016766518354415894 -0.10006963461637497
v 0.05670774728059769 0.026573073118925095 -0.05789947882294655
v 0.05561984330415726 0.024895381182432175 -0.06505151838064194
v 0.05359768494963646 0.023267557844519615 -0.07200931757688522
v 0.03705468773841858 0.01777237467467785 -0.09568187594413757
v 0.04233420640230179 0.018946031108498573 -0.09059274941682816
v 0.04689941555261612 0.02026805467903614 -0.08488652855157852
v 0.05067474767565727 0.021716555580496788 -0.07865767925977707
v 0.046772491186857224 0.03655148670077324 -0.059397801756858826
v 0.04587332904338837 0.03516485542058945 -0.06530904024839401
v 0.04323190823197365 0.035582445561885834 -0.0648246556520462
v 0.04420199245214462 0.03381944075226784 -0.07105974107980728
v 0.041655268520116806 0.03431326523423195 -0.0702495127916336
v 0.04178614914417267 0.03253751993179321 -0.07655468583106995
v 0.039376307278871536 0.033103976398706436 -0.07543312013149261
v 0.03866579756140709 0.03134031593799591 -0.08170291036367416
v 0.03643275797367096 0.031974609941244125 -0.08028963208198547
v 0.034892596304416656 0.030247649177908897 -0.08641916513442993
v 0.032873351126909256 0.030943850055336952 -0.08473867923021317
v 0.030529022216796875 0.029277611523866653 -0.09062537550926208
v 0.028757011517882347 0.030028775334358215 -0.08870656043291092
v 0.024151895195245743 0.029244525358080864 -0.09212762117385864
v 0.055436089634895325 0.030010094866156578 -0.05859854444861412
v 0.054372530430555344 0.02836993895471096 -0.06559057533740997
v 0.05239561200141907 0.026778535917401314 -0.07239270210266113
v 0.04953806474804878 0.02526223473250866 -0.07889232039451599
v 0.04584720730781555 0.023846138268709183 -0.08498181402683258
v 0.04138413444161415 0.0225536972284317 -0.09056036174297333
v 0.03622273728251457 0.021406298503279686 -0.09553562849760056
v 0.030448472127318382 0.02042294666171074 -0.09982521086931229
v 0.05322449654340744 0.032971568405628204 -0.05910594016313553
v 0.05220301076769829 0.0313962958753109 -0.06582135707139969
v 0.05030430108308792 0.029867852106690407 -0.07235438376665115
v 0.04755980893969536 0.028411537408828735 -0.07859686762094498
v 0.044014956802129745 0.027051465585827827 -0.08444545418024063
v 0.039728447794914246 0.025810150429606438 -0.0898033156991005
v 0.03477124869823456 0.02470814622938633 -0.09458174556493759
v 0.049289971590042114 0.033725205808877945 -0.06572486460208893
v 0.047495998442173004 0.032281070947647095 -0.07189752161502838
v 0.04490289092063904 0.030905090272426605 -0.07779566198587418
v 0.04155358299612999 0.029620040208101273 -0.08332163840532303
v 0.037503525614738464 0.028447197750210762 -0.08838395029306412
v 0.03281977027654648 0.027405982837080956 -0.09289879351854324
v 0.027579855173826218 0.026513628661632538 -0.09679143130779266
v 0.02687539905309677 0.021146442741155624 -0.07846376299858093
v 0.03546976298093796 0.03515704348683357 -0.06678031384944916
v 0.03542193025350571 0.024449462071061134 -0.0642613023519516
v 0.031969621777534485 0.022684281691908836 -0.0718301311135292
v 0.032017454504966736 0.033391863107681274 -0.07434913516044617
v 0.026923231780529022 0.03185402601957321 -0.08098277449607849
v 0.028155911713838577 0.04594994708895683 -0.014162346720695496
v 0.04683856666088104 0.038148343563079834 -0.05260877311229706
v 0.05329956114292145 0.03478566184639931 -0.051393330097198486
v 0.05678769201040268 0.028505118563771248 -0.04968539997935295
v 0.03767542168498039 0.037594303488731384 -0.01141283567994833
v 0.03785309940576553 0.03501098230481148 -0.010587617754936218
v 0.031797606498003006 0.03867506980895996 -0.006930421106517315
v 0.03194635733962059 0.03609706833958626 -0.00608314061537385
v 0.031716007739305496 0.03613397851586342 -0.005930621176958084
v 0.053924717009067535 0.03186807408928871 -0.03544481843709946
v 0.05290655046701431 0.03005145862698555 -0.03138325735926628
v 0.05110172927379608 0.033463943749666214 -0.02871483564376831
v 0.05134549364447594 0.0308602936565876 -0.027974780648946762
v 0.047409020364284515 0.03496672958135605 -0.022397056221961975
v 0.047634609043598175 0.03237047418951988 -0.021625904366374016
v 0.0429084487259388 0.03635124862194061 -0.016597336158156395
v 0.0431118868291378 0.03376180678606033 -0.015797635540366173
v 0.04045754671096802 0.03443199768662453 -0.012999247759580612
v 0.05705944448709488 0.025877060368657112 -0.04904855787754059
v 0.05583067983388901 0.030205847695469856 -0.04247426614165306
v 0.05609771981835365 0.027586160227656364 -0.04180193319916725
v 0.054182372987270355 0.029256565496325493 -0.03473788872361183
v 0.02618398517370224 0.046553920954465866 -0.01727130636572838
v 0.024658167734742165 0.04632620885968208 -0.019508743658661842
v 0.031042059883475304 0.045660655945539474 -0.020976075902581215
v 0.029240984469652176 0.0454835519194603 -0.023003598675131798
v 0.0353672169148922 0.044633254408836365 -0.02526112087070942
v 0.0333210788667202 0.04451436549425125 -0.027045857161283493
v 0.03908698633313179 0.04348893463611603 -0.03005465678870678
v 0.03683008253574371 0.043434884399175644 -0.031567785888910294
v 0.04213905334472656 0.04224686697125435 -0.035276368260383606
v 0.039709221571683884 0.04226319119334221 -0.036493636667728424
v 0.044472284615039825 0.040927860885858536 -0.040838778018951416
v 0.04191024973988533 0.04101892188191414 -0.04174088314175606
v 0.04604758694767952 0.039554014801979065 -0.04664869233965874
v 0.04339629411697388 0.03972291573882103 -0.04722160845994949
v 0.044142454862594604 0.038396887481212616 -0.05284398794174194
v 0.031083272770047188 0.041841328144073486 -0.008769840002059937
v 0.03682957962155342 0.040784742683172226 -0.013151965104043484
v 0.04194553196430206 0.03956950083374977 -0.01822046935558319
v 0.046345409005880356 0.03821595758199692 -0.023890435695648193
v 0.04995550215244293 0.036746796220541 -0.03006686270236969
v 0.052715327590703964 0.03518662974238396 -0.036646272987127304
v 0.05457865074276924 0.0335615910589695 -0.04351844638586044
v 0.055514249950647354 0.03189891204237938 -0.050568245351314545
v 0.029835110530257225 0.044334739446640015 -0.011248528957366943
v 0.03535408526659012 0.043319955468177795 -0.015457292087376118
v 0.040267638862133026 0.04215278849005699 -0.020325277000665665
v 0.044493451714515686 0.04085279256105423 -0.02577092871069908
v 0.04796072468161583 0.039441753178834915 -0.03170301020145416
v 0.05061136558651924 0.03794330731034279 -0.03802213445305824
v 0.052400972694158554 0.036382559686899185 -0.04462243989109993
v 0.033370453864336014 0.0449911393225193 -0.01813894882798195
v 0.038012970238924026 0.04388835281133652 -0.022738415747880936
v 0.04200568050146103 0.04266006872057915 -0.02788367122411728
v 0.04528169706463814 0.041326865553855896 -0.03348853811621666
v 0.04778612405061722 0.03991107642650604 -0.03945908695459366
v 0.04947701096534729 0.038436420261859894 -0.04569530487060547
v 0.05032603442668915 0.03692760691046715 -0.05209270864725113
v 0.03556893393397331 0.029580969363451004 -0.04244597256183624
v 0.027262255549430847 0.043688494712114334 -0.030671443790197372
v 0.027214422821998596 0.032980915158987045 -0.028152432292699814
v 0.03221887722611427 0.0313851572573185 -0.03484049811959267
v 0.032266709953546524 0.042092740535736084 -0.03735950589179993
v 0.03561676666140556 0.04028854891657829 -0.0449649803340435
v -0.025174429640173912 0.043071046471595764 -0.004610944073647261
v -0.024196965619921684 0.04551580548286438 -0.007254164200276136
v -0.021377751603722572 0.047593556344509125 -0.013755268417298794
v 0.021954121068120003 0.046808648854494095 -0.010630032047629356
v -0.022665860131382942 0.03767329454421997 -0.0004200751718599349
v -0.025882067158818245 0.03736111894249916 -0.0018081271555274725
v -0.025747573003172874 0.03993292897939682 -0.002676350064575672
v -0.018916010856628418 0.03797253966331482 0.000923129147849977
v -0.01881563663482666 0.040541354566812515 4.1527549910824746e-05
v -0.011646820232272148 0.0383712574839592 0.002755997236818075
v -0.011582049541175365 0.0409381203353405 0.0018654201412573457
v -0.0041962796822190285 0.038550592958927155 0.0036597726866602898
v -0.004168001469224691 0.04111657664179802 0.0027647721581161022
v -0.0004419493197929114 0.03855690732598305 0.0037579035852104425
v 0.0033022949937731028 0.04107373580336571 0.002724511083215475
v 0.003310785861685872 0.03850753977894783 0.003619313472881913
v 0.010748605243861675 0.03824281692504883 0.0026352975983172655
v 0.010703684762120247 0.04081030935049057 0.0017453115433454514
v 0.017992567270994186 0.037760864943265915 0.0007242111023515463
v 0.017912166193127632 0.04033071547746658 -0.00015641622303519398
v 0.021724043413996696 0.03741871565580368 -0.000659313693176955
v 0.024806970730423927 0.03964299336075783 -0.002948812674731016
v 0.02492130920290947 0.03706975281238556 -0.002081930870190263
v 0.024249041453003883 0.042787596583366394 -0.004877310711890459
v -0.02020871266722679 0.047306932508945465 -0.01619192771613598
v -0.015648430213332176 0.0480964258313179 -0.011508911848068237
v -0.014804014936089516 0.047781314700841904 -0.014072848483920097
v -0.009669789113104343 0.048424359411001205 -0.01000144612044096
v -0.00916412565857172 0.04809066280722618 -0.012650796212255955
v -0.003541995072737336 0.04857185482978821 -0.009258123114705086
v -0.00338353356346488 0.048229802399873734 -0.011949590407311916
v 0.0026322882622480392 0.04853644222021103 -0.009291399270296097
v 0.002440913813188672 0.048196397721767426 -0.011980981566011906
v 0.00874962005764246 0.04831872135400772 -0.010100716724991798
v 0.008211635984480381 0.047991011291742325 -0.01274444255977869
v 0.014707510359585285 0.04792233183979988 -0.01167251542210579
v 0.013831951655447483 0.04761708527803421 -0.014227181673049927
v 0.020406143739819527 0.047353919595479965 -0.013980462215840816
v 0.019207699224352837 0.0470808781683445 -0.01640436239540577
v -0.018397584557533264 0.04366585984826088 -0.001953871687874198
v -0.0113258371129632 0.04405374825000763 -0.00017078476957976818
v -0.0040776655077934265 0.044228214770555496 0.0007084428216330707
v 0.00322549557313323 0.04418632760643959 0.0006690826267004013
v 0.010461291298270226 0.04392879828810692 -0.00028820606530644
v 0.01750849559903145 0.0434599369764328 -0.002147386781871319
v -0.017688220366835594 0.04608708992600441 -0.004702211357653141
v -0.01089624036103487 0.046459633857011795 -0.0029896653722971678
v -0.003934816457331181 0.046627193689346313 -0.002145221456885338
v 0.0030794215854257345 0.04658696800470352 -0.002183024538680911
v 0.01002895925194025 0.04633962735533714 -0.003102441318333149
v 0.016797367483377457 0.04588931053876877 -0.004888070747256279
v 0.02327124774456024 0.04524357244372368 -0.007509992923587561
v -0.022895680740475655 0.047065865248441696 -0.01038831565529108
v -0.01674596592783928 0.04760563746094704 -0.007977132685482502
v -0.010328641161322594 0.04795762896537781 -0.0063590542413294315
v -0.0037512194830924273 0.04811595007777214 -0.005561188329011202
v 0.0028761043213307858 0.048077940940856934 -0.005596905946731567
v 0.009442295879125595 0.04784424230456352 -0.006465609185397625
v 0.015837348997592926 0.04741876572370529 -0.008152739144861698
v 0.005420115310698748 0.03247211501002312 -0.015886733308434486
v -0.0005166064365766943 0.046631909906864166 -0.018687333911657333
v 0.00875500962138176 0.046315282583236694 -0.019857170060276985
v -0.009803314693272114 0.04642171412706375 -0.01975714974105358
v -0.006584813352674246 0.03254096210002899 -0.0158220324665308
v -0.027199523523449898 0.04686008393764496 -0.016983596608042717
v -0.030810734257102013 0.04468255117535591 -0.010921679437160492
v -0.03279136121273041 0.03904549404978752 -0.006582320202142
v -0.05182430520653725 0.037513453513383865 -0.051542170345783234
v -0.0456327386200428 0.03891175985336304 -0.05236014723777771
v -0.05705312266945839 0.03254450112581253 -0.04996156692504883
v -0.05865081399679184 0.026540670543909073 -0.048424940556287766
v -0.058355819433927536 0.0291654784232378 -0.04906483739614487
v -0.057591501623392105 0.02823818102478981 -0.04118920490145683
v -0.05730169638991356 0.03085467405617237 -0.0418645404279232
v -0.055581096559762955 0.029886072501540184 -0.034146323800086975
v -0.05530113726854324 0.032494496554136276 -0.034856148064136505
v -0.03872915357351303 0.03803249076008797 -0.011001055128872395
v -0.041564300656318665 0.03490240499377251 -0.012557192705571651
v -0.044031672179698944 0.03684986010193825 -0.016128774732351303
v -0.04425616189837456 0.034262873232364655 -0.015326766297221184
v -0.04861007630825043 0.035517409443855286 -0.021879563108086586
v -0.04885710030794144 0.0329238660633564 -0.021105865016579628
v -0.05238765850663185 0.03405746817588806 -0.028157081454992294
v -0.05265327915549278 0.03145673871040344 -0.02741428092122078
v -0.05426015332341194 0.03066607192158699 -0.030805684626102448
v -0.03296052664518356 0.036469317972660065 -0.005733326077461243
v -0.03892754763364792 0.03545132651925087 -0.010173809714615345
v -0.02570062130689621 0.04661501944065094 -0.0192373376339674
v -0.030330205336213112 0.04582520201802254 -0.022682540118694305
v -0.032107170671224594 0.046022821217775345 -0.020635735243558884
v -0.034464478492736816 0.04490312188863754 -0.02668052725493908
v -0.036489762365818024 0.045045364648103714 -0.024873849004507065
v -0.038034167140722275 0.04386423900723457 -0.03116430714726448
v -0.040273863822221756 0.04394407942891121 -0.029626943171024323
v -0.04097948223352432 0.042725950479507446 -0.03605876490473747
v -0.043396081775426865 0.04273742064833641 -0.03481537848711014
v -0.04325106367468834 0.041507329791784286 -0.04128190502524376
v -0.04580410197377205 0.04144560545682907 -0.0403522364795208
v -0.044810861349105835 0.040228791534900665 -0.04674621671438217
v -0.04745758697390556 0.040090277791023254 -0.046144749969244
v -0.04832883179187775 0.03869413956999779 -0.052095867693424225
v -0.056022584438323975 0.034195903688669205 -0.04292236268520355
v -0.05406678467988968 0.03579903766512871 -0.036070775240659714
v -0.05121849104762077 0.03732703998684883 -0.02952158823609352
v -0.047525424510240555 0.03875431790947914 -0.023384520784020424
v -0.04304945468902588 0.04005695506930351 -0.01776239089667797
v -0.037865571677684784 0.041213128715753555 -0.012749397195875645
v -0.03206062316894531 0.04220346733927727 -0.00842952635139227
v -0.05481449142098427 0.035405706614255905 -0.05081064999103546
v -0.05382472276687622 0.036991775035858154 -0.0440499372780323
v -0.05194629728794098 0.03853148967027664 -0.03746940195560455
v -0.04921068623661995 0.039999041706323624 -0.031179305166006088
v -0.04566372185945511 0.041369855403900146 -0.025285029783844948
v -0.04136482626199722 0.042620960623025894 -0.019885320216417313
v -0.03638602793216705 0.04373139142990112 -0.015070650726556778
v -0.05088913068175316 0.039012033492326736 -0.0451543815433979
v -0.049114324152469635 0.04046681150794029 -0.03893684595823288
v -0.0465296134352684 0.0418534129858017 -0.03299372270703316
v -0.04317830502986908 0.04314861074090004 -0.02742457389831543
v -0.03911653906106949 0.04433070123195648 -0.022322727367281914
v -0.03441237658262253 0.0453798808157444 -0.01777363382279873
v -0.02914462424814701 0.04627857357263565 -0.013853526674211025
v -0.037001486867666245 0.04070502519607544 -0.04457360878586769
v -0.022021785378456116 0.03453393653035164 -0.022485919296741486
v -0.02850278839468956 0.03330045938491821 -0.027852145954966545
v -0.037049319595098495 0.029997441917657852 -0.04205459728837013
v -0.03359701484441757 0.03176262229681015 -0.03448578342795372
v -0.03354917839169502 0.04247020184993744 -0.03700479492545128
v -0.02845495566725731 0.0440080389380455 -0.030371155589818954
v 0.030190803110599518 0.03477690368890762 -0.07723000645637512
v 0.030408142134547234 0.042363692075014114 -0.044976651668548584
v -0.009592367336153984 0.0333092100918293 -0.08422418683767319
v -0.01259597297757864 0.03282591328024864 -0.08633557707071304
v -0.025922659784555435 0.0373576283454895 -0.06732562184333801
v 0.030496396124362946 0.04544442147016525 -0.03187968209385872
v 0.020503824576735497 0.03146534413099289 -0.09149043262004852
v 0.012616289779543877 0.03151058033108711 -0.09144791960716248
v 0.011712117120623589 0.030646031722426414 -0.09514003247022629
v 0.010984891094267368 0.030817847698926926 -0.09442350268363953
v 0.009986680001020432 0.030884936451911926 -0.09415728598833084
v -0.000994627713225782 0.03158864006400108 -0.09137456864118576
v 0.008984953165054321 0.03082931786775589 -0.09441272169351578
v 0.008248123340308666 0.030665898695588112 -0.0951213613152504
v 0.0205373577773571 0.0326358899474144 -0.08651414513587952
v 0.030127892270684242 0.03258088603615761 -0.08656582981348038
v 0.030255502089858055 0.037035442888736725 -0.0676283910870552
v 0.03221440315246582 0.03864728659391403 -0.060739703476428986
v 0.030331822112202644 0.03969956561923027 -0.056302521377801895
v 0.016653727740049362 0.04636784642934799 -0.028217334300279617
v 0.018151044845581055 0.04626721516251564 -0.02861665189266205
v 0.01301832590252161 0.045544661581516266 -0.03178548440337181
v 0.014045893214643002 0.046039290726184845 -0.0296634454280138
v 0.015151137486100197 0.046284422278404236 -0.028600484132766724
v 0.008097715675830841 0.0471334345638752 -0.02512550912797451
v -0.000592591124586761 0.04562272131443024 -0.0317121297121048
v 0.007006875704973936 0.04739115759730339 -0.024050714448094368
v 0.005509558599442244 0.04749178886413574 -0.023651394993066788
v 0.0040069688111543655 0.047408364713191986 -0.024034546688199043
v 0.0029017238412052393 0.047163233160972595 -0.025097506120800972
v -0.003997510299086571 0.04720280319452286 -0.025060323998332024
v -0.012227469123899937 0.04568944871425629 -0.03164942190051079
v -0.005088349804282188 0.04746052622795105 -0.023985527455806732
v -0.006585666909813881 0.0475611574947834 -0.023586208000779152
v -0.008088257163763046 0.04747772961854935 -0.023969359695911407
v -0.009193501435220242 0.047232601791620255 -0.025032319128513336
v -0.02209104411303997 0.04574601724743843 -0.031596262007951736
v -0.020398395135998726 0.046236831694841385 -0.029477808624505997
v -0.01520240306854248 0.04620703309774399 -0.029505811631679535
v -0.016293242573738098 0.04646475613117218 -0.028431015089154243
v -0.01779055967926979 0.04656538739800453 -0.028031697496771812
v -0.019293149933218956 0.046481963247060776 -0.02841484732925892
v -0.025681765750050545 0.04576661065220833 -0.03157690912485123
v -0.02859240211546421 0.03899602219462395 -0.06041198596358299
v -0.025846339762210846 0.040021754801273346 -0.0559997484087944
v -0.029683241620659828 0.03925374522805214 -0.05933719128370285
v -0.03118055872619152 0.03935437649488449 -0.05893787369132042
v -0.033788394182920456 0.039025820791721344 -0.060383982956409454
v -0.032683148980140686 0.039270948618650436 -0.059321023523807526
v -0.025987358763813972 0.0350990928709507 -0.07692723721265793
v -0.0292330514639616 0.03644055873155594 -0.07128668576478958
v -0.012629506178200245 0.03165536746382713 -0.09131185710430145
v -0.02249307930469513 0.03171193599700928 -0.091258704662323
v -0.026083802804350853 0.031732529401779175 -0.09123934805393219
v -0.029007112607359886 0.044327523559331894 -0.03775718808174133
v -0.025770019739866257 0.04268588125705719 -0.04467387869954109
v -0.022179298102855682 0.04266528785228729 -0.0446932315826416
v -0.02381112053990364 0.0442977249622345 -0.03778519481420517
v -0.022114597260951996 0.044923823326826096 -0.035091616213321686
v -0.02490196004509926 0.04455545172095299 -0.03671038895845413
v -0.02570531889796257 0.04494441673159599 -0.035072263330221176
v -0.02639927715063095 0.04465608298778534 -0.0363110713660717
v -0.027901867404580116 0.044572655111551285 -0.03669422119855881
v -0.0008981852442957461 0.03495520353317261 -0.0770624503493309
v -0.005487215239554644 0.033537134528160095 -0.08317738771438599
v -0.012533063068985939 0.03502193093299866 -0.07699974626302719
v -0.0069845328107476234 0.03363776579499245 -0.08277807384729385
v -0.008487122133374214 0.03355434164404869 -0.08316121995449066
v -0.0009610948618501425 0.03275918588042259 -0.08639828115701675
v -0.004396375734359026 0.0332794114947319 -0.08425218611955643
v 0.012712731957435608 0.034877143800258636 -0.07713580876588821
v 0.006608010269701481 0.033467769622802734 -0.08324257284402847
v 0.005110693164169788 0.03356839716434479 -0.08284325897693634
v 0.0036081031430512667 0.03348497301340103 -0.08322640508413315
v 0.0025028581731021404 0.03323984146118164 -0.08428937196731567
v 0.012649822980165482 0.03268112614750862 -0.08647163212299347
v 0.0076988497748970985 0.033210042864084244 -0.08431737869977951
v 0.020817605778574944 0.042418695986270905 -0.044924963265657425
v 0.027097750455141068 0.04144662246108055 -0.048937708139419556
v 0.029705585911870003 0.0417751781642437 -0.04749159514904022
v 0.028202993795275688 0.041691750288009644 -0.04787474870681763
v 0.020741287618875504 0.03975456953048706 -0.056250832974910736
v 0.03229374438524246 0.041416823863983154 -0.048965711146593094
v 0.031202901154756546 0.041674546897411346 -0.04789091646671295
v 0.031123561784625053 0.03890501335263252 -0.05966490879654884
v 0.02962624654173851 0.039005640894174576 -0.05926559120416641
v 0.028123654425144196 0.03892221674323082 -0.05964874103665352
v 0.027018411085009575 0.03867708891630173 -0.06071170046925545
v 0.020664967596530914 0.03709044307470322 -0.06757670640945435
v 0.012994772754609585 0.04472246766090393 -0.03528083860874176
v 0.02088230662047863 0.04467723146080971 -0.03532334789633751
v 0.020905861631035805 0.04549942538142204 -0.03182799369096756
v 0.019241884350776672 0.04600949212908745 -0.02969144843518734
v -0.012251022271811962 0.04486725479364395 -0.03514477610588074
v -0.024037059396505356 0.03641076013445854 -0.07131468504667282
v -0.02233193628489971 0.037337034940719604 -0.06734497100114822
v -0.025127898901700974 0.036668483167886734 -0.07023989409208298
v -0.026625216007232666 0.036769114434719086 -0.06984056532382965
v -0.02812780626118183 0.03668568655848503 -0.07022372633218765
v -0.022396637126803398 0.0350784994661808 -0.07694658637046814
v 0.03047284297645092 0.04462222754955292 -0.03537503629922867
v 0.027738399803638458 0.04400208219885826 -0.03806301951408386
v 0.02664756029844284 0.04425980895757675 -0.03698821738362312
v 0.025150241330266 0.0443604402244091 -0.036588896065950394
v 0.023647652938961983 0.04427701234817505 -0.0369720496237278
v 0.022542407736182213 0.044031884521245956 -0.038035016506910324
v 0.027512460947036743 0.036115117371082306 -0.07159251719713211
v 0.026421621441841125 0.0363728404045105 -0.07051771879196167
v 0.024924302473664284 0.03647347167134285 -0.07011839002370834
v 0.023421714082360268 0.036390043795108795 -0.07050155103206635
v 0.022316468879580498 0.0361449159681797 -0.07156451046466827
v 0.020600266754627228 0.03483190760016441 -0.07717832177877426
v 0.018903743475675583 0.034205809235572815 -0.07987188547849655
v 0.017812903970479965 0.03446353226900101 -0.07879709452390671
v 0.016315585002303123 0.03456416726112366 -0.07839776575565338
v 0.014812995679676533 0.0344807393848896 -0.07878092676401138
v 0.013707751408219337 0.03423561155796051 -0.07984388619661331
v -0.0006161446217447519 0.0448005273938179 -0.03520748391747475
v -0.012315723113715649 0.04260871931910515 -0.04474639147520065
v -0.0006808452890254557 0.0425419919192791 -0.044809095561504364
v 0.012930071912705898 0.04246393218636513 -0.044882453978061676
v -0.022255616262555122 0.04000116139650345 -0.05601910129189491
v -0.012392043136060238 0.039944592863321304 -0.056072261184453964
v -0.0007571649039164186 0.039877865463495255 -0.056134965270757675
v 0.012853752821683884 0.039799805730581284 -0.05620832368731499
v -0.012468362227082253 0.03728046640753746 -0.06739813089370728
v -0.0008334845188073814 0.03721373900771141 -0.06746083498001099
v 0.012777432799339294 0.03713567927479744 -0.0675341933965683
v -0.015540544874966145 0.03440335392951965 -0.0796862542629242
v -0.022459547966718674 0.032882481813430786 -0.08628241717815399
v -0.016631385311484337 0.034661076962947845 -0.07861145585775375
v -0.01812870055437088 0.0347617082297802 -0.07821212708950043
v -0.019631292670965195 0.03467828035354614 -0.07859528809785843
v -0.020736536011099815 0.03443315252661705 -0.07965824753046036
v -0.026050269603729248 0.032903075218200684 -0.08626306056976318
v -0.028513062745332718 0.04176555573940277 -0.0486379936337471
v -0.032603807747364044 0.04204048588871956 -0.047547031193971634
v -0.031101219356060028 0.042123910039663315 -0.04716387763619423
v -0.029603902250528336 0.04202327877283096 -0.04756319895386696
v -0.03370905667543411 0.04179535433650017 -0.04860999062657356
v 0.008466445840895176 0.03491239622235298 -0.020298264920711517
v -0.000584117544349283 0.03523741662502289 -0.01908855512738228
v -0.00965032633394003 0.03501629829406738 -0.02020062506198883
v -0.018114333972334862 0.034264110028743744 -0.02355867810547352
v 0.016884582117199898 0.03406338766217232 -0.02374730445444584
v 0.024096611887216568 0.03274824842810631 -0.029200635850429535
v 0.029611045494675636 0.03105660155415535 -0.0362866148352623
v 0.03305208310484886 0.029103735461831093 -0.04452234134078026
v -0.021375827491283417 0.03469463437795639 -0.021790584549307823
v -0.025399329140782356 0.03303211182355881 -0.028933878988027573
v -0.031008858233690262 0.03140426427125931 -0.03595990687608719
v -0.03456063196063042 0.029491502791643143 -0.04415794461965561
v -0.02164309099316597 0.019657151773571968 -0.08571562170982361
v -0.04953994229435921 0.006833760999143124 0.010337206535041332
v -0.05058806389570236 0.006904202047735453 0.010616729967296124
v -0.048776354640722275 0.006653353571891785 0.009584847837686539
v -0.05241354927420616 0.006674213334918022 0.009604450315237045
v -0.05163987725973129 0.006845804397016764 0.01034852396696806
v 0.0533781535923481 0.0034954168368130922 -0.0018988298252224922
v 0.052330031991004944 0.003565858118236065 -0.0016193065093830228
v 0.05414174124598503 0.003315009642392397 -0.0026511887554079294
v 0.05050455033779144 0.0033358694054186344 -0.002631586277857423
v 0.05127822235226631 0.0035074602346867323 -0.001887512276880443
v 0.04240664467215538 0.006286603398621082 0.009757356718182564
v 0.04140843078494072 0.006353690754622221 0.010023570619523525
v 0.043133869767189026 0.006114787422120571 0.009040826000273228
v 0.03966987133026123 0.006134653929620981 0.00905949529260397
v 0.04040670394897461 0.006298073101788759 0.009768134914338589
v -0.05426885187625885 0.028719238936901093 -0.030347682535648346
v -0.05764065310359001 0.026246879249811172 -0.04092099517583847
v -0.04884347319602966 0.030984489247202873 -0.020615745335817337
v -0.04157299920916557 0.03295557200908661 -0.01209919061511755
v -0.03273683786392212 0.034556739032268524 -0.005125299096107483
v -0.0226745568215847 0.03572646155953407 3.7926809454802424e-05
v -0.011772844940423965 0.036419790238142014 0.0031920645851641893
v -0.0004506462428253144 0.03661007434129715 0.0042159054428339005
v 0.010856932029128075 0.0362900048494339 0.0030701018404215574
v 0.021715346723794937 0.03547188267111778 -0.0002013116900343448
v 0.031707312911748886 0.03418714553117752 -0.00547261955216527
v 0.04044884815812111 0.03248516470193863 -0.01254124566912651
v 0.047604020684957504 0.03043135069310665 -0.021135546267032623
v 0.052897851914167404 0.028104625642299652 -0.03092525526881218
v 0.056126918643713 0.025594409555196762 -0.04153414070606232
v -0.005229812115430832 0.026106031611561775 -0.08855921030044556
v -0.010322455316781998 0.026366082951426506 -0.08755051344633102
v 0.025261571630835533 0.02857288531959057 -0.07749433815479279
v 0.020663730800151825 0.0276125967502594 -0.08166354894638062
v 0.030100055038928986 0.030135363340377808 -0.0707608163356781
v 0.027371395379304886 0.029156796634197235 -0.0749722346663475
v 0.03314371407032013 0.03192461282014847 -0.06309744715690613
v 0.03325359523296356 0.03576034680008888 -0.04679076746106148
v 0.030313434079289436 0.037583913654088974 -0.03909514471888542
v 0.03227096423506737 0.03653246536850929 -0.043527379631996155
v -0.0204759668558836 0.04074675589799881 -0.026615247130393982
v -0.012979383580386639 0.04160173609852791 -0.02283863164484501
v -0.026828084141016006 0.03950185328722 -0.032027583569288254
v -0.02223024144768715 0.04046213999390602 -0.027858378365635872
v -0.03166656568646431 0.03793937712907791 -0.03876110538840294
v -0.02893790788948536 0.038917943835258484 -0.034549690783023834
v -0.034710224717855453 0.03615012764930725 -0.04642447829246521
v -0.004774005152285099 0.042017098516225815 -0.02091723121702671
v 0.003663300769403577 0.04196871072053909 -0.020962703973054886
v 0.011842189356684685 0.04145938158035278 -0.022972406819462776
v 0.019287332892417908 0.040518708527088165 -0.0268295519053936
v 0.025566047057509422 0.039201367646455765 -0.03230996057391167
v 0.026892028748989105 0.03882679343223572 -0.033876996487379074
v 0.018909456208348274 0.02732798270881176 -0.08290667086839676
v 0.008313360624015331 0.026259204372763634 -0.08765094727277756
v 0.01141287200152874 0.02647300623357296 -0.08668328076601028
v 0.003207493806257844 0.026057641953229904 -0.08860468119382858
v -0.020853843539953232 0.027556030079722404 -0.08269236981868744
v -0.013408700935542583 0.026615360751748085 -0.08654950559139252
v -0.027132559567689896 0.028873370960354805 -0.07721196115016937
v -0.03383747488260269 0.031542275100946426 -0.06599453836679459
v -0.03187994658946991 0.030490824952721596 -0.07042677700519562
v -0.02845854125916958 0.02924794703722 -0.07564492523670197
v -0.034820105880498886 0.03231439366936684 -0.06273115426301956
v 0.0331132747232914 0.025110693648457527 -0.06149443984031677
v 0.030069615691900253 0.023321444168686867 -0.06915780901908875
v 0.0252311322838068 0.021758968010544777 -0.07589133083820343
v 0.018879016861319542 0.02051406539976597 -0.0813036635518074
v 0.011382432654500008 0.01965908706188202 -0.08508027344942093
v 0.0031770546920597553 0.019243724644184113 -0.08700167387723923
v -0.005260251462459564 0.019292112439870834 -0.0869562029838562
v -0.013439139351248741 0.019801441580057144 -0.08494649827480316
v -0.020884282886981964 0.020742112770676613 -0.08108936250209808
v -0.027162998914718628 0.022059453651309013 -0.07560895383358002
v -0.03191038593649864 0.023676907643675804 -0.06882376968860626
v -0.03485054522752762 0.025500474497675896 -0.061128146946430206
v -0.014340957626700401 0.01927129738032818 -0.08721711486577988
v -0.005577862728387117 0.01872558891773224 -0.08937036991119385
v 0.003462108550593257 0.018673744052648544 -0.08941908925771713
v 0.012253585271537304 0.0191187746822834 -0.0873604491353035
v 0.02028563991189003 0.020034823566675186 -0.08331407606601715
v 0.027091477066278458 0.02136864699423313 -0.0775151401758194
v 0.03227556496858597 0.02304273098707199 -0.07030066102743149
v 0.03553662821650505 0.024959782138466835 -0.06208990141749382
v 0.036685146391391754 0.02700839191675186 -0.05336005240678787
v 0.03322315588593483 0.02894642762839794 -0.04518776014447212
v 0.03565435856580734 0.02906949818134308 -0.04461846128106117
v 0.030282994732260704 0.030769994482398033 -0.037492137402296066
v 0.032504186034202576 0.03102332167327404 -0.03637314587831497
v 0.02553560771048069 0.03238745033740997 -0.03070695325732231
v 0.027417700737714767 0.03275630623102188 -0.029103310778737068
v 0.019256893545389175 0.033704791218042374 -0.025226544588804245
v 0.02069050818681717 0.03416774421930313 -0.023231441155076027
v 0.011811750009655952 0.03464546427130699 -0.02136939950287342
v 0.012713568285107613 0.03517560660839081 -0.019098792225122452
v 0.003632861655205488 0.0351547934114933 -0.01935969665646553
v 0.003950472921133041 0.0357213169336319 -0.016945533454418182
v -0.004804444499313831 0.03520318120718002 -0.019314223900437355
v -0.005089498590677977 0.03577316179871559 -0.016896814107894897
v -0.013009822927415371 0.03478781878948212 -0.021235624328255653
v -0.013880975544452667 0.035328127443790436 -0.01895546168088913
v -0.02050640620291233 0.03393283858895302 -0.025012239813804626
v -0.02191302925348282 0.03441208228468895 -0.02300182916224003
v -0.02685852162539959 0.03268793597817421 -0.0304245762526989
v -0.028718866407871246 0.033078256994485855 -0.028800765052437782
v -0.03169700503349304 0.03112545795738697 -0.03715809807181358
v -0.033902958035469055 0.031404174864292145 -0.03601524606347084
v -0.034740664064884186 0.02933620847761631 -0.044821470975875854
v -0.03716401755809784 0.029487119987607002 -0.04422600939869881
v -0.03831253573298454 0.027438512071967125 -0.052955854684114456
v -0.03728175163269043 0.02537740394473076 -0.061697449535131454
v -0.03413157910108566 0.023423582315444946 -0.06994275748729706
v -0.029045091941952705 0.021690595895051956 -0.07721259444952011
v -0.022317897528409958 0.020279157906770706 -0.08308446407318115
v 0.036732979118824005 0.03771597146987915 -0.05587906390428543
v 0.03570219501852989 0.03977707773447037 -0.04713747277855873
v 0.032552022486925125 0.04173090308904648 -0.03889215737581253
v 0.02746553346514702 0.04346388950943947 -0.03162232041358948
v 0.02073834091424942 0.04487532749772072 -0.025750450789928436
v 0.012761401012539864 0.0458831861615181 -0.02161780185997486
v 0.00399830611422658 0.046428896486759186 -0.01946454495191574
v -0.005041665397584438 0.04648074135184288 -0.019415823742747307
v -0.013833142817020416 0.04603571072220802 -0.02147447131574154
v -0.021865196526050568 0.04511966183781624 -0.025520838797092438
v -0.028671033680438995 0.043785836547613144 -0.03131977468729019
v -0.033855121582746506 0.042111754417419434 -0.0385342575609684
v -0.03711618483066559 0.04019470140337944 -0.04674501717090607
v -0.03826470300555229 0.03814609348773956 -0.055474866181612015
v -0.05783091485500336 0.027003001421689987 -0.06113685294985771
v -0.058363012969493866 0.02888190932571888 -0.05316026881337166
v -0.05828440189361572 0.023715881630778313 -0.06042534485459328
v -0.05778039991855621 0.023012002930045128 -0.06340775638818741
v -0.05613798648118973 0.025155624374747276 -0.0689573660492897
v -0.056578442454338074 0.021854285150766373 -0.06830605119466782
v -0.05331869423389435 0.02337738499045372 -0.07646261900663376
v -0.05373745784163475 0.020062360912561417 -0.07586906105279922
v -0.04943043366074562 0.021704478189349174 -0.08349981904029846
v -0.04981926828622818 0.018376581370830536 -0.08296041190624237
v -0.04925749823451042 0.01817505992949009 -0.0838063508272171
v -0.04455235227942467 0.020170968025922775 -0.08992569148540497
v -0.044903647154569626 0.01683126762509346 -0.08943574875593185
v -0.038783758878707886 0.018808066844940186 -0.09560945630073547
v -0.039090659469366074 0.015457876957952976 -0.0951632484793663
v -0.03224208578467369 0.0176435187458992 -0.10043539106845856
v -0.032498639076948166 0.014284368604421616 -0.10002632439136505
v -0.025060497224330902 0.01670103520154953 -0.10430524498224258
v -0.025261780247092247 0.013334627263247967 -0.10392597317695618
v -0.017385194078087807 0.015999795868992805 -0.10714026540517807
v -0.01752740703523159 0.012627995572984219 -0.10678279399871826
v -0.00937242154031992 0.015554082579910755 -0.10888271033763885
v -0.012510412372648716 0.012316405773162842 -0.10801200568675995
v -0.00945296697318554 0.01217885036021471 -0.1085386574268341
v -0.0011852976167574525 0.015372962690889835 -0.10949712991714478
v 0.007009511813521385 0.015460129827260971 -0.1089709997177124
v 0.007055043242871761 0.012084174901247025 -0.10862762480974197
v 0.01011936366558075 0.012186621315777302 -0.10813397169113159
v 0.015045184642076492 0.015813803300261497 -0.1073150485754013
v 0.01515255868434906 0.012440572492778301 -0.10695892572402954
v 0.022758135572075844 0.01642679050564766 -0.10456296056509018
v 0.022924870252609253 0.013058272190392017 -0.10418567806482315
v 0.029991354793310165 0.017286602407693863 -0.10077080130577087
v 0.03021375834941864 0.013924705795943737 -0.1003643050789833
v 0.031083356589078903 0.014049672521650791 -0.09981659799814224
v 0.036597590893507004 0.01837574690580368 -0.09601572155952454
v 0.03687083721160889 0.01502222940325737 -0.09557264298200607
v 0.04244236275553703 0.01967204362154007 -0.09039454907178879
v 0.042760588228702545 0.01632850244641304 -0.08990821242332458
v 0.04718999192118645 0.017621923238039017 -0.08432614803314209
v 0.04740668833255768 0.021149106323719025 -0.08402171730995178
v 0.047763120383024216 0.01781693659722805 -0.08348632603883743
v 0.051389504224061966 0.02277687005698681 -0.07702694088220596
v 0.05177658796310425 0.019457224756479263 -0.07643772661685944
v 0.05430973321199417 0.024522194638848305 -0.06955262273550034
v 0.05471929535269737 0.021215980872511864 -0.06890588998794556
v 0.056107934564352036 0.026349550113081932 -0.06175092235207558
v 0.05674749240279198 0.0282217375934124 -0.053780652582645416
v 0.056531332433223724 0.023057399317622185 -0.06104414165019989
v 0.055462464690208435 0.03128118813037872 -0.05449165403842926
v 0.05483733490109444 0.029451245442032814 -0.06228208169341087
v 0.05307970941066742 0.027665123343467712 -0.06990774720907211
v 0.05022536963224411 0.025959178805351257 -0.07721342146396637
v 0.04633241891860962 0.024368146434426308 -0.08405035734176636
v 0.041480109095573425 0.022924410179257393 -0.09027940034866333
v 0.035767216235399246 0.021657360717654228 -0.09577373415231705
v 0.029310043901205063 0.020592795684933662 -0.10042151063680649
v 0.022240033373236656 0.0197523795068264 -0.10412812978029251
v 0.0147011149674654 0.019153228029608727 -0.10681809484958649
v 0.006846757605671883 0.018807530403137207 -0.1084367036819458
v -0.001163144945167005 0.018722333014011383 -0.10895095020532608
v -0.009165535680949688 0.01889936253428459 -0.10835040360689163
v -0.016997508704662323 0.019335024058818817 -0.10664726048707962
v -0.02449962869286537 0.020020436495542526 -0.10387622565031052
v -0.031519170850515366 0.020941657945513725 -0.10009367018938065
v -0.0379132404923439 0.02207992598414421 -0.0953766405582428
v -0.043551672250032425 0.023412076756358147 -0.08982112258672714
v -0.04831968620419502 0.02491098642349243 -0.08354023098945618
v -0.05212021246552467 0.026546142995357513 -0.07666182518005371
v -0.05487589165568352 0.028284261003136635 -0.06932592391967773
v -0.05653062090277672 0.030089953914284706 -0.06168186664581299
v -0.05705071613192558 0.031926464289426804 -0.053885266184806824
v 0.05340828746557236 0.03391385078430176 -0.055097077041864395
v 0.05280611664056778 0.032151106745004654 -0.06260142475366592
v 0.05111303925514221 0.030430573970079422 -0.06994705647230148
v 0.048363517969846725 0.0287872776389122 -0.07698444277048111
v 0.04461352527141571 0.02725467085838318 -0.08357031643390656
v 0.039939407259225845 0.025863952934741974 -0.08957061171531677
v 0.03443630412220955 0.02464343048632145 -0.09486319124698639
v 0.028216252103447914 0.023617956787347794 -0.0993402898311615
v 0.021405871957540512 0.022808406502008438 -0.10291078686714172
v 0.014143800362944603 0.02223125845193863 -0.10550196468830109
v 0.006577874068170786 0.021898256614804268 -0.10706113278865814
v -0.0011378860799595714 0.021816186606884003 -0.10755649954080582
v -0.008846410550177097 0.021986715495586395 -0.10697800666093826
v -0.01639077439904213 0.022406376898288727 -0.10533740371465683
v -0.023617397993803024 0.023066619411110878 -0.10266812890768051
v -0.030379166826605797 0.023954009637236595 -0.09902449697256088
v -0.03653843328356743 0.025050479918718338 -0.09448067098855972
v -0.04196980595588684 0.026333710178732872 -0.08912916481494904
v -0.04656272381544113 0.027777576819062233 -0.08307892084121704
v -0.050223689526319504 0.029352685436606407 -0.07645311206579208
v -0.05287817120552063 0.03102697618305683 -0.06938660144805908
v -0.05447213351726532 0.03276636078953743 -0.06202324852347374
v -0.05497312918305397 0.03453543037176132 -0.054512958973646164
v 0.05072496831417084 0.03594031557440758 -0.05555567145347595
v 0.05015271529555321 0.034265149384737015 -0.06268718093633652
v 0.04854375123977661 0.03263009712100029 -0.06966786831617355
v 0.045930832624435425 0.03106844238936901 -0.07635562866926193
v 0.04236714541912079 0.029611976817250252 -0.08261431008577347
v 0.037925247102975845 0.02829035371541977 -0.08831649273633957
v 0.032695550471544266 0.027130473405122757 -0.09334611147642136
v 0.02678452432155609 0.026155946776270866 -0.0976007804274559
v 0.020312495529651642 0.025386614724993706 -0.10099387913942337
v 0.013411219231784344 0.02483813837170601 -0.10345634818077087
v 0.006221183575689793 0.024521680548787117 -0.10493804514408112
v -0.001111241988837719 0.02444368787109852 -0.10540880262851715
v -0.008436791598796844 0.02460574544966221 -0.10485904663801193
v -0.015606336295604706 0.025004558265209198 -0.10329995304346085
v -0.022473925724625587 0.02563200145959854 -0.10076328366994858
v -0.02889975719153881 0.02647530287504196 -0.09730067104101181
v -0.034753017127513885 0.027517298236489296 -0.09298259764909744
v -0.03991454839706421 0.028736772015690804 -0.08789698034524918
v -0.04427928104996681 0.030108904466032982 -0.08214733004570007
v -0.04775836318731308 0.031605761498212814 -0.07585069537162781
v -0.050280965864658356 0.033196866512298584 -0.06913525611162186
v -0.05179573595523834 0.03484983742237091 -0.06213773414492607
v -0.05227183923125267 0.03653101623058319 -0.05500057339668274
v 0.04759535938501358 0.037222474813461304 -0.05583617836236954
v 0.047057945281267166 0.03564929589629173 -0.06253352016210556
v 0.045546937733888626 0.03411378338932991 -0.06908921897411346
v 0.04309309646487236 0.03264720365405083 -0.07536981999874115
v 0.039746370166540146 0.03127941116690636 -0.08124745637178421
v 0.03557489439845085 0.030038246884942055 -0.08660250157117844
v 0.030663585290312767 0.028948981314897537 -0.09132591634988785
v 0.025112424045801163 0.0280337855219841 -0.09532155841588974
v 0.01903441920876503 0.027311289682984352 -0.0985080897808075
v 0.012553295120596886 0.026796206831932068 -0.1008206307888031
v 0.005800994113087654 0.02649901807308197 -0.10221210867166519
v -0.001085028750821948 0.026425771415233612 -0.10265421867370605
v -0.00796459335833788 0.026577964425086975 -0.10213792324066162
v -0.01469765231013298 0.02695249393582344 -0.10067375749349594
v -0.021147139370441437 0.027541736140847206 -0.09829153120517731
v -0.027181759476661682 0.028333697468042374 -0.0950397178530693
v -0.032678671181201935 0.02931225672364235 -0.0909845307469368
v -0.0375259667634964 0.03045748919248581 -0.0862085297703743
v -0.041624974459409714 0.03174608573317528 -0.08080890774726868
v -0.044892244040966034 0.033151812851428986 -0.07489562779664993
v -0.04726126790046692 0.03464604914188385 -0.06858903169631958
v -0.04868381842970848 0.03619838505983353 -0.062017519026994705
v -0.049130938947200775 0.037777211517095566 -0.05531487241387367
v 0.044232744723558426 0.03767295926809311 -0.05591948330402374
v 0.043732717633247375 0.03620922192931175 -0.06215090677142143
v 0.042326826602220535 0.034780535846948624 -0.06825052946805954
v 0.04004369303584099 0.033415984362363815 -0.07409419864416122
v 0.036929793655872345 0.03214334324002266 -0.0795629471540451
v 0.033048518002033234 0.030988525599241257 -0.08454544842243195
v 0.02847888320684433 0.029975036159157753 -0.08894026279449463
v 0.02331390790641308 0.029123511165380478 -0.09265793114900589
v 0.017658738419413567 0.028451278805732727 -0.09562277793884277
v 0.011628495529294014 0.0279720276594162 -0.0977744460105896
v 0.0053459410555660725 0.027695512399077415 -0.09906912595033646
v -0.0010610326426103711 0.027627363801002502 -0.09948046505451202
v -0.007461997680366039 0.027768967673182487 -0.09900009632110596
v -0.01372664887458086 0.02811744250357151 -0.09763779491186142
v -0.01972745545208454 0.02866569347679615 -0.09542128443717957
v -0.02534225955605507 0.029402559623122215 -0.09239570051431656
v -0.03045675903558731 0.0303130391985178 -0.08862262964248657
v -0.034966833889484406 0.031378600746393204 -0.08417888730764389
v -0.03878067806363106 0.032577551901340485 -0.07915490865707397
v -0.04182065278291702 0.03388548642396927 -0.07365299016237259
v -0.044024866074323654 0.03527577221393585 -0.06778513640165329
v -0.045348454266786575 0.03672011196613312 -0.061670806258916855
v -0.04576446861028671 0.038189105689525604 -0.0554344467818737
v 0.0035099415108561516 0.029381323605775833 -0.09193810075521469
v 0.01230141893029213 0.02982635609805584 -0.08987945318222046
v 0.02033347263932228 0.030742403119802475 -0.08583308756351471
v -0.005530030000954866 0.029433168470859528 -0.09188937395811081
v -0.03723391890525818 0.036084987223148346 -0.06421645730733871
v -0.03408374264836311 0.034131165593862534 -0.07246176898479462
v -0.03846151754260063 0.043718721717596054 -0.03179098293185234
v -0.041575416922569275 0.0424460805952549 -0.037259723991155624
v -0.0131602194160223 0.047890037298202515 -0.013579481281340122
v -0.019190462306141853 0.047410786151885986 -0.015731144696474075
v 0.028925035148859024 0.045549023896455765 -0.022731294855475426
v 0.023810535669326782 0.04645950719714165 -0.01895822212100029
v 0.04381673038005829 0.039141952991485596 -0.04968312382698059
v 0.04249314218759537 0.04058629274368286 -0.04356878250837326
v 0.02713930979371071 0.03207622841000557 -0.08003415167331696
v -0.01429312489926815 0.029978878796100616 -0.08973612636327744
v -0.028997257351875305 0.03239817917346954 -0.07973160594701767
v -0.022270064800977707 0.030986739322543144 -0.08560347557067871
v -0.04385855048894882 0.04108152911067009 -0.04310339316725731
v -0.04526444151997566 0.03965284302830696 -0.04920302331447601
v -0.0004706909821834415 0.04823470115661621 -0.011873454786837101
v -0.006877664476633072 0.04816655442118645 -0.012284797616302967
v 0.040288928896188736 0.04197658225893974 -0.03770093247294426
v 0.03724895417690277 0.04328451305627823 -0.03219902515411377
v 0.03343511000275612 0.04448346421122551 -0.027175048366189003
v -0.024845631793141365 0.046738553792238235 -0.01869599148631096
v -0.030010607093572617 0.04588702693581581 -0.02241366356611252
v -0.03458024188876152 0.04487353935837746 -0.0268084816634655
v 0.018195731565356255 0.04719637334346771 -0.015932636335492134
v 0.012194924987852573 0.04774462431669235 -0.013716132380068302
v 0.0059302737936377525 0.048093099147081375 -0.012353826314210892
v 0.0355844609439373 0.03566736355423927 -0.06460890918970108
v 0.03232339769601822 0.03375031054019928 -0.07281966507434845
v -0.005401343107223511 0.04285276308655739 0.009972031228244305
v -0.015225561335682869 0.04087817668914795 0.010502703487873077
v -0.02441020868718624 0.0369577556848526 0.011486774310469627
v -0.03255387395620346 0.0312628448009491 0.012881235219538212
v -0.039300642907619476 0.02404233254492283 0.014625141397118568
v -0.044355642050504684 0.015611791983246803 0.01664227619767189
v 0.004633078817278147 0.04279521480202675 0.009917951188981533
v 0.014439152553677559 0.04070804640650749 0.010342826135456562
v 0.023588303476572037 0.036682479083538055 0.011228087358176708
v 0.031680673360824585 0.030894450843334198 0.012535043992102146
v 0.03836258500814438 0.023596925660967827 0.014206577092409134
v 0.04334200918674469 0.015108835883438587 0.016169631853699684
v 0.050052136182785034 0.011263713240623474 0.046422261744737625
v 0.05045480653643608 0.00669074384495616 0.04803786799311638
v 0.04971351474523544 0.013695497065782547 0.045398060232400894
v 0.04933513328433037 0.015905026346445084 0.044365834444761276
v 0.04479919746518135 0.03319234400987625 0.033652931451797485
v 0.046658195555210114 0.026902152225375175 0.03797926381230354
v 0.04722775146365166 0.02487172931432724 0.03929723799228668
v 0.0482323095202446 0.021010566502809525 0.041642021387815475
v 0.0581449456512928 0.006525879725813866 -0.0009327948209829628
v 0.05758146941661835 0.017838122323155403 -0.001906571676954627
v 0.05729714781045914 0.02134835720062256 -0.0019986380357295275
v 0.05620348080992699 0.03046441823244095 -0.0016952023142948747
v -0.059444282203912735 0.03217869997024536 -0.011373997665941715
v -0.06063910946249962 0.029381658881902695 -0.023286093026399612
v -0.05805837735533714 0.033577319234609604 -0.005402552895247936
v -0.06030493602156639 0.030759666115045547 -0.017422236502170563
v -0.04567607119679451 0.047857865691185 -0.021263115108013153
v -0.05603760480880737 0.03616998344659805 0.0001122705070883967
v 0.05065009370446205 -0.010692858137190342 -0.008112619630992413
v 0.043606288731098175 -0.00869498960673809 0.00024598263553343713
v 0.035151947289705276 -0.0070079052820801735 0.007256750948727131
v 0.0009228186681866646 0.05264244228601456 0.03770078346133232
v 0.0395345613360405 0.04588216543197632 0.01339394599199295
v 0.04238973930478096 0.047617074102163315 -0.0032107941806316376
v 0.029009731486439705 0.046303145587444305 0.032267987728118896
v 0.02137150801718235 0.04887324944138527 0.03457869216799736
v 0.018942438066005707 0.04960523918271065 0.035207513719797134
v 0.01576199196279049 0.05047272890806198 0.035937756299972534
v 0.010745204985141754 0.05158532038331032 0.0368533730506897
v -0.01965201087296009 0.04974319413304329 0.035344693809747696
v -0.0241090077906847 0.04841145873069763 0.034190475940704346
v -0.02624833583831787 0.04772304370999336 0.03357459977269173
v -0.03358001634478569 0.04523560404777527 0.03126675635576248
v -0.030571768060326576 0.04914218559861183 -0.007873018272221088
v -0.03934817761182785 0.048606257885694504 -0.005219974555075169
v -0.03040713630616665 0.04893951863050461 0.0012208204716444016
v -0.01906687766313553 0.04940752685070038 -0.010087156668305397
v -0.013382824137806892 0.04944348335266113 -0.010763592086732388
v -0.004225298762321472 0.05254030600190163 0.03762255981564522
v 0.008423992432653904 0.04934587702155113 -0.011191128753125668
v -0.0004594236961565912 0.04941803216934204 -0.011417809873819351
v -0.005145268514752388 0.049439314752817154 -0.011316321790218353
v -0.005698729306459427 0.04944104701280594 -0.011294239200651646
v 0.005902988836169243 0.052305009216070175 0.037427932024002075
v 0.022118449211120605 0.04909385368227959 -0.00970576610416174
v 0.03358447179198265 0.048563770949840546 -0.007183810696005821
v -0.014049617573618889 0.051138926297426224 0.03650778904557228
v -0.011796408332884312 0.051589734852313995 0.03687407448887825
v -0.00904751569032669 0.052039630711078644 0.03723185509443283
v 0.024975528940558434 0.04709657281637192 -0.024961713701486588
v 0.022544924169778824 0.04719619080424309 -0.024584408849477768
v 0.03835711255669594 0.04637492448091507 -0.027775118127465248
v -0.017838001251220703 0.047596096992492676 -0.023651348426938057
v -0.01217729039490223 0.047680582851171494 -0.023184731602668762
v -0.012060035020112991 0.047681841999292374 -0.02317715436220169
v -0.03222893550992012 0.0471663773059845 -0.02575123868882656
v -0.022062351927161217 0.04750252515077591 -0.024129318073391914
v -0.0005307879182510078 0.04771015793085098 -0.022837866097688675
v -0.006917568854987621 0.04771776869893074 -0.022926799952983856
v -0.0005030483589507639 0.04771000146865845 -0.022838015109300613
v 0.00919793825596571 0.04758702218532562 -0.023176543414592743
v 0.011108558624982834 0.04754699766635895 -0.023310396820306778
v -0.05610942095518112 0.03426230326294899 -0.0024538834113627672
v -0.05577269196510315 0.03407973051071167 -0.003223542356863618
v -0.05534758046269417 0.03392518684267998 -0.003872397355735302
v -0.05635696277022362 0.034633200615644455 -0.0008820040384307504
v -0.05415601655840874 0.03366079181432724 -0.00497363181784749
v -0.017684010788798332 0.036210499703884125 0.00655699847266078
v -0.028075719252228737 0.035353388637304306 0.002716334303840995
v -0.037606388330459595 0.03408545255661011 -0.002854267368093133
v 0.050832729786634445 0.03019063174724579 -0.017730658873915672
v 0.04378892481327057 0.032188501209020615 -0.00937205646187067
v 0.03533458337187767 0.03387558460235596 -0.0023612885270267725
v 0.025736946612596512 0.03519855812191963 0.003080034162849188
v 0.015299377962946892 0.036115601658821106 0.006779920309782028
v 0.004351804032921791 0.03659772500395775 0.008621417917311192
v -0.006759734824299812 0.03662969544529915 0.008546318858861923
v -0.05659860745072365 0.029708683490753174 0.0018584399949759245
v -0.05725618451833725 0.022011728957295418 0.0035896804183721542
v -0.058078333735466 0.008237610571086407 0.0067247627303004265
v -0.05816344916820526 0.006074714940041304 0.007222805172204971
v -0.05751416087150574 0.0040794978849589825 0.004000088665634394
v -0.05619359016418457 0.003710312070325017 0.0026508953887969255
v -0.05839770287275314 -0.006347260437905788 0.00828856136649847
v -0.04541871324181557 0.033703479915857315 0.03414361551403999
v -0.04690461978316307 0.02878941223025322 0.037577513605356216
v -0.04870803654193878 0.02233845926821232 0.04171263426542282
v -0.0498896986246109 0.017212415114045143 0.04453398287296295
v -0.050659049302339554 0.012754956260323524 0.046593282371759415
v -0.05116238817572594 0.008125693537294865 0.04831387475132942
v -0.05589887499809265 0.035752713680267334 0.0007923551020212471
v -0.05048611760139465 0.036453407257795334 0.016218429431319237
v -0.03778902441263199 -0.00679803779348731 0.00676377210766077
v 0.04663088917732239 0.013815122656524181 0.05240781232714653
v 0.005059436894953251 0.05767829343676567 0.07318969070911407
v -0.004974985029548407 0.05773584172129631 0.07324376702308655
v -0.04392928630113602 0.030494870617985725 0.07991401106119156
v -0.047268372029066086 0.014353645965456963 0.05291387811303139
v -0.04707159101963043 0.021222759038209915 0.08211621642112732
v 0.04682767018675804 0.02068423479795456 0.08161015063524246
v 0.04376836493611336 0.029991915449500084 0.0794413685798645
v 0.038788944482803345 0.0384800024330616 0.0774783119559288
v 0.03210702911019325 0.04577752947807312 0.07580678164958954
v 0.024014662951231003 0.05156555771827698 0.07449982315301895
v 0.014865510165691376 0.055591125041246414 0.07361456751823425
v -0.014799202792346478 0.05576125532388687 0.07377444207668304
v -0.023983851075172424 0.05184083431959152 0.07475851476192474
v -0.03212751820683479 0.04614592343568802 0.0761529728770256
v -0.03887428715825081 0.0389254130423069 0.07789687812328339
v 0.003007153980433941 0.054277002811431885 0.04923468083143234
v 0.010509315878152847 0.053464945405721664 0.05047747865319252
v 0.017216257750988007 0.05199403688311577 0.0528879351913929
v 0.019977223128080368 0.05116940662264824 0.05429287999868393
v 0.01769644394516945 0.05186019837856293 0.05311368778347969
v 0.030906207859516144 0.04650489613413811 0.06326784193515778
v 0.026887141168117523 0.04848466068506241 0.059137675911188126
v 0.026554252952337265 0.04863603040575981 0.0588533915579319
v 0.04129081964492798 0.03484172746539116 0.06304937601089478
v 0.03802035376429558 0.04014842212200165 0.0664401426911354
v 0.044878408312797546 0.027691850438714027 0.06045366823673248
v 0.04193801060318947 0.0336916521191597 0.06252885609865189
v 0.04915103316307068 0.012804071418941021 0.05916629731655121
v 0.047547753900289536 0.02024002932012081 0.05918412655591965
v 0.04666363075375557 0.02305939793586731 0.05951029807329178
v 0.035036031156778336 0.04245736077427864 0.0402279794216156
v 0.034794699400663376 0.04240167513489723 0.042118195444345474
v 0.037826910614967346 0.03891710191965103 0.053421348333358765
v 0.04178502410650253 0.03697487711906433 0.03642454370856285
v 0.04022428020834923 0.03727005794644356 0.041912563145160675
v 0.040351029485464096 0.03722827136516571 0.041433658450841904
v 0.040758732706308365 0.03711710497736931 0.03993575647473335
v 0.04139494523406029 0.03700772672891617 0.037718266248703
v 0.03569439426064491 0.042945921421051025 0.06684920191764832
v 0.03687258064746857 0.040381550788879395 0.05904201418161392
v 0.03398969769477844 0.04274775832891464 0.05359775945544243
v 0.03399085998535156 0.04275649040937424 0.05375177785754204
v 0.03427749499678612 0.043177615851163864 0.06019875034689903
v 0.0388425774872303 0.037939511239528656 0.04794691130518913
v 0.034007906913757324 0.04262993857264519 0.051389895379543304
v 0.03413550555706024 0.042501091957092285 0.04854628071188927
v 0.03576437756419182 0.042691294103860855 0.035860683768987656
v 0.03565434366464615 0.042651545256376266 0.036436550319194794
v 0.03516049683094025 0.042491521686315536 0.03936713933944702
v 0.03702826425433159 0.04321629926562309 0.030400918796658516
v 0.03416607528924942 0.042484015226364136 0.04811011999845505
v -0.0364079587161541 0.043162256479263306 0.03549870848655701
v -0.03439673036336899 0.0434446856379509 0.058803919702768326
v -0.034296102821826935 0.043082345277071 0.05292895808815956
v -0.03245287761092186 0.046138912439346313 0.06553775817155838
v -0.034634221345186234 0.042837031185626984 0.047291602939367294
v -0.03613597899675369 0.043063756078481674 0.03681636601686478
v -0.0355408638715744 0.04287823289632797 0.040193572640419006
v -0.035402245819568634 0.04284315183758736 0.04112261161208153
v -0.035475991666316986 0.04286132752895355 0.04061953350901604
v -0.017450185492634773 0.052183181047439575 0.05309160426259041
v -0.014821111224591732 0.05281919240951538 0.05195235833525658
v -0.02175680361688137 0.050880808383226395 0.05546234920620918
v -0.0349789522588253 0.044053565710783005 0.06634758412837982
v -0.028109505772590637 0.04830930754542351 0.06038215756416321
v -0.02707495726644993 0.048785921186208725 0.059444259852170944
v -0.007565521635115147 0.05399588495492935 0.049859385937452316
v -0.040842391550540924 0.03769293054938316 0.041859183460474014
v -0.04029141366481781 0.037884488701820374 0.04388725012540817
v -0.037907205522060394 0.039669860154390335 0.05520404875278473
v -0.036793336272239685 0.04139929637312889 0.061399802565574646
v -0.038926899433135986 0.03861679509282112 0.04995293915271759
v -0.03850897401571274 0.0389859639108181 0.052056558430194855
v -0.03797617182135582 0.039582375437021255 0.05483663082122803
v -0.038968779146671295 0.038584500551223755 0.04974619671702385
v -0.042026691138744354 0.037476200610399246 0.03784005716443062
v -0.041922058910131454 0.03748590871691704 0.03817814216017723
v -0.0438106395304203 0.037537433207035065 0.03250652924180031
v -0.04128633812069893 0.037582878023386 0.040301330387592316
v -0.03935103118419647 0.038867026567459106 0.06554174423217773
v -0.042250003665685654 0.03415514901280403 0.0629742294549942
v -0.04246392846107483 0.033777255564928055 0.06281376630067825
v -0.046003617346286774 0.026502249762415886 0.0605357326567173
v -0.04695256054401398 0.024058787152171135 0.06008495017886162
v -0.05020597577095032 0.009114624001085758 0.060221750289201736
v -0.049120329320430756 0.016617106273770332 0.059556107968091965
v -0.0471322275698185 0.02355862595140934 0.060010164976119995
v 0.015258612111210823 0.020644627511501312 0.01041147019714117
v 0.017611276358366013 0.018938055261969566 0.010112899355590343
v 0.009807506576180458 -0.03234003484249115 0.024067634716629982
v 0.00593256950378418 -0.03330652788281441 0.02487490512430668
v 0.0040470086969435215 -0.03360716998577118 0.025136612355709076
v 0.0022699430119246244 -0.03379461169242859 0.025306666269898415
v 0.01659245975315571 -0.02931022457778454 0.021713517606258392
v 0.015030493028461933 -0.030184799805283546 0.022369634360074997
v 0.013345565646886826 -0.031000498682260513 0.02299797721207142
v 0.010422850027680397 -0.03214038535952568 0.02390519715845585
v 0.0232861265540123 -0.023763040080666542 0.01795409619808197
v 0.022460665553808212 -0.024660633876919746 0.01851545087993145
v 0.019542088732123375 -0.027288418263196945 0.020264271646738052
v 0.017492834478616714 -0.02874842658638954 0.021301206201314926
v 0.024820376187562943 -0.021844539791345596 0.0168140958994627
v 0.026816073805093765 -0.018627909943461418 0.015087527222931385
v 0.029552938416600227 -0.010111666284501553 0.011616462841629982
v 0.0292133130133152 -0.011998739093542099 0.012249603867530823
v 0.02826271764934063 -0.015326187945902348 0.013553771190345287
v 0.027401495724916458 -0.01743684522807598 0.01450592651963234
v 0.029423218220472336 -0.0011300144251435995 0.009600792080163956
v 0.029588164761662483 -0.0022391548845916986 0.009764374233782291
v 0.029818471521139145 -0.0049842228181660175 0.010269531980156898
v 0.02972392737865448 -0.008650433272123337 0.011177661828696728
v 0.02856294810771942 0.0025979001075029373 0.009216423146426678
v 0.027362270280718803 0.005969232879579067 0.009074904024600983
v 0.025648757815361023 0.00946597009897232 0.009121331386268139
v 0.023333974182605743 0.013014568947255611 0.009351862594485283
v 0.02056441456079483 0.01625896245241165 0.009714057669043541
v 0.0033652670681476593 0.025187000632286072 0.011378439143300056
v 0.007114047184586525 0.024387283250689507 0.011186677031219006
v 0.010819550603628159 0.023054201155900955 0.01089118979871273
v 0.014171451330184937 0.021325785666704178 0.010539974085986614
v 0.0032130812760442495 -0.036158155649900436 0.025801483541727066
v 0.00709742633625865 -0.035575829446315765 0.02525947615504265
v 0.010904538445174694 -0.03458712249994278 0.02438335493206978
v 0.011325850151479244 -0.03445019945502281 0.02426471747457981
v 0.014456314034759998 -0.03324369713664055 0.02324022352695465
v 0.018086321651935577 -0.03136821836233139 0.02172010764479637
v 0.018975067883729935 -0.030817130580544472 0.02128869667649269
v 0.021169908344745636 -0.029269691556692123 0.020114190876483917
v 0.024259185418486595 -0.0265265591442585 0.018165815621614456
v 0.025241315364837646 -0.02547239512205124 0.017459996044635773
v 0.02551042102277279 -0.025164136663079262 0.017258863896131516
v 0.026749469339847565 -0.023617854341864586 0.01628360152244568
v 0.032019857317209244 -0.01077939011156559 0.010272936895489693
v 0.031577806919813156 -0.013150559738278389 0.01110398955643177
v 0.0304969921708107 -0.01674993522465229 0.012605410069227219
v 0.02969246730208397 -0.01867574080824852 0.013528075069189072
v 0.028869010508060455 -0.020311785861849785 0.014378623105585575
v -0.031042641028761864 -0.003383823437616229 0.010348844341933727
v -0.03113986924290657 -0.007052086293697357 0.011166001670062542
v -0.0334545336663723 -0.009942105039954185 0.01047870609909296
v -0.0309066791087389 -0.009764524176716805 0.011942184530198574
v -0.03339548408985138 -0.010403475724160671 0.010625245980918407
v -0.030739592388272285 -0.01083594560623169 0.012289808131754398
v -0.032785724848508835 -0.013566361740231514 0.011752201244235039
v -0.031653594225645065 -0.017080210149288177 0.013257520273327827
v -0.02987014129757881 -0.014353806152939796 0.013599752448499203
v -0.03112410381436348 -0.01832619309425354 0.013855468481779099
v -0.028667554259300232 -0.017421036958694458 0.014953180216252804
v -0.030049588531255722 -0.020446745678782463 0.01495104469358921
v -0.028120875358581543 0.007260187529027462 0.009365823119878769
v -0.028705304488539696 0.005946674849838018 0.00938362069427967
v -0.02957756817340851 0.0036195148713886738 0.009484222158789635
v -0.030532509088516235 6.361194391502067e-05 0.009813163429498672
v -0.03087145835161209 -0.001892009167931974 0.010090159252285957
v -0.028010983020067215 -0.023567920550704002 0.016739889979362488
v -0.02692975476384163 -0.020557628944516182 0.016543135046958923
v -0.026708990335464478 -0.02517392858862877 0.017740752547979355
v -0.024601276963949203 -0.023634260520339012 0.018300306051969528
v -0.02545509673655033 -0.02652275748550892 0.018621936440467834
v -0.022347429767251015 -0.029254911467432976 0.020521748811006546
v -0.021822597831487656 -0.026377851143479347 0.020031198859214783
v -0.02046346850693226 -0.03059081733226776 0.021501243114471436
v -0.018852360546588898 -0.02860862761735916 0.021546008065342903
v -0.019316980615258217 -0.031308889389038086 0.022041846066713333
v -0.008326850831508636 -0.03303469344973564 0.02479899674654007
v -0.01231192983686924 -0.034483566880226135 0.02453324757516384
v -0.012024283409118652 -0.031968627125024796 0.02399258129298687
v -0.01282497774809599 -0.03431157022714615 0.02439478039741516
v -0.015404881909489632 -0.0305618979036808 0.022945959120988846
v -0.015943869948387146 -0.03307294845581055 0.0234069861471653
v -0.018014369532465935 -0.03204812854528427 0.022607602179050446
v -0.0045830728486180305 -0.033674173057079315 0.025277599692344666
v -0.004310674034059048 -0.03615468367934227 0.025876464322209358
v -0.007081876043230295 -0.03329421952366829 0.024995291605591774
v -0.007091722451150417 -0.035778120160102844 0.025579771026968956
v -0.008276081643998623 -0.03555377572774887 0.025399040430784225
v -0.020799977704882622 0.01731099933385849 0.010046164505183697
v -0.02375243976712227 0.014164748601615429 0.009687214158475399
v -0.024565277621150017 0.013134226202964783 0.009597377851605415
v -0.026104401797056198 0.010919278487563133 0.00945210363715887
v -0.011652172543108463 0.023247376084327698 0.011025389656424522
v -0.01459646038711071 0.021823855116963387 0.010757450945675373
v -0.017854517325758934 0.019745515659451485 0.010402477346360683
v -0.01874467171728611 0.019071541726589203 0.010296964086592197
v -0.003515128279104829 0.025325482711195946 0.011437739245593548
v -0.007203076034784317 0.024698197841644287 0.011313792318105698
v -0.011063355021178722 0.023485708981752396 0.011071786284446716
v -0.00805569626390934 -0.01692388206720352 0.09082634001970291
v -0.015277868136763573 -0.013965039514005184 0.09017901867628098
v -0.021470148116350174 -0.00928859319537878 0.08912073075771332
v -0.026210540905594826 -0.0032132139895111322 0.08772359043359756
v -0.03289230167865753 0.007169630844146013 0.08532631397247314
v -0.029175996780395508 0.0038470569998025894 0.086082823574543
v -0.032854266464710236 0.015683604404330254 0.08332335948944092
v -0.030164426192641258 0.011411083862185478 0.08431024104356766
v -0.029108470305800438 0.01896338164806366 0.08252663910388947
v -0.026080086827278137 0.02598927915096283 0.08085356652736664
v -0.021285658702254295 0.032009974122047424 0.0794050395488739
v -0.015051915310323238 0.03661515936255455 0.0782797783613205
v -0.0078036789782345295 0.03949100524187088 0.07755446434020996
v -0.021318456158041954 0.030865121632814407 0.0745379850268364
v -0.026112882420420647 0.024844428524374962 0.07598651200532913
v -0.029141265898942947 0.017818531021475792 0.07765958458185196
v -0.029208794236183167 0.002702206140384078 0.0812157690525055
v -0.026243336498737335 -0.004358064848929644 0.08285654336214066
v -0.021502945572137833 -0.010433444753289223 0.08425367623567581
v -0.015310664661228657 -0.015109891071915627 0.08531196415424347
v -0.008088492788374424 -0.01806873269379139 0.085959292948246
v -0.007836475968360901 0.03834615647792816 0.07268741726875305
v -0.015084712766110897 0.03547030687332153 0.07341273128986359
v 0.011042286641895771 0.04555599391460419 -0.03177483379840851
v 0.010673782788217068 0.03269245848059654 -0.08646098524332047
v 0.010736692696809769 0.03488847613334656 -0.07712516188621521
v 0.011018733493983746 0.04473379999399185 -0.03527018800377846
v 0.010954032652080059 0.04247526451945305 -0.04487180337309837
v 0.01087771262973547 0.039811138063669205 -0.056197673082351685
v 0.010801393538713455 0.03714701160788536 -0.0675235465168953
v -0.05817611515522003 0.027495844289660454 -0.044355764985084534
v -0.0576319582760334 0.02819371223449707 -0.04137899726629257
v -0.05636407807469368 0.029337262734770775 -0.036494020372629166
v -0.053421374410390854 0.031096018850803375 -0.02896217629313469
v -0.04940790310502052 0.03273630887269974 -0.021913571283221245
v -0.048834774643182755 0.03293132036924362 -0.02107374556362629
v -0.04440537467598915 0.0342247411608696 -0.015491687692701817
v -0.038515619933605194 0.03553101420402527 -0.009827256202697754
v -0.03272813931107521 0.03650357201695442 -0.005583300720900297
v -0.03185854107141495 0.036628540605306625 -0.005035589914768934
v -0.02456965483725071 0.037494972348213196 -0.0012142308987677097
v -0.016797343268990517 0.03811267390847206 0.0015590287512168288
v -0.011764147318899632 0.03836662322282791 0.0027340627275407314
v -0.008699826896190643 0.038469068706035614 0.0032277272548526525
v 0.007808183319866657 0.0383743941783905 0.0031387577764689922
v 0.010865628719329834 0.0382368378341198 0.0026120999827980995
v 0.015882622450590134 0.037925250828266144 0.001382900751195848
v 0.02361699566245079 0.0372186154127121 -0.0014739319449290633
v 0.03085385449230671 0.03626887872815132 -0.005373577121645212
v 0.03744587302207947 0.03509536758065224 -0.01023664977401495
v 0.04325886443257332 0.03372197598218918 -0.015964152291417122
v 0.047612715512514114 0.0323781855404377 -0.021593548357486725
v 0.04817448556423187 0.0321766622364521 -0.022439489141106606
v 0.052092671394348145 0.03049088455736637 -0.02953084371984005
v 0.054933659732341766 0.028698956593871117 -0.037093859165906906
v 0.05663961544632912 0.026837361976504326 -0.04497456178069115
v 0.05613561347126961 0.02754124253988266 -0.04199214279651642
v 0.05621539428830147 0.030100643634796143 -0.04580406844615936
v 0.05452246218919754 0.031948018819093704 -0.03798355534672737
v 0.05170317366719246 0.03372626379132271 -0.030478300526738167
v 0.04781491309404373 0.035399165004491806 -0.02344110608100891
v 0.04293683171272278 0.036932677030563354 -0.01701522246003151
v 0.037168238312006 0.038295578211545944 -0.011331461369991302
v 0.030626563355326653 0.03946012631058693 -0.006505529396235943
v 0.023444974794983864 0.0404026135802269 -0.002635668497532606
v 0.01576967164874077 0.041103851050138474 0.00019934508600272238
v 0.007756900042295456 0.04154956340789795 0.0019417928997427225
v -0.0004302238521631807 0.04173068329691887 0.0025562113150954247
v -0.008625033311545849 0.04164351522922516 0.002030082978308201
v -0.01666070520877838 0.04128984361886978 0.0003741279651876539
v -0.024373658001422882 0.04067685827612877 -0.002377950819209218
v -0.031606875360012054 0.03981704264879227 -0.006170123815536499
v -0.03821311146020889 0.03872790187597275 -0.010925195179879665
v -0.04405788704752922 0.03743160143494606 -0.01654636673629284
v -0.04902220889925957 0.035954538732767105 -0.022919204086065292
v -0.053005024790763855 0.03432677686214447 -0.029913976788520813
v -0.05592525750398636 0.032581452280282974 -0.03738829866051674
v -0.057723455131053925 0.030754096806049347 -0.0451899990439415
v -0.05642559006810188 0.03375640884041786 -0.04609483852982521
v -0.05466796085238457 0.03554253280162811 -0.03846916928887367
v -0.05181362107396126 0.03724847361445427 -0.031163502484560013
v -0.047920674085617065 0.03883950784802437 -0.02432655729353428
v -0.04306836053729057 0.04028324410319328 -0.018097514286637306
v -0.03735547140240669 0.04155029356479645 -0.012603175826370716
v -0.03089829720556736 0.04261486232280731 -0.007955395616590977
v -0.023828286677598953 0.043455276638269424 -0.004248788580298424
v -0.016289368271827698 0.04405442625284195 -0.0015588089590892196
v -0.008435011841356754 0.04440012201666832 5.978167973808013e-05
v -0.00042510859202593565 0.04448532313108444 0.0005740365013480186
v 0.007577281910926104 0.044308289885520935 -2.6516258003539406e-05
v 0.015409255400300026 0.04387263208627701 -0.001729648094624281
v 0.022911375388503075 0.0431872196495533 -0.004500690847635269
v 0.029930919408798218 0.04226600006222725 -0.008283233270049095
v 0.036324989050626755 0.041127726435661316 -0.013000275008380413
v 0.04196342080831528 0.03979557752609253 -0.018555792048573494
v 0.046731431037187576 0.038296665996313095 -0.02483668364584446
v 0.050531961023807526 0.03666150942444801 -0.031715091317892075
v 0.05328763648867607 0.03492339327931404 -0.03905099257826805
v 0.05494236946105957 0.03311770036816597 -0.046695053577423096
v -0.054370954632759094 0.036298174411058426 -0.047008614987134933
v -0.05267787724733353 0.03801870718598366 -0.039662979543209076
v -0.04992835596203804 0.03966200351715088 -0.03262559324502945
v -0.046178363263607025 0.0411946102976799 -0.026039717718958855
v -0.04150424525141716 0.042585331946611404 -0.02003941498696804
v -0.036001142114400864 0.04380584880709648 -0.014746848493814468
v -0.02978109009563923 0.044831324368715286 -0.010269745253026485
v -0.022970709949731827 0.04564087465405464 -0.006699254736304283
v -0.015708638355135918 0.04621802642941475 -0.0041080559603869915
v -0.008142712526023388 0.04655102640390396 -0.0025489027611911297
v -0.0004269520868547261 0.04663309454917908 -0.002053533447906375
v 0.007281571626663208 0.046462565660476685 -0.0026320316828787327
v 0.014825936406850815 0.04604290425777435 -0.004272621590644121
v 0.02205256000161171 0.04538265988230705 -0.00694190664216876
v 0.028814328834414482 0.044495269656181335 -0.010585544630885124
v 0.034973595291376114 0.04339880123734474 -0.015129365026950836
v 0.040404967963695526 0.04211557283997536 -0.020480863749980927
v 0.04499788582324982 0.0406717024743557 -0.02653110958635807
v 0.04865885153412819 0.03909659385681152 -0.033156927675008774
v 0.051313333213329315 0.0374223031103611 -0.040223438292741776
v 0.052907295525074005 0.03568292036652565 -0.04758678749203682
v -0.05169958621263504 0.038206182420253754 -0.04786905273795128
v -0.050090622156858444 0.03984123468399048 -0.04088836535811424
v -0.04747770354151726 0.04140288755297661 -0.03420061618089676
v -0.04391401633620262 0.04285935312509537 -0.027941936627030373
v -0.03947211802005768 0.044180978089571 -0.022239748388528824
v -0.0342424213886261 0.04534085839986801 -0.01721012406051159
v -0.028331395238637924 0.04631538689136505 -0.012955451384186745
v -0.021859366446733475 0.04708471894264221 -0.009562348015606403
v -0.014958090148866177 0.04763319343328476 -0.007099888753145933
v -0.0077680544927716255 0.0479496493935585 -0.005618195980787277
v -0.0004356287536211312 0.0480276420712471 -0.005147439893335104
v 0.006889920216053724 0.04786558449268341 -0.005697194952517748
v 0.014059465378522873 0.04746677726507187 -0.0072562783025205135
v 0.020927054807543755 0.046839334070682526 -0.009792945347726345
v 0.027352886274456978 0.045996032655239105 -0.013255560770630836
v 0.03320614621043205 0.04495403543114662 -0.017573636025190353
v 0.038367677479982376 0.043734557926654816 -0.022659262642264366
v 0.04273241013288498 0.04236242547631264 -0.028408916667103767
v 0.04621149227023125 0.040865570306777954 -0.03470555320382118
v 0.04873409494757652 0.039274465292692184 -0.04142098128795624
v 0.05024886503815651 0.037621498107910156 -0.04841850325465202
v -0.04859352111816406 0.039350394159555435 -0.04861752688884735
v -0.04708251357078552 0.04088590666651726 -0.04206182807683945
v -0.04462867230176926 0.04235248267650604 -0.03578123450279236
v -0.04128194600343704 0.04372027888894081 -0.029903588816523552
v -0.03711047023534775 0.044961441308259964 -0.024548545479774475
v -0.03219916298985481 0.04605070874094963 -0.019825128838419914
v -0.02664799988269806 0.04696590453386307 -0.01582948863506317
v -0.020569995045661926 0.04768839851021767 -0.012642959132790565
v -0.014088871888816357 0.0482034869492054 -0.010330412536859512
v -0.007336570415645838 0.048500675708055496 -0.008938927203416824
v -0.00045054726069793105 0.048573918640613556 -0.008496829308569431
v 0.006429017521440983 0.04842172935605049 -0.009013116359710693
v 0.01316207554191351 0.048047199845314026 -0.010477281175553799
v 0.01961156353354454 0.04745795577764511 -0.012859517708420753
v 0.025646183639764786 0.046665992587804794 -0.016111327335238457
v 0.03114309534430504 0.04568743333220482 -0.020166510716080666
v 0.0359903909265995 0.04454220086336136 -0.024942521005868912
v 0.04008939489722252 0.04325360432267189 -0.030342139303684235
v 0.04335666820406914 0.04184787720441818 -0.036255430430173874
v 0.04572569206357002 0.04035364091396332 -0.04256201907992363
v 0.047148242592811584 0.03880130499601364 -0.04913352429866791
v -0.0009311246103607118 -0.049481168389320374 0.030496733263134956
v -0.0008046731818467379 -0.04883680120110512 0.029454084113240242
v -0.000819823588244617 -0.04925108328461647 0.029799429699778557
v -0.0017812610603868961 -0.05044815316796303 0.03207108750939369
v -0.002283817622810602 -0.05067235976457596 0.03244059160351753
v -0.0022107588592916727 -0.05012176185846329 0.03291764110326767
v -0.0019001926993951201 -0.04975399747490883 0.03335846588015556
v -0.0015256196493282914 -0.04963093250989914 0.03282786160707474
v -0.0017109339823946357 -0.04998257756233215 0.0324261300265789
v -0.002221862319856882 -0.05134573206305504 0.03215986490249634
v -0.0017199314897879958 -0.05097438767552376 0.03181208670139313
v -0.0020485413260757923 -0.052007656544446945 0.03210880979895592
v -0.0009360469994135201 -0.05005381256341934 0.030469482764601707
v -0.0012511643581092358 -0.05039583891630173 0.031207524240016937
v -0.0012856874382123351 -0.05004105344414711 0.03140626475214958
v -0.001348620979115367 -0.049546949565410614 0.03246806934475899
v -0.001133557641878724 -0.04940886050462723 0.0318787544965744
v -0.0012449015630409122 -0.04970547929406166 0.03163493424654007
v -0.0009150933474302292 -0.04918257147073746 0.03091704659163952
v -0.0008861040696501732 -0.04913628101348877 0.03072076290845871
v -0.0011457038344815373 -0.05074775218963623 0.031049828976392746
v -0.0012925609480589628 -0.05107710883021355 0.03132575750350952
v -0.001542513258755207 -0.05149313807487488 0.03167495131492615
v -0.0020283623598515987 -0.04978329315781593 0.03348593786358833
v -0.0024132076650857925 -0.05208863317966461 0.03224075585603714
v -0.00280827097594738 -0.05211628973484039 0.0322878435254097
v -0.002509746700525284 -0.051386911422014236 0.032268356531858444
v -0.0028040672186762094 -0.051399629563093185 0.03230521082878113
v -0.0025427464861422777 -0.05068695545196533 0.032562900334596634
v -0.0027983870822936296 -0.05068980157375336 0.03260378539562225
v -0.002498173387721181 -0.05014060437679291 0.03308949992060661
v -0.002792329527437687 -0.050145410001277924 0.03314843773841858
v -0.0023923234548419714 -0.04983965680003166 0.03372252359986305
v -0.002787144621834159 -0.04985886067152023 0.03380553796887398
v -0.0022218625526875257 -0.05134573206305504 0.03215986490249634
v -0.0028952276334166527 -0.052115317434072495 0.032288238406181335
v -0.0029821693897247314 -0.05211341753602028 0.032288484275341034
v -0.0029472035821527243 -0.05139714106917381 0.03230520710349083
v -0.0028740884736180305 -0.049856461584568024 0.03380585089325905
v -0.002887145383283496 -0.05014299601316452 0.03314836695790291
v -0.002912960248067975 -0.050687406212091446 0.03260352835059166
v -0.00665905699133873 -0.05194685235619545 0.03227972239255905
v -0.006403244566172361 -0.04955679550766945 0.03377043083310127
v -0.006442318670451641 -0.050044625997543335 0.03285812959074974
v -0.006483604200184345 -0.050446517765522 0.032527413219213486
v -0.006535952445119619 -0.05091944709420204 0.03231249377131462
v -0.006568801589310169 -0.051203496754169464 0.03224852308630943
v -0.012864320538938046 -0.04974161833524704 0.032078083604574203
v -0.013116574846208096 -0.05074499547481537 0.03204052895307541
v -0.01935765892267227 -0.04872920736670494 0.031608421355485916
v -0.025274457409977913 -0.04593433067202568 0.03099086880683899
v -0.03076472319662571 -0.04240865632891655 0.030198538675904274
v -0.030319541692733765 -0.04180574044585228 0.030197981745004654
v -0.024779044091701508 -0.045027170330286026 0.031049415469169617
v -0.029712941497564316 -0.04083683714270592 0.030849037691950798
v -0.024412861093878746 -0.044240377843379974 0.031613919883966446
v -0.029907459393143654 -0.04117809981107712 0.030505092814564705
v -0.03015950694680214 -0.04157201200723648 0.03027293272316456
v -0.01898058131337166 -0.047766152769327164 0.03165461868047714
v -0.01870102621614933 -0.046938441693782806 0.032210081815719604
v -0.012676142156124115 -0.048884399235248566 0.03262722119688988
v -0.01260246243327856 -0.04840301349759102 0.03354080766439438
v -0.011068993248045444 -0.04876551032066345 0.03361574187874794
v -0.024274026975035667 -0.04378477856516838 0.03253313526511192
v -0.02086319401860237 -0.045502930879592896 0.03291430324316025
v -0.01859390176832676 -0.0464678630232811 0.03312598541378975
v -0.029544685035943985 -0.04040013253688812 0.03177249804139137
v -0.03150882571935654 -0.040384843945503235 0.029708612710237503
v -0.03184465318918228 -0.03978736326098442 0.02947118878364563
v -0.03181440383195877 -0.03945690393447876 0.02964925952255726
v -0.029717987403273582 -0.04027252271771431 0.03173953667283058
v -0.030392659828066826 -0.040717530995607376 0.03043052740395069
v -0.031114643439650536 -0.040840838104486465 0.029947729781270027
v -0.0314473994076252 -0.04139329493045807 0.02983945608139038
v -0.031767722219228745 -0.04091283306479454 0.02957330271601677
v -0.032063089311122894 -0.040471166372299194 0.029254470020532608
v -0.0318826287984848 -0.03996821120381355 0.029394596815109253
v -0.03071579895913601 -0.04131700471043587 0.030110428109765053
v -0.031112030148506165 -0.04189400374889374 0.030048469081521034
v -0.030794445425271988 -0.039781924337148666 0.030748337507247925
v -0.03086368553340435 -0.03944791108369827 0.03130623698234558
v -0.030879946425557137 -0.040269963443279266 0.030263425782322884
v -0.03183886781334877 -0.03914983198046684 0.029865898191928864
v -0.03187384828925133 -0.03900015726685524 0.029993928968906403
v -0.03204655274748802 -0.03864818438887596 0.030383095145225525
v -0.0324859544634819 -0.03878111019730568 0.028567543253302574
v -0.03250976279377937 -0.039039622992277145 0.02841573767364025
v -0.03257505223155022 -0.03929649665951729 0.028280891478061676
v -0.03275547921657562 -0.037862662225961685 0.027087995782494545
v -0.032505135983228683 -0.038529690355062485 0.028731442987918854
v -0.03256595507264137 -0.038293641060590744 0.02890177257359028
v -0.033315397799015045 0.0027232796419411898 0.05555560812354088
v -0.03362295776605606 -0.008012855425477028 0.009913579560816288
v -0.03346537426114082 0.0033669830299913883 0.05540520325303078
v -0.033646389842033386 -0.007805204950273037 0.00984941329807043
v -0.03463537245988846 -0.006568992510437965 0.008919773623347282
v -0.03561989963054657 -0.006461615674197674 0.008234995417296886
v -0.03530386462807655 0.004570317454636097 0.05513453856110573
v -0.03392628952860832 -0.007125441450625658 0.009510463103652
v -0.034251049160957336 -0.00678871339187026 0.00922213401645422
v -0.03393306955695152 0.004031010437756777 0.055252157151699066
v -0.034636348485946655 0.004454670939594507 0.055157240480184555
v 0.033911075443029404 0.004061543382704258 0.054787807166576385
v 0.03457958996295929 0.004169527906924486 0.05475790053606033
v 0.03426355496048927 -0.006862405221909285 0.007858360186219215
v 0.03247956559062004 -0.0076586403883993626 0.009250501170754433
v 0.032267164438962936 -0.008390742354094982 0.009558466263115406
v 0.032574720680713654 0.002345392247661948 0.055200494825839996
v 0.033823564648628235 -0.0068401736207306385 0.008159301243722439
v 0.032956916838884354 -0.007133940700441599 0.008814319036900997
v 0.03320404514670372 0.003645971417427063 0.05489032343029976
v 0.03273044154047966 0.002987342420965433 0.055048443377017975
v -0.030806714668869972 -0.05180836096405983 0.03240986540913582
v -0.03180843964219093 -0.051863979548215866 0.03215443342924118
v -0.03222472593188286 -0.0519343800842762 0.0318472757935524
v -0.03254527226090431 -0.05202740058302879 0.03144579380750656
v -0.03281977400183678 -0.05225483328104019 0.030473824590444565
v -0.03181372955441475 -0.05276011675596237 0.03212687000632286
v -0.03254832699894905 -0.05254478380084038 0.03142987936735153
v -0.032552316784858704 -0.05298488959670067 0.03115740790963173
v -0.03224015235900879 -0.05363481491804123 0.030794525519013405
v -0.03255617991089821 -0.053229786455631256 0.03070138208568096
v -0.031820643693208694 -0.05352240055799484 0.03165493533015251
v -0.03182733431458473 -0.05394657701253891 0.030865076929330826
v -0.030828529968857765 -0.054213132709264755 0.030921047553420067
v -0.030820805579423904 -0.05372333899140358 0.03183310106396675
v -0.030816705897450447 -0.053319111466407776 0.03216351196169853
v -0.03081282041966915 -0.0528431311249733 0.032378047704696655
v -0.0028243190608918667 -0.05409488454461098 0.0314156673848629
v -0.0028293970972299576 -0.054373711347579956 0.03077014721930027
v -0.0028114025481045246 -0.052671074867248535 0.03229716047644615
v -0.0028175734914839268 -0.05347969010472298 0.032012611627578735
v -0.001087139593437314 -0.05296321585774422 0.031153041869401932
v -0.001084054121747613 -0.052558910101652145 0.03129531815648079
v -0.0008207620703615248 -0.05243835225701332 0.030301367864012718
v -0.001090512378141284 -0.053270816802978516 0.030854571610689163
v -0.0014348967233672738 -0.05210251361131668 0.03171725571155548
v -0.0010821436299011111 -0.05220784246921539 0.03127622604370117
v -0.0014126800233498216 -0.05381161347031593 0.030628381296992302
v -0.0018282628152519464 -0.054118622094392776 0.03070339746773243
v -0.0018238651100546122 -0.05387714505195618 0.03126243129372597
v -0.0018126791110262275 -0.052644092589616776 0.03202582895755768
v -0.0018093700055032969 -0.05203602835536003 0.03199275583028793
v -0.0018180233892053366 -0.05334436893463135 0.03177940100431442
v -0.0010930513963103294 -0.053410232067108154 0.030531812459230423
v -0.03307999670505524 -0.04880961403250694 0.014845012687146664
v -0.03287592530250549 -0.048014868050813675 0.01554320938885212
v -0.032888490706682205 -0.05082777887582779 0.016204960644245148
v -0.03376593813300133 -0.051200125366449356 0.014605552889406681
v -0.03375724330544472 -0.04925328865647316 0.01414755079895258
v -0.03331863880157471 -0.05110674351453781 0.015010992996394634
v -0.03356359899044037 -0.049205001443624496 0.014289461076259613
v -0.03312446549534798 -0.051039617508649826 0.015300001949071884
v -0.03298573940992355 -0.05096547678112984 0.015617798082530499
v -0.033138457685709 -0.05322342365980148 0.015590266324579716
v -0.033786945044994354 -0.05324761942028999 0.01487576775252819
v -0.03290030360221863 -0.053188394755125046 0.01652498170733452
v -0.03383132442831993 -0.05531391501426697 0.014740200713276863
v -0.033160850405693054 -0.05542460083961487 0.015451486222445965
v -0.03297634795308113 -0.0554950013756752 0.015914548188447952
v -0.0329146534204483 -0.0555669441819191 0.016393208876252174
v -0.03235674276947975 -0.05724053457379341 0.015641000121831894
v -0.032163772732019424 -0.05726190656423569 0.01606319472193718
v -0.03167303651571274 -0.057491544634103775 0.016337251290678978
v -0.0315580852329731 -0.05766383931040764 0.01599835231900215
v -0.03092193230986595 -0.0574735663831234 0.017060112208127975
v -0.030680300667881966 -0.05761967599391937 0.016684621572494507
v -0.032855965197086334 -0.056134600192308426 0.016159020364284515
v -0.03280039504170418 -0.05633970722556114 0.016093624755740166
v -0.03285541757941246 -0.05644485726952553 0.015647534281015396
v -0.03277130797505379 -0.05642422288656235 0.01607034169137478
v -0.03255118057131767 -0.056856632232666016 0.015997083857655525
v -0.030446132645010948 -0.05787372961640358 0.016346337273716927
v -0.030078856274485588 -0.058620333671569824 0.015895038843154907
v -0.031495723873376846 -0.057903580367565155 0.015670204535126686
v -0.03149336948990822 -0.0585382878780365 0.015166929922997952
v -0.032442279160022736 -0.05740882083773613 0.015287518501281738
v -0.032759323716163635 -0.05786386504769325 0.014725405722856522
v -0.03302697464823723 -0.05650020018219948 0.01524382270872593
v -0.03359973058104515 -0.056659847497940063 0.014608643017709255
v -0.024369454011321068 -0.05671929568052292 0.02039073407649994
v -0.002854341408237815 -0.055858828127384186 0.02469785138964653
v -0.0028422167524695396 -0.05612693727016449 0.024295624345541
v -0.010081036016345024 -0.05625084042549133 0.02363147959113121
v -0.026792854070663452 -0.05821220949292183 0.01769225485622883
v -0.023998914286494255 -0.0571315735578537 0.01962345652282238
v -0.02371332235634327 -0.05788758024573326 0.019130637869238853
v -0.017172643914818764 -0.056587591767311096 0.02206539735198021
v -0.01697353646159172 -0.057350486516952515 0.021541638299822807
v -0.009971775114536285 -0.05701800435781479 0.0230878796428442
v -0.002824668074026704 -0.0568956695497036 0.023743608966469765
v -0.01022434514015913 -0.05582418292760849 0.02446419559419155
v -0.0028673415072262287 -0.05569825321435928 0.025139180943369865
v -0.01743173412978649 -0.056166429072618484 0.02287254109978676
v -0.00046921157627366483 -0.05539250746369362 0.024364009499549866
v -3.0312226954265498e-05 -0.055729545652866364 0.02416638843715191
v -0.001063172472640872 -0.05647457391023636 0.023929515853524208
v -0.0009797618258744478 -0.05410799756646156 0.026271799579262733
v -0.0008870691526681185 -0.053743407130241394 0.026448294520378113
v -0.0007208610768429935 -0.053683895617723465 0.02576490491628647
v -0.0015101474709808826 -0.05617664009332657 0.024109451100230217
v -0.00173404801171273 -0.055839795619249344 0.02444702573120594
v -0.0008847532444633543 -0.05512367561459541 0.024729834869503975
v 0.00039079092675819993 -0.05523243173956871 0.024294402450323105
v 0.0001713893871055916 -0.05432964116334915 0.02461385168135166
v 0.0007845424697734416 -0.05453605204820633 0.024439897388219833
v -0.0008067622547969222 -0.05413025617599487 0.02559855207800865
v -0.0010017349850386381 -0.05417193844914436 0.026238135993480682
v -0.0002954578085336834 -0.053682226687669754 0.025139514356851578
v -0.0003965183859691024 -0.05418317764997482 0.025018421933054924
v -0.0011869450099766254 -0.05457938835024834 0.0260040033608675
v -0.0009714232292026281 -0.05456167459487915 0.02541557140648365
v -0.001425324473530054 -0.05493323504924774 0.02577201835811138
v -0.0012162546627223492 -0.05496607720851898 0.02522384002804756
v -0.0019713598303496838 -0.05542498081922531 0.025398975238204002
v -0.0019267610041424632 -0.05560251325368881 0.02487611025571823
v -0.0026376289315521717 -0.055679235607385635 0.025166859850287437
v 0.0010423145722597837 -0.053638897836208344 0.024574466049671173
v 0.0003586574748624116 -0.05315391719341278 0.02478828653693199
v 0.0010804884368553758 -0.053144488483667374 0.02462473325431347
v -0.0002957640099339187 -0.05318862944841385 0.0252445787191391
v -0.0007187296869233251 -0.05324329063296318 0.02591879852116108
v -0.0008455223287455738 -0.053302668035030365 0.026626931503415108
v -0.0008318857871927321 -0.050937850028276443 0.026640666648745537
v -0.0008204106707125902 -0.048600275069475174 0.026282355189323425
v -0.0007058806368149817 -0.050990425050258636 0.025932256132364273
v -0.0007063850061967969 -0.048756230622529984 0.025621609762310982
v -0.0002840281231328845 -0.0510421060025692 0.025257715955376625
v -0.00026713902479968965 -0.048921871930360794 0.024925852194428444
v 0.00036928142071701586 -0.05107906833291054 0.024800917133688927
v 0.0004268841294106096 -0.049032896757125854 0.024467095732688904
v 0.0010904294904321432 -0.05109495297074318 0.024636708199977875
v 0.001099751447327435 -0.04906905069947243 0.024326197803020477
v 0.0004369987000245601 -0.04696734622120857 0.023980746045708656
v 0.001108448370359838 -0.04712221398949623 0.023868193849921227
v -0.00019525342213455588 -0.04648543521761894 0.024288877844810486
v -0.0005643038311973214 -0.045902907848358154 0.024652540683746338
v -0.0006933396216481924 -0.04583597555756569 0.02493460662662983
v -0.0008073652279563248 -0.04568002000451088 0.025595350190997124
v 0.002242145361378789 -0.047028254717588425 0.03619934245944023
v 0.0024389259051531553 -0.04015914350748062 0.06540168076753616
v 0.0025057378225028515 -0.04800320416688919 0.03642689809203148
v 0.002702518366277218 -0.04113409295678139 0.06562923640012741
v 0.003234582720324397 -0.04871999844908714 0.03659059479832649
v 0.0034313632640987635 -0.04185088723897934 0.06579293310642242
v 0.004233386367559433 -0.04898655414581299 0.03664656728506088
v 0.004430166911333799 -0.042117442935705185 0.06584890931844711
v 0.004019865300506353 -0.036283381283283234 0.033659905195236206
v 0.00421664584428072 -0.02941426821053028 0.06286223977804184
v 0.0031364280730485916 -0.036616016179323196 0.033744100481271744
v 0.003333208616822958 -0.029746901243925095 0.06294643878936768
v 0.002510117832571268 -0.03730744868516922 0.03391096368432045
v 0.0027068983763456345 -0.030438335612416267 0.06311330199241638
v 0.0022815722040832043 -0.0382024347782135 0.034123025834560394
v 0.0024783527478575706 -0.0313333235681057 0.06332536786794662
v 0.030340202152729034 -0.025044379755854607 0.030838852748274803
v 0.030536983162164688 -0.018175266683101654 0.060041192919015884
v 0.030104931443929672 -0.024119392037391663 0.030622858554124832
v 0.030301712453365326 -0.01725027896463871 0.059825196862220764
v 0.029447194188833237 -0.023413101211190224 0.030461153015494347
v 0.02964397333562374 -0.01654398813843727 0.05966349318623543
v 0.028524450957775116 -0.023094598203897476 0.030392451211810112
v 0.02872123196721077 -0.016225485131144524 0.05959479138255119
v 0.02755761332809925 -0.023240137845277786 0.030433200299739838
v 0.027754394337534904 -0.016371024772524834 0.05963553860783577
v 0.026778146624565125 -0.02381487563252449 0.030573645606637
v 0.026974927634000778 -0.016945762559771538 0.05977598577737808
v 0.029538992792367935 -0.038941871374845505 0.034113284200429916
v 0.02973577380180359 -0.0320727564394474 0.06331562250852585
v 0.030086906626820564 -0.038270656019449234 0.03395170718431473
v 0.03028368577361107 -0.03140154108405113 0.06315404921770096
v 0.030284849926829338 -0.0374348945915699 0.033753782510757446
v 0.030481630936264992 -0.030565781518816948 0.06295611709356308
v 0.020379649475216866 -0.029831161722540855 0.032031942158937454
v 0.004450822714716196 -0.04897627234458923 0.03664268180727959
v 0.009523726999759674 -0.04819658771157265 0.03642509505152702
v 0.012626330368220806 -0.03407894819974899 0.03308337181806564
v 0.0193465743213892 -0.04504651576280594 0.035617928951978683
v 0.028244448825716972 -0.03991933912038803 0.034351933747529984
v 0.02057643048465252 -0.022962048649787903 0.061234280467033386
v 0.01282311137765646 -0.02720983512699604 0.062285710126161575
v -0.032512784004211426 -0.02939075417816639 0.06310421228408813
v -0.03233420103788376 -0.03020368330180645 0.06329423189163208
v -0.031823743134737015 -0.030870581045746803 0.06344766169786453
v -0.02982482872903347 -0.025043414905667305 0.01616365648806095
v -0.02911939099431038 -0.025555159896612167 0.016654565930366516
v -0.02882871776819229 -0.015408537350594997 0.05979042500257492
v -0.029302511364221573 -0.014949614182114601 0.05968566983938217
v -0.030150488018989563 -0.014615082181990147 0.0596126914024353
v -0.030449220910668373 -0.024920742958784103 0.015797842293977737
v -0.030795449391007423 -0.02494155615568161 0.015612099319696426
v -0.031062209978699684 -0.014682739973068237 0.059634748846292496
v -0.03135773539543152 -0.0251022782176733 0.015334445983171463
v -0.03177084028720856 -0.025333670899271965 0.015152476727962494
v -0.03184705972671509 -0.015138440765440464 0.059747230261564255
v -0.032144300639629364 -0.025657007470726967 0.015011492185294628
v -0.032392796128988266 -0.02597065456211567 0.014939185231924057
v -0.032340943813323975 -0.015886904671788216 0.05992661789059639
v -0.03264239430427551 -0.02647067978978157 0.014909016899764538
v -0.032733380794525146 -0.026824813336133957 0.01493852213025093
v -0.03245532140135765 -0.016527261584997177 0.06007801368832588
v -0.032759103924036026 -0.027131661772727966 0.014996021054685116
v -0.002657557837665081 -0.04229792207479477 0.06593912094831467
v -0.00257061212323606 -0.042300254106521606 0.06593908369541168
v -0.0009900456061586738 -0.03928093612194061 0.02669348195195198
v -0.0007687706383876503 -0.04018022119998932 0.026903942227363586
v -0.0005227949004620314 -0.03159382939338684 0.06340686976909637
v -0.0006352139753289521 -0.030941616743803024 0.0632542073726654
v -0.001064864220097661 -0.030251793563365936 0.0630948394536972
v -0.001310860738158226 -0.03883872553706169 0.02658957429230213
v -0.0016121728112921119 -0.03858312964439392 0.0265280082821846
v -0.0017444840632379055 -0.02979011833667755 0.06299082189798355
v -0.001990577206015587 -0.03837926685810089 0.026476116850972176
v -0.0024059440474957228 -0.029638994485139847 0.06295973062515259
v -0.0026521077379584312 -0.03823194280266762 0.02642892859876156
v -0.002510105026885867 -0.03824426233768463 0.0264351237565279
v 0.0011172718368470669 -0.037418488413095474 0.09558536857366562
v 0.0011259729508310556 -0.035470739006996155 0.0951271504163742
v 0.001084475195966661 -0.03856334090232849 0.09071832150220871
v 0.001093176193535328 -0.03661558777093887 0.0902601033449173
v -0.0019067309331148863 -0.036598384380340576 0.09027627110481262
v -0.0019154319306835532 -0.038546133786439896 0.09073448926210403
v -0.001834518974646926 -0.03866276144981384 0.09025240689516068
v -0.0017414301401004195 -0.03676307201385498 0.08960125595331192
v -0.0017243961337953806 -0.03872255980968475 0.09001322835683823
v -0.0014260578900575638 -0.03686713054776192 0.08919882774353027
v -0.0014347686665132642 -0.03881436958909035 0.08965691179037094
v -0.0012737688375636935 -0.03689892962574959 0.08907956629991531
v -0.0012355224462226033 -0.03885422274470329 0.08950652182102203
v -0.0007828603847883642 -0.03695936128497124 0.08885948359966278
v -0.0007916146423667669 -0.03890601918101311 0.08931729942560196
v -0.0006796408561058342 -0.036965690553188324 0.08883749693632126
v -0.0006122368504293263 -0.03891589865088463 0.08928371965885162
v -0.00041403924115002155 -0.03697328269481659 0.088813416659832
v -0.0004254153463989496 -0.038920097053050995 0.0892714262008667
v -4.9898502766154706e-05 -0.036963652819395065 0.08885515481233597
v -5.860269084223546e-05 -0.03891022130846977 0.08931334316730499
v 3.921716779586859e-05 -0.03695758804678917 0.08887929469347
v 0.0003169516276102513 -0.03887392580509186 0.08945676684379578
v 0.0006538019515573978 -0.03686564043164253 0.08923938125371933
v 0.0005891816108487546 -0.038825977593660355 0.08964600414037704
v 0.0008407696732319891 -0.038754332810640335 0.08993137627840042
v 0.0010271980427205563 -0.036715853959321976 0.08984111994504929
v 0.0009970387909561396 -0.03867900371551514 0.09023714810609818
v 0.0010715677635744214 -0.03860650211572647 0.09053662419319153
v -0.0018826351733878255 -0.03740128502249718 0.09560153633356094
v -0.0018739341758191586 -0.03545353189110756 0.09514331817626953
v 0.0037860919255763292 -0.06235954165458679 -0.032116811722517014
v 0.00365429581142962 -0.06187206506729126 -0.032230593264102936
v 0.003496756311506033 -0.061582744121551514 -0.031003760173916817
v 0.003289873246103525 -0.06151366978883743 -0.032312437891960144
v 0.0031441841274499893 -0.0612461119890213 -0.031177891418337822
v 0.002790471538901329 -0.06138039007782936 -0.03234042599797249
v 0.0026609699707478285 -0.061142560094594955 -0.03133193776011467
v 0.0022677083034068346 -0.060919374227523804 -0.03039070963859558
v 0.0027017651591449976 -0.06099503114819527 -0.03011901304125786
v 0.0016374874394387007 -0.060726042836904526 -0.029580889269709587
v 0.0019927662797272205 -0.060777533799409866 -0.02920796163380146
v 0.0008132557268254459 -0.06057574227452278 -0.028957650065422058
v 0.0010655054356902838 -0.06060844287276268 -0.028506817296147346
v -0.00014881702372804284 -0.06047871336340904 -0.028563471511006355
v -1.6826217688503675e-05 -0.06049928441643715 -0.028063368052244186
v -0.0011831672163680196 -0.06044156849384308 -0.028425222262740135
v -0.0011804701061919332 -0.0604574978351593 -0.027907835319638252
v -0.0022193053737282753 -0.060466837137937546 -0.028552312403917313
v -0.0023461254313588142 -0.060485925525426865 -0.02805081382393837
v -0.0031866205390542746 -0.06055280193686485 -0.02893609181046486
v -0.003434354905039072 -0.060582637786865234 -0.02848256565630436
v -0.004019191488623619 -0.06069360300898552 -0.029550401493906975
v -0.0043709976598620415 -0.060741037130355835 -0.02917366474866867
v -0.004660280421376228 -0.06087964028120041 -0.030353372916579247
v -0.005092222709208727 -0.06095033138990402 -0.03007700853049755
v -0.005066197365522385 -0.06109824404120445 -0.031290292739868164
v -0.005548879504203796 -0.061196256428956985 -0.031131040304899216
v -0.005209281109273434 -0.061334509402513504 -0.03229730948805809
v -0.005709847901016474 -0.06146205589175224 -0.03226393461227417
v 0.003018351038917899 -0.06131123751401901 -0.029858753085136414
v 0.0022516835015267134 -0.061076048761606216 -0.02887360006570816
v 0.001249000197276473 -0.06089320778846741 -0.028115427121520042
v 7.863264909246936e-05 -0.06077516824007034 -0.027635905891656876
v -0.0011796609032899141 -0.06072998046875 -0.027467722073197365
v -0.002440129406750202 -0.060760725289583206 -0.02762233093380928
v -0.003616874571889639 -0.06086530163884163 -0.02808920107781887
v -0.004629702772945166 -0.06103658303618431 -0.028836512938141823
v -0.005409590899944305 -0.06126290187239647 -0.029813330620527267
v -0.005903392098844051 -0.06152883172035217 -0.030953098088502884
v -0.0060774534940719604 -0.0618162527680397 -0.03217814117670059
v 0.0036242150235921144 -0.062062256038188934 -0.03085620515048504
v 0.0031326382886618376 -0.06178327277302742 -0.029679669067263603
v 0.0023448618594557047 -0.0615416094660759 -0.0286673866212368
v 0.0013145721750333905 -0.06135373190045357 -0.0278883446007967
v 0.00011198129504919052 -0.06123244762420654 -0.027395624667406082
v -0.0011809562565758824 -0.061186015605926514 -0.027222806587815285
v -0.0024761289823800325 -0.06121760234236717 -0.02738167531788349
v -0.003685272764414549 -0.061325058341026306 -0.027861397713422775
v -0.004725986625999212 -0.06150105595588684 -0.028629278764128685
v -0.005527347791939974 -0.061733607202768326 -0.029632996767759323
v -0.0060347444377839565 -0.062006860971450806 -0.030804147943854332
v -0.006213598418980837 -0.06230219453573227 -0.032062921673059464
v -0.008137250319123268 -0.07194128632545471 -0.029782602563500404
v -0.007748339790850878 -0.07008091360330582 -0.030222829431295395
v -0.007814447395503521 -0.07243005931377411 -0.03185410797595978
v -0.007443391717970371 -0.07054265588521957 -0.03217974677681923
v -0.006849741097539663 -0.07287485152482986 -0.033726468682289124
v -0.00689884927123785 -0.07083006203174591 -0.03339110687375069
v -0.006532049272209406 -0.07096283882856369 -0.033948540687561035
v -0.0053375656716525555 -0.07323212176561356 -0.03521640598773956
v -0.005103519652038813 -0.07130035012960434 -0.0353560633957386
v -0.004535363987088203 -0.07138846814632416 -0.03571983799338341
v -0.0034259415697306395 -0.07346689701080322 -0.036178071051836014
v -0.003297637915238738 -0.07152213901281357 -0.036264535039663315
v -0.0013019934995099902 -0.07355620712041855 -0.03651734068989754
v -0.001291176537051797 -0.07160650193691254 -0.03658503293991089
v 0.0008263725321739912 -0.07349129021167755 -0.03620098903775215
v 0.0007194583304226398 -0.07154517620801926 -0.03628618270158768
v 0.0027508174534887075 -0.07327850908041 -0.035259995609521866
v 0.0019644349813461304 -0.07142574340105057 -0.03575487062335014
v 0.0025374519173055887 -0.07134417444467545 -0.0353972427546978
v 0.004282962530851364 -0.0729387030005455 -0.03378646820783615
v 0.00525125814601779 -0.07015547156333923 -0.030292890965938568
v 0.005623527802526951 -0.07202021032571793 -0.029856767505407333
v 0.0049199596978724 -0.0706135556101799 -0.03224638104438782
v 0.005272831302136183 -0.07250511646270752 -0.031924642622470856
v 0.004359132144600153 -0.07089462876319885 -0.033451780676841736
v 0.0039848461747169495 -0.07102315872907639 -0.03400522097945213
v 0.006700304336845875 -0.07360541820526123 -0.029491141438484192
v 0.00629436457529664 -0.07416671514511108 -0.031884752213954926
v 0.005148566793650389 -0.07466860115528107 -0.03403986617922783
v 0.00337507133372128 -0.07506193965673447 -0.035745516419410706
v 0.0011474794009700418 -0.07530823349952698 -0.03683473542332649
v -0.001316156587563455 -0.07538337260484695 -0.037200916558504105
v -0.003774679033085704 -0.07528000324964523 -0.036808207631111145
v -0.005987430457025766 -0.07500824332237244 -0.03569505736231804
v -0.0077378107234835625 -0.07459469139575958 -0.033970415592193604
v -0.008854481391608715 -0.07407983392477036 -0.031803108751773834
v -0.009228134527802467 -0.07351406663656235 -0.029405295848846436
v 0.008317657746374607 -0.07466977089643478 -0.02925167977809906
v 0.007829039357602596 -0.07534538209438324 -0.03213280066847801
v 0.006449879612773657 -0.07594948261976242 -0.034726839512586594
v 0.004315177444368601 -0.07642292976379395 -0.036779873073101044
v 0.0016338929999619722 -0.07671938836574554 -0.038090940564870834
v -0.0013315097894519567 -0.0768098309636116 -0.038531698286533356
v -0.004290757235139608 -0.07668541371822357 -0.03805900737643242
v -0.006954178214073181 -0.07635830342769623 -0.03671913594007492
v -0.0090610571205616 -0.07586053013801575 -0.03464324399828911
v -0.010405158624053001 -0.07524080574512482 -0.03203452751040459
v -0.010854913853108883 -0.07455981522798538 -0.029148349538445473
v 0.010229360312223434 -0.07505123317241669 -0.02917483262717724
v 0.00964321754872799 -0.07586169242858887 -0.032631006091833115
v 0.007988786324858665 -0.07658636569976807 -0.03574280068278313
v 0.005428011529147625 -0.07715431600809097 -0.03820560872554779
v 0.0022115616593509912 -0.07750993967056274 -0.03977834805846214
v -0.0013457156019285321 -0.07761843502521515 -0.04030708596110344
v -0.004895609337836504 -0.07746918499469757 -0.03974004462361336
v -0.008090630173683167 -0.07707678526639938 -0.03813274949789047
v -0.010618028230965137 -0.07647965848445892 -0.03564251959323883
v -0.01223040372133255 -0.07573624700307846 -0.03251311928033829
v -0.012769927270710468 -0.07491932809352875 -0.029050877317786217
v -0.007237483747303486 -0.06765024363994598 -0.03079802542924881
v -0.007739642634987831 -0.06813408434391022 -0.030680831521749496
v -0.006847516633570194 -0.0673949271440506 -0.027521934360265732
v -0.006413983181118965 -0.06696794182062149 -0.027882125228643417
v -0.004452819470316172 -0.06686381250619888 -0.02521885186433792
v -0.004203493241220713 -0.0664776861667633 -0.025756198912858963
v -0.0011972080683335662 -0.06668305397033691 -0.024388689547777176
v -0.001198313431814313 -0.0663108304142952 -0.024989889934659004
v 0.0020469792652875185 -0.06690108776092529 -0.025253882631659508
v 0.001796320895664394 -0.0665120929479599 -0.025788534432649612
v 0.004410464782267809 -0.06745949387550354 -0.02758261002600193
v 0.003977999556809664 -0.06702754646539688 -0.027938133105635643
v 0.005259954836219549 -0.06820864230394363 -0.03075089119374752
v 0.004762144759297371 -0.06771906465291977 -0.030862698331475258
v -0.006237514782696962 -0.06765598058700562 -0.030803415924310684
v -0.005551264155656099 -0.06708739697933197 -0.028373492881655693
v -0.003709189360961318 -0.06667884439229965 -0.026601893827319145
v -0.0012048728531226516 -0.06653980165719986 -0.025963302701711655
v 0.0012906556949019432 -0.06670752167701721 -0.02662883885204792
v 0.0031087216921150684 -0.06713706254959106 -0.028420165181159973
v 0.00376217532902956 -0.06771332770586014 -0.030857307836413383
v -0.0022699921391904354 -0.06223618611693382 -0.036074258387088776
v -0.003232065122574568 -0.062139157205820084 -0.03568008542060852
v -0.004056296776980162 -0.06198885291814804 -0.03505684807896614
v -0.004686517640948296 -0.06179552152752876 -0.0342470183968544
v -0.005079778842628002 -0.06157233938574791 -0.03330579027533531
v -0.00019950380374211818 -0.06224805861711502 -0.03608541563153267
v -0.0012356420047581196 -0.062273330986499786 -0.03621251508593559
v 0.002647388493642211 -0.06161665543913841 -0.03334743529558182
v 0.0007678112015128136 -0.06216209754347801 -0.03570164367556572
v 0.0022414708510041237 -0.06183525547385216 -0.034284356981515884
v 0.001600382151082158 -0.062021296471357346 -0.035087332129478455
v 0.0030759249348193407 -0.06828191131353378 -0.03328722342848778
v 0.003938643727451563 -0.06840136647224426 -0.0337785966694355
v 0.0012338500237092376 -0.0686904639005661 -0.03505882993340492
v 0.001728154020383954 -0.06889162212610245 -0.035904526710510254
v -0.001270466367714107 -0.0688295066356659 -0.035697415471076965
v -0.0012770256726071239 -0.06905847787857056 -0.03667082637548447
v -0.0037659951485693455 -0.06866178661584854 -0.03503188490867615
v -0.004271660000085831 -0.06885721534490585 -0.035872187465429306
v -0.005584061145782471 -0.06823224574327469 -0.03324055299162865
v -0.006453339010477066 -0.06834176927804947 -0.033722590655088425
v -0.007417041342705488 -0.06962282955646515 -0.028269341215491295
v -0.006856213789433241 -0.0693417564034462 -0.02706393413245678
v -0.006481927819550037 -0.06921322643756866 -0.02651049941778183
v -0.00503453379496932 -0.0688922181725502 -0.025118477642536163
v -0.004461516626179218 -0.06881064176559448 -0.02476084977388382
v -0.0032165399752557278 -0.0686912089586258 -0.024229537695646286
v -0.0012059049913659692 -0.06862988322973251 -0.023930689319968224
v 0.0008005564450286329 -0.06871424615383148 -0.024251187220215797
v 0.0020382823422551155 -0.06884791702032089 -0.024795880541205406
v 0.0026064382400363684 -0.06893603503704071 -0.02515965886414051
v 0.004034967627376318 -0.06927354633808136 -0.026567179709672928
v 0.004946310073137283 -0.06969373673200607 -0.028335973620414734
v 0.00440176809206605 -0.06940632313489914 -0.02712460793554783
v -0.0328475683927536 -0.046934451907873154 0.01965472288429737
v -0.03287458419799805 -0.04787745699286461 0.015645770356059074
v -0.000790748163126409 -0.04509995877742767 0.028061335906386375
v -0.0005619771545752883 -0.04036489501595497 0.06547030061483383
v -0.005441222805529833 -0.03799337521195412 0.026240261271595955
v -0.009326155297458172 -0.02855033241212368 0.06275027990341187
v -0.007103394251316786 -0.03775939345359802 0.026045124977827072
v -0.01753256656229496 -0.03454618901014328 0.023335328325629234
v -0.016869185492396355 -0.034852489829063416 0.023588739335536957
v -0.017269201576709747 -0.025435876101255417 0.06207121163606644
v -0.013322558254003525 -0.03623536229133606 0.024749109521508217
v -0.00956198200583458 -0.03728308156132698 0.02564159780740738
v -0.018019579350948334 -0.03431098535656929 0.02314154990017414
v -0.024201231077313423 -0.020539093762636185 0.06096607819199562
v -0.02012321725487709 -0.03318752348423004 0.022226927801966667
v -0.028381552547216415 -0.026435699313879013 0.017238091677427292
v -0.02669667825102806 -0.0282210111618042 0.018469475209712982
v -0.02362551912665367 -0.030864709988236427 0.02041182480752468
v 0.04371962696313858 -0.07719018310308456 -0.028897373005747795
v 0.04390045255422592 -0.07087799906730652 -0.0020627002231776714
v 0.037609659135341644 -0.07042018324136734 -0.00023610681819263846
v -0.0015741507522761822 -0.08723577857017517 -0.07245835661888123
v -0.005380834918469191 -0.06908833980560303 0.0046088434755802155
v -0.007445122580975294 -0.08711394667625427 -0.07205196470022202
v -0.012581850402057171 -0.0691281333565712 0.00430295942351222
v -0.013210589997470379 -0.0868178978562355 -0.07090302556753159
v -0.0190415158867836 -0.0692271962761879 0.003759186016395688
v -0.024075787514448166 -0.06934679299592972 0.00315524241887033
v -0.018771903589367867 -0.08635269850492477 -0.06903120130300522
v -0.0330740250647068 -0.06965699046850204 0.0016658214153721929
v -0.03546600788831711 -0.06976156681776047 0.001175865763798356
v 0.02588026225566864 -0.08526366204023361 -0.06355414539575577
v 0.020964698866009712 -0.08598438650369644 -0.06671106815338135
v 0.015668539330363274 -0.08655021339654922 -0.06921681761741638
v 0.03332527354359627 -0.0701570063829422 0.0008012290927581489
v 0.01008240319788456 -0.08695147931575775 -0.07102856040000916
v 0.02445371448993683 -0.06971339881420135 0.002518400549888611
v 0.02202310785651207 -0.06961378455162048 0.0028957040049135685
v 0.004301871173083782 -0.08718131482601166 -0.07211527228355408
v 0.010369524359703064 -0.06925816088914871 0.004186051897704601
v -0.0010248632170259953 -0.06909997761249542 0.004642097745090723
v 0.030331123620271683 -0.08440038561820984 -0.05980008840560913
v 0.034241124987602234 -0.08340932428836823 -0.055513136088848114
v 0.03754337131977081 -0.08230744302272797 -0.050766635686159134
v 0.04018135368824005 -0.08111357688903809 -0.045641787350177765
v 0.04210994020104408 -0.07984817028045654 -0.0402262844145298
v 0.04329612851142883 -0.078532874584198 -0.034612804651260376
v -0.045931145548820496 -0.07802114635705948 -0.034131914377212524
v -0.03715846315026283 -0.08299984037876129 -0.05512833222746849
v -0.03330651670694351 -0.08403541892766953 -0.059457115828990936
v -0.044820692390203476 -0.07934961467981339 -0.039757777005434036
v -0.042965229600667953 -0.08063672482967377 -0.04519366845488548
v -0.04039650410413742 -0.08186044543981552 -0.050346583127975464
v -0.04609676077961922 -0.07036186009645462 -0.0015776620712131262
v -0.04627759009599686 -0.07667403668165207 -0.028412334620952606
v -0.024033909663558006 -0.0857263132929802 -0.06646855175495148
v -0.028906570747494698 -0.08494945615530014 -0.06325887143611908
v -0.03629295155405998 -0.06836636364459991 -0.0016428235685452819
v -0.03206554800271988 -0.06734085083007812 0.0027966229245066643
v -0.010529352352023125 -0.07338418811559677 -0.02248290926218033
v -0.007968577556312084 -0.07281624525785446 -0.020020103082060814
v 0.042318638414144516 -0.07260975986719131 -0.018187517300248146
v 0.04344320297241211 -0.07401437312364578 -0.024136772379279137
v 0.00968983769416809 -0.07423431426286697 -0.025712590664625168
v 0.005550064146518707 -0.07289377599954605 -0.020092960447072983
v 0.02518986165523529 -0.06676191836595535 0.006344691850244999
v 0.029952773824334145 -0.06769653409719467 0.0024623763747513294
v -0.044679854065179825 -0.07751667499542236 -0.0406973734498024
v -0.0458899661898613 -0.0761326253414154 -0.03483717143535614
v -0.01661752723157406 -0.08460760116577148 -0.0703059732913971
v -0.02223464660346508 -0.08401502668857574 -0.06789376586675644
v 0.008077462203800678 -0.07349090278148651 -0.022583190351724625
v -0.012183784507215023 -0.07410886138677597 -0.02559470385313034
v -0.042675454169511795 -0.07077423483133316 -0.011999153532087803
v -0.03985222056508064 -0.06951814889907837 -0.006606311537325382
v -0.04626889154314995 -0.07472720742225647 -0.02887033484876156
v -0.0459134615957737 -0.07350190728902817 -0.023655187338590622
v -0.04470880329608917 -0.07211064547300339 -0.0177184846252203
v -0.04266111180186272 -0.0788535624742508 -0.046341780573129654
v -0.03987133130431175 -0.08011839538812637 -0.05166524276137352
v -0.02746124006807804 -0.08325424045324326 -0.06475914269685745
v -0.03219994530081749 -0.08233942091464996 -0.060960497707128525
v -0.03636249154806137 -0.08128760755062103 -0.05656859278678894
v -0.0107145169749856 -0.08502092957496643 -0.07195082306861877
v -0.004635579418390989 -0.08524731546640396 -0.07279769331216812
v 0.03344936668872833 -0.08168798685073853 -0.056944843381643295
v 0.029227936640381813 -0.08269171416759491 -0.06129156053066254
v 0.034120041877031326 -0.06877019256353378 -0.002022312954068184
v 0.03761216625571251 -0.06996241956949234 -0.007023803889751434
v 0.040362514555454254 -0.07125046104192734 -0.012446685694158077
v 0.01992216147482395 -0.06598418951034546 0.009550577029585838
v 0.002355043077841401 -0.07250137627124786 -0.0184856578707695
v 0.01425017137080431 -0.06537817418575287 0.01201887708157301
v -0.027250660583376884 -0.06646116822957993 0.006627318914979696
v -0.021940140053629875 -0.06574410200119019 0.009776193648576736
v -0.004752127919346094 -0.0724606141448021 -0.018447354435920715
v 0.02443838119506836 -0.08355189114809036 -0.06503885984420776
v 0.019169924780726433 -0.0842524841427803 -0.06811691075563431
v 0.037024032324552536 -0.08055940270423889 -0.05207967013120651
v 0.03988535329699516 -0.07932697981595993 -0.04678666219115257
v 0.04372832551598549 -0.07524335384368896 -0.029355373233556747
v 0.04326901212334633 -0.07664396613836288 -0.035317692905664444
v 0.041980016976594925 -0.07801368087530136 -0.041164424270391464
v 0.013520704582333565 -0.08478044718503952 -0.07046839594841003
v 0.007595956325531006 -0.08512593805789948 -0.07204950600862503
v 0.0015060476725921035 -0.08528253436088562 -0.07283078879117966
v -0.016235297545790672 -0.06520333141088486 0.012183177284896374
v -0.010244964621961117 -0.06484917551279068 0.01380234956741333
v -0.001194850425235927 -0.07235211879014969 -0.017918623983860016
v -0.004083422012627125 -0.06468838453292847 0.014602823182940483
v 0.002131788060069084 -0.06472402811050415 0.014569326303899288
v 0.00828209612518549 -0.06495542824268341 0.013702497817575932
v -0.04389490559697151 -0.060588665306568146 0.021983783692121506
v -0.04246998578310013 -0.05789324641227722 0.02643180824816227
v -0.04080890119075775 -0.05167718604207039 0.03603748977184296
v 0.038005754351615906 -0.04734412953257561 0.04262098670005798
v 0.036907508969306946 -0.042192429304122925 0.04957456514239311
v 0.03373387083411217 -0.04494938999414444 0.04812316223978996
v -0.0003610799030866474 -0.04653763398528099 0.0610496960580349
v -0.0007980812224559486 -0.05603700131177902 0.03833915665745735
v 0.004844285547733307 -0.05596569925546646 0.038284361362457275
v -0.021162820979952812 -0.04885322228074074 0.049411363899707794
v -0.019776830449700356 -0.044863734394311905 0.05769125744700432
v -0.021089935675263405 -0.04466060549020767 0.05723912641406059
v -0.015455557964742184 -0.045473627746105194 0.05900830402970314
v -0.01760447397828102 -0.05502592772245407 0.03821457549929619
v -0.012231763452291489 -0.04585566371679306 0.059798892587423325
v -0.012051080353558064 -0.05556168779730797 0.038303177803754807
v -0.010452336631715298 -0.04603509604930878 0.06015589088201523
v 0.017030859366059303 -0.045287229120731354 0.057984717190265656
v 0.014633400365710258 -0.045592308044433594 0.05872458592057228
v 0.016016485169529915 -0.05521874502301216 0.038033377379179
v 0.00943964347243309 -0.04612818732857704 0.06000363826751709
v 0.010458587668836117 -0.05569078028202057 0.038181863725185394
v 0.004498298279941082 -0.04644366726279259 0.060760173946619034
v 0.0185172688215971 -0.04508301988244057 0.05748412013053894
v 0.021492810919880867 -0.05456237867474556 0.03784207999706268
v 0.0246015302836895 -0.04790939390659332 0.04888096824288368
v 0.0268790815025568 -0.043801773339509964 0.054165299981832504
v 0.023638103157281876 -0.04431658238172531 0.05553940311074257
v 0.02024359256029129 -0.04483385011553764 0.05686509236693382
v 0.032666534185409546 -0.0428670309484005 0.05154721438884735
v 0.029264084994792938 -0.0465199276804924 0.0485227145254612
v 0.041838981211185455 -0.06043687462806702 0.022567173466086388
v 0.040719032287597656 -0.05837034434080124 0.02598346397280693
v 0.04206491634249687 -0.0610816515982151 0.021520504727959633
v 0.03496392443776131 -0.05900582671165466 0.026171725243330002
v 0.038193993270397186 -0.062115587294101715 0.020372135564684868
v 0.033285100013017654 -0.06313774734735489 0.0191479604691267
v 0.029128089547157288 -0.059565477073192596 0.026342693716287613
v 0.024373741820454597 -0.06440139561891556 0.017460329458117485
v 0.023219751194119453 -0.060036800801754 0.0264933742582798
v 0.022113045677542686 -0.06462907791137695 0.017128044739365578
v 0.011527024209499359 -0.06532556563615799 0.016027528792619705
v 0.01123174000531435 -0.06067158281803131 0.026723472401499748
v -0.004404816310852766 -0.06549719721078873 0.015679843723773956
v -0.0009725355776026845 -0.06553773581981659 0.0156260896474123
v -0.0009430929785594344 -0.06553790718317032 0.015625935047864914
v 0.008766237646341324 -0.06542322039604187 0.015857648104429245
v -0.005337859503924847 -0.04640575498342514 0.06085267663002014
v -0.006439521908760071 -0.05590098351240158 0.038345176726579666
v -0.013004765845835209 -0.0605325810611248 0.026854094117879868
v -0.03389868885278702 -0.06298179924488068 0.019222667440772057
v -0.023888878524303436 -0.06437961012125015 0.017355093732476234
v -0.024986492469906807 -0.059760332107543945 0.026753181591629982
v -0.01971505954861641 -0.06476636230945587 0.01679208315908909
v -0.009981034323573112 -0.06534064561128616 0.01591760665178299
v -0.030890315771102905 -0.059221263974905014 0.02666616253554821
v -0.03672085329890251 -0.058594707399606705 0.02655806951224804
v -0.04002556577324867 -0.06167266517877579 0.0207871925085783
v -0.04246809706091881 -0.06101620942354202 0.021521134302020073
v -0.02598770521581173 -0.04761926084756851 0.04915361851453781
v -0.027658775448799133 -0.04357220605015755 0.05467410013079643
v -0.030637606978416443 -0.04617638513445854 0.048845551908016205
v -0.033967286348342896 -0.042484547942876816 0.05190533772110939
v -0.03509313240647316 -0.044554658234119415 0.04849410429596901
v -0.038219112902879715 -0.04176156967878342 0.04997945949435234
v -0.03945125639438629 -0.04689990356564522 0.04303843900561333
v -0.02307465672492981 -0.05430677905678749 0.03808227553963661
v -0.028439009562134743 -0.053420260548591614 0.037909891456365585
v -0.03367922827601433 -0.052385542541742325 0.0377018116414547
v -0.03878156095743179 -0.05122395232319832 0.037462957203388214
v 0.039042241871356964 -0.05144188553094864 0.03665045276284218
v 0.03722645342350006 -0.05165986716747284 0.037053316831588745
v 0.03211400657892227 -0.052762873470783234 0.0373472198843956
v 0.026864809915423393 -0.05373743548989296 0.037611834704875946
v 0.057055674493312836 -0.05524095520377159 0.01002430822700262
v 0.05719999969005585 -0.022933874279260635 0.00242391019128263
v 0.056922730058431625 -0.056721508502960205 0.009253503754734993
v 0.05690859258174896 -0.023310385644435883 0.0008179356809705496
v 0.05629659444093704 -0.05924869328737259 0.008305108174681664
v 0.055549196898937225 -0.02376958169043064 -0.001159791718237102
v 0.05532287061214447 -0.061448834836483 0.007651469670236111
v 0.05411222204566002 -0.06324909627437592 0.007274596486240625
v 0.0533900149166584 -0.024022355675697327 -0.002275260165333748
v 0.05322544276714325 -0.06421415507793427 0.007183847948908806
v 0.05282773822546005 -0.06457601487636566 0.007185244932770729
v 0.050946690142154694 -0.024008342996239662 -0.0022620917297899723
v 0.05155640095472336 -0.06549368053674698 0.00735515495762229
v 0.048614054918289185 -0.06639117002487183 0.008910775184631348
v 0.04889793321490288 -0.06638509780168533 0.00865934882313013
v 0.048802699893713 -0.023730890825390816 -0.0011234316043555737
v 0.05016504228115082 -0.0661318451166153 0.0078468332067132
v 0.050775472074747086 -0.06589656323194504 0.007588112726807594
v 0.047891922295093536 -0.06628911942243576 0.009742805734276772
v 0.04747005179524422 -0.023256253451108932 0.000868804519996047
v 0.04723258689045906 -0.06589960306882858 0.011048509739339352
v 0.04720031097531319 -0.022876523435115814 0.0024778032675385475
v 0.04701089859008789 -0.0652773529291153 0.012452804483473301
v 0.05860338360071182 -0.054696764796972275 0.0021568103693425655
v 0.05795425921678543 -0.05326690897345543 0.006997816730290651
v 0.057542379945516586 -0.055615562945604324 0.007905542850494385
v 0.054279670119285583 -0.06477703899145126 0.0036023049615323544
v 0.05616743862628937 -0.06256803125143051 0.003034791210666299
v 0.055437661707401276 -0.05600864812731743 0.014015087857842445
v 0.056045759469270706 -0.05519898235797882 0.013139721006155014
v 0.05529296398162842 -0.05550640821456909 0.014772159047424793
v 0.05666232109069824 -0.05800190940499306 0.008750633336603642
v 0.056999992579221725 -0.05454311892390251 0.010674574412405491
v 0.05687491223216057 -0.05433988571166992 0.011224756948649883
v 0.0567019097507 -0.05110732093453407 0.012900218367576599
v 0.056207701563835144 -0.05329123139381409 0.013881969265639782
v 0.05662916973233223 -0.05446064472198486 0.01195372175425291
v 0.05484508350491524 -0.05674559995532036 0.014667309820652008
v 0.053951162844896317 -0.057650599628686905 0.01551723387092352
v 0.05341547727584839 -0.05832969397306442 0.01572207547724247
v 0.05038439854979515 -0.061192188411951065 0.01631043665111065
v 0.050849638879299164 -0.06077350303530693 0.01635187305510044
v 0.04859735071659088 -0.05810995027422905 0.021998044103384018
v 0.05052604898810387 -0.056498512625694275 0.021696701645851135
v 0.050161413848400116 -0.061302099376916885 0.01640169508755207
v 0.0478905588388443 -0.0626387819647789 0.016499752178788185
v 0.04898765683174133 -0.06246834248304367 0.015842879191040993
v 0.048676297068595886 -0.06276798248291016 0.015649355947971344
v 0.04636075720191002 -0.0663892924785614 0.010515139438211918
v 0.04552025347948074 -0.06358882039785385 0.016376234591007233
v 0.04701387509703636 -0.06521196663379669 0.012579658068716526
v 0.047309812158346176 -0.06438452005386353 0.013952241279184818
v 0.0479142852127552 -0.06356803327798843 0.01495508011430502
v 0.0467490553855896 -0.06877578794956207 0.004299889784306288
v 0.04941912367939949 -0.06794416159391403 0.004243302624672651
v 0.05198289453983307 -0.06659992784261703 0.004011392127722502
v 0.057550620287656784 -0.06010928377509117 0.00234555103816092
v 0.04648008197546005 -0.059429917484521866 0.022058263421058655
v 0.04427124187350273 -0.060422737151384354 0.02188955433666706
v 0.04316241294145584 -0.06415291130542755 0.016060100868344307
v 0.05501196160912514 -0.04860689491033554 0.018498890101909637
v 0.05443936586380005 -0.050625525414943695 0.019516488537192345
v 0.05349508672952652 -0.052670806646347046 0.02042108215391636
v 0.052179768681526184 -0.05465821549296379 0.021161969751119614
v 0.051952626556158066 -0.05976235866546631 0.01625755988061428
v 0.043718867003917694 -0.06618106365203857 0.011825785040855408
v 0.04338798671960831 -0.0649058073759079 0.014559108763933182
v 0.043386757373809814 -0.06490150839090347 0.014567891135811806
v 0.04386095702648163 -0.06684610992670059 0.010286948643624783
v 0.0587269589304924 -0.05504591390490532 0.0007921485812403262
v 0.05839527025818825 -0.05755440518260002 0.0015818647807464004
v 0.044105350971221924 -0.06866564601659775 0.005541166290640831
v 0.04412238299846649 -0.06911773234605789 0.004200602415949106
v 0.04663090407848358 -0.0706498995423317 -0.002134755253791809
v 0.048538755625486374 -0.0701899528503418 -0.0022558022756129503
v 0.049426283687353134 -0.06988449394702911 -0.0023336338344961405
v 0.05272941663861275 -0.06813997775316238 -0.0027662450447678566
v 0.05896521359682083 -0.056362785398960114 -0.0055785528384149075
v 0.05870293453335762 -0.05901823565363884 -0.004952157381922007
v 0.05821092799305916 -0.06087060645222664 -0.004513118881732225
v 0.05648453161120415 -0.06433869898319244 -0.0036857035011053085
v 0.05606221780180931 -0.06492875516414642 -0.00354406307451427
v 0.05452582985162735 -0.06666222214698792 -0.003125955117866397
v 0.05221753567457199 -0.022298427298665047 0.005030396860092878
v 0.051010292023420334 -0.021788042038679123 0.007176973391324282
v 0.0508902482688427 -0.02237211912870407 0.004691946320235729
v 0.04885111749172211 -0.02204081602394581 0.006061505060642958
v 0.04991395026445389 -0.02258865162730217 0.0037529950495809317
v 0.04749171435832977 -0.022500012069940567 0.004083777777850628
v 0.04955023527145386 -0.02289000153541565 0.0024651384446769953
v 0.049896568059921265 -0.023195423185825348 0.0011734550353139639
v 0.05086014047265053 -0.023423079401254654 0.00022404904302675277
v 0.052182771265506744 -0.023511970415711403 -0.0001286833139602095
v 0.05351005867123604 -0.02343827672302723 0.0002097673568641767
v 0.054486360400915146 -0.02322174608707428 0.0011487184092402458
v 0.05485007166862488 -0.0229203961789608 0.002436575014144182
v 0.05450374260544777 -0.0226149745285511 0.0037282584235072136
v 0.05693025887012482 -0.022554144263267517 0.0040329089388251305
v 0.05354016646742821 -0.022387318313121796 0.004677664488554001
v 0.055597614496946335 -0.022079506888985634 0.006025145296007395
v 0.05345362052321434 -0.021802054718136787 0.0071638054214417934
v 0.05878438800573349 -0.06267496198415756 -0.03241322562098503
v 0.05825641006231308 -0.06645110994577408 -0.031521424651145935
v 0.056742217391729355 -0.06996405869722366 -0.03068488836288452
v 0.05588139221072197 -0.07124093174934387 -0.030378734692931175
v 0.05434500053524971 -0.07297439873218536 -0.029960626736283302
v 0.052548591047525406 -0.07445216178894043 -0.029600918292999268
v 0.05122813209891319 -0.07527700066566467 -0.0293979961425066
v 0.047604016959667206 -0.07671492546796799 -0.02903534099459648
v 0.05897481366991997 -0.05479687824845314 -0.005463800858706236
v 0.058984335511922836 -0.05323037877678871 -0.0053636459633708
v 0.058978330343961716 -0.05286947265267372 -0.003829651279374957
v 0.057813018560409546 -0.05134832486510277 0.007926641032099724
v 0.058726973831653595 -0.05112993344664574 0.001265267375856638
v 0.05893955007195473 -0.052508533000946045 -0.0022961453069001436
v 0.058914024382829666 -0.021313900128006935 -0.0010522257070988417
v 0.05914695933461189 -0.023306166753172874 -0.007032731547951698
v 0.0590941458940506 -0.03369896486401558 -0.005772838369011879
v 0.059011995792388916 -0.03336377441883087 -0.0019616112112998962
v 0.05908353254199028 -0.03570250794291496 -0.005610013380646706
v 0.05885934829711914 -0.04511922970414162 0.00010100455256178975
v 0.05902383103966713 -0.04512808844447136 -0.003708878066390753
v 0.05782493203878403 -0.03874928876757622 0.00811806507408619
v 0.05853404477238655 -0.03897947072982788 0.003610283602029085
v 0.0581897497177124 -0.03267625346779823 0.005816387012600899
v 0.05871043726801872 -0.03301957994699478 0.0019388973014429212
v 0.058830626308918 -0.027143830433487892 0.0004042044747620821
v 0.0582648329436779 -0.04505709931254387 0.005519095808267593
v 0.057250458747148514 -0.04499325901269913 0.010874665342271328
v 0.05683185160160065 -0.04821772128343582 0.012522839941084385
v 0.05627826601266861 -0.042376480996608734 0.014624366536736488
v 0.058111947029829025 -0.02031567692756653 0.005114599596709013
v 0.05802593380212784 -0.022656327113509178 0.0058980598114430904
v 0.05745288357138634 -0.03233541548252106 0.009652653709053993
v 0.05726427584886551 -0.034482382237911224 0.010611148551106453
v 0.056825291365385056 -0.038520798087120056 0.012560681439936161
v 0.04261384159326553 -0.050500836223363876 0.035815753042697906
v 0.044206127524375916 -0.0493980310857296 0.03570973500609398
v 0.04315876215696335 -0.04385142773389816 0.04234284535050392
v 0.04518255591392517 -0.041521068662405014 0.041631679981946945
v 0.04205800220370293 -0.03780950978398323 0.048747338354587555
v 0.04330291226506233 -0.036030322313308716 0.04808199033141136
v 0.048089273273944855 -0.04522513598203659 0.03453788161277771
v 0.046978771686553955 -0.0467265285551548 0.035062648355960846
v 0.04567411541938782 -0.0481298491358757 0.03545718267560005
v 0.04094114527106285 -0.051417164504528046 0.03577803447842598
v 0.040709055960178375 -0.04583137854933739 0.042675718665122986
v 0.03880402818322182 -0.04094478860497475 0.04950675740838051
v 0.04666324332356453 -0.03900245204567909 0.040600478649139404
v 0.04898541793227196 -0.04366633668541908 0.03390064463019371
v 0.04965855926275253 -0.04209096357226372 0.03317295387387276
v 0.040542181581258774 -0.03946783021092415 0.04922899231314659
v 0.02378806658089161 -0.06602011620998383 0.013916450552642345
v -0.04533660411834717 -0.06439659744501114 0.01503807958215475
v -0.0444960854947567 -0.06584285944700241 0.012080858461558819
v -0.037763625383377075 -0.06652550399303436 0.011238290928304195
v -0.045711662620306015 -0.06566832959651947 0.012307372875511646
v -0.04582682624459267 -0.06611780822277069 0.011275194585323334
v -0.04619429260492325 -0.06814777106046677 0.006027774885296822
v -0.04277137294411659 -0.0682792142033577 0.005979776382446289
v 0.03453424200415611 -0.06877295672893524 0.005817257799208164
v 0.04068326577544212 -0.0687577873468399 0.005529949441552162
v 0.04250175878405571 -0.06634145230054855 0.011612441390752792
v 0.04054214060306549 -0.06412937492132187 0.016453467309474945
v 0.022602852433919907 -0.06864311546087265 0.006571453530341387
v -0.005380834918469191 -0.06908833980560303 0.004608850460499525
v -0.0010054823942482471 -0.06839466840028763 0.007389553356915712
v -0.012781032361090183 -0.06835899502038956 0.007273622322827578
v -0.024601781740784645 -0.06837177276611328 0.00683024013414979
v -0.046225592494010925 -0.06851315498352051 0.004950097296386957
v -0.03660352900624275 -0.06836497783660889 0.006201696116477251
v -0.0449555329978466 -0.06327557563781738 0.017250480130314827
v -0.042451102286577225 -0.06365549564361572 0.01689818874001503
v -0.045332442969083786 -0.0643836259841919 0.015064651146531105
v -0.03890777751803398 -0.06428729742765427 0.016114789992570877
v 0.03577101230621338 -0.06694579869508743 0.010843701660633087
v 0.036994654685258865 -0.06471925973892212 0.015709983184933662
v 0.029398243874311447 -0.06726100295782089 0.01047221664339304
v -0.02513887733221054 -0.0671614557504654 0.010539363138377666
v -0.031369540840387344 -0.0669146329164505 0.010797356255352497
v -0.03215671330690384 -0.06516821682453156 0.01496830116957426
v -0.02567165158689022 -0.06574233621358871 0.014174436219036579
v -0.019026601687073708 -0.06732456386089325 0.010382186621427536
v -0.012984280474483967 -0.06743523478507996 0.010281885042786598
v -0.000985124846920371 -0.06755652278661728 0.010174563154578209
v 0.011032911948859692 -0.06757223606109619 0.010153073817491531
v 0.017488842830061913 -0.06633169949054718 0.013428711332380772
v 0.01128053106367588 -0.0665147602558136 0.013117147609591484
v 0.030252771452069283 -0.06552085280418396 0.014639193192124367
v 0.023196835070848465 -0.06743643432855606 0.010281120426952839
v -0.0009643102530390024 -0.0666033998131752 0.012922377325594425
v -0.001597393536940217 -0.08762717992067337 -0.07635446637868881
v 0.004785570781677961 -0.0875680148601532 -0.07598176598548889
v -0.001614607172086835 -0.08699686080217361 -0.08021914958953857
v 0.005240751430392265 -0.08693332225084305 -0.07981887459754944
v -0.0016246186569333076 -0.08538776636123657 -0.08378903567790985
v 0.005636394955217838 -0.08532046526670456 -0.0833650752902031
v -0.0016267457976937294 -0.08290956914424896 -0.08682084828615189
v 0.005945537704974413 -0.08283937722444534 -0.08637871593236923
v 0.018936993554234505 -0.07535826414823532 -0.08708290755748749
v 0.021173564717173576 -0.07882484793663025 -0.08482275158166885
v 0.013934757560491562 -0.07569003105163574 -0.08858813345432281
v 0.013788832351565361 -0.07935530692338943 -0.08721780776977539
v 0.008817233145236969 -0.07592012733221054 -0.08966339379549026
v 0.0061471122317016125 -0.07965914160013199 -0.08865441381931305
v 0.006227381527423859 -0.07599647343158722 -0.09003709256649017
v -0.0016208435408771038 -0.07973113656044006 -0.08910796791315079
v -0.0016073142178356647 -0.07606909424066544 -0.0904945358633995
v 0.02138293907046318 -0.07515501230955124 -0.08617249876260757
v 0.028444483876228333 -0.07440056651830673 -0.082831472158432
v 0.028174957260489464 -0.07807682454586029 -0.08151017874479294
v 0.034998569637537 -0.07343960553407669 -0.0786222591996193
v 0.034673210233449936 -0.07712405174970627 -0.07733682543039322
v 0.037050824612379074 -0.07307613641023636 -0.07703829556703568
v 0.0405571386218071 -0.07598282396793365 -0.07237405329942703
v 0.04093305021524429 -0.07228857278823853 -0.07361684739589691
v 0.04572606459259987 -0.07467266917228699 -0.0667068138718605
v 0.04449451342225075 -0.07142522186040878 -0.06987936794757843
v 0.04614638909697533 -0.0709671601653099 -0.06790091842412949
v 0.050549380481243134 -0.0694979727268219 -0.06157223507761955
v 0.05009155347943306 -0.07321599870920181 -0.06043204665184021
v 0.05406669154763222 -0.06790616363286972 -0.05473911389708519
v 0.053578902035951614 -0.07163774967193604 -0.053657129406929016
v 0.05503145232796669 -0.06735296547412872 -0.05236930027604103
v 0.05612844601273537 -0.06996490806341171 -0.046497974544763565
v 0.056638140231370926 -0.06621894985437393 -0.047518447041511536
v 0.05769655853509903 -0.06822611391544342 -0.03907707706093788
v 0.05780453979969025 -0.06505535542964935 -0.04255018010735512
v 0.058219727128744125 -0.06446521729230881 -0.04003380239009857
v 0.05619646608829498 -0.07169434428215027 -0.03805021941661835
v 0.05466785654425621 -0.07338934391736984 -0.04528418555855751
v 0.05218253657221794 -0.07502004504203796 -0.05226300284266472
v 0.04878303036093712 -0.07655853778123856 -0.05886726826429367
v 0.04452751204371452 -0.07797851413488388 -0.06498396396636963
v 0.039488784968853 -0.07925567030906677 -0.07050846517086029
v 0.03375307098031044 -0.08036815375089645 -0.0753462165594101
v 0.027418507263064384 -0.08129692822694778 -0.07941444963216782
v 0.02059347927570343 -0.08202610164880753 -0.08264356106519699
v 0.013394765555858612 -0.08254320174455643 -0.08497830480337143
v 0.012779410928487778 -0.08503646403551102 -0.08202223479747772
v 0.01968221180140972 -0.08454062044620514 -0.07978346943855286
v 0.02622668631374836 -0.08384142071008682 -0.07668709009885788
v 0.032300859689712524 -0.08295082300901413 -0.07278608530759811
v 0.03780080005526543 -0.08188407123088837 -0.0681471973657608
v 0.04263240098953247 -0.0806594118475914 -0.06284979730844498
v 0.04671299085021019 -0.07929781079292297 -0.056984517723321915
v 0.04997275397181511 -0.07782255113124847 -0.05065174028277397
v 0.05235591158270836 -0.07625889033079147 -0.04395979642868042
v 0.05382169038057327 -0.07463356852531433 -0.03702319785952568
v 0.011984705924987793 -0.08666518330574036 -0.0785510465502739
v 0.01850186288356781 -0.08619704097509384 -0.07643735408782959
v 0.024680715054273605 -0.0855369046330452 -0.07351396232843399
v 0.03041553869843483 -0.08469606190919876 -0.06983090192079544
v 0.035608213394880295 -0.08368890732526779 -0.06545117497444153
v 0.04016988351941109 -0.08253266662359238 -0.06044972687959671
v 0.04402250051498413 -0.08124713599681854 -0.05491213500499725
v 0.04710014909505844 -0.07985429465770721 -0.04893314838409424
v 0.04935016483068466 -0.07837799191474915 -0.04261506348848343
v 0.050734054297208786 -0.07684347033500671 -0.036065999418497086
v 0.011064806021749973 -0.08731836080551147 -0.07480131089687347
v 0.017132874578237534 -0.08688247948884964 -0.07283327728509903
v 0.022885950282216072 -0.08626782894134521 -0.07011132687330246
v 0.028225593268871307 -0.08548492938280106 -0.06668205559253693
v 0.03306044265627861 -0.08454717695713043 -0.0626041367650032
v 0.037307772785425186 -0.08347061276435852 -0.05794732645153999
v 0.04089491441845894 -0.08227366209030151 -0.052791327238082886
v 0.04376048594713211 -0.08097680658102036 -0.04722435027360916
v 0.045855455100536346 -0.07960222661495209 -0.041341640055179596
v 0.047143980860710144 -0.0781734511256218 -0.03524385765194893
v 0.058797433972358704 -0.05975470691919327 -0.033100228756666183
v -0.048708170652389526 -0.07012371718883514 -0.0016160820377990603
v -0.05015753209590912 -0.07615424692630768 -0.02850845642387867
v -0.050728678703308105 -0.06962063908576965 -0.0017208023928105831
v -0.05151382088661194 -0.06934364140033722 -0.0017806693213060498
v -0.05376861244440079 -0.0746748298406601 -0.028832118958234787
v -0.05490081012248993 -0.06752270460128784 -0.002186174038797617
v -0.05508163571357727 -0.07383488863706589 -0.029020845890045166
v -0.05686475336551666 -0.0723365992307663 -0.029361264780163765
v -0.05663130432367325 -0.06607592850923538 -0.0025148314889520407
v -0.05838557705283165 -0.07058560103178024 -0.02976289577782154
v -0.06103106960654259 -0.05567459389567375 -0.004931834992021322
v -0.06121189519762993 -0.0619867704808712 -0.031766507774591446
v -0.06078949570655823 -0.05834919959306717 -0.0043043289333581924
v -0.06071768328547478 -0.0657687783241272 -0.030880216509103775
v -0.06031709536910057 -0.0601908341050148 -0.003874314483255148
v -0.05923495069146156 -0.06929891556501389 -0.030059833079576492
v -0.058591604232788086 -0.06372376531362534 -0.003054908476769924
v -0.05820475146174431 -0.0642734169960022 -0.0029282234609127045
v -0.05383545160293579 -0.05867142975330353 0.017393408343195915
v -0.055561378598213196 -0.056695934385061264 0.016861803829669952
v -0.057114046066999435 -0.0594877265393734 0.010627980343997478
v -0.05643531680107117 -0.0475773923099041 0.01989040896296501
v -0.058304689824581146 -0.05014723539352417 0.014252321794629097
v -0.05641457065939903 -0.04814518243074417 0.019922412931919098
v -0.05643099918961525 -0.04900642856955528 0.01976650394499302
v -0.0549866259098053 -0.05427708476781845 0.019937118515372276
v -0.05565013736486435 -0.051239363849163055 0.02067231573164463
v -0.053954802453517914 -0.05669434741139412 0.019371051341295242
v -0.054291609674692154 -0.05604175850749016 0.019515447318553925
v -0.05130134895443916 -0.059749435633420944 0.019020752981305122
v -0.05216763913631439 -0.05904103070497513 0.01900758221745491
v -0.05269800126552582 -0.05849093943834305 0.019056208431720734
v -0.0475495308637619 -0.06069980561733246 0.02054893597960472
v -0.04854658246040344 -0.060777775943279266 0.019848648458719254
v -0.04953813925385475 -0.061730749905109406 0.017754515632987022
v -0.049873292446136475 -0.06049789860844612 0.019288163632154465
v -0.0517934150993824 -0.060373928397893906 0.017693765461444855
v -0.04599662125110626 -0.059939928352832794 0.02236383967101574
v -0.04620390757918358 -0.05986001342535019 0.022391751408576965
v -0.04648451879620552 -0.060174982994794846 0.02182415872812271
v -0.04718531295657158 -0.06270468980073929 0.01758931390941143
v -0.04737960174679756 -0.06065528467297554 0.020703397691249847
v -0.04820135608315468 -0.0656522810459137 0.011531460098922253
v -0.04873025044798851 -0.06816157698631287 0.005081268958747387
v -0.05781017243862152 -0.052328869700431824 0.01524096168577671
v -0.05934707075357437 -0.05477587878704071 0.009064056910574436
v -0.05937572568655014 -0.05178854241967201 0.009989840909838676
v -0.05938347056508064 -0.0518011748790741 0.009954345412552357
v -0.05953029543161392 -0.05938824638724327 0.003262733109295368
v -0.05847257003188133 -0.0571717694401741 0.009909052401781082
v -0.056897688657045364 -0.054545674473047256 0.016128892078995705
v -0.056165046989917755 -0.050003502517938614 0.020118389278650284
v -0.05071934685111046 -0.06473511457443237 0.011624363251030445
v -0.05313370004296303 -0.0633697509765625 0.011508229188621044
v -0.05530611798167229 -0.06159287691116333 0.011172175407409668
v -0.05140218883752823 -0.06731133162975311 0.005065084435045719
v -0.05396830663084984 -0.06594613194465637 0.00486931623890996
v -0.05626634880900383 -0.06410051882266998 0.00448932871222496
v -0.058152612298727036 -0.06186842918395996 0.003941826056689024
v -0.059752803295850754 -0.052422188222408295 0.008147485554218292
v -0.060683250427246094 -0.0542946457862854 0.0017029755981639028
v -0.06036510691046715 -0.056815631687641144 0.00249981670640409
v -0.056433066725730896 -0.04918674752116203 0.019725840538740158
v -0.061011943966150284 -0.05254218354821205 -0.004716928116977215
v -0.061198849231004715 -0.059066515415906906 -0.0324535109102726
v -0.06102146953344345 -0.05410868301987648 -0.004817083012312651
v -0.0497811995446682 -0.0776175707578659 -0.03472147881984711
v -0.05878850072622299 -0.07103489339351654 -0.03743050992488861
v -0.06025969237089157 -0.06754962354898453 -0.038441356271505356
v -0.05772817134857178 -0.06670626997947693 -0.05176158621907234
v -0.056338824331760406 -0.07100735604763031 -0.053064730018377304
v -0.05926936864852905 -0.06555420905351639 -0.04689376801252365
v -0.05879170447587967 -0.06930582970380783 -0.045878615230321884
v -0.06036872789263725 -0.06437762081623077 -0.04191328585147858
v -0.06074997037649155 -0.06378291547298431 -0.0393926165997982
v -0.05679541453719139 -0.06727035343647003 -0.05414162576198578
v -0.05337044596672058 -0.06890198588371277 -0.06101216375827789
v -0.05294303223490715 -0.07262508571147919 -0.05987674370408058
v -0.04905306547880173 -0.07042118161916733 -0.06738784909248352
v -0.048662424087524414 -0.07413133978843689 -0.06619810312986374
v -0.04742797091603279 -0.07089803367853165 -0.06938395649194717
v -0.043570246547460556 -0.07550033926963806 -0.07192064821720123
v -0.04391713812947273 -0.07180194556713104 -0.07315955311059952
v -0.0377536304295063 -0.07670867443084717 -0.07694648206233978
v -0.04008129984140396 -0.0726337805390358 -0.07662259787321091
v -0.038050539791584015 -0.07302065938711166 -0.07822856307029724
v -0.03155365586280823 -0.0740564689040184 -0.08250811696052551
v -0.031312089413404465 -0.07773566246032715 -0.08118957281112671
v -0.024537650868296623 -0.07489165663719177 -0.08592500537633896
v -0.024355847388505936 -0.07856373488903046 -0.08457736670970917
v -0.022104153409600258 -0.0751228928565979 -0.08686171472072601
v -0.017003927379846573 -0.07917870581150055 -0.08705185353755951
v -0.01712256669998169 -0.07551191002130508 -0.08842074871063232
v -0.009382122196257114 -0.07957007735967636 -0.0885707214474678
v -0.012019903399050236 -0.07580062747001648 -0.08955109119415283
v -0.009435276500880718 -0.0759066492319107 -0.08995267748832703
v -0.05735749006271362 -0.07274686545133591 -0.04468042775988579
v -0.05496639758348465 -0.07440552860498428 -0.05168552324175835
v -0.05165614187717438 -0.07598251104354858 -0.05832595378160477
v -0.04748336598277092 -0.07745081931352615 -0.06448807567358017
v -0.0425194576382637 -0.07878534495830536 -0.07006648182868958
v -0.036849357187747955 -0.07996323704719543 -0.0749657079577446
v -0.030570076778531075 -0.0809643566608429 -0.07910192012786865
v -0.023789063096046448 -0.08177156001329422 -0.08240436017513275
v -0.016622334718704224 -0.0823710486292839 -0.08481653034687042
v -0.009192520752549171 -0.08275256305932999 -0.08629713207483292
v -0.05643665790557861 -0.07400122284889221 -0.03642896190285683
v -0.05506446957588196 -0.07564282417297363 -0.04338085651397705
v -0.0527716688811779 -0.07723329961299896 -0.0500979982316494
v -0.04959748685359955 -0.07874545454978943 -0.056465454399585724
v -0.04559623450040817 -0.08015341311693192 -0.062374286353588104
v -0.04083637520670891 -0.08143308013677597 -0.06772337853908539
v -0.03539935126900673 -0.08256255090236664 -0.07242121547460556
v -0.029378190636634827 -0.08352252095937729 -0.07638741284608841
v -0.022875919938087463 -0.08429654687643051 -0.07955410331487656
v -0.016003791242837906 -0.08487138897180557 -0.08186710625886917
v -0.008879391476511955 -0.08523721992969513 -0.0832868441939354
v -0.053364433348178864 -0.07624645531177521 -0.035504963248968124
v -0.05206890404224396 -0.0777963399887085 -0.042068470269441605
v -0.049904197454452515 -0.07929796725511551 -0.04841034486889839
v -0.04690735042095184 -0.08072564005851746 -0.05442206934094429
v -0.04312963783740997 -0.08205493539571762 -0.06000078469514847
v -0.038635700941085815 -0.0832631066441536 -0.06505104154348373
v -0.033502429723739624 -0.08432948589324951 -0.06948641687631607
v -0.027817657217383385 -0.08523581922054291 -0.07323101907968521
v -0.021678652614355087 -0.08596660196781158 -0.07622080296278
v -0.015190452337265015 -0.0865093320608139 -0.07840458303689957
v -0.00846407376229763 -0.0868547186255455 -0.07974500954151154
v -0.04857494309544563 -0.07906065881252289 -0.04083270952105522
v -0.0465594045817852 -0.08045881241559982 -0.04673757031559944
v -0.04376906529068947 -0.08178810775279999 -0.05233503133058548
v -0.04025167226791382 -0.08302579820156097 -0.05752931907773018
v -0.036067403852939606 -0.08415071666240692 -0.06223157048225403
v -0.03128786385059357 -0.08514361083507538 -0.06636130809783936
v -0.02599482238292694 -0.08598749339580536 -0.06984788924455643
v -0.020278848707675934 -0.08666791766881943 -0.07263164222240448
v -0.014237742871046066 -0.08717324584722519 -0.07466494292020798
v -0.007974871434271336 -0.08749483525753021 -0.07591299712657928
v -0.047493476420640945 -0.055760499089956284 0.026977378875017166
v -0.0467817559838295 -0.05666950345039368 0.02634831890463829
v -0.04416832700371742 -0.05000312998890877 0.0362834632396698
v -0.04589704051613808 -0.05897015705704689 0.023769892752170563
v -0.04250675439834595 -0.05093858018517494 0.03622777760028839
v -0.04589357599616051 -0.05887690931558609 0.0239010788500309
v -0.046121567487716675 -0.057821668684482574 0.025230515748262405
v -0.045748911798000336 -0.048882126808166504 0.03619454801082611
v -0.047204893082380295 -0.04759717732667923 0.03595774993300438
v -0.05044900253415108 -0.052572671324014664 0.027569886296987534
v -0.04963190481066704 -0.05344078689813614 0.027631325647234917
v -0.049151577055454254 -0.05394621565937996 0.027596035972237587
v -0.047827672213315964 -0.05537482723593712 0.02717769332230091
v -0.0542011521756649 -0.04771817475557327 0.025119397789239883
v -0.053226619958877563 -0.049240875989198685 0.026189779862761497
v -0.04959634691476822 -0.0446648970246315 0.03506435826420784
v -0.05178630352020264 -0.051076535135507584 0.02714800275862217
v -0.04849754273891449 -0.04617896303534508 0.03557721897959709
v -0.0445665642619133 -0.04334831237792969 0.042815640568733215
v -0.042136285454034805 -0.045356251299381256 0.04312220960855484
v -0.04010181501507759 -0.04049225524067879 0.04993202164769173
v -0.05504147335886955 -0.045895766466856 0.023662948980927467
v -0.05435457080602646 -0.047439683228731155 0.024903785437345505
v -0.05226105451583862 -0.042708080261945724 0.030914777889847755
v -0.050481367856264114 -0.04309588298201561 0.03443671762943268
v -0.048214178532361984 -0.038625217974185944 0.040699854493141174
v -0.0465710423886776 -0.040994852781295776 0.042126186192035675
v -0.04455913230776787 -0.035526424646377563 0.04855552315711975
v -0.043327610939741135 -0.037319812923669815 0.04920751973986626
v -0.041825808584690094 -0.03899544104933739 0.04967291280627251
v -0.05197140946984291 -0.020670000463724136 0.009973941370844841
v -0.04571809992194176 -0.01959552988409996 0.0146599430590868
v -0.046009503304958344 -0.019972041249275208 0.01305396854877472
v -0.04736890271306038 -0.020431239157915115 0.0110762445256114
v -0.049528080970048904 -0.0206840131431818 0.009960772469639778
v -0.05411539599299431 -0.02039254643023014 0.011112605221569538
v -0.05544804781675339 -0.019917910918593407 0.013104837387800217
v -0.05571778863668442 -0.01953818090260029 0.014713835902512074
v -0.05584454536437988 -0.04791344702243805 0.021389255300164223
v -0.05636635422706604 -0.04751242324709892 0.020091760903596878
v -0.055819105356931686 -0.04683752730488777 0.02157469466328621
v -0.05438024923205376 -0.027755456045269966 0.009175661951303482
v -0.053029902279376984 -0.04826997593045235 0.013594559393823147
v -0.05442016199231148 -0.048122014850378036 0.014197619631886482
v -0.0569162480533123 -0.041501957923173904 0.018610879778862
v -0.05764428526163101 -0.031712353229522705 0.01620834693312645
v -0.05794738233089447 -0.028073813766241074 0.013434144668281078
v -0.05672174319624901 -0.04712860658764839 0.018376385793089867
v -0.05652396380901337 -0.04682990536093712 0.019649535417556763
v -0.05727815628051758 -0.028444040566682816 0.011611154302954674
v -0.056487273424863815 -0.04749574139714241 0.016820384189486504
v -0.05671444535255432 -0.04721282795071602 0.01801828108727932
v -0.05594267323613167 -0.028696557506918907 0.010178118012845516
v -0.05478682368993759 -0.048060864210128784 0.014450102113187313
v -0.054793842136859894 -0.048059575259685516 0.01445541437715292
v -0.05480105057358742 -0.04805825278162956 0.014460896141827106
v -0.05587970092892647 -0.04778736084699631 0.015592321753501892
v -0.05613793432712555 -0.047687239944934845 0.01601262204349041
v -0.05825859680771828 -0.01835225522518158 0.012971249409019947
v -0.05830695107579231 -0.017215905711054802 0.010854091495275497
v -0.05761100351810455 -0.01759943552315235 0.009100163355469704
v -0.056290045380592346 -0.017881670966744423 0.0077305142767727375
v -0.06008375436067581 -0.05164598301053047 0.006295483093708754
v -0.060588039457798004 -0.051487673074007034 0.0026055730413645506
v -0.05836993828415871 -0.0481451191008091 0.014022688381373882
v -0.05970369279384613 -0.04945822060108185 0.008416924625635147
v -0.06079798564314842 -0.051349882036447525 0.0003550729888956994
v -0.06098983809351921 -0.05222180858254433 -0.003354945220053196
v -0.06060737743973732 -0.05086555704474449 0.002417521318420768
v -0.0015942688332870603 -0.07314883917570114 -0.09118153899908066
v 0.008830278180539608 -0.07299987226724625 -0.09035039693117142
v 0.01895003952085972 -0.07243800908327103 -0.08776991069316864
v 0.03706387057900429 -0.07015588134527206 -0.07772529870271683
v 0.028457527980208397 -0.07148031145334244 -0.08351847529411316
v 0.04450755938887596 -0.06850496679544449 -0.07056637853384018
v 0.05056242644786835 -0.0665777176618576 -0.062259241938591
v 0.055044498294591904 -0.06443271040916443 -0.05305630713701248
v 0.05781758576631546 -0.06213510036468506 -0.04323718324303627
v -0.021710112690925598 -0.03710879758000374 0.07592301070690155
v -0.024711094796657562 -0.03519760072231293 0.07725551724433899
v -0.02542751654982567 -0.035663846880197525 0.07398300617933273
v -0.03411225974559784 -0.03088437207043171 0.07122211158275604
v -0.031166715547442436 -0.03300291299819946 0.07122716307640076
v -0.029940562322735786 -0.032367806881666183 0.07539323717355728
v 0.025150366127490997 -0.0365947000682354 0.07045836001634598
v 0.020088080316781998 -0.039196617901325226 0.07004602253437042
v 0.021130843088030815 -0.04056525230407715 0.06505676358938217
v 0.03522681072354317 -0.038271401077508926 0.05582605302333832
v 0.03451627120375633 -0.03664320707321167 0.05889308080077171
v 0.02785969339311123 -0.03926559165120125 0.061015836894512177
v -0.03475920483469963 -0.02828958071768284 0.0764961689710617
v -0.03470608964562416 -0.02870224602520466 0.07549852132797241
v -0.03452276438474655 -0.028207330033183098 0.07728330045938492
v 0.030011847615242004 -0.04170418158173561 0.055070534348487854
v 0.02296200953423977 -0.0432572215795517 0.05784851312637329
v 0.022317752242088318 -0.042277246713638306 0.060207679867744446
v 0.016288207843899727 -0.04369920492172241 0.06178920343518257
v 0.010518843308091164 -0.044709015637636185 0.06287480890750885
v 0.004884188529103994 -0.04530463367700577 0.06350977718830109
v -0.0006798239191994071 -0.045476511120796204 0.06373943388462067
v -0.006222412455826998 -0.04523060470819473 0.06355973333120346
v -0.011795655824244022 -0.04456976428627968 0.06298395246267319
v -0.01757124438881874 -0.043487247079610825 0.06195338815450668
v -0.03017578460276127 -0.040061596781015396 0.05829416587948799
v -0.03649849817156792 -0.038044486194849014 0.0558965727686882
v -0.0367841012775898 -0.03874189779162407 0.054720379412174225
v -0.0236388947814703 -0.04198125749826431 0.06041952222585678
v -0.034074798226356506 -0.03492731600999832 0.06312888115644455
v -0.035741183906793594 -0.036207735538482666 0.059245940297842026
v -0.03589703142642975 -0.036383651196956635 0.05882736295461655
v -0.03582922741770744 -0.03617323935031891 0.059212010353803635
v -0.035743799060583115 -0.03589891642332077 0.05971810966730118
v -0.0349888801574707 -0.03324329853057861 0.0650460347533226
v -0.032547082751989365 -0.03385712951421738 0.0671306848526001
v -0.03463325649499893 -0.031011980026960373 0.07005700469017029
v -0.03531753271818161 -0.025677764788269997 0.08302269876003265
v -0.03232412785291672 -0.028540734201669693 0.08250004798173904
v -0.03571406379342079 -0.024395141750574112 0.08639249205589294
v 0.033667899668216705 -0.03063894622027874 0.07146434485912323
v 0.03399435058236122 -0.028142347931861877 0.07744818925857544
v 0.03360719233751297 -0.02865445241332054 0.07688180357217789
v 0.03499442711472511 -0.024800661951303482 0.08601140975952148
v 0.03436583653092384 -0.03534875437617302 0.061136260628700256
v 0.03379466384649277 -0.03288092836737633 0.0663415715098381
v 0.03291509672999382 -0.03534732013940811 0.06278403103351593
v 0.031450506299734116 -0.03426221013069153 0.06679152697324753
v 0.026883834972977638 -0.038239847868680954 0.06410416215658188
v 0.030130762606859207 -0.033393681049346924 0.07089153677225113
v 0.03306696563959122 -0.03133700415492058 0.0708533301949501
v 0.03138011321425438 -0.030783813446760178 0.07573919743299484
v 0.03060307912528515 -0.029860172420740128 0.08127735555171967
v 0.027949906885623932 -0.03231653571128845 0.07926884293556213
v 0.028962358832359314 -0.03274493291974068 0.07505909353494644
v 0.026344379410147667 -0.033615753054618835 0.07832033187150955
v 0.031806133687496185 -0.028592271730303764 0.08245006203651428
v 0.015006099827587605 -0.04118721932172775 0.0696902722120285
v 0.014473547227680683 -0.04027678817510605 0.07374432682991028
v 0.009846534579992294 -0.042601559311151505 0.06942713260650635
v 0.009204323403537273 -0.04187403619289398 0.07271900773048401
v 0.004615177400410175 -0.04344060644507408 0.06926760077476501
v 0.02372557483613491 -0.03550579026341438 0.07697304338216782
v 0.01989985816180706 -0.03781191259622574 0.07538183778524399
v 0.016302578151226044 -0.03954367712140083 0.07422566413879395
v 0.015612010844051838 -0.04232987016439438 0.06569799780845642
v 0.010166548192501068 -0.043575894087553024 0.06612377613782883
v 0.004743589088320732 -0.04431059956550598 0.06636831909418106
v -0.0006575481966137886 -0.0445280596613884 0.06647050380706787
v -0.0006358942482620478 -0.04369319602847099 0.06923840194940567
v -0.006035036873072386 -0.0442362055182457 0.06642290204763412
v -0.005861205048859119 -0.04336623474955559 0.06932714581489563
v -0.011391879059374332 -0.04343847185373306 0.06623589992523193
v -0.011021981947124004 -0.042466241866350174 0.06954285502433777
v -0.01683138497173786 -0.042121995240449905 0.06586585193872452
v -0.016164254397153854 -0.04098387062549591 0.06986313313245773
v -0.010687260888516903 -0.04165635257959366 0.07289256900548935
v -0.014922020956873894 -0.040326911956071854 0.07375938445329666
v -0.028054537251591682 -0.03789777681231499 0.06438907980918884
v -0.021786609664559364 -0.03955124691128731 0.06776141375303268
v -0.02710164152085781 -0.03701534494757652 0.06753811240196228
v -0.021244287490844727 -0.038914572447538376 0.07027679681777954
v -0.026225069537758827 -0.03627006337046623 0.07073994725942612
v -0.020741388201713562 -0.038366690278053284 0.07281715422868729
v -0.02027878351509571 -0.037908293306827545 0.07537689805030823
v -0.032349977642297745 -0.03035508468747139 0.0761106088757515
v -0.027935553342103958 -0.032750099897384644 0.07901631295681
v -0.030829446390271187 -0.030125010758638382 0.08105675876140594
v -0.022367320954799652 -0.04027562588453293 0.06527651101350784
v 0.02890370599925518 -0.04042195528745651 0.05800122767686844
v 0.021706894040107727 -0.04137919470667839 0.06261209398508072
v 0.004499297123402357 -0.04269694164395332 0.07219941914081573
v 0.0018531782552599907 -0.042919356375932693 0.07206468284130096
v -0.0005415593041107059 -0.04297439008951187 0.07203560322523117
v -0.005701389163732529 -0.042622990906238556 0.07226422429084778
v -0.007833908312022686 -0.04228627309203148 0.07248348742723465
v 0.036501865833997726 -0.041348472237586975 0.05084105581045151
v -0.012006858363747597 -0.07288037240505219 -0.09023809432983398
v -0.022091107442975044 -0.0722026377916336 -0.08754872530698776
v -0.03154061362147331 -0.07113621383905411 -0.08319512009620667
v -0.04006825387477875 -0.0697135254740715 -0.07730960100889206
v -0.04741492494940758 -0.06797777861356735 -0.07007095962762833
v -0.05335740000009537 -0.06598173081874847 -0.061699166893959045
v -0.057715125381946564 -0.06378601491451263 -0.052448589354753494
v -0.06035568565130234 -0.06145736202597618 -0.04260029271245003
v 0.049612417817115784 -0.008970145136117935 -0.0008095751982182264
v 0.04995875433087349 -0.009275567717850208 -0.002101258607581258
v 0.05092232674360275 -0.009503223933279514 -0.003050664672628045
v 0.05224495381116867 -0.009592114947736263 -0.003403396811336279
v 0.05357224494218826 -0.009518422186374664 -0.00306494627147913
v 0.05454854294657707 -0.00930189061909914 -0.002125995233654976
v 0.054912254214286804 -0.00900054071098566 -0.0008381385705433786
v 0.05882026627659798 -0.05260081961750984 -0.0026906917337328196
v 0.05801541358232498 -0.05286826938390732 -0.003842825535684824
v 0.05675431340932846 -0.05301762744784355 -0.004501656629145145
v 0.0553237646818161 -0.05301492661237717 -0.0045173438265919685
v 0.054049085825681686 -0.05286078527569771 -0.0038863394875079393
v 0.05338888615369797 -0.05267242714762688 -0.0030982086900621653
v 0.05015398934483528 0.003426159732043743 0.051893800497055054
v 0.054565925151109695 -0.008695119060575962 0.0004535448388196528
v 0.053602349013090134 -0.008467461913824081 0.0014029508456587791
v 0.05227971822023392 -0.008378571830689907 0.0017556831007823348
v 0.05095243081450462 -0.008452264592051506 0.0014172324445098639
v 0.04997613653540611 -0.00866879615932703 0.0004782814357895404
v 0.039796557277441025 0.002317617181688547 0.04698503017425537
v 0.04093287140130997 0.002170565538108349 0.04638153314590454
v 0.04222783446311951 0.0021631387062370777 0.04637455567717552
v 0.043372198939323425 0.002297110389918089 0.04696575924754143
v 0.044092677533626556 0.0025404843036085367 0.04801395162940025
v 0.04424712434411049 0.0027400341350585222 0.04886511340737343
v 0.044104158878326416 0.002941291546449065 0.04971788823604584
v 0.04339785873889923 0.0031928482931107283 0.05077376961708069
v 0.04226154461503029 0.003339899703860283 0.05137726664543152
v 0.04096658155322075 0.003347326535731554 0.05138424411416054
v 0.03982221707701683 0.003213354852050543 0.05079304054379463
v 0.0391017347574234 0.0029699811711907387 0.049744848161935806
v 0.03894728794693947 0.002770429477095604 0.048893678933382034
v 0.03909025341272354 0.0025691736955195665 0.04804091155529022
v 0.048159100115299225 -0.016428610309958458 0.05057910084724426
v 0.0527157299220562 -0.02437208779156208 0.030529934912919998
v 0.05343799665570259 -0.019077857956290245 0.029279733076691628
v 0.0534699484705925 -0.0458834283053875 0.022960757836699486
v 0.04960521310567856 -0.039579253643751144 0.03412799537181854
v 0.04574047401547432 -0.03327507525682449 0.04529523476958275
v 0.04451238363981247 -0.0312986858189106 0.04882681742310524
v 0.047383226454257965 -0.028958380222320557 0.04426877200603485
v 0.04616430401802063 -0.024829590693116188 0.04976256191730499
v 0.04691886901855469 -0.02178253047168255 0.050128351897001266
v 0.048843029886484146 -0.024455077946186066 0.04319964721798897
v 0.047835249453783035 -0.017888568341732025 0.05048458278179169
v 0.04904049262404442 -0.012058604508638382 0.050718631595373154
v 0.053973693400621414 -0.013703703880310059 0.02801199071109295
v 0.04985462874174118 -0.006968080531805754 0.05056242644786835
v 0.05430975183844566 -0.008273602463304996 0.02673243172466755
v 0.05038083717226982 -0.0018119052983820438 0.04999205470085144
v 0.05534184351563454 -0.028960449621081352 0.018967440351843834
v 0.05610818788409233 -0.01736539974808693 0.016234833747148514
v 0.05480295792222023 -0.034674420952796936 0.0203151386231184
v 0.0541747622191906 -0.04031800478696823 0.021646881476044655
v 0.05077899619936943 -0.034638192504644394 0.03295782580971718
v 0.05182299017906189 -0.0295647494494915 0.03175739198923111
v 0.03606441989541054 -0.025807218626141548 0.07806109637022018
v 0.03524704650044441 -0.027528565376996994 0.07583166658878326
v 0.035628050565719604 -0.029109952971339226 0.0709354430437088
v 0.036424774676561356 -0.03585032746195793 0.057995233684778214
v 0.03654790297150612 -0.03509252145886421 0.058906152844429016
v 0.036630645394325256 -0.036637719720602036 0.05668068677186966
v 0.03647046536207199 -0.03607809543609619 0.05762503296136856
v 0.03751445934176445 -0.0384354442358017 0.053475700318813324
v 0.03811316937208176 -0.0370907299220562 0.054403387010097504
v 0.03802717849612236 -0.037105992436409 0.05448669195175171
v 0.03724232316017151 -0.03707147762179375 0.055429860949516296
v 0.03916138783097267 -0.03667092323303223 0.053574949502944946
v 0.039140284061431885 -0.03705088794231415 0.053200479596853256
v 0.04029490426182747 -0.03574754297733307 0.05293502286076546
v 0.040564730763435364 -0.035496439784765244 0.05276381969451904
v 0.0414266400039196 -0.034226927906274796 0.052443139255046844
v 0.04174749553203583 -0.03382201865315437 0.05218147113919258
v 0.036197859793901443 -0.030845273286104202 0.06621268391609192
v 0.03696753829717636 -0.03273490443825722 0.06170927733182907
v 0.03709079697728157 -0.03376399725675583 0.060020092874765396
v 0.03798696771264076 -0.032116204500198364 0.0608002133667469
v 0.039096649736166 -0.03008290007710457 0.06113891303539276
v 0.03813089430332184 -0.031486738473176956 0.06138072907924652
v 0.039058227092027664 -0.0300156120210886 0.061310626566410065
v 0.03724975138902664 -0.02972603403031826 0.06592569500207901
v 0.038017019629478455 -0.02827691286802292 0.06640266627073288
v 0.037027813494205475 -0.026890156790614128 0.07196588069200516
v 0.04169357940554619 -0.033745333552360535 0.05233648791909218
v -0.03835400193929672 -0.03300454095005989 0.06062782555818558
v -0.0377703420817852 -0.034354012459516525 0.05961671099066734
v -0.036742184311151505 -0.03342363238334656 0.06239079311490059
v -0.03757293522357941 -0.03542593866586685 0.058394040912389755
v -0.037585996091365814 -0.03562399372458458 0.05810970813035965
v -0.039167001843452454 -0.03148285672068596 0.06127384305000305
v -0.03803021460771561 -0.03228463605046272 0.06215852126479149
v -0.039231155067682266 -0.031365372240543365 0.061306431889534
v -0.04014444723725319 -0.029628442600369453 0.061565980315208435
v -0.040102921426296234 -0.029560809955000877 0.06173931434750557
v -0.037193626165390015 -0.030408572405576706 0.06664854288101196
v -0.03921349346637726 -0.028165766969323158 0.06572435796260834
v -0.03706599771976471 -0.025563182309269905 0.07731982320547104
v -0.03610605001449585 -0.027112651616334915 0.07623834162950516
v -0.03816801682114601 -0.02674967236816883 0.07103342562913895
v -0.03655600547790527 -0.028685228899121284 0.07135574519634247
v -0.036040049046278 -0.03143684193491936 0.06686611473560333
v -0.041756436228752136 -0.03501191362738609 0.05323069915175438
v -0.042877934873104095 -0.03326030448079109 0.05279228091239929
v -0.04034586623311043 -0.03658193722367287 0.05365181341767311
v -0.04140863195061684 -0.0353698804974556 0.05341796576976776
v -0.041729219257831573 -0.03501671925187111 0.05326741561293602
v -0.03789608180522919 -0.03632492944598198 0.056828442960977554
v -0.038508716970682144 -0.03665655851364136 0.05572884902358055
v -0.03873388469219208 -0.037984464317560196 0.0539095513522625
v -0.039426494389772415 -0.03662092611193657 0.0547180101275444
v -0.04052462428808212 -0.036113932728767395 0.05390313267707825
v -0.04635769501328468 -0.03176030144095421 0.04754212126135826
v -0.04976201802492142 -0.0370122455060482 0.03820711001753807
v -0.045706309378147125 -0.03078065998852253 0.049313150346279144
v -0.055662140250205994 -0.04530409350991249 0.022077925503253937
v -0.055776290595531464 -0.04608817398548126 0.021725868806242943
v -0.055588942021131516 -0.04512381553649902 0.022286798804998398
v -0.054048579186201096 -0.0369873046875 0.027636777609586716
v -0.056389305740594864 -0.014972946606576443 0.022474229335784912
v -0.05478537082672119 -0.006622308399528265 0.03109249286353588
v -0.05121344327926636 -0.0013900287449359894 0.050563812255859375
v -0.05445663630962372 -0.011921637691557407 0.03233681246638298
v -0.05075414106249809 -0.006357002072036266 0.05110231041908264
v -0.05390171706676483 -0.017160333693027496 0.03356534242630005
v -0.04996952787041664 -0.011624248698353767 0.05125128850340843
v -0.053135134279727936 -0.02231111377477646 0.034771766513586044
v -0.04882967844605446 -0.017461640760302544 0.05099611356854439
v -0.049471210688352585 -0.01432748418301344 0.051181625574827194
v -0.05217486992478371 -0.027349315583705902 0.03595040738582611
v -0.04808584973216057 -0.020816365256905556 0.0506860613822937
v -0.053166333585977554 -0.0422641895711422 0.028872085735201836
v -0.05534447729587555 -0.04519154131412506 0.022933242842555046
v -0.05549754202365875 -0.045061465352773666 0.02253626473248005
v -0.055487267673015594 -0.026135247200727463 0.025093799456954002
v -0.054827820509672165 -0.03160747513175011 0.02637655846774578
v -0.0472412034869194 -0.02442980743944645 0.050248097628355026
v -0.04803632199764252 -0.027522196993231773 0.04655652493238449
v -0.05104244872927666 -0.03225475177168846 0.03709665685892105
v -0.050700560212135315 -0.01896008476614952 0.01726642996072769
v -0.05190780386328697 -0.018449697643518448 0.01941300928592682
v -0.05202784761786461 -0.019033776596188545 0.01692797988653183
v -0.0540669821202755 -0.018702471628785133 0.01829753816127777
v -0.05300414562225342 -0.019250309094786644 0.0159890279173851
v -0.05542638152837753 -0.019161667674779892 0.016319815069437027
v -0.05336786061525345 -0.019551657140254974 0.014701171778142452
v -0.05302152782678604 -0.019857078790664673 0.013409491628408432
v -0.05205795541405678 -0.020084736868739128 0.012460085563361645
v -0.05073532462120056 -0.020173626020550728 0.012107353657484055
v -0.04940803721547127 -0.020099934190511703 0.012445803731679916
v -0.04843173548579216 -0.019883401691913605 0.01338475476950407
v -0.04806802421808243 -0.019582053646445274 0.014672608114778996
v -0.04841435328125954 -0.019276631996035576 0.015964291989803314
v -0.04598784074187279 -0.019215799868106842 0.01626894623041153
v -0.0493779294192791 -0.01904897391796112 0.016913697123527527
v -0.04732048511505127 -0.018741164356470108 0.018261177465319633
v -0.049464475363492966 -0.018463710322976112 0.019399842247366905
v -0.05040113255381584 0.0053222449496388435 0.058044083416461945
v -0.04931574687361717 -0.005129118915647268 0.013638983480632305
v -0.052959345281124115 -0.005937223322689533 0.01013477798551321
v -0.05199577286839485 -0.006164880469441414 0.009185371920466423
v -0.0480058416724205 -0.005662197712808847 0.011397894471883774
v -0.048369552940130234 -0.005963546689599752 0.010110041126608849
v -0.04934585466980934 -0.006180077791213989 0.009171090088784695
v -0.050673142075538635 -0.0062537710182368755 0.008832640014588833
v -0.04835217073559761 -0.005356775596737862 0.012689577415585518
v -0.039904721081256866 0.003022218821570277 0.04846665635704994
v -0.039750274270772934 0.0032217688858509064 0.04931781813502312
v -0.03989323973655701 0.0034230262972414494 0.05017058923840523
v -0.040625203400850296 0.002778845140710473 0.047418463975191116
v -0.04490714520215988 0.0030509084463119507 0.04849361628293991
v -0.0442008450627327 0.0027993516996502876 0.04743773490190506
v -0.043064530938863754 0.002652300288900733 0.04683423787355423
v -0.041769567877054214 0.002644873457029462 0.04682725667953491
v -0.04059954360127449 0.0036745828110724688 0.05122647061944008
v -0.04173585772514343 0.003821634454652667 0.05182996764779091
v -0.04303082078695297 0.003829061286523938 0.05183694511651993
v -0.04417518526315689 0.003695089602842927 0.05124574154615402
v -0.05330567806959152 -0.005631802603602409 0.01142645813524723
v -0.04489566385746002 0.003451715689152479 0.0501975491642952
v -0.045050110667943954 0.0032521639950573444 0.049346379935741425
v -0.05294196307659149 -0.00533045269548893 0.01271431427448988
v -0.05196566507220268 -0.005113921128213406 0.013653265312314034
v -0.05063837766647339 -0.005040228366851807 0.01399171631783247
v -0.04693379998207092 -0.04867967963218689 0.011968784965574741
v -0.024213630706071854 -0.03139689937233925 0.09433963894844055
v -0.0060413675382733345 -0.03708646818995476 0.09555550664663315
v -0.015407541766762733 -0.03509293124079704 0.0951496958732605
v -0.03888368979096413 -0.019498152658343315 0.09163960814476013
v -0.03213604912161827 -0.026134179905056953 0.09315510094165802
v -0.04259495809674263 -0.0182168111205101 0.07516445964574814
v -0.041623733937740326 -0.01939428225159645 0.07659801095724106
v -0.044208597391843796 -0.011732677929103374 0.08984886109828949
v -0.03958894684910774 -0.021482327952980995 0.07978589832782745
v -0.038735900074243546 -0.022215841338038445 0.08124443888664246
v -0.0480981171131134 -0.008002156391739845 0.06654605269432068
v -0.04747242480516434 -0.009686088189482689 0.06762365996837616
v -0.04791510850191116 -0.003123088274151087 0.08784864842891693
v -0.0460355281829834 -0.012841791845858097 0.06995035707950592
v -0.044193997979164124 -0.015995072200894356 0.07277801632881165
v -0.04939499497413635 -0.0033054579980671406 0.0640486404299736
v -0.04986702650785446 0.006014245096594095 0.0857124775648117
v -0.05008723586797714 0.0011253380216658115 0.062260374426841736
v -0.050272341817617416 0.0036010106559842825 0.06147647276520729
v -0.04231863096356392 -0.04845750704407692 0.013000809587538242
v -0.04449337720870972 -0.0487021766602993 0.011919502168893814
v 0.04413614794611931 -0.00920425821095705 0.0511254258453846
v 0.04419424757361412 -0.009096154943108559 0.051649633795022964
v 0.0433100163936615 -0.011622745543718338 0.050240471959114075
v 0.04403049498796463 -0.011379371397197247 0.0512886680662632
v 0.044066254049539566 -0.009249470196664333 0.05086700618267059
v 0.043970104306936264 -0.009274693205952644 0.05061296001076698
v 0.044011663645505905 -0.00926449615508318 0.05071345716714859
v 0.044075898826122284 -0.009240900166332722 0.050896674394607544
v 0.04418494179844856 -0.011179821565747261 0.052139829844236374
v 0.04419415444135666 -0.009117502719163895 0.05165465921163559
v 0.04413532465696335 -0.009216910228133202 0.0511246956884861
v 0.03888510540127754 -0.011149425990879536 0.05216839164495468
v 0.039028067141771317 -0.011350682005286217 0.05131562799215317
v 0.0397343710064888 -0.01160223875194788 0.05025974288582802
v 0.04087068513035774 -0.01174928992986679 0.04965624958276749
v 0.04216565191745758 -0.01175671722739935 0.04964926838874817
v 0.046778567135334015 -0.00838294718414545 0.045300569385290146
v 0.047680310904979706 -0.00843748264014721 0.045085880905389786
v 0.04838485270738602 -0.008578971028327942 0.04449783265590668
v 0.04874033108353615 -0.00877691712230444 0.04366317018866539
v 0.03751448914408684 -0.008329817093908787 0.04535049945116043
v 0.03550143167376518 -0.008776286616921425 0.04341445863246918
v 0.03577592968940735 -0.008548854850232601 0.04438642039895058
v 0.03651276230812073 -0.008385433815419674 0.04509506747126579
v 0.03535056486725807 -0.014042607508599758 0.021025996655225754
v 0.03733738511800766 -0.0145120183005929 0.019068395718932152
v 0.0363391749560833 -0.014444930478930473 0.01933460868895054
v 0.035611946135759354 -0.014273113571107388 0.0200511422008276
v 0.04233723506331444 -0.014540692791342735 0.019041448831558228
v 0.04730428010225296 -0.015714218840003014 0.014147446490824223
v 0.046650826930999756 -0.015137950889766216 0.01658458635210991
v 0.044832758605480194 -0.014708410948514938 0.01837591640651226
v 0.04726049304008484 -0.01724269799888134 0.007649493403732777
v 0.05010569468140602 -0.017672836780548096 0.005875126458704472
v 0.049126382917165756 -0.017710577696561813 0.005696108564734459
v 0.04818033054471016 -0.01763506792485714 0.005999109707772732
v 0.04750228673219681 -0.017465045675635338 0.006708949338644743
v 0.052441053092479706 -0.017576565966010094 0.0063286954537034035
v 0.05450481176376343 -0.017055416479706764 0.008583134040236473
v 0.054449304938316345 -0.017256228253245354 0.007728490512818098
v 0.05402249097824097 -0.017430566251277924 0.006979323457926512
v 0.053306929767131805 -0.017544707283377647 0.006480561103671789
v -0.012174006551504135 -0.03452834114432335 0.024569425731897354
v -0.013603960163891315 -0.034033890813589096 0.024171756580471992
v -0.013345588929951191 -0.02514302358031273 0.061975885182619095
v -0.024804571643471718 -0.027159778401255608 0.01905137300491333
v -0.026078445836901665 -0.025873495265841484 0.018193457275629044
v -0.025797806680202484 -0.016057085245847702 0.059922557324171066
v -0.03329671546816826 -0.011072065681219101 0.010845738463103771
v -0.03260166943073273 -0.0024350492749363184 0.056764163076877594
v -0.03003516234457493 -0.009640523232519627 0.058441776782274246
v -0.031160930171608925 -0.018244674429297447 0.013815576210618019
v -0.03246476873755455 -0.014736616052687168 0.012223667465150356
v -0.027356509119272232 -0.02440488524734974 0.01725473254919052
v -0.028371941298246384 -0.023077160120010376 0.01644493080675602
v -0.029305964708328247 -0.021693285554647446 0.015640471130609512
v -0.030327878892421722 -0.019938999786973 0.01467992179095745
v -0.020128197968006134 -0.02132343500852585 0.06112312898039818
v -0.015649981796741486 -0.03320460021495819 0.02351100742816925
v -0.018014978617429733 -0.03204776346683502 0.022607512772083282
v -0.01919916644692421 -0.031378988176584244 0.02209508791565895
v -0.020397035405039787 -0.030634276568889618 0.02153364196419716
v -0.022279376164078712 -0.029307115823030472 0.020558224990963936
v -0.005831896793097258 -0.027300773188471794 0.06243281066417694
v -0.0005056363297626376 -0.027752824127674103 0.06250324845314026
v -0.00462793605402112 -0.0361221618950367 0.025851571932435036
v -0.0070920973084867 -0.03577805310487747 0.025579722598195076
v -0.008430619724094868 -0.03552161157131195 0.02537301369011402
v 0.009917288087308407 -0.03445836156606674 0.09482977539300919
v -0.010655754245817661 -0.03434037044644356 0.0949406549334526
v -0.0016145065892487764 -0.04233703389763832 0.06594128906726837
v -0.0005708631942979991 -0.042354073375463486 0.06593826413154602
v 0.0020419335924088955 -0.0422997921705246 0.06590789556503296
v 0.0046476032584905624 -0.04210715740919113 0.06584502011537552
v 0.019740134477615356 -0.031308289617300034 0.09402260929346085
v 0.02863800898194313 -0.026181114837527275 0.09275661408901215
v 0.03600066155195236 -0.026184206828475 0.061888277530670166
v 0.036197442561388016 -0.019315093755722046 0.0910906121134758
v 0.04187038168311119 -0.01789838820695877 0.05989969149231911
v 0.042067158967256546 -0.011029275134205818 0.08910202980041504
v 0.04577762633562088 -0.008577801287174225 0.05768093094229698
v 0.045974407345056534 -0.0017086886800825596 0.08688326925039291
v 0.04754083976149559 0.0013444426003843546 0.055335093289613724
v 0.047737620770931244 0.008213555440306664 0.08453743159770966
v -0.04828969016671181 0.0018940416630357504 0.055851567536592484
v -0.048092909157276154 0.008763154968619347 0.08505390584468842
v -0.04661521315574646 -0.008047917857766151 0.05817887932062149
v -0.046418432146310806 -0.0011788052506744862 0.08738122135400772
v -0.04279144108295441 -0.01741284318268299 0.06035597622394562
v -0.04259466007351875 -0.010543729178607464 0.08955831825733185
v -0.03699604794383049 -0.025765562430024147 0.062281690537929535
v -0.036799266934394836 -0.018896449357271194 0.09148403257131577
v -0.029301565140485764 -0.02584882453083992 0.09306887537240982
v -0.020449955016374588 -0.0310777947306633 0.09423921257257462
v 0.04948708415031433 0.0054444377310574055 0.08517700433731079
v 0.047453634440898895 -0.00367003888823092 0.08733466267585754
v 0.04367039352655411 -0.012236674316227436 0.08937524259090424
v 0.03827638179063797 -0.019940674304962158 0.09122376143932343
v 0.03146979957818985 -0.026498965919017792 0.09281229972839355
v 0.023500768467783928 -0.031670548021793365 0.09408248215913773
v 0.01466210838407278 -0.03526538237929344 0.09498763084411621
v 0.0052786036394536495 -0.03715138882398605 0.09549450129270554
v 0.03979944810271263 -0.02616026997566223 0.06482094526290894
v 0.04077097028493881 -0.02696627378463745 0.06095918267965317
v 0.04303310811519623 -0.02261030487716198 0.060329511761665344
v 0.044991929084062576 -0.01963750459253788 0.05781736597418785
v 0.04570166394114494 -0.01856064982712269 0.05667724087834358
v 0.04554269090294838 -0.016982560977339745 0.05934987589716911
v 0.0461493618786335 -0.018077632412314415 0.0556761808693409
v 0.0463968850672245 -0.018078399822115898 0.05483388528227806
v 0.047847598791122437 -0.013214459642767906 0.05442284420132637
v 0.049115732312202454 -0.007484721951186657 0.05386338010430336
v 0.04649656265974045 -0.0184647049754858 0.05411799997091293
v 0.04650140181183815 -0.018684519454836845 0.05388950929045677
v 0.04638734459877014 -0.019873501732945442 0.05313039943575859
v 0.04598670452833176 -0.021936392411589622 0.05244394391775131
v 0.04516328498721123 -0.02503119595348835 0.05194612219929695
v 0.04481552541255951 -0.02614746242761612 0.05185984820127487
v 0.042602818459272385 -0.03188168630003929 0.05202999338507652
v 0.04408469796180725 -0.028266742825508118 0.051803626120090485
v 0.047444287687540054 -0.01159379631280899 0.058255866169929504
v 0.04232105612754822 -0.02422657236456871 0.06028885394334793
v 0.042720213532447815 -0.023529471829533577 0.06003787741065025
v 0.04388922452926636 -0.02150038816034794 0.05908907949924469
v 0.039110228419303894 -0.030054179951548576 0.061142660677433014
v 0.03925270214676857 -0.029779545962810516 0.06114868074655533
v 0.03989878669381142 -0.02853531576693058 0.06115542724728584
v 0.04028020426630974 -0.027875643223524094 0.06102043390274048
v 0.03674282506108284 -0.025643642991781235 0.07601147890090942
v 0.038128115236759186 -0.02253810688853264 0.08058169484138489
v 0.04988386854529381 -0.0019575748592615128 0.05300956964492798
v 0.049591872841119766 -0.0011088162427768111 0.05590393394231796
v 0.04878278821706772 -0.006336205638945103 0.05710432305932045
v 0.04939842224121094 0.0005547764012590051 0.06172419711947441
v 0.04911065101623535 -0.0015666157705709338 0.06252145767211914
v 0.04861653596162796 -0.0041300514712929726 0.06364289671182632
v 0.04861629009246826 -0.005216639954596758 0.06036814674735069
v 0.041398562490940094 -0.01922730728983879 0.0753447413444519
v 0.03944962099194527 -0.021357683464884758 0.07831726223230362
v 0.038547370582818985 -0.023862792178988457 0.07396839559078217
v 0.039927974343299866 -0.02391630783677101 0.06855734437704086
v 0.04294315353035927 -0.0194067545235157 0.06626937538385391
v 0.04028163477778435 -0.021815311163663864 0.07234236598014832
v 0.043422915041446686 -0.016497565433382988 0.07230580598115921
v 0.03794116526842117 -0.02659781277179718 0.06965789943933487
v 0.047278691083192825 -0.01003611832857132 0.062132399529218674
v 0.047515686601400375 -0.008070392534136772 0.06574102491140366
v 0.04539544880390167 -0.014765181578695774 0.06411122530698776
v 0.04561043158173561 -0.012694421224296093 0.06891951709985733
v 0.04490140452980995 -0.014054053463041782 0.07003534585237503
v 0.03928752988576889 -0.018233509734272957 0.013766749761998653
v 0.039562031626701355 -0.01800607517361641 0.01473871897906065
v 0.040298864245414734 -0.01784265600144863 0.015447358600795269
v 0.041300587356090546 -0.017787039279937744 0.01570279337465763
v 0.042298801243305206 -0.017854126170277596 0.015436580404639244
v 0.04302602633833885 -0.018025942146778107 0.014720049686729908
v 0.043287407606840134 -0.018256450071930885 0.013745192438364029
v 0.04653486609458923 -0.011193298734724522 0.0521271638572216
v 0.04624346271157265 -0.011569809168577194 0.05052119120955467
v 0.04488406330347061 -0.012029006145894527 0.04854346439242363
v 0.042724885046482086 -0.012281780131161213 0.04742799699306488
v 0.04028155654668808 -0.012267767451703548 0.04744116589426994
v 0.038137566298246384 -0.011990314349532127 0.048579826951026917
v 0.0368049181997776 -0.011515677906572819 0.05057206004858017
v 0.03653517737984657 -0.011135948821902275 0.05218105763196945
v -0.04127251356840134 -0.01180004607886076 0.04788069799542427
v -0.03746253252029419 -0.010711563751101494 0.052579864859580994
v -0.037753935903310776 -0.011088074184954166 0.05097389593720436
v -0.03911333531141281 -0.011547272093594074 0.04899616912007332
v -0.04585983231663704 -0.011508580297231674 0.04903252795338631
v -0.04591307044029236 -0.025641364976763725 0.05234795808792114
v -0.04371584206819534 -0.01178603246808052 0.047893866896629333
v -0.045580051839351654 -0.026680216193199158 0.05230008810758591
v -0.04430996626615524 -0.030118945986032486 0.05237352475523949
v -0.04381882771849632 -0.031273845583200455 0.05248233675956726
v -0.04719248041510582 -0.011033943854272366 0.05102476477622986
v -0.04746221750974655 -0.010654214769601822 0.05263375863432884
v -0.04749568551778793 -0.01814543455839157 0.05439610406756401
v -0.047481369227170944 -0.018585575744509697 0.054051171988248825
v -0.047263916581869125 -0.020230205729603767 0.053281791508197784
v -0.04664107412099838 -0.023070458322763443 0.052619483321905136
v -0.048084840178489685 -0.009489198215305805 0.06264635920524597
v -0.048310067504644394 -0.011044634506106377 0.05877193436026573
v -0.04645871743559837 -0.016454922035336494 0.05984571576118469
v -0.04623474180698395 -0.014239671640098095 0.06460505723953247
v -0.04381272941827774 -0.01890919916331768 0.06673694401979446
v -0.04877322539687157 -0.012660328298807144 0.05494358018040657
v -0.037579696625471115 -0.025217395275831223 0.07641203701496124
v -0.04092855378985405 -0.02807176299393177 0.06159104406833649
v -0.04260982200503349 -0.024991672486066818 0.06110896170139313
v -0.04102974757552147 -0.02790188416838646 0.061552900820970535
v -0.040266573429107666 -0.029383709654211998 0.06157561391592026
v -0.04014895111322403 -0.029618535190820694 0.06156737729907036
v -0.045378100126981735 -0.02009052410721779 0.05902648717164993
v -0.044031865894794464 -0.02245231531560421 0.06027178466320038
v -0.0440034344792366 -0.022111140191555023 0.06079859286546707
v -0.04370924457907677 -0.023024961352348328 0.06050031632184982
v -0.0474291630089283 -0.01763739064335823 0.05507002770900726
v -0.04724476486444473 -0.017489295452833176 0.05581154301762581
v -0.046900518238544464 -0.01773887500166893 0.056698691099882126
v -0.04082498326897621 -0.023453181609511375 0.06899256259202957
v -0.038857314735651016 -0.02615736611187458 0.07007180154323578
v -0.039385613054037094 -0.023415837436914444 0.07438841462135315
v -0.04076248034834862 -0.025698238983750343 0.06525512784719467
v -0.041113704442977905 -0.0213484987616539 0.072781041264534
v -0.04583088681101799 -0.019321464002132416 0.058474473655223846
v -0.05015963688492775 0.00030056716059334576 0.059348270297050476
v -0.0503624752163887 -0.0005355666507966816 0.056442636996507645
v -0.04938601329922676 -0.004654585849493742 0.06089632585644722
v -0.0496005117893219 -0.005771966185420752 0.05763455852866173
v -0.04998151585459709 -0.006916387937963009 0.05439746379852295
v -0.04635411128401756 -0.018480321392416954 0.057714082300662994
v -0.045103080570697784 -0.008605373091995716 0.05213592201471329
v -0.04511229321360588 -0.010667691938579082 0.05262109264731407
v -0.0448920875787735 -0.00876505859196186 0.05109187960624695
v -0.04496932774782181 -0.010868947021663189 0.05176832899451256
v -0.04426302760839462 -0.011120503768324852 0.05071244761347771
v -0.045102983713150024 -0.00858402531594038 0.05213090032339096
v -0.03981245681643486 -0.010698086582124233 0.052592530846595764
v -0.03996690362691879 -0.010897636413574219 0.05174136906862259
v -0.04068738594651222 -0.01114101056009531 0.05069317668676376
v -0.04183175042271614 -0.011274982243776321 0.05010197311639786
v -0.04312671348452568 -0.011267555877566338 0.05010895058512688
v -0.03668655827641487 -0.015003514476120472 0.015573558397591114
v -0.03696105629205704 -0.015230948105454445 0.014601592905819416
v -0.037697888910770416 -0.015394367277622223 0.013892953284084797
v -0.038699615746736526 -0.01544998586177826 0.013637513853609562
v -0.036548811942338943 -0.01019513513892889 0.03601519763469696
v -0.03853563219308853 -0.009725725278258324 0.037972792983055115
v -0.03753742203116417 -0.009792812168598175 0.037706583738327026
v -0.036810193210840225 -0.009964628145098686 0.036990053951740265
v -0.04913300275802612 -0.009664948098361492 0.03802990913391113
v -0.051116690039634705 -0.010036290623247623 0.03641377389431
v -0.05074998736381531 -0.00984248612076044 0.03724454343318939
v -0.05003757402300835 -0.009709121659398079 0.03782496228814125
v -0.053908802568912506 -0.013711610808968544 0.020738035440444946
v -0.051584236323833466 -0.014250483363866806 0.018491586670279503
v -0.05245409905910492 -0.01423853449523449 0.018525857478380203
v -0.05322621017694473 -0.014143145643174648 0.018916666507720947
v -0.053754255175590515 -0.013982393778860569 0.019589949399232864
v -0.05393817275762558 -0.0137867396697402 0.02041812613606453
v -0.0458984449505806 -0.015081544406712055 0.015066953375935555
v -0.047115668654441833 -0.014597848057746887 0.0170998927205801
v -0.049171220511198044 -0.01429739873856306 0.018337983638048172
v -0.043991249054670334 -0.01541963778436184 0.013666033744812012
v -0.04481835663318634 -0.015373766422271729 0.013845311477780342
v -0.04549456760287285 -0.015253893099725246 0.014342018403112888
v -0.0445113480091095 -0.010493296198546886 0.04333019256591797
v -0.04432368651032448 -0.01030337531119585 0.044141050428152084
v -0.040511470288038254 -0.01051623560488224 0.04330863431096077
v -0.040772851556539536 -0.010285728611052036 0.044283490628004074
v -0.04150008037686348 -0.010113912634551525 0.045000020414590836
v -0.04249829053878784 -0.010046825744211674 0.04526623338460922
v -0.04350001737475395 -0.010102442465722561 0.045010801404714584
v -0.04423684626817703 -0.010265861637890339 0.044302161782979965
v 0.04532318562269211 -0.011427142657339573 0.051110152155160904
v 0.045333195477724075 -0.011186406947672367 0.05213363841176033
v 0.04533698037266731 -0.010945633053779602 0.05315716937184334
v 0.0462651252746582 -0.010813567787408829 0.053736165165901184
v 0.04493248090147972 -0.01033893134444952 0.055728401988744736
v 0.043335676193237305 -0.010727007873356342 0.054048482328653336
v 0.04404197633266449 -0.01097856368869543 0.052992600947618484
v 0.03682658448815346 -0.010759436525404453 0.05378703400492668
v 0.039039552211761475 -0.010949874296784401 0.05301956087350845
v 0.03818598389625549 -0.01030023954808712 0.055764760822057724
v 0.039760034531354904 -0.010706501081585884 0.05406775325536728
v 0.04034516215324402 -0.010047465562820435 0.05688023194670677
v 0.04090439900755882 -0.010572529397904873 0.054658956825733185
v 0.042788486927747726 -0.010061478242278099 0.05686706304550171
v 0.04219936206936836 -0.010579955764114857 0.054651979357004166
v 0.045330315828323364 -0.010305891744792461 0.05300673097372055
v 0.044720835983753204 -0.009710850194096565 0.05071049556136131
v 0.04473463073372841 -0.009229340590536594 0.05275751277804375
v 0.04398389905691147 -0.008793183602392673 0.05265997722744942
v 0.04513411596417427 -0.009967821650207043 0.051848508417606354
v 0.04527515172958374 -0.010081097483634949 0.05295422673225403
v 0.04531652107834816 -0.010787401348352432 0.050959713757038116
v 0.045261360704898834 -0.01056260708719492 0.050907205790281296
v 0.04506048560142517 -0.01012203935533762 0.050804927945137024
v 0.04472256451845169 -0.009441065602004528 0.051727376878261566
v 0.045074280351400375 -0.009640529751777649 0.052851948887109756
v 0.04128224402666092 -0.019414756447076797 0.014031167142093182
v -0.04626433178782463 -0.010901877656579018 0.051603760570287704
v -0.04626054689288139 -0.010661106556653976 0.052627284079790115
v -0.047170814126729965 -0.010277702473104 0.05423973500728607
v -0.046250537037849426 -0.010420368053019047 0.05365077778697014
v -0.04581141844391823 -0.009818504564464092 0.05621746554970741
v -0.04495784640312195 -0.010468140244483948 0.053472261875867844
v -0.04423736780881882 -0.010224766097962856 0.05452045425772667
v -0.043652236461639404 -0.009565730579197407 0.05733293294906616
v -0.0430930033326149 -0.010090794414281845 0.055111661553382874
v -0.0412089079618454 -0.009579744189977646 0.0573197640478611
v -0.04179804027080536 -0.010098220780491829 0.055104680359363556
v -0.039064921438694 -0.009857196360826492 0.056181102991104126
v -0.04066172614693642 -0.010245272889733315 0.054501183331012726
v -0.03773227334022522 -0.010331832803785801 0.054188866168260574
v -0.03995542228221893 -0.010496829636394978 0.053445301949977875
v -0.04625195264816284 -0.010262246243655682 0.05145321786403656
v -0.045044757425785065 -0.00844756979495287 0.052648451179265976
v -0.04563288390636444 -0.008711072616279125 0.05324454978108406
v -0.04498410224914551 -0.008378631435334682 0.052870456129312515
v -0.044919420033693314 -0.008318400010466576 0.05304562672972679
v -0.04487829655408859 -0.00828354898840189 0.05313890054821968
v -0.045646678656339645 -0.009192582219839096 0.05119752883911133
v -0.04563435539603233 -0.008922858163714409 0.052214350551366806
v -0.04605058953166008 -0.009444866329431534 0.05233994498848915
v -0.0459899865090847 -0.009599854238331318 0.05129564180970192
v -0.046194784343242645 -0.010038095526397228 0.05140010640025139
v -0.04623815789818764 -0.00978073664009571 0.05350023880600929
v -0.0459761917591095 -0.009118344634771347 0.05334266275167465
v -0.04618098959326744 -0.009556585922837257 0.05344712734222412
v -0.04504404217004776 -0.0084585752338171 0.05265474691987038
v -0.044974733144044876 -0.008373419754207134 0.05290006101131439
v -0.04252452775835991 -0.010962707921862602 0.04137258604168892
v -0.04352274164557457 -0.010895620100200176 0.041638802736997604
v -0.0415228009223938 -0.010907089337706566 0.041628025472164154
v -0.044249966740608215 -0.010723804123699665 0.042355332523584366
v -0.04078596830368042 -0.010743670165538788 0.04233666509389877
v -0.04433462768793106 -0.01068530697375536 0.042517367750406265
v -0.046251021325588226 -0.013213234022259712 0.04312712326645851
v -0.04625103622674942 -0.013213726691901684 0.043125029653310776
v -0.04632590338587761 -0.012373046018183231 0.042927782982587814
v -0.04530633985996246 -0.01072703581303358 0.043390851467847824
v -0.0452413372695446 -0.010891221463680267 0.042571913450956345
v -0.04631496220827103 -0.011991115286946297 0.04455146938562393
v -0.04624009504914284 -0.01283179596066475 0.044748712331056595
v -0.046248216181993484 -0.013014298863708973 0.043935976922512054
v -0.046001967042684555 -0.01134716346859932 0.04354140907526016
v -0.04595329239964485 -0.011474698781967163 0.0427139587700367
v -0.046316083520650864 -0.01230919174849987 0.042912695556879044
v -0.04523039609193802 -0.010509290732443333 0.04419559985399246
v -0.04594235122203827 -0.011092767119407654 0.044337645173072815
v -0.04630514234304428 -0.011927261017262936 0.04453638195991516
v -0.04624555632472038 -0.013022515922784805 0.043937914073467255
v -0.04897042363882065 -0.07443517446517944 -0.028920823708176613
v -0.04859364777803421 -0.07313627749681473 -0.023392435163259506
v -0.04731662943959236 -0.07166145741939545 -0.017099158838391304
v -0.045161157846450806 -0.07024477422237396 -0.011036306619644165
v -0.04216834530234337 -0.06891324371099472 -0.005319542251527309
v -0.038395293056964874 -0.06769227981567383 -5.792954107164405e-05
v -0.033913981169462204 -0.06660517305135727 0.004648151807487011
v -0.028809893876314163 -0.06567265093326569 0.008708934299647808
v -0.0231804046779871 -0.06491252034902573 0.012046942487359047
v -0.017132911831140518 -0.06433926522731781 0.014598498120903969
v -0.010782779194414616 -0.06396383792161942 0.016314927488565445
v -0.0042511532083153725 -0.06379339098930359 0.017163477838039398
v 0.0023373630829155445 -0.06383117288351059 0.01712797023355961
v 0.008857078850269318 -0.06407647579908371 0.016209077090024948
v 0.015183618292212486 -0.06452460587024689 0.014424328692257404
v 0.021196285262703896 -0.06516702473163605 0.011807775124907494
v 0.0267803817987442 -0.06599146872758865 0.008409331552684307
v 0.03182937204837799 -0.0669822171330452 0.0042938292026519775
v 0.03624693676829338 -0.06812036037445068 -0.0004602123808581382
v 0.039948806166648865 -0.06938419491052628 -0.005762110929936171
v 0.0428643599152565 -0.07074961066246033 -0.011510718613862991
v 0.044937968254089355 -0.0721905454993248 -0.01759636215865612
v 0.04613008350133896 -0.07367952913045883 -0.023902947083115578
v 0.04709479212760925 -0.07483145594596863 -0.029474947601556778
v 0.05678444728255272 -0.0626634955406189 -0.03240244835615158
v 0.05632686987519264 -0.06593615561723709 -0.03162955120205879
v 0.056416966021060944 -0.0610794834792614 -0.02567625232040882
v 0.05612293630838394 -0.06371660530567169 -0.025088710710406303
v 0.05578935518860817 -0.06012081727385521 -0.021613169461488724
v 0.05468059703707695 -0.0619150847196579 -0.017458342015743256
v 0.054967522621154785 -0.05926908925175667 -0.018008319661021233
v 0.052695382386446 -0.05765951797366142 -0.011209647171199322
v 0.052171725779771805 -0.06017168238759041 -0.010095290839672089
v 0.05244630202651024 -0.05751710757613182 -0.010609031654894352
v 0.04890139773488045 -0.05585695803165436 -0.003619533497840166
v 0.048644185066223145 -0.05851966515183449 -0.0031400243751704693
v 0.04761645570397377 -0.05537021905183792 -0.001574941212311387
v 0.04440044239163399 -0.054320309311151505 0.0028268410824239254
v 0.044165272265672684 -0.056990545243024826 0.0032747688237577677
v 0.040739573538303375 -0.053337212651968 0.006936185993254185
v 0.03882043808698654 -0.05561349168419838 0.009026717394590378
v 0.03902930021286011 -0.052936483174562454 0.008607094176113605
v 0.032890431582927704 -0.05173187702894211 0.013610966503620148
v 0.032711636275053024 -0.0544147863984108 0.014006080105900764
v 0.032317955046892166 -0.05163535848259926 0.014010359533131123
v 0.025955412536859512 -0.05341728404164314 0.01811787486076355
v 0.02610095404088497 -0.05072946473956108 0.017743000760674477
v 0.01102614589035511 -0.05209782347083092 0.023443028330802917
v 0.012126311659812927 -0.0494612492620945 0.0228684451431036
v 0.01868065632879734 -0.05264002084732056 0.021283654496073723
v 0.018790388479828835 -0.049948375672101974 0.020924361422657967
v 0.022661685943603516 -0.05032731592655182 0.019387103617191315
v 0.0031379081774502993 -0.051801033318042755 0.02455480396747589
v 0.0031711384654045105 -0.04910526052117348 0.024211609736084938
v 0.01109820231795311 -0.049403510987758636 0.023094363510608673
v 0.00302506354637444 -0.05550265312194824 0.02410287596285343
v 0.002843304304406047 -0.05892151966691017 0.02262056991457939
v -0.019275721162557602 -0.05949873477220535 0.019746987149119377
v -0.012061713263392448 -0.05907223001122475 0.021696917712688446
v -0.004641519393771887 -0.058878593146800995 0.022660909220576286
v -0.026145922020077705 -0.060149967670440674 0.01684831827878952
v -0.03254125267267227 -0.061013512313365936 0.013056201860308647
v -0.03381701186299324 -0.05768081918358803 0.014144542627036572
v -0.03469957411289215 -0.051344238221645355 0.013975241221487522
v -0.034547314047813416 -0.05402904748916626 0.01436857134103775
v -0.0409054271876812 -0.05247804895043373 0.00903790071606636
v -0.04072277620434761 -0.05515730381011963 0.009455414488911629
v -0.04239603132009506 -0.052803825587034225 0.007624813821166754
v -0.04635407775640488 -0.0537998229265213 0.003315960755571723
v -0.04614473879337311 -0.05647260695695877 0.0037614929024130106
v -0.04948630556464195 -0.05476374551653862 -0.0008408721187151968
v -0.05070977285504341 -0.05794985592365265 -0.002604558365419507
v -0.0509415827691555 -0.055284347385168076 -0.0030814316123723984
v -0.05458042398095131 -0.05690329894423485 -0.010032213293015957
v -0.05433078855276108 -0.059560876339673996 -0.009521297179162502
v -0.054771650582551956 -0.057006604969501495 -0.010474970564246178
v -0.05693870782852173 -0.0612749345600605 -0.01685677096247673
v -0.05720117688179016 -0.05862578749656677 -0.01740378886461258
v -0.05893963947892189 -0.06463086605072021 -0.031159862875938416
v -0.05921195447444916 -0.061998240649700165 -0.031777285039424896
v -0.058483775705099106 -0.06305932253599167 -0.024471040815114975
v -0.058753851801157 -0.06041896343231201 -0.025055542588233948
v -0.058054450899362564 -0.05944853648543358 -0.02091725543141365
v -0.03985430672764778 -0.05878383293747902 0.009341306984424591
v -0.04515496641397476 -0.06006970629096031 0.0037747828755527735
v -0.049617867916822433 -0.061513904482126236 -0.002448838436976075
v -0.05315786600112915 -0.06308887898921967 -0.009210827760398388
v -0.05570743978023529 -0.0647645890712738 -0.016382182016968727
v -0.05721794068813324 -0.06650906056165695 -0.023826096206903458
v -0.05766360089182854 -0.06804543733596802 -0.030365269631147385
v 0.05501457303762436 -0.06898070871829987 -0.030904553830623627
v 0.054824646562337875 -0.06715163588523865 -0.02442994713783264
v 0.05341457203030586 -0.06539041548967361 -0.01697029359638691
v 0.05096182972192764 -0.06368602067232132 -0.009771978482604027
v 0.047513216733932495 -0.06207096204161644 -0.0029723243787884712
v 0.04313451051712036 -0.06057605519890785 0.003298948286101222
v 0.03790925443172455 -0.05922981724143028 0.008922201581299305
v 0.0319371297955513 -0.05805792659521103 0.013790161348879337
v 0.025332067161798477 -0.05708274245262146 0.01780996285378933
v 0.018220068886876106 -0.056322868913412094 0.020904913544654846
v 0.010736814700067043 -0.05579280108213425 0.023015975952148438
v -0.038339704275131226 -0.06207289174199104 0.008442988619208336
v -0.04343065991997719 -0.06330789625644684 0.003096680622547865
v -0.04771700128912926 -0.06469496339559555 -0.0028807257767766714
v -0.051116954535245895 -0.06620762497186661 -0.009375197812914848
v -0.05356566235423088 -0.06781703978776932 -0.016262846067547798
v -0.0550164058804512 -0.06949249655008316 -0.023412266746163368
v -0.05544443428516388 -0.07096809893846512 -0.029692741110920906
v 0.05293698236346245 -0.07158967852592468 -0.030276861041784286
v 0.052593622356653214 -0.07010965049266815 -0.023992227390408516
v 0.05123933404684067 -0.06841810792684555 -0.016827691346406937
v 0.048883628100156784 -0.06678114086389542 -0.009914148598909378
v 0.04557144269347191 -0.06522998213768005 -0.003383501898497343
v 0.04136596620082855 -0.06379421055316925 0.002639670856297016
v 0.03634743019938469 -0.06250122934579849 0.00804046355187893
v 0.030611572787165642 -0.061375703662633896 0.012715841643512249
v 0.024267811328172684 -0.0604390986263752 0.0165766142308712
v 0.017437173053622246 -0.05970928817987442 0.01954912394285202
v 0.010249968618154526 -0.059200190007686615 0.021576669067144394
v 0.05023569613695145 -0.07358525693416595 -0.02978924848139286
v 0.049613624811172485 -0.07234703749418259 -0.023811601102352142
v 0.048334043473005295 -0.07074880599975586 -0.017042269930243492
v 0.04610827565193176 -0.06920213252305984 -0.010510088875889778
v 0.04297879710793495 -0.06773653626441956 -0.004339676816016436
v 0.039005301892757416 -0.06637996435165405 0.0013512454461306334
v 0.034263595938682556 -0.06515830755233765 0.006454126909375191
v 0.028844131156802177 -0.06409486383199692 0.010871599428355694
v 0.02285030297935009 -0.06320992857217789 0.014519406482577324
v 0.016396451741456985 -0.06252036988735199 0.01732794940471649
v 0.009605702944099903 -0.06203935667872429 0.019243653863668442
v 0.0026075998321175575 -0.0617760606110096 0.020229971036314964
v -0.0044643511064350605 -0.061735499650239944 0.020268084481358528
v -0.01147523708641529 -0.061918456107378006 0.019357269629836082
v -0.018291311338543892 -0.06232143193483353 0.017514899373054504
v -0.024782544001936913 -0.06293674558401108 0.014776122756302357
v -0.030825095251202583 -0.0637526586651802 0.011193185113370419
v -0.036303699016571045 -0.06475359946489334 0.0068344478495419025
v -0.04111383110284805 -0.06592047214508057 0.0017830458236858249
v -0.045163728296756744 -0.06723102927207947 -0.0038646343164145947
v -0.048376139253377914 -0.06866025179624557 -0.010000866837799549
v -0.05068977177143097 -0.07018089294433594 -0.01650858297944069
v -0.05206048861145973 -0.07176392525434494 -0.023263631388545036
v -0.052464909851551056 -0.0731581300497055 -0.02919766865670681
v -0.03832555189728737 -0.05002136901021004 0.01079592201858759
v -0.042387332767248154 -0.05085698887705803 0.007166810799390078
v -0.045851875096559525 -0.05171690136194229 0.0034457803703844547
v -0.049477607011795044 -0.052816908806562424 -0.0012988749658688903
v -0.05187123268842697 -0.05370498076081276 -0.005119253881275654
v -0.054762955754995346 -0.0550597682595253 -0.010932973586022854
v -0.05618045851588249 -0.05591849610209465 -0.014610090292990208
v -0.058045756071805954 -0.05750169977545738 -0.021375257521867752
v -0.05863410234451294 -0.05828273296356201 -0.024706369265913963
v -0.05920325964689255 -0.06005140393972397 -0.032235290855169296
v 0.057459671050310135 -0.05821247771382332 -0.026570063084363937
v 0.05779746547341347 -0.059748973697423935 -0.03309484198689461
v 0.05679314583539963 -0.0607166588306427 -0.03286045044660568
v 0.05646108090877533 -0.05920620635151863 -0.02644626423716545
v 0.05579805374145508 -0.05817398056387901 -0.022071171551942825
v 0.05516572296619415 -0.055657945573329926 -0.01575503684580326
v 0.054206013679504395 -0.056694965809583664 -0.015814542770385742
v 0.05270408093929291 -0.055712681263685226 -0.011667649261653423
v 0.05078693851828575 -0.05324221029877663 -0.005569598637521267
v 0.04990144073963165 -0.05432017520070076 -0.005801735445857048
v 0.04762515053153038 -0.053423382341861725 -0.0020329440012574196
v 0.044485270977020264 -0.05105462670326233 0.0036095157265663147
v 0.043706584721803665 -0.05216967314481735 0.003221797524020076
v 0.040748272091150284 -0.051390375941991806 0.006478183437138796
v 0.036493804305791855 -0.049176111817359924 0.01144279632717371
v 0.03585056588053703 -0.0503229945898056 0.010922311805188656
v 0.032326653599739075 -0.04968852177262306 0.013552356511354446
v 0.027108121663331985 -0.04767613857984543 0.01764051429927349
v 0.026623962447047234 -0.04884844645857811 0.017014984041452408
v 0.022670382633805275 -0.04838047921657562 0.018929101526737213
v 0.016675371676683426 -0.04661019518971443 0.02197343111038208
v 0.005462135188281536 -0.047218117862939835 0.02354319766163826
v 0.005581434816122055 -0.04601770266890526 0.024281280115246773
v 0.012135008350014687 -0.0475144125521183 0.02241044119000435
v 0.016368038952350616 -0.04780057072639465 0.02127445861697197
v -0.0466172993183136 -0.05059405043721199 0.0038373598363250494
v -0.03896121308207512 -0.04886928200721741 0.011314229108393192
v -0.03797166049480438 -0.0476815290749073 0.01638181135058403
v 0.003986533265560865 -0.04516925662755966 0.027857497334480286
v 0.05046745762228966 -0.05157634988427162 0.0015054200775921345
v 0.014934107661247253 -0.045651379972696304 0.026015998795628548
v 0.025371676310896873 -0.04656842350959778 0.022316113114356995
v 0.03496931493282318 -0.04789139702916145 0.01687479019165039
v 0.04342365264892578 -0.049578480422496796 0.009864022955298424
v 0.05315839499235153 -0.06489298492670059 -0.0550486296415329
v 0.05658832937479019 -0.06237799674272537 -0.04429301247000694
v 0.047639474272727966 -0.067197285592556 -0.06494835019111633
v 0.04024364799261093 -0.06920235604047775 -0.07361174374818802
v 0.03125514090061188 -0.07083112746477127 -0.08070587366819382
v 0.02101937308907509 -0.07202102243900299 -0.08595811575651169
v 0.009929699823260307 -0.0727263018488884 -0.08916664123535156
v -0.0015877094119787216 -0.07291986793279648 -0.09020812809467316
v -0.013090246357023716 -0.07259427756071091 -0.08904257416725159
v -0.024135874584317207 -0.07176204770803452 -0.08571475744247437
v -0.052740439772605896 -0.05261640623211861 -0.004875353537499905
v -0.03430011495947838 -0.0704551637172699 -0.08035255968570709
v -0.04319236800074577 -0.06872384250164032 -0.07316206395626068
v -0.050470903515815735 -0.06663461774587631 -0.06441958993673325
v -0.05585600808262825 -0.06426777690649033 -0.054461099207401276
v -0.05914074555039406 -0.06171427667140961 -0.04366929456591606
v -0.06019888073205948 -0.05907225236296654 -0.03245890140533447
v -0.05961991101503372 -0.05727308616042137 -0.024800173938274384
v -0.05712396278977394 -0.05486808344721794 -0.01452981773763895
v 0.004034205339848995 -0.036069124937057495 0.025715922936797142
v 0.0031828470528125763 -0.03616108372807503 0.02580437809228897
v -0.034627508372068405 -0.00723502691835165 0.00908356811851263
v 0.030926860868930817 -0.015515251085162163 0.012057521380484104
v 0.03181147575378418 -0.012032539583742619 0.010696958750486374
v 0.028887396678328514 -0.020278023555874825 0.014360465109348297
v 0.029596086591482162 -0.01888183504343033 0.013632056303322315
v 0.03327156603336334 -0.00762443570420146 0.008717627264559269
v 0.018908532336354256 -0.030859781429171562 0.02132187969982624
v 0.0209298487752676 -0.029453102499246597 0.02025062032043934
v 0.02306617796421051 -0.02767830528318882 0.018962286412715912
v 0.024608103558421135 -0.02616405300796032 0.017920201644301414
v 0.025620102882385254 -0.025035670027136803 0.01717684231698513
v 0.027813462540507317 -0.022086404263973236 0.01537008211016655
v 0.007068950682878494 -0.03558161109685898 0.025264717638492584
v 0.011008975096046925 -0.03455370292067528 0.024354426190257072
v 0.012105617672204971 -0.03418143466114998 0.02403327263891697
v 0.014562352560460567 -0.03319660574197769 0.02320110611617565
v 0.01785016618669033 -0.03150804713368416 0.021830640733242035
v 0.029184196144342422 -0.009980153292417526 0.05812261253595352
v 0.031814947724342346 -0.002804485848173499 0.05641699209809303
v -0.0018778617959469557 -0.04218389838933945 0.06590704619884491
v -0.0022188948933035135 -0.04227195680141449 0.06593005359172821
v 0.004824389703571796 -0.02736188843846321 0.062375377863645554
v 0.012356974184513092 -0.025290431454777718 0.06183736026287079
v 0.019173361361026764 -0.021548835560679436 0.06091131269931793
v 0.024889729917049408 -0.01634778454899788 0.059649378061294556
v -0.0011538950493559241 -0.041738152503967285 0.06579731404781342
v -0.0006886007613502443 -0.041038017719984055 0.0656294897198677
v 0.05560451000928879 -0.06330111622810364 -0.04386882111430168
v 0.05223270505666733 -0.06577347964048386 -0.0544421412050724
v 0.04680732637643814 -0.06803873181343079 -0.06417407095432281
v 0.03953685611486435 -0.07000981271266937 -0.07269062101840973
v 0.030700691044330597 -0.07161097973585129 -0.07966451346874237
v 0.02063841186463833 -0.07278070598840714 -0.08482774347066879
v 0.009736699983477592 -0.07347402721643448 -0.08798188716173172
v -0.0015854985686019063 -0.07366431504487991 -0.0890057310461998
v -0.012893076986074448 -0.07334424555301666 -0.08785992115736008
v -0.02375149168074131 -0.07252612709999084 -0.08458850532770157
v -0.03374345600605011 -0.07124138623476028 -0.07931718975305557
v -0.04248499497771263 -0.06953940540552139 -0.07224857062101364
v -0.04964016377925873 -0.06748559325933456 -0.06365426629781723
v -0.054933998733758926 -0.06515886634588242 -0.05386456847190857
v -0.05816306173801422 -0.06264864653348923 -0.04325567185878754
v -0.0587235651910305 -0.06380967050790787 -0.03946787491440773
v -0.05817176029086113 -0.06459548324346542 -0.042797669768333435
v -0.057163868099451065 -0.06559355556964874 -0.04702102020382881
v -0.054942693561315536 -0.06710570305585861 -0.05340656638145447
v -0.054561931639909744 -0.06731665879487991 -0.05429603159427643
v -0.05096621811389923 -0.06894688308238983 -0.061157383024692535
v -0.04964886233210564 -0.06943242996931076 -0.06319626420736313
v -0.04644370824098587 -0.07045387476682663 -0.0674772635102272
v -0.04249368980526924 -0.07148624211549759 -0.07179056853055954
v -0.04107864946126938 -0.0718095451593399 -0.07313794642686844
v -0.03497098758816719 -0.07298864424228668 -0.07803397625684738
v -0.03375215455889702 -0.07318822294473648 -0.07885918766260147
v -0.028234487399458885 -0.07396920770406723 -0.08207415789365768
v -0.02376018837094307 -0.07447296380996704 -0.08413050323724747
v -0.0209946446120739 -0.07473297417163849 -0.08518321812152863
v -0.013386321254074574 -0.07526570558547974 -0.08730325102806091
v -0.012901773676276207 -0.07529108226299286 -0.08740191906690598
v -0.005551245994865894 -0.07555749267339706 -0.08839477598667145
v -0.0015941954916343093 -0.07561115175485611 -0.0885477289557457
v 0.002364628715440631 -0.07560289651155472 -0.08843743801116943
v 0.009728002361953259 -0.07542087137699127 -0.08752387762069702
v 0.01021384447813034 -0.07540106028318405 -0.0874304473400116
v 0.017850186675786972 -0.07495575398206711 -0.08539257198572159
v 0.02062971517443657 -0.07472754269838333 -0.08436974138021469
v 0.025131402537226677 -0.07427527010440826 -0.08236177265644073
v 0.030691994354128838 -0.07355781644582748 -0.07920651137828827
v 0.031921859830617905 -0.07337228208780289 -0.07839449495077133
v 0.03809506073594093 -0.07226361334323883 -0.07356465607881546
v 0.03952815756201744 -0.07195664942264557 -0.07223261892795563
v 0.04353601485490799 -0.07096991688013077 -0.06796220690011978
v 0.04679863154888153 -0.06998556852340698 -0.06371606141328812
v 0.04814336821436882 -0.06951528787612915 -0.0616915300488472
v 0.051831286400556564 -0.06792683899402618 -0.05486943572759628
v 0.05222401022911072 -0.06772031635046005 -0.0539841391146183
v 0.05453107878565788 -0.06623413413763046 -0.04762299731373787
v 0.05619245022535324 -0.06446872651576996 -0.04008721560239792
v 0.05559581145644188 -0.06524795293807983 -0.04341081529855728
v 0.0557393878698349 -0.06772760301828384 -0.03925562649965286
v 0.0540907047688961 -0.06947952508926392 -0.04673386365175247
v 0.05141153559088707 -0.07115929573774338 -0.053924959152936935
v 0.0477517768740654 -0.07273562252521515 -0.06069495528936386
v 0.04317961633205414 -0.07417914271354675 -0.06691773980855942
v 0.037780217826366425 -0.0754629522562027 -0.07247738540172577
v 0.03165416046977043 -0.07656314969062805 -0.07727034389972687
v 0.02491556666791439 -0.07745924592018127 -0.08120732009410858
v 0.017689958214759827 -0.07813452929258347 -0.08421497046947479
v 0.01011193823069334 -0.07857643812894821 -0.08623728156089783
v 0.002322668442502618 -0.07877673208713531 -0.08723658323287964
v -0.005532750394195318 -0.07873167842626572 -0.08719424158334732
v -0.013307986781001091 -0.07844211906194687 -0.08611106127500534
v -0.02085820399224758 -0.07791344821453094 -0.08400721102952957
v -0.028042754158377647 -0.07715552300214767 -0.08092190325260162
v -0.0347278006374836 -0.07618244737386703 -0.07691257447004318
v -0.04078881815075874 -0.07501234859228134 -0.0720539391040802
v -0.04611290246248245 -0.07366703450679779 -0.06643649935722351
v -0.050600871443748474 -0.07217156141996384 -0.060164883732795715
v -0.054169125854969025 -0.07055377960205078 -0.05335593223571777
v -0.05675119161605835 -0.06884383410215378 -0.046136483550071716
v -0.058298975229263306 -0.06707357615232468 -0.03864101693034172
v -0.05702487751841545 -0.07009246945381165 -0.03775781765580177
v -0.055512018501758575 -0.07182278484106064 -0.0450841523706913
v -0.052988212555646896 -0.07349414378404617 -0.05214070528745651
v -0.0495004765689373 -0.0750754252076149 -0.05879602208733559
v -0.04511377215385437 -0.07653715461492538 -0.06492611020803452
v -0.03990982100367546 -0.07785211503505707 -0.07041680812835693
v -0.03398556262254715 -0.07899580895900726 -0.07516581565141678
v -0.027451353147625923 -0.07994692772626877 -0.07908467203378677
v -0.020428912714123726 -0.0806877538561821 -0.08210038393735886
v -0.013049059547483921 -0.08120449632406235 -0.08415675163269043
v -0.005449261516332626 -0.08148752152919769 -0.0852155014872551
v 0.0022289094049483538 -0.08153155446052551 -0.08525688201189041
v 0.009842423722147942 -0.08133578300476074 -0.08428012579679489
v 0.0172494538128376 -0.08090384304523468 -0.08230344951152802
v 0.02431202493607998 -0.0802437961101532 -0.07936365157365799
v 0.030898572877049446 -0.07936792075634003 -0.0755155086517334
v 0.03688640147447586 -0.07829254865646362 -0.07083069533109665
v 0.042163968086242676 -0.07703769952058792 -0.0653964951634407
v 0.04663296788930893 -0.07562676072120667 -0.05931413173675537
v 0.050210144370794296 -0.07408600300550461 -0.052696891129016876
v 0.05282886326313019 -0.0724441334605217 -0.04566805437207222
v 0.054440345615148544 -0.0707317367196083 -0.03835855424404144
v -0.05498810112476349 -0.07266061007976532 -0.03687845543026924
v -0.053530801087617874 -0.07432737946510315 -0.04393574967980385
v -0.05109967663884163 -0.07593736797571182 -0.05073317140340805
v -0.047740012407302856 -0.07746057212352753 -0.057144083082675934
v -0.043514400720596313 -0.07886862754821777 -0.0630490630865097
v -0.0385015532374382 -0.0801353007555008 -0.06833813339471817
v -0.03279484808444977 -0.08123699575662613 -0.07291274517774582
v -0.02650059014558792 -0.08215318620204926 -0.07668769359588623
v -0.01973603293299675 -0.08286681026220322 -0.07959265261888504
v -0.012627183459699154 -0.0833645761013031 -0.08157350867986679
v -0.005306468810886145 -0.08363720774650574 -0.08259337395429611
v 0.0020897407084703445 -0.08367962390184402 -0.08263324201107025
v 0.009423667564988136 -0.08349103480577469 -0.08169235289096832
v 0.0165586955845356 -0.08307496458292007 -0.07978826016187668
v 0.02336191199719906 -0.08243915438652039 -0.07695642113685608
v 0.02970658428966999 -0.08159544318914413 -0.07324959337711334
v 0.03547452762722969 -0.08055955916643143 -0.06873682141304016
v 0.04055828973650932 -0.0793507918715477 -0.06350217014551163
v 0.04486317187547684 -0.07799166440963745 -0.05764316767454147
v 0.04830898717045784 -0.07650748640298843 -0.05126893147826195
v 0.050831541419029236 -0.07492591440677643 -0.04449820891022682
v 0.052383843809366226 -0.07327640056610107 -0.03745713457465172
v -0.05232745409011841 -0.07460298389196396 -0.03606286272406578
v -0.0509425550699234 -0.07618694752454758 -0.04276954010128975
v -0.04863221198320389 -0.07771694660186768 -0.04922924563288689
v -0.0454394668340683 -0.07916447520256042 -0.05532165244221687
v -0.04142379015684128 -0.08050257712602615 -0.060933273285627365
v -0.03665998578071594 -0.08170631527900696 -0.06595955044031143
v -0.031236805021762848 -0.0827532708644867 -0.07030688971281052
v -0.02525525912642479 -0.08362394571304321 -0.07389429211616516
v -0.01882677711546421 -0.08430211991071701 -0.07665492594242096
v -0.012071110308170319 -0.08477514982223511 -0.07853737473487854
v -0.0051141041330993176 -0.08503423631191254 -0.07950656861066818
v 0.0019146467093378305 -0.08507455140352249 -0.07954445481300354
v 0.008884209208190441 -0.08489533513784409 -0.07865031063556671
v 0.015664754435420036 -0.08449993282556534 -0.07684081792831421
v 0.022129971534013748 -0.08389570564031601 -0.07414967566728592
v 0.028159430250525475 -0.08309391885995865 -0.07062700390815735
v 0.03364080563187599 -0.0821094959974289 -0.0663384422659874
v 0.038471996784210205 -0.08096078783273697 -0.06136386841535568
v 0.04256301000714302 -0.07966918498277664 -0.05579594150185585
v 0.045837629586458206 -0.07825874537229538 -0.04973838850855827
v 0.048234857618808746 -0.07675573974847794 -0.04330405220389366
v 0.04971003904938698 -0.07518818229436874 -0.03661279007792473
v -0.04922424629330635 -0.07578722387552261 -0.035366617143154144
v -0.04792365804314613 -0.07727475464344025 -0.04166498780250549
v -0.045753974467515945 -0.0787116065621376 -0.0477314256131649
v -0.0427556037902832 -0.08007100969552994 -0.05345291644334793
v -0.03898440673947334 -0.0813276395201683 -0.05872289463877678
v -0.03451063111424446 -0.08245810121297836 -0.06344318389892578
v -0.029417609795928 -0.08344131708145142 -0.06752585619688034
v -0.02380022406578064 -0.08425898104906082 -0.07089484483003616
v -0.017763113602995872 -0.08489586412906647 -0.07348740845918655
v -0.011418736539781094 -0.08534010499715805 -0.07525525987148285
v -0.004885276313871145 -0.0855834111571312 -0.07616543769836426
v 0.0017155600944533944 -0.08562126755714417 -0.07620101422071457
v 0.008260811679065228 -0.08545296639204025 -0.07536131888628006
v 0.014628552831709385 -0.08508163690567017 -0.07366198301315308
v 0.020700164139270782 -0.08451420068740845 -0.07113467901945114
v 0.026362543925642967 -0.08376122266054153 -0.06782648712396622
v 0.03151021525263786 -0.08283673971891403 -0.06379900127649307
v 0.036047279834747314 -0.08175795525312424 -0.05912727490067482
v 0.039889220148324966 -0.08054498583078384 -0.05389833077788353
v 0.04296448081731796 -0.07922041416168213 -0.04820957034826279
v 0.04521576315164566 -0.0778089165687561 -0.04216696321964264
v 0.04660113900899887 -0.07633679360151291 -0.035883065313100815
v 0.04227608069777489 -0.01864730194211006 0.012064587324857712
v 0.04127435013651848 -0.018702920526266098 0.011809151619672775
v 0.04301290959119797 -0.018483882769942284 0.012773226946592331
v 0.03954891115427017 -0.018464015796780586 0.012791896238923073
v 0.040276139974594116 -0.018635831773281097 0.012075365521013737
v 0.004367828834801912 -0.06894779950380325 -0.03390977904200554
v 0.0019731319043785334 -0.06947891414165497 -0.036212872713804245
v -0.001282479614019394 -0.06965967267751694 -0.03704303130507469
v -0.004526666831225157 -0.06944163888692856 -0.03617784008383751
v -0.006890152581036091 -0.06888323277235031 -0.03384910523891449
v 0.0036072381772100925 -0.06265487521886826 -0.0333755761384964
v 0.003099841298535466 -0.06292812526226044 -0.03454672917723656
v 0.0022984803654253483 -0.06316067278385162 -0.035550445318222046
v 0.0012577665038406849 -0.06333667784929276 -0.0363183356821537
v 4.862280547968112e-05 -0.06344413012266159 -0.036798056215047836
v -0.001246549771167338 -0.06347572058439255 -0.036956917494535446
v -0.002539487322792411 -0.06342928856611252 -0.036784108728170395
v -0.0037420785520225763 -0.0633080005645752 -0.03629139065742493
v -0.004772368352860212 -0.06312012672424316 -0.03551233932375908
v -0.005560144316405058 -0.06287845969200134 -0.03450005501508713
v -0.006051721516996622 -0.06259948015213013 -0.03332352265715599
v 0.005300724413245916 -0.07153143733739853 -0.02778526023030281
v 0.004336018580943346 -0.07108664512634277 -0.025912901386618614
v 0.0028238429222255945 -0.07072937488555908 -0.024422965943813324
v 0.0009122192277573049 -0.07049459218978882 -0.023461291566491127
v -0.0012117289006710052 -0.07040529698133469 -0.02312202751636505
v -0.0033400950487703085 -0.07047020643949509 -0.02343837358057499
v -0.005264539737254381 -0.07068298757076263 -0.024379372596740723
v -0.006796685047447681 -0.07102279365062714 -0.025852901861071587
v -0.0077865538187325 -0.07145638018846512 -0.027714727446436882
v -0.008822194300591946 -0.0729527696967125 -0.027011677622795105
v -0.007676396984606981 -0.07245089113712311 -0.0248565711081028
v -0.005902901291847229 -0.07205755263566971 -0.023150920867919922
v -0.003675309242680669 -0.0718112587928772 -0.02206169255077839
v -0.0012116731377318501 -0.07173611968755722 -0.021695513278245926
v 0.001246849074959755 -0.07183948904275894 -0.022088220342993736
v 0.003459600266069174 -0.07211124897003174 -0.02320137992501259
v 0.00520998053252697 -0.072524793446064 -0.024926023557782173
v 0.00632665166631341 -0.07303965091705322 -0.027093321084976196
v -0.010366295464336872 -0.07388419657945633 -0.02626722678542137
v -0.008987135253846645 -0.07328009605407715 -0.02367318794131279
v -0.006852433551102877 -0.07280664891004562 -0.021620148792862892
v -0.004171149339526892 -0.07251019030809402 -0.0203090813010931
v -0.0012057462008669972 -0.07241974771022797 -0.01986832171678543
v 0.0017535013612359762 -0.072544164955616 -0.02034101076424122
v 0.004416922107338905 -0.07287127524614334 -0.021680884063243866
v 0.006523801479488611 -0.07336905598640442 -0.023756783455610275
v 0.007867902517318726 -0.07398877292871475 -0.026365499943494797
v -0.005919914226979017 -0.06210557371377945 -0.033404964953660965
v -0.005564158782362938 -0.061729613691568375 -0.033398475497961044
v -0.0051217395812273026 -0.06198069825768471 -0.034457359462976456
v -0.004412740934640169 -0.06219819560647011 -0.035368412733078
v -0.0034854800906032324 -0.062367282807826996 -0.03606955707073212
v -0.0024031479842960835 -0.06247644126415253 -0.03651300072669983
v -0.0012395043158903718 -0.06251823157072067 -0.03666853904724121
v -7.38488306524232e-05 -0.06248980015516281 -0.036525554955005646
v 0.0010143803665414453 -0.06239309161901474 -0.036093808710575104
v 0.001951022888533771 -0.06223469227552414 -0.03540271148085594
v 0.0026722480542957783 -0.06202539801597595 -0.03449936583638191
v 0.0031289048492908478 -0.06177946925163269 -0.0334453284740448
v -0.00544150872156024 -0.06237707659602165 -0.03454997390508652
v -0.004674841649830341 -0.06261226534843445 -0.03553513437509537
v -0.0036721581127494574 -0.06279511004686356 -0.036293309181928635
v -0.0025017904117703438 -0.06291314959526062 -0.03677282854914665
v -0.0012434967793524265 -0.06295833736658096 -0.036941010504961014
v 1.697183324722573e-05 -0.06292759627103806 -0.03678640350699425
v 0.0011937166564166546 -0.06282301247119904 -0.03631953150033951
v 0.0022065448574721813 -0.06265173107385635 -0.035572223365306854
v 0.002986432984471321 -0.062425412237644196 -0.03459539636969566
v 0.003480234183371067 -0.06215948238968849 -0.03345562890172005
f 1 2 3
f 3 2 4
f 3 4 5
f 5 4 6
f 5 6 7
f 7 6 8
f 7 8 9
f 9 8 10
f 9 10 11
f 11 10 12
f 11 12 13
f 13 12 14
f 15 16 17
f 17 16 18
f 17 18 19
f 19 18 20
f 19 20 21
f 21 20 22
f 21 22 23
f 23 22 24
f 23 24 25
f 25 24 26
f 25 26 27
f 27 26 28
f 29 30 31
f 31 30 32
f 31 32 33
f 33 32 34
f 33 34 35
f 35 34 36
f 35 36 37
f 37 36 38
f 37 38 39
f 39 38 40
f 39 40 41
f 41 40 42
f 43 44 45
f 45 44 46
f 45 46 47
f 47 46 48
f 47 48 49
f 49 48 50
f 49 50 51
f 51 50 52
f 51 52 53
f 53 52 54
f 53 54 55
f 55 54 56
f 57 58 59
f 59 58 60
f 59 60 61
f 61 60 62
f 61 62 63
f 63 62 64
f 63 64 65
f 65 64 66
f 65 66 67
f 67 66 68
f 67 68 69
f 69 68 70
f 71 72 73
f 73 72 74
f 73 74 75
f 75 74 76
f 75 76 77
f 77 76 78
f 77 78 79
f 79 78 80
f 79 80 81
f 81 80 82
f 81 82 83
f 83 82 84
f 85 86 87
f 87 86 88
f 87 88 89
f 89 88 90
f 89 90 91
f 91 90 92
f 91 92 93
f 93 92 94
f 93 94 95
f 95 94 96
f 95 96 97
f 97 96 98
f 99 100 101
f 101 100 102
f 101 102 103
f 103 102 104
f 103 104 105
f 105 104 106
f 105 106 107
f 107 106 108
f 107 108 109
f 109 108 110
f 109 110 111
f 111 110 112
f 113 114 115
f 115 114 116
f 115 116 117
f 117 116 118
f 117 118 119
f 119 118 120
f 119 120 121
f 121 120 122
f 121 122 123
f 123 122 124
f 123 124 125
f 125 124 126
f 125 126 127
f 127 126 128
f 129 130 131
f 131 130 132
f 131 132 133
f 133 132 134
f 133 134 135
f 135 134 136
f 135 136 137
f 137 136 138
f 137 138 139
f 139 138 140
f 139 140 141
f 141 140 142
f 143 144 145
f 145 144 146
f 145 146 147
f 147 146 148
f 147 148 149
f 149 148 150
f 149 150 151
f 151 150 152
f 151 152 153
f 153 152 154
f 153 154 155
f 155 154 156
f 157 158 159
f 159 158 160
f 159 160 161
f 161 160 162
f 161 162 163
f 163 162 164
f 163 164 165
f 165 164 166
f 165 166 167
f 167 166 168
f 167 168 169
f 169 168 170
f 171 172 173
f 173 174 171
f 171 174 175
f 171 175 176
f 176 175 177
f 177 178 176
f 176 178 179
f 176 179 180
f 180 179 181
f 181 179 182
f 181 182 183
f 184 185 186
f 184 186 187
f 186 188 187
f 187 188 189
f 187 189 190
f 190 189 191
f 190 191 192
f 192 191 193
f 192 193 194
f 194 193 195
f 195 193 196
f 195 196 197
f 198 199 200
f 200 201 198
f 198 201 202
f 198 202 203
f 203 202 204
f 204 205 203
f 203 205 206
f 203 206 207
f 207 206 208
f 208 206 209
f 208 209 210
f 211 212 213
f 211 213 214
f 213 215 214
f 214 215 216
f 214 216 217
f 217 216 218
f 217 218 219
f 219 218 220
f 219 220 221
f 221 220 222
f 222 220 223
f 222 223 224
f 183 182 225
f 225 182 226
f 225 226 227
f 227 226 228
f 227 228 229
f 229 228 230
f 229 230 184
f 184 230 185
f 223 173 224
f 224 173 172
f 210 209 231
f 231 209 232
f 231 232 233
f 233 232 234
f 233 234 235
f 235 234 236
f 235 236 211
f 211 236 212
f 199 197 200
f 200 197 196
f 237 238 239
f 238 240 239
f 239 240 241
f 239 241 242
f 242 241 243
f 237 239 244
f 244 239 245
f 244 245 246
f 246 245 247
f 246 247 248
f 248 247 249
f 249 247 250
f 249 250 251
f 251 250 252
f 251 252 253
f 253 252 254
f 253 254 255
f 255 254 256
f 257 255 258
f 258 255 256
f 257 258 259
f 259 258 260
f 259 260 261
f 261 260 262
f 261 262 263
f 263 262 264
f 263 264 265
f 265 264 266
f 265 266 267
f 267 266 268
f 267 268 269
f 269 268 270
f 269 270 271
f 271 270 272
f 271 272 273
f 273 272 274
f 273 274 275
f 275 274 276
f 275 276 277
f 277 276 278
f 277 278 279
f 279 278 280
f 281 282 283
f 281 283 284
f 284 283 279
f 284 279 280
f 282 281 285
f 285 281 286
f 285 286 287
f 287 286 288
f 287 288 289
f 289 288 290
f 289 290 291
f 291 290 292
f 291 292 293
f 293 292 294
f 293 294 295
f 295 294 296
f 295 296 297
f 297 296 298
f 297 298 299
f 299 298 300
f 299 300 301
f 301 300 302
f 301 302 303
f 303 302 304
f 303 304 305
f 305 304 306
f 307 305 308
f 308 305 306
f 307 308 309
f 309 308 310
f 309 310 311
f 311 310 312
f 311 312 313
f 313 312 314
f 313 314 315
f 315 314 316
f 317 318 319
f 320 321 322
f 322 321 323
f 322 323 324
f 324 323 317
f 324 317 325
f 325 317 319
f 320 326 321
f 321 326 327
f 321 327 328
f 328 327 329
f 328 329 316
f 316 329 315
f 330 331 332
f 332 331 333
f 334 335 336
f 336 335 337
f 336 337 338
f 338 337 339
f 338 339 333
f 333 339 340
f 333 340 332
f 335 334 341
f 341 334 342
f 343 344 345
f 345 344 346
f 345 346 347
f 347 346 348
f 347 348 349
f 349 348 350
f 349 350 351
f 351 350 352
f 351 352 342
f 342 352 341
f 353 354 355
f 355 354 356
f 355 356 343
f 343 356 344
f 357 358 359
f 359 358 360
f 359 360 361
f 361 360 362
f 361 362 363
f 363 362 364
f 363 364 365
f 365 364 366
f 365 366 353
f 353 366 354
f 358 357 367
f 367 357 368
f 369 370 371
f 371 370 372
f 371 372 373
f 367 368 374
f 374 368 375
f 374 375 376
f 376 375 377
f 376 377 378
f 378 377 379
f 378 379 372
f 372 379 380
f 372 380 373
f 296 367 374
f 296 374 298
f 374 376 298
f 298 376 378
f 298 378 300
f 300 378 302
f 302 378 372
f 302 372 304
f 372 370 304
f 304 370 369
f 304 369 306
f 281 354 366
f 281 366 286
f 366 364 286
f 286 364 362
f 286 362 288
f 288 362 360
f 288 360 290
f 290 360 292
f 292 360 358
f 292 358 294
f 270 341 352
f 270 352 272
f 352 350 272
f 272 350 348
f 272 348 274
f 274 348 346
f 274 346 276
f 276 346 278
f 278 346 344
f 278 344 280
f 258 330 332
f 258 332 260
f 332 340 260
f 260 340 339
f 260 339 262
f 262 339 264
f 264 339 337
f 264 337 266
f 266 337 335
f 266 335 268
f 354 281 356
f 356 281 284
f 356 284 344
f 344 284 280
f 341 270 335
f 335 270 268
f 367 296 358
f 358 296 294
f 342 334 381
f 355 343 382
f 343 345 382
f 382 345 347
f 382 347 349
f 334 336 381
f 381 336 338
f 381 338 333
f 379 381 380
f 380 381 373
f 379 377 381
f 381 377 375
f 381 375 368
f 365 353 383
f 359 361 383
f 383 361 363
f 383 363 365
f 349 351 382
f 382 351 342
f 382 342 355
f 355 342 381
f 355 381 353
f 353 381 368
f 353 368 383
f 383 368 357
f 383 357 359
f 384 385 386
f 386 385 387
f 386 387 388
f 388 387 389
f 388 389 390
f 390 389 391
f 390 391 392
f 392 391 393
f 392 393 394
f 394 393 395
f 394 395 396
f 396 395 397
f 398 399 400
f 401 402 403
f 403 402 404
f 400 405 398
f 398 405 406
f 398 406 407
f 407 406 408
f 407 408 409
f 409 408 410
f 409 410 404
f 404 410 411
f 404 411 403
f 412 404 413
f 413 404 402
f 413 402 414
f 415 398 416
f 416 398 407
f 416 407 412
f 412 407 409
f 412 409 404
f 417 401 418
f 418 401 403
f 418 403 411
f 412 413 419
f 420 421 422
f 422 421 423
f 424 425 420
f 420 425 426
f 420 426 421
f 420 427 424
f 424 427 428
f 424 428 429
f 429 428 430
f 429 430 431
f 431 430 432
f 431 432 433
f 433 432 419
f 433 419 434
f 434 419 413
f 434 413 414
f 435 436 437
f 437 438 435
f 435 438 439
f 435 439 440
f 440 439 441
f 440 441 442
f 442 441 443
f 442 443 444
f 444 443 445
f 444 445 446
f 446 445 447
f 446 447 448
f 448 447 449
f 448 449 450
f 450 449 415
f 415 416 450
f 450 416 451
f 450 451 448
f 448 451 452
f 448 452 446
f 446 452 453
f 446 453 444
f 444 453 454
f 444 454 442
f 442 454 455
f 442 455 440
f 440 455 456
f 440 456 435
f 435 456 457
f 435 457 436
f 436 457 458
f 416 412 451
f 451 412 419
f 451 419 452
f 452 419 432
f 452 432 453
f 453 432 430
f 453 430 454
f 454 430 428
f 454 428 455
f 455 428 427
f 455 427 456
f 456 427 420
f 456 420 457
f 457 420 422
f 457 422 458
f 458 422 423
f 459 460 461
f 459 461 462
f 462 461 463
f 463 461 464
f 463 464 465
f 465 464 466
f 466 464 467
f 466 467 468
f 467 469 468
f 468 469 470
f 468 470 471
f 461 472 464
f 464 472 473
f 464 473 467
f 467 473 474
f 467 474 469
f 469 474 475
f 469 475 470
f 470 475 476
f 249 251 471
f 471 251 468
f 468 251 466
f 466 251 253
f 466 253 465
f 465 253 463
f 463 253 255
f 463 255 462
f 474 473 477
f 478 238 237
f 476 479 480
f 480 479 481
f 480 481 482
f 482 481 483
f 482 483 484
f 484 483 485
f 484 485 486
f 486 485 487
f 486 487 488
f 488 487 489
f 488 489 490
f 490 489 478
f 490 478 491
f 491 478 237
f 491 237 244
f 492 243 241
f 476 475 479
f 479 475 493
f 479 493 481
f 481 493 494
f 481 494 483
f 483 494 495
f 483 495 485
f 485 495 496
f 485 496 487
f 487 496 497
f 487 497 489
f 489 497 498
f 489 498 478
f 478 498 499
f 478 499 238
f 238 499 240
f 475 474 493
f 493 474 477
f 493 477 494
f 494 477 500
f 494 500 495
f 495 500 501
f 495 501 496
f 496 501 502
f 496 502 497
f 497 502 503
f 497 503 498
f 498 503 504
f 498 504 499
f 499 504 505
f 499 505 240
f 240 505 241
f 241 505 492
f 492 505 504
f 492 504 506
f 506 504 503
f 506 503 507
f 507 503 502
f 507 502 508
f 508 502 501
f 508 501 509
f 509 501 500
f 509 500 510
f 510 500 477
f 510 477 511
f 511 477 473
f 511 473 472
f 512 513 514
f 515 516 517
f 517 516 518
f 514 519 512
f 512 519 520
f 512 520 521
f 521 520 522
f 521 522 523
f 523 522 524
f 523 524 518
f 518 524 525
f 518 525 517
f 526 518 527
f 527 518 516
f 527 516 528
f 529 512 530
f 530 512 521
f 530 521 526
f 526 521 523
f 526 523 518
f 519 307 520
f 520 307 309
f 520 309 522
f 311 313 515
f 515 517 311
f 311 517 525
f 311 525 309
f 309 525 524
f 309 524 522
f 526 527 531
f 320 322 532
f 324 325 533
f 533 325 319
f 534 327 326
f 326 535 534
f 534 535 536
f 534 536 537
f 537 536 538
f 537 538 539
f 539 538 540
f 539 540 541
f 541 540 542
f 541 542 543
f 543 542 544
f 543 544 545
f 545 544 531
f 545 531 546
f 546 531 527
f 546 527 528
f 529 547 548
f 548 547 549
f 548 549 550
f 550 549 551
f 550 551 552
f 552 551 553
f 552 553 554
f 554 553 555
f 554 555 556
f 556 555 557
f 556 557 558
f 558 557 533
f 558 533 559
f 559 533 319
f 559 319 318
f 529 530 547
f 547 530 560
f 547 560 549
f 549 560 561
f 549 561 551
f 551 561 562
f 551 562 553
f 553 562 563
f 553 563 555
f 555 563 564
f 555 564 557
f 557 564 565
f 557 565 533
f 533 565 532
f 533 532 324
f 324 532 322
f 530 526 560
f 560 526 531
f 560 531 561
f 561 531 544
f 561 544 562
f 562 544 542
f 562 542 563
f 563 542 540
f 563 540 564
f 564 540 538
f 564 538 565
f 565 538 536
f 565 536 532
f 532 536 535
f 532 535 320
f 320 535 326
f 566 567 568
f 566 568 569
f 569 568 570
f 569 570 571
f 572 573 574
f 573 575 574
f 574 575 576
f 574 576 570
f 570 576 577
f 570 577 571
f 574 578 572
f 572 578 579
f 572 579 580
f 568 581 570
f 570 581 582
f 570 582 574
f 574 582 583
f 574 583 578
f 578 583 584
f 578 584 579
f 579 584 585
f 580 586 572
f 572 586 587
f 577 576 588
f 588 576 575
f 588 575 587
f 587 575 573
f 587 573 572
f 577 588 571
f 571 588 589
f 571 589 569
f 583 582 590
f 591 592 593
f 594 595 596
f 585 597 598
f 598 597 599
f 598 599 600
f 600 599 601
f 600 601 602
f 602 601 603
f 602 603 604
f 604 603 605
f 604 605 606
f 606 605 607
f 606 607 608
f 608 607 609
f 608 609 610
f 610 609 611
f 610 611 612
f 613 614 591
f 585 584 597
f 597 584 615
f 597 615 599
f 599 615 616
f 599 616 601
f 601 616 617
f 601 617 603
f 603 617 618
f 603 618 605
f 605 618 619
f 605 619 607
f 607 619 620
f 607 620 609
f 609 620 596
f 609 596 611
f 611 596 595
f 584 583 615
f 615 583 590
f 615 590 616
f 616 590 621
f 616 621 617
f 617 621 622
f 617 622 618
f 618 622 623
f 618 623 619
f 619 623 624
f 619 624 620
f 620 624 625
f 620 625 596
f 596 625 593
f 596 593 594
f 594 593 592
f 591 593 613
f 613 593 625
f 613 625 626
f 626 625 624
f 626 624 627
f 627 624 623
f 627 623 628
f 628 623 622
f 628 622 629
f 629 622 621
f 629 621 630
f 630 621 590
f 630 590 631
f 631 590 582
f 631 582 581
f 632 633 634
f 635 636 637
f 637 636 638
f 634 639 632
f 632 639 640
f 632 640 641
f 641 640 642
f 641 642 643
f 643 642 644
f 643 644 638
f 638 644 645
f 638 645 637
f 646 638 647
f 647 638 636
f 647 636 648
f 649 632 650
f 650 632 641
f 650 641 646
f 646 641 643
f 646 643 638
f 639 651 640
f 640 651 652
f 640 652 642
f 653 654 635
f 635 637 653
f 653 637 645
f 653 645 652
f 652 645 644
f 652 644 642
f 646 647 655
f 656 657 658
f 658 657 659
f 660 661 656
f 656 661 662
f 656 662 657
f 656 663 660
f 660 663 664
f 660 664 665
f 665 664 666
f 665 666 667
f 667 666 668
f 667 668 669
f 669 668 655
f 669 655 670
f 670 655 647
f 670 647 648
f 671 672 673
f 673 674 671
f 671 674 675
f 671 675 676
f 676 675 677
f 676 677 678
f 678 677 679
f 678 679 680
f 680 679 681
f 680 681 682
f 682 681 683
f 682 683 684
f 684 683 685
f 684 685 686
f 686 685 649
f 649 650 686
f 686 650 687
f 686 687 684
f 684 687 688
f 684 688 682
f 682 688 689
f 682 689 680
f 680 689 690
f 680 690 678
f 678 690 691
f 678 691 676
f 676 691 692
f 676 692 671
f 671 692 693
f 671 693 672
f 672 693 694
f 650 646 687
f 687 646 655
f 687 655 688
f 688 655 668
f 688 668 689
f 689 668 666
f 689 666 690
f 690 666 664
f 690 664 691
f 691 664 663
f 691 663 692
f 692 663 656
f 692 656 693
f 693 656 658
f 693 658 694
f 694 658 659
f 695 696 697
f 695 697 698
f 698 697 699
f 699 697 700
f 699 700 701
f 701 700 702
f 702 700 703
f 702 703 704
f 703 705 704
f 704 705 706
f 704 706 707
f 697 708 700
f 700 708 709
f 700 709 703
f 703 709 710
f 703 710 705
f 705 710 711
f 705 711 706
f 706 711 712
f 713 714 707
f 707 714 704
f 704 714 702
f 702 714 715
f 702 715 701
f 701 715 699
f 699 715 716
f 699 716 698
f 710 709 717
f 718 719 720
f 721 722 723
f 712 724 725
f 725 724 726
f 725 726 727
f 727 726 728
f 727 728 729
f 729 728 730
f 729 730 731
f 731 730 732
f 731 732 733
f 733 732 734
f 733 734 735
f 735 734 736
f 735 736 737
f 737 736 738
f 737 738 739
f 740 741 718
f 712 711 724
f 724 711 742
f 724 742 726
f 726 742 743
f 726 743 728
f 728 743 744
f 728 744 730
f 730 744 745
f 730 745 732
f 732 745 746
f 732 746 734
f 734 746 747
f 734 747 736
f 736 747 723
f 736 723 738
f 738 723 722
f 711 710 742
f 742 710 717
f 742 717 743
f 743 717 748
f 743 748 744
f 744 748 749
f 744 749 745
f 745 749 750
f 745 750 746
f 746 750 751
f 746 751 747
f 747 751 752
f 747 752 723
f 723 752 720
f 723 720 721
f 721 720 719
f 718 720 740
f 740 720 752
f 740 752 753
f 753 752 751
f 753 751 754
f 754 751 750
f 754 750 755
f 755 750 749
f 755 749 756
f 756 749 748
f 756 748 757
f 757 748 717
f 757 717 758
f 758 717 709
f 758 709 708
f 759 760 761
f 761 760 762
f 761 762 763
f 764 765 766
f 766 765 767
f 768 769 767
f 767 769 770
f 767 770 766
f 762 771 763
f 763 771 772
f 763 772 768
f 768 772 773
f 768 773 769
f 774 761 775
f 775 761 763
f 775 763 776
f 776 763 768
f 776 768 777
f 777 768 767
f 777 767 778
f 778 767 765
f 762 779 771
f 771 779 780
f 771 780 772
f 781 764 782
f 782 764 766
f 766 770 782
f 782 770 769
f 782 769 780
f 780 769 773
f 780 773 772
f 776 777 783
f 784 785 786
f 786 785 787
f 788 789 784
f 784 789 790
f 784 790 785
f 784 791 788
f 788 791 792
f 788 792 793
f 793 792 794
f 793 794 795
f 795 794 796
f 795 796 797
f 797 796 783
f 797 783 798
f 798 783 777
f 798 777 778
f 799 800 801
f 801 802 799
f 799 802 803
f 799 803 804
f 804 803 805
f 804 805 806
f 806 805 807
f 806 807 808
f 808 807 809
f 808 809 810
f 810 809 811
f 810 811 812
f 812 811 813
f 812 813 814
f 814 813 774
f 774 775 814
f 814 775 815
f 814 815 812
f 812 815 816
f 812 816 810
f 810 816 817
f 810 817 808
f 808 817 818
f 808 818 806
f 806 818 819
f 806 819 804
f 804 819 820
f 804 820 799
f 799 820 821
f 799 821 800
f 800 821 822
f 775 776 815
f 815 776 783
f 815 783 816
f 816 783 796
f 816 796 817
f 817 796 794
f 817 794 818
f 818 794 792
f 818 792 819
f 819 792 791
f 819 791 820
f 820 791 784
f 820 784 821
f 821 784 786
f 821 786 822
f 822 786 787
f 823 824 825
f 823 825 826
f 826 825 827
f 826 827 828
f 829 830 831
f 830 832 831
f 831 832 833
f 831 833 827
f 827 833 834
f 827 834 828
f 831 835 829
f 829 835 836
f 829 836 837
f 825 838 827
f 827 838 839
f 827 839 831
f 831 839 840
f 831 840 835
f 835 840 841
f 835 841 836
f 836 841 842
f 837 843 829
f 829 843 844
f 834 833 845
f 845 833 832
f 845 832 844
f 844 832 830
f 844 830 829
f 834 845 828
f 828 845 846
f 828 846 826
f 840 839 847
f 848 849 850
f 851 852 853
f 842 854 855
f 855 854 856
f 855 856 857
f 857 856 858
f 857 858 859
f 859 858 860
f 859 860 861
f 861 860 862
f 861 862 863
f 863 862 864
f 863 864 865
f 865 864 866
f 865 866 867
f 867 866 868
f 867 868 869
f 870 871 848
f 842 841 854
f 854 841 872
f 854 872 856
f 856 872 873
f 856 873 858
f 858 873 874
f 858 874 860
f 860 874 875
f 860 875 862
f 862 875 876
f 862 876 864
f 864 876 877
f 864 877 866
f 866 877 853
f 866 853 868
f 868 853 852
f 841 840 872
f 872 840 847
f 872 847 873
f 873 847 878
f 873 878 874
f 874 878 879
f 874 879 875
f 875 879 880
f 875 880 876
f 876 880 881
f 876 881 877
f 877 881 882
f 877 882 853
f 853 882 850
f 853 850 851
f 851 850 849
f 848 850 870
f 870 850 882
f 870 882 883
f 883 882 881
f 883 881 884
f 884 881 880
f 884 880 885
f 885 880 879
f 885 879 886
f 886 879 878
f 886 878 887
f 887 878 847
f 887 847 888
f 888 847 839
f 888 839 838
f 889 890 891
f 891 890 892
f 891 892 893
f 894 895 896
f 896 895 897
f 898 899 897
f 897 899 900
f 897 900 896
f 892 901 893
f 893 901 902
f 893 902 898
f 898 902 903
f 898 903 899
f 904 891 905
f 905 891 893
f 905 893 906
f 906 893 898
f 906 898 907
f 907 898 897
f 907 897 908
f 908 897 895
f 892 909 901
f 901 909 910
f 901 910 902
f 911 894 912
f 912 894 896
f 896 900 912
f 912 900 899
f 912 899 910
f 910 899 903
f 910 903 902
f 906 907 913
f 914 915 916
f 916 915 917
f 918 919 914
f 914 919 920
f 914 920 915
f 914 921 918
f 918 921 922
f 918 922 923
f 923 922 924
f 923 924 925
f 925 924 926
f 925 926 927
f 927 926 913
f 927 913 928
f 928 913 907
f 928 907 908
f 929 930 931
f 931 932 929
f 929 932 933
f 929 933 934
f 934 933 935
f 934 935 936
f 936 935 937
f 936 937 938
f 938 937 939
f 938 939 940
f 940 939 941
f 940 941 942
f 942 941 943
f 942 943 944
f 944 943 904
f 904 905 944
f 944 905 945
f 944 945 942
f 942 945 946
f 942 946 940
f 940 946 947
f 940 947 938
f 938 947 948
f 938 948 936
f 936 948 949
f 936 949 934
f 934 949 950
f 934 950 929
f 929 950 951
f 929 951 930
f 930 951 952
f 905 906 945
f 945 906 913
f 945 913 946
f 946 913 926
f 946 926 947
f 947 926 924
f 947 924 948
f 948 924 922
f 948 922 949
f 949 922 921
f 949 921 950
f 950 921 914
f 950 914 951
f 951 914 916
f 951 916 952
f 952 916 917
f 953 954 955
f 956 957 955
f 955 957 958
f 955 958 953
f 959 960 956
f 956 960 961
f 956 961 957
f 956 962 959
f 959 962 963
f 959 963 964
f 965 966 963
f 963 966 967
f 963 967 964
f 955 968 956
f 956 968 969
f 956 969 962
f 962 969 970
f 962 970 963
f 963 970 971
f 963 971 965
f 965 971 972
f 964 973 959
f 959 973 974
f 958 957 975
f 975 957 961
f 975 961 974
f 974 961 960
f 974 960 959
f 970 969 976
f 977 978 979
f 980 981 982
f 972 983 984
f 984 983 985
f 984 985 986
f 986 985 987
f 986 987 988
f 988 987 989
f 988 989 990
f 990 989 991
f 990 991 992
f 992 991 993
f 992 993 994
f 994 993 995
f 994 995 996
f 996 995 997
f 996 997 998
f 999 1000 977
f 972 971 983
f 983 971 1001
f 983 1001 985
f 985 1001 1002
f 985 1002 987
f 987 1002 1003
f 987 1003 989
f 989 1003 1004
f 989 1004 991
f 991 1004 1005
f 991 1005 993
f 993 1005 1006
f 993 1006 995
f 995 1006 982
f 995 982 997
f 997 982 981
f 971 970 1001
f 1001 970 976
f 1001 976 1002
f 1002 976 1007
f 1002 1007 1003
f 1003 1007 1008
f 1003 1008 1004
f 1004 1008 1009
f 1004 1009 1005
f 1005 1009 1010
f 1005 1010 1006
f 1006 1010 1011
f 1006 1011 982
f 982 1011 979
f 982 979 980
f 980 979 978
f 977 979 999
f 999 979 1011
f 999 1011 1012
f 1012 1011 1010
f 1012 1010 1013
f 1013 1010 1009
f 1013 1009 1014
f 1014 1009 1008
f 1014 1008 1015
f 1015 1008 1007
f 1015 1007 1016
f 1016 1007 976
f 1016 976 1017
f 1017 976 969
f 1017 969 968
f 1018 247 245
f 437 436 1019
f 1019 436 458
f 1019 458 1020
f 1020 458 423
f 1020 423 239
f 239 423 421
f 239 421 245
f 245 421 1021
f 245 1021 1018
f 491 244 246
f 491 246 490
f 249 471 248
f 248 471 470
f 470 476 248
f 248 476 480
f 248 480 482
f 482 484 248
f 248 484 486
f 248 486 246
f 246 486 488
f 246 488 490
f 1021 421 426
f 401 417 402
f 402 417 1018
f 402 1018 414
f 431 433 1018
f 1018 433 434
f 1018 434 414
f 426 425 1021
f 1021 425 424
f 1021 424 1018
f 1018 424 429
f 1018 429 431
f 1022 612 321
f 321 612 611
f 321 611 1023
f 1023 611 1024
f 1024 611 595
f 1024 595 594
f 594 592 1024
f 1024 592 591
f 1024 591 614
f 321 328 1022
f 1022 328 316
f 1022 316 1025
f 610 612 1022
f 610 1022 608
f 586 580 1025
f 1025 580 579
f 579 585 1025
f 1025 585 598
f 1025 598 600
f 600 602 1025
f 1025 602 604
f 1025 604 1022
f 1022 604 606
f 1022 606 608
f 545 546 315
f 545 315 543
f 329 327 534
f 515 313 516
f 516 313 315
f 516 315 528
f 528 315 546
f 534 537 329
f 329 537 539
f 329 539 315
f 315 539 541
f 315 541 543
f 1026 1027 1028
f 1028 1027 1029
f 733 735 1030
f 1030 735 737
f 1030 737 739
f 713 707 1027
f 1027 707 706
f 733 1030 731
f 731 1030 1029
f 731 1029 729
f 706 712 1027
f 1027 712 725
f 1027 725 1029
f 1029 725 1031
f 1029 1031 729
f 1032 657 662
f 635 654 636
f 636 654 1026
f 667 669 1028
f 1028 669 670
f 1028 670 1026
f 1026 670 648
f 1026 648 636
f 662 661 1032
f 1032 661 660
f 1032 660 1028
f 1028 660 665
f 1028 665 667
f 822 1033 800
f 800 1033 801
f 1034 1035 1036
f 1036 1035 1037
f 1036 1037 785
f 785 1037 869
f 785 869 787
f 787 869 868
f 787 868 822
f 822 868 1033
f 1033 868 852
f 1033 852 851
f 851 849 1033
f 1033 849 848
f 1033 848 871
f 867 869 1037
f 867 1037 1038
f 843 837 1035
f 1035 837 836
f 836 842 1035
f 1035 842 855
f 1035 855 857
f 857 859 1035
f 1035 859 861
f 1035 861 1037
f 1037 861 863
f 1037 863 1038
f 1036 785 790
f 764 781 765
f 765 781 1034
f 765 1034 778
f 795 797 1034
f 1034 797 798
f 1034 798 778
f 790 789 1036
f 1036 789 788
f 1036 788 1034
f 1034 788 793
f 1034 793 795
f 952 1039 930
f 930 1039 931
f 1040 1041 1042
f 1042 1041 1043
f 1042 1043 915
f 915 1043 998
f 915 998 917
f 917 998 997
f 917 997 952
f 952 997 1039
f 1039 997 981
f 1039 981 980
f 980 978 1039
f 1039 978 977
f 1039 977 1000
f 996 998 1043
f 996 1043 994
f 1044 966 1041
f 1041 966 965
f 965 972 1041
f 1041 972 984
f 1041 984 986
f 986 988 1041
f 1041 988 990
f 1041 990 1043
f 1043 990 992
f 1043 992 994
f 1042 915 920
f 894 911 895
f 895 911 1040
f 895 1040 908
f 925 927 1040
f 1040 927 928
f 1040 928 908
f 920 919 1042
f 1042 919 918
f 1042 918 1040
f 1040 918 923
f 1040 923 925
f 1045 1046 1047
f 1048 1049 1050
f 1050 1049 1051
f 1047 1052 1045
f 1045 1052 1053
f 1045 1053 1054
f 1054 1053 1055
f 1054 1055 1056
f 1056 1055 1057
f 1056 1057 1051
f 1051 1057 1058
f 1051 1058 1050
f 1059 1051 1060
f 1060 1051 1049
f 1060 1049 1061
f 1062 1045 1063
f 1063 1045 1054
f 1063 1054 1059
f 1059 1054 1056
f 1059 1056 1051
f 1052 1064 1053
f 1053 1064 1065
f 1053 1065 1055
f 1066 1067 1048
f 1048 1050 1066
f 1066 1050 1058
f 1066 1058 1065
f 1065 1058 1057
f 1065 1057 1055
f 1059 1060 1068
f 1069 1070 1071
f 1071 1070 1072
f 1071 1072 1073
f 1073 1072 1074
f 1073 1074 1075
f 1075 1074 1076
f 1077 1078 1069
f 1069 1078 1079
f 1069 1079 1070
f 1069 1080 1077
f 1077 1080 1081
f 1077 1081 1082
f 1082 1081 1068
f 1082 1068 1083
f 1083 1068 1060
f 1083 1060 1061
f 1084 1085 1086
f 1086 1087 1084
f 1084 1087 1088
f 1084 1088 1089
f 1089 1088 1090
f 1089 1090 1091
f 1091 1090 1092
f 1091 1092 1093
f 1093 1092 1094
f 1093 1094 1095
f 1095 1094 1096
f 1095 1096 1097
f 1097 1096 1098
f 1097 1098 1099
f 1099 1098 1062
f 1062 1063 1099
f 1099 1063 1100
f 1099 1100 1097
f 1097 1100 1101
f 1097 1101 1095
f 1095 1101 1102
f 1095 1102 1093
f 1093 1102 1103
f 1093 1103 1091
f 1091 1103 1104
f 1091 1104 1089
f 1089 1104 1105
f 1089 1105 1084
f 1084 1105 1106
f 1084 1106 1085
f 1085 1106 1107
f 1063 1059 1100
f 1100 1059 1068
f 1100 1068 1101
f 1101 1068 1081
f 1101 1081 1102
f 1102 1081 1080
f 1102 1080 1103
f 1103 1080 1069
f 1103 1069 1104
f 1104 1069 1071
f 1104 1071 1105
f 1105 1071 1073
f 1105 1073 1106
f 1106 1073 1075
f 1106 1075 1107
f 1107 1075 1076
f 1108 1109 1110
f 1108 1110 1111
f 1111 1110 1112
f 1112 1110 1113
f 1112 1113 1114
f 1114 1113 1115
f 1115 1113 1116
f 1115 1116 1117
f 1116 1118 1117
f 1117 1118 1119
f 1117 1119 1120
f 1110 1121 1113
f 1113 1121 1122
f 1113 1122 1116
f 1116 1122 1123
f 1116 1123 1118
f 1118 1123 1124
f 1118 1124 1119
f 1119 1124 1125
f 1126 1127 1120
f 1120 1127 1117
f 1117 1127 1115
f 1115 1127 1128
f 1115 1128 1114
f 1114 1128 1112
f 1112 1128 1129
f 1112 1129 1111
f 1123 1122 1130
f 1131 1132 1133
f 1134 1135 1136
f 1125 1137 1138
f 1138 1137 1139
f 1138 1139 1140
f 1140 1139 1141
f 1140 1141 1142
f 1142 1141 1143
f 1142 1143 1144
f 1144 1143 1145
f 1144 1145 1146
f 1146 1145 1147
f 1146 1147 1148
f 1148 1147 1149
f 1148 1149 1150
f 1150 1149 1151
f 1150 1151 1152
f 1153 1154 1131
f 1125 1124 1137
f 1137 1124 1155
f 1137 1155 1139
f 1139 1155 1156
f 1139 1156 1141
f 1141 1156 1157
f 1141 1157 1143
f 1143 1157 1158
f 1143 1158 1145
f 1145 1158 1159
f 1145 1159 1147
f 1147 1159 1160
f 1147 1160 1149
f 1149 1160 1136
f 1149 1136 1151
f 1151 1136 1135
f 1124 1123 1155
f 1155 1123 1130
f 1155 1130 1156
f 1156 1130 1161
f 1156 1161 1157
f 1157 1161 1162
f 1157 1162 1158
f 1158 1162 1163
f 1158 1163 1159
f 1159 1163 1164
f 1159 1164 1160
f 1160 1164 1165
f 1160 1165 1136
f 1136 1165 1133
f 1136 1133 1134
f 1134 1133 1132
f 1131 1133 1153
f 1153 1133 1165
f 1153 1165 1166
f 1166 1165 1164
f 1166 1164 1167
f 1167 1164 1163
f 1167 1163 1168
f 1168 1163 1162
f 1168 1162 1169
f 1169 1162 1161
f 1169 1161 1170
f 1170 1161 1130
f 1170 1130 1171
f 1171 1130 1122
f 1171 1122 1121
f 1107 1172 1085
f 1085 1172 1086
f 1173 1174 1175
f 1175 1174 1176
f 1175 1176 1074
f 1074 1176 1152
f 1074 1152 1076
f 1076 1152 1151
f 1076 1151 1107
f 1107 1151 1172
f 1172 1151 1135
f 1172 1135 1134
f 1134 1132 1172
f 1172 1132 1131
f 1172 1131 1154
f 1150 1152 1176
f 1150 1176 1148
f 1126 1120 1174
f 1174 1120 1119
f 1119 1125 1174
f 1174 1125 1138
f 1174 1138 1140
f 1140 1142 1174
f 1174 1142 1144
f 1174 1144 1176
f 1176 1144 1146
f 1176 1146 1148
f 1175 1074 1072
f 1048 1067 1049
f 1049 1067 1173
f 1049 1173 1061
f 1072 1070 1175
f 1175 1070 1079
f 1175 1079 1173
f 1173 1079 1078
f 1173 1078 1077
f 1077 1082 1173
f 1173 1082 1083
f 1173 1083 1061
f 1177 1178 1179
f 1177 1179 1180
f 1179 1181 1180
f 1180 1181 1182
f 1180 1182 1183
f 1183 1182 1184
f 1183 1184 1185
f 1185 1184 1186
f 1185 1186 1187
f 1187 1186 1188
f 1188 1186 1189
f 1188 1189 1190
f 1191 1192 1193
f 1191 1193 1194
f 1193 1195 1194
f 1194 1195 1196
f 1194 1196 1197
f 1197 1196 1198
f 1197 1198 1199
f 1199 1198 1200
f 1199 1200 1201
f 1201 1200 1202
f 1202 1200 1203
f 1202 1203 1204
f 1205 1206 1207
f 1205 1207 1208
f 1207 1209 1208
f 1208 1209 1210
f 1208 1210 1211
f 1211 1210 1212
f 1211 1212 1213
f 1213 1212 1214
f 1213 1214 1215
f 1215 1214 1216
f 1216 1214 1217
f 1216 1217 1218
f 1219 1220 1221
f 1221 1220 1222
f 1220 1223 1222
f 1222 1223 1224
f 1222 1224 1225
f 1225 1224 1226
f 1225 1226 1227
f 1227 1226 1228
f 1227 1228 1229
f 1229 1228 1230
f 1230 1228 1231
f 1230 1231 1232
f 1206 1205 1233
f 1233 1205 1234
f 1233 1234 1235
f 1235 1234 1236
f 1235 1236 1221
f 1221 1236 1219
f 1217 1192 1218
f 1218 1192 1191
f 1231 1178 1232
f 1232 1178 1177
f 1237 1238 1239
f 1239 1238 1240
f 1239 1240 1241
f 1241 1240 1242
f 1241 1242 1243
f 1243 1242 1244
f 1243 1244 1245
f 1245 1244 1246
f 1245 1246 1247
f 1247 1246 1248
f 1247 1248 1249
f 1249 1248 1250
f 1251 1252 1253
f 1253 1252 1254
f 1253 1254 1255
f 1255 1254 1256
f 1255 1256 1257
f 1257 1256 1258
f 1257 1258 1259
f 1259 1258 1260
f 1259 1260 1261
f 1261 1260 1262
f 1261 1262 1263
f 1263 1262 1264
f 1265 1266 1267
f 1267 1266 1268
f 1267 1268 1269
f 1269 1268 1270
f 1269 1270 1271
f 1271 1270 1272
f 1271 1272 1273
f 1273 1272 1274
f 1273 1274 1275
f 1275 1274 1276
f 1275 1276 1277
f 1277 1276 1278
f 1279 1280 1281
f 1281 1280 1282
f 1281 1282 1283
f 1283 1282 1284
f 1283 1284 1285
f 1285 1284 1286
f 1285 1286 1287
f 1287 1286 1288
f 1287 1288 1289
f 1289 1288 1290
f 1289 1290 1291
f 1291 1290 1292
f 1293 1294 1295
f 1295 1294 1296
f 1295 1296 1297
f 1297 1296 1298
f 1297 1298 1299
f 1299 1298 1300
f 1299 1300 1301
f 1301 1300 1302
f 1301 1302 1303
f 1303 1302 1304
f 1303 1304 1305
f 1305 1304 1306
f 1305 1306 1307
f 1307 1306 1308
f 1307 1308 1309
f 1309 1308 1310
f 1309 1310 1311
f 1311 1310 1312
f 1311 1312 1313
f 1313 1312 1314
f 1313 1314 1315
f 1315 1314 1316
f 1315 1316 1317
f 1317 1316 1318
f 1317 1318 1319
f 1319 1318 1320
f 1319 1320 1321
f 1321 1320 1322
f 1321 1322 1323
f 1323 1322 1324
f 1323 1324 1325
f 1325 1324 1326
f 1327 1328 1329
f 1329 1328 1330
f 1329 1330 1331
f 1331 1330 1332
f 1331 1332 1333
f 1333 1332 1334
f 1333 1334 1335
f 1335 1334 1336
f 1335 1336 1337
f 1337 1336 1338
f 1337 1338 1339
f 1339 1338 1340
f 1341 1329 1342
f 1342 1329 1331
f 1342 1331 1343
f 1343 1331 1333
f 1343 1333 1344
f 1344 1333 1335
f 1344 1335 1345
f 1345 1335 1337
f 1345 1337 1346
f 1346 1337 1339
f 1346 1339 1347
f 1347 1339 1348
f 1347 1348 1349
f 1349 1348 1350
f 1349 1350 1351
f 1351 1350 1352
f 1351 1352 1353
f 1353 1352 1354
f 1353 1354 1355
f 1355 1354 1356
f 1355 1356 1357
f 1357 1356 1327
f 1357 1327 1341
f 1341 1327 1329
f 1358 1357 1359
f 1359 1357 1341
f 1359 1341 1360
f 1360 1341 1342
f 1360 1342 1361
f 1361 1342 1343
f 1361 1343 1362
f 1362 1343 1344
f 1362 1344 1363
f 1363 1344 1345
f 1363 1345 1364
f 1364 1345 1346
f 1365 1366 1367
f 1367 1366 1368
f 1367 1368 1369
f 1369 1368 1370
f 1369 1370 1371
f 1371 1370 1372
f 1371 1372 1373
f 1373 1372 1374
f 1373 1374 1375
f 1375 1374 1376
f 1375 1376 1377
f 1377 1376 1378
f 1379 1373 1380
f 1380 1373 1375
f 1380 1375 1381
f 1381 1375 1377
f 1381 1377 1382
f 1382 1377 1383
f 1382 1383 1384
f 1384 1383 1385
f 1384 1385 1386
f 1386 1385 1387
f 1386 1387 1388
f 1388 1387 1389
f 1388 1389 1390
f 1390 1389 1391
f 1390 1391 1392
f 1392 1391 1365
f 1392 1365 1393
f 1393 1365 1367
f 1393 1367 1394
f 1394 1367 1369
f 1394 1369 1395
f 1395 1369 1371
f 1395 1371 1379
f 1379 1371 1373
f 1396 1392 1397
f 1397 1392 1393
f 1397 1393 1398
f 1398 1393 1394
f 1398 1394 1399
f 1399 1394 1395
f 1399 1395 1400
f 1400 1395 1379
f 1400 1379 1401
f 1401 1379 1380
f 1401 1380 1402
f 1402 1380 1381
f 1403 1404 1405
f 1405 1404 1406
f 1405 1406 1407
f 1407 1406 1408
f 1407 1408 1409
f 1409 1408 1410
f 1409 1410 1411
f 1411 1410 1412
f 1411 1412 1413
f 1413 1412 1414
f 1413 1414 1415
f 1415 1414 1416
f 1417 1405 1418
f 1418 1405 1407
f 1418 1407 1419
f 1419 1407 1409
f 1419 1409 1420
f 1420 1409 1411
f 1420 1411 1421
f 1421 1411 1413
f 1421 1413 1422
f 1422 1413 1415
f 1422 1415 1423
f 1423 1415 1424
f 1423 1424 1425
f 1425 1424 1426
f 1425 1426 1427
f 1427 1426 1428
f 1427 1428 1429
f 1429 1428 1430
f 1429 1430 1431
f 1431 1430 1432
f 1431 1432 1433
f 1433 1432 1403
f 1433 1403 1417
f 1417 1403 1405
f 1434 1433 1435
f 1435 1433 1417
f 1435 1417 1436
f 1436 1417 1418
f 1436 1418 1437
f 1437 1418 1419
f 1437 1419 1438
f 1438 1419 1420
f 1438 1420 1439
f 1439 1420 1421
f 1439 1421 1440
f 1440 1421 1422
f 1441 1442 1443
f 1443 1442 1444
f 1443 1444 1445
f 1445 1444 1446
f 1445 1446 1447
f 1447 1446 1448
f 1447 1448 1449
f 1449 1448 1450
f 1449 1450 1451
f 1451 1450 1452
f 1451 1452 1453
f 1453 1452 1454
f 1455 1443 1456
f 1456 1443 1445
f 1456 1445 1457
f 1457 1445 1447
f 1457 1447 1458
f 1458 1447 1449
f 1458 1449 1459
f 1459 1449 1451
f 1459 1451 1460
f 1460 1451 1453
f 1460 1453 1461
f 1461 1453 1462
f 1461 1462 1463
f 1463 1462 1464
f 1463 1464 1465
f 1465 1464 1466
f 1465 1466 1467
f 1467 1466 1468
f 1467 1468 1469
f 1469 1468 1470
f 1469 1470 1471
f 1471 1470 1441
f 1471 1441 1455
f 1455 1441 1443
f 1472 1471 1473
f 1473 1471 1455
f 1473 1455 1474
f 1474 1455 1456
f 1474 1456 1475
f 1475 1456 1457
f 1475 1457 1476
f 1476 1457 1458
f 1476 1458 1477
f 1477 1458 1459
f 1477 1459 1478
f 1478 1459 1460
f 1479 1480 1481
f 1481 1480 1482
f 1481 1482 1483
f 1483 1482 1484
f 1483 1484 1485
f 1485 1484 1486
f 1485 1486 1487
f 1487 1486 1488
f 1487 1488 1489
f 1489 1488 1490
f 1489 1490 1491
f 1491 1490 1492
f 1493 1491 1494
f 1494 1491 1495
f 1494 1495 1496
f 1496 1495 1497
f 1496 1497 1498
f 1498 1497 1499
f 1498 1499 1500
f 1500 1499 1501
f 1500 1501 1502
f 1502 1501 1503
f 1502 1503 1504
f 1504 1503 1479
f 1504 1479 1505
f 1505 1479 1481
f 1505 1481 1506
f 1506 1481 1483
f 1506 1483 1507
f 1507 1483 1485
f 1507 1485 1508
f 1508 1485 1487
f 1508 1487 1509
f 1509 1487 1489
f 1509 1489 1493
f 1493 1489 1491
f 1510 1504 1511
f 1511 1504 1505
f 1511 1505 1512
f 1512 1505 1506
f 1512 1506 1513
f 1513 1506 1507
f 1513 1507 1514
f 1514 1507 1508
f 1514 1508 1515
f 1515 1508 1509
f 1515 1509 1516
f 1516 1509 1493
f 1517 1518 1519
f 1519 1518 1520
f 1519 1520 1521
f 1521 1520 1522
f 1521 1522 1523
f 1523 1522 1524
f 1523 1524 1525
f 1525 1524 1526
f 1525 1526 1527
f 1527 1526 1528
f 1527 1528 1529
f 1529 1528 1530
f 1531 1529 1532
f 1532 1529 1533
f 1532 1533 1534
f 1534 1533 1535
f 1534 1535 1536
f 1536 1535 1537
f 1536 1537 1538
f 1538 1537 1539
f 1538 1539 1540
f 1540 1539 1541
f 1540 1541 1542
f 1542 1541 1517
f 1542 1517 1543
f 1543 1517 1519
f 1543 1519 1544
f 1544 1519 1521
f 1544 1521 1545
f 1545 1521 1523
f 1545 1523 1546
f 1546 1523 1525
f 1546 1525 1547
f 1547 1525 1527
f 1547 1527 1531
f 1531 1527 1529
f 1548 1542 1549
f 1549 1542 1543
f 1549 1543 1550
f 1550 1543 1544
f 1550 1544 1551
f 1551 1544 1545
f 1551 1545 1552
f 1552 1545 1546
f 1552 1546 1553
f 1553 1546 1547
f 1553 1547 1554
f 1554 1547 1531
f 1555 1556 1557
f 1557 1556 1558
f 1557 1558 1559
f 1559 1558 1560
f 1559 1560 1561
f 1561 1560 1562
f 1561 1562 1563
f 1563 1562 1564
f 1563 1564 1565
f 1565 1564 1566
f 1565 1566 1567
f 1567 1566 1568
f 1569 1561 1570
f 1570 1561 1563
f 1570 1563 1571
f 1571 1563 1565
f 1571 1565 1572
f 1572 1565 1567
f 1572 1567 1573
f 1573 1567 1574
f 1573 1574 1575
f 1575 1574 1576
f 1575 1576 1577
f 1577 1576 1578
f 1577 1578 1579
f 1579 1578 1580
f 1579 1580 1581
f 1581 1580 1582
f 1581 1582 1583
f 1583 1582 1555
f 1583 1555 1584
f 1584 1555 1557
f 1584 1557 1585
f 1585 1557 1559
f 1585 1559 1569
f 1569 1559 1561
f 1586 1583 1587
f 1587 1583 1584
f 1587 1584 1588
f 1588 1584 1585
f 1588 1585 1589
f 1589 1585 1569
f 1589 1569 1590
f 1590 1569 1570
f 1590 1570 1591
f 1591 1570 1571
f 1591 1571 1592
f 1592 1571 1572
f 1593 1594 1595
f 1595 1594 1596
f 1595 1596 1597
f 1597 1596 1598
f 1597 1598 1599
f 1599 1598 1600
f 1599 1600 1601
f 1601 1600 1602
f 1601 1602 1603
f 1603 1602 1604
f 1603 1604 1605
f 1605 1604 1606
f 1607 1599 1608
f 1608 1599 1601
f 1608 1601 1609
f 1609 1601 1603
f 1609 1603 1610
f 1610 1603 1605
f 1610 1605 1611
f 1611 1605 1612
f 1611 1612 1613
f 1613 1612 1614
f 1613 1614 1615
f 1615 1614 1616
f 1615 1616 1617
f 1617 1616 1618
f 1617 1618 1619
f 1619 1618 1620
f 1619 1620 1621
f 1621 1620 1593
f 1621 1593 1622
f 1622 1593 1595
f 1622 1595 1623
f 1623 1595 1597
f 1623 1597 1607
f 1607 1597 1599
f 1624 1621 1625
f 1625 1621 1622
f 1625 1622 1626
f 1626 1622 1623
f 1626 1623 1627
f 1627 1623 1607
f 1627 1607 1628
f 1628 1607 1608
f 1628 1608 1629
f 1629 1608 1609
f 1629 1609 1630
f 1630 1609 1610
f 1631 1632 1633
f 1633 1632 1634
f 1633 1634 1635
f 1635 1634 1636
f 1635 1636 1637
f 1637 1636 1638
f 1637 1638 1639
f 1639 1638 1640
f 1639 1640 1641
f 1641 1640 1642
f 1641 1642 1643
f 1643 1642 1644
f 1645 1643 1646
f 1646 1643 1647
f 1646 1647 1648
f 1648 1647 1649
f 1648 1649 1650
f 1650 1649 1651
f 1650 1651 1652
f 1652 1651 1653
f 1652 1653 1654
f 1654 1653 1655
f 1654 1655 1656
f 1656 1655 1631
f 1656 1631 1657
f 1657 1631 1633
f 1657 1633 1658
f 1658 1633 1635
f 1658 1635 1659
f 1659 1635 1637
f 1659 1637 1660
f 1660 1637 1639
f 1660 1639 1661
f 1661 1639 1641
f 1661 1641 1645
f 1645 1641 1643
f 1662 1656 1663
f 1663 1656 1657
f 1663 1657 1664
f 1664 1657 1658
f 1664 1658 1665
f 1665 1658 1659
f 1665 1659 1666
f 1666 1659 1660
f 1666 1660 1667
f 1667 1660 1661
f 1667 1661 1668
f 1668 1661 1645
f 1669 1670 1671
f 1671 1670 1672
f 1671 1672 1673
f 1673 1672 1674
f 1673 1674 1675
f 1675 1674 1676
f 1675 1676 1677
f 1677 1676 1678
f 1677 1678 1679
f 1679 1678 1680
f 1679 1680 1681
f 1681 1680 1682
f 1683 1671 1684
f 1684 1671 1673
f 1684 1673 1685
f 1685 1673 1675
f 1685 1675 1686
f 1686 1675 1677
f 1686 1677 1687
f 1687 1677 1679
f 1687 1679 1688
f 1688 1679 1681
f 1688 1681 1689
f 1689 1681 1690
f 1689 1690 1691
f 1691 1690 1692
f 1691 1692 1693
f 1693 1692 1694
f 1693 1694 1695
f 1695 1694 1696
f 1695 1696 1697
f 1697 1696 1698
f 1697 1698 1699
f 1699 1698 1669
f 1699 1669 1683
f 1683 1669 1671
f 1700 1699 1701
f 1701 1699 1683
f 1701 1683 1702
f 1702 1683 1684
f 1702 1684 1703
f 1703 1684 1685
f 1703 1685 1704
f 1704 1685 1686
f 1704 1686 1705
f 1705 1686 1687
f 1705 1687 1706
f 1706 1687 1688
f 1707 1708 1709
f 1709 1708 1710
f 1709 1710 1711
f 1711 1710 1712
f 1711 1712 1713
f 1713 1712 1714
f 1713 1714 1715
f 1715 1714 1716
f 1715 1716 1717
f 1717 1716 1718
f 1717 1718 1719
f 1719 1718 1720
f 1721 1719 1722
f 1722 1719 1723
f 1722 1723 1724
f 1724 1723 1725
f 1724 1725 1726
f 1726 1725 1727
f 1726 1727 1728
f 1728 1727 1729
f 1728 1729 1730
f 1730 1729 1731
f 1730 1731 1732
f 1732 1731 1707
f 1732 1707 1733
f 1733 1707 1709
f 1733 1709 1734
f 1734 1709 1711
f 1734 1711 1735
f 1735 1711 1713
f 1735 1713 1736
f 1736 1713 1715
f 1736 1715 1737
f 1737 1715 1717
f 1737 1717 1721
f 1721 1717 1719
f 1738 1732 1739
f 1739 1732 1733
f 1739 1733 1740
f 1740 1733 1734
f 1740 1734 1741
f 1741 1734 1735
f 1741 1735 1742
f 1742 1735 1736
f 1742 1736 1743
f 1743 1736 1737
f 1743 1737 1744
f 1744 1737 1721
f 1745 1746 1747
f 1747 1746 1748
f 1747 1748 1749
f 1749 1748 1750
f 1749 1750 1751
f 1751 1750 1752
f 1751 1752 1753
f 1753 1752 1754
f 1753 1754 1755
f 1755 1754 1756
f 1755 1756 1757
f 1757 1756 1758
f 1759 1757 1760
f 1760 1757 1761
f 1760 1761 1762
f 1762 1761 1763
f 1762 1763 1764
f 1764 1763 1765
f 1764 1765 1766
f 1766 1765 1767
f 1766 1767 1768
f 1768 1767 1769
f 1768 1769 1770
f 1770 1769 1745
f 1770 1745 1771
f 1771 1745 1747
f 1771 1747 1772
f 1772 1747 1749
f 1772 1749 1773
f 1773 1749 1751
f 1773 1751 1774
f 1774 1751 1753
f 1774 1753 1775
f 1775 1753 1755
f 1775 1755 1759
f 1759 1755 1757
f 1776 1770 1777
f 1777 1770 1771
f 1777 1771 1778
f 1778 1771 1772
f 1778 1772 1779
f 1779 1772 1773
f 1779 1773 1780
f 1780 1773 1774
f 1780 1774 1781
f 1781 1774 1775
f 1781 1775 1782
f 1782 1775 1759
f 1783 1784 1785
f 1785 1784 1786
f 1785 1786 1787
f 1787 1786 1788
f 1787 1788 1789
f 1789 1788 1790
f 1789 1790 1791
f 1791 1790 1792
f 1791 1792 1793
f 1793 1792 1794
f 1793 1794 1795
f 1795 1794 1796
f 1797 1791 1798
f 1798 1791 1793
f 1798 1793 1799
f 1799 1793 1795
f 1799 1795 1800
f 1800 1795 1801
f 1800 1801 1802
f 1802 1801 1803
f 1802 1803 1804
f 1804 1803 1805
f 1804 1805 1806
f 1806 1805 1807
f 1806 1807 1808
f 1808 1807 1809
f 1808 1809 1810
f 1810 1809 1783
f 1810 1783 1811
f 1811 1783 1785
f 1811 1785 1812
f 1812 1785 1787
f 1812 1787 1813
f 1813 1787 1789
f 1813 1789 1797
f 1797 1789 1791
f 1814 1810 1815
f 1815 1810 1811
f 1815 1811 1816
f 1816 1811 1812
f 1816 1812 1817
f 1817 1812 1813
f 1817 1813 1818
f 1818 1813 1797
f 1818 1797 1819
f 1819 1797 1798
f 1819 1798 1820
f 1820 1798 1799
f 1821 1822 1823
f 1823 1822 1824
f 1823 1824 1825
f 1825 1824 1826
f 1825 1826 1827
f 1827 1826 1828
f 1827 1828 1829
f 1829 1828 1830
f 1829 1830 1831
f 1831 1830 1832
f 1831 1832 1833
f 1833 1832 1834
f 1835 1833 1836
f 1836 1833 1837
f 1836 1837 1838
f 1838 1837 1839
f 1838 1839 1840
f 1840 1839 1841
f 1840 1841 1842
f 1842 1841 1843
f 1842 1843 1844
f 1844 1843 1845
f 1844 1845 1846
f 1846 1845 1821
f 1846 1821 1847
f 1847 1821 1823
f 1847 1823 1848
f 1848 1823 1825
f 1848 1825 1849
f 1849 1825 1827
f 1849 1827 1850
f 1850 1827 1829
f 1850 1829 1851
f 1851 1829 1831
f 1851 1831 1835
f 1835 1831 1833
f 1852 1846 1853
f 1853 1846 1847
f 1853 1847 1854
f 1854 1847 1848
f 1854 1848 1855
f 1855 1848 1849
f 1855 1849 1856
f 1856 1849 1850
f 1856 1850 1857
f 1857 1850 1851
f 1857 1851 1858
f 1858 1851 1835
f 1859 1860 1861
f 1861 1860 1862
f 1861 1862 1863
f 1863 1862 1864
f 1863 1864 1865
f 1865 1864 1866
f 1865 1866 1867
f 1867 1866 1868
f 1867 1868 1869
f 1869 1868 1870
f 1869 1870 1871
f 1871 1870 1872
f 1873 1874 1875
f 1875 1874 1876
f 1875 1876 1877
f 1877 1876 1878
f 1877 1878 1879
f 1879 1878 1880
f 1879 1880 1881
f 1881 1880 1882
f 1881 1882 1883
f 1883 1882 1859
f 1883 1859 1884
f 1884 1859 1861
f 1884 1861 1885
f 1885 1861 1863
f 1885 1863 1886
f 1886 1863 1865
f 1886 1865 1887
f 1887 1865 1867
f 1887 1867 1888
f 1888 1867 1869
f 1888 1869 1889
f 1889 1869 1871
f 1889 1871 1873
f 1873 1871 1874
f 1890 1883 1891
f 1891 1883 1884
f 1891 1884 1892
f 1892 1884 1885
f 1892 1885 1893
f 1893 1885 1886
f 1893 1886 1894
f 1894 1886 1887
f 1894 1887 1895
f 1895 1887 1888
f 1895 1888 1896
f 1896 1888 1889
f 1897 1898 1899
f 1899 1898 1900
f 1899 1900 1901
f 1901 1900 1902
f 1901 1902 1903
f 1903 1902 1904
f 1903 1904 1905
f 1905 1904 1906
f 1905 1906 1907
f 1907 1906 1908
f 1907 1908 1909
f 1909 1908 1910
f 1911 1903 1912
f 1912 1903 1905
f 1912 1905 1913
f 1913 1905 1907
f 1913 1907 1914
f 1914 1907 1909
f 1914 1909 1915
f 1915 1909 1916
f 1915 1916 1917
f 1917 1916 1918
f 1917 1918 1919
f 1919 1918 1920
f 1919 1920 1921
f 1921 1920 1922
f 1921 1922 1923
f 1923 1922 1924
f 1923 1924 1925
f 1925 1924 1897
f 1925 1897 1926
f 1926 1897 1899
f 1926 1899 1927
f 1927 1899 1901
f 1927 1901 1911
f 1911 1901 1903
f 1928 1925 1929
f 1929 1925 1926
f 1929 1926 1930
f 1930 1926 1927
f 1930 1927 1931
f 1931 1927 1911
f 1931 1911 1932
f 1932 1911 1912
f 1932 1912 1933
f 1933 1912 1913
f 1933 1913 1934
f 1934 1913 1914
f 1935 1936 1937
f 1937 1936 1938
f 1937 1938 1939
f 1939 1938 1940
f 1939 1940 1941
f 1941 1940 1942
f 1943 1944 1945
f 1945 1944 1941
f 1945 1941 1946
f 1946 1941 1942
f 1946 1942 1947
f 1947 1942 1948
f 1949 1950 1951
f 1936 1952 1938
f 1938 1952 1953
f 1938 1953 1954
f 1954 1953 1955
f 1954 1955 1956
f 1956 1957 1954
f 1954 1957 1949
f 1954 1949 1958
f 1958 1949 1951
f 1939 1941 1959
f 1959 1941 1960
f 1939 1959 1937
f 1937 1959 1961
f 1937 1961 1935
f 1935 1961 1962
f 1935 1962 1936
f 1936 1962 1963
f 1952 1936 1964
f 1964 1936 1963
f 1952 1964 1953
f 1953 1964 1965
f 1953 1965 1955
f 1955 1965 1966
f 1955 1966 1956
f 1956 1966 1967
f 1957 1956 1968
f 1968 1956 1967
f 1957 1968 1949
f 1949 1968 1969
f 1954 1970 1971
f 1954 1971 1938
f 1938 1971 1972
f 1938 1972 1940
f 1940 1972 1973
f 1940 1973 1942
f 1942 1973 1948
f 1948 1973 1974
f 1948 1974 1947
f 1947 1974 1975
f 1947 1975 1946
f 1946 1975 1976
f 1945 1946 1977
f 1977 1946 1976
f 1945 1977 1943
f 1943 1977 1978
f 1943 1978 1944
f 1944 1978 1979
f 1944 1979 1941
f 1941 1979 1960
f 1980 1981 1982
f 1983 1981 1984
f 1984 1981 1980
f 1984 1980 1985
f 1980 1986 1985
f 1985 1986 1987
f 1985 1987 1988
f 1988 1987 1989
f 1990 1991 1992
f 1993 1994 1982
f 1982 1994 1995
f 1982 1995 1980
f 1980 1995 1990
f 1980 1990 1996
f 1996 1990 1992
f 1997 1998 1999
f 2000 2001 1989
f 1989 2001 2002
f 1989 2002 1988
f 1999 2003 1997
f 1997 2003 2004
f 1997 2004 1989
f 1989 2004 2005
f 1989 2005 2000
f 1982 1981 2006
f 2006 1981 2007
f 1982 2006 1993
f 1993 2006 2008
f 1993 2008 1994
f 1994 2008 2009
f 1994 2009 1995
f 1995 2009 2010
f 1990 1995 2011
f 2011 1995 2010
f 1990 2011 1991
f 1991 2011 2012
f 1991 2012 1992
f 1992 2012 2013
f 1992 2013 1996
f 1996 2013 2014
f 1980 1996 2015
f 2015 1996 2014
f 1980 2015 2016
f 1980 2016 1986
f 1986 2016 2017
f 1986 2017 1987
f 1987 2017 2018
f 1987 2018 1989
f 1997 1989 2019
f 2019 1989 2018
f 1997 2019 1998
f 1998 2019 2020
f 1998 2020 1999
f 1999 2020 2021
f 1999 2021 2003
f 2003 2021 2022
f 2003 2022 2004
f 2004 2022 2023
f 2023 2024 2004
f 2004 2024 2005
f 2005 2024 2000
f 2000 2024 2025
f 2000 2025 2001
f 2001 2025 2026
f 2001 2026 2002
f 2002 2026 2027
f 2002 2027 1988
f 1988 2027 2028
f 1985 1988 2029
f 2029 1988 2028
f 1985 2029 1984
f 1984 2029 2030
f 1984 2030 1983
f 1983 2030 2031
f 1983 2031 1981
f 1981 2031 2007
f 2032 2033 2034
f 2034 2033 2035
f 2034 2035 2036
f 2036 2035 2037
f 2036 2037 2038
f 2038 2037 2039
f 2038 2039 2040
f 2040 2039 2041
f 2040 2041 2042
f 2042 2041 2043
f 2042 2043 2044
f 2044 2043 2045
f 2044 2045 2046
f 2046 2045 2047
f 2046 2047 2048
f 2048 2047 2049
f 2048 2049 2050
f 2050 2049 2051
f 2050 2051 2052
f 2052 2051 2053
f 2054 2055 2056
f 2057 2058 2059
f 2060 2061 2062
f 2063 2064 2065
f 2066 2067 2068
f 2069 2070 2071
f 1629 1630 2072
f 2073 2072 2074
f 2075 2076 2077
f 1440 2078 2079
f 1434 1435 2080
f 2080 1435 1436
f 1437 1438 2079
f 2079 1438 1439
f 2079 1439 1440
f 1440 2081 2078
f 2078 2081 2082
f 2078 2082 2075
f 2075 2082 2083
f 2075 2083 2076
f 2076 2083 2084
f 2076 2084 2085
f 2086 2077 2087
f 2088 2089 2090
f 2090 2089 2091
f 1548 1549 2092
f 2092 1549 1550
f 2092 1550 2076
f 2076 1550 1551
f 2076 1551 1552
f 1552 1553 2076
f 2076 1553 1554
f 2076 1554 2077
f 2077 1554 2093
f 2077 2093 2087
f 1510 1511 2094
f 2087 2088 2086
f 2086 2088 2090
f 2086 2090 2095
f 2095 2090 1515
f 1515 1516 2095
f 2095 1516 2096
f 2095 2096 2073
f 2073 2096 2097
f 2097 2098 2073
f 2073 2098 2099
f 2073 2099 2072
f 2072 2099 2100
f 1511 1512 2094
f 2094 1512 1513
f 2094 1513 2090
f 2090 1513 1514
f 2090 1514 1515
f 2101 2102 2103
f 2103 2102 1624
f 2103 1624 1625
f 2072 1630 2074
f 2074 1630 2104
f 2074 2104 2105
f 1625 1626 2103
f 2103 1626 1627
f 2103 1627 2072
f 2072 1627 1628
f 2072 1628 1629
f 2104 2106 2105
f 2105 2106 2107
f 2105 2107 2101
f 2101 2107 2108
f 2101 2108 2102
f 1590 1591 2103
f 2103 1591 1592
f 2103 1592 2101
f 2101 1592 2109
f 2109 2110 2101
f 2101 2110 2111
f 2101 2111 2112
f 1590 2103 1589
f 1589 2103 2113
f 1589 2113 1588
f 2111 2114 2112
f 2112 2114 2115
f 2112 2115 2116
f 2116 2115 1586
f 2116 1586 2113
f 2113 1586 1587
f 2113 1587 1588
f 1705 1706 2113
f 2113 1706 2117
f 2113 2117 2118
f 2118 2119 2113
f 2113 2119 2120
f 2113 2120 2116
f 1704 2121 1703
f 1703 2121 2122
f 2119 2123 2120
f 2120 2123 2124
f 2120 2124 2125
f 1700 1701 2122
f 2122 1701 1702
f 2122 1702 1703
f 2126 2122 2127
f 2127 2122 1668
f 2124 1700 2125
f 2125 1700 2122
f 2125 2122 2128
f 2128 2122 2126
f 2070 1665 2129
f 2129 1665 1666
f 2129 1666 1667
f 2126 2130 2128
f 2128 2130 2131
f 2128 2131 2069
f 2069 2131 2132
f 2132 1662 2069
f 2069 1662 1663
f 2069 1663 2070
f 2070 1663 1664
f 2070 1664 1665
f 2133 1780 1781
f 2134 2135 2136
f 2136 2135 1776
f 1776 1777 2136
f 2136 1777 1778
f 2136 1778 2133
f 2133 1778 1779
f 2133 1779 1780
f 2070 1782 2137
f 2137 2138 2070
f 2070 2138 2139
f 2070 2139 2071
f 2071 2139 2140
f 2071 2140 2135
f 2135 2140 2141
f 2135 2141 1776
f 1744 2142 2133
f 2142 2143 2133
f 2133 2143 2144
f 2133 2144 2136
f 2136 2144 2145
f 2136 2145 2146
f 2146 1738 2136
f 2136 1738 2147
f 2136 2147 2134
f 1738 1739 2147
f 2147 1739 1740
f 2147 1740 2066
f 2066 1740 1741
f 2066 1741 2067
f 2067 1741 1742
f 2067 1742 1743
f 1858 2148 2149
f 2149 2148 2150
f 2149 2150 2067
f 2067 2150 2151
f 2067 2151 2152
f 2068 1854 2063
f 2063 1854 1855
f 2063 1855 2064
f 2064 1855 1856
f 2064 1856 1857
f 2152 2153 2067
f 2067 2153 1852
f 2067 1852 2068
f 2068 1852 1853
f 2068 1853 1854
f 1818 1819 2154
f 2155 2064 2156
f 2065 1815 2157
f 2157 1815 1816
f 2157 1816 1817
f 1820 2158 2156
f 2156 2158 2159
f 2156 2159 2155
f 2155 2160 2064
f 2064 2160 2161
f 2064 2161 2065
f 2065 2161 1814
f 2065 1814 1815
f 2061 1933 2162
f 2162 1933 1934
f 2162 1934 2163
f 2060 2164 1929
f 2154 2165 1928
f 1817 1818 2157
f 2157 1818 2154
f 2157 2154 2164
f 2164 2154 1928
f 2164 1928 1929
f 1929 1930 2060
f 2060 1930 1931
f 2060 1931 2061
f 2061 1931 1932
f 2061 1932 1933
f 2163 2166 2162
f 2162 2166 2167
f 2162 2167 2154
f 2154 2167 2168
f 2154 2168 2165
f 2169 2170 2162
f 2162 2170 1890
f 2162 1890 2061
f 2061 1890 1891
f 2061 1891 1892
f 2169 2162 2171
f 2171 2162 2058
f 2171 2058 2172
f 1892 1893 2061
f 2061 1893 2173
f 2061 2173 2062
f 1893 1894 2173
f 2173 1894 1895
f 2173 1895 2057
f 2057 1895 1896
f 2057 1896 2058
f 2058 1896 2174
f 2058 2174 2172
f 1396 1397 2058
f 2175 2059 1401
f 2176 2177 2178
f 2178 2177 2179
f 1396 2058 2180
f 1397 1398 2058
f 2058 1398 1399
f 2058 1399 2059
f 2059 1399 1400
f 2059 1400 1401
f 1402 2181 2179
f 2179 2181 2182
f 2179 2182 2178
f 1358 1359 2179
f 2179 1359 1360
f 1401 1402 2175
f 2175 1402 2179
f 2175 2179 2183
f 2183 2179 1360
f 2055 2184 2185
f 2185 2184 2186
f 2185 2186 2187
f 1360 1361 2183
f 2183 1361 1362
f 2183 1362 2054
f 2054 1362 1363
f 1363 1364 2054
f 2054 1364 2188
f 2054 2188 2055
f 2055 2188 2189
f 2055 2189 2184
f 2190 2079 1478
f 1478 2079 2191
f 2190 2192 2079
f 2079 2192 2080
f 2079 2080 1437
f 1437 2080 1436
f 2055 1475 2056
f 2056 1475 1476
f 2056 1476 2191
f 2191 1476 1477
f 2191 1477 1478
f 2192 2193 2080
f 2080 2193 2194
f 2080 2194 2195
f 1472 1473 2055
f 2055 1473 1474
f 2055 1474 1475
f 2100 1510 2072
f 2072 1510 2094
f 2072 2094 2103
f 2103 2094 2196
f 2103 2196 2113
f 2113 2196 2121
f 2113 2121 1705
f 1705 2121 1704
f 2176 2180 2177
f 2177 2180 2058
f 2177 2058 2197
f 2197 2058 2162
f 2197 2162 2156
f 2156 2162 2154
f 2156 2154 1820
f 1820 2154 1819
f 2091 1548 2090
f 2090 1548 2092
f 2090 2092 2094
f 2094 2092 2198
f 2094 2198 2196
f 2196 2198 2199
f 2196 2199 2121
f 2121 2199 2200
f 2121 2200 2122
f 2122 2200 2129
f 2122 2129 1668
f 1668 2129 1667
f 2187 1358 2185
f 2185 1358 2179
f 2185 2179 2201
f 2201 2179 2177
f 2201 2177 2202
f 2202 2177 2197
f 2202 2197 2203
f 2203 2197 2156
f 2203 2156 2149
f 2149 2156 2064
f 2149 2064 1858
f 1858 2064 1857
f 2085 1434 2076
f 2076 1434 2080
f 2076 2080 2092
f 2092 2080 2204
f 2092 2204 2198
f 2198 2204 2205
f 2198 2205 2199
f 2199 2205 2206
f 2199 2206 2200
f 2200 2206 2207
f 2200 2207 2129
f 2129 2207 2208
f 2129 2208 2070
f 2070 2208 2133
f 2070 2133 1782
f 1782 2133 1781
f 2195 1472 2080
f 2080 1472 2055
f 2080 2055 2204
f 2204 2055 2185
f 2204 2185 2205
f 2205 2185 2201
f 2205 2201 2206
f 2206 2201 2202
f 2206 2202 2207
f 2207 2202 2203
f 2207 2203 2208
f 2208 2203 2149
f 2208 2149 2133
f 2133 2149 2067
f 2133 2067 1744
f 1744 2067 1743
f 2209 2134 2210
f 2210 2134 2147
f 2210 2147 2211
f 2147 2066 2211
f 2211 2066 2068
f 2211 2068 2212
f 2068 2063 2212
f 2212 2063 2065
f 2212 2065 2213
f 2065 2157 2213
f 2213 2157 2164
f 2213 2164 2214
f 2214 2164 2060
f 2214 2060 2215
f 2215 2060 2062
f 2215 2062 2216
f 2216 2062 2173
f 2216 2173 2217
f 2173 2057 2217
f 2217 2057 2059
f 2217 2059 2218
f 2059 2175 2218
f 2218 2175 2183
f 2218 2183 2219
f 2183 2054 2219
f 2219 2054 2056
f 2219 2056 2220
f 2220 2056 2191
f 2220 2191 2221
f 2221 2191 2079
f 1015 1016 2222
f 1062 1098 2223
f 1094 1092 2224
f 1088 1087 2225
f 2226 2227 2228
f 2228 2227 2229
f 2228 2229 2230
f 2231 2232 2233
f 2233 2232 2234
f 2233 2234 2235
f 2235 2234 2236
f 2235 2236 2237
f 2237 2236 2238
f 2237 2238 2226
f 2226 2238 2239
f 2226 2239 2227
f 2225 2240 2241
f 2241 2240 2242
f 2241 2242 2231
f 2231 2242 2243
f 2231 2243 2232
f 2225 1087 2240
f 2240 1087 1086
f 2240 1086 1172
f 2244 2245 2246
f 2246 2245 2247
f 2246 2247 2248
f 2248 2247 2249
f 2248 2249 2250
f 2250 2249 2251
f 2250 2251 2252
f 2252 2251 2253
f 2252 2253 2254
f 2254 2253 2255
f 2254 2255 2256
f 2256 2255 2257
f 2256 2257 2223
f 2223 2257 2258
f 2223 2258 1062
f 1062 2258 1045
f 2244 1017 2245
f 2245 1017 968
f 2245 968 955
f 1015 2222 1014
f 999 1012 2259
f 1039 1000 2230
f 2230 1000 999
f 2230 999 2228
f 2228 999 2259
f 2228 2259 2226
f 2226 2259 2260
f 2226 2260 2237
f 2237 2260 2261
f 2237 2261 2235
f 2235 2261 2262
f 2235 2262 2233
f 2233 2262 2263
f 2233 2263 2231
f 2231 2263 2264
f 2231 2264 2241
f 2241 2264 2265
f 2241 2265 2225
f 2225 2265 2266
f 2225 2266 1088
f 1088 2266 1090
f 2259 2267 2260
f 2260 2267 2268
f 2260 2268 2261
f 2261 2268 2269
f 2261 2269 2262
f 2262 2269 2270
f 2262 2270 2263
f 2263 2270 2271
f 2263 2271 2264
f 2264 2271 2272
f 2264 2272 2265
f 2265 2272 2273
f 2265 2273 2266
f 2266 2273 2224
f 2266 2224 1090
f 1090 2224 1092
f 1012 1013 2259
f 2259 1013 1014
f 2259 1014 2267
f 2267 1014 2222
f 2267 2222 2268
f 2268 2222 2274
f 2268 2274 2269
f 2269 2274 2275
f 2269 2275 2270
f 2270 2275 2276
f 2270 2276 2271
f 2271 2276 2277
f 2271 2277 2272
f 2272 2277 2278
f 2272 2278 2273
f 2273 2278 2279
f 2273 2279 2224
f 2224 2279 2280
f 2224 2280 1094
f 1094 2280 1096
f 1016 1017 2222
f 2222 1017 2244
f 2222 2244 2274
f 2274 2244 2246
f 2274 2246 2275
f 2275 2246 2248
f 2275 2248 2276
f 2276 2248 2250
f 2276 2250 2277
f 2277 2250 2252
f 2277 2252 2278
f 2278 2252 2254
f 2278 2254 2279
f 2279 2254 2256
f 2279 2256 2280
f 2280 2256 2223
f 2280 2223 1096
f 1096 2223 1098
f 1325 2281 2282
f 1325 2282 1323
f 2282 2283 1323
f 1323 2283 2284
f 1323 2284 1321
f 1321 2284 2285
f 2285 2286 1321
f 1321 2286 2287
f 1321 2287 1319
f 1319 2287 2288
f 1319 2288 1317
f 1317 2288 2289
f 2289 2290 1317
f 1317 2290 2291
f 1317 2291 1315
f 2291 2292 1315
f 1315 2292 1033
f 1315 1033 1313
f 1313 1033 2293
f 2293 2294 1313
f 1313 2294 2295
f 1313 2295 1311
f 1311 2295 2296
f 1311 2296 1309
f 1309 2296 2297
f 2297 2298 1309
f 1309 2298 2299
f 1309 2299 1307
f 1307 2299 2300
f 1307 2300 1305
f 1305 2300 2301
f 2301 2302 1305
f 1305 2302 2303
f 1305 2303 1303
f 1303 2303 1039
f 1039 2230 1303
f 1303 2230 2229
f 1303 2229 1301
f 1301 2229 2227
f 2227 2239 1301
f 1301 2239 2238
f 1301 2238 1299
f 1299 2238 2236
f 1299 2236 1297
f 1297 2236 2234
f 2234 2232 1297
f 1297 2232 2243
f 1297 2243 1295
f 1295 2243 2242
f 1295 2242 1293
f 1293 2242 2240
f 1293 2240 1172
f 2304 2305 2306
f 2306 2305 2307
f 2306 2307 2308
f 2308 2307 2309
f 2308 2309 2310
f 2310 2309 2311
f 2310 2311 2312
f 2312 2311 2313
f 2312 2313 2314
f 2315 2316 2317
f 2318 2304 2319
f 2319 2304 2306
f 2319 2306 2320
f 2321 2318 2322
f 2322 2318 2319
f 2322 2319 2323
f 2323 2319 2320
f 2323 2320 2324
f 2324 2320 2310
f 2324 2310 2317
f 2317 2310 2312
f 2317 2312 2315
f 2315 2312 2314
f 2316 2325 2317
f 2317 2325 2326
f 2317 2326 2324
f 2324 2326 2327
f 2324 2327 2328
f 2328 2327 2329
f 2328 2329 2322
f 2330 2321 2331
f 2331 2321 2322
f 2331 2322 2332
f 2332 2322 2329
f 2331 2332 2333
f 2334 2335 2336
f 2337 2330 2331
f 2327 2326 2338
f 2326 2325 2338
f 2338 2325 2339
f 2338 2339 2340
f 2327 2338 2329
f 2329 2338 2341
f 2329 2341 2332
f 2332 2341 2342
f 2332 2342 2333
f 2343 2334 2344
f 2344 2334 2336
f 2344 2336 2345
f 2338 2346 2341
f 2341 2346 2347
f 2341 2347 2342
f 2342 2347 2345
f 2342 2345 2333
f 2333 2345 2336
f 2333 2336 2331
f 2331 2336 2335
f 2331 2335 2337
f 2340 2348 2338
f 2338 2348 2349
f 2338 2349 2346
f 2346 2349 2347
f 2347 2349 2350
f 2347 2350 2345
f 2345 2350 2351
f 2345 2351 2344
f 2344 2351 2352
f 2344 2352 2343
f 2353 2354 2355
f 2353 2355 2356
f 2356 2355 2357
f 2356 2357 2358
f 2358 2357 2359
f 2358 2359 2360
f 2360 2359 2361
f 2360 2361 2362
f 2362 2361 2363
f 2362 2363 2364
f 2365 2366 2367
f 2368 2369 2370
f 2366 2371 2372
f 2373 2374 2375
f 2375 2374 2370
f 2370 2369 2375
f 2375 2369 2376
f 2375 2376 2377
f 2357 2378 2359
f 2359 2378 2367
f 2359 2367 2361
f 2361 2367 2366
f 2361 2366 2363
f 2363 2366 2372
f 2363 2372 2364
f 2354 2368 2355
f 2355 2368 2370
f 2355 2370 2357
f 2357 2370 2374
f 2357 2374 2378
f 2378 2374 2373
f 2378 2373 2367
f 2367 2373 2379
f 2367 2379 2365
f 2377 2380 2375
f 2375 2380 2381
f 2375 2381 2373
f 2373 2381 2379
f 2379 2381 2382
f 2379 2382 2365
f 2365 2382 2383
f 2365 2383 2366
f 2366 2383 2384
f 2366 2384 2371
f 2385 2386 2387
f 2387 2386 2388
f 2387 2388 2389
f 2389 2388 2390
f 2389 2390 2391
f 2391 2390 2392
f 2393 2394 2395
f 2395 2394 2396
f 2395 2396 2397
f 2397 2396 2398
f 2397 2398 2399
f 2399 2398 2400
f 2401 2402 2403
f 2403 2402 2404
f 2403 2404 2405
f 2405 2404 2406
f 2405 2406 2407
f 2407 2406 2408
f 2409 2410 2411
f 2411 2410 2412
f 2411 2412 2413
f 2413 2412 2414
f 2413 2414 2415
f 2415 2414 2416
f 2417 2418 2419
f 2419 2418 2420
f 2419 2420 2421
f 2421 2420 2422
f 2421 2422 2423
f 2423 2422 2424
f 2423 2424 2425
f 2425 2424 2426
f 2427 2428 2429
f 2429 2428 2430
f 2429 2430 2431
f 2431 2430 2432
f 2431 2432 2433
f 2433 2432 2434
f 2433 2434 2435
f 2435 2434 2436
f 2409 2411 2413
f 2421 2423 2419
f 2419 2423 2425
f 2419 2425 2417
f 2417 2425 2415
f 2309 2307 2305
f 2413 2415 2409
f 2409 2415 2425
f 2409 2425 2437
f 2437 2425 2438
f 2437 2438 2439
f 2439 2438 2440
f 2439 2440 2441
f 2441 2440 2442
f 2441 2442 2443
f 2443 2442 2444
f 2443 2444 2391
f 2391 2444 2445
f 2391 2445 2389
f 2389 2445 2387
f 2311 2309 2313
f 2313 2309 2305
f 2313 2305 2445
f 2445 2305 2385
f 2445 2385 2387
f 2417 2415 2418
f 2418 2415 2416
f 2305 2304 2446
f 2446 2447 2305
f 2305 2447 2448
f 2305 2448 2385
f 2385 2448 2449
f 2449 2450 2385
f 2385 2450 2451
f 2385 2451 2386
f 2386 2451 2452
f 2386 2452 2453
f 2454 2455 2386
f 2343 2352 2456
f 2456 2352 2457
f 2458 2453 2459
f 2459 2453 2460
f 2459 2460 2461
f 2461 2460 2462
f 2461 2462 2330
f 2330 2462 2463
f 2330 2463 2321
f 2386 2455 2352
f 2352 2455 2464
f 2352 2464 2457
f 2458 2465 2453
f 2453 2465 2466
f 2453 2466 2386
f 2386 2466 2467
f 2386 2467 2454
f 2407 2468 2427
f 2427 2468 2469
f 2469 2468 2470
f 2469 2470 2471
f 2427 2429 2431
f 2471 2470 2472
f 2472 2470 2473
f 2472 2473 2474
f 2474 2473 2475
f 2474 2475 2476
f 2476 2475 2393
f 2476 2393 2395
f 2403 2405 2401
f 2401 2405 2407
f 2401 2407 2435
f 2435 2407 2427
f 2435 2427 2433
f 2433 2427 2431
f 2358 2360 2356
f 2356 2360 2362
f 2356 2362 2353
f 2353 2362 2476
f 2353 2476 2399
f 2399 2476 2395
f 2399 2395 2397
f 2436 2402 2435
f 2435 2402 2401
f 2477 2354 2353
f 2478 2479 2399
f 2380 2377 2480
f 2480 2481 2380
f 2380 2481 2482
f 2380 2482 2400
f 2400 2482 2483
f 2399 2479 2353
f 2353 2479 2484
f 2353 2484 2477
f 2483 2485 2400
f 2400 2485 2486
f 2400 2486 2399
f 2399 2486 2487
f 2399 2487 2478
f 2488 2489 2490
f 2490 2489 2491
f 2490 2491 2492
f 2493 2494 2495
f 2495 2494 2496
f 2495 2496 2497
f 2497 2496 2498
f 2497 2498 2499
f 2499 2498 2500
f 2499 2500 2501
f 2501 2500 2502
f 2501 2502 2503
f 2503 2502 2504
f 2503 2504 2505
f 2505 2504 2506
f 2505 2506 2490
f 2490 2506 2507
f 2490 2507 2488
f 2488 2507 2508
f 2509 2510 2511
f 2512 2513 2514
f 2513 2515 2514
f 2514 2515 2516
f 2514 2516 2517
f 2517 2516 2518
f 2517 2518 2519
f 2519 2518 2520
f 2519 2520 2521
f 2521 2520 2522
f 2521 2522 2523
f 2523 2522 2524
f 2523 2524 2525
f 2525 2524 2526
f 2525 2526 2527
f 2527 2526 2528
f 2527 2529 2525
f 2525 2529 2530
f 2525 2530 2523
f 2523 2530 2531
f 2523 2531 2521
f 2521 2531 2532
f 2521 2532 2519
f 2519 2532 2533
f 2519 2533 2517
f 2517 2533 2534
f 2517 2534 2514
f 2514 2534 2535
f 2536 2537 2535
f 2535 2537 2538
f 2535 2538 2514
f 2514 2538 2539
f 2514 2539 2512
f 2509 2511 2540
f 2541 2536 2542
f 2542 2536 2535
f 2542 2535 2543
f 2543 2535 2534
f 2543 2534 2544
f 2544 2534 2533
f 2544 2533 2545
f 2545 2533 2532
f 2545 2532 2546
f 2546 2532 2531
f 2546 2531 2547
f 2547 2531 2530
f 2547 2530 2511
f 2511 2530 2529
f 2511 2529 2540
f 2540 2529 2527
f 2540 2527 2548
f 2548 2527 2528
f 2548 2528 2549
f 2492 2541 2490
f 2490 2541 2542
f 2490 2542 2505
f 2505 2542 2543
f 2505 2543 2503
f 2503 2543 2544
f 2503 2544 2501
f 2501 2544 2545
f 2501 2545 2499
f 2499 2545 2546
f 2499 2546 2497
f 2497 2546 2547
f 2497 2547 2495
f 2495 2547 2511
f 2495 2511 2493
f 2493 2511 2510
f 2550 2551 2552
f 2552 2551 2494
f 2552 2494 2493
f 2553 2554 2555
f 2556 2554 2553
f 2557 2556 2553
f 2553 2558 2559
f 2560 2558 2553
f 2555 2560 2553
f 2561 2562 2563
f 2564 2562 2561
f 2565 2564 2561
f 2561 2566 2567
f 2568 2566 2561
f 2563 2568 2561
f 2569 2570 2571
f 2549 2572 2573
f 2571 2570 2574
f 2575 2576 2577
f 2577 2576 2578
f 2577 2578 2579
f 2579 2578 2580
f 2579 2580 2581
f 2582 2583 2580
f 2580 2583 2584
f 2580 2584 2581
f 2585 2586 2573
f 2573 2586 2587
f 2573 2587 2549
f 2569 2588 2585
f 2585 2588 2589
f 2585 2589 2586
f 2574 2590 2571
f 2571 2590 2591
f 2571 2591 2569
f 2569 2591 2592
f 2569 2592 2588
f 2549 2582 2572
f 2572 2582 2593
f 2572 2593 2573
f 2573 2593 2594
f 2573 2594 2585
f 2594 2595 2585
f 2585 2595 2596
f 2585 2596 2569
f 2569 2596 2597
f 2569 2597 2570
f 2582 2580 2593
f 2593 2580 2578
f 2593 2578 2594
f 2594 2578 2576
f 2594 2576 2595
f 2595 2576 2575
f 2595 2575 2596
f 2596 2575 2598
f 2596 2598 2597
f 2597 2598 2599
f 2597 2599 2570
f 2570 2599 2600
f 2570 2600 2574
f 2601 2589 2588
f 2552 2493 2510
f 2550 2552 2602
f 2602 2552 2510
f 2602 2510 2603
f 2604 2605 2606
f 2606 2605 2607
f 2606 2607 2608
f 2609 2610 2611
f 2611 2610 2612
f 2601 2588 2613
f 2587 2609 2549
f 2549 2609 2611
f 2549 2611 2548
f 2548 2611 2612
f 2548 2612 2540
f 2509 2540 2614
f 2614 2540 2612
f 2614 2612 2615
f 2615 2612 2610
f 2615 2610 2616
f 2616 2610 2609
f 2616 2609 2617
f 2617 2609 2587
f 2617 2587 2586
f 2591 2607 2592
f 2592 2607 2605
f 2592 2605 2588
f 2588 2605 2604
f 2588 2604 2613
f 2613 2604 2606
f 2613 2606 2618
f 2618 2606 2619
f 2618 2619 2620
f 2510 2509 2603
f 2603 2509 2614
f 2603 2614 2620
f 2620 2614 2615
f 2620 2615 2618
f 2618 2615 2616
f 2618 2616 2613
f 2613 2616 2617
f 2613 2617 2601
f 2601 2617 2586
f 2601 2586 2589
f 2608 2621 2606
f 2606 2621 2619
f 2619 2621 2622
f 2623 2624 2625
f 2626 2603 2620
f 2623 2625 2627
f 2627 2625 2628
f 2627 2628 2629
f 2629 2628 2630
f 2629 2630 2631
f 2631 2630 2632
f 2631 2632 2633
f 2633 2632 2626
f 2633 2626 2622
f 2622 2626 2620
f 2622 2620 2619
f 2634 2635 2369
f 2486 2636 2487
f 2487 2636 2637
f 2487 2637 2478
f 2478 2637 2638
f 2478 2638 2479
f 2479 2638 2639
f 2479 2639 2484
f 2484 2639 2640
f 2484 2640 2477
f 2477 2640 2641
f 2477 2641 2354
f 2354 2641 2634
f 2354 2634 2368
f 2368 2634 2369
f 2557 2642 2556
f 2556 2642 2643
f 2556 2643 2554
f 2554 2643 2644
f 2554 2644 2555
f 2555 2644 2645
f 2555 2645 2560
f 2560 2645 2646
f 2560 2646 2558
f 2558 2646 2647
f 2558 2647 2559
f 2559 2647 2648
f 2565 2649 2564
f 2564 2649 2650
f 2564 2650 2562
f 2562 2650 2651
f 2562 2651 2563
f 2563 2651 2652
f 2563 2652 2568
f 2568 2652 2653
f 2568 2653 2566
f 2566 2653 2654
f 2566 2654 2567
f 2567 2654 2655
f 2656 2657 2658
f 2658 2657 2659
f 2658 2659 2660
f 2661 2662 2663
f 2664 2665 2666
f 2663 2662 2664
f 2664 2662 2667
f 2664 2667 2665
f 2663 2668 2661
f 2661 2668 2669
f 2661 2669 2670
f 2656 2658 2666
f 2666 2658 2660
f 2666 2660 2664
f 2664 2660 2671
f 2664 2671 2663
f 2657 2656 2672
f 2672 2656 2673
f 2672 2673 2674
f 2674 2673 2675
f 2674 2675 2676
f 2676 2675 2677
f 2676 2677 2678
f 2678 2677 2679
f 2678 2679 2680
f 2680 2679 2681
f 2680 2681 2682
f 2682 2681 2683
f 2682 2683 2684
f 2684 2683 2685
f 2686 2687 2685
f 2685 2687 2688
f 2685 2688 2684
f 2684 2688 2689
f 2684 2689 2690
f 2665 2667 2691
f 2662 2661 2692
f 2693 2694 2695
f 2692 2696 2697
f 2697 2696 2698
f 2697 2698 2699
f 2699 2698 2700
f 2699 2700 2701
f 2701 2700 2702
f 2701 2702 2703
f 2703 2702 2704
f 2703 2704 2705
f 2705 2704 2693
f 2705 2693 2706
f 2706 2693 2695
f 2670 2707 2661
f 2661 2707 2708
f 2661 2708 2692
f 2692 2708 2709
f 2692 2709 2696
f 2667 2662 2691
f 2691 2662 2692
f 2691 2692 2710
f 2710 2692 2697
f 2710 2697 2711
f 2711 2697 2699
f 2711 2699 2712
f 2712 2699 2701
f 2712 2701 2713
f 2713 2701 2703
f 2713 2703 2714
f 2714 2703 2705
f 2714 2705 2715
f 2715 2705 2706
f 2715 2706 2716
f 2716 2706 2695
f 2666 2665 2717
f 2717 2665 2691
f 2717 2691 2718
f 2718 2691 2710
f 2718 2710 2719
f 2719 2710 2711
f 2719 2711 2720
f 2720 2711 2712
f 2720 2712 2721
f 2721 2712 2713
f 2721 2713 2722
f 2722 2713 2714
f 2722 2714 2723
f 2723 2714 2715
f 2723 2715 2724
f 2724 2715 2716
f 2656 2666 2673
f 2673 2666 2717
f 2673 2717 2675
f 2675 2717 2718
f 2675 2718 2677
f 2677 2718 2719
f 2677 2719 2725
f 2725 2719 2720
f 2725 2720 2681
f 2681 2720 2721
f 2681 2721 2683
f 2683 2721 2722
f 2683 2722 2685
f 2685 2722 2723
f 2685 2723 2686
f 2686 2723 2724
f 2726 2590 2727
f 2017 2016 2015
f 2728 2729 2730
f 2730 2729 2726
f 2730 2726 2731
f 2731 2726 2727
f 2018 2732 2733
f 2622 2646 2623
f 2623 2646 2645
f 2623 2645 2734
f 2734 2645 2644
f 2734 2644 2735
f 2631 2633 2629
f 2629 2633 2622
f 2629 2622 2627
f 2627 2622 2623
f 2018 2017 2732
f 2732 2017 2015
f 2732 2015 2736
f 2736 2015 2014
f 2736 2014 2737
f 2738 2648 2607
f 2607 2648 2647
f 2607 2647 2608
f 2608 2647 2646
f 2608 2646 2621
f 2621 2646 2622
f 2653 2652 2735
f 2735 2652 2651
f 2735 2651 2739
f 2739 2651 2650
f 2739 2650 2649
f 2740 2026 2741
f 2741 2026 2025
f 2644 2643 2735
f 2735 2643 2642
f 2735 2642 2653
f 2653 2642 2020
f 2653 2020 2654
f 2654 2020 2019
f 2654 2019 2655
f 2655 2019 2018
f 2655 2018 2742
f 2742 2018 2733
f 2741 2022 2642
f 2642 2022 2021
f 2642 2021 2020
f 2012 2743 2013
f 2013 2743 2739
f 2013 2739 2014
f 2014 2739 2649
f 2014 2649 2737
f 2012 2011 2743
f 2743 2011 2010
f 2743 2010 2744
f 2744 2010 2009
f 2744 2636 2745
f 2025 2024 2741
f 2741 2024 2023
f 2741 2023 2022
f 2745 2746 2744
f 2744 2746 2747
f 2744 2747 2726
f 2636 2744 2637
f 2637 2744 2009
f 2637 2009 2638
f 2638 2009 2008
f 2638 2008 2639
f 2031 2030 2590
f 2590 2030 2029
f 2590 2029 2591
f 2591 2029 2028
f 2591 2028 2027
f 2747 2748 2726
f 2726 2748 2749
f 2726 2749 2590
f 2590 2749 2750
f 2006 2641 2008
f 2008 2641 2640
f 2008 2640 2639
f 2607 2591 2738
f 2738 2591 2027
f 2738 2027 2751
f 2751 2027 2026
f 2751 2026 2752
f 2752 2026 2740
f 2750 2635 2590
f 2590 2635 2634
f 2590 2634 2031
f 2031 2634 2641
f 2031 2641 2007
f 2007 2641 2006
f 2494 2551 2753
f 2753 2551 2754
f 2753 2754 2755
f 2755 2754 2756
f 2756 2754 2757
f 2757 2754 2758
f 2757 2758 2759
f 2759 2758 2760
f 2759 2760 2761
f 2762 2763 2764
f 2764 2763 2765
f 2764 2765 2766
f 2766 2765 2767
f 2766 2767 2760
f 2760 2767 2768
f 2760 2768 2761
f 2762 2764 2769
f 2769 2764 2770
f 2769 2770 2771
f 2771 2770 2772
f 2771 2772 2773
f 2774 2775 2772
f 2772 2775 2776
f 2772 2776 2773
f 2506 2504 2777
f 2504 2502 2778
f 2496 2494 2753
f 2498 2496 2779
f 2779 2496 2753
f 2779 2753 2780
f 2780 2753 2755
f 2759 2781 2757
f 2757 2781 2780
f 2757 2780 2756
f 2756 2780 2755
f 2761 2782 2759
f 2759 2782 2783
f 2759 2783 2781
f 2765 2784 2767
f 2767 2784 2782
f 2767 2782 2768
f 2768 2782 2761
f 2763 2785 2765
f 2765 2785 2786
f 2765 2786 2784
f 2771 2787 2769
f 2769 2787 2785
f 2769 2785 2762
f 2762 2785 2763
f 2773 2788 2771
f 2771 2788 2789
f 2771 2789 2787
f 2773 2776 2788
f 2788 2776 2775
f 2788 2775 2790
f 2502 2500 2791
f 2791 2500 2498
f 2498 2779 2791
f 2791 2779 2780
f 2791 2780 2792
f 2792 2780 2781
f 2792 2781 2793
f 2793 2781 2783
f 2793 2783 2794
f 2794 2783 2782
f 2794 2782 2795
f 2795 2782 2784
f 2795 2784 2796
f 2796 2784 2786
f 2796 2786 2797
f 2797 2786 2785
f 2797 2785 2798
f 2798 2785 2787
f 2798 2787 2799
f 2799 2787 2789
f 2799 2789 2800
f 2800 2789 2788
f 2800 2788 2801
f 2801 2788 2790
f 2801 2790 2802
f 2502 2791 2778
f 2778 2791 2792
f 2778 2792 2803
f 2803 2792 2793
f 2803 2793 2804
f 2804 2793 2794
f 2804 2794 2805
f 2805 2794 2795
f 2805 2795 2806
f 2806 2795 2796
f 2806 2796 2807
f 2807 2796 2797
f 2807 2797 2808
f 2808 2797 2798
f 2808 2798 2809
f 2809 2798 2799
f 2809 2799 2810
f 2810 2799 2800
f 2810 2800 2811
f 2811 2800 2801
f 2811 2801 2812
f 2812 2801 2802
f 2812 2802 2813
f 2504 2778 2777
f 2777 2778 2803
f 2777 2803 2814
f 2814 2803 2804
f 2814 2804 2815
f 2815 2804 2805
f 2815 2805 2816
f 2816 2805 2806
f 2816 2806 2817
f 2817 2806 2807
f 2817 2807 2818
f 2818 2807 2808
f 2818 2808 2819
f 2819 2808 2809
f 2819 2809 2820
f 2820 2809 2810
f 2820 2810 2821
f 2821 2810 2811
f 2821 2811 2822
f 2822 2811 2812
f 2822 2812 2823
f 2823 2812 2813
f 2823 2813 2824
f 2508 2507 2825
f 2825 2507 2506
f 2506 2777 2825
f 2825 2777 2814
f 2825 2814 2826
f 2826 2814 2815
f 2826 2815 2827
f 2827 2815 2816
f 2827 2816 2828
f 2828 2816 2817
f 2828 2817 2829
f 2829 2817 2818
f 2829 2818 2830
f 2830 2818 2819
f 2830 2819 2831
f 2831 2819 2820
f 2831 2820 2832
f 2832 2820 2821
f 2832 2821 2833
f 2833 2821 2822
f 2833 2822 2834
f 2834 2822 2823
f 2834 2823 2835
f 2835 2823 2824
f 2835 2824 2836
f 2508 2825 2837
f 2837 2825 2826
f 2837 2826 2838
f 2838 2826 2827
f 2838 2827 2839
f 2839 2827 2828
f 2839 2828 2840
f 2840 2828 2829
f 2840 2829 2841
f 2841 2829 2830
f 2841 2830 2842
f 2842 2830 2831
f 2842 2831 2843
f 2843 2831 2832
f 2843 2832 2844
f 2844 2832 2833
f 2844 2833 2845
f 2845 2833 2834
f 2845 2834 2846
f 2846 2834 2835
f 2846 2835 2847
f 2847 2835 2836
f 2847 2836 2848
f 2849 2850 2851
f 2851 2850 2852
f 2851 2852 2853
f 2854 2855 2856
f 2857 2858 2859
f 2859 2858 2860
f 2859 2860 2861
f 2861 2860 2862
f 2861 2862 2863
f 2863 2862 2864
f 2863 2864 2865
f 2866 2867 2868
f 2868 2867 2869
f 2870 2871 2872
f 2872 2871 2873
f 2872 2873 2874
f 2874 2873 2875
f 2874 2875 2876
f 2877 2878 2875
f 2875 2878 2879
f 2875 2879 2876
f 2880 2881 2882
f 2882 2881 2694
f 2882 2694 2883
f 2884 2885 2880
f 2880 2885 2886
f 2880 2886 2881
f 2884 2887 2867
f 2867 2887 2888
f 2867 2888 2869
f 2889 2890 2884
f 2884 2890 2891
f 2884 2891 2885
f 2889 2884 2892
f 2892 2884 2867
f 2892 2867 2893
f 2893 2867 2866
f 2893 2866 2894
f 2868 2895 2866
f 2866 2895 2896
f 2866 2896 2894
f 2894 2896 2897
f 2894 2897 2898
f 2898 2897 2899
f 2898 2899 2900
f 2901 2855 2902
f 2694 2877 2883
f 2883 2877 2903
f 2883 2903 2882
f 2882 2903 2904
f 2882 2904 2880
f 2904 2905 2880
f 2880 2905 2906
f 2880 2906 2884
f 2884 2906 2907
f 2884 2907 2887
f 2860 2899 2862
f 2862 2899 2897
f 2862 2897 2864
f 2864 2897 2896
f 2864 2896 2865
f 2865 2896 2895
f 2908 2853 2909
f 2909 2853 2852
f 2909 2852 2910
f 2910 2852 2850
f 2910 2850 2856
f 2856 2850 2849
f 2856 2849 2854
f 2854 2849 2515
f 2855 2901 2856
f 2856 2901 2911
f 2856 2911 2910
f 2910 2911 2912
f 2910 2912 2909
f 2908 2909 2857
f 2857 2909 2912
f 2857 2912 2858
f 2858 2912 2911
f 2858 2911 2860
f 2860 2911 2901
f 2860 2901 2899
f 2899 2901 2902
f 2899 2902 2900
f 2877 2875 2903
f 2903 2875 2873
f 2903 2873 2904
f 2904 2873 2871
f 2904 2871 2905
f 2905 2871 2870
f 2905 2870 2906
f 2906 2870 2913
f 2906 2913 2907
f 2907 2913 2914
f 2907 2914 2887
f 2887 2914 2915
f 2887 2915 2888
f 2886 2885 2916
f 2917 2918 2919
f 2920 2921 2922
f 2539 2923 2924
f 2923 2539 2538
f 2925 2926 2927
f 2927 2926 2928
f 2492 2927 2541
f 2541 2927 2928
f 2541 2928 2536
f 2536 2928 2537
f 2929 2513 2930
f 2930 2513 2512
f 2931 2686 2932
f 2932 2686 2724
f 2932 2724 2716
f 2933 2934 2935
f 2935 2934 2936
f 2935 2936 2937
f 2938 2939 2940
f 2940 2939 2941
f 2940 2941 2942
f 2943 2944 2945
f 2945 2944 2946
f 2946 2944 2947
f 2947 2944 2948
f 2947 2948 2949
f 2919 2918 2948
f 2948 2918 2950
f 2948 2950 2949
f 2902 2951 2952
f 2953 2898 2952
f 2952 2898 2900
f 2952 2900 2902
f 2951 2902 2954
f 2954 2902 2855
f 2954 2855 2930
f 2930 2855 2854
f 2930 2854 2929
f 2929 2854 2515
f 2929 2515 2513
f 2922 2921 2955
f 2955 2921 2956
f 2955 2956 2934
f 2957 2958 2889
f 2920 2694 2921
f 2921 2694 2881
f 2921 2881 2956
f 2916 2885 2959
f 2959 2885 2891
f 2959 2891 2958
f 2958 2891 2890
f 2958 2890 2889
f 2938 2931 2939
f 2939 2931 2932
f 2939 2932 2960
f 2960 2932 2716
f 2960 2716 2695
f 2933 2942 2934
f 2934 2942 2941
f 2934 2941 2955
f 2955 2941 2939
f 2955 2939 2922
f 2922 2939 2960
f 2922 2960 2920
f 2920 2960 2695
f 2920 2695 2694
f 2961 2926 2919
f 2919 2926 2925
f 2919 2925 2917
f 2538 2537 2923
f 2923 2537 2928
f 2923 2928 2924
f 2924 2928 2926
f 2924 2926 2962
f 2962 2926 2961
f 2889 2892 2957
f 2957 2892 2893
f 2957 2893 2894
f 2881 2886 2956
f 2956 2886 2916
f 2956 2916 2934
f 2934 2916 2959
f 2934 2959 2936
f 2936 2959 2958
f 2936 2958 2963
f 2963 2958 2957
f 2963 2957 2953
f 2953 2957 2894
f 2953 2894 2898
f 2512 2539 2930
f 2930 2539 2924
f 2930 2924 2954
f 2954 2924 2962
f 2954 2962 2951
f 2951 2962 2961
f 2951 2961 2952
f 2952 2961 2919
f 2952 2919 2953
f 2953 2919 2948
f 2953 2948 2963
f 2963 2948 2944
f 2963 2944 2936
f 2936 2944 2943
f 2936 2943 2937
f 2848 2836 2964
f 2836 2824 2965
f 2824 2813 2966
f 2813 2802 2967
f 2802 2790 2968
f 2790 2775 2969
f 2790 2969 2968
f 2968 2969 2970
f 2968 2970 2971
f 2970 2972 2971
f 2971 2972 2973
f 2971 2973 2974
f 2974 2973 2975
f 2974 2975 2976
f 2976 2975 2977
f 2976 2977 2978
f 2977 2979 2978
f 2978 2979 2980
f 2978 2980 2981
f 2981 2980 2982
f 2981 2982 2983
f 2983 2982 2984
f 2983 2984 2985
f 2984 2986 2985
f 2985 2986 2987
f 2985 2987 2988
f 2988 2987 2989
f 2988 2989 2990
f 2990 2989 2991
f 2990 2991 2992
f 2992 2991 2993
f 2992 2993 2657
f 2802 2968 2967
f 2967 2968 2971
f 2967 2971 2994
f 2994 2971 2974
f 2994 2974 2995
f 2995 2974 2976
f 2995 2976 2996
f 2996 2976 2978
f 2996 2978 2997
f 2997 2978 2981
f 2997 2981 2998
f 2998 2981 2983
f 2998 2983 2999
f 2999 2983 2985
f 2999 2985 3000
f 3000 2985 2988
f 3000 2988 3001
f 3001 2988 2990
f 3001 2990 3002
f 3002 2990 2992
f 3002 2992 3003
f 2813 2967 2966
f 2966 2967 2994
f 2966 2994 3004
f 3004 2994 2995
f 3004 2995 3005
f 3005 2995 2996
f 3005 2996 3006
f 3006 2996 2997
f 3006 2997 3007
f 3007 2997 2998
f 3007 2998 3008
f 3008 2998 2999
f 3008 2999 3009
f 3009 2999 3000
f 3009 3000 3010
f 3010 3000 3001
f 3010 3001 3011
f 3011 3001 3002
f 3011 3002 3012
f 3012 3002 3003
f 3012 3003 3013
f 2824 2966 2965
f 2965 2966 3004
f 2965 3004 3014
f 3014 3004 3005
f 3014 3005 3015
f 3015 3005 3006
f 3015 3006 3016
f 3016 3006 3007
f 3016 3007 3017
f 3017 3007 3008
f 3017 3008 3018
f 3018 3008 3009
f 3018 3009 3019
f 3019 3009 3010
f 3019 3010 3020
f 3020 3010 3011
f 3020 3011 3021
f 3021 3011 3012
f 3021 3012 3022
f 3022 3012 3013
f 3022 3013 3023
f 2657 2672 2992
f 2992 2672 2674
f 2992 2674 3003
f 3003 2674 2676
f 3003 2676 3013
f 3013 2676 2678
f 3013 2678 3023
f 3023 2678 2680
f 3023 2680 2682
f 2836 2965 2964
f 2964 2965 3014
f 2964 3014 3024
f 3024 3014 3015
f 3024 3015 3025
f 3025 3015 3016
f 3025 3016 3026
f 3026 3016 3017
f 3026 3017 3027
f 3027 3017 3018
f 3027 3018 3028
f 3028 3018 3019
f 3028 3019 3029
f 3029 3019 3020
f 3029 3020 3030
f 3030 3020 3021
f 3030 3021 3031
f 3031 3021 3022
f 3031 3022 3032
f 3032 3022 3023
f 3032 3023 3033
f 3033 3023 2682
f 3033 2682 2684
f 2848 2964 3034
f 3034 2964 3024
f 3034 3024 3035
f 3035 3024 3025
f 3035 3025 3036
f 3036 3025 3026
f 3036 3026 3037
f 3037 3026 3027
f 3037 3027 3038
f 3038 3027 3028
f 3038 3028 3039
f 3039 3028 3029
f 3039 3029 3040
f 3040 3029 3030
f 3040 3030 3041
f 3041 3030 3031
f 3041 3031 3042
f 3042 3031 3032
f 3042 3032 3043
f 3043 3032 3033
f 3043 3033 3044
f 3044 3033 2684
f 3044 2684 2690
f 2659 2657 3045
f 3045 2657 2993
f 2993 2991 3045
f 3045 2991 2989
f 3045 2989 3046
f 3046 2989 2987
f 3046 2987 3047
f 3047 2987 2986
f 2986 2984 3047
f 3047 2984 2982
f 3047 2982 3048
f 3048 2982 2980
f 3048 2980 3049
f 3049 2980 2979
f 2979 2977 3049
f 3049 2977 2975
f 3049 2975 3050
f 3050 2975 2973
f 3050 2973 3051
f 3051 2973 2972
f 2775 2774 2969
f 2969 2774 3051
f 2969 3051 2970
f 2970 3051 2972
f 2528 2526 3052
f 3052 2526 3053
f 3054 3055 3056
f 2518 3057 2520
f 2520 3057 3058
f 2520 3058 2522
f 2522 3058 3059
f 2522 3059 2524
f 3060 2584 3061
f 3061 2584 2583
f 3061 2583 3062
f 3062 2583 2582
f 3062 2582 2549
f 2516 2515 2849
f 2516 2849 3063
f 2849 2851 3063
f 3063 2851 2853
f 3063 2853 3055
f 3055 2853 2908
f 3055 2908 3056
f 2549 2528 3062
f 3062 2528 3052
f 3062 3052 3061
f 3061 3052 3053
f 3061 3053 3060
f 3060 3053 3054
f 3060 3054 3064
f 3064 3054 3056
f 2526 2524 3053
f 3053 2524 3059
f 3053 3059 3054
f 3054 3059 3058
f 3054 3058 3055
f 3055 3058 3057
f 3055 3057 3063
f 3063 3057 2518
f 3063 2518 2516
f 2632 2602 2626
f 2626 2602 2603
f 2630 2551 2632
f 2632 2551 2550
f 2632 2550 2602
f 3065 3066 3067
f 3067 3066 3068
f 3069 2660 2659
f 3070 2668 3071
f 3071 2668 3072
f 3070 3073 2668
f 2668 3073 3074
f 2668 3074 2669
f 3068 3075 3067
f 3067 3075 2660
f 3067 2660 3076
f 3076 2660 3069
f 3072 2668 3077
f 3077 2668 2663
f 3077 2663 3075
f 3075 2663 2671
f 3075 2671 2660
f 2628 3078 2630
f 2630 3078 3079
f 2630 3079 2551
f 2551 3079 1326
f 2551 1326 2754
f 2754 1326 1324
f 2754 1324 2758
f 2758 1324 1322
f 2758 1322 2760
f 2760 1322 1320
f 2760 1320 2766
f 2766 1320 1318
f 2766 1318 2764
f 2764 1318 1316
f 2764 1316 2770
f 2770 1316 1314
f 2770 1314 2772
f 2772 1314 1312
f 2772 1312 2774
f 2774 1312 1310
f 2774 1310 3051
f 3051 1310 1308
f 3051 1308 3050
f 3050 1308 1306
f 3050 1306 3049
f 3049 1306 1304
f 3049 1304 3048
f 3048 1304 1302
f 3048 1302 3047
f 3047 1302 1300
f 3047 1300 3046
f 3046 1300 1298
f 3046 1298 3045
f 3045 1298 1296
f 3045 1296 2659
f 2659 1296 1294
f 2659 1294 3069
f 2628 2625 3078
f 3078 2625 2624
f 3078 2624 3080
f 3080 2624 3081
f 3080 3081 3082
f 3082 3081 3083
f 3082 3083 3084
f 3084 3083 3085
f 3084 3085 3086
f 3086 3085 3087
f 3086 3087 3088
f 3088 3087 3089
f 3088 3089 3090
f 3090 3089 3091
f 3090 3091 3092
f 3092 3091 3093
f 3092 3093 3094
f 3094 3093 3095
f 3094 3095 3096
f 3096 3095 3097
f 3096 3097 3065
f 3065 3097 3098
f 3065 3098 3066
f 3099 3100 3101
f 3102 3100 3099
f 3103 3102 3099
f 3099 3104 3105
f 3106 3104 3099
f 3101 3106 3099
f 3107 3068 3066
f 3107 3066 3108
f 3108 3066 3098
f 3108 3098 3109
f 3075 3068 3110
f 3110 3068 3107
f 3110 3107 3111
f 3112 3113 3114
f 3115 2708 2707
f 2707 2670 3115
f 3115 2670 2669
f 3115 2669 3116
f 3116 2669 3074
f 3116 3074 3117
f 3118 3119 3112
f 3112 3119 3120
f 3112 3120 3113
f 3113 3120 3117
f 3121 3110 3111
f 3121 3114 3071
f 3075 3110 3077
f 3077 3110 3121
f 3077 3121 3072
f 3072 3121 3071
f 3117 3074 3113
f 3113 3074 3073
f 3113 3073 3114
f 3114 3073 3070
f 3114 3070 3071
f 3111 3122 3121
f 3121 3122 3123
f 3121 3123 3114
f 3114 3123 3124
f 3114 3124 3112
f 3112 3124 3125
f 3112 3125 3118
f 3118 3125 3126
f 3118 3126 3127
f 3128 3129 3130
f 3130 3129 3131
f 3130 3131 3132
f 3133 3134 3132
f 3134 3133 3135
f 3135 3133 3136
f 3135 3136 3137
f 3137 3136 3138
f 3137 3138 3139
f 3139 3138 3140
f 3139 3140 3141
f 3142 3120 3127
f 3127 3120 3119
f 3127 3119 3118
f 3143 3116 3117
f 3144 3145 3146
f 3146 3145 3147
f 3146 3147 3148
f 3148 3147 3149
f 3132 3131 3133
f 3133 3131 3142
f 3133 3142 3136
f 3136 3142 3127
f 3136 3127 3138
f 3138 3127 3126
f 3138 3126 3140
f 3140 3126 3150
f 3140 3150 3141
f 3128 3149 3151
f 3151 3149 3147
f 3151 3147 3152
f 3152 3147 3145
f 3152 3145 3143
f 3143 3145 3144
f 3143 3144 3116
f 3116 3144 3115
f 3128 3151 3129
f 3129 3151 3152
f 3129 3152 3131
f 3131 3152 3143
f 3131 3143 3142
f 3142 3143 3117
f 3142 3117 3120
f 2335 3153 2337
f 2337 3153 3154
f 2337 3154 2330
f 2330 3154 3155
f 3156 2467 3157
f 3157 2467 2466
f 3157 2466 3158
f 3158 2466 2465
f 3158 2465 3159
f 3159 2465 2458
f 3159 2458 3160
f 3160 2458 2459
f 3160 2459 3155
f 3155 2459 2461
f 3155 2461 2330
f 3103 3161 3102
f 3102 3161 3162
f 3102 3162 3100
f 3100 3162 3163
f 3100 3163 3101
f 3101 3163 3164
f 3101 3164 3106
f 3106 3164 3165
f 3106 3165 3104
f 3104 3165 3166
f 3104 3166 3105
f 3105 3166 3167
f 2318 3168 2304
f 2304 3168 3169
f 3170 2451 3171
f 3171 2451 2450
f 3171 2450 3172
f 3172 2450 2449
f 3172 2449 3173
f 3173 2449 2448
f 3173 2448 3174
f 3174 2448 2447
f 3174 2447 3169
f 3169 2447 2446
f 3169 2446 2304
f 3175 3176 3177
f 1962 1961 3171
f 3178 1969 3126
f 3154 3153 3150
f 1964 1963 3173
f 3179 3180 3177
f 3177 3180 3181
f 3177 3181 3175
f 1962 3171 1963
f 1963 3171 3172
f 1963 3172 3173
f 3157 3158 3182
f 3182 3158 3159
f 3182 3159 3183
f 3183 3159 3160
f 3183 3160 3155
f 1969 1968 3126
f 3126 1968 1967
f 3126 1967 3150
f 3150 1967 1966
f 3150 3153 3176
f 3176 3153 3184
f 3176 3184 3177
f 3173 3174 1964
f 1964 3174 3169
f 1964 3169 1965
f 1965 3169 3168
f 1965 3168 1966
f 1966 3168 3183
f 1966 3183 3150
f 3150 3183 3155
f 3150 3155 3154
f 3184 3185 3177
f 3177 3185 3186
f 3177 3186 3187
f 3187 3186 3188
f 3187 3188 3189
f 1976 3167 3166
f 3161 3126 3162
f 3162 3126 3125
f 3162 3125 3124
f 3189 3190 3187
f 3187 3190 3156
f 3187 3156 3157
f 3191 3192 1970
f 1970 3192 3193
f 1970 3193 1971
f 1971 3193 3194
f 1971 3194 1972
f 1972 3194 3195
f 1976 1975 3167
f 3167 1975 1974
f 3167 1974 3195
f 3195 1974 1973
f 3195 1973 1972
f 3196 1978 1977
f 3124 3123 3162
f 3162 3123 3122
f 3162 3122 3163
f 3163 3122 3111
f 3163 3111 3164
f 3164 3111 3107
f 3164 3107 3165
f 3191 1970 3161
f 3161 1970 3197
f 3161 3197 3126
f 3126 3197 3198
f 3126 3198 3178
f 1978 3196 1979
f 1979 3196 3199
f 1979 3199 1960
f 3182 3200 3157
f 3157 3200 3201
f 3157 3201 3187
f 3187 3201 3202
f 3187 3202 3170
f 1977 1976 3196
f 3196 1976 3166
f 3196 3166 3109
f 3109 3166 3165
f 3109 3165 3108
f 3108 3165 3107
f 1960 3199 1959
f 1959 3199 3187
f 1959 3187 1961
f 1961 3187 3170
f 1961 3170 3171
f 2384 2383 3203
f 3203 2383 2382
f 3203 2382 2726
f 2726 2382 2381
f 2726 2381 2380
f 3204 2744 2726
f 2394 3205 2396
f 2396 3205 3204
f 2396 3204 2398
f 2398 3204 2726
f 2398 2726 2400
f 2400 2726 2380
f 2693 2704 3206
f 3206 2704 3207
f 2708 3115 2709
f 2709 3115 3144
f 2709 3144 3208
f 3209 3210 3211
f 2696 3212 2698
f 2698 3212 3213
f 2698 3213 2700
f 2700 3213 3214
f 2700 3214 2702
f 3215 2879 3216
f 3216 2879 2878
f 3216 2878 3217
f 3217 2878 2877
f 3217 2877 2694
f 3144 3146 3208
f 3208 3146 3148
f 3208 3148 3210
f 3210 3148 3149
f 3210 3149 3211
f 2694 2693 3217
f 3217 2693 3206
f 3217 3206 3216
f 3216 3206 3207
f 3216 3207 3215
f 3215 3207 3209
f 3215 3209 3218
f 3218 3209 3211
f 2704 2702 3207
f 3207 2702 3214
f 3207 3214 3209
f 3209 3214 3213
f 3209 3213 3210
f 3210 3213 3212
f 3210 3212 3208
f 3208 3212 2696
f 3208 2696 2709
f 2428 2427 2469
f 3219 2426 3220
f 3220 2426 3221
f 3220 3221 3222
f 2340 2339 2445
f 2445 2339 2325
f 2445 2325 2316
f 2316 2315 2445
f 2445 2315 2314
f 2445 2314 2313
f 2348 3223 3224
f 3224 3223 3225
f 3224 3225 3177
f 3177 3225 3179
f 2362 2364 2476
f 2476 2364 2372
f 2726 2729 3203
f 3203 2729 3226
f 3203 3226 2384
f 2384 3226 3227
f 2384 3227 2371
f 2372 2371 2476
f 2476 2371 3227
f 2476 3227 2474
f 2474 3227 3228
f 2474 3228 2472
f 2472 3228 3229
f 2472 3229 2471
f 2471 3229 3230
f 2471 3230 2469
f 2469 3230 3222
f 2469 3222 2428
f 2428 3222 3221
f 2425 2426 2438
f 2438 2426 3219
f 2438 3219 2440
f 2440 3219 3231
f 2440 3231 2442
f 2442 3231 3232
f 2442 3232 2444
f 2444 3232 3233
f 2444 3233 2445
f 2445 3233 3223
f 2445 3223 2340
f 2340 3223 2348
f 3234 3235 3236
f 3234 3236 3237
f 3237 3236 3238
f 3237 3238 3239
f 3239 3238 3240
f 3240 3238 3241
f 3240 3241 3242
f 3243 3244 3241
f 3241 3244 3245
f 3241 3245 3242
f 3246 3247 3248
f 3248 3247 3249
f 3248 3249 3241
f 3241 3249 3250
f 3241 3250 3243
f 3251 3252 3253
f 3253 3252 3254
f 3254 3255 3253
f 3253 3255 3256
f 3253 3256 3257
f 3257 3256 3258
f 3257 3258 3248
f 3248 3258 3259
f 3248 3259 3246
f 3260 3261 3262
f 3262 3261 3263
f 3262 3263 3253
f 3253 3263 3264
f 3253 3264 3251
f 3265 3266 3267
f 3267 3266 3268
f 3267 3268 3262
f 3262 3268 3269
f 3262 3269 3260
f 3265 3267 3270
f 3270 3267 2728
f 3270 2728 2730
f 3271 3272 3273
f 3274 3258 3275
f 3276 3277 3275
f 3060 3278 2584
f 2584 3278 3279
f 3280 3281 3282
f 3282 3281 3283
f 3282 3283 3278
f 3278 3283 3284
f 3278 3284 3279
f 3258 3285 3275
f 3275 3285 3286
f 3275 3286 3276
f 3287 3288 3277
f 3277 3288 3289
f 3277 3289 3275
f 3275 3289 3290
f 3275 3290 3274
f 3276 3291 3277
f 3277 3291 3292
f 3277 3292 3287
f 3287 3292 3293
f 3287 3293 3294
f 3294 3293 3295
f 3296 3297 3298
f 3296 3298 3273
f 3273 3298 3299
f 3273 3299 3271
f 3297 3296 3300
f 3300 3296 3056
f 3300 3056 2908
f 3280 3282 3291
f 3291 3282 3301
f 3291 3301 3292
f 3292 3301 3302
f 3292 3302 3293
f 3293 3302 3303
f 3293 3303 3295
f 3064 3056 3304
f 3304 3056 3296
f 3304 3296 3305
f 3305 3296 3273
f 3060 3064 3278
f 3278 3064 3304
f 3278 3304 3282
f 3282 3304 3305
f 3282 3305 3301
f 3301 3305 3273
f 3301 3273 3302
f 3302 3273 3272
f 3302 3272 3303
f 3306 3307 3308
f 3309 3310 3311
f 3312 3313 3314
f 3294 3295 3315
f 3300 2908 2857
f 3316 3317 2879
f 3318 3319 3320
f 3311 3310 3321
f 3322 3323 3321
f 3322 3321 3324
f 3325 3326 3327
f 3328 2874 3317
f 3317 2874 2876
f 3317 2876 2879
f 3329 3330 2914
f 2914 2913 3329
f 3329 2913 2870
f 3329 2870 3328
f 3328 2870 2872
f 3328 2872 2874
f 2868 2869 3331
f 3331 2869 2888
f 3331 2888 3330
f 3330 2888 2915
f 3330 2915 2914
f 3331 3332 2868
f 2868 3332 3333
f 2868 3333 2895
f 2895 3333 3334
f 2895 3334 2865
f 2865 3334 3335
f 2865 3335 2863
f 3336 2859 2861
f 2857 2859 3337
f 3337 2859 3336
f 3337 3336 3338
f 3339 3299 3337
f 3337 3299 3298
f 3337 3298 2857
f 2857 3298 3297
f 2857 3297 3300
f 3340 3272 3271
f 3272 3340 3303
f 3341 3274 3290
f 3338 3342 3337
f 3337 3342 3340
f 3337 3340 3339
f 3339 3340 3271
f 3339 3271 3299
f 3329 3343 3330
f 3330 3343 3344
f 3330 3344 3331
f 3331 3344 3345
f 3331 3345 3332
f 3332 3345 3346
f 3332 3346 3333
f 3333 3346 3347
f 3333 3347 3334
f 3334 3347 3348
f 3334 3348 3335
f 3335 3348 3349
f 3350 3351 3312
f 3312 3351 3352
f 3312 3352 3313
f 3313 3352 3353
f 3354 3351 3355
f 3355 3351 3350
f 3355 3350 3327
f 3327 3350 3312
f 3327 3312 3325
f 3325 3312 3314
f 3353 3343 3313
f 3313 3343 3329
f 3313 3329 3314
f 3314 3329 3328
f 3314 3328 3325
f 3325 3328 3317
f 3325 3317 3326
f 3326 3317 3316
f 3356 3357 3358
f 3358 3357 3359
f 3358 3359 3360
f 3308 3361 3356
f 3356 3361 3362
f 3356 3362 3357
f 3324 3321 3363
f 3363 3321 3310
f 3363 3310 3318
f 3318 3310 3309
f 3318 3309 3319
f 3319 3309 3307
f 3319 3307 3320
f 3320 3307 3306
f 3320 3306 3364
f 3365 3366 3367
f 3367 3366 3368
f 3367 3368 3369
f 3311 3365 3309
f 3309 3365 3367
f 3309 3367 3307
f 3307 3367 3369
f 3307 3369 3308
f 3308 3369 3370
f 3308 3370 3361
f 3250 3249 3371
f 3371 3249 3247
f 3371 3247 3372
f 3372 3247 3246
f 3372 3246 3341
f 3341 3246 3259
f 3341 3259 3274
f 3274 3259 3258
f 3250 3371 3243
f 3243 3371 3373
f 3243 3373 3244
f 3244 3373 3374
f 3244 3374 3245
f 3375 3237 3376
f 3376 3237 3239
f 3376 3239 3377
f 3377 3239 3240
f 3377 3240 3374
f 3374 3240 3242
f 3374 3242 3245
f 3288 3287 3378
f 3378 3287 3294
f 3378 3294 3379
f 3379 3294 3315
f 3379 3315 3380
f 3380 3315 3381
f 3380 3381 3382
f 3382 3381 3383
f 3382 3383 3349
f 3295 3303 3315
f 3315 3303 3340
f 3315 3340 3381
f 3381 3340 3342
f 3381 3342 3383
f 3383 3342 3338
f 3383 3338 3349
f 3349 3338 3336
f 3349 3336 3335
f 3335 3336 2861
f 3335 2861 2863
f 3359 3384 3360
f 3360 3384 3385
f 3360 3385 3386
f 3386 3385 3387
f 3386 3387 3388
f 3388 3387 3235
f 3388 3235 3375
f 3375 3235 3234
f 3375 3234 3237
f 3354 3364 3351
f 3351 3364 3306
f 3351 3306 3352
f 3352 3306 3308
f 3352 3308 3353
f 3353 3308 3356
f 3353 3356 3343
f 3343 3356 3358
f 3343 3358 3344
f 3344 3358 3360
f 3344 3360 3345
f 3345 3360 3386
f 3345 3386 3346
f 3346 3386 3388
f 3346 3388 3347
f 3347 3388 3375
f 3347 3375 3348
f 3348 3375 3376
f 3348 3376 3349
f 3349 3376 3377
f 3349 3377 3382
f 3382 3377 3374
f 3382 3374 3380
f 3380 3374 3373
f 3380 3373 3379
f 3379 3373 3371
f 3379 3371 3378
f 3378 3371 3372
f 3378 3372 3288
f 3288 3372 3341
f 3288 3341 3289
f 3289 3341 3290
f 3226 2729 2728
f 2728 3267 3226
f 3226 3267 3262
f 3226 3262 3227
f 3227 3262 3253
f 3227 3253 3228
f 3228 3253 3257
f 3228 3257 3229
f 3229 3257 3248
f 3229 3248 3230
f 3230 3248 3241
f 3230 3241 3222
f 3222 3241 3238
f 3222 3238 3220
f 3220 3238 3236
f 3220 3236 3219
f 3236 3389 3219
f 3219 3389 3390
f 3219 3390 3231
f 3231 3390 3391
f 3231 3391 3232
f 3232 3391 3392
f 3232 3392 3233
f 3233 3392 3393
f 3233 3393 3223
f 3223 3393 3394
f 3223 3394 3225
f 3225 3394 3395
f 3225 3395 3179
f 3179 3395 3180
f 3396 3397 3398
f 3398 3399 3400
f 3400 3399 3401
f 3400 3401 3402
f 3402 3401 3403
f 3402 3403 3404
f 3404 3403 3323
f 3405 3406 3399
f 3399 3406 3407
f 3399 3407 3401
f 3398 3397 3399
f 3399 3397 3408
f 3399 3408 3405
f 3409 3410 3411
f 3211 3149 3412
f 3327 3326 3413
f 3413 3326 3316
f 3413 3316 2879
f 3414 3415 3416
f 3416 3415 3364
f 3327 3417 3355
f 3355 3417 3416
f 3355 3416 3354
f 3354 3416 3364
f 3323 3322 3404
f 3404 3322 3324
f 3404 3324 3363
f 3363 3318 3404
f 3404 3318 3320
f 3404 3320 3402
f 3402 3320 3364
f 3402 3364 3400
f 3400 3364 3415
f 3400 3415 3398
f 3398 3415 3414
f 3398 3414 3396
f 3396 3414 3418
f 3327 3413 3417
f 3417 3413 3419
f 3417 3419 3416
f 3416 3419 3409
f 3416 3409 3414
f 3414 3409 3411
f 3414 3411 3418
f 2879 3215 3413
f 3413 3215 3218
f 3413 3218 3419
f 3419 3218 3211
f 3419 3211 3409
f 3409 3211 3412
f 3409 3412 3410
f 3286 3420 3421
f 3420 3286 3285
f 3422 3291 3276
f 3281 3280 3423
f 3423 3280 3424
f 3423 3424 3425
f 2584 3279 3426
f 3426 3279 3284
f 3426 3284 3283
f 2577 2579 3426
f 3426 2579 2581
f 3426 2581 2584
f 2598 2575 3427
f 3427 2575 2577
f 3427 2577 3428
f 3428 2577 3426
f 2598 3427 2599
f 2599 3427 3429
f 2599 3429 2600
f 3430 3431 2574
f 2574 3431 2727
f 2574 2727 2590
f 3432 3252 3251
f 3251 3264 3432
f 3432 3264 3433
f 3432 3433 3421
f 3421 3433 3434
f 3421 3434 3286
f 3264 3435 3433
f 3433 3435 3422
f 3433 3422 3434
f 3434 3422 3276
f 3434 3276 3286
f 3252 3432 3254
f 3254 3432 3421
f 3254 3421 3255
f 3255 3421 3420
f 3255 3420 3256
f 3256 3420 3285
f 3256 3285 3258
f 3436 3269 3437
f 3437 3269 3268
f 3437 3268 3438
f 2731 2727 3439
f 3439 2727 3431
f 3439 3431 3438
f 3438 3431 3430
f 3438 3430 3437
f 3437 3430 3440
f 3437 3440 3436
f 3436 3440 3441
f 3436 3441 3435
f 3435 3441 3425
f 3435 3425 3422
f 3422 3425 3424
f 3422 3424 3291
f 3291 3424 3280
f 2730 2731 3270
f 3270 2731 3439
f 3270 3439 3265
f 3265 3439 3438
f 3265 3438 3266
f 3266 3438 3268
f 3264 3263 3435
f 3435 3263 3261
f 3435 3261 3436
f 3436 3261 3260
f 3436 3260 3269
f 2574 2600 3430
f 3430 2600 3429
f 3430 3429 3440
f 3440 3429 3427
f 3440 3427 3441
f 3441 3427 3428
f 3441 3428 3425
f 3425 3428 3426
f 3425 3426 3423
f 3423 3426 3283
f 3423 3283 3281
f 3396 3442 3443
f 3418 3411 3444
f 3445 3139 3141
f 3139 3445 3137
f 3137 3445 3446
f 3137 3446 3135
f 3135 3446 3134
f 3134 3446 3447
f 3134 3447 3132
f 3132 3447 3444
f 3132 3444 3130
f 3444 3411 3130
f 3130 3411 3410
f 3130 3410 3128
f 3128 3410 3412
f 3128 3412 3149
f 3406 3405 3448
f 3448 3405 3408
f 3448 3408 3443
f 3443 3408 3397
f 3443 3397 3396
f 3445 3449 3446
f 3446 3449 3450
f 3446 3450 3447
f 3447 3450 3451
f 3447 3451 3444
f 3444 3451 3452
f 3453 3454 3455
f 3455 3454 3456
f 3455 3456 3457
f 3457 3456 3458
f 3459 3460 3461
f 3461 3460 3462
f 3461 3462 3463
f 3463 3462 3464
f 3463 3464 3465
f 3466 3465 3467
f 3467 3465 3464
f 3467 3464 3468
f 3468 3464 3462
f 3468 3462 3401
f 3401 3462 3460
f 3401 3460 3403
f 3403 3460 3459
f 3403 3459 3323
f 3396 3418 3442
f 3442 3418 3444
f 3442 3444 3443
f 3443 3444 3452
f 3443 3452 3448
f 3448 3452 3467
f 3448 3467 3406
f 3406 3467 3468
f 3406 3468 3407
f 3407 3468 3401
f 3458 3469 3457
f 3457 3469 3470
f 3457 3470 3471
f 3471 3470 3472
f 3181 3473 3175
f 3175 3473 3474
f 3175 3474 3176
f 3181 3475 3473
f 3473 3475 3476
f 3473 3476 3453
f 3453 3476 3477
f 3453 3477 3454
f 3150 3176 3141
f 3141 3176 3474
f 3141 3474 3445
f 3445 3474 3473
f 3445 3473 3449
f 3449 3473 3453
f 3449 3453 3450
f 3450 3453 3455
f 3450 3455 3451
f 3451 3455 3457
f 3451 3457 3452
f 3452 3457 3471
f 3452 3471 3467
f 3467 3471 3472
f 3467 3472 3466
f 2047 3478 2049
f 2037 3479 2039
f 3480 3481 3482
f 3483 3484 3485
f 3486 3487 3488
f 3489 3490 3491
f 3492 156 3493
f 3494 3478 3495
f 3496 3494 3497
f 3498 3499 3500
f 3501 3481 3502
f 3503 3501 3504
f 3505 3506 3507
f 3505 3508 3509
f 3510 3511 3508
f 3508 3511 3512
f 3508 3512 3509
f 3513 30 3506
f 3506 30 3514
f 3506 3514 3507
f 3507 3514 3515
f 3504 3501 3516
f 3516 3501 3502
f 3516 3502 3517
f 3518 3519 3520
f 1278 3521 3522
f 3522 3521 3518
f 3522 3518 3523
f 3523 3518 3520
f 3524 3525 3526
f 3519 3518 3527
f 3527 3518 3528
f 3527 3528 3525
f 3525 3528 3529
f 3525 3529 3526
f 3524 3530 3531
f 3531 3530 3532
f 3531 3532 3533
f 3533 3534 3535
f 3535 3534 3536
f 3537 1252 3534
f 3534 1252 3538
f 3534 3538 3536
f 3539 3540 3541
f 3541 3540 44
f 56 3542 3543
f 3543 3542 3544
f 44 3545 3541
f 3541 3545 3546
f 3541 3546 3547
f 3547 3546 3548
f 3547 3548 3544
f 3544 3548 3549
f 3544 3549 3543
f 98 96 3550
f 98 3550 3551
f 96 94 3550
f 3550 94 92
f 3550 92 3542
f 92 90 3542
f 3542 90 88
f 3542 88 3544
f 3544 88 86
f 3552 3553 3554
f 3554 3553 3555
f 86 3556 3544
f 3544 3556 3557
f 3544 3557 3555
f 3555 3557 3558
f 3555 3558 3554
f 132 130 3550
f 3550 130 3553
f 3550 3553 3551
f 3551 3553 3552
f 142 140 3559
f 130 3560 3553
f 3553 3560 3561
f 3553 3561 3562
f 3562 3561 3563
f 3562 3563 3564
f 3563 3565 3564
f 3564 3565 3566
f 3564 3566 142
f 140 138 3559
f 3559 138 136
f 3559 136 3550
f 3550 136 134
f 3550 134 132
f 3567 3568 3564
f 3564 3568 3569
f 142 3559 3564
f 3564 3559 2
f 3564 2 3567
f 3497 3494 3570
f 3570 3494 3495
f 3570 3495 3571
f 70 3572 3573
f 3573 3572 3574
f 3575 3576 3574
f 3574 3576 3577
f 3574 3577 3573
f 3578 112 3579
f 3579 112 110
f 110 108 3579
f 3579 108 106
f 3579 106 3572
f 100 3574 102
f 102 3574 3572
f 102 3572 104
f 104 3572 106
f 100 3580 3574
f 3574 3580 3581
f 3574 3581 3582
f 3582 3581 3583
f 3582 3583 3584
f 3584 3583 3585
f 156 154 3586
f 154 152 3586
f 3586 152 150
f 3586 150 3579
f 3579 150 148
f 3579 148 146
f 146 144 3579
f 3579 144 3584
f 3579 3584 3578
f 3578 3584 3585
f 144 3587 3584
f 3584 3587 3588
f 3584 3588 3589
f 3589 3588 3590
f 3589 3590 3493
f 3493 3590 3591
f 3493 3591 3492
f 3592 3593 3493
f 3493 3593 3594
f 156 3586 3493
f 3493 3586 16
f 3493 16 3592
f 3491 3490 3486
f 3486 3490 3479
f 3486 3479 3487
f 3595 3596 3597
f 3597 3596 3598
f 84 3599 3600
f 3600 3599 3597
f 3600 3597 3601
f 3601 3597 3598
f 3602 3603 3595
f 3595 3603 3604
f 3604 3603 3605
f 3604 3605 3510
f 3568 3606 3569
f 3569 3606 3607
f 3569 3607 3496
f 3496 3607 3608
f 3496 3608 3494
f 3494 3608 14
f 3494 14 3478
f 14 12 3478
f 3478 12 10
f 3478 10 2049
f 2049 10 8
f 2049 8 2051
f 2051 8 6
f 2051 6 4
f 3593 3609 3594
f 3594 3609 3610
f 3594 3610 3489
f 3489 3610 3611
f 3489 3611 3490
f 3490 3611 28
f 3490 28 3479
f 28 26 3479
f 3479 26 24
f 3479 24 2039
f 2039 24 22
f 2039 22 2041
f 2041 22 20
f 2041 20 18
f 3515 3612 3507
f 3507 3612 3613
f 3507 3613 3503
f 3503 3613 3614
f 3503 3614 3501
f 3501 3614 42
f 3501 42 3481
f 42 40 3481
f 3481 40 38
f 3481 38 3482
f 3482 38 36
f 3482 36 3615
f 3615 36 34
f 3615 34 32
f 3500 3499 3539
f 3539 3499 3484
f 3539 3484 3540
f 3540 3484 46
f 3540 46 44
f 56 54 3616
f 3616 54 52
f 3616 52 3483
f 3483 52 50
f 3483 50 3484
f 3484 50 48
f 3484 48 46
f 3478 60 3495
f 3495 60 58
f 3495 58 3571
f 3571 58 3617
f 3571 3617 3575
f 3575 3617 3618
f 3575 3618 3576
f 70 68 2045
f 2045 68 66
f 2045 66 2047
f 2047 66 64
f 2047 64 3478
f 3478 64 62
f 3478 62 60
f 3479 74 3487
f 3487 74 72
f 3487 72 3488
f 3488 72 3619
f 3488 3619 3596
f 3596 3619 3620
f 3596 3620 3598
f 84 82 2035
f 2035 82 80
f 2035 80 2037
f 2037 80 78
f 2037 78 3479
f 3479 78 76
f 3479 76 74
f 3605 3621 3510
f 3510 3621 3622
f 3510 3622 3623
f 3623 3622 128
f 3623 128 3624
f 3624 128 126
f 3602 3595 114
f 114 3595 3597
f 114 3597 116
f 116 3597 3599
f 116 3599 118
f 126 124 3624
f 3624 124 122
f 3624 122 3599
f 3599 122 120
f 3599 120 118
f 3509 3625 3505
f 3505 3625 3626
f 3505 3626 3506
f 3506 3626 170
f 3506 170 3513
f 3513 170 168
f 3624 160 3623
f 3623 160 158
f 3623 158 3510
f 3510 158 3627
f 3510 3627 3511
f 168 166 3513
f 3513 166 164
f 3513 164 3624
f 3624 164 162
f 3624 162 160
f 3532 3628 3533
f 3533 3628 3629
f 3533 3629 3534
f 3534 3629 1250
f 3534 1250 3537
f 3537 1250 1248
f 1248 1246 3537
f 3537 1246 1244
f 3537 1244 3630
f 1244 1242 3630
f 3630 1242 1240
f 3630 1240 3631
f 3631 1240 1238
f 3631 1238 3524
f 3524 1238 3632
f 3524 3632 3530
f 3536 3633 3535
f 3535 3633 3634
f 3535 3634 3498
f 3498 3634 3635
f 3498 3635 3499
f 3499 3635 1264
f 3499 1264 3484
f 1264 1262 3484
f 3484 1262 1260
f 3484 1260 3485
f 3485 1260 1258
f 3485 1258 3636
f 3636 1258 1256
f 3636 1256 1254
f 3481 1268 3502
f 3502 1268 1266
f 3502 1266 3517
f 3517 1266 3637
f 3517 3637 3519
f 3519 3637 3638
f 3519 3638 3520
f 1278 1276 3639
f 3639 1276 1274
f 3639 1274 3480
f 3480 1274 1272
f 3480 1272 3481
f 3481 1272 1270
f 3481 1270 1268
f 3526 3640 3524
f 3524 3640 3641
f 3524 3641 3631
f 3631 3641 1292
f 3631 1292 3630
f 3630 1292 1290
f 1290 1288 3630
f 3630 1288 1286
f 3630 1286 3521
f 1286 1284 3521
f 3521 1284 1282
f 3521 1282 3518
f 3518 1282 1280
f 3518 1280 3528
f 1278 3639 3521
f 3521 3639 3642
f 3521 3642 3630
f 3630 3642 3636
f 3630 3636 3537
f 3537 3636 1254
f 3537 1254 1252
f 84 2035 3599
f 3599 2035 2033
f 3599 2033 3624
f 3624 2033 3615
f 3624 3615 3513
f 3513 3615 32
f 3513 32 30
f 70 2045 3572
f 3572 2045 2043
f 3572 2043 3579
f 3579 2043 2041
f 3579 2041 3586
f 3586 2041 18
f 3586 18 16
f 56 3616 3542
f 3542 3616 2053
f 3542 2053 3550
f 3550 2053 2051
f 3550 2051 3559
f 3559 2051 4
f 3559 4 2
f 3569 181 183
f 227 3553 225
f 225 3553 3562
f 225 3562 183
f 183 3562 3564
f 183 3564 3569
f 3643 3644 217
f 217 3644 3645
f 217 3645 214
f 214 3645 3646
f 214 3646 211
f 217 219 3643
f 3643 219 221
f 3643 221 222
f 224 172 3497
f 3497 172 171
f 3497 171 3496
f 3496 171 176
f 3496 176 3569
f 3569 176 180
f 3569 180 181
f 3646 3647 211
f 211 3647 3648
f 211 3648 235
f 3649 233 3650
f 3650 233 235
f 3650 235 3651
f 3651 235 3648
f 3571 3652 3653
f 3653 3654 3571
f 3571 3654 3655
f 3571 3655 3570
f 3570 3655 3643
f 3570 3643 3497
f 3497 3643 222
f 3497 222 224
f 3652 3571 3656
f 3656 3571 3575
f 3656 3575 3657
f 3574 3658 3575
f 3575 3658 3659
f 3575 3659 3657
f 3584 3660 3582
f 3582 3660 3661
f 3582 3661 3574
f 3574 3661 3662
f 3574 3662 3658
f 3493 3663 3589
f 3589 3663 3664
f 3589 3664 3584
f 3584 3664 3665
f 3584 3665 3660
f 3491 3666 3489
f 3489 3666 3667
f 3489 3667 3594
f 3594 3667 3668
f 3594 3668 3493
f 3493 3668 3669
f 3493 3669 3663
f 3670 3671 3595
f 3671 3672 3595
f 3595 3672 3673
f 3595 3673 3596
f 3596 3673 3674
f 3596 3674 3488
f 3488 3674 3675
f 3488 3675 3486
f 3486 3675 3676
f 3486 3676 3491
f 3491 3676 3677
f 3491 3677 3666
f 3595 3604 3670
f 3670 3604 3510
f 3670 3510 3678
f 3648 3647 3679
f 3679 3647 3680
f 3680 3647 3646
f 3680 3646 3681
f 3681 3646 3682
f 3682 3646 3645
f 3682 3645 3683
f 3683 3645 3644
f 3683 3644 3684
f 3684 3644 3643
f 3684 3643 3685
f 2739 2743 3664
f 3663 3669 3085
f 3085 3669 3668
f 3643 3655 3685
f 3685 3655 3654
f 3685 3654 3686
f 3686 3654 3653
f 3686 3653 3687
f 3687 3653 3652
f 3687 3652 3688
f 3688 3652 3656
f 3688 3656 3689
f 3689 3656 3657
f 3689 3657 3690
f 3690 3657 3659
f 3690 3659 3691
f 3691 3659 3658
f 3691 3658 3692
f 3692 3658 3662
f 3692 3662 3693
f 3693 3662 3661
f 3693 3661 3694
f 3694 3661 3660
f 3694 3660 2743
f 2743 3660 3665
f 2743 3665 3664
f 3664 3663 2739
f 2739 3663 3085
f 2739 3085 2735
f 2735 3085 3083
f 2735 3083 2734
f 2734 3083 3081
f 2734 3081 2623
f 2623 3081 2624
f 3199 3695 3696
f 3696 3695 3697
f 3698 3699 3700
f 3700 3699 3701
f 3700 3701 3697
f 3697 3701 3702
f 3697 3702 3696
f 3703 3704 3705
f 3705 3704 3706
f 3705 3706 3698
f 3698 3706 3707
f 3698 3707 3699
f 3708 3709 3097
f 3097 3709 3196
f 3097 3196 3098
f 3098 3196 3109
f 3709 3710 3196
f 3196 3710 3711
f 3196 3711 3199
f 3199 3711 3712
f 3199 3712 3695
f 3713 3714 3703
f 3703 3714 3715
f 3703 3715 3704
f 3716 3717 3718
f 3718 3717 3719
f 3718 3719 3720
f 3720 3719 3721
f 3720 3721 3713
f 3713 3721 3722
f 3713 3722 3714
f 3723 3724 3725
f 3725 3724 3726
f 3725 3726 3727
f 3727 3726 3728
f 3727 3728 3716
f 3716 3728 3729
f 3716 3729 3717
f 3648 3679 3651
f 3651 3679 3730
f 3651 3730 3650
f 3650 3730 3731
f 3650 3731 3649
f 3649 3731 3732
f 3649 3732 3733
f 3733 3732 3734
f 3733 3734 3735
f 3735 3734 3736
f 3735 3736 3723
f 3723 3736 3737
f 3723 3737 3724
f 3738 3739 3095
f 3095 3739 3740
f 3095 3740 3741
f 3741 3742 3095
f 3095 3742 3743
f 3095 3743 3097
f 3097 3743 3744
f 3097 3744 3708
f 3091 3745 3746
f 3091 3746 3093
f 3746 3747 3093
f 3093 3747 3748
f 3093 3748 3749
f 3749 3750 3093
f 3093 3750 3751
f 3093 3751 3095
f 3095 3751 3752
f 3095 3752 3738
f 3671 3670 3089
f 3089 3670 3091
f 3091 3670 3678
f 3091 3678 3745
f 3676 3675 3087
f 3668 3667 3085
f 3085 3667 3666
f 3085 3666 3087
f 3087 3666 3677
f 3087 3677 3676
f 3675 3674 3087
f 3087 3674 3673
f 3087 3673 3089
f 3089 3673 3672
f 3089 3672 3671
f 3753 3754 3755
f 3755 3754 3756
f 3755 3756 3757
f 3757 3756 3758
f 3759 3760 3758
f 3758 3760 3761
f 3758 3761 3757
f 3762 3763 3764
f 3764 3763 3765
f 3764 3765 3759
f 3759 3765 3766
f 3759 3766 3760
f 3767 3768 3769
f 3769 3768 3770
f 3769 3770 3771
f 3771 3770 3772
f 3771 3772 3762
f 3762 3772 3773
f 3762 3773 3763
f 3774 3775 3767
f 3767 3775 3776
f 3767 3776 3768
f 3777 3778 3779
f 3779 3778 3780
f 3779 3780 3781
f 3781 3780 3782
f 3781 3782 3774
f 3774 3782 3783
f 3774 3783 3775
f 3784 3785 3786
f 3787 3788 3789
f 2038 3790 2036
f 2048 3791 2046
f 13 3761 3760
f 3792 99 3763
f 27 3776 3775
f 3780 3793 3782
f 3794 3795 3796
f 3797 29 3798
f 3799 3800 3801
f 3802 3803 3804
f 3805 3806 3807
f 85 87 3808
f 3809 85 3810
f 3811 95 97
f 3811 97 3753
f 3812 3813 3810
f 3810 3813 3814
f 3810 3814 3809
f 87 89 3808
f 3808 89 91
f 3808 91 3811
f 3811 91 93
f 3811 93 95
f 97 3815 3753
f 3753 3815 3816
f 3753 3816 3812
f 3812 3816 3817
f 3812 3817 3813
f 3818 3819 3810
f 3810 3819 3820
f 85 3808 3810
f 3810 3808 55
f 3810 55 3818
f 3819 3821 3820
f 3820 3821 3822
f 3820 3822 3823
f 3823 3824 3825
f 3825 3824 3785
f 3825 3785 3826
f 3826 3785 3827
f 3826 3827 3828
f 3805 3828 3829
f 3829 3830 3805
f 3805 3830 3831
f 3805 3831 3806
f 1251 3832 3833
f 3833 3832 3806
f 3833 3806 3834
f 3834 3806 3831
f 3806 3835 3807
f 3807 3835 3836
f 3807 3836 3837
f 3837 3836 3838
f 3837 3838 3839
f 3840 3839 3841
f 3842 3843 3844
f 3844 3843 3845
f 3846 1277 3843
f 3843 1277 3847
f 3843 3847 3845
f 3845 3848 3844
f 3844 3848 3849
f 3844 3849 3802
f 3804 3803 3799
f 3799 3803 3788
f 3799 3788 3800
f 3794 3801 3850
f 3850 3851 3794
f 3794 3851 3852
f 3794 3852 3795
f 3795 3852 3853
f 3795 3853 3797
f 3854 3855 3856
f 3856 3855 3778
f 3854 3856 3857
f 3857 3856 3796
f 3857 3796 3858
f 3858 3796 3795
f 3858 3795 169
f 3859 3860 3778
f 3778 3860 3861
f 3778 3861 3780
f 3862 83 3793
f 3793 83 3863
f 3864 3782 3865
f 3865 3782 3793
f 3865 3793 3866
f 3866 3793 3863
f 3864 3867 3782
f 3782 3867 71
f 3782 71 3783
f 3783 71 3790
f 3783 3790 3775
f 71 73 3790
f 3790 73 75
f 3790 75 2036
f 2036 75 77
f 2036 77 2034
f 2034 77 79
f 2034 79 81
f 15 17 2040
f 2040 17 19
f 2040 19 2038
f 2038 19 21
f 2038 21 3790
f 3790 21 23
f 3790 23 3775
f 3775 23 25
f 3775 25 27
f 27 3868 3776
f 3776 3868 3869
f 3776 3869 3768
f 3768 3869 3870
f 15 3871 3872
f 3872 3871 3768
f 3872 3768 3873
f 3873 3768 3870
f 3770 3768 3874
f 3874 3875 3770
f 3770 3875 3876
f 3770 3876 3772
f 3876 3877 3772
f 3772 3877 3878
f 3772 3878 3879
f 3879 3878 143
f 3879 143 145
f 145 147 3879
f 3879 147 149
f 3879 149 3871
f 149 151 3871
f 3871 151 153
f 3871 153 3768
f 3768 153 155
f 3768 155 3874
f 99 101 3880
f 3792 3763 3881
f 3881 3763 3773
f 3881 3773 3882
f 3882 3773 3772
f 3882 3772 3883
f 107 3879 105
f 105 3879 3880
f 105 3880 103
f 103 3880 101
f 107 109 3879
f 3879 109 111
f 3879 111 3772
f 3772 111 3884
f 3772 3884 3883
f 99 3880 3763
f 3763 3880 69
f 3763 69 3885
f 3885 3886 3763
f 3763 3886 3887
f 3763 3887 3765
f 3765 3887 3888
f 3888 3889 3765
f 3765 3889 57
f 3765 57 3766
f 3766 57 3791
f 3766 3791 3760
f 57 59 3791
f 3791 59 61
f 3791 61 2046
f 2046 61 63
f 2046 63 2044
f 2044 63 65
f 2044 65 67
f 1 3 2050
f 2050 3 5
f 2050 5 2048
f 2048 5 7
f 2048 7 3791
f 3791 7 9
f 3791 9 3760
f 3760 9 11
f 3760 11 13
f 13 3890 3761
f 3761 3890 3891
f 3761 3891 3757
f 3757 3891 3892
f 1 3893 3894
f 3894 3893 3757
f 3894 3757 3895
f 3895 3757 3892
f 3753 3896 3811
f 3811 3896 129
f 3811 129 131
f 131 133 3811
f 3811 133 135
f 3811 135 3893
f 3755 3757 3897
f 3897 3898 3755
f 3755 3898 3899
f 3755 3899 3753
f 3753 3899 3900
f 3753 3900 3896
f 135 137 3893
f 3893 137 139
f 3893 139 3757
f 3757 139 141
f 3757 141 3897
f 29 31 3901
f 3901 31 33
f 3901 33 3787
f 3787 33 35
f 3787 35 3788
f 3788 35 37
f 3788 37 3800
f 3800 37 39
f 3800 39 3801
f 3801 39 41
f 3801 41 3850
f 3822 3902 3823
f 3823 3902 43
f 3823 43 3824
f 3824 43 45
f 3824 45 3785
f 3785 45 47
f 3785 47 3786
f 3786 47 49
f 3786 49 3903
f 3903 49 51
f 3903 51 53
f 3859 3778 127
f 127 3778 3904
f 127 3904 125
f 125 3904 3905
f 125 3905 123
f 3861 3906 3780
f 3780 3906 3907
f 3780 3907 3793
f 3793 3907 113
f 3793 113 3862
f 3862 113 115
f 115 117 3862
f 3862 117 119
f 3862 119 3905
f 3905 119 121
f 3905 121 123
f 3797 3798 3795
f 3795 3798 167
f 3795 167 169
f 3855 3908 3778
f 3778 3908 3909
f 3778 3909 3904
f 3904 3909 157
f 3904 157 3905
f 3905 157 159
f 159 161 3905
f 3905 161 163
f 3905 163 3798
f 3798 163 165
f 3798 165 167
f 3838 3910 3839
f 3839 3910 3911
f 3839 3911 3912
f 3912 3911 1237
f 3912 1237 3913
f 3913 1237 1239
f 1239 1241 3913
f 3913 1241 1243
f 3913 1243 3832
f 1243 1245 3832
f 3832 1245 1247
f 3832 1247 3806
f 3806 1247 1249
f 3806 1249 3835
f 1251 1253 3914
f 3914 1253 1255
f 3914 1255 3784
f 3784 1255 1257
f 3784 1257 3785
f 3785 1257 1259
f 3785 1259 3827
f 3827 1259 1261
f 3827 1261 3828
f 3828 1261 1263
f 3828 1263 3829
f 3849 3915 3802
f 3802 3915 1265
f 3802 1265 3803
f 3803 1265 1267
f 3803 1267 3788
f 3788 1267 1269
f 3788 1269 3789
f 3789 1269 1271
f 3789 1271 3916
f 3916 1271 1273
f 3916 1273 1275
f 3841 3917 3840
f 3840 3917 3918
f 3840 3918 3842
f 3842 3918 3919
f 3842 3919 3843
f 3843 3919 1279
f 3843 1279 3846
f 3846 1279 1281
f 3913 1289 3912
f 3912 1289 1291
f 3912 1291 3839
f 3839 1291 3920
f 3839 3920 3841
f 1281 1283 3846
f 3846 1283 1285
f 3846 1285 3913
f 3913 1285 1287
f 3913 1287 1289
f 15 2040 3871
f 3871 2040 2042
f 3871 2042 3879
f 3879 2042 2044
f 3879 2044 3880
f 3880 2044 67
f 3880 67 69
f 29 3901 3798
f 3798 3901 2032
f 3798 2032 3905
f 3905 2032 2034
f 3905 2034 3862
f 3862 2034 81
f 3862 81 83
f 1251 3914 3832
f 3832 3914 3921
f 3832 3921 3913
f 3913 3921 3916
f 3913 3916 3846
f 3846 3916 1275
f 3846 1275 1277
f 1 2050 3893
f 3893 2050 2052
f 3893 2052 3811
f 3811 2052 3903
f 3811 3903 3808
f 3808 3903 53
f 3808 53 55
f 228 3922 3923
f 3924 3925 3926
f 3926 3925 2410
f 2443 2391 2392
f 3927 3928 2392
f 2392 3928 3929
f 2392 3929 2443
f 2443 3929 3930
f 2443 3930 2441
f 2441 3930 3931
f 2441 3931 2439
f 2439 3931 3926
f 2439 3926 2437
f 2437 3926 2410
f 2437 2410 2409
f 1213 1215 1234
f 1234 1215 1216
f 1234 1216 1218
f 1213 1234 1211
f 1211 1234 1205
f 1211 1205 1208
f 1191 1194 3932
f 3932 1194 1197
f 3932 1197 3927
f 3927 1197 1199
f 3927 1199 1201
f 1201 1202 3927
f 3927 1202 1204
f 3927 1204 3928
f 3707 3933 3699
f 3699 3933 1189
f 3699 1189 3701
f 3701 1189 3702
f 1189 1186 3702
f 3702 1186 1184
f 3702 1184 1182
f 1179 1220 1219
f 1182 1181 3702
f 3702 1181 1179
f 3702 1179 1236
f 1236 1179 1219
f 1178 1231 1228
f 1228 1226 1178
f 1178 1226 1224
f 1178 1224 1179
f 1179 1224 1223
f 1179 1223 1220
f 3707 3706 3933
f 3933 3706 3704
f 3933 3704 3934
f 3934 3704 3715
f 3934 3715 3714
f 3719 3935 3721
f 3721 3935 3934
f 3721 3934 3722
f 3722 3934 3714
f 3717 202 3719
f 3719 202 201
f 3719 201 3935
f 3935 201 200
f 200 196 3935
f 3935 196 193
f 3935 193 3936
f 193 191 3936
f 3936 191 189
f 3936 189 188
f 188 186 3936
f 3936 186 185
f 3936 185 3923
f 3923 185 230
f 3923 230 228
f 3737 232 3724
f 3724 232 209
f 3724 209 3726
f 3726 209 206
f 3717 3729 202
f 202 3729 3728
f 202 3728 204
f 204 3728 3726
f 204 3726 205
f 205 3726 206
f 3732 234 3734
f 3734 234 232
f 3734 232 3736
f 3736 232 3737
f 3187 3199 3696
f 3696 3702 3187
f 3187 3702 1236
f 3187 1236 3932
f 3932 1236 1234
f 3932 1234 1191
f 1191 1234 1218
f 2412 2410 3925
f 2434 2432 3221
f 3221 2432 2430
f 3221 2430 2428
f 2408 2406 3925
f 3925 2406 2404
f 3925 2404 2402
f 2426 2424 3221
f 3221 2424 2422
f 3221 2422 2434
f 2434 2422 2420
f 2434 2420 2436
f 2436 2420 2418
f 2436 2418 2402
f 2402 2418 2416
f 2402 2416 3925
f 3925 2416 2414
f 3925 2414 2412
f 2349 2348 3224
f 2388 3932 2390
f 2390 3932 3927
f 2390 3927 2392
f 3177 3187 3932
f 2388 2386 3932
f 3932 2386 2352
f 3932 2352 3177
f 3177 2352 2351
f 3177 2351 3224
f 3224 2351 2350
f 3224 2350 2349
f 1204 1203 3928
f 3928 1203 3937
f 3928 3937 3929
f 3929 3937 3938
f 3929 3938 3930
f 3930 3938 3939
f 3930 3939 3931
f 3931 3939 3940
f 3931 3940 3926
f 3926 3940 3941
f 3926 3941 3924
f 3924 3941 3777
f 3924 3777 3942
f 1190 1189 3943
f 3943 1189 3933
f 3943 3933 3944
f 3944 3933 3934
f 3944 3934 3945
f 3945 3934 3935
f 3945 3935 3946
f 3946 3935 3936
f 3946 3936 3947
f 3947 3936 3923
f 3947 3923 3754
f 3942 3777 3948
f 3948 3777 3779
f 3948 3779 3949
f 3949 3779 3781
f 3949 3781 3950
f 3950 3781 3774
f 3950 3774 3951
f 3951 3774 3767
f 3951 3767 3952
f 3767 3769 3952
f 3952 3769 3771
f 3952 3771 3953
f 3953 3771 3762
f 3953 3762 3954
f 3954 3762 3764
f 3954 3764 3955
f 3955 3764 3759
f 3955 3759 3956
f 3956 3759 3758
f 3956 3758 3957
f 3957 3758 3756
f 3957 3756 3958
f 3958 3756 3754
f 3958 3754 3922
f 3922 3754 3923
f 1052 1047 1064
f 1064 1047 1046
f 1064 1046 3959
f 3960 954 975
f 975 954 953
f 975 953 958
f 975 3961 3960
f 3960 3961 3962
f 3960 3962 3963
f 3963 3962 3959
f 3963 3959 3964
f 3964 3959 1046
f 3964 2253 3963
f 3963 2253 2251
f 3963 2251 3960
f 1045 2258 1046
f 1046 2258 2257
f 1046 2257 3964
f 3964 2257 2255
f 3964 2255 2253
f 2251 2249 3960
f 3960 2249 2247
f 3960 2247 954
f 954 2247 2245
f 954 2245 955
f 886 887 3965
f 904 943 3966
f 939 937 3967
f 933 932 3968
f 931 1039 2303
f 1033 871 2293
f 2293 871 3969
f 2293 3969 2294
f 2294 3969 2295
f 2295 3969 3970
f 2295 3970 2296
f 2296 3970 3971
f 2296 3971 2297
f 2297 3971 3972
f 2297 3972 2298
f 2298 3972 3973
f 2298 3973 2299
f 2299 3973 2300
f 2300 3973 3974
f 2300 3974 2301
f 2301 3974 3975
f 2301 3975 2302
f 2302 3975 3968
f 2302 3968 2303
f 2303 3968 932
f 2303 932 931
f 3976 3977 3978
f 3978 3977 3979
f 3978 3979 3980
f 3980 3979 3981
f 3980 3981 3982
f 3982 3981 3983
f 3982 3983 3984
f 3984 3983 3985
f 3984 3985 3986
f 3986 3985 3987
f 3986 3987 3988
f 3988 3987 3989
f 3988 3989 3966
f 3966 3989 3990
f 3966 3990 904
f 904 3990 891
f 3976 888 3977
f 3977 888 838
f 3977 838 825
f 886 3965 885
f 870 883 3991
f 871 870 3969
f 3969 870 3991
f 3969 3991 3970
f 3970 3991 3992
f 3970 3992 3971
f 3971 3992 3993
f 3971 3993 3972
f 3972 3993 3994
f 3972 3994 3973
f 3973 3994 3995
f 3973 3995 3974
f 3974 3995 3996
f 3974 3996 3975
f 3975 3996 3997
f 3975 3997 3968
f 3968 3997 3998
f 3968 3998 933
f 933 3998 935
f 3991 3999 3992
f 3992 3999 4000
f 3992 4000 3993
f 3993 4000 4001
f 3993 4001 3994
f 3994 4001 4002
f 3994 4002 3995
f 3995 4002 4003
f 3995 4003 3996
f 3996 4003 4004
f 3996 4004 3997
f 3997 4004 4005
f 3997 4005 3998
f 3998 4005 3967
f 3998 3967 935
f 935 3967 937
f 883 884 3991
f 3991 884 885
f 3991 885 3999
f 3999 885 3965
f 3999 3965 4000
f 4000 3965 4006
f 4000 4006 4001
f 4001 4006 4007
f 4001 4007 4002
f 4002 4007 4008
f 4002 4008 4003
f 4003 4008 4009
f 4003 4009 4004
f 4004 4009 4010
f 4004 4010 4005
f 4005 4010 4011
f 4005 4011 3967
f 3967 4011 4012
f 3967 4012 939
f 939 4012 941
f 887 888 3965
f 3965 888 3976
f 3965 3976 4006
f 4006 3976 3978
f 4006 3978 4007
f 4007 3978 3980
f 4007 3980 4008
f 4008 3980 3982
f 4008 3982 4009
f 4009 3982 3984
f 4009 3984 4010
f 4010 3984 3986
f 4010 3986 4011
f 4011 3986 3988
f 4011 3988 4012
f 4012 3988 3966
f 4012 3966 941
f 941 3966 943
f 892 890 909
f 909 890 889
f 909 889 4013
f 4014 824 846
f 846 824 823
f 846 823 826
f 846 4015 4014
f 4014 4015 4016
f 4014 4016 4017
f 4017 4016 4013
f 4017 4013 4018
f 4018 4013 889
f 4018 889 891
f 4019 4020 4014
f 4018 891 4017
f 3977 825 824
f 4014 4020 824
f 824 4020 4021
f 824 4021 4022
f 384 386 3979
f 4014 4017 4019
f 4019 4017 891
f 4019 891 396
f 396 891 3990
f 396 3990 3989
f 3979 3977 384
f 384 3977 824
f 384 824 4023
f 4023 824 4022
f 386 388 3979
f 3979 388 390
f 3979 390 3981
f 3981 390 392
f 3981 392 3983
f 3983 392 394
f 3983 394 3985
f 3985 394 396
f 3985 396 3987
f 3987 396 3989
f 756 757 4024
f 708 697 4025
f 774 813 4026
f 809 807 4027
f 803 802 4028
f 2281 741 2282
f 2282 741 4029
f 2282 4029 2283
f 2283 4029 4030
f 4031 2285 4030
f 4030 2285 2284
f 4030 2284 2283
f 4032 2290 4033
f 4033 2290 2289
f 4033 2289 4034
f 4034 2289 2288
f 4034 2288 4035
f 4035 2288 2287
f 4035 2287 4031
f 4031 2287 2286
f 4031 2286 2285
f 4028 2292 4032
f 4032 2292 2291
f 4032 2291 2290
f 4028 802 2292
f 2292 802 801
f 2292 801 1033
f 758 708 4036
f 4036 708 4025
f 4036 4025 4037
f 4037 4025 4038
f 4037 4038 4039
f 4039 4038 4040
f 4039 4040 4041
f 4041 4040 4042
f 4041 4042 4043
f 4043 4042 4044
f 4043 4044 4045
f 4045 4044 4046
f 4045 4046 4047
f 4047 4046 4048
f 4047 4048 4026
f 4026 4048 4049
f 4026 4049 774
f 774 4049 761
f 756 4024 755
f 740 753 4050
f 741 740 4029
f 4029 740 4050
f 4029 4050 4030
f 4030 4050 4051
f 4030 4051 4031
f 4031 4051 4052
f 4031 4052 4035
f 4035 4052 4053
f 4035 4053 4034
f 4034 4053 4054
f 4034 4054 4033
f 4033 4054 4055
f 4033 4055 4032
f 4032 4055 4056
f 4032 4056 4028
f 4028 4056 4057
f 4028 4057 803
f 803 4057 805
f 4050 4058 4051
f 4051 4058 4059
f 4051 4059 4052
f 4052 4059 4060
f 4052 4060 4053
f 4053 4060 4061
f 4053 4061 4054
f 4054 4061 4062
f 4054 4062 4055
f 4055 4062 4063
f 4055 4063 4056
f 4056 4063 4064
f 4056 4064 4057
f 4057 4064 4027
f 4057 4027 805
f 805 4027 807
f 753 754 4050
f 4050 754 755
f 4050 755 4058
f 4058 755 4024
f 4058 4024 4059
f 4059 4024 4065
f 4059 4065 4060
f 4060 4065 4066
f 4060 4066 4061
f 4061 4066 4067
f 4061 4067 4062
f 4062 4067 4068
f 4062 4068 4063
f 4063 4068 4069
f 4063 4069 4064
f 4064 4069 4070
f 4064 4070 4027
f 4027 4070 4071
f 4027 4071 809
f 809 4071 811
f 757 758 4024
f 4024 758 4036
f 4024 4036 4065
f 4065 4036 4037
f 4065 4037 4066
f 4066 4037 4039
f 4066 4039 4067
f 4067 4039 4041
f 4067 4041 4068
f 4068 4041 4043
f 4068 4043 4069
f 4069 4043 4045
f 4069 4045 4070
f 4070 4045 4047
f 4070 4047 4071
f 4071 4047 4026
f 4071 4026 811
f 811 4026 813
f 762 760 779
f 779 760 759
f 779 759 4072
f 4073 696 716
f 716 696 695
f 716 695 698
f 716 4074 4073
f 4073 4074 4075
f 4073 4075 4076
f 4076 4075 4072
f 4076 4072 4077
f 4077 4072 759
f 4077 4044 4076
f 4076 4044 4042
f 4076 4042 4073
f 761 4049 759
f 759 4049 4048
f 759 4048 4077
f 4077 4048 4046
f 4077 4046 4044
f 4042 4040 4073
f 4073 4040 4038
f 4073 4038 696
f 696 4038 4025
f 696 4025 697
f 629 630 4078
f 649 685 4079
f 681 679 4080
f 675 674 4081
f 4082 4083 4084
f 4084 4083 4085
f 4084 4085 4086
f 4087 4088 4089
f 4089 4088 4090
f 4089 4090 4091
f 4091 4090 4092
f 4091 4092 4093
f 4093 4092 4094
f 4093 4094 4082
f 4082 4094 4095
f 4082 4095 4083
f 4081 4096 4097
f 4097 4096 4098
f 4097 4098 4087
f 4087 4098 4099
f 4087 4099 4088
f 4081 674 4096
f 4096 674 673
f 4096 673 2281
f 4100 4101 4102
f 4102 4101 4103
f 4102 4103 4104
f 4104 4103 4105
f 4104 4105 4106
f 4106 4105 4107
f 4106 4107 4108
f 4108 4107 4109
f 4108 4109 4110
f 4110 4109 4111
f 4110 4111 4112
f 4112 4111 4113
f 4112 4113 4079
f 4079 4113 4114
f 4079 4114 649
f 649 4114 632
f 4100 631 4101
f 4101 631 581
f 4101 581 568
f 629 4078 628
f 613 626 4115
f 1024 614 4086
f 4086 614 613
f 4086 613 4084
f 4084 613 4115
f 4084 4115 4082
f 4082 4115 4116
f 4082 4116 4093
f 4093 4116 4117
f 4093 4117 4091
f 4091 4117 4118
f 4091 4118 4089
f 4089 4118 4119
f 4089 4119 4087
f 4087 4119 4120
f 4087 4120 4097
f 4097 4120 4121
f 4097 4121 4081
f 4081 4121 4122
f 4081 4122 675
f 675 4122 677
f 4115 4123 4116
f 4116 4123 4124
f 4116 4124 4117
f 4117 4124 4125
f 4117 4125 4118
f 4118 4125 4126
f 4118 4126 4119
f 4119 4126 4127
f 4119 4127 4120
f 4120 4127 4128
f 4120 4128 4121
f 4121 4128 4129
f 4121 4129 4122
f 4122 4129 4080
f 4122 4080 677
f 677 4080 679
f 626 627 4115
f 4115 627 628
f 4115 628 4123
f 4123 628 4078
f 4123 4078 4124
f 4124 4078 4130
f 4124 4130 4125
f 4125 4130 4131
f 4125 4131 4126
f 4126 4131 4132
f 4126 4132 4127
f 4127 4132 4133
f 4127 4133 4128
f 4128 4133 4134
f 4128 4134 4129
f 4129 4134 4135
f 4129 4135 4080
f 4080 4135 4136
f 4080 4136 681
f 681 4136 683
f 630 631 4078
f 4078 631 4100
f 4078 4100 4130
f 4130 4100 4102
f 4130 4102 4131
f 4131 4102 4104
f 4131 4104 4132
f 4132 4104 4106
f 4132 4106 4133
f 4133 4106 4108
f 4133 4108 4134
f 4134 4108 4110
f 4134 4110 4135
f 4135 4110 4112
f 4135 4112 4136
f 4136 4112 4079
f 4136 4079 683
f 683 4079 685
f 639 634 651
f 651 634 633
f 651 633 4137
f 4138 567 589
f 589 567 566
f 589 566 569
f 589 4139 4138
f 4138 4139 4140
f 4138 4140 4141
f 4141 4140 4137
f 4141 4137 4142
f 4142 4137 633
f 4142 4109 4141
f 4141 4109 4107
f 4141 4107 4138
f 632 4114 633
f 633 4114 4113
f 633 4113 4142
f 4142 4113 4111
f 4142 4111 4109
f 4107 4105 4138
f 4138 4105 4103
f 4138 4103 567
f 567 4103 4101
f 567 4101 568
f 492 506 4143
f 507 508 4144
f 510 511 4145
f 550 552 4146
f 4147 4148 4149
f 1019 1020 4148
f 4148 1020 239
f 4148 239 4149
f 4149 239 242
f 4149 242 243
f 4147 4149 4150
f 4150 4149 4151
f 4150 4151 4152
f 4152 4151 4153
f 4152 4153 4154
f 4154 4153 4155
f 4154 4155 4156
f 4156 4155 4157
f 4156 4157 4158
f 4158 4157 4159
f 4159 4157 4160
f 4159 4160 4161
f 4161 4160 4162
f 4161 4162 4163
f 4163 4162 4164
f 4163 4164 4165
f 323 321 4165
f 4165 321 1023
f 4165 1023 1024
f 558 559 4164
f 4164 559 318
f 4164 318 4165
f 4165 318 317
f 4165 317 323
f 554 556 4166
f 550 4146 548
f 4145 4167 4168
f 4168 4167 4169
f 4168 4169 4170
f 4170 4169 4171
f 4170 4171 4172
f 4172 4171 4173
f 4172 4173 4174
f 4174 4173 4175
f 4174 4175 4176
f 4176 4175 4177
f 4176 4177 4178
f 4178 4177 4179
f 4178 4179 4180
f 4180 4179 4181
f 4180 4181 529
f 529 4181 512
f 4145 511 4167
f 4167 511 472
f 4167 472 461
f 243 492 4149
f 4149 492 4143
f 4149 4143 4151
f 4151 4143 4182
f 4151 4182 4153
f 4153 4182 4183
f 4153 4183 4155
f 4155 4183 4184
f 4155 4184 4157
f 4157 4184 4185
f 4157 4185 4160
f 4160 4185 4186
f 4160 4186 4162
f 4162 4186 4187
f 4162 4187 4164
f 4164 4187 4166
f 4164 4166 558
f 558 4166 556
f 506 507 4143
f 4143 507 4144
f 4143 4144 4182
f 4182 4144 4188
f 4182 4188 4183
f 4183 4188 4189
f 4183 4189 4184
f 4184 4189 4190
f 4184 4190 4185
f 4185 4190 4191
f 4185 4191 4186
f 4186 4191 4192
f 4186 4192 4187
f 4187 4192 4193
f 4187 4193 4166
f 4166 4193 4194
f 4166 4194 554
f 508 509 4144
f 4144 509 4195
f 4144 4195 4188
f 4188 4195 4196
f 4188 4196 4189
f 4189 4196 4197
f 4189 4197 4190
f 4190 4197 4198
f 4190 4198 4191
f 4191 4198 4199
f 4191 4199 4192
f 4192 4199 4200
f 4192 4200 4193
f 4193 4200 4201
f 4193 4201 4194
f 4194 4201 4146
f 4194 4146 554
f 554 4146 552
f 509 510 4195
f 4195 510 4145
f 4195 4145 4196
f 4196 4145 4168
f 4196 4168 4197
f 4197 4168 4170
f 4197 4170 4198
f 4198 4170 4172
f 4198 4172 4199
f 4199 4172 4174
f 4199 4174 4200
f 4200 4174 4176
f 4200 4176 4201
f 4201 4176 4178
f 4201 4178 4146
f 4146 4178 4180
f 4146 4180 548
f 548 4180 529
f 462 255 459
f 459 255 460
f 283 282 4202
f 282 285 4202
f 4202 285 287
f 4202 287 289
f 289 291 4202
f 4202 291 293
f 4202 293 283
f 283 293 295
f 283 295 4203
f 4203 295 297
f 4203 297 299
f 519 514 307
f 307 514 513
f 307 513 305
f 305 513 4204
f 305 4204 303
f 303 4204 4203
f 303 4203 301
f 301 4203 299
f 460 255 4205
f 4205 255 257
f 4205 257 4203
f 4203 257 259
f 4203 259 261
f 267 269 4206
f 261 263 4203
f 4203 263 265
f 4203 265 283
f 283 265 267
f 283 267 279
f 279 267 4206
f 279 4206 277
f 277 4206 275
f 269 271 4206
f 4206 271 273
f 4206 273 275
f 4205 4203 4173
f 512 4181 513
f 513 4181 4179
f 513 4179 4204
f 4204 4179 4177
f 4204 4177 4203
f 4203 4177 4175
f 4203 4175 4173
f 4173 4171 4205
f 4205 4171 4169
f 4205 4169 460
f 460 4169 4167
f 460 4167 461
f 415 449 4207
f 445 443 4208
f 439 438 4209
f 1169 1170 4210
f 1121 1110 4211
f 1121 4211 1171
f 1169 4210 1168
f 1153 1166 4212
f 1172 1154 4213
f 4213 1154 4214
f 4213 4214 4215
f 4215 4214 4216
f 4215 4216 4217
f 4217 4216 4218
f 4219 4220 4221
f 4221 4220 4222
f 4221 4222 4223
f 4223 4222 4224
f 4223 4224 4225
f 4225 4224 4226
f 4225 4226 4218
f 4218 4226 4227
f 4218 4227 4217
f 4209 4228 4219
f 4219 4228 4229
f 4219 4229 4220
f 4209 438 4228
f 4228 438 437
f 4228 437 1019
f 398 415 4230
f 4230 415 4207
f 4230 4207 4231
f 4231 4207 4232
f 4231 4232 4233
f 4233 4232 4234
f 4233 4234 4235
f 4235 4234 4236
f 4235 4236 4237
f 4237 4236 4238
f 4237 4238 4239
f 4239 4238 4240
f 4239 4240 4241
f 4241 4240 4242
f 4241 4242 4211
f 4211 4242 4243
f 4211 4243 1171
f 1154 1153 4214
f 4214 1153 4212
f 4214 4212 4216
f 4216 4212 4244
f 4216 4244 4218
f 4218 4244 4245
f 4218 4245 4225
f 4225 4245 4246
f 4225 4246 4223
f 4223 4246 4247
f 4223 4247 4221
f 4221 4247 4248
f 4221 4248 4219
f 4219 4248 4249
f 4219 4249 4209
f 4209 4249 4250
f 4209 4250 439
f 439 4250 441
f 4212 4251 4244
f 4244 4251 4252
f 4244 4252 4245
f 4245 4252 4253
f 4245 4253 4246
f 4246 4253 4254
f 4246 4254 4247
f 4247 4254 4255
f 4247 4255 4248
f 4248 4255 4256
f 4248 4256 4249
f 4249 4256 4257
f 4249 4257 4250
f 4250 4257 4208
f 4250 4208 441
f 441 4208 443
f 1166 1167 4212
f 4212 1167 1168
f 4212 1168 4251
f 4251 1168 4210
f 4251 4210 4252
f 4252 4210 4258
f 4252 4258 4253
f 4253 4258 4259
f 4253 4259 4254
f 4254 4259 4260
f 4254 4260 4255
f 4255 4260 4261
f 4255 4261 4256
f 4256 4261 4262
f 4256 4262 4257
f 4257 4262 4263
f 4257 4263 4208
f 4208 4263 4264
f 4208 4264 445
f 445 4264 447
f 1170 1171 4210
f 4210 1171 4243
f 4210 4243 4258
f 4258 4243 4242
f 4258 4242 4259
f 4259 4242 4240
f 4259 4240 4260
f 4260 4240 4238
f 4260 4238 4261
f 4261 4238 4236
f 4261 4236 4262
f 4262 4236 4234
f 4262 4234 4263
f 4263 4234 4232
f 4263 4232 4264
f 4264 4232 4207
f 4264 4207 447
f 447 4207 449
f 4265 1109 1129
f 1129 1109 1108
f 1129 1108 1111
f 405 400 4266
f 4266 400 399
f 4266 399 4267
f 1129 4268 4265
f 4265 4268 4269
f 4265 4269 4270
f 4270 4269 4267
f 4270 4267 4271
f 4271 4267 399
f 4271 4235 4270
f 4270 4235 4237
f 4270 4237 4265
f 398 4230 399
f 399 4230 4231
f 399 4231 4271
f 4271 4231 4233
f 4271 4233 4235
f 4237 4239 4265
f 4265 4239 4241
f 4265 4241 1109
f 1109 4241 4211
f 1109 4211 1110
f 1824 1822 4272
f 2489 2488 4273
f 4274 1872 4275
f 1444 1442 4276
f 2917 2925 4277
f 2927 2492 2491
f 2844 4278 2843
f 2845 2846 389
f 389 387 2845
f 2845 387 385
f 2845 385 4279
f 4279 385 4280
f 4280 4281 4279
f 4279 4281 4282
f 4279 4282 4283
f 4282 4284 4283
f 4283 4284 4285
f 4283 4285 2848
f 2848 4285 397
f 2848 397 2847
f 397 395 2847
f 2847 395 393
f 2847 393 2846
f 2846 393 391
f 2846 391 389
f 4278 4286 2843
f 2843 4286 4287
f 2843 4287 2842
f 2842 4287 2841
f 4272 2840 2841
f 2840 4272 2839
f 2839 4272 4288
f 2839 4288 2838
f 1716 1714 4288
f 4288 1714 1712
f 4288 1712 2838
f 2838 1712 1710
f 2838 1710 2837
f 2837 1710 1708
f 2837 1708 2508
f 2508 1708 4289
f 2508 4289 4290
f 4291 2950 4292
f 4292 2950 2918
f 1682 4293 4294
f 4294 4293 2950
f 4294 2950 4295
f 4295 2950 4291
f 1560 1558 4293
f 4293 1558 2950
f 2950 1558 1556
f 2950 1556 2949
f 2949 1556 4296
f 2949 4296 2947
f 1560 4293 1562
f 1562 4293 4297
f 1562 4297 1564
f 4296 4298 2947
f 2947 4298 4299
f 2947 4299 2946
f 4299 4300 2946
f 2946 4300 4301
f 2946 4301 2945
f 2945 4301 1568
f 2945 1568 4297
f 4297 1568 1566
f 4297 1566 1564
f 4297 1596 2945
f 2945 1596 1594
f 2945 1594 4302
f 1606 1604 4303
f 1604 1602 4303
f 4303 1602 1600
f 4303 1600 4297
f 4297 1600 1598
f 4297 1598 1596
f 4302 4304 2945
f 2945 4304 4305
f 2945 4305 2943
f 2943 4305 2937
f 4305 4306 2937
f 2937 4306 4307
f 2937 4307 2935
f 1492 4308 4309
f 4309 4308 2942
f 1482 1480 4303
f 4303 1480 2935
f 4303 2935 1606
f 1606 2935 4307
f 1480 4310 2935
f 2935 4310 4311
f 2935 4311 2933
f 2933 4311 4312
f 2933 4312 2942
f 2942 4312 4313
f 2942 4313 4309
f 4314 2687 2686
f 2686 2931 4314
f 4314 2931 2938
f 4314 2938 4308
f 4308 2938 2940
f 4308 2940 2942
f 1442 4315 4316
f 4315 4317 4316
f 4316 4317 4318
f 4316 4318 2690
f 1452 3043 1454
f 1454 3043 3044
f 1454 3044 4319
f 4319 3044 2690
f 4319 2690 4320
f 4320 2690 4318
f 1452 1450 3043
f 3043 1450 1448
f 3043 1448 4276
f 4276 1448 1446
f 4276 1446 1444
f 3040 3041 4321
f 4321 3041 1336
f 3043 4322 3042
f 3042 4322 1340
f 3042 1340 3041
f 3041 1340 1338
f 3041 1338 1336
f 3034 3035 4323
f 4323 3035 3036
f 4323 3036 4324
f 4324 3036 3037
f 4324 3037 4325
f 4325 3037 3038
f 4325 3038 3039
f 4326 1530 2688
f 2688 1530 2689
f 1524 4327 1526
f 1526 4327 2689
f 1526 2689 1528
f 1528 2689 1530
f 1522 1520 4328
f 4328 1520 1518
f 1518 4329 4330
f 4330 4329 4331
f 4330 4331 4332
f 4332 4331 4333
f 4332 4333 2688
f 2688 4333 4334
f 2688 4334 4326
f 4335 4336 4337
f 4337 4336 4338
f 4337 4338 4339
f 1870 1868 4323
f 1868 1866 4323
f 4323 1866 4283
f 4323 4283 3034
f 3034 4283 2848
f 1866 1864 4283
f 4283 1864 1862
f 4283 1862 4340
f 4340 1862 1860
f 4340 1860 4335
f 4335 1860 4341
f 4335 4341 4336
f 4342 4343 4335
f 4335 4343 4344
f 4344 4345 4335
f 4335 4345 4346
f 4335 4346 4340
f 4340 4346 1910
f 4340 1910 4283
f 4283 1910 1908
f 4279 1900 4347
f 4347 1900 1898
f 4347 1898 4342
f 4342 1898 4348
f 4342 4348 4343
f 1908 1906 4283
f 4283 1906 1904
f 4283 1904 4279
f 4279 1904 1902
f 4279 1902 1900
f 4349 4350 1758
f 4273 4351 4349
f 4349 4351 4352
f 4349 4352 4350
f 1756 1754 4353
f 4353 1754 4290
f 1754 1752 4290
f 4290 1752 1750
f 4290 1750 2508
f 2508 1750 1748
f 2508 1748 2488
f 1748 1746 2488
f 2488 1746 4354
f 2488 4354 4273
f 4273 4354 4355
f 4273 4355 4351
f 4289 4356 4290
f 4290 4356 4357
f 4290 4357 4353
f 4353 4357 4358
f 4353 4358 4359
f 4360 1720 1718
f 1680 1678 4361
f 4361 1678 1676
f 4361 1676 4362
f 1676 1674 4362
f 4362 1674 1672
f 4362 1672 4363
f 4363 1672 1670
f 4363 1670 2918
f 2918 1670 4364
f 2918 4364 4292
f 1492 1490 4330
f 1490 1488 4330
f 4330 1488 1486
f 4330 1486 4365
f 4365 1486 1484
f 4365 1484 1482
f 1328 4366 4367
f 4367 4366 4368
f 4367 4368 4276
f 4276 4368 4369
f 4276 4369 3043
f 3043 4369 4370
f 3043 4370 4322
f 1334 1332 4371
f 4371 1332 1330
f 4371 1330 1328
f 2925 2927 4277
f 4277 2927 2491
f 4277 2491 4372
f 1632 4373 4372
f 4372 4373 4374
f 2491 2489 4372
f 4372 2489 4273
f 4372 4273 1632
f 1632 4273 1634
f 2918 2917 4363
f 4363 2917 4277
f 4363 4277 4362
f 4362 4277 4372
f 4362 4372 4375
f 4375 4372 4374
f 4375 4376 4362
f 4362 4376 4377
f 4362 4377 1644
f 1642 1640 4349
f 4349 1640 1638
f 4349 1638 4273
f 4273 1638 1636
f 4273 1636 1634
f 4272 1822 4288
f 4288 1822 4378
f 4288 4378 4379
f 1718 1716 4360
f 4360 1716 4288
f 4360 4288 4380
f 4380 4288 4379
f 4380 4381 4360
f 4360 4381 4382
f 4360 4382 1834
f 1832 1830 4383
f 4383 1830 1828
f 4383 1828 4272
f 4272 1828 1826
f 4272 1826 1824
f 1790 1788 4286
f 4286 1788 1786
f 4286 1786 1784
f 2841 4287 4272
f 4272 4287 4286
f 4272 4286 4383
f 4383 4286 1784
f 4383 1784 4384
f 4384 4385 4383
f 4383 4385 4386
f 4383 4386 4342
f 4342 4386 4387
f 4387 4388 4342
f 4342 4388 1796
f 4342 1796 4347
f 4347 1796 1794
f 4347 1794 1792
f 2844 2845 4278
f 4278 2845 4279
f 4278 4279 4286
f 4286 4279 4347
f 4286 4347 1790
f 1790 4347 1792
f 1482 4303 4365
f 4365 4303 4297
f 4365 4297 4389
f 4389 4297 4293
f 4389 4293 4361
f 4361 4293 1682
f 4361 1682 1680
f 1518 4330 4328
f 4328 4330 4365
f 4328 4365 4390
f 4390 4365 4389
f 4390 4389 4391
f 4391 4389 4361
f 4391 4361 4392
f 4392 4361 4362
f 4392 4362 4349
f 4349 4362 1644
f 4349 1644 1642
f 4316 4328 4393
f 4393 4328 4390
f 4393 4390 4394
f 4394 4390 4391
f 4394 4391 4395
f 4395 4391 4392
f 4395 4392 4396
f 4396 4392 4349
f 4396 4349 4353
f 4353 4349 1758
f 4353 1758 1756
f 1328 4367 4371
f 4371 4367 4397
f 4371 4397 4337
f 4337 4397 4398
f 4337 4398 4335
f 4335 4398 4399
f 4335 4399 4342
f 4342 4399 4360
f 4342 4360 4383
f 4383 4360 1834
f 4383 1834 1832
f 4275 1370 1368
f 4337 1366 4400
f 4339 4274 4337
f 4337 4274 4275
f 4337 4275 1366
f 1366 4275 1368
f 1370 4275 1372
f 1372 4275 4401
f 1372 4401 1374
f 4400 4402 4337
f 4337 4402 4403
f 4337 4403 4371
f 4371 4403 4404
f 4404 4405 4371
f 4371 4405 1378
f 4371 1378 4401
f 4401 1378 1376
f 4401 1376 1374
f 1442 4316 4276
f 4276 4316 4393
f 4276 4393 4367
f 4367 4393 4394
f 4367 4394 4397
f 4397 4394 4395
f 4397 4395 4398
f 4398 4395 4396
f 4398 4396 4399
f 4399 4396 4353
f 4399 4353 4360
f 4360 4353 4359
f 4360 4359 1720
f 4401 4406 4371
f 4371 4406 4321
f 4371 4321 1334
f 1334 4321 1336
f 3040 4321 3039
f 3039 4321 4406
f 3039 4406 4325
f 4325 4406 4401
f 4325 4401 4324
f 4324 4401 4275
f 4324 4275 4323
f 4323 4275 1872
f 4323 1872 1870
f 1492 4330 4308
f 4308 4330 4332
f 4308 4332 4314
f 4314 4332 2688
f 4314 2688 2687
f 4327 1404 4407
f 4408 2689 4409
f 4409 2689 4327
f 4409 4327 4410
f 4410 4327 4407
f 1406 1404 4316
f 4316 1404 4327
f 4316 4327 4328
f 4328 4327 1524
f 4328 1524 1522
f 1414 2690 1416
f 1416 2690 2689
f 1416 2689 4411
f 4411 2689 4408
f 1414 1412 2690
f 2690 1412 1410
f 2690 1410 4316
f 4316 1410 1408
f 4316 1408 1406
f 333 331 330
f 1066 2221 1067
f 1067 2221 1173
f 2213 2214 782
f 369 371 4412
f 4412 371 373
f 4412 373 4413
f 373 381 4413
f 4413 381 333
f 4413 333 4414
f 4414 333 330
f 4414 330 4415
f 4415 330 418
f 258 256 330
f 330 256 254
f 330 254 418
f 418 254 252
f 418 252 417
f 417 252 250
f 417 250 1018
f 1018 250 247
f 1174 1173 1126
f 1126 1173 2221
f 1126 2221 1127
f 1127 2221 1128
f 1027 1026 713
f 713 1026 654
f 713 654 714
f 714 654 653
f 714 653 652
f 4416 4417 4139
f 975 974 2218
f 2218 974 912
f 2218 912 2217
f 782 780 2213
f 2213 780 779
f 2213 779 2212
f 2212 779 4072
f 2212 4072 2211
f 2211 4072 4075
f 2211 4075 2210
f 2210 4075 4074
f 2210 4074 2209
f 2209 4074 716
f 2209 716 715
f 4139 4417 4140
f 4140 4417 4418
f 4140 4418 4137
f 4137 4418 4419
f 4137 4419 651
f 651 4419 2209
f 651 2209 652
f 652 2209 715
f 652 715 714
f 4139 589 4416
f 4416 589 588
f 4416 588 312
f 312 588 587
f 312 587 314
f 314 587 586
f 314 586 316
f 316 586 1025
f 418 4420 4415
f 4415 4420 4266
f 4415 4266 4421
f 4421 4266 4267
f 4421 4267 4422
f 4422 4267 4269
f 4422 4269 4423
f 4423 4269 4268
f 4423 4268 2221
f 2221 4268 1129
f 2221 1129 1128
f 1066 1065 2221
f 2221 1065 1064
f 2221 1064 2220
f 2220 1064 3959
f 2220 3959 2219
f 2219 3959 3962
f 2219 3962 2218
f 2218 3962 3961
f 2218 3961 975
f 1041 1040 1044
f 1044 1040 911
f 1044 911 4424
f 4424 911 912
f 4424 912 973
f 973 912 974
f 312 310 4416
f 4416 310 308
f 4416 308 4412
f 4412 308 306
f 4412 306 369
f 1035 1034 843
f 843 1034 781
f 843 781 844
f 844 781 782
f 844 782 845
f 845 782 2214
f 845 2214 846
f 912 910 2217
f 2217 910 909
f 2217 909 2216
f 2216 909 4013
f 2216 4013 2215
f 2215 4013 4016
f 2215 4016 2214
f 2214 4016 4015
f 2214 4015 846
f 2468 2407 2408
f 2394 3950 3205
f 3205 3950 3951
f 3205 3951 3952
f 3925 3924 2408
f 2408 3924 3942
f 2408 3942 2468
f 2468 3942 3948
f 2468 3948 2470
f 2470 3948 3949
f 2470 3949 2473
f 2473 3949 3950
f 2473 3950 2475
f 2475 3950 2394
f 2475 2394 2393
f 3953 2744 3952
f 3952 2744 3204
f 3952 3204 3205
f 3691 3953 3690
f 3690 3953 3954
f 3690 3954 3689
f 3691 3692 3953
f 3953 3692 3693
f 3953 3693 2744
f 2744 3693 3694
f 2744 3694 2743
f 3956 3684 3955
f 3955 3684 3685
f 3685 3686 3955
f 3955 3686 3687
f 3955 3687 3954
f 3954 3687 3688
f 3954 3688 3689
f 3681 3682 220
f 174 173 3956
f 3956 173 223
f 3956 223 3684
f 3684 223 220
f 3684 220 3683
f 3683 220 3682
f 220 218 3681
f 3681 218 216
f 3681 216 215
f 3731 3730 212
f 212 3730 3679
f 215 213 3681
f 3681 213 212
f 3681 212 3680
f 3680 212 3679
f 212 236 3731
f 3731 236 234
f 3731 234 3732
f 182 179 3957
f 182 3957 226
f 179 178 3957
f 3957 178 177
f 3957 177 3956
f 3956 177 175
f 3956 175 174
f 3957 3958 226
f 226 3958 3922
f 226 3922 228
f 3504 3751 3750
f 3504 3750 3503
f 3503 3750 3749
f 3503 3749 3507
f 3507 3749 3748
f 3507 3748 3505
f 3505 3748 3747
f 3505 3747 3508
f 3508 3747 3746
f 3508 3746 3510
f 3510 3746 3745
f 3510 3745 3678
f 3740 3739 3517
f 3517 3739 3516
f 3516 3739 3738
f 3516 3738 3504
f 3504 3738 3752
f 3504 3752 3751
f 3744 3743 3519
f 3519 3743 3742
f 3519 3742 3517
f 3517 3742 3741
f 3517 3741 3740
f 3744 3519 3708
f 3708 3519 3527
f 3708 3527 3709
f 3709 3527 3525
f 3709 3525 3710
f 3524 3712 3525
f 3525 3712 3711
f 3525 3711 3710
f 3713 3703 3535
f 3703 3705 3535
f 3535 3705 3698
f 3535 3698 3533
f 3533 3698 3700
f 3533 3700 3531
f 3531 3700 3697
f 3531 3697 3524
f 3524 3697 3695
f 3524 3695 3712
f 199 198 3718
f 192 194 3541
f 3541 194 195
f 3541 195 197
f 197 199 3541
f 3541 199 3718
f 3541 3718 3539
f 3539 3718 3720
f 3539 3720 3500
f 3500 3720 3713
f 3500 3713 3498
f 3498 3713 3535
f 198 203 3718
f 3718 203 207
f 3718 207 3716
f 3716 207 3727
f 3727 207 3725
f 3725 207 208
f 3725 208 210
f 231 233 3649
f 3649 3733 231
f 231 3733 3735
f 231 3735 210
f 210 3735 3723
f 210 3723 3725
f 3553 227 3555
f 3555 227 229
f 3555 229 3544
f 3544 229 184
f 3544 184 3547
f 3547 184 187
f 3547 187 3541
f 3541 187 190
f 3541 190 192
f 1206 1233 1192
f 3947 3754 3753
f 3753 3812 3947
f 3947 3812 3810
f 3947 3810 3946
f 3946 3810 3820
f 3946 3820 3945
f 3945 3820 3823
f 3945 3823 3944
f 3944 3823 3825
f 3944 3825 3826
f 1227 1229 1235
f 1227 1235 1225
f 1225 1235 1221
f 1225 1221 1222
f 1229 1230 1235
f 1235 1230 1232
f 1235 1232 1177
f 1180 1183 3837
f 3837 1183 1185
f 3837 1185 1187
f 3826 3828 3944
f 3944 3828 3805
f 3944 3805 3943
f 3943 3805 3807
f 3943 3807 1190
f 1190 3807 3837
f 1190 3837 1188
f 1188 3837 1187
f 3937 1203 3840
f 3840 1203 1200
f 3840 1200 1198
f 1198 1196 3840
f 3840 1196 1195
f 3840 1195 1193
f 1210 1209 1192
f 1192 1209 1207
f 1192 1207 1206
f 1210 1192 1212
f 1212 1192 1217
f 1212 1217 1214
f 3840 3842 3937
f 3937 3842 3844
f 3937 3844 3938
f 3938 3844 3802
f 3802 3804 3938
f 3938 3804 3799
f 3938 3799 3939
f 3778 3777 3856
f 3856 3777 3941
f 3856 3941 3796
f 3796 3941 3940
f 3796 3940 3794
f 3794 3940 3939
f 3794 3939 3801
f 3801 3939 3799
f 1193 1192 3840
f 3840 1192 1233
f 3840 1233 3839
f 3839 1233 1235
f 3839 1235 3837
f 3837 1235 1177
f 3837 1177 1180
f 3475 3181 3180
f 3394 3458 3395
f 3395 3458 3456
f 3456 3454 3395
f 3395 3454 3477
f 3395 3477 3180
f 3180 3477 3476
f 3180 3476 3475
f 3472 3470 3394
f 3394 3470 3469
f 3394 3469 3458
f 3461 3463 3393
f 3393 3463 3465
f 3393 3465 3394
f 3394 3465 3466
f 3394 3466 3472
f 3368 3366 3391
f 3391 3366 3365
f 3365 3311 3391
f 3391 3311 3321
f 3391 3321 3392
f 3392 3321 3323
f 3392 3323 3393
f 3393 3323 3459
f 3393 3459 3461
f 3362 3361 3390
f 3390 3361 3370
f 3390 3370 3391
f 3391 3370 3369
f 3391 3369 3368
f 3385 3384 3389
f 3389 3384 3359
f 3389 3359 3390
f 3390 3359 3357
f 3390 3357 3362
f 3385 3389 3387
f 3387 3389 3236
f 3387 3236 3235
f 3099 4425 4426
f 4427 4425 3099
f 3105 4427 3099
f 3099 4428 3103
f 4429 4428 3099
f 4426 4429 3099
f 3184 3153 2335
f 2467 3156 2454
f 2454 3156 3190
f 2454 3190 2455
f 2455 3190 3189
f 2455 3189 2464
f 2464 3189 3188
f 2464 3188 2457
f 2457 3188 3186
f 2457 3186 2456
f 2456 3186 3185
f 2456 3185 2343
f 2343 3185 3184
f 2343 3184 2334
f 2334 3184 2335
f 3105 3167 4427
f 4427 3167 3195
f 4427 3195 4425
f 4425 3195 3194
f 4425 3194 4426
f 4426 3194 3193
f 4426 3193 4429
f 4429 3193 3192
f 4429 3192 4428
f 4428 3192 3191
f 4428 3191 3103
f 3103 3191 3161
f 2451 3170 2452
f 2452 3170 3202
f 2452 3202 2453
f 2453 3202 3201
f 2453 3201 2460
f 2460 3201 3200
f 2460 3200 2462
f 2462 3200 3182
f 2462 3182 2463
f 2463 3182 3183
f 2463 3183 2321
f 2321 3183 3168
f 2321 3168 2318
f 2553 4430 4431
f 4432 4430 2553
f 2559 4432 2553
f 2553 4433 2557
f 4434 4433 2553
f 4431 4434 2553
f 2561 4435 4436
f 4437 4435 2561
f 2567 4437 2561
f 2561 4438 2565
f 4439 4438 2561
f 4436 4439 2561
f 2369 2635 2376
f 2376 2635 2750
f 2376 2750 2377
f 2377 2750 2749
f 2636 2486 2745
f 2745 2486 2485
f 2745 2485 2746
f 2746 2485 2483
f 2746 2483 2747
f 2747 2483 2482
f 2747 2482 2748
f 2748 2482 2481
f 2748 2481 2749
f 2749 2481 2480
f 2749 2480 2377
f 2559 2648 4432
f 4432 2648 2738
f 4432 2738 4430
f 4430 2738 2751
f 4430 2751 4431
f 4431 2751 2752
f 4431 2752 4434
f 4434 2752 2740
f 4434 2740 4433
f 4433 2740 2741
f 4433 2741 2557
f 2557 2741 2642
f 2567 2655 4437
f 4437 2655 2742
f 4437 2742 4435
f 4435 2742 2733
f 4435 2733 4436
f 4436 2733 2732
f 4436 2732 4439
f 4439 2732 2736
f 4439 2736 4438
f 4438 2736 2737
f 4438 2737 2565
f 2565 2737 2649
f 4217 4440 4215
f 4215 4440 4441
f 4215 4441 4213
f 4213 4441 1293
f 4213 1293 1172
f 4217 4227 4440
f 4440 4227 4226
f 4440 4226 4442
f 4442 4226 4224
f 4442 4224 4443
f 4443 4224 4222
f 4222 4220 4443
f 4443 4220 4229
f 4443 4229 4444
f 4229 4228 4444
f 4444 4228 1019
f 4444 1019 4445
f 4445 1019 4148
f 4148 4147 4445
f 4445 4147 4150
f 4445 4150 4446
f 4446 4150 4152
f 4446 4152 4447
f 4447 4152 4154
f 4154 4156 4447
f 4447 4156 4158
f 4447 4158 4448
f 4448 4158 4159
f 4448 4159 4449
f 4449 4159 4161
f 4161 4163 4449
f 4449 4163 4165
f 4449 4165 4450
f 4450 4165 1024
f 1024 4086 4450
f 4450 4086 4085
f 4450 4085 4451
f 4451 4085 4083
f 4083 4095 4451
f 4451 4095 4094
f 4451 4094 4452
f 4452 4094 4092
f 4452 4092 4453
f 4453 4092 4090
f 4090 4088 4453
f 4453 4088 4099
f 4453 4099 4454
f 4454 4099 4098
f 4454 4098 1325
f 1325 4098 4096
f 1325 4096 2281
f 2221 2079 4423
f 4423 2079 2078
f 4423 2078 4422
f 2078 2075 4422
f 4422 2075 2077
f 4422 2077 4421
f 2077 2086 4421
f 4421 2086 2095
f 4421 2095 4415
f 2095 2073 4415
f 4415 2073 2074
f 4415 2074 4414
f 4414 2074 2105
f 4414 2105 4413
f 4413 2105 2101
f 4413 2101 4412
f 4412 2101 2112
f 4412 2112 4416
f 2112 2116 4416
f 4416 2116 2120
f 4416 2120 4417
f 2120 2125 4417
f 4417 2125 2128
f 4417 2128 4418
f 2128 2069 4418
f 4418 2069 2071
f 4418 2071 4419
f 4419 2071 2135
f 4419 2135 2209
f 2209 2135 2134
f 2052 2053 3903
f 3903 2053 3616
f 3903 3616 3786
f 3786 3616 3483
f 3786 3483 3784
f 3784 3483 3485
f 3784 3485 3914
f 3914 3485 3636
f 3914 3636 3921
f 3921 3636 3642
f 3921 3642 3916
f 3916 3642 3639
f 3916 3639 3789
f 3789 3639 3480
f 3789 3480 3787
f 3787 3480 3482
f 3787 3482 3901
f 3901 3482 3615
f 3901 3615 2032
f 2032 3615 2033
f 1949 1969 1950
f 1950 1969 3178
f 1950 3178 1951
f 1951 3178 3198
f 1951 3198 1958
f 1958 3198 3197
f 1958 3197 1954
f 1954 3197 1970
f 1934 1914 2163
f 2163 1914 1915
f 2163 1915 2166
f 2166 1915 1917
f 2166 1917 2167
f 2167 1917 1919
f 2167 1919 2168
f 2168 1919 1921
f 2168 1921 2165
f 2165 1921 1923
f 2165 1923 1928
f 1928 1923 1925
f 1909 1910 1916
f 1916 1910 4346
f 1916 4346 1918
f 1918 4346 4345
f 1918 4345 1920
f 1920 4345 4344
f 1920 4344 1922
f 1922 4344 4343
f 1922 4343 1924
f 1924 4343 4348
f 1924 4348 1897
f 1897 4348 1898
f 1896 1889 2174
f 2174 1889 1873
f 2174 1873 2172
f 2172 1873 1875
f 2172 1875 2171
f 2171 1875 1877
f 2171 1877 2169
f 2169 1877 1879
f 2169 1879 2170
f 2170 1879 1881
f 2170 1881 1890
f 1890 1881 1883
f 1871 1872 1874
f 1874 1872 4274
f 1874 4274 1876
f 1876 4274 4339
f 1876 4339 1878
f 1878 4339 4338
f 1878 4338 1880
f 1880 4338 4336
f 1880 4336 1882
f 1882 4336 4341
f 1882 4341 1859
f 1859 4341 1860
f 1858 1835 2148
f 2148 1835 1836
f 2148 1836 2150
f 2150 1836 1838
f 2150 1838 2151
f 2151 1838 1840
f 2151 1840 2152
f 2152 1840 1842
f 2152 1842 2153
f 2153 1842 1844
f 2153 1844 1852
f 1852 1844 1846
f 1833 1834 1837
f 1837 1834 4382
f 1837 4382 1839
f 1839 4382 4381
f 1839 4381 1841
f 1841 4381 4380
f 1841 4380 1843
f 1843 4380 4379
f 1843 4379 1845
f 1845 4379 4378
f 1845 4378 1821
f 1821 4378 1822
f 1820 1799 2158
f 2158 1799 1800
f 2158 1800 2159
f 2159 1800 1802
f 2159 1802 2155
f 2155 1802 1804
f 2155 1804 2160
f 2160 1804 1806
f 2160 1806 2161
f 2161 1806 1808
f 2161 1808 1814
f 1814 1808 1810
f 1795 1796 1801
f 1801 1796 4388
f 1801 4388 1803
f 1803 4388 4387
f 1803 4387 1805
f 1805 4387 4386
f 1805 4386 1807
f 1807 4386 4385
f 1807 4385 1809
f 1809 4385 4384
f 1809 4384 1783
f 1783 4384 1784
f 1782 1759 2137
f 2137 1759 1760
f 2137 1760 2138
f 2138 1760 1762
f 2138 1762 2139
f 2139 1762 1764
f 2139 1764 2140
f 2140 1764 1766
f 2140 1766 2141
f 2141 1766 1768
f 2141 1768 1776
f 1776 1768 1770
f 1757 1758 1761
f 1761 1758 4350
f 1761 4350 1763
f 1763 4350 4352
f 1763 4352 1765
f 1765 4352 4351
f 1765 4351 1767
f 1767 4351 4355
f 1767 4355 1769
f 1769 4355 4354
f 1769 4354 1745
f 1745 4354 1746
f 1744 1721 2142
f 2142 1721 1722
f 2142 1722 2143
f 2143 1722 1724
f 2143 1724 2144
f 2144 1724 1726
f 2144 1726 2145
f 2145 1726 1728
f 2145 1728 2146
f 2146 1728 1730
f 2146 1730 1738
f 1738 1730 1732
f 1719 1720 1723
f 1723 1720 4359
f 1723 4359 1725
f 1725 4359 4358
f 1725 4358 1727
f 1727 4358 4357
f 1727 4357 1729
f 1729 4357 4356
f 1729 4356 1731
f 1731 4356 4289
f 1731 4289 1707
f 1707 4289 1708
f 1706 1688 2117
f 2117 1688 1689
f 2117 1689 2118
f 2118 1689 1691
f 2118 1691 2119
f 2119 1691 1693
f 2119 1693 2123
f 2123 1693 1695
f 2123 1695 2124
f 2124 1695 1697
f 2124 1697 1700
f 1700 1697 1699
f 1681 1682 1690
f 1690 1682 4294
f 1690 4294 1692
f 1692 4294 4295
f 1692 4295 1694
f 1694 4295 4291
f 1694 4291 1696
f 1696 4291 4292
f 1696 4292 1698
f 1698 4292 4364
f 1698 4364 1669
f 1669 4364 1670
f 1668 1645 2127
f 2127 1645 1646
f 2127 1646 2126
f 2126 1646 1648
f 2126 1648 2130
f 2130 1648 1650
f 2130 1650 2131
f 2131 1650 1652
f 2131 1652 2132
f 2132 1652 1654
f 2132 1654 1662
f 1662 1654 1656
f 1643 1644 1647
f 1647 1644 4377
f 1647 4377 1649
f 1649 4377 4376
f 1649 4376 1651
f 1651 4376 4375
f 1651 4375 1653
f 1653 4375 4374
f 1653 4374 1655
f 1655 4374 4373
f 1655 4373 1631
f 1631 4373 1632
f 1630 1610 2104
f 2104 1610 1611
f 2104 1611 2106
f 2106 1611 1613
f 2106 1613 2107
f 2107 1613 1615
f 2107 1615 2108
f 2108 1615 1617
f 2108 1617 2102
f 2102 1617 1619
f 2102 1619 1624
f 1624 1619 1621
f 1605 1606 1612
f 1612 1606 4307
f 1612 4307 1614
f 1614 4307 4306
f 1614 4306 1616
f 1616 4306 4305
f 1616 4305 1618
f 1618 4305 4304
f 1618 4304 1620
f 1620 4304 4302
f 1620 4302 1593
f 1593 4302 1594
f 1592 1572 2109
f 2109 1572 1573
f 2109 1573 2110
f 2110 1573 1575
f 2110 1575 2111
f 2111 1575 1577
f 2111 1577 2114
f 2114 1577 1579
f 2114 1579 2115
f 2115 1579 1581
f 2115 1581 1586
f 1586 1581 1583
f 1567 1568 1574
f 1574 1568 4301
f 1574 4301 1576
f 1576 4301 4300
f 1576 4300 1578
f 1578 4300 4299
f 1578 4299 1580
f 1580 4299 4298
f 1580 4298 1582
f 1582 4298 4296
f 1582 4296 1555
f 1555 4296 1556
f 1554 1531 2093
f 2093 1531 1532
f 2093 1532 2087
f 2087 1532 1534
f 2087 1534 2088
f 2088 1534 1536
f 2088 1536 2089
f 2089 1536 1538
f 2089 1538 2091
f 2091 1538 1540
f 2091 1540 1548
f 1548 1540 1542
f 1529 1530 1533
f 1533 1530 4326
f 1533 4326 1535
f 1535 4326 4334
f 1535 4334 1537
f 1537 4334 4333
f 1537 4333 1539
f 1539 4333 4331
f 1539 4331 1541
f 1541 4331 4329
f 1541 4329 1517
f 1517 4329 1518
f 1516 1493 2096
f 2096 1493 1494
f 2096 1494 2097
f 2097 1494 1496
f 2097 1496 2098
f 2098 1496 1498
f 2098 1498 2099
f 2099 1498 1500
f 2099 1500 2100
f 2100 1500 1502
f 2100 1502 1510
f 1510 1502 1504
f 1491 1492 1495
f 1495 1492 4309
f 1495 4309 1497
f 1497 4309 4313
f 1497 4313 1499
f 1499 4313 4312
f 1499 4312 1501
f 1501 4312 4311
f 1501 4311 1503
f 1503 4311 4310
f 1503 4310 1479
f 1479 4310 1480
f 1478 1460 2190
f 2190 1460 1461
f 2190 1461 2192
f 2192 1461 1463
f 2192 1463 2193
f 2193 1463 1465
f 2193 1465 2194
f 2194 1465 1467
f 2194 1467 2195
f 2195 1467 1469
f 2195 1469 1472
f 1472 1469 1471
f 1453 1454 1462
f 1462 1454 4319
f 1462 4319 1464
f 1464 4319 4320
f 1464 4320 1466
f 1466 4320 4318
f 1466 4318 1468
f 1468 4318 4317
f 1468 4317 1470
f 1470 4317 4315
f 1470 4315 1441
f 1441 4315 1442
f 1440 1422 2081
f 2081 1422 1423
f 2081 1423 2082
f 2082 1423 1425
f 2082 1425 2083
f 2083 1425 1427
f 2083 1427 2084
f 2084 1427 1429
f 2084 1429 2085
f 2085 1429 1431
f 2085 1431 1434
f 1434 1431 1433
f 1415 1416 1424
f 1424 1416 4411
f 1424 4411 1426
f 1426 4411 4408
f 1426 4408 1428
f 1428 4408 4409
f 1428 4409 1430
f 1430 4409 4410
f 1430 4410 1432
f 1432 4410 4407
f 1432 4407 1403
f 1403 4407 1404
f 1402 1381 2181
f 2181 1381 1382
f 2181 1382 2182
f 2182 1382 1384
f 2182 1384 2178
f 2178 1384 1386
f 2178 1386 2176
f 2176 1386 1388
f 2176 1388 2180
f 2180 1388 1390
f 2180 1390 1396
f 1396 1390 1392
f 1377 1378 1383
f 1383 1378 4405
f 1383 4405 1385
f 1385 4405 4404
f 1385 4404 1387
f 1387 4404 4403
f 1387 4403 1389
f 1389 4403 4402
f 1389 4402 1391
f 1391 4402 4400
f 1391 4400 1365
f 1365 4400 1366
f 1364 1346 2188
f 2188 1346 1347
f 2188 1347 2189
f 2189 1347 1349
f 2189 1349 2184
f 2184 1349 1351
f 2184 1351 2186
f 2186 1351 1353
f 2186 1353 2187
f 2187 1353 1355
f 2187 1355 1358
f 1358 1355 1357
f 1339 1340 1348
f 1348 1340 4322
f 1348 4322 1350
f 1350 4322 4370
f 1350 4370 1352
f 1352 4370 4369
f 1352 4369 1354
f 1354 4369 4368
f 1354 4368 1356
f 1356 4368 4366
f 1356 4366 1327
f 1327 4366 1328
f 1325 1326 4454
f 4454 1326 3079
f 4454 3079 4453
f 4453 3079 3078
f 4453 3078 4452
f 4452 3078 3080
f 4452 3080 4451
f 4451 3080 3082
f 4451 3082 4450
f 4450 3082 3084
f 4450 3084 4449
f 4449 3084 3086
f 4449 3086 4448
f 4448 3086 3088
f 4448 3088 4447
f 4447 3088 3090
f 4447 3090 4446
f 4446 3090 3092
f 4446 3092 4445
f 4445 3092 3094
f 4445 3094 4444
f 4444 3094 3096
f 4444 3096 4443
f 4443 3096 3065
f 4443 3065 4442
f 4442 3065 3067
f 4442 3067 4440
f 4440 3067 3076
f 4440 3076 4441
f 4441 3076 3069
f 4441 3069 1293
f 1293 3069 1294
f 1291 1292 3920
f 3920 1292 3641
f 3920 3641 3841
f 3841 3641 3640
f 3841 3640 3917
f 3917 3640 3526
f 3917 3526 3918
f 3918 3526 3529
f 3918 3529 3919
f 3919 3529 3528
f 3919 3528 1279
f 1279 3528 1280
f 1277 1278 3847
f 3847 1278 3522
f 3847 3522 3845
f 3845 3522 3523
f 3845 3523 3848
f 3848 3523 3520
f 3848 3520 3849
f 3849 3520 3638
f 3849 3638 3915
f 3915 3638 3637
f 3915 3637 1265
f 1265 3637 1266
f 1263 1264 3829
f 3829 1264 3635
f 3829 3635 3830
f 3830 3635 3634
f 3830 3634 3831
f 3831 3634 3633
f 3831 3633 3834
f 3834 3633 3536
f 3834 3536 3833
f 3833 3536 3538
f 3833 3538 1251
f 1251 3538 1252
f 1249 1250 3835
f 3835 1250 3629
f 3835 3629 3836
f 3836 3629 3628
f 3836 3628 3838
f 3838 3628 3532
f 3838 3532 3910
f 3910 3532 3530
f 3910 3530 3911
f 3911 3530 3632
f 3911 3632 1237
f 1237 3632 1238
f 738 722 2281
f 2281 722 721
f 721 719 2281
f 2281 719 718
f 2281 718 741
f 1028 1029 1032
f 1032 1029 1030
f 1032 1030 657
f 657 1030 739
f 657 739 659
f 659 739 738
f 659 738 694
f 694 738 2281
f 694 2281 672
f 672 2281 673
f 966 1044 4424
f 966 4424 967
f 967 4424 973
f 967 973 964
f 405 4266 406
f 406 4266 4420
f 406 4420 408
f 418 411 4420
f 4420 411 410
f 4420 410 408
f 396 397 4019
f 4019 397 4285
f 4019 4285 4020
f 4020 4285 4284
f 4020 4284 4021
f 4021 4284 4282
f 4021 4282 4022
f 4022 4282 4281
f 4022 4281 4023
f 4023 4281 4280
f 4023 4280 384
f 384 4280 385
f 169 170 3858
f 3858 170 3626
f 3858 3626 3857
f 3857 3626 3625
f 3857 3625 3854
f 3854 3625 3509
f 3854 3509 3855
f 3855 3509 3512
f 3855 3512 3908
f 3908 3512 3511
f 3908 3511 3909
f 3909 3511 3627
f 3909 3627 157
f 157 3627 158
f 155 156 3874
f 3874 156 3492
f 3874 3492 3875
f 3875 3492 3591
f 3875 3591 3876
f 3876 3591 3590
f 3876 3590 3877
f 3877 3590 3588
f 3877 3588 3878
f 3878 3588 3587
f 3878 3587 143
f 143 3587 144
f 141 142 3897
f 3897 142 3566
f 3897 3566 3898
f 3898 3566 3565
f 3898 3565 3899
f 3899 3565 3563
f 3899 3563 3900
f 3900 3563 3561
f 3900 3561 3896
f 3896 3561 3560
f 3896 3560 129
f 129 3560 130
f 127 128 3859
f 3859 128 3622
f 3859 3622 3860
f 3860 3622 3621
f 3860 3621 3861
f 3861 3621 3605
f 3861 3605 3906
f 3906 3605 3603
f 3906 3603 3907
f 3907 3603 3602
f 3907 3602 113
f 113 3602 114
f 111 112 3884
f 3884 112 3578
f 3884 3578 3883
f 3883 3578 3585
f 3883 3585 3882
f 3882 3585 3583
f 3882 3583 3881
f 3881 3583 3581
f 3881 3581 3792
f 3792 3581 3580
f 3792 3580 99
f 99 3580 100
f 97 98 3815
f 3815 98 3551
f 3815 3551 3816
f 3816 3551 3552
f 3816 3552 3817
f 3817 3552 3554
f 3817 3554 3813
f 3813 3554 3558
f 3813 3558 3814
f 3814 3558 3557
f 3814 3557 3809
f 3809 3557 3556
f 3809 3556 85
f 85 3556 86
f 83 84 3863
f 3863 84 3600
f 3863 3600 3866
f 3866 3600 3601
f 3866 3601 3865
f 3865 3601 3598
f 3865 3598 3864
f 3864 3598 3620
f 3864 3620 3867
f 3867 3620 3619
f 3867 3619 71
f 71 3619 72
f 69 70 3885
f 3885 70 3573
f 3885 3573 3886
f 3886 3573 3577
f 3886 3577 3887
f 3887 3577 3576
f 3887 3576 3888
f 3888 3576 3618
f 3888 3618 3889
f 3889 3618 3617
f 3889 3617 57
f 57 3617 58
f 55 56 3818
f 3818 56 3543
f 3818 3543 3819
f 3819 3543 3549
f 3819 3549 3821
f 3821 3549 3548
f 3821 3548 3822
f 3822 3548 3546
f 3822 3546 3902
f 3902 3546 3545
f 3902 3545 43
f 43 3545 44
f 41 42 3850
f 3850 42 3614
f 3850 3614 3851
f 3851 3614 3613
f 3851 3613 3852
f 3852 3613 3612
f 3852 3612 3853
f 3853 3612 3515
f 3853 3515 3797
f 3797 3515 3514
f 3797 3514 29
f 29 3514 30
f 27 28 3868
f 3868 28 3611
f 3868 3611 3869
f 3869 3611 3610
f 3869 3610 3870
f 3870 3610 3609
f 3870 3609 3873
f 3873 3609 3593
f 3873 3593 3872
f 3872 3593 3592
f 3872 3592 15
f 15 3592 16
f 13 14 3890
f 3890 14 3608
f 3890 3608 3891
f 3891 3608 3607
f 3891 3607 3892
f 3892 3607 3606
f 3892 3606 3895
f 3895 3606 3568
f 3895 3568 3894
f 3894 3568 3567
f 3894 3567 1
f 1 3567 2
f 1293 1294 1295
f 1295 1294 1296
f 1295 1296 1297
f 1297 1296 1298
f 1297 1298 1299
f 1299 1298 1300
f 1299 1300 1301
f 1301 1300 1302
f 1301 1302 1303
f 1303 1302 1304
f 1303 1304 1305
f 1305 1304 1306
f 1305 1306 1307
f 1307 1306 1308
f 1307 1308 1309
f 1309 1308 1310
f 1309 1310 1311
f 1311 1310 1312
f 1311 1312 1313
f 1313 1312 1314
f 1313 1314 1315
f 1315 1314 1316
f 1315 1316 1317
f 1317 1316 1318
f 1317 1318 1319
f 1319 1318 1320
f 1319 1320 1321
f 1321 1320 1322
f 1321 1322 1323
f 1323 1322 1324
f 1323 1324 1325
f 1325 1324 1326
f 1327 1328 1329
f 1329 1328 1330
f 1329 1330 1331
f 1331 1330 1332
f 1331 1332 1333
f 1333 1332 1334
f 1333 1334 1335
f 1335 1334 1336
f 1335 1336 1337
f 1337 1336 1338
f 1337 1338 1339
f 1339 1338 1340
f 1341 1329 1342
f 1342 1329 1331
f 1342 1331 1343
f 1343 1331 1333
f 1343 1333 1344
f 1344 1333 1335
f 1344 1335 1345
f 1345 1335 1337
f 1345 1337 1346
f 1346 1337 1339
f 1346 1339 1347
f 1347 1339 1348
f 1347 1348 1349
f 1349 1348 1350
f 1349 1350 1351
f 1351 1350 1352
f 1351 1352 1353
f 1353 1352 1354
f 1353 1354 1355
f 1355 1354 1356
f 1355 1356 1357
f 1357 1356 1327
f 1357 1327 1341
f 1341 1327 1329
f 1358 1357 1359
f 1359 1357 1341
f 1359 1341 1360
f 1360 1341 1342
f 1360 1342 1361
f 1361 1342 1343
f 1361 1343 1362
f 1362 1343 1344
f 1362 1344 1363
f 1363 1344 1345
f 1363 1345 1364
f 1364 1345 1346
f 1365 1366 1367
f 1367 1366 1368
f 1367 1368 1369
f 1369 1368 1370
f 1369 1370 1371
f 1371 1370 1372
f 1371 1372 1373
f 1373 1372 1374
f 1373 1374 1375
f 1375 1374 1376
f 1375 1376 1377
f 1377 1376 1378
f 1379 1373 1380
f 1380 1373 1375
f 1380 1375 1381
f 1381 1375 1377
f 1381 1377 1382
f 1382 1377 1383
f 1382 1383 1384
f 1384 1383 1385
f 1384 1385 1386
f 1386 1385 1387
f 1386 1387 1388
f 1388 1387 1389
f 1388 1389 1390
f 1390 1389 1391
f 1390 1391 1392
f 1392 1391 1365
f 1392 1365 1393
f 1393 1365 1367
f 1393 1367 1394
f 1394 1367 1369
f 1394 1369 1395
f 1395 1369 1371
f 1395 1371 1379
f 1379 1371 1373
f 1396 1392 1397
f 1397 1392 1393
f 1397 1393 1398
f 1398 1393 1394
f 1398 1394 1399
f 1399 1394 1395
f 1399 1395 1400
f 1400 1395 1379
f 1400 1379 1401
f 1401 1379 1380
f 1401 1380 1402
f 1402 1380 1381
f 1403 1404 1405
f 1405 1404 1406
f 1405 1406 1407
f 1407 1406 1408
f 1407 1408 1409
f 1409 1408 1410
f 1409 1410 1411
f 1411 1410 1412
f 1411 1412 1413
f 1413 1412 1414
f 1413 1414 1415
f 1415 1414 1416
f 1417 1405 1418
f 1418 1405 1407
f 1418 1407 1419
f 1419 1407 1409
f 1419 1409 1420
f 1420 1409 1411
f 1420 1411 1421
f 1421 1411 1413
f 1421 1413 1422
f 1422 1413 1415
f 1422 1415 1423
f 1423 1415 1424
f 1423 1424 1425
f 1425 1424 1426
f 1425 1426 1427
f 1427 1426 1428
f 1427 1428 1429
f 1429 1428 1430
f 1429 1430 1431
f 1431 1430 1432
f 1431 1432 1433
f 1433 1432 1403
f 1433 1403 1417
f 1417 1403 1405
f 1434 1433 1435
f 1435 1433 1417
f 1435 1417 1436
f 1436 1417 1418
f 1436 1418 1437
f 1437 1418 1419
f 1437 1419 1438
f 1438 1419 1420
f 1438 1420 1439
f 1439 1420 1421
f 1439 1421 1440
f 1440 1421 1422
f 1441 1442 1443
f 1443 1442 1444
f 1443 1444 1445
f 1445 1444 1446
f 1445 1446 1447
f 1447 1446 1448
f 1447 1448 1449
f 1449 1448 1450
f 1449 1450 1451
f 1451 1450 1452
f 1451 1452 1453
f 1453 1452 1454
f 1455 1443 1456
f 1456 1443 1445
f 1456 1445 1457
f 1457 1445 1447
f 1457 1447 1458
f 1458 1447 1449
f 1458 1449 1459
f 1459 1449 1451
f 1459 1451 1460
f 1460 1451 1453
f 1460 1453 1461
f 1461 1453 1462
f 1461 1462 1463
f 1463 1462 1464
f 1463 1464 1465
f 1465 1464 1466
f 1465 1466 1467
f 1467 1466 1468
f 1467 1468 1469
f 1469 1468 1470
f 1469 1470 1471
f 1471 1470 1441
f 1471 1441 1455
f 1455 1441 1443
f 1472 1471 1473
f 1473 1471 1455
f 1473 1455 1474
f 1474 1455 1456
f 1474 1456 1475
f 1475 1456 1457
f 1475 1457 1476
f 1476 1457 1458
f 1476 1458 1477
f 1477 1458 1459
f 1477 1459 1478
f 1478 1459 1460
f 1479 1480 1481
f 1481 1480 1482
f 1481 1482 1483
f 1483 1482 1484
f 1483 1484 1485
f 1485 1484 1486
f 1485 1486 1487
f 1487 1486 1488
f 1487 1488 1489
f 1489 1488 1490
f 1489 1490 1491
f 1491 1490 1492
f 1493 1491 1494
f 1494 1491 1495
f 1494 1495 1496
f 1496 1495 1497
f 1496 1497 1498
f 1498 1497 1499
f 1498 1499 1500
f 1500 1499 1501
f 1500 1501 1502
f 1502 1501 1503
f 1502 1503 1504
f 1504 1503 1479
f 1504 1479 1505
f 1505 1479 1481
f 1505 1481 1506
f 1506 1481 1483
f 1506 1483 1507
f 1507 1483 1485
f 1507 1485 1508
f 1508 1485 1487
f 1508 1487 1509
f 1509 1487 1489
f 1509 1489 1493
f 1493 1489 1491
f 1510 1504 1511
f 1511 1504 1505
f 1511 1505 1512
f 1512 1505 1506
f 1512 1506 1513
f 1513 1506 1507
f 1513 1507 1514
f 1514 1507 1508
f 1514 1508 1515
f 1515 1508 1509
f 1515 1509 1516
f 1516 1509 1493
f 1517 1518 1519
f 1519 1518 1520
f 1519 1520 1521
f 1521 1520 1522
f 1521 1522 1523
f 1523 1522 1524
f 1523 1524 1525
f 1525 1524 1526
f 1525 1526 1527
f 1527 1526 1528
f 1527 1528 1529
f 1529 1528 1530
f 1531 1529 1532
f 1532 1529 1533
f 1532 1533 1534
f 1534 1533 1535
f 1534 1535 1536
f 1536 1535 1537
f 1536 1537 1538
f 1538 1537 1539
f 1538 1539 1540
f 1540 1539 1541
f 1540 1541 1542
f 1542 1541 1517
f 1542 1517 1543
f 1543 1517 1519
f 1543 1519 1544
f 1544 1519 1521
f 1544 1521 1545
f 1545 1521 1523
f 1545 1523 1546
f 1546 1523 1525
f 1546 1525 1547
f 1547 1525 1527
f 1547 1527 1531
f 1531 1527 1529
f 1548 1542 1549
f 1549 1542 1543
f 1549 1543 1550
f 1550 1543 1544
f 1550 1544 1551
f 1551 1544 1545
f 1551 1545 1552
f 1552 1545 1546
f 1552 1546 1553
f 1553 1546 1547
f 1553 1547 1554
f 1554 1547 1531
f 1555 1556 1557
f 1557 1556 1558
f 1557 1558 1559
f 1559 1558 1560
f 1559 1560 1561
f 1561 1560 1562
f 1561 1562 1563
f 1563 1562 1564
f 1563 1564 1565
f 1565 1564 1566
f 1565 1566 1567
f 1567 1566 1568
f 1569 1561 1570
f 1570 1561 1563
f 1570 1563 1571
f 1571 1563 1565
f 1571 1565 1572
f 1572 1565 1567
f 1572 1567 1573
f 1573 1567 1574
f 1573 1574 1575
f 1575 1574 1576
f 1575 1576 1577
f 1577 1576 1578
f 1577 1578 1579
f 1579 1578 1580
f 1579 1580 1581
f 1581 1580 1582
f 1581 1582 1583
f 1583 1582 1555
f 1583 1555 1584
f 1584 1555 1557
f 1584 1557 1585
f 1585 1557 1559
f 1585 1559 1569
f 1569 1559 1561
f 1586 1583 1587
f 1587 1583 1584
f 1587 1584 1588
f 1588 1584 1585
f 1588 1585 1589
f 1589 1585 1569
f 1589 1569 1590
f 1590 1569 1570
f 1590 1570 1591
f 1591 1570 1571
f 1591 1571 1592
f 1592 1571 1572
f 1593 1594 1595
f 1595 1594 1596
f 1595 1596 1597
f 1597 1596 1598
f 1597 1598 1599
f 1599 1598 1600
f 1599 1600 1601
f 1601 1600 1602
f 1601 1602 1603
f 1603 1602 1604
f 1603 1604 1605
f 1605 1604 1606
f 1607 1599 1608
f 1608 1599 1601
f 1608 1601 1609
f 1609 1601 1603
f 1609 1603 1610
f 1610 1603 1605
f 1610 1605 1611
f 1611 1605 1612
f 1611 1612 1613
f 1613 1612 1614
f 1613 1614 1615
f 1615 1614 1616
f 1615 1616 1617
f 1617 1616 1618
f 1617 1618 1619
f 1619 1618 1620
f 1619 1620 1621
f 1621 1620 1593
f 1621 1593 1622
f 1622 1593 1595
f 1622 1595 1623
f 1623 1595 1597
f 1623 1597 1607
f 1607 1597 1599
f 1624 1621 1625
f 1625 1621 1622
f 1625 1622 1626
f 1626 1622 1623
f 1626 1623 1627
f 1627 1623 1607
f 1627 1607 1628
f 1628 1607 1608
f 1628 1608 1629
f 1629 1608 1609
f 1629 1609 1630
f 1630 1609 1610
f 1631 1632 1633
f 1633 1632 1634
f 1633 1634 1635
f 1635 1634 1636
f 1635 1636 1637
f 1637 1636 1638
f 1637 1638 1639
f 1639 1638 1640
f 1639 1640 1641
f 1641 1640 1642
f 1641 1642 1643
f 1643 1642 1644
f 1645 1643 1646
f 1646 1643 1647
f 1646 1647 1648
f 1648 1647 1649
f 1648 1649 1650
f 1650 1649 1651
f 1650 1651 1652
f 1652 1651 1653
f 1652 1653 1654
f 1654 1653 1655
f 1654 1655 1656
f 1656 1655 1631
f 1656 1631 1657
f 1657 1631 1633
f 1657 1633 1658
f 1658 1633 1635
f 1658 1635 1659
f 1659 1635 1637
f 1659 1637 1660
f 1660 1637 1639
f 1660 1639 1661
f 1661 1639 1641
f 1661 1641 1645
f 1645 1641 1643
f 1662 1656 1663
f 1663 1656 1657
f 1663 1657 1664
f 1664 1657 1658
f 1664 1658 1665
f 1665 1658 1659
f 1665 1659 1666
f 1666 1659 1660
f 1666 1660 1667
f 1667 1660 1661
f 1667 1661 1668
f 1668 1661 1645
f 1669 1670 1671
f 1671 1670 1672
f 1671 1672 1673
f 1673 1672 1674
f 1673 1674 1675
f 1675 1674 1676
f 1675 1676 1677
f 1677 1676 1678
f 1677 1678 1679
f 1679 1678 1680
f 1679 1680 1681
f 1681 1680 1682
f 1683 1671 1684
f 1684 1671 1673
f 1684 1673 1685
f 1685 1673 1675
f 1685 1675 1686
f 1686 1675 1677
f 1686 1677 1687
f 1687 1677 1679
f 1687 1679 1688
f 1688 1679 1681
f 1688 1681 1689
f 1689 1681 1690
f 1689 1690 1691
f 1691 1690 1692
f 1691 1692 1693
f 1693 1692 1694
f 1693 1694 1695
f 1695 1694 1696
f 1695 1696 1697
f 1697 1696 1698
f 1697 1698 1699
f 1699 1698 1669
f 1699 1669 1683
f 1683 1669 1671
f 1700 1699 1701
f 1701 1699 1683
f 1701 1683 1702
f 1702 1683 1684
f 1702 1684 1703
f 1703 1684 1685
f 1703 1685 1704
f 1704 1685 1686
f 1704 1686 1705
f 1705 1686 1687
f 1705 1687 1706
f 1706 1687 1688
f 1707 1708 1709
f 1709 1708 1710
f 1709 1710 1711
f 1711 1710 1712
f 1711 1712 1713
f 1713 1712 1714
f 1713 1714 1715
f 1715 1714 1716
f 1715 1716 1717
f 1717 1716 1718
f 1717 1718 1719
f 1719 1718 1720
f 1721 1719 1722
f 1722 1719 1723
f 1722 1723 1724
f 1724 1723 1725
f 1724 1725 1726
f 1726 1725 1727
f 1726 1727 1728
f 1728 1727 1729
f 1728 1729 1730
f 1730 1729 1731
f 1730 1731 1732
f 1732 1731 1707
f 1732 1707 1733
f 1733 1707 1709
f 1733 1709 1734
f 1734 1709 1711
f 1734 1711 1735
f 1735 1711 1713
f 1735 1713 1736
f 1736 1713 1715
f 1736 1715 1737
f 1737 1715 1717
f 1737 1717 1721
f 1721 1717 1719
f 1738 1732 1739
f 1739 1732 1733
f 1739 1733 1740
f 1740 1733 1734
f 1740 1734 1741
f 1741 1734 1735
f 1741 1735 1742
f 1742 1735 1736
f 1742 1736 1743
f 1743 1736 1737
f 1743 1737 1744
f 1744 1737 1721
f 1745 1746 1747
f 1747 1746 1748
f 1747 1748 1749
f 1749 1748 1750
f 1749 1750 1751
f 1751 1750 1752
f 1751 1752 1753
f 1753 1752 1754
f 1753 1754 1755
f 1755 1754 1756
f 1755 1756 1757
f 1757 1756 1758
f 1759 1757 1760
f 1760 1757 1761
f 1760 1761 1762
f 1762 1761 1763
f 1762 1763 1764
f 1764 1763 1765
f 1764 1765 1766
f 1766 1765 1767
f 1766 1767 1768
f 1768 1767 1769
f 1768 1769 1770
f 1770 1769 1745
f 1770 1745 1771
f 1771 1745 1747
f 1771 1747 1772
f 1772 1747 1749
f 1772 1749 1773
f 1773 1749 1751
f 1773 1751 1774
f 1774 1751 1753
f 1774 1753 1775
f 1775 1753 1755
f 1775 1755 1759
f 1759 1755 1757
f 1776 1770 1777
f 1777 1770 1771
f 1777 1771 1778
f 1778 1771 1772
f 1778 1772 1779
f 1779 1772 1773
f 1779 1773 1780
f 1780 1773 1774
f 1780 1774 1781
f 1781 1774 1775
f 1781 1775 1782
f 1782 1775 1759
f 1783 1784 1785
f 1785 1784 1786
f 1785 1786 1787
f 1787 1786 1788
f 1787 1788 1789
f 1789 1788 1790
f 1789 1790 1791
f 1791 1790 1792
f 1791 1792 1793
f 1793 1792 1794
f 1793 1794 1795
f 1795 1794 1796
f 1798 1793 1799
f 1799 1793 1795
f 1799 1795 1800
f 1800 1795 1801
f 1800 1801 1802
f 1802 1801 1803
f 1802 1803 1804
f 1804 1803 1805
f 1804 1805 1806
f 1806 1805 1807
f 1806 1807 1808
f 1808 1807 1809
f 1808 1809 1810
f 1810 1809 1783
f 1810 1783 1811
f 1811 1783 1785
f 1811 1785 1812
f 1812 1785 1787
f 1812 1787 1813
f 1813 1787 1789
f 1813 1789 1797
f 1797 1789 1791
f 1797 1791 1798
f 1798 1791 1793
f 1814 1810 1815
f 1815 1810 1811
f 1815 1811 1816
f 1816 1811 1812
f 1816 1812 1817
f 1817 1812 1813
f 1817 1813 1818
f 1818 1813 1797
f 1818 1797 1819
f 1819 1797 1798
f 1819 1798 1820
f 1820 1798 1799
f 1821 1822 1823
f 1823 1822 1824
f 1823 1824 1825
f 1825 1824 1826
f 1825 1826 1827
f 1827 1826 1828
f 1827 1828 1829
f 1829 1828 1830
f 1829 1830 1831
f 1831 1830 1832
f 1831 1832 1833
f 1833 1832 1834
f 1835 1833 1836
f 1836 1833 1837
f 1836 1837 1838
f 1838 1837 1839
f 1838 1839 1840
f 1840 1839 1841
f 1840 1841 1842
f 1842 1841 1843
f 1842 1843 1844
f 1844 1843 1845
f 1844 1845 1846
f 1846 1845 1821
f 1846 1821 1847
f 1847 1821 1823
f 1847 1823 1848
f 1848 1823 1825
f 1848 1825 1849
f 1849 1825 1827
f 1849 1827 1850
f 1850 1827 1829
f 1850 1829 1851
f 1851 1829 1831
f 1851 1831 1835
f 1835 1831 1833
f 1852 1846 1853
f 1853 1846 1847
f 1853 1847 1854
f 1854 1847 1848
f 1854 1848 1855
f 1855 1848 1849
f 1855 1849 1856
f 1856 1849 1850
f 1856 1850 1857
f 1857 1850 1851
f 1857 1851 1858
f 1858 1851 1835
f 1859 1860 1861
f 1861 1860 1862
f 1861 1862 1863
f 1863 1862 1864
f 1863 1864 1865
f 1865 1864 1866
f 1865 1866 1867
f 1867 1866 1868
f 1867 1868 1869
f 1869 1868 1870
f 1869 1870 1871
f 1871 1870 1872
f 1873 1874 1875
f 1875 1874 1876
f 1875 1876 1877
f 1877 1876 1878
f 1877 1878 1879
f 1879 1878 1880
f 1879 1880 1881
f 1881 1880 1882
f 1881 1882 1883
f 1883 1882 1859
f 1883 1859 1884
f 1884 1859 1861
f 1884 1861 1885
f 1885 1861 1863
f 1885 1863 1886
f 1886 1863 1865
f 1886 1865 1887
f 1887 1865 1867
f 1887 1867 1888
f 1888 1867 1869
f 1888 1869 1889
f 1889 1869 1871
f 1889 1871 1873
f 1873 1871 1874
f 1890 1883 1891
f 1891 1883 1884
f 1891 1884 1892
f 1892 1884 1885
f 1892 1885 1893
f 1893 1885 1886
f 1893 1886 1894
f 1894 1886 1887
f 1894 1887 1895
f 1895 1887 1888
f 1895 1888 1896
f 1896 1888 1889
f 1897 1898 1899
f 1899 1898 1900
f 1899 1900 1901
f 1901 1900 1902
f 1901 1902 1903
f 1903 1902 1904
f 1903 1904 1905
f 1905 1904 1906
f 1905 1906 1907
f 1907 1906 1908
f 1907 1908 1909
f 1909 1908 1910
f 1911 1903 1912
f 1912 1903 1905
f 1912 1905 1913
f 1913 1905 1907
f 1913 1907 1914
f 1914 1907 1909
f 1914 1909 1915
f 1915 1909 1916
f 1915 1916 1917
f 1917 1916 1918
f 1917 1918 1919
f 1919 1918 1920
f 1919 1920 1921
f 1921 1920 1922
f 1921 1922 1923
f 1923 1922 1924
f 1923 1924 1925
f 1925 1924 1897
f 1925 1897 1926
f 1926 1897 1899
f 1926 1899 1927
f 1927 1899 1901
f 1927 1901 1911
f 1911 1901 1903
f 1928 1925 1929
f 1929 1925 1926
f 1929 1926 1930
f 1930 1926 1927
f 1930 1927 1931
f 1931 1927 1911
f 1931 1911 1932
f 1932 1911 1912
f 1932 1912 1933
f 1933 1912 1913
f 1933 1913 1934
f 1934 1913 1914
f 1935 1936 1937
f 1937 1936 1938
f 1937 1938 1939
f 1939 1938 1940
f 1939 1940 1941
f 1941 1940 1942
f 1943 1944 1945
f 1945 1944 1941
f 1945 1941 1946
f 1946 1941 1942
f 1946 1942 1947
f 1947 1942 1948
f 1949 1950 1951
f 1936 1952 1938
f 1938 1952 1953
f 1938 1953 1954
f 1954 1953 1955
f 1954 1955 1956
f 1956 1957 1954
f 1954 1957 1949
f 1954 1949 1958
f 1958 1949 1951
f 1939 1941 1959
f 1959 1941 1960
f 1939 1959 1937
f 1937 1959 1961
f 1937 1961 1935
f 1935 1961 1962
f 1935 1962 1936
f 1936 1962 1963
f 1952 1936 1964
f 1964 1936 1963
f 1952 1964 1953
f 1953 1964 1965
f 1953 1965 1955
f 1955 1965 1966
f 1955 1966 1956
f 1956 1966 1967
f 1957 1956 1968
f 1968 1956 1967
f 1957 1968 1949
f 1949 1968 1969
f 1954 1970 1971
f 1954 1971 1938
f 1938 1971 1972
f 1938 1972 1940
f 1940 1972 1973
f 1940 1973 1942
f 1942 1973 1948
f 1948 1973 1974
f 1948 1974 1947
f 1947 1974 1975
f 1947 1975 1946
f 1946 1975 1976
f 1945 1946 1977
f 1977 1946 1976
f 1945 1977 1943
f 1943 1977 1978
f 1943 1978 1944
f 1944 1978 1979
f 1944 1979 1941
f 1941 1979 1960
f 1980 1981 1982
f 1983 1981 1984
f 1984 1981 1980
f 1984 1980 1985
f 1980 1986 1985
f 1985 1986 1987
f 1985 1987 1988
f 1988 1987 1989
f 1990 1991 1992
f 1993 1994 1982
f 1982 1994 1995
f 1982 1995 1980
f 1980 1995 1990
f 1980 1990 1996
f 1996 1990 1992
f 1997 1998 1999
f 2000 2001 1989
f 1989 2001 2002
f 1989 2002 1988
f 1999 2003 1997
f 1997 2003 2004
f 1997 2004 1989
f 1989 2004 2005
f 1989 2005 2000
f 1982 1981 2006
f 2006 1981 2007
f 1982 2006 1993
f 1993 2006 2008
f 1993 2008 1994
f 1994 2008 2009
f 1994 2009 1995
f 1995 2009 2010
f 1990 1995 2011
f 2011 1995 2010
f 1990 2011 1991
f 1991 2011 2012
f 1991 2012 1992
f 1992 2012 2013
f 1992 2013 1996
f 1996 2013 2014
f 1980 1996 2015
f 2015 1996 2014
f 1980 2015 2016
f 1980 2016 1986
f 1986 2016 2017
f 1986 2017 1987
f 1987 2017 2018
f 1987 2018 1989
f 1997 1989 2019
f 2019 1989 2018
f 1997 2019 1998
f 1998 2019 2020
f 1998 2020 1999
f 1999 2020 2021
f 1999 2021 2003
f 2003 2021 2022
f 2003 2022 2004
f 2004 2022 2023
f 2023 2024 2004
f 2004 2024 2005
f 2005 2024 2000
f 2000 2024 2025
f 2000 2025 2001
f 2001 2025 2026
f 2001 2026 2002
f 2002 2026 2027
f 2002 2027 1988
f 1988 2027 2028
f 1985 1988 2029
f 2029 1988 2028
f 1985 2029 1984
f 1984 2029 2030
f 1984 2030 1983
f 1983 2030 2031
f 1983 2031 1981
f 1981 2031 2007
f 2032 2033 2034
f 2034 2033 2035
f 2034 2035 2036
f 2036 2035 2037
f 2036 2037 2038
f 2038 2037 2039
f 2038 2039 2040
f 2040 2039 2041
f 2040 2041 2042
f 2042 2041 2043
f 2042 2043 2044
f 2044 2043 2045
f 2044 2045 2046
f 2046 2045 2047
f 2046 2047 2048
f 2048 2047 2049
f 2048 2049 2050
f 2050 2049 2051
f 2050 2051 2052
f 2052 2051 2053
f 4455 2061 4456
f 4457 2064 4458
f 4459 2067 4460
f 2134 2136 4461
f 2136 2134 4462
f 4463 2070 4464
f 1591 1592 2103
f 4465 2072 4466
f 4467 2090 4468
f 4469 2076 4470
f 4469 4471 2081
f 1435 1436 2080
f 1437 1438 2079
f 2079 1438 1439
f 2079 1439 4471
f 4471 1439 1440
f 4471 1440 2081
f 2081 2082 4469
f 4469 2082 2083
f 4469 2083 2076
f 2076 2083 2084
f 2076 2084 2085
f 1435 2080 1434
f 4470 2087 4467
f 4467 2087 2088
f 4467 2088 2090
f 2090 2088 2089
f 2090 2089 2091
f 1548 1549 2092
f 2092 1549 1550
f 2092 1550 2076
f 2076 1550 1551
f 2076 1551 1552
f 1552 1553 2076
f 2076 1553 1554
f 2076 1554 4470
f 4470 1554 2093
f 4470 2093 2087
f 1510 1511 2094
f 4465 2098 2072
f 2072 2098 2099
f 2072 2099 2100
f 4468 2096 4465
f 4465 2096 2097
f 4465 2097 2098
f 1511 1512 2094
f 2094 1512 1513
f 2094 1513 2090
f 1513 1514 2090
f 2090 1514 1515
f 2090 1515 4468
f 4468 1515 1516
f 4468 1516 2096
f 2104 2106 4466
f 4466 2106 4472
f 1625 1626 2103
f 2103 1626 1627
f 2103 1627 2072
f 1627 1628 2072
f 2072 1628 1629
f 2072 1629 4466
f 4466 1629 1630
f 4466 1630 2104
f 2106 2107 4472
f 4472 2107 2108
f 4472 2108 2101
f 2101 2108 2102
f 2101 2102 2103
f 2103 2102 1624
f 2103 1624 1625
f 2103 1592 2101
f 2101 1592 2109
f 2101 2109 4473
f 1587 2113 1586
f 1586 2113 4474
f 1586 4474 2115
f 2109 2110 4473
f 4473 2110 2111
f 4473 2111 4474
f 4474 2111 2114
f 4474 2114 2115
f 1587 1588 2113
f 2113 1588 1589
f 2113 1589 2103
f 2103 1589 1590
f 2103 1590 1591
f 1705 1706 2113
f 2113 1706 2117
f 2113 2117 2118
f 2118 2119 2113
f 2113 2119 4475
f 2113 4475 4474
f 1704 2121 1703
f 1703 2121 2122
f 1703 2122 1702
f 1702 2122 1701
f 1700 4476 2124
f 2124 4476 4475
f 2124 4475 2123
f 2123 4475 2119
f 2126 2122 2127
f 2127 2122 1668
f 1700 1701 4476
f 4476 1701 2122
f 4476 2122 4477
f 4477 2122 2126
f 4477 2126 2130
f 2070 1665 2129
f 2129 1665 1666
f 2129 1666 1667
f 2130 2131 4477
f 4477 2131 2132
f 4477 2132 4463
f 2132 1662 4463
f 4463 1662 1663
f 4463 1663 2070
f 2070 1663 1664
f 2070 1664 1665
f 1779 1780 2133
f 2133 1780 1781
f 4462 1776 2136
f 2136 1776 1777
f 2136 1777 1778
f 2070 1782 2137
f 2137 2138 2070
f 2070 2138 2139
f 2070 2139 4464
f 4464 2139 2140
f 4464 2140 4462
f 4462 2140 2141
f 4462 2141 1776
f 2144 2136 2133
f 2133 2136 1778
f 2133 1778 1779
f 4459 4461 1739
f 1744 2142 2133
f 2133 2142 2143
f 2133 2143 2144
f 2144 2145 2136
f 2136 2145 2146
f 2136 2146 4461
f 4461 2146 1738
f 4461 1738 1739
f 1739 1740 4459
f 4459 1740 1741
f 4459 1741 2067
f 2067 1741 1742
f 2067 1742 1743
f 1858 2148 2149
f 2149 2148 2150
f 2149 2150 2067
f 2067 2150 2151
f 2067 2151 2152
f 4460 1854 4457
f 4457 1854 1855
f 4457 1855 2064
f 2064 1855 1856
f 2064 1856 1857
f 2152 2153 2067
f 2067 2153 1852
f 2067 1852 4460
f 4460 1852 1853
f 4460 1853 1854
f 1818 1819 2154
f 2155 2064 2156
f 4458 1815 4478
f 4478 1815 1816
f 1818 2154 1817
f 1820 2158 2156
f 2156 2158 2159
f 2156 2159 2155
f 2155 2160 2064
f 2064 2160 2161
f 2064 2161 4458
f 4458 2161 1814
f 4458 1814 1815
f 1930 4479 1929
f 1929 4479 4480
f 1929 4480 1928
f 1816 1817 4478
f 4478 1817 2154
f 4478 2154 4480
f 4480 2154 2165
f 4480 2165 1928
f 1931 1932 2061
f 2061 1932 1933
f 2061 1933 2162
f 2162 1933 1934
f 2162 1934 2163
f 2163 2166 2162
f 2162 2166 2167
f 2162 2167 2154
f 2154 2167 2168
f 2154 2168 2165
f 1930 1931 4479
f 4479 1931 2061
f 4479 2061 4481
f 4481 2061 4455
f 4482 4483 2058
f 2058 4483 1896
f 2058 1896 2174
f 2169 2162 2171
f 2171 2162 2058
f 2171 2058 2172
f 2172 2058 2174
f 1891 2061 1890
f 1890 2061 2162
f 1890 2162 2170
f 2170 2162 2169
f 1891 1892 2061
f 2061 1892 1893
f 2061 1893 4456
f 4456 1893 1894
f 4456 1894 4483
f 4483 1894 1895
f 4483 1895 1896
f 1396 1397 2058
f 1402 4484 1401
f 1401 4484 4482
f 2176 2177 2178
f 2178 2177 2179
f 2178 2179 2182
f 2182 2179 2181
f 1396 2058 2180
f 1397 1398 2058
f 2058 1398 1399
f 2058 1399 4482
f 4482 1399 1400
f 4482 1400 1401
f 4485 4486 2055
f 2055 4486 2188
f 2188 2189 2055
f 2055 2189 2184
f 2055 2184 2185
f 2185 2184 2186
f 2185 2186 2187
f 1360 2179 1359
f 1359 2179 1358
f 1402 2181 4484
f 4484 2181 2179
f 4484 2179 4487
f 4487 2179 1360
f 4487 1360 1361
f 1361 1362 4487
f 4487 1362 1363
f 4487 1363 4486
f 4486 1363 1364
f 4486 1364 2188
f 4488 1478 2079
f 2079 1478 2190
f 2190 2192 2079
f 2079 2192 2080
f 2079 2080 1437
f 1437 2080 1436
f 2055 1475 4485
f 4485 1475 1476
f 4485 1476 4488
f 4488 1476 1477
f 4488 1477 1478
f 2192 2193 2080
f 2080 2193 2194
f 2080 2194 2195
f 1472 1473 2055
f 2055 1473 1474
f 2055 1474 1475
f 2100 1510 2072
f 2072 1510 2094
f 2072 2094 2103
f 2103 2094 2196
f 2103 2196 2113
f 2113 2196 2121
f 2113 2121 1705
f 1705 2121 1704
f 2176 2180 2177
f 2177 2180 2058
f 2177 2058 2197
f 2197 2058 2162
f 2197 2162 2156
f 2156 2162 2154
f 2156 2154 1820
f 1820 2154 1819
f 2091 1548 2090
f 2090 1548 2092
f 2090 2092 2094
f 2094 2092 2198
f 2094 2198 2196
f 2196 2198 2199
f 2196 2199 2121
f 2121 2199 2200
f 2121 2200 2122
f 2122 2200 2129
f 2122 2129 1668
f 1668 2129 1667
f 2187 1358 2185
f 2185 1358 2179
f 2185 2179 2201
f 2201 2179 2177
f 2201 2177 2202
f 2202 2177 2197
f 2202 2197 2203
f 2203 2197 2156
f 2203 2156 2149
f 2149 2156 2064
f 2149 2064 1858
f 1858 2064 1857
f 2085 1434 2076
f 2076 1434 2080
f 2076 2080 2092
f 2092 2080 2204
f 2092 2204 2198
f 2198 2204 2205
f 2198 2205 2199
f 2199 2205 2206
f 2199 2206 2200
f 2200 2206 2207
f 2200 2207 2129
f 2129 2207 2208
f 2129 2208 2070
f 2070 2208 2133
f 2070 2133 1782
f 1782 2133 1781
f 2195 1472 2080
f 2080 1472 2055
f 2080 2055 2204
f 2204 2055 2185
f 2204 2185 2205
f 2205 2185 2201
f 2205 2201 2206
f 2206 2201 2202
f 2206 2202 2207
f 2207 2202 2203
f 2207 2203 2208
f 2208 2203 2149
f 2208 2149 2133
f 2133 2149 2067
f 2133 2067 1744
f 1744 2067 1743
f 2209 2134 4489
f 4489 2134 4461
f 4489 4461 4490
f 4461 4459 4490
f 4490 4459 4460
f 4490 4460 4491
f 4460 4457 4491
f 4491 4457 4458
f 4491 4458 4492
f 4492 4458 4478
f 4492 4478 4493
f 4478 4480 4493
f 4493 4480 4479
f 4493 4479 4494
f 4494 4479 4481
f 4494 4481 4495
f 4481 4455 4495
f 4495 4455 4456
f 4495 4456 4496
f 4496 4456 4483
f 4496 4483 4497
f 4497 4483 4482
f 4497 4482 4498
f 4482 4484 4498
f 4498 4484 4487
f 4498 4487 4499
f 4487 4486 4499
f 4499 4486 4485
f 4499 4485 4500
f 4500 4485 4488
f 4500 4488 2221
f 2221 4488 2079
f 4496 4501 4495
f 4495 4501 4502
f 4495 4502 4494
f 4494 4502 4503
f 4494 4503 4493
f 4493 4503 4504
f 4493 4504 4492
f 4492 4504 4505
f 4492 4505 4491
f 4491 4505 4506
f 4491 4506 4490
f 4490 4506 4507
f 4490 4507 4489
f 4489 4507 4508
f 4489 4508 2209
f 2209 4508 4509
f 2209 4509 4510
f 4510 4509 4511
f 4510 4511 4512
f 4512 4511 4513
f 4512 4513 4514
f 4514 4513 4515
f 4514 4515 4516
f 4516 4515 4517
f 4516 4517 4518
f 4518 4517 4519
f 4518 4519 4520
f 4520 4519 4521
f 4520 4521 4522
f 4522 4521 4523
f 4522 4523 4524
f 4524 4523 4525
f 4524 4525 4526
f 4526 4525 4527
f 4526 4527 4528
f 4528 4527 4529
f 4528 4529 4530
f 4530 4529 4531
f 4530 4531 4532
f 4532 4531 4533
f 4532 4533 2221
f 2221 4533 4534
f 2221 4534 4500
f 4500 4534 4535
f 4500 4535 4499
f 4499 4535 4536
f 4499 4536 4498
f 4498 4536 4537
f 4498 4537 4497
f 4497 4537 4538
f 4497 4538 4496
f 4496 4538 4501
f 4509 4539 4540
f 4509 4540 4511
f 4511 4540 4541
f 4511 4541 4513
f 4513 4541 4542
f 4513 4542 4515
f 4515 4542 4543
f 4515 4543 4517
f 4517 4543 4544
f 4517 4544 4519
f 4519 4544 4545
f 4519 4545 4521
f 4521 4545 4546
f 4521 4546 4523
f 4523 4546 4547
f 4523 4547 4525
f 4525 4547 4548
f 4525 4548 4527
f 4527 4548 4549
f 4527 4549 4529
f 4529 4549 4550
f 4529 4550 4531
f 4531 4550 4551
f 4531 4551 4533
f 4533 4551 4552
f 4533 4552 4534
f 4553 4554 1172
f 1172 4555 4553
f 4553 4555 4556
f 4553 4556 4557
f 4557 4556 4558
f 4557 4558 4559
f 4558 2232 4559
f 4559 2232 4560
f 4559 4560 4561
f 4560 4562 4561
f 4561 4562 4563
f 4561 4563 4564
f 4564 4563 4565
f 4564 4565 4566
f 4566 4565 2239
f 2239 4567 4566
f 4566 4567 2230
f 4566 2230 4568
f 4568 2230 4569
f 4568 4569 4570
f 4569 4571 4570
f 4570 4571 2302
f 4570 2302 4572
f 4572 2302 4573
f 4572 4573 4574
f 4573 4575 4574
f 4574 4575 4576
f 4574 4576 4577
f 4577 4576 2298
f 4577 2298 4578
f 2298 4579 4578
f 4578 4579 4580
f 4578 4580 4581
f 4581 4580 4582
f 4581 4582 4583
f 4582 2294 4583
f 4583 2294 4584
f 4583 4584 4585
f 4584 4586 4585
f 4585 4586 4587
f 4585 4587 4588
f 4588 4587 4589
f 4588 4589 4590
f 4590 4589 2290
f 2290 4591 4590
f 4590 4591 4592
f 4590 4592 4593
f 4593 4592 4594
f 4593 4594 4595
f 4594 4596 4595
f 4595 4596 2286
f 4595 2286 4597
f 4597 2286 4598
f 4597 4598 4599
f 2281 4600 4601
f 4601 4600 4599
f 4601 4599 2283
f 2283 4599 4598
f 4600 4602 4599
f 4599 4602 4603
f 4599 4603 4597
f 4597 4603 4604
f 4597 4604 4595
f 4595 4604 4605
f 4595 4605 4593
f 4593 4605 4606
f 4593 4606 4590
f 4590 4606 4607
f 4590 4607 4588
f 4588 4607 4608
f 4588 4608 4585
f 4585 4608 4609
f 4585 4609 4583
f 4583 4609 4610
f 4583 4610 4581
f 4581 4610 4611
f 4581 4611 4578
f 4578 4611 4612
f 4578 4612 4577
f 4577 4612 4613
f 4577 4613 4574
f 4574 4613 4614
f 4574 4614 4572
f 4572 4614 4615
f 4572 4615 4570
f 4570 4615 4616
f 4570 4616 4568
f 4568 4616 4617
f 4568 4617 4566
f 4566 4617 4618
f 4566 4618 4564
f 4564 4618 4619
f 4564 4619 4561
f 4561 4619 4620
f 4561 4620 4559
f 4559 4620 4621
f 4559 4621 4557
f 4557 4621 4622
f 4557 4622 4553
f 4553 4622 4623
f 4553 4623 4554
f 4554 4623 4624
f 4602 4625 4603
f 4603 4625 4626
f 4603 4626 4604
f 4604 4626 4627
f 4604 4627 4605
f 4605 4627 4628
f 4605 4628 4606
f 4606 4628 4629
f 4606 4629 4607
f 4607 4629 4630
f 4607 4630 4608
f 4608 4630 4631
f 4608 4631 4609
f 4609 4631 4632
f 4609 4632 4610
f 4610 4632 4633
f 4610 4633 4611
f 4611 4633 4634
f 4611 4634 4612
f 4612 4634 4635
f 4612 4635 4613
f 4613 4635 4636
f 4613 4636 4614
f 4614 4636 4637
f 4614 4637 4615
f 4615 4637 4638
f 4615 4638 4616
f 4616 4638 4639
f 4616 4639 4617
f 4617 4639 4640
f 4617 4640 4618
f 4618 4640 4641
f 4618 4641 4619
f 4619 4641 4642
f 4619 4642 4620
f 4620 4642 4643
f 4620 4643 4621
f 4621 4643 4644
f 4621 4644 4622
f 4622 4644 4645
f 4622 4645 4623
f 4623 4645 4646
f 4623 4646 4624
f 4624 4646 4647
f 4625 4648 4626
f 4626 4648 4649
f 4626 4649 4627
f 4627 4649 4650
f 4627 4650 4628
f 4628 4650 4651
f 4628 4651 4629
f 4629 4651 4652
f 4629 4652 4630
f 4630 4652 4653
f 4630 4653 4631
f 4631 4653 4654
f 4631 4654 4632
f 4632 4654 4655
f 4632 4655 4633
f 4633 4655 4656
f 4633 4656 4634
f 4634 4656 4657
f 4634 4657 4635
f 4635 4657 4658
f 4635 4658 4636
f 4636 4658 4659
f 4636 4659 4637
f 4637 4659 4660
f 4637 4660 4638
f 4638 4660 4661
f 4638 4661 4639
f 4639 4661 4662
f 4639 4662 4640
f 4640 4662 4663
f 4640 4663 4641
f 4641 4663 4664
f 4641 4664 4642
f 4642 4664 4665
f 4642 4665 4643
f 4643 4665 4666
f 4643 4666 4644
f 4644 4666 4667
f 4644 4667 4645
f 4645 4667 4668
f 4645 4668 4646
f 4646 4668 4669
f 4646 4669 4647
f 4647 4669 4670
f 4648 4671 4649
f 4649 4671 4672
f 4649 4672 4650
f 4650 4672 4673
f 4650 4673 4651
f 4651 4673 4674
f 4651 4674 4652
f 4652 4674 4675
f 4652 4675 4653
f 4653 4675 4676
f 4653 4676 4654
f 4654 4676 4677
f 4654 4677 4655
f 4655 4677 4678
f 4655 4678 4656
f 4656 4678 4679
f 4656 4679 4657
f 4657 4679 4680
f 4657 4680 4658
f 4658 4680 4681
f 4658 4681 4659
f 4659 4681 4682
f 4659 4682 4660
f 4660 4682 4683
f 4660 4683 4661
f 4661 4683 4684
f 4661 4684 4662
f 4662 4684 4685
f 4662 4685 4663
f 4663 4685 4686
f 4663 4686 4664
f 4664 4686 4687
f 4664 4687 4665
f 4665 4687 4688
f 4665 4688 4666
f 4666 4688 4689
f 4666 4689 4667
f 4667 4689 4690
f 4667 4690 4668
f 4668 4690 4691
f 4668 4691 4669
f 4669 4691 4692
f 4669 4692 4670
f 4670 4692 4693
f 4671 4694 4672
f 4672 4694 4695
f 4672 4695 4673
f 4673 4695 4696
f 4673 4696 4674
f 4674 4696 4697
f 4674 4697 4675
f 4675 4697 4698
f 4675 4698 4676
f 4676 4698 4699
f 4676 4699 4677
f 4677 4699 4700
f 4677 4700 4678
f 4678 4700 4701
f 4678 4701 4679
f 4679 4701 4702
f 4679 4702 4680
f 4680 4702 4703
f 4680 4703 4681
f 4681 4703 4704
f 4681 4704 4682
f 4682 4704 4705
f 4682 4705 4683
f 4683 4705 4706
f 4683 4706 4684
f 4684 4706 4707
f 4684 4707 4685
f 4685 4707 4708
f 4685 4708 4686
f 4686 4708 4709
f 4686 4709 4687
f 4687 4709 4710
f 4687 4710 4688
f 4688 4710 4711
f 4688 4711 4689
f 4689 4711 4712
f 4689 4712 4690
f 4690 4712 4713
f 4690 4713 4691
f 4691 4713 4714
f 4691 4714 4692
f 4692 4714 4715
f 4692 4715 4693
f 4693 4715 4716
f 1325 2281 1323
f 1323 2281 4601
f 4601 2283 1323
f 1323 2283 4598
f 1323 4598 1321
f 4598 2286 1321
f 1321 2286 4596
f 1321 4596 1319
f 4596 4594 1319
f 1319 4594 4592
f 1319 4592 1317
f 1317 4592 4591
f 4591 2290 1317
f 1317 2290 4589
f 1317 4589 1315
f 4589 4587 1315
f 1315 4587 4586
f 1315 4586 1313
f 4586 4584 1313
f 1313 4584 2294
f 1313 2294 1311
f 1311 2294 4582
f 4582 4580 1311
f 1311 4580 4579
f 1311 4579 1309
f 1309 4579 2298
f 1309 2298 1307
f 1307 2298 4576
f 4576 4575 1307
f 1307 4575 4573
f 1307 4573 1305
f 4573 2302 1305
f 1305 2302 4571
f 1305 4571 1303
f 4571 4569 1303
f 1303 4569 2230
f 1303 2230 1301
f 1301 2230 4567
f 4567 2239 1301
f 1301 2239 4565
f 1301 4565 1299
f 4565 4563 1299
f 1299 4563 4562
f 1299 4562 1297
f 4562 4560 1297
f 1297 4560 2232
f 1297 2232 1295
f 1295 2232 4558
f 1172 1293 4555
f 4555 1293 1295
f 4555 1295 4556
f 4556 1295 4558
f 4717 4703 4718
f 4718 4703 4702
f 4718 4702 4719
f 4720 4705 4717
f 4717 4705 4704
f 4717 4704 4703
f 4552 4715 4721
f 4721 4715 4714
f 4721 4714 4722
f 4549 4723 4550
f 4550 4723 4724
f 4550 4724 4551
f 4546 4725 4547
f 4547 4725 4726
f 4547 4726 4548
f 4542 4727 4543
f 4543 4727 4728
f 4543 4728 4544
f 4539 4729 4540
f 4540 4729 4730
f 4540 4730 4541
f 4702 4701 4719
f 4719 4701 4700
f 4719 4700 4731
f 4732 4707 4720
f 4720 4707 4706
f 4720 4706 4705
f 4733 4710 4734
f 4734 4710 4709
f 4734 4709 4732
f 4732 4709 4708
f 4732 4708 4707
f 4714 4713 4722
f 4722 4713 4712
f 4722 4712 4733
f 4733 4712 4711
f 4733 4711 4710
f 4724 4735 4551
f 4551 4735 4736
f 4551 4736 4552
f 4552 4736 4716
f 4552 4716 4715
f 4545 4737 4546
f 4546 4737 4738
f 4546 4738 4725
f 4730 4739 4541
f 4541 4739 4740
f 4541 4740 4542
f 4542 4740 4741
f 4542 4741 4727
f 4726 4742 4548
f 4548 4742 4743
f 4548 4743 4549
f 4549 4743 4744
f 4549 4744 4723
f 4728 4745 4544
f 4544 4745 4746
f 4544 4746 4545
f 4545 4746 4747
f 4545 4747 4737
f 4748 4695 4539
f 4539 4695 4694
f 4539 4694 4729
f 4700 4699 4731
f 4731 4699 4698
f 4731 4698 4749
f 4749 4698 4697
f 4749 4697 4748
f 4748 4697 4696
f 4748 4696 4695
f 2304 2305 2306
f 2306 2305 2307
f 2306 2307 2308
f 2308 2307 2309
f 2308 2309 2310
f 2310 2309 2311
f 2310 2311 2312
f 2312 2311 2313
f 2312 2313 2314
f 2315 2316 2317
f 2318 2304 2319
f 2319 2304 2306
f 2319 2306 2320
f 2321 2318 2322
f 2322 2318 2319
f 2322 2319 2323
f 2323 2319 2320
f 2323 2320 2324
f 2324 2320 2310
f 2324 2310 2317
f 2317 2310 2312
f 2317 2312 2315
f 2315 2312 2314
f 2316 2325 2317
f 2317 2325 2326
f 2317 2326 2324
f 2324 2326 2327
f 2324 2327 2328
f 2328 2327 2329
f 2328 2329 2322
f 2330 2321 2331
f 2331 2321 2322
f 2331 2322 2332
f 2332 2322 2329
f 2331 2332 2333
f 2334 2335 2336
f 2337 2330 2331
f 2327 2326 2338
f 2326 2325 2338
f 2338 2325 2339
f 2338 2339 2340
f 2327 2338 2329
f 2329 2338 2341
f 2329 2341 2332
f 2332 2341 2342
f 2332 2342 2333
f 2343 2334 2344
f 2344 2334 2336
f 2344 2336 2345
f 2338 2346 2341
f 2341 2346 2347
f 2341 2347 2342
f 2342 2347 2345
f 2342 2345 2333
f 2333 2345 2336
f 2333 2336 2331
f 2331 2336 2335
f 2331 2335 2337
f 2340 2348 2338
f 2338 2348 2349
f 2338 2349 2346
f 2346 2349 2347
f 2347 2349 2350
f 2347 2350 2345
f 2345 2350 2351
f 2345 2351 2344
f 2344 2351 2352
f 2344 2352 2343
f 2353 2354 2355
f 2353 2355 2356
f 2356 2355 2357
f 2356 2357 2358
f 2358 2357 2359
f 2358 2359 2360
f 2360 2359 2361
f 2360 2361 2362
f 2362 2361 2363
f 2362 2363 2364
f 2365 2366 2367
f 2368 2369 2370
f 2366 2371 2372
f 2373 2374 2375
f 2375 2374 2370
f 2370 2369 2375
f 2375 2369 2376
f 2375 2376 2377
f 2357 2378 2359
f 2359 2378 2367
f 2359 2367 2361
f 2361 2367 2366
f 2361 2366 2363
f 2363 2366 2372
f 2363 2372 2364
f 2354 2368 2355
f 2355 2368 2370
f 2355 2370 2357
f 2357 2370 2374
f 2357 2374 2378
f 2378 2374 2373
f 2378 2373 2367
f 2367 2373 2379
f 2367 2379 2365
f 2377 2380 2375
f 2375 2380 2381
f 2375 2381 2373
f 2373 2381 2379
f 2379 2381 2382
f 2379 2382 2365
f 2365 2382 2383
f 2365 2383 2366
f 2366 2383 2384
f 2366 2384 2371
f 2385 2386 2387
f 2387 2386 2388
f 2387 2388 2389
f 2389 2388 2390
f 2389 2390 2391
f 2391 2390 2392
f 2393 2394 2395
f 2395 2394 2396
f 2395 2396 2397
f 2397 2396 2398
f 2397 2398 2399
f 2399 2398 2400
f 2401 2402 2403
f 2403 2402 2404
f 2403 2404 2405
f 2405 2404 2406
f 2405 2406 2407
f 2407 2406 2408
f 2409 2410 2411
f 2411 2410 2412
f 2411 2412 2413
f 2413 2412 2414
f 2413 2414 2415
f 2415 2414 2416
f 2417 2418 2419
f 2419 2418 2420
f 2419 2420 2421
f 2421 2420 2422
f 2421 2422 2423
f 2423 2422 2424
f 2423 2424 2425
f 2425 2424 2426
f 2427 2428 2429
f 2429 2428 2430
f 2429 2430 2431
f 2431 2430 2432
f 2431 2432 2433
f 2433 2432 2434
f 2433 2434 2435
f 2435 2434 2436
f 2439 2437 4750
f 4750 2437 2409
f 2309 2307 2305
f 2421 2423 2419
f 2419 2423 2425
f 2419 2425 2417
f 2417 2425 4750
f 2417 4750 2415
f 2415 4750 2409
f 2415 2409 2413
f 2413 2409 2411
f 4750 4751 2439
f 2439 4751 4752
f 2439 4752 2441
f 2441 4752 4753
f 2441 4753 2443
f 2443 4753 4754
f 2443 4754 2391
f 2391 4754 4755
f 2391 4755 2389
f 2389 4755 2387
f 2311 2309 2313
f 2313 2309 2305
f 2313 2305 4755
f 4755 2305 2385
f 4755 2385 2387
f 2417 2415 2418
f 2418 2415 2416
f 2305 2304 2446
f 2446 2447 2305
f 2305 2447 2448
f 2305 2448 2385
f 2385 2448 2449
f 2449 2450 2385
f 2385 2450 2451
f 2385 2451 2386
f 2386 2451 2452
f 2386 2452 2453
f 2454 2455 2386
f 2343 2352 2456
f 2456 2352 2457
f 2458 2453 2459
f 2459 2453 2460
f 2459 2460 2461
f 2461 2460 2462
f 2461 2462 2330
f 2330 2462 2463
f 2330 2463 2321
f 2386 2455 2352
f 2352 2455 2464
f 2352 2464 2457
f 2458 2465 2453
f 2453 2465 2466
f 2453 2466 2386
f 2386 2466 2467
f 2386 2467 2454
f 2407 2468 4756
f 4756 2468 4757
f 4757 2468 2470
f 4757 2470 4758
f 4758 2470 2473
f 4758 2473 4759
f 4759 2473 4760
f 4760 2473 2475
f 4760 2475 4761
f 4761 2475 2393
f 4761 2393 2395
f 2429 2431 2427
f 2427 2431 2433
f 2427 2433 2435
f 2403 2405 2401
f 2401 2405 2407
f 2401 2407 2435
f 2435 2407 4756
f 2435 4756 2427
f 2358 2360 2356
f 2356 2360 2362
f 2356 2362 2353
f 2353 2362 4761
f 2353 4761 2399
f 2399 4761 2395
f 2399 2395 2397
f 2436 2402 2435
f 2435 2402 2401
f 2477 2354 2353
f 2478 2479 2399
f 2380 2377 2480
f 2480 2481 2380
f 2380 2481 2482
f 2380 2482 2400
f 2400 2482 2483
f 2399 2479 2353
f 2353 2479 2484
f 2353 2484 2477
f 2483 2485 2400
f 2400 2485 2486
f 2400 2486 2399
f 2399 2486 2487
f 2399 2487 2478
f 2488 2489 2490
f 2490 2489 2491
f 2490 2491 2492
f 2493 2494 2495
f 2495 2494 2496
f 2495 2496 2497
f 2497 2496 2498
f 2497 2498 2499
f 2499 2498 2500
f 2499 2500 2501
f 2501 2500 2502
f 2501 2502 2503
f 2503 2502 2504
f 2503 2504 2505
f 2505 2504 2506
f 2505 2506 2490
f 2490 2506 2507
f 2490 2507 2488
f 2488 2507 2508
f 2509 2510 2511
f 2512 2513 2514
f 2513 2515 2514
f 2514 2515 2516
f 2514 2516 2517
f 2517 2516 2518
f 2517 2518 2519
f 2519 2518 2520
f 2519 2520 2521
f 2521 2520 2522
f 2521 2522 2523
f 2523 2522 2524
f 2523 2524 2525
f 2525 2524 2526
f 2525 2526 2527
f 2527 2526 2528
f 2527 2529 2525
f 2525 2529 2530
f 2525 2530 2523
f 2523 2530 2531
f 2523 2531 2521
f 2521 2531 2532
f 2521 2532 2519
f 2519 2532 2533
f 2519 2533 2517
f 2517 2533 2534
f 2517 2534 2514
f 2514 2534 2535
f 2536 2537 2535
f 2535 2537 2538
f 2535 2538 2514
f 2514 2538 2539
f 2514 2539 2512
f 2509 2511 2540
f 2541 2536 2542
f 2542 2536 2535
f 2542 2535 2543
f 2543 2535 2534
f 2543 2534 2544
f 2544 2534 2533
f 2544 2533 2545
f 2545 2533 2532
f 2545 2532 2546
f 2546 2532 2531
f 2546 2531 2547
f 2547 2531 2530
f 2547 2530 2511
f 2511 2530 2529
f 2511 2529 2540
f 2540 2529 2527
f 2540 2527 2548
f 2548 2527 2528
f 2548 2528 2549
f 2492 2541 2490
f 2490 2541 2542
f 2490 2542 2505
f 2505 2542 2543
f 2505 2543 2503
f 2503 2543 2544
f 2503 2544 2501
f 2501 2544 2545
f 2501 2545 2499
f 2499 2545 2546
f 2499 2546 2497
f 2497 2546 2547
f 2497 2547 2495
f 2495 2547 2511
f 2495 2511 2493
f 2493 2511 2510
f 2550 2551 2552
f 2552 2551 2494
f 2552 2494 2493
f 2553 2554 2555
f 2556 2554 2553
f 2557 2556 2553
f 2553 2558 2559
f 2560 2558 2553
f 2555 2560 2553
f 2561 2562 2563
f 2564 2562 2561
f 2565 2564 2561
f 2561 2566 2567
f 2568 2566 2561
f 2563 2568 2561
f 2549 2572 2573
f 2583 2584 2580
f 2570 4762 4763
f 4762 2570 4764
f 4764 2570 2597
f 4764 2597 4765
f 2584 4766 2580
f 2580 4766 4767
f 2580 4767 2578
f 2578 4767 4768
f 2578 4768 2576
f 2576 4768 4769
f 2576 4769 2596
f 4770 4771 2585
f 2585 4771 4772
f 2585 4772 2573
f 2573 4772 4773
f 2573 4773 2549
f 2592 2569 2591
f 2591 2569 2571
f 2591 2571 2590
f 2549 2582 2572
f 2572 2582 2593
f 2572 2593 2573
f 2573 2593 2594
f 2573 2594 2585
f 2585 2594 2595
f 4769 4765 2596
f 2596 4765 2597
f 2596 2597 2569
f 2569 2597 2570
f 2569 2570 2571
f 2571 2570 4763
f 2571 4763 2590
f 2592 4770 2569
f 2569 4770 2585
f 2569 2585 2596
f 2596 2585 2595
f 2596 2595 2576
f 2576 2595 2594
f 2576 2594 2578
f 2578 2594 2593
f 2578 2593 2580
f 2580 2593 2582
f 2580 2582 2583
f 2601 4771 4770
f 2552 2493 2510
f 2550 2552 2602
f 2602 2552 2510
f 2602 2510 2603
f 2604 2605 2606
f 2606 2605 2607
f 2606 2607 2608
f 2609 2610 2611
f 2611 2610 2612
f 2601 4770 2613
f 4773 2609 2549
f 2549 2609 2611
f 2549 2611 2548
f 2548 2611 2612
f 2548 2612 2540
f 2509 2540 2614
f 2614 2540 2612
f 2614 2612 2615
f 2615 2612 2610
f 2615 2610 2616
f 2616 2610 2609
f 2616 2609 2617
f 2617 2609 4773
f 2617 4773 4772
f 2591 2607 2592
f 2592 2607 2605
f 2592 2605 4770
f 4770 2605 2604
f 4770 2604 2613
f 2613 2604 2606
f 2613 2606 2618
f 2618 2606 2619
f 2618 2619 2620
f 2510 2509 2603
f 2603 2509 2614
f 2603 2614 2620
f 2620 2614 2615
f 2620 2615 2618
f 2618 2615 2616
f 2618 2616 2613
f 2613 2616 2617
f 2613 2617 2601
f 2601 2617 4772
f 2601 4772 4771
f 2608 2621 2606
f 2606 2621 2619
f 2619 2621 2622
f 2623 2624 2625
f 2626 2603 2620
f 2623 2625 2627
f 2627 2625 2628
f 2627 2628 2629
f 2629 2628 2630
f 2629 2630 2631
f 2631 2630 2632
f 2631 2632 2633
f 2633 2632 2626
f 2633 2626 2622
f 2622 2626 2620
f 2622 2620 2619
f 2634 2635 2369
f 2486 2636 2487
f 2487 2636 2637
f 2487 2637 2478
f 2478 2637 2638
f 2478 2638 2479
f 2479 2638 2639
f 2479 2639 2484
f 2484 2639 2640
f 2484 2640 2477
f 2477 2640 2641
f 2477 2641 2354
f 2354 2641 2634
f 2354 2634 2368
f 2368 2634 2369
f 2557 2642 2556
f 2556 2642 2643
f 2556 2643 2554
f 2554 2643 2644
f 2554 2644 2555
f 2555 2644 2645
f 2555 2645 2560
f 2560 2645 2646
f 2560 2646 2558
f 2558 2646 2647
f 2558 2647 2559
f 2559 2647 2648
f 2565 2649 2564
f 2564 2649 2650
f 2564 2650 2562
f 2562 2650 2651
f 2562 2651 2563
f 2563 2651 2652
f 2563 2652 2568
f 2568 2652 2653
f 2568 2653 2566
f 2566 2653 2654
f 2566 2654 2567
f 2567 2654 2655
f 2656 2657 2658
f 2658 2657 2659
f 2658 2659 2660
f 2661 2662 4774
f 2658 2660 4775
f 2664 2665 2666
f 4774 2662 2664
f 2664 2662 2667
f 2664 2667 2665
f 4774 4776 2661
f 2661 4776 2669
f 2661 2669 2670
f 2656 2658 2666
f 2666 2658 4775
f 2666 4775 2664
f 2664 4775 4777
f 2664 4777 4774
f 2657 2656 2672
f 2672 2656 2673
f 2672 2673 2674
f 2674 2673 2675
f 2674 2675 2676
f 2676 2675 2677
f 2676 2677 2678
f 2678 2677 2679
f 2678 2679 2680
f 2680 2679 2681
f 2680 2681 2682
f 2682 2681 2683
f 2682 2683 2684
f 2684 2683 2685
f 2686 2687 2685
f 2685 2687 2688
f 2685 2688 2684
f 2684 2688 2689
f 2684 2689 2690
f 2665 2667 2691
f 2662 2661 2692
f 4778 2724 2723
f 4778 2723 2716
f 2692 2696 2697
f 2697 2696 2698
f 2697 2698 2699
f 2699 2698 2700
f 2699 2700 2701
f 2701 2700 2702
f 2701 2702 2703
f 2703 2702 2704
f 2703 2704 2705
f 2705 2704 2693
f 2705 2693 2706
f 2670 4779 2661
f 2661 4779 2708
f 2661 2708 2692
f 2692 2708 2709
f 2692 2709 2696
f 2667 2662 2691
f 2691 2662 2692
f 2691 2692 2710
f 2710 2692 2697
f 2710 2697 2711
f 2711 2697 2699
f 2711 2699 2712
f 2712 2699 2701
f 2712 2701 2713
f 2713 2701 2703
f 2713 2703 2714
f 2714 2703 2705
f 2714 2705 2715
f 2715 2705 2706
f 2666 2665 2717
f 2717 2665 2691
f 2717 2691 2718
f 2718 2691 2710
f 2718 2710 2719
f 2719 2710 2711
f 2719 2711 2720
f 2720 2711 2712
f 2720 2712 2721
f 2721 2712 2713
f 2721 2713 2722
f 2722 2713 2714
f 2722 2714 2723
f 2723 2714 2715
f 2723 2715 2716
f 2716 2715 2706
f 2716 2706 2695
f 2695 2706 2693
f 2695 2693 2694
f 2656 2666 2673
f 2673 2666 2717
f 2673 2717 2675
f 2675 2717 2718
f 2675 2718 2677
f 2677 2718 2719
f 2677 2719 2725
f 2725 2719 2720
f 2725 2720 2681
f 2681 2720 2721
f 2681 2721 2683
f 2683 2721 2722
f 2683 2722 2685
f 2685 2722 2723
f 2685 2723 2686
f 2686 2723 2724
f 2726 2590 2727
f 2017 2016 2015
f 2728 2729 2730
f 2730 2729 2726
f 2730 2726 2731
f 2731 2726 2727
f 2018 2732 2733
f 2013 2012 2743
f 2622 2646 2623
f 2623 2646 2645
f 2623 2645 4780
f 4780 2645 2644
f 4780 2644 4781
f 2631 2633 2629
f 2629 2633 2622
f 2629 2622 2627
f 2627 2622 2623
f 2018 2017 2732
f 2732 2017 2015
f 2732 2015 2736
f 2736 2015 2014
f 2736 2014 2737
f 2737 2014 2649
f 2738 2648 2607
f 2607 2648 2647
f 2607 2647 2608
f 2608 2647 2646
f 2608 2646 2621
f 2621 2646 2622
f 2653 2652 4781
f 4781 2652 4782
f 2740 2026 2741
f 2741 2026 2025
f 2644 2643 4781
f 4781 2643 2642
f 4781 2642 2653
f 2653 2642 2020
f 2653 2020 2654
f 2654 2020 2019
f 2654 2019 2655
f 2655 2019 2018
f 2655 2018 2742
f 2742 2018 2733
f 2014 2013 2649
f 2649 2013 2743
f 2649 2743 2650
f 2650 2743 4782
f 2650 4782 2651
f 2651 4782 2652
f 2741 2022 2642
f 2642 2022 2021
f 2642 2021 2020
f 2012 2011 2743
f 2743 2011 2010
f 2743 2010 2744
f 2744 2010 2009
f 2744 2636 2745
f 2025 2024 2741
f 2741 2024 2023
f 2741 2023 2022
f 2745 2746 2744
f 2744 2746 2747
f 2744 2747 2726
f 2636 2744 2637
f 2637 2744 2009
f 2637 2009 2638
f 2638 2009 2008
f 2638 2008 2639
f 2031 2030 2590
f 2590 2030 2029
f 2590 2029 2591
f 2591 2029 2028
f 2591 2028 2027
f 2747 2748 2726
f 2726 2748 2749
f 2726 2749 2590
f 2590 2749 2750
f 2006 2641 2008
f 2008 2641 2640
f 2008 2640 2639
f 2607 2591 2738
f 2738 2591 2027
f 2738 2027 2751
f 2751 2027 2026
f 2751 2026 2752
f 2752 2026 2740
f 2750 2635 2590
f 2590 2635 2634
f 2590 2634 2031
f 2031 2634 2641
f 2031 2641 2007
f 2007 2641 2006
f 2494 2551 2753
f 2753 2551 2754
f 2753 2754 2755
f 2755 2754 2756
f 2756 2754 2757
f 2757 2754 2758
f 2757 2758 2759
f 2759 2758 2760
f 2759 2760 2761
f 2762 2763 2764
f 2764 2763 2765
f 2764 2765 2766
f 2766 2765 2767
f 2766 2767 2760
f 2760 2767 2768
f 2760 2768 2761
f 2762 2764 2769
f 2769 2764 2770
f 2769 2770 2771
f 2771 2770 2772
f 2771 2772 2773
f 2774 2775 2772
f 2772 2775 2776
f 2772 2776 2773
f 2506 2504 2777
f 2504 2502 2778
f 2496 2494 2753
f 2498 2496 2779
f 2779 2496 2753
f 2779 2753 2780
f 2780 2753 2755
f 2759 2781 2757
f 2757 2781 2780
f 2757 2780 2756
f 2756 2780 2755
f 2761 2782 2759
f 2759 2782 2783
f 2759 2783 2781
f 2765 2784 2767
f 2767 2784 2782
f 2767 2782 2768
f 2768 2782 2761
f 2763 2785 2765
f 2765 2785 2786
f 2765 2786 2784
f 2771 2787 2769
f 2769 2787 2785
f 2769 2785 2762
f 2762 2785 2763
f 2773 2788 2771
f 2771 2788 2789
f 2771 2789 2787
f 2773 2776 2788
f 2788 2776 2775
f 2788 2775 2790
f 2502 2500 2791
f 2791 2500 2498
f 2498 2779 2791
f 2791 2779 2780
f 2791 2780 2792
f 2792 2780 2781
f 2792 2781 2793
f 2793 2781 2783
f 2793 2783 2794
f 2794 2783 2782
f 2794 2782 2795
f 2795 2782 2784
f 2795 2784 2796
f 2796 2784 2786
f 2796 2786 2797
f 2797 2786 2785
f 2797 2785 2798
f 2798 2785 2787
f 2798 2787 2799
f 2799 2787 2789
f 2799 2789 2800
f 2800 2789 2788
f 2800 2788 2801
f 2801 2788 2790
f 2801 2790 2802
f 2502 2791 2778
f 2778 2791 2792
f 2778 2792 2803
f 2803 2792 2793
f 2803 2793 2804
f 2804 2793 2794
f 2804 2794 2805
f 2805 2794 2795
f 2805 2795 2806
f 2806 2795 2796
f 2806 2796 2807
f 2807 2796 2797
f 2807 2797 2808
f 2808 2797 2798
f 2808 2798 2809
f 2809 2798 2799
f 2809 2799 2810
f 2810 2799 2800
f 2810 2800 2811
f 2811 2800 2801
f 2811 2801 2812
f 2812 2801 2802
f 2812 2802 2813
f 2504 2778 2777
f 2777 2778 2803
f 2777 2803 2814
f 2814 2803 2804
f 2814 2804 2815
f 2815 2804 2805
f 2815 2805 2816
f 2816 2805 2806
f 2816 2806 2817
f 2817 2806 2807
f 2817 2807 2818
f 2818 2807 2808
f 2818 2808 2819
f 2819 2808 2809
f 2819 2809 2820
f 2820 2809 2810
f 2820 2810 2821
f 2821 2810 2811
f 2821 2811 2822
f 2822 2811 2812
f 2822 2812 2823
f 2823 2812 2813
f 2823 2813 2824
f 2508 2507 2825
f 2825 2507 2506
f 2506 2777 2825
f 2825 2777 2814
f 2825 2814 2826
f 2826 2814 2815
f 2826 2815 2827
f 2827 2815 2816
f 2827 2816 2828
f 2828 2816 2817
f 2828 2817 2829
f 2829 2817 2818
f 2829 2818 2830
f 2830 2818 2819
f 2830 2819 2831
f 2831 2819 2820
f 2831 2820 2832
f 2832 2820 2821
f 2832 2821 2833
f 2833 2821 2822
f 2833 2822 2834
f 2834 2822 2823
f 2834 2823 2835
f 2835 2823 2824
f 2835 2824 2836
f 2508 2825 2837
f 2837 2825 2826
f 2837 2826 2838
f 2838 2826 2827
f 2838 2827 2839
f 2839 2827 2828
f 2839 2828 2840
f 2840 2828 2829
f 2840 2829 2841
f 2841 2829 2830
f 2841 2830 2842
f 2842 2830 2831
f 2842 2831 2843
f 2843 2831 2832
f 2843 2832 2844
f 2844 2832 2833
f 2844 2833 2845
f 2845 2833 2834
f 2845 2834 2846
f 2846 2834 2835
f 2846 2835 2847
f 2847 2835 2836
f 2847 2836 2848
f 4783 2866 2867
f 2853 4784 2852
f 2850 2515 2854
f 2852 4784 2850
f 2850 4784 4785
f 2850 4785 2515
f 4786 2858 4787
f 4787 2858 2860
f 4787 2860 4788
f 4788 2860 2862
f 4788 2862 4789
f 4789 2862 2864
f 4789 2864 4790
f 4791 2871 4792
f 4792 2871 2873
f 4792 2873 4793
f 4793 2873 2875
f 4793 2875 4794
f 2877 2878 2875
f 2875 2878 2879
f 2875 2879 4794
f 4795 4796 2882
f 2882 4796 2694
f 2882 2694 2883
f 2882 4797 4795
f 4795 4797 2880
f 4795 2880 2885
f 2885 2880 2884
f 2885 2884 4798
f 4798 2884 4799
f 2884 2887 2867
f 2867 2887 4800
f 2867 4800 4783
f 4801 4802 2866
f 2866 4802 4803
f 2866 4803 2867
f 2867 4803 4804
f 2867 4804 2884
f 2884 4804 2889
f 2884 2889 4799
f 4783 4805 2866
f 2866 4805 2896
f 2866 2896 4801
f 4801 2896 2897
f 4801 2897 2898
f 2898 2897 2899
f 2898 2899 4806
f 2901 4807 2902
f 2694 2877 2883
f 2883 2877 2903
f 2883 2903 2882
f 2882 2903 2904
f 2882 2904 4797
f 4797 2904 2905
f 4797 2905 2880
f 2880 2905 2906
f 2880 2906 2884
f 2884 2906 2907
f 2884 2907 2887
f 2860 2899 2862
f 2862 2899 2897
f 2862 2897 2864
f 2864 2897 2896
f 2864 2896 4790
f 4790 2896 4805
f 2908 2853 2909
f 2909 2853 2852
f 2909 2852 2910
f 2910 2852 2850
f 2910 2850 2856
f 2856 2850 2854
f 2856 2854 4807
f 4807 2901 2856
f 2856 2901 2911
f 2856 2911 2910
f 2910 2911 2912
f 2910 2912 2909
f 2908 2909 4786
f 4786 2909 2912
f 4786 2912 2858
f 2858 2912 2911
f 2858 2911 2860
f 2860 2911 2901
f 2860 2901 2899
f 2899 2901 2902
f 2899 2902 4806
f 2877 2875 2903
f 2903 2875 2873
f 2903 2873 2904
f 2904 2873 2871
f 2904 2871 2905
f 2905 2871 4791
f 2905 4791 2906
f 2906 4791 4808
f 2906 4808 2907
f 2907 4808 4809
f 2907 4809 2887
f 2887 4809 4810
f 2887 4810 4800
f 4795 2885 2916
f 4811 4812 2919
f 2920 2921 2922
f 2539 2923 2924
f 2923 2539 2538
f 2537 2536 2928
f 2925 2926 4813
f 4813 2926 2928
f 2536 2541 2928
f 2928 2541 2492
f 2928 2492 4813
f 2929 2513 2930
f 2930 2513 2512
f 2932 4778 2716
f 2931 2686 2932
f 2932 2686 2724
f 2932 2724 4778
f 4814 2934 4815
f 4815 2934 2936
f 4815 2936 4816
f 4817 2939 2940
f 2940 2939 2941
f 2940 2941 4818
f 2944 4819 4820
f 4819 2944 4821
f 4821 2944 2948
f 4821 2948 4822
f 2919 4812 2948
f 2948 4812 4823
f 2948 4823 4822
f 2902 2951 2952
f 2953 2898 2952
f 2952 2898 4806
f 2952 4806 2902
f 2951 2902 2954
f 2954 2902 4807
f 2954 4807 2930
f 2930 4807 2854
f 2930 2854 2929
f 2929 2854 2515
f 2929 2515 2513
f 2922 2921 2955
f 2955 2921 2956
f 2955 2956 2934
f 2958 2889 2957
f 2957 2889 4804
f 2920 2694 2921
f 2921 2694 4796
f 2921 4796 2956
f 2916 2885 2959
f 2959 2885 4798
f 2959 4798 2958
f 2958 4798 4799
f 2958 4799 2889
f 4817 2931 2939
f 2939 2931 2932
f 2939 2932 2960
f 2960 2932 2716
f 2960 2716 2695
f 4814 4818 2934
f 2934 4818 2941
f 2934 2941 2955
f 2955 2941 2939
f 2955 2939 2922
f 2922 2939 2960
f 2922 2960 2920
f 2920 2960 2695
f 2920 2695 2694
f 2961 2926 2919
f 2919 2926 2925
f 2919 2925 4811
f 2538 2537 2923
f 2923 2537 2928
f 2923 2928 2924
f 2924 2928 2926
f 2924 2926 2962
f 2962 2926 2961
f 4804 4803 2957
f 2957 4803 4802
f 2957 4802 4801
f 4796 4795 2956
f 2956 4795 2916
f 2956 2916 2934
f 2934 2916 2959
f 2934 2959 2936
f 2936 2959 2958
f 2936 2958 2963
f 2963 2958 2957
f 2963 2957 2953
f 2953 2957 4801
f 2953 4801 2898
f 2512 2539 2930
f 2930 2539 2924
f 2930 2924 2954
f 2954 2924 2962
f 2954 2962 2951
f 2951 2962 2961
f 2951 2961 2952
f 2952 2961 2919
f 2952 2919 2953
f 2953 2919 2948
f 2953 2948 2963
f 2963 2948 2944
f 2963 2944 2936
f 2936 2944 4820
f 2936 4820 4816
f 2848 2836 2964
f 2836 2824 2965
f 2824 2813 2966
f 2813 2802 2967
f 2802 2790 2968
f 2790 2775 2969
f 2790 2969 2968
f 2968 2969 2970
f 2968 2970 2971
f 2970 2972 2971
f 2971 2972 2973
f 2971 2973 2974
f 2974 2973 2975
f 2974 2975 2976
f 2976 2975 2977
f 2976 2977 2978
f 2977 2979 2978
f 2978 2979 2980
f 2978 2980 2981
f 2981 2980 2982
f 2981 2982 2983
f 2983 2982 2984
f 2983 2984 2985
f 2984 2986 2985
f 2985 2986 2987
f 2985 2987 2988
f 2988 2987 2989
f 2988 2989 2990
f 2990 2989 2991
f 2990 2991 2992
f 2992 2991 2993
f 2992 2993 2657
f 2802 2968 2967
f 2967 2968 2971
f 2967 2971 2994
f 2994 2971 2974
f 2994 2974 2995
f 2995 2974 2976
f 2995 2976 2996
f 2996 2976 2978
f 2996 2978 2997
f 2997 2978 2981
f 2997 2981 2998
f 2998 2981 2983
f 2998 2983 2999
f 2999 2983 2985
f 2999 2985 3000
f 3000 2985 2988
f 3000 2988 3001
f 3001 2988 2990
f 3001 2990 3002
f 3002 2990 2992
f 3002 2992 3003
f 2813 2967 2966
f 2966 2967 2994
f 2966 2994 3004
f 3004 2994 2995
f 3004 2995 3005
f 3005 2995 2996
f 3005 2996 3006
f 3006 2996 2997
f 3006 2997 3007
f 3007 2997 2998
f 3007 2998 3008
f 3008 2998 2999
f 3008 2999 3009
f 3009 2999 3000
f 3009 3000 3010
f 3010 3000 3001
f 3010 3001 3011
f 3011 3001 3002
f 3011 3002 3012
f 3012 3002 3003
f 3012 3003 3013
f 2824 2966 2965
f 2965 2966 3004
f 2965 3004 3014
f 3014 3004 3005
f 3014 3005 3015
f 3015 3005 3006
f 3015 3006 3016
f 3016 3006 3007
f 3016 3007 3017
f 3017 3007 3008
f 3017 3008 3018
f 3018 3008 3009
f 3018 3009 3019
f 3019 3009 3010
f 3019 3010 3020
f 3020 3010 3011
f 3020 3011 3021
f 3021 3011 3012
f 3021 3012 3022
f 3022 3012 3013
f 3022 3013 3023
f 2657 2672 2992
f 2992 2672 2674
f 2992 2674 3003
f 3003 2674 2676
f 3003 2676 3013
f 3013 2676 2678
f 3013 2678 3023
f 3023 2678 2680
f 3023 2680 2682
f 2836 2965 2964
f 2964 2965 3014
f 2964 3014 3024
f 3024 3014 3015
f 3024 3015 3025
f 3025 3015 3016
f 3025 3016 3026
f 3026 3016 3017
f 3026 3017 3027
f 3027 3017 3018
f 3027 3018 3028
f 3028 3018 3019
f 3028 3019 3029
f 3029 3019 3020
f 3029 3020 3030
f 3030 3020 3021
f 3030 3021 3031
f 3031 3021 3022
f 3031 3022 3032
f 3032 3022 3023
f 3032 3023 3033
f 3033 3023 2682
f 3033 2682 2684
f 2848 2964 3034
f 3034 2964 3024
f 3034 3024 3035
f 3035 3024 3025
f 3035 3025 3036
f 3036 3025 3026
f 3036 3026 3037
f 3037 3026 3027
f 3037 3027 3038
f 3038 3027 3028
f 3038 3028 3039
f 3039 3028 3029
f 3039 3029 3040
f 3040 3029 3030
f 3040 3030 3041
f 3041 3030 3031
f 3041 3031 3042
f 3042 3031 3032
f 3042 3032 3043
f 3043 3032 3033
f 3043 3033 3044
f 3044 3033 2684
f 3044 2684 2690
f 2659 2657 3045
f 3045 2657 2993
f 2993 2991 3045
f 3045 2991 2989
f 3045 2989 3046
f 3046 2989 2987
f 3046 2987 3047
f 3047 2987 2986
f 2986 2984 3047
f 3047 2984 2982
f 3047 2982 3048
f 3048 2982 2980
f 3048 2980 3049
f 3049 2980 2979
f 2979 2977 3049
f 3049 2977 2975
f 3049 2975 3050
f 3050 2975 2973
f 3050 2973 3051
f 3051 2973 2972
f 2775 2774 2969
f 2969 2774 3051
f 2969 3051 2970
f 2970 3051 2972
f 2528 2526 3052
f 3052 2526 3053
f 3054 3055 3056
f 2518 3057 2520
f 2520 3057 3058
f 2520 3058 2522
f 2522 3058 3059
f 2522 3059 2524
f 3060 2584 3061
f 3061 2584 2583
f 3061 2583 3062
f 3062 2583 2582
f 3062 2582 2549
f 2516 2515 4785
f 2516 4785 3063
f 4785 4784 3063
f 3063 4784 2853
f 3063 2853 3055
f 3055 2853 2908
f 3055 2908 3056
f 2549 2528 3062
f 3062 2528 3052
f 3062 3052 3061
f 3061 3052 3053
f 3061 3053 3060
f 3060 3053 3054
f 3060 3054 3064
f 3064 3054 3056
f 2526 2524 3053
f 3053 2524 3059
f 3053 3059 3054
f 3054 3059 3058
f 3054 3058 3055
f 3055 3058 3057
f 3055 3057 3063
f 3063 3057 2518
f 3063 2518 2516
f 4775 2660 3075
f 2632 2602 2626
f 2626 2602 2603
f 2630 2551 2632
f 2632 2551 2550
f 2632 2550 2602
f 3065 3066 3067
f 3067 3066 3068
f 3069 2660 2659
f 4824 4776 4825
f 4825 4776 4826
f 4824 3073 4776
f 4776 3073 4827
f 4776 4827 2669
f 3068 3075 3067
f 3067 3075 2660
f 3067 2660 3076
f 3076 2660 3069
f 4826 4776 4828
f 4828 4776 4774
f 4828 4774 3075
f 3075 4774 4777
f 3075 4777 4775
f 2628 3078 2630
f 2630 3078 3079
f 2630 3079 2551
f 2551 3079 1326
f 2551 1326 2754
f 2754 1326 1324
f 2754 1324 2758
f 2758 1324 1322
f 2758 1322 2760
f 2760 1322 1320
f 2760 1320 2766
f 2766 1320 1318
f 2766 1318 2764
f 2764 1318 1316
f 2764 1316 2770
f 2770 1316 1314
f 2770 1314 2772
f 2772 1314 1312
f 2772 1312 2774
f 2774 1312 1310
f 2774 1310 3051
f 3051 1310 1308
f 3051 1308 3050
f 3050 1308 1306
f 3050 1306 3049
f 3049 1306 1304
f 3049 1304 3048
f 3048 1304 1302
f 3048 1302 3047
f 3047 1302 1300
f 3047 1300 3046
f 3046 1300 1298
f 3046 1298 3045
f 3045 1298 1296
f 3045 1296 2659
f 2659 1296 1294
f 2659 1294 3069
f 3092 4829 3094
f 3094 4829 4830
f 3094 4830 3096
f 3096 4830 4831
f 3096 4831 3065
f 3065 4831 3098
f 3065 3098 3066
f 2628 2625 3078
f 3078 2625 2624
f 3078 2624 3080
f 3080 2624 4832
f 3080 4832 3082
f 3082 4832 4833
f 3082 4833 3084
f 3084 4833 4834
f 3084 4834 3086
f 3086 4834 4835
f 3086 4835 3088
f 3088 4835 4836
f 3088 4836 3090
f 3090 4836 4837
f 3090 4837 3092
f 3092 4837 4838
f 3092 4838 4829
f 3099 3100 3101
f 3102 3100 3099
f 3103 3102 3099
f 3099 3104 3105
f 3106 3104 3099
f 3101 3106 3099
f 3107 3068 3066
f 3107 3066 3108
f 3108 3066 3098
f 3108 3098 3109
f 3075 3068 3110
f 3110 3068 3107
f 3110 3107 3111
f 3115 2708 4779
f 4779 2670 3115
f 3115 2670 2669
f 3115 2669 4839
f 4839 2669 4827
f 4839 4827 4840
f 4841 4840 3113
f 3114 4825 3121
f 3121 4825 4826
f 3121 4826 4828
f 4840 4827 3113
f 3113 4827 3073
f 3113 3073 3114
f 3114 3073 4824
f 3114 4824 4825
f 4842 4841 3112
f 3112 4841 3113
f 3112 3113 4843
f 4843 3113 3114
f 4843 3114 4844
f 4844 3114 3121
f 4844 3121 3110
f 3110 3121 4828
f 3110 4828 3075
f 3126 4842 4845
f 4845 4842 3112
f 4845 3112 3124
f 3124 3112 4843
f 3124 4843 3122
f 3122 4843 4844
f 3122 4844 3111
f 3111 4844 3110
f 4846 3129 4847
f 4847 3129 3131
f 4847 3131 3132
f 3133 4848 3132
f 4848 3133 3135
f 3135 3133 3136
f 3135 3136 4849
f 4849 3136 3138
f 4849 3138 4850
f 4850 3138 3140
f 4850 3140 4851
f 3142 4841 3127
f 3127 4841 4842
f 3127 4842 3126
f 3143 4839 4840
f 4852 3145 4853
f 4853 3145 3147
f 4853 3147 3148
f 3148 3147 3149
f 3132 3131 3133
f 3133 3131 3142
f 3133 3142 3136
f 3136 3142 3127
f 3136 3127 3138
f 3138 3127 3126
f 3138 3126 3140
f 3140 3126 3150
f 3140 3150 4851
f 4846 3149 3151
f 3151 3149 3147
f 3151 3147 3152
f 3152 3147 3145
f 3152 3145 3143
f 3143 3145 4852
f 3143 4852 4839
f 4839 4852 3115
f 4846 3151 3129
f 3129 3151 3152
f 3129 3152 3131
f 3131 3152 3143
f 3131 3143 3142
f 3142 3143 4840
f 3142 4840 4841
f 2335 3153 2337
f 2337 3153 3154
f 2337 3154 2330
f 2330 3154 3155
f 3156 2467 3157
f 3157 2467 2466
f 3157 2466 3158
f 3158 2466 2465
f 3158 2465 3159
f 3159 2465 2458
f 3159 2458 3160
f 3160 2458 2459
f 3160 2459 3155
f 3155 2459 2461
f 3155 2461 2330
f 3103 3161 3102
f 3102 3161 3162
f 3102 3162 3100
f 3100 3162 3163
f 3100 3163 3101
f 3101 3163 3164
f 3101 3164 3106
f 3106 3164 3165
f 3106 3165 3104
f 3104 3165 3166
f 3104 3166 3105
f 3105 3166 3167
f 2318 3168 2304
f 2304 3168 3169
f 3170 2451 3171
f 3171 2451 2450
f 3171 2450 3172
f 3172 2450 2449
f 3172 2449 3173
f 3173 2449 2448
f 3173 2448 3174
f 3174 2448 2447
f 3174 2447 3169
f 3169 2447 2446
f 3169 2446 2304
f 3175 3176 3177
f 1962 1961 3171
f 3178 1969 3126
f 3154 3153 3150
f 1964 1963 3173
f 3179 3180 3177
f 3177 3180 3181
f 3177 3181 3175
f 1962 3171 1963
f 1963 3171 3172
f 1963 3172 3173
f 3157 3158 3182
f 3182 3158 3159
f 3182 3159 3183
f 3183 3159 3160
f 3183 3160 3155
f 1969 1968 3126
f 3126 1968 1967
f 3126 1967 3150
f 3150 1967 1966
f 3150 3153 3176
f 3176 3153 3184
f 3176 3184 3177
f 3126 4845 3161
f 3161 4845 3162
f 3173 3174 1964
f 1964 3174 3169
f 1964 3169 1965
f 1965 3169 3168
f 1965 3168 1966
f 1966 3168 3183
f 1966 3183 3150
f 3150 3183 3155
f 3150 3155 3154
f 3184 3185 3177
f 3177 3185 3186
f 3177 3186 3187
f 3187 3186 3188
f 3187 3188 3189
f 1976 3167 3166
f 4845 3124 3162
f 3162 3124 3122
f 3162 3122 3163
f 3163 3122 3111
f 3163 3111 3164
f 3164 3111 3107
f 3164 3107 3165
f 3189 3190 3187
f 3187 3190 3156
f 3187 3156 3157
f 3191 3192 1970
f 1970 3192 3193
f 1970 3193 1971
f 1971 3193 3194
f 1971 3194 1972
f 1972 3194 3195
f 1976 1975 3167
f 3167 1975 1974
f 3167 1974 3195
f 3195 1974 1973
f 3195 1973 1972
f 4854 1978 1977
f 3191 1970 3161
f 3161 1970 3197
f 3161 3197 3126
f 3126 3197 3198
f 3126 3198 3178
f 1978 4854 1979
f 1979 4854 3199
f 1979 3199 1960
f 3182 3200 3157
f 3157 3200 3201
f 3157 3201 3187
f 3187 3201 3202
f 3187 3202 3170
f 1977 1976 4854
f 4854 1976 3166
f 4854 3166 3109
f 3109 3166 3165
f 3109 3165 3108
f 3108 3165 3107
f 1960 3199 1959
f 1959 3199 3187
f 1959 3187 1961
f 1961 3187 3170
f 1961 3170 3171
f 2384 2383 4855
f 4855 2383 2382
f 4855 2382 2726
f 2726 2382 2381
f 2726 2381 2380
f 3204 2744 2726
f 2394 3205 2396
f 2396 3205 3204
f 2396 3204 2398
f 2398 3204 2726
f 2398 2726 2400
f 2400 2726 2380
f 2693 2704 3206
f 3206 2704 3207
f 2708 3115 2709
f 2709 3115 4852
f 2709 4852 3208
f 3209 3210 3211
f 2696 3212 2698
f 2698 3212 3213
f 2698 3213 2700
f 2700 3213 3214
f 2700 3214 2702
f 3215 2879 3216
f 3216 2879 2878
f 3216 2878 3217
f 3217 2878 2877
f 3217 2877 2694
f 4852 4853 3208
f 3208 4853 3148
f 3208 3148 3210
f 3210 3148 3149
f 3210 3149 3211
f 2694 2693 3217
f 3217 2693 3206
f 3217 3206 3216
f 3216 3206 3207
f 3216 3207 3215
f 3215 3207 3209
f 3215 3209 3218
f 3218 3209 3211
f 2704 2702 3207
f 3207 2702 3214
f 3207 3214 3209
f 3209 3214 3213
f 3209 3213 3210
f 3210 3213 3212
f 3210 3212 3208
f 3208 3212 2696
f 3208 2696 2709
f 2428 2427 4756
f 4856 4857 2426
f 2340 2339 4755
f 4755 2339 2325
f 4755 2325 2316
f 2316 2315 4755
f 4755 2315 2314
f 4755 2314 2313
f 2348 4858 4859
f 4859 4858 4860
f 4859 4860 3177
f 3177 4860 3179
f 2362 2364 4761
f 4761 2364 2372
f 2726 2729 4855
f 4855 2729 4861
f 4855 4861 2384
f 2384 4861 4862
f 2384 4862 2371
f 2372 2371 4761
f 4761 2371 4862
f 4761 4862 4760
f 4760 4862 4863
f 4760 4863 4759
f 4759 4863 4864
f 4759 4864 4758
f 4758 4864 4865
f 4758 4865 4757
f 4757 4865 4866
f 4757 4866 4756
f 4756 4866 4856
f 4756 4856 2428
f 2428 4856 2426
f 2425 2426 4750
f 4750 2426 4857
f 4750 4857 4751
f 4751 4857 4867
f 4751 4867 4752
f 4752 4867 4868
f 4752 4868 4753
f 4753 4868 4869
f 4753 4869 4754
f 4754 4869 4870
f 4754 4870 4755
f 4755 4870 4858
f 4755 4858 2340
f 2340 4858 2348
f 4871 3235 3236
f 4871 3236 3237
f 3237 3236 3238
f 3237 3238 4872
f 4872 3238 3240
f 3240 3238 3241
f 3240 3241 4873
f 3243 4874 3241
f 3241 4874 4875
f 3241 4875 4873
f 4876 3247 3248
f 3248 3247 4877
f 3248 4877 3241
f 3241 4877 4878
f 3241 4878 3243
f 4879 3252 3253
f 3253 3252 3254
f 3254 3255 3253
f 3253 3255 4880
f 3253 4880 3257
f 3257 4880 3258
f 3257 3258 3248
f 3248 3258 3259
f 3248 3259 4876
f 3260 4881 3262
f 3262 4881 3263
f 3262 3263 3253
f 3253 3263 4882
f 3253 4882 4879
f 4883 3266 3267
f 3267 3266 4884
f 3267 4884 3262
f 3262 4884 4885
f 3262 4885 3260
f 4883 3267 3270
f 3270 3267 2728
f 3270 2728 2730
f 4886 4887 3273
f 3274 3258 3275
f 4888 3277 3275
f 3060 3278 2584
f 2584 3278 4889
f 4890 4891 3282
f 3282 4891 4892
f 3282 4892 3278
f 3278 4892 4893
f 3278 4893 4889
f 3258 4894 3275
f 3275 4894 4895
f 3275 4895 4888
f 4896 4897 3277
f 3277 4897 4898
f 3277 4898 3275
f 3275 4898 3290
f 3275 3290 3274
f 4888 4899 3277
f 3277 4899 3292
f 3277 3292 4896
f 4896 3292 3293
f 4896 3293 4900
f 4900 3293 4901
f 3296 4902 4903
f 3296 4903 3273
f 3273 4903 4904
f 3273 4904 4886
f 4902 3296 4905
f 4905 3296 3056
f 4905 3056 2908
f 4890 3282 4899
f 4899 3282 3301
f 4899 3301 3292
f 3292 3301 3302
f 3292 3302 3293
f 3293 3302 4906
f 3293 4906 4901
f 3064 3056 3304
f 3304 3056 3296
f 3304 3296 3305
f 3305 3296 3273
f 3060 3064 3278
f 3278 3064 3304
f 3278 3304 3282
f 3282 3304 3305
f 3282 3305 3301
f 3301 3305 3273
f 3301 3273 3302
f 3302 3273 4887
f 3302 4887 4906
f 3309 3310 3311
f 3312 3313 3314
f 4900 4901 3315
f 4905 2908 4786
f 4907 3317 2879
f 4908 3319 4909
f 3311 3310 4910
f 3322 3323 4910
f 3308 3306 3307
f 3307 3306 4911
f 3325 4912 4913
f 3328 4793 3317
f 3317 4793 4794
f 3317 4794 2879
f 3329 4791 3328
f 3328 4791 4792
f 3328 4792 4793
f 4800 4810 3330
f 3330 4810 4809
f 3330 4809 3329
f 3329 4809 4808
f 3329 4808 4791
f 3330 3331 4800
f 4800 3331 3332
f 4800 3332 4783
f 4783 3332 3333
f 4783 3333 4805
f 4805 3333 3334
f 4805 3334 4790
f 4790 3334 3335
f 4790 3335 4789
f 3336 4787 4788
f 4786 4787 3337
f 3337 4787 3336
f 3337 3336 3338
f 3339 4904 3337
f 3337 4904 4903
f 3337 4903 4786
f 4786 4903 4902
f 4786 4902 4905
f 3340 4887 4886
f 4887 3340 4906
f 3341 3274 3290
f 3338 3342 3337
f 3337 3342 3340
f 3337 3340 3339
f 3339 3340 4886
f 3339 4886 4904
f 3329 3343 3330
f 3330 3343 3344
f 3330 3344 3331
f 3331 3344 3345
f 3331 3345 3332
f 3332 3345 3346
f 3332 3346 3333
f 3333 3346 3347
f 3333 3347 3334
f 3334 3347 3348
f 3334 3348 3335
f 3335 3348 3349
f 3350 3351 3312
f 3312 3351 3352
f 3312 3352 3313
f 3313 3352 3353
f 4914 3351 4915
f 4915 3351 3350
f 4915 3350 4913
f 4913 3350 3312
f 4913 3312 3325
f 3325 3312 3314
f 3353 3343 3313
f 3313 3343 3329
f 3313 3329 3314
f 3314 3329 3328
f 3314 3328 3325
f 3325 3328 3317
f 3325 3317 4912
f 4912 3317 4907
f 3356 4916 3358
f 3358 4916 4917
f 3358 4917 3360
f 3308 4918 3356
f 3356 4918 3362
f 3356 3362 4916
f 4911 4909 3307
f 3307 4909 3319
f 3307 3319 3309
f 3309 3319 4908
f 3309 4908 3310
f 3310 4908 4919
f 3310 4919 4910
f 4910 4919 3324
f 4910 3324 3322
f 3365 3366 3367
f 3367 3366 4920
f 3367 4920 4921
f 3311 3365 3309
f 3309 3365 3367
f 3309 3367 3307
f 3307 3367 4921
f 3307 4921 3308
f 3308 4921 3370
f 3308 3370 4918
f 4878 4877 3371
f 3371 4877 3247
f 3371 3247 3372
f 3372 3247 4876
f 3372 4876 3341
f 3341 4876 3259
f 3341 3259 3274
f 3274 3259 3258
f 4878 3371 3243
f 3243 3371 3373
f 3243 3373 4874
f 4874 3373 3374
f 4874 3374 4875
f 3375 3237 3376
f 3376 3237 4872
f 3376 4872 3377
f 3377 4872 3240
f 3377 3240 3374
f 3374 3240 4873
f 3374 4873 4875
f 4897 4896 3378
f 3378 4896 4900
f 3378 4900 3379
f 3379 4900 3315
f 3379 3315 3380
f 3380 3315 3381
f 3380 3381 3382
f 3382 3381 3383
f 3382 3383 3349
f 4901 4906 3315
f 3315 4906 3340
f 3315 3340 3381
f 3381 3340 3342
f 3381 3342 3383
f 3383 3342 3338
f 3383 3338 3349
f 3349 3338 3336
f 3349 3336 3335
f 3335 3336 4788
f 3335 4788 4789
f 4917 3384 3360
f 3360 3384 4922
f 3360 4922 3386
f 3386 4922 3387
f 3386 3387 3388
f 3388 3387 3235
f 3388 3235 3375
f 3375 3235 4871
f 3375 4871 3237
f 4914 4911 3351
f 3351 4911 3306
f 3351 3306 3352
f 3352 3306 3308
f 3352 3308 3353
f 3353 3308 3356
f 3353 3356 3343
f 3343 3356 3358
f 3343 3358 3344
f 3344 3358 3360
f 3344 3360 3345
f 3345 3360 3386
f 3345 3386 3346
f 3346 3386 3388
f 3346 3388 3347
f 3347 3388 3375
f 3347 3375 3348
f 3348 3375 3376
f 3348 3376 3349
f 3349 3376 3377
f 3349 3377 3382
f 3382 3377 3374
f 3382 3374 3380
f 3380 3374 3373
f 3380 3373 3379
f 3379 3373 3371
f 3379 3371 3378
f 3378 3371 3372
f 3378 3372 4897
f 4897 3372 3341
f 4897 3341 4898
f 4898 3341 3290
f 3180 3179 3395
f 3395 3179 4860
f 3395 4860 3394
f 3394 4860 4858
f 3394 4858 3393
f 3393 4858 4870
f 3393 4870 3392
f 3392 4870 4869
f 3392 4869 3391
f 3391 4869 4868
f 3391 4868 3390
f 3390 4868 4867
f 3390 4867 3389
f 3389 4867 4857
f 2729 2728 4861
f 4861 2728 3267
f 4861 3267 4862
f 4862 3267 3262
f 4862 3262 4863
f 4863 3262 3253
f 4863 3253 4864
f 4864 3253 3257
f 4864 3257 4865
f 4865 3257 3248
f 4865 3248 4866
f 4866 3248 3241
f 4866 3241 4856
f 4856 3241 3238
f 4856 3238 4857
f 4857 3238 3236
f 4857 3236 3389
f 4923 4924 3398
f 3398 3399 3400
f 3400 3399 4925
f 3400 4925 3402
f 3402 4925 4926
f 3402 4926 3404
f 3404 4926 3323
f 4927 4928 3399
f 3399 4928 4929
f 3399 4929 4925
f 3398 4924 3399
f 3399 4924 4930
f 3399 4930 4927
f 3409 4931 4932
f 3211 3149 4933
f 4913 4912 3413
f 3413 4912 4907
f 3413 4907 2879
f 3414 3415 3416
f 3416 3415 4911
f 4913 3417 4915
f 4915 3417 3416
f 4915 3416 4914
f 4914 3416 4911
f 3323 3322 3404
f 3404 3322 3324
f 3404 3324 4919
f 4919 4908 3404
f 3404 4908 4909
f 3404 4909 3402
f 3402 4909 4911
f 3402 4911 3400
f 3400 4911 3415
f 3400 3415 3398
f 3398 3415 3414
f 3398 3414 4923
f 4923 3414 4934
f 4913 3413 3417
f 3417 3413 3419
f 3417 3419 3416
f 3416 3419 3409
f 3416 3409 3414
f 3414 3409 4932
f 3414 4932 4934
f 2879 3215 3413
f 3413 3215 3218
f 3413 3218 3419
f 3419 3218 3211
f 3419 3211 3409
f 3409 3211 4933
f 3409 4933 4931
f 3421 3432 3433
f 4895 3434 4888
f 4891 4890 3423
f 3423 4890 3424
f 3423 3424 3425
f 2584 4889 3426
f 3426 4889 4893
f 3426 4893 4892
f 4768 4767 3426
f 3426 4767 4766
f 3426 4766 2584
f 4765 4769 3427
f 3427 4769 4768
f 3427 4768 3428
f 3428 4768 3426
f 4765 3427 4764
f 4764 3427 3429
f 4764 3429 4762
f 3430 3431 4763
f 4763 3431 2727
f 4763 2727 2590
f 4894 3420 4895
f 4895 3420 3421
f 4895 3421 3434
f 3434 3421 3433
f 3434 3433 4888
f 4888 3433 3422
f 4888 3422 4899
f 3252 4879 3432
f 3432 4879 4882
f 3432 4882 3433
f 3433 4882 3435
f 3433 3435 3422
f 3252 3432 3254
f 3254 3432 3421
f 3254 3421 3255
f 3255 3421 3420
f 3255 3420 4880
f 4880 3420 4894
f 4880 4894 3258
f 3436 4885 3437
f 3437 4885 4884
f 3437 4884 3438
f 2731 2727 3439
f 3439 2727 3431
f 3439 3431 3438
f 3438 3431 3430
f 3438 3430 3437
f 3437 3430 3440
f 3437 3440 3436
f 3436 3440 3441
f 3436 3441 3435
f 3435 3441 3425
f 3435 3425 3422
f 3422 3425 3424
f 3422 3424 4899
f 4899 3424 4890
f 2730 2731 3270
f 3270 2731 3439
f 3270 3439 4883
f 4883 3439 3438
f 4883 3438 3266
f 3266 3438 4884
f 4882 3263 3435
f 3435 3263 4881
f 3435 4881 3436
f 3436 4881 3260
f 3436 3260 4885
f 4763 4762 3430
f 3430 4762 3429
f 3430 3429 3440
f 3440 3429 3427
f 3440 3427 3441
f 3441 3427 3428
f 3441 3428 3425
f 3425 3428 3426
f 3425 3426 3423
f 3423 3426 4892
f 3423 4892 4891
f 4923 3442 3443
f 4934 4932 3444
f 3445 4850 4851
f 4850 3445 4849
f 4849 3445 3446
f 4849 3446 3135
f 3135 3446 4848
f 4848 3446 3447
f 4848 3447 3132
f 3132 3447 3444
f 3132 3444 4847
f 3444 4932 4847
f 4847 4932 4931
f 4847 4931 4846
f 4846 4931 4933
f 4846 4933 3149
f 4928 4927 3448
f 3448 4927 4930
f 3448 4930 3443
f 3443 4930 4924
f 3443 4924 4923
f 3460 4925 3468
f 4925 3460 4926
f 4926 3460 3459
f 4926 3459 3323
f 3445 3449 3446
f 3446 3449 3450
f 3446 3450 3447
f 3447 3450 3451
f 3447 3451 3444
f 3444 3451 3452
f 4935 3462 3463
f 3463 3462 3464
f 3463 3464 4936
f 4937 4936 3467
f 3467 4936 3464
f 3467 3464 3468
f 3468 3464 3462
f 3468 3462 3460
f 3460 3462 4935
f 3460 4935 3459
f 4923 4934 3442
f 3442 4934 3444
f 3442 3444 3443
f 3443 3444 3452
f 3443 3452 3448
f 3448 3452 3467
f 3448 3467 4928
f 4928 3467 3468
f 4928 3468 4929
f 4929 3468 4925
f 3472 3471 4938
f 4938 3471 3457
f 4938 3457 4939
f 3181 3473 3175
f 3175 3473 3474
f 3175 3474 3176
f 3181 4940 3473
f 3473 4940 3476
f 3473 3476 3453
f 3453 3476 4941
f 3453 4941 3455
f 3455 4941 3456
f 3455 3456 3457
f 3457 3456 4942
f 3457 4942 4939
f 3150 3176 4851
f 4851 3176 3474
f 4851 3474 3445
f 3445 3474 3473
f 3445 3473 3449
f 3449 3473 3453
f 3449 3453 3450
f 3450 3453 3455
f 3450 3455 3451
f 3451 3455 3457
f 3451 3457 3452
f 3452 3457 3471
f 3452 3471 3467
f 3467 3471 3472
f 3467 3472 4937
f 3508 2033 3615
f 3508 3510 2033
f 2033 3510 3604
f 2033 3604 2035
f 2035 3604 3595
f 2035 3595 2037
f 2037 3595 3488
f 2037 3488 2039
f 2039 3488 3491
f 2039 3491 2041
f 2041 3491 3594
f 2041 3594 2043
f 3642 3525 3639
f 3639 3525 3527
f 3639 3527 3480
f 3480 3527 3517
f 3480 3517 3482
f 3482 3517 3504
f 3482 3504 3615
f 3615 3504 3507
f 3615 3507 3508
f 3562 2053 2051
f 3562 3553 2053
f 2053 3553 3555
f 2053 3555 3616
f 3616 3555 3547
f 3616 3547 3483
f 3483 3547 3541
f 3483 3541 3485
f 3485 3541 3500
f 3485 3500 3636
f 3636 3500 3535
f 3636 3535 3642
f 3642 3535 3531
f 3642 3531 3525
f 3594 3589 2043
f 2043 3589 3582
f 2043 3582 2045
f 2045 3582 3575
f 2045 3575 2047
f 2047 3575 3571
f 2047 3571 2049
f 2049 3571 3497
f 2049 3497 2051
f 2051 3497 3569
f 2051 3569 3562
f 4943 4944 3488
f 3649 3553 3562
f 4945 4946 3569
f 3569 4946 4947
f 3569 4947 3562
f 3562 4947 4948
f 3562 4948 3649
f 4949 4950 3497
f 3497 4950 4951
f 3497 4951 3569
f 3569 4951 4952
f 3569 4952 4945
f 4953 4954 3571
f 3571 4954 4955
f 3571 4955 3497
f 3497 4955 4956
f 3497 4956 4949
f 4953 3571 4957
f 4957 3571 3575
f 4957 3575 4958
f 4959 4960 3582
f 3582 4960 4961
f 3582 4961 3575
f 3575 4961 4962
f 3575 4962 4958
f 4963 4964 3589
f 3589 4964 4965
f 3589 4965 3582
f 3582 4965 4966
f 3582 4966 4959
f 4963 3589 4967
f 4967 3589 3594
f 4967 3594 4968
f 4968 3594 4969
f 4969 3594 3491
f 4969 3491 4970
f 3488 4944 3491
f 3491 4944 4971
f 3491 4971 4970
f 4972 4973 3595
f 3595 4973 4974
f 3595 4974 3488
f 3488 4974 4975
f 3488 4975 4943
f 3595 3604 4972
f 4972 3604 3510
f 4972 3510 3678
f 4965 4964 2743
f 4948 4947 4976
f 4976 4947 4977
f 4977 4947 4946
f 4977 4946 4978
f 4978 4946 4945
f 4978 4945 4979
f 4979 4945 4952
f 4979 4952 4980
f 2743 4964 4782
f 4952 4951 4980
f 4980 4951 4950
f 4980 4950 4981
f 4981 4950 4949
f 4981 4949 4982
f 4982 4949 4956
f 4982 4956 4983
f 4983 4956 4955
f 4983 4955 4984
f 4984 4955 4954
f 4984 4954 4985
f 4985 4954 4953
f 4985 4953 4986
f 4986 4953 4957
f 4986 4957 4987
f 4987 4957 4958
f 4965 2743 4966
f 4966 2743 3694
f 4966 3694 4959
f 4959 3694 4988
f 4959 4988 4960
f 4960 4988 4989
f 4960 4989 4961
f 4961 4989 4990
f 4961 4990 4962
f 4962 4990 4991
f 4962 4991 4958
f 4958 4991 4992
f 4958 4992 4987
f 4964 4963 4782
f 4782 4963 4834
f 4782 4834 4781
f 4781 4834 4833
f 4781 4833 4780
f 4780 4833 4832
f 4780 4832 2623
f 2623 4832 2624
f 3109 3098 4854
f 4854 3098 4831
f 4993 4994 3199
f 3199 4994 4995
f 4995 4994 4996
f 4995 4996 4997
f 4997 4996 4998
f 4997 4998 4999
f 4999 4998 5000
f 5000 4998 5001
f 5000 5001 5002
f 5002 5001 5003
f 5002 5003 5004
f 4831 4830 5005
f 5005 5006 4831
f 4831 5006 5007
f 4831 5007 4854
f 4854 5007 5008
f 4854 5008 3199
f 3199 5008 5009
f 3199 5009 4993
f 5004 5003 5010
f 5010 5003 5011
f 5010 5011 5012
f 5012 5011 5013
f 5012 5013 5014
f 5014 5013 5015
f 5015 5013 5016
f 5015 5016 5017
f 5017 5016 5018
f 5017 5018 5019
f 5020 5021 5022
f 5022 5021 5023
f 5022 5023 5024
f 5024 5023 5025
f 5024 5025 5018
f 5018 5025 5026
f 5018 5026 5019
f 4948 4976 3649
f 3649 4976 3732
f 3649 3732 5027
f 5027 3732 5028
f 5027 5028 5029
f 5029 5028 5030
f 5029 5030 5020
f 5020 5030 5031
f 5020 5031 5021
f 4830 5032 5033
f 5033 5034 4830
f 4830 5034 5035
f 4830 5035 5005
f 5036 5037 4829
f 4829 5037 5038
f 4829 5038 4830
f 4830 5038 5039
f 4830 5039 5032
f 4838 4837 3678
f 3678 5040 4838
f 4838 5040 5041
f 4838 5041 4829
f 4829 5041 5042
f 4829 5042 5036
f 4975 4974 4836
f 4836 4974 4973
f 4836 4973 4837
f 4837 4973 4972
f 4837 4972 3678
f 4963 4967 4834
f 4834 4967 4968
f 4834 4968 4835
f 4835 4968 4969
f 4835 4969 4970
f 4970 4971 4835
f 4835 4971 4944
f 4835 4944 4836
f 4836 4944 4943
f 4836 4943 4975
f 3923 3754 3936
f 3936 3754 5043
f 3936 5043 3935
f 3935 5043 5044
f 3935 5044 3934
f 3934 5044 5045
f 3934 5045 3933
f 3933 5045 5046
f 3933 5046 5047
f 5047 5046 5048
f 5047 5048 5049
f 3923 3922 3754
f 3754 3922 3958
f 3754 3958 3756
f 3756 3958 3957
f 3756 3957 3758
f 3758 3957 3956
f 3758 3956 3759
f 3759 3956 3955
f 3759 3955 3764
f 3764 3955 3954
f 3764 3954 3762
f 3762 3954 3953
f 3762 3953 3771
f 3771 3953 3952
f 3771 3952 3769
f 5048 5050 5049
f 5049 5050 5051
f 5049 5051 3928
f 3928 5051 5052
f 3928 5052 3929
f 3929 5052 5053
f 3929 5053 3930
f 3930 5053 5054
f 3930 5054 3931
f 3931 5054 5055
f 3931 5055 3926
f 3926 5055 3777
f 3926 3777 3924
f 3769 3952 3767
f 3767 3952 3951
f 3767 3951 3774
f 3774 3951 3950
f 3774 3950 3781
f 3781 3950 3949
f 3781 3949 3779
f 3779 3949 3948
f 3779 3948 3777
f 3777 3948 3942
f 3777 3942 3924
f 3753 3754 3755
f 3755 3754 3756
f 3755 3756 3761
f 3761 3756 3758
f 3761 3758 3760
f 3760 3758 3759
f 3760 3759 3765
f 3765 3759 3764
f 3765 3764 3773
f 3773 3764 3762
f 3773 3762 3772
f 3772 3762 3771
f 3772 3771 3770
f 3770 3771 3769
f 3770 3769 3776
f 3776 3769 3767
f 3776 3767 3775
f 3775 3767 3774
f 3775 3774 3782
f 3782 3774 3781
f 3782 3781 3780
f 3780 3781 3779
f 3780 3779 3778
f 3778 3779 3777
f 3787 5056 3789
f 3789 5056 5057
f 3789 5057 3916
f 3916 5057 5058
f 3916 5058 3921
f 3921 5058 3839
f 3921 3839 3914
f 3914 3839 5059
f 3914 5059 3784
f 5059 5060 3784
f 3784 5060 5061
f 3784 5061 3786
f 3786 5061 5062
f 3786 5062 3903
f 3903 5062 5063
f 3903 5063 2052
f 2052 5063 3753
f 2052 3753 2050
f 2050 3753 3755
f 2050 3755 2048
f 3755 3761 2048
f 2048 3761 3760
f 2048 3760 2046
f 2046 3760 3765
f 2046 3765 2044
f 2044 3765 3773
f 2044 3773 2042
f 2042 3773 3772
f 2042 3772 2040
f 2040 3772 3770
f 2040 3770 2038
f 3770 3776 2038
f 2038 3776 3775
f 2038 3775 2036
f 2036 3775 3782
f 2036 3782 2034
f 2034 3782 3780
f 2034 3780 2032
f 2032 3780 3778
f 2032 3778 3901
f 3901 3778 5064
f 3901 5064 3787
f 3787 5064 5065
f 3787 5065 5056
f 3732 3922 5028
f 5028 3922 3923
f 5028 3923 5030
f 5030 3923 3936
f 5030 3936 5031
f 5031 3936 5021
f 5019 5026 3935
f 3935 5026 5025
f 3935 5025 3936
f 3936 5025 5023
f 3936 5023 5021
f 5012 5014 3934
f 3934 5014 5015
f 3934 5015 3935
f 3935 5015 5017
f 3935 5017 5019
f 5012 3934 5010
f 5010 3934 3933
f 5010 3933 5004
f 5047 5000 3933
f 3933 5000 5002
f 3933 5002 5004
f 3932 3187 5047
f 3199 4995 3187
f 3187 4995 4997
f 3187 4997 5047
f 5047 4997 4999
f 5047 4999 5000
f 5047 5049 3932
f 3932 5049 3928
f 3932 3928 3927
f 2443 2391 2392
f 3924 3925 3926
f 3926 3925 2410
f 3927 3928 2392
f 2392 3928 3929
f 2392 3929 2443
f 2443 3929 3930
f 2443 3930 2441
f 2441 3930 3931
f 2441 3931 2439
f 2439 3931 3926
f 2439 3926 2437
f 2437 3926 2410
f 2437 2410 2409
f 2412 2410 3925
f 2428 2426 2424
f 2428 2424 2430
f 2430 2424 2422
f 2430 2422 2432
f 2408 2406 3925
f 3925 2406 2404
f 3925 2404 2402
f 2432 2422 2434
f 2434 2422 2420
f 2434 2420 2436
f 2436 2420 2418
f 2436 2418 2402
f 2402 2418 2416
f 2402 2416 3925
f 3925 2416 2414
f 3925 2414 2412
f 2349 2348 4859
f 2388 3932 2390
f 2390 3932 3927
f 2390 3927 2392
f 3177 3187 3932
f 2388 2386 3932
f 3932 2386 2352
f 3932 2352 3177
f 3177 2352 2351
f 3177 2351 4859
f 4859 2351 2350
f 4859 2350 2349
f 2489 2488 4273
f 3039 4406 3038
f 1444 1442 4276
f 4294 1682 5066
f 4813 2492 2491
f 2841 2842 4287
f 4287 2842 2843
f 1900 1898 5067
f 4340 1910 1908
f 1900 5067 1902
f 4340 1908 2848
f 2848 1908 1906
f 2848 1906 2847
f 2847 1906 1904
f 2847 1904 2846
f 1904 1902 2846
f 2846 1902 5067
f 2846 5067 2845
f 2845 5067 4286
f 2845 4286 2844
f 2840 2841 4272
f 4272 2841 4287
f 4272 4287 4286
f 4286 4287 2843
f 4286 2843 2844
f 2840 4272 2839
f 2839 4272 4288
f 2839 4288 2838
f 1716 1714 4288
f 4288 1714 1712
f 4288 1712 2838
f 2838 1712 1710
f 2838 1710 2837
f 2837 1710 1708
f 2837 1708 2508
f 2508 1708 4289
f 2508 4289 4290
f 4277 2925 4813
f 1672 1670 4363
f 4363 1670 4812
f 4363 4812 4811
f 1670 4364 4812
f 4812 4364 4292
f 4812 4292 4823
f 4823 4292 4291
f 4823 4291 4295
f 4821 4822 4299
f 4297 1562 5066
f 5066 1562 1560
f 1560 1558 5066
f 5066 1558 4823
f 5066 4823 4294
f 4294 4823 4295
f 1558 1556 4823
f 4823 1556 4296
f 4823 4296 4822
f 4822 4296 4298
f 4822 4298 4299
f 1568 4819 4301
f 4301 4819 4821
f 4301 4821 4300
f 4300 4821 4299
f 1568 1566 4297
f 4297 1566 1564
f 4297 1564 1562
f 1568 4297 4819
f 4819 4297 1596
f 4819 1596 1594
f 1606 1604 4303
f 1604 1602 4303
f 4303 1602 1600
f 4303 1600 4297
f 4297 1600 1598
f 4297 1598 1596
f 1594 4302 4819
f 4819 4302 4304
f 4819 4304 4820
f 4820 4304 4305
f 4820 4305 4816
f 4305 4306 4816
f 4816 4306 4307
f 4816 4307 4815
f 1482 1480 4303
f 4303 1480 4815
f 4303 4815 1606
f 1606 4815 4307
f 1492 4308 4309
f 4309 4308 4818
f 1480 4310 4815
f 4815 4310 4311
f 4815 4311 4814
f 4814 4311 4312
f 4814 4312 4818
f 4818 4312 4313
f 4818 4313 4309
f 4314 2687 2686
f 2686 2931 4314
f 4314 2931 4817
f 4314 4817 4308
f 4308 4817 2940
f 4308 2940 4818
f 1442 4315 4316
f 4315 4317 4316
f 4316 4317 4318
f 4316 4318 2690
f 1452 3043 1454
f 1454 3043 3044
f 1454 3044 4319
f 4319 3044 2690
f 4319 2690 4320
f 4320 2690 4318
f 1452 1450 3043
f 3043 1450 1448
f 3043 1448 4276
f 4276 1448 1446
f 4276 1446 1444
f 3043 4322 3042
f 3042 4322 1340
f 3042 1340 3041
f 1340 1338 3041
f 3041 1338 1336
f 3041 1336 4321
f 4406 3039 4321
f 4321 3039 3040
f 4321 3040 3041
f 3037 4401 3036
f 3036 4401 4275
f 3036 4275 3035
f 4274 1872 4275
f 4275 1872 1870
f 4275 1870 3035
f 3035 1870 1868
f 3035 1868 3034
f 3034 1868 1866
f 3034 1866 2848
f 2848 1866 1864
f 2848 1864 4340
f 4340 1864 1862
f 4340 1862 1860
f 4326 1530 2688
f 2688 1530 2689
f 1524 4327 1526
f 1526 4327 2689
f 1526 2689 1528
f 1528 2689 1530
f 1522 1520 4328
f 4328 1520 1518
f 1518 4329 4330
f 4330 4329 4331
f 4330 4331 4332
f 4332 4331 4333
f 4332 4333 2688
f 2688 4333 4334
f 2688 4334 4326
f 1860 4341 4335
f 4335 4341 4336
f 4335 4336 4337
f 4337 4336 4338
f 4337 4338 4339
f 1898 4348 5068
f 1860 4335 4340
f 4340 4335 4346
f 4340 4346 1910
f 4348 4343 5068
f 5068 4343 4344
f 5068 4344 4335
f 4335 4344 4345
f 4335 4345 4346
f 4349 4350 1758
f 4273 4351 4349
f 4349 4351 4352
f 4349 4352 4350
f 1756 1754 4353
f 4353 1754 4290
f 1754 1752 4290
f 4290 1752 1750
f 4290 1750 2508
f 2508 1750 1748
f 2508 1748 2488
f 1748 1746 2488
f 2488 1746 4354
f 2488 4354 4273
f 4273 4354 4355
f 4273 4355 4351
f 1720 1718 4360
f 4289 4356 4290
f 4290 4356 4357
f 4290 4357 4353
f 4353 4357 4358
f 4353 4358 4359
f 1680 1678 5069
f 5069 1678 1676
f 5069 1676 4362
f 4362 1676 1674
f 1492 1490 4330
f 1490 1488 4330
f 4330 1488 1486
f 4330 1486 4365
f 4365 1486 1484
f 4365 1484 1482
f 1334 1332 4371
f 4371 1332 1330
f 4371 1330 1328
f 1328 4366 4367
f 4367 4366 4368
f 4367 4368 4276
f 4276 4368 4369
f 4276 4369 3043
f 3043 4369 4370
f 3043 4370 4322
f 1674 1672 4362
f 4362 1672 4363
f 4362 4363 4277
f 4277 4363 4811
f 4277 4811 2925
f 4377 1644 4362
f 2491 2489 4372
f 4372 2489 4273
f 4372 4273 1632
f 1632 4273 1634
f 4377 4362 4376
f 1632 4373 4372
f 4372 4373 4374
f 4372 4374 4375
f 4813 2491 4277
f 4277 2491 4372
f 4277 4372 4362
f 4362 4372 4375
f 4362 4375 4376
f 1642 1640 4349
f 4349 1640 1638
f 4349 1638 4273
f 4273 1638 1636
f 4273 1636 1634
f 1826 1824 4272
f 4272 1824 1822
f 4272 1822 4288
f 4288 1822 4378
f 4288 4378 4379
f 1828 4383 1830
f 1830 4383 1832
f 1718 1716 4360
f 4360 1716 4288
f 4360 4288 4380
f 4380 4288 4379
f 4380 4381 4360
f 4360 4381 4382
f 4360 4382 1834
f 4388 1796 5068
f 4383 1784 4384
f 1898 5068 5067
f 5067 5068 1796
f 5067 1796 1794
f 4384 4385 4383
f 4383 4385 4386
f 4383 4386 5068
f 5068 4386 4387
f 5068 4387 4388
f 1794 1792 5067
f 5067 1792 1790
f 5067 1790 4286
f 4286 1790 1788
f 4286 1788 1786
f 1786 1784 4286
f 4286 1784 4383
f 4286 4383 4272
f 4272 4383 1828
f 4272 1828 1826
f 1482 4303 4365
f 4365 4303 4297
f 4365 4297 4389
f 4389 4297 5066
f 4389 5066 5069
f 5069 5066 1682
f 5069 1682 1680
f 1518 4330 4328
f 4328 4330 4365
f 4328 4365 4390
f 4390 4365 4389
f 4390 4389 4391
f 4391 4389 5069
f 4391 5069 5070
f 5070 5069 4362
f 5070 4362 4349
f 4349 4362 1644
f 4349 1644 1642
f 4316 4328 4393
f 4393 4328 4390
f 4393 4390 4394
f 4394 4390 4391
f 4394 4391 4395
f 4395 4391 5070
f 4395 5070 5071
f 5071 5070 4349
f 5071 4349 4353
f 4353 4349 1758
f 4353 1758 1756
f 1328 4367 4371
f 4371 4367 4397
f 4371 4397 4337
f 4337 4397 4398
f 4337 4398 4335
f 4335 4398 5072
f 4335 5072 5068
f 5068 5072 4360
f 5068 4360 4383
f 4383 4360 1834
f 4383 1834 1832
f 4275 1370 1368
f 4337 1366 4400
f 4339 4274 4337
f 4337 4274 4275
f 4337 4275 1366
f 1366 4275 1368
f 1370 4275 1372
f 1372 4275 4401
f 1372 4401 1374
f 4400 4402 4337
f 4337 4402 4403
f 4337 4403 4371
f 4371 4403 4404
f 4404 4405 4371
f 4371 4405 1378
f 4371 1378 4401
f 4401 1378 1376
f 4401 1376 1374
f 1442 4316 4276
f 4276 4316 4393
f 4276 4393 4367
f 4367 4393 4394
f 4367 4394 4397
f 4397 4394 4395
f 4397 4395 4398
f 4398 4395 5071
f 4398 5071 5072
f 5072 5071 4353
f 5072 4353 4360
f 4360 4353 4359
f 4360 4359 1720
f 3037 3038 4401
f 4401 3038 4406
f 4401 4406 4371
f 4371 4406 4321
f 4371 4321 1334
f 1334 4321 1336
f 1492 4330 4308
f 4308 4330 4332
f 4308 4332 4314
f 4314 4332 2688
f 4314 2688 2687
f 4327 1404 4407
f 4408 2689 4409
f 4409 2689 4327
f 4409 4327 4410
f 4410 4327 4407
f 1406 1404 4316
f 4316 1404 4327
f 4316 4327 4328
f 4328 4327 1524
f 4328 1524 1522
f 1414 2690 1416
f 1416 2690 2689
f 1416 2689 4411
f 4411 2689 4408
f 1414 1412 2690
f 2690 1412 1410
f 2690 1410 4316
f 4316 1410 1408
f 4316 1408 1406
f 2468 2407 2408
f 2394 3950 3205
f 3205 3950 3951
f 3205 3951 3952
f 3925 3924 2408
f 2408 3924 3942
f 2408 3942 2468
f 2468 3942 3948
f 2468 3948 2470
f 2470 3948 3949
f 2470 3949 2473
f 2473 3949 3950
f 2473 3950 2475
f 2475 3950 2394
f 2475 2394 2393
f 3694 2743 2744
f 3694 2744 4988
f 4989 4988 3953
f 3953 4988 2744
f 3953 2744 3952
f 3952 2744 3204
f 3952 3204 3205
f 4987 4992 3954
f 3954 4992 4991
f 3954 4991 3953
f 3953 4991 4990
f 3953 4990 4989
f 4983 3955 4982
f 4982 3955 3956
f 4982 3956 4981
f 4983 4984 3955
f 3955 4984 4985
f 3955 4985 3954
f 3954 4985 4986
f 3954 4986 4987
f 4976 4977 3957
f 4977 4978 3957
f 3957 4978 4979
f 3957 4979 3956
f 3956 4979 4980
f 3956 4980 4981
f 3957 3958 4976
f 4976 3958 3922
f 4976 3922 3732
f 3678 3510 5040
f 5040 3510 3508
f 5040 3508 5041
f 5041 3508 3507
f 5041 3507 5042
f 5042 3507 5036
f 5036 3507 5037
f 5037 3507 3504
f 5037 3504 5038
f 5034 5033 3517
f 3517 5033 5032
f 3517 5032 3504
f 3504 5032 5039
f 3504 5039 5038
f 5034 3517 5035
f 5035 3517 3527
f 5035 3527 5005
f 5009 5008 3525
f 3525 5008 5007
f 3525 5007 3527
f 3527 5007 5006
f 3527 5006 5005
f 4998 4996 3531
f 3531 4996 4994
f 3531 4994 3525
f 3525 4994 4993
f 3525 4993 5009
f 4998 3531 5001
f 5001 3531 3535
f 5001 3535 5003
f 5003 3535 5011
f 5011 3535 3500
f 5011 3500 5013
f 3541 3547 5022
f 5022 5024 3541
f 3541 5024 5018
f 3541 5018 3500
f 3500 5018 5016
f 3500 5016 5013
f 5027 5029 3547
f 3547 5029 5020
f 3547 5020 5022
f 3547 3555 5027
f 5027 3555 3553
f 5027 3553 3649
f 3778 3777 5064
f 5064 3777 5055
f 5064 5055 5065
f 5065 5055 5054
f 5065 5054 5056
f 5056 5054 5053
f 5056 5053 5057
f 5057 5053 5052
f 5057 5052 5058
f 5058 5052 5051
f 5058 5051 3839
f 3839 5051 5050
f 3839 5050 5059
f 5059 5050 5048
f 5059 5048 5060
f 5060 5048 5046
f 5060 5046 5061
f 5061 5046 5045
f 5061 5045 5062
f 5062 5045 5044
f 5062 5044 5063
f 5063 5044 5043
f 5063 5043 3753
f 3753 5043 3754
f 4940 3181 3180
f 4940 3180 3476
f 3476 3180 3395
f 3476 3395 4941
f 4941 3395 3456
f 3456 3395 3394
f 3456 3394 4942
f 3472 4938 3394
f 3394 4938 4939
f 3394 4939 4942
f 4935 3463 3393
f 3393 3463 4936
f 3393 4936 3394
f 3394 4936 4937
f 3394 4937 3472
f 4920 3366 3391
f 3391 3366 3365
f 3365 3311 3391
f 3391 3311 4910
f 3391 4910 3392
f 3392 4910 3323
f 3392 3323 3393
f 3393 3323 3459
f 3393 3459 4935
f 3362 4918 3390
f 3390 4918 3370
f 3390 3370 3391
f 3391 3370 4921
f 3391 4921 4920
f 4922 3384 3389
f 3389 3384 4917
f 3389 4917 3390
f 3390 4917 4916
f 3390 4916 3362
f 4922 3389 3387
f 3387 3389 3236
f 3387 3236 3235
f 3099 4425 4426
f 4427 4425 3099
f 3105 4427 3099
f 3099 4428 3103
f 4429 4428 3099
f 4426 4429 3099
f 3184 3153 2335
f 2467 3156 2454
f 2454 3156 3190
f 2454 3190 2455
f 2455 3190 3189
f 2455 3189 2464
f 2464 3189 3188
f 2464 3188 2457
f 2457 3188 3186
f 2457 3186 2456
f 2456 3186 3185
f 2456 3185 2343
f 2343 3185 3184
f 2343 3184 2334
f 2334 3184 2335
f 3105 3167 4427
f 4427 3167 3195
f 4427 3195 4425
f 4425 3195 3194
f 4425 3194 4426
f 4426 3194 3193
f 4426 3193 4429
f 4429 3193 3192
f 4429 3192 4428
f 4428 3192 3191
f 4428 3191 3103
f 3103 3191 3161
f 2451 3170 2452
f 2452 3170 3202
f 2452 3202 2453
f 2453 3202 3201
f 2453 3201 2460
f 2460 3201 3200
f 2460 3200 2462
f 2462 3200 3182
f 2462 3182 2463
f 2463 3182 3183
f 2463 3183 2321
f 2321 3183 3168
f 2321 3168 2318
f 2553 4430 4431
f 4432 4430 2553
f 2559 4432 2553
f 2553 4433 2557
f 4434 4433 2553
f 4431 4434 2553
f 2561 4435 4436
f 4437 4435 2561
f 2567 4437 2561
f 2561 4438 2565
f 4439 4438 2561
f 4436 4439 2561
f 2369 2635 2376
f 2376 2635 2750
f 2376 2750 2377
f 2377 2750 2749
f 2636 2486 2745
f 2745 2486 2485
f 2745 2485 2746
f 2746 2485 2483
f 2746 2483 2747
f 2747 2483 2482
f 2747 2482 2748
f 2748 2482 2481
f 2748 2481 2749
f 2749 2481 2480
f 2749 2480 2377
f 2559 2648 4432
f 4432 2648 2738
f 4432 2738 4430
f 4430 2738 2751
f 4430 2751 4431
f 4431 2751 2752
f 4431 2752 4434
f 4434 2752 2740
f 4434 2740 4433
f 4433 2740 2741
f 4433 2741 2557
f 2557 2741 2642
f 2567 2655 4437
f 4437 2655 2742
f 4437 2742 4435
f 4435 2742 2733
f 4435 2733 4436
f 4436 2733 2732
f 4436 2732 4439
f 4439 2732 2736
f 4439 2736 4438
f 4438 2736 2737
f 4438 2737 2565
f 2565 2737 2649
f 1293 1172 4441
f 4441 1172 5073
f 5073 5074 4441
f 4441 5074 5075
f 4441 5075 4440
f 5075 4227 4440
f 4440 4227 5076
f 4440 5076 4442
f 5076 5077 4442
f 4442 5077 5078
f 4442 5078 4443
f 4443 5078 5079
f 5079 4220 4443
f 4443 4220 5080
f 4443 5080 4444
f 5080 5081 4444
f 4444 5081 5082
f 4444 5082 4445
f 5082 5083 4445
f 4445 5083 4147
f 4445 4147 4446
f 4446 4147 5084
f 5084 5085 4446
f 4446 5085 5086
f 4446 5086 4447
f 4447 5086 4156
f 4447 4156 4448
f 4448 4156 5087
f 5087 5088 4448
f 4448 5088 5089
f 4448 5089 4449
f 5089 4163 4449
f 4449 4163 5090
f 4449 5090 4450
f 5090 5091 4450
f 4450 5091 4086
f 4450 4086 4451
f 4451 4086 5092
f 5092 4095 4451
f 4451 4095 5093
f 4451 5093 4452
f 5093 5094 4452
f 4452 5094 5095
f 4452 5095 4453
f 5095 5096 4453
f 4453 5096 4088
f 4453 4088 4454
f 4454 4088 5097
f 2281 1325 5098
f 5098 1325 4454
f 5098 4454 5099
f 5099 4454 5097
f 5100 4600 2281
f 2281 5098 5100
f 5100 5098 5099
f 5100 5099 5101
f 5101 5099 5097
f 5101 5097 5102
f 5097 4088 5102
f 5102 4088 5096
f 5102 5096 5103
f 5096 5095 5103
f 5103 5095 5094
f 5103 5094 5104
f 5094 5093 5104
f 5104 5093 4095
f 5104 4095 5105
f 4095 5092 5105
f 5105 5092 4086
f 5105 4086 5106
f 5106 4086 5091
f 5106 5091 5107
f 5091 5090 5107
f 5107 5090 4163
f 5107 4163 5108
f 5108 4163 5089
f 5108 5089 5109
f 5089 5088 5109
f 5109 5088 5087
f 5109 5087 5110
f 5110 5087 4156
f 5110 4156 5111
f 4156 5086 5111
f 5111 5086 5085
f 5111 5085 5112
f 5112 5085 5084
f 5112 5084 5113
f 5084 4147 5113
f 5113 4147 5083
f 5113 5083 5114
f 5083 5082 5114
f 5114 5082 5081
f 5114 5081 5115
f 5115 5081 5080
f 5115 5080 5116
f 5116 5080 4220
f 4220 5079 5116
f 5116 5079 5078
f 5116 5078 5117
f 5117 5078 5077
f 5117 5077 5118
f 5077 5076 5118
f 5118 5076 4227
f 5118 4227 5119
f 5119 4227 5075
f 5119 5075 5120
f 1172 4554 5073
f 5073 4554 5120
f 5073 5120 5074
f 5074 5120 5075
f 4554 4624 5120
f 5120 4624 5121
f 5120 5121 5119
f 5119 5121 5122
f 5119 5122 5118
f 5118 5122 5123
f 5118 5123 5117
f 5117 5123 5124
f 5117 5124 5116
f 5116 5124 5125
f 5116 5125 5115
f 5115 5125 5126
f 5115 5126 5114
f 5114 5126 5127
f 5114 5127 5113
f 5113 5127 5128
f 5113 5128 5112
f 5112 5128 5129
f 5112 5129 5111
f 5111 5129 5130
f 5111 5130 5110
f 5110 5130 5131
f 5110 5131 5109
f 5109 5131 5132
f 5109 5132 5108
f 5108 5132 5133
f 5108 5133 5107
f 5107 5133 5134
f 5107 5134 5106
f 5106 5134 5135
f 5106 5135 5105
f 5105 5135 5136
f 5105 5136 5104
f 5104 5136 5137
f 5104 5137 5103
f 5103 5137 5138
f 5103 5138 5102
f 5102 5138 5139
f 5102 5139 5101
f 5101 5139 5140
f 5101 5140 5100
f 5100 5140 5141
f 5100 5141 4600
f 4600 5141 4602
f 4624 4647 5121
f 5121 4647 5142
f 5121 5142 5122
f 5122 5142 5143
f 5122 5143 5123
f 5123 5143 5144
f 5123 5144 5124
f 5124 5144 5145
f 5124 5145 5125
f 5125 5145 5146
f 5125 5146 5126
f 5126 5146 5147
f 5126 5147 5127
f 5127 5147 5148
f 5127 5148 5128
f 5128 5148 5149
f 5128 5149 5129
f 5129 5149 5150
f 5129 5150 5130
f 5130 5150 5151
f 5130 5151 5131
f 5131 5151 5152
f 5131 5152 5132
f 5132 5152 5153
f 5132 5153 5133
f 5133 5153 5154
f 5133 5154 5134
f 5134 5154 5155
f 5134 5155 5135
f 5135 5155 5156
f 5135 5156 5136
f 5136 5156 5157
f 5136 5157 5137
f 5137 5157 5158
f 5137 5158 5138
f 5138 5158 5159
f 5138 5159 5139
f 5139 5159 5160
f 5139 5160 5140
f 5140 5160 5161
f 5140 5161 5141
f 5141 5161 5162
f 5141 5162 4602
f 4602 5162 4625
f 4647 4670 5142
f 5142 4670 5163
f 5142 5163 5143
f 5143 5163 5164
f 5143 5164 5144
f 5144 5164 5165
f 5144 5165 5145
f 5145 5165 5166
f 5145 5166 5146
f 5146 5166 5167
f 5146 5167 5147
f 5147 5167 5168
f 5147 5168 5148
f 5148 5168 5169
f 5148 5169 5149
f 5149 5169 5170
f 5149 5170 5150
f 5150 5170 5171
f 5150 5171 5151
f 5151 5171 5172
f 5151 5172 5152
f 5152 5172 5173
f 5152 5173 5153
f 5153 5173 5174
f 5153 5174 5154
f 5154 5174 5175
f 5154 5175 5155
f 5155 5175 5176
f 5155 5176 5156
f 5156 5176 5177
f 5156 5177 5157
f 5157 5177 5178
f 5157 5178 5158
f 5158 5178 5179
f 5158 5179 5159
f 5159 5179 5180
f 5159 5180 5160
f 5160 5180 5181
f 5160 5181 5161
f 5161 5181 5182
f 5161 5182 5162
f 5162 5182 5183
f 5162 5183 4625
f 4625 5183 4648
f 4670 4693 5163
f 5163 4693 5184
f 5163 5184 5164
f 5164 5184 5185
f 5164 5185 5165
f 5165 5185 5186
f 5165 5186 5166
f 5166 5186 5187
f 5166 5187 5167
f 5167 5187 5188
f 5167 5188 5168
f 5168 5188 5189
f 5168 5189 5169
f 5169 5189 5190
f 5169 5190 5170
f 5170 5190 5191
f 5170 5191 5171
f 5171 5191 5192
f 5171 5192 5172
f 5172 5192 5193
f 5172 5193 5173
f 5173 5193 5194
f 5173 5194 5174
f 5174 5194 5195
f 5174 5195 5175
f 5175 5195 5196
f 5175 5196 5176
f 5176 5196 5197
f 5176 5197 5177
f 5177 5197 5198
f 5177 5198 5178
f 5178 5198 5199
f 5178 5199 5179
f 5179 5199 5200
f 5179 5200 5180
f 5180 5200 5201
f 5180 5201 5181
f 5181 5201 5202
f 5181 5202 5182
f 5182 5202 5203
f 5182 5203 5183
f 5183 5203 5204
f 5183 5204 4648
f 4648 5204 4671
f 4693 4716 5184
f 5184 4716 4736
f 5184 4736 5185
f 5185 4736 4735
f 5185 4735 5186
f 5186 4735 4724
f 5186 4724 5187
f 5187 4724 4723
f 5187 4723 5188
f 5188 4723 4744
f 5188 4744 5189
f 5189 4744 4743
f 5189 4743 5190
f 5190 4743 4742
f 5190 4742 5191
f 5191 4742 4726
f 5191 4726 5192
f 5192 4726 4725
f 5192 4725 5193
f 5193 4725 4738
f 5193 4738 5194
f 5194 4738 4737
f 5194 4737 5195
f 5195 4737 4747
f 5195 4747 5196
f 5196 4747 4746
f 5196 4746 5197
f 5197 4746 4745
f 5197 4745 5198
f 5198 4745 4728
f 5198 4728 5199
f 5199 4728 4727
f 5199 4727 5200
f 5200 4727 4741
f 5200 4741 5201
f 5201 4741 4740
f 5201 4740 5202
f 5202 4740 4739
f 5202 4739 5203
f 5203 4739 4730
f 5203 4730 5204
f 5204 4730 4729
f 5204 4729 4671
f 4671 4729 4694
f 4534 4552 4721
f 4534 4721 4535
f 4535 4721 4722
f 4535 4722 4536
f 4536 4722 4733
f 4536 4733 4537
f 4537 4733 4734
f 4537 4734 4538
f 4538 4734 4732
f 4538 4732 4501
f 4501 4732 4720
f 4501 4720 4502
f 4502 4720 4717
f 4502 4717 4503
f 4503 4717 4718
f 4503 4718 4504
f 4504 4718 4719
f 4504 4719 4505
f 4505 4719 4731
f 4505 4731 4506
f 4506 4731 4749
f 4506 4749 4507
f 4507 4749 4748
f 4507 4748 4508
f 4508 4748 4539
f 4508 4539 4509
f 2221 2079 4532
f 4532 2079 4471
f 4532 4471 4530
f 4471 4469 4530
f 4530 4469 4470
f 4530 4470 4528
f 4470 4467 4528
f 4528 4467 4468
f 4528 4468 4526
f 4526 4468 4465
f 4526 4465 4524
f 4524 4465 4466
f 4524 4466 4522
f 4522 4466 4472
f 4522 4472 4520
f 4472 2101 4520
f 4520 2101 4473
f 4520 4473 4518
f 4518 4473 4474
f 4518 4474 4516
f 4516 4474 4475
f 4516 4475 4514
f 4475 4476 4514
f 4514 4476 4477
f 4514 4477 4512
f 4477 4463 4512
f 4512 4463 4464
f 4512 4464 4510
f 4510 4464 4462
f 4510 4462 2209
f 2209 4462 2134
f 2052 2053 3903
f 3903 2053 3616
f 3903 3616 3786
f 3786 3616 3483
f 3786 3483 3784
f 3784 3483 3485
f 3784 3485 3914
f 3914 3485 3636
f 3914 3636 3921
f 3921 3636 3642
f 3921 3642 3916
f 3916 3642 3639
f 3916 3639 3789
f 3789 3639 3480
f 3789 3480 3787
f 3787 3480 3482
f 3787 3482 3901
f 3901 3482 3615
f 3901 3615 2032
f 2032 3615 2033
f 1949 1969 1950
f 1950 1969 3178
f 1950 3178 1951
f 1951 3178 3198
f 1951 3198 1958
f 1958 3198 3197
f 1958 3197 1954
f 1954 3197 1970
f 1934 1914 2163
f 2163 1914 1915
f 2163 1915 2166
f 2166 1915 1917
f 2166 1917 2167
f 2167 1917 1919
f 2167 1919 2168
f 2168 1919 1921
f 2168 1921 2165
f 2165 1921 1923
f 2165 1923 1928
f 1928 1923 1925
f 1909 1910 1916
f 1916 1910 4346
f 1916 4346 1918
f 1918 4346 4345
f 1918 4345 1920
f 1920 4345 4344
f 1920 4344 1922
f 1922 4344 4343
f 1922 4343 1924
f 1924 4343 4348
f 1924 4348 1897
f 1897 4348 1898
f 1896 1889 2174
f 2174 1889 1873
f 2174 1873 2172
f 2172 1873 1875
f 2172 1875 2171
f 2171 1875 1877
f 2171 1877 2169
f 2169 1877 1879
f 2169 1879 2170
f 2170 1879 1881
f 2170 1881 1890
f 1890 1881 1883
f 1871 1872 1874
f 1874 1872 4274
f 1874 4274 1876
f 1876 4274 4339
f 1876 4339 1878
f 1878 4339 4338
f 1878 4338 1880
f 1880 4338 4336
f 1880 4336 1882
f 1882 4336 4341
f 1882 4341 1859
f 1859 4341 1860
f 1858 1835 2148
f 2148 1835 1836
f 2148 1836 2150
f 2150 1836 1838
f 2150 1838 2151
f 2151 1838 1840
f 2151 1840 2152
f 2152 1840 1842
f 2152 1842 2153
f 2153 1842 1844
f 2153 1844 1852
f 1852 1844 1846
f 1833 1834 1837
f 1837 1834 4382
f 1837 4382 1839
f 1839 4382 4381
f 1839 4381 1841
f 1841 4381 4380
f 1841 4380 1843
f 1843 4380 4379
f 1843 4379 1845
f 1845 4379 4378
f 1845 4378 1821
f 1821 4378 1822
f 1820 1799 2158
f 2158 1799 1800
f 2158 1800 2159
f 2159 1800 1802
f 2159 1802 2155
f 2155 1802 1804
f 2155 1804 2160
f 2160 1804 1806
f 2160 1806 2161
f 2161 1806 1808
f 2161 1808 1814
f 1814 1808 1810
f 1795 1796 1801
f 1801 1796 4388
f 1801 4388 1803
f 1803 4388 4387
f 1803 4387 1805
f 1805 4387 4386
f 1805 4386 1807
f 1807 4386 4385
f 1807 4385 1809
f 1809 4385 4384
f 1809 4384 1783
f 1783 4384 1784
f 1782 1759 2137
f 2137 1759 1760
f 2137 1760 2138
f 2138 1760 1762
f 2138 1762 2139
f 2139 1762 1764
f 2139 1764 2140
f 2140 1764 1766
f 2140 1766 2141
f 2141 1766 1768
f 2141 1768 1776
f 1776 1768 1770
f 1757 1758 1761
f 1761 1758 4350
f 1761 4350 1763
f 1763 4350 4352
f 1763 4352 1765
f 1765 4352 4351
f 1765 4351 1767
f 1767 4351 4355
f 1767 4355 1769
f 1769 4355 4354
f 1769 4354 1745
f 1745 4354 1746
f 1744 1721 2142
f 2142 1721 1722
f 2142 1722 2143
f 2143 1722 1724
f 2143 1724 2144
f 2144 1724 1726
f 2144 1726 2145
f 2145 1726 1728
f 2145 1728 2146
f 2146 1728 1730
f 2146 1730 1738
f 1738 1730 1732
f 1719 1720 1723
f 1723 1720 4359
f 1723 4359 1725
f 1725 4359 4358
f 1725 4358 1727
f 1727 4358 4357
f 1727 4357 1729
f 1729 4357 4356
f 1729 4356 1731
f 1731 4356 4289
f 1731 4289 1707
f 1707 4289 1708
f 1706 1688 2117
f 2117 1688 1689
f 2117 1689 2118
f 2118 1689 1691
f 2118 1691 2119
f 2119 1691 1693
f 2119 1693 2123
f 2123 1693 1695
f 2123 1695 2124
f 2124 1695 1697
f 2124 1697 1700
f 1700 1697 1699
f 1681 1682 1690
f 1690 1682 4294
f 1690 4294 1692
f 1692 4294 4295
f 1692 4295 1694
f 1694 4295 4291
f 1694 4291 1696
f 1696 4291 4292
f 1696 4292 1698
f 1698 4292 4364
f 1698 4364 1669
f 1669 4364 1670
f 1668 1645 2127
f 2127 1645 1646
f 2127 1646 2126
f 2126 1646 1648
f 2126 1648 2130
f 2130 1648 1650
f 2130 1650 2131
f 2131 1650 1652
f 2131 1652 2132
f 2132 1652 1654
f 2132 1654 1662
f 1662 1654 1656
f 1643 1644 1647
f 1647 1644 4377
f 1647 4377 1649
f 1649 4377 4376
f 1649 4376 1651
f 1651 4376 4375
f 1651 4375 1653
f 1653 4375 4374
f 1653 4374 1655
f 1655 4374 4373
f 1655 4373 1631
f 1631 4373 1632
f 1630 1610 2104
f 2104 1610 1611
f 2104 1611 2106
f 2106 1611 1613
f 2106 1613 2107
f 2107 1613 1615
f 2107 1615 2108
f 2108 1615 1617
f 2108 1617 2102
f 2102 1617 1619
f 2102 1619 1624
f 1624 1619 1621
f 1605 1606 1612
f 1612 1606 4307
f 1612 4307 1614
f 1614 4307 4306
f 1614 4306 1616
f 1616 4306 4305
f 1616 4305 1618
f 1618 4305 4304
f 1618 4304 1620
f 1620 4304 4302
f 1620 4302 1593
f 1593 4302 1594
f 1592 1572 2109
f 2109 1572 1573
f 2109 1573 2110
f 2110 1573 1575
f 2110 1575 2111
f 2111 1575 1577
f 2111 1577 2114
f 2114 1577 1579
f 2114 1579 2115
f 2115 1579 1581
f 2115 1581 1586
f 1586 1581 1583
f 1567 1568 1574
f 1574 1568 4301
f 1574 4301 1576
f 1576 4301 4300
f 1576 4300 1578
f 1578 4300 4299
f 1578 4299 1580
f 1580 4299 4298
f 1580 4298 1582
f 1582 4298 4296
f 1582 4296 1555
f 1555 4296 1556
f 1554 1531 2093
f 2093 1531 1532
f 2093 1532 2087
f 2087 1532 1534
f 2087 1534 2088
f 2088 1534 1536
f 2088 1536 2089
f 2089 1536 1538
f 2089 1538 2091
f 2091 1538 1540
f 2091 1540 1548
f 1548 1540 1542
f 1529 1530 1533
f 1533 1530 4326
f 1533 4326 1535
f 1535 4326 4334
f 1535 4334 1537
f 1537 4334 4333
f 1537 4333 1539
f 1539 4333 4331
f 1539 4331 1541
f 1541 4331 4329
f 1541 4329 1517
f 1517 4329 1518
f 1516 1493 2096
f 2096 1493 1494
f 2096 1494 2097
f 2097 1494 1496
f 2097 1496 2098
f 2098 1496 1498
f 2098 1498 2099
f 2099 1498 1500
f 2099 1500 2100
f 2100 1500 1502
f 2100 1502 1510
f 1510 1502 1504
f 1491 1492 1495
f 1495 1492 4309
f 1495 4309 1497
f 1497 4309 4313
f 1497 4313 1499
f 1499 4313 4312
f 1499 4312 1501
f 1501 4312 4311
f 1501 4311 1503
f 1503 4311 4310
f 1503 4310 1479
f 1479 4310 1480
f 1478 1460 2190
f 2190 1460 1461
f 2190 1461 2192
f 2192 1461 1463
f 2192 1463 2193
f 2193 1463 1465
f 2193 1465 2194
f 2194 1465 1467
f 2194 1467 2195
f 2195 1467 1469
f 2195 1469 1472
f 1472 1469 1471
f 1453 1454 1462
f 1462 1454 4319
f 1462 4319 1464
f 1464 4319 4320
f 1464 4320 1466
f 1466 4320 4318
f 1466 4318 1468
f 1468 4318 4317
f 1468 4317 1470
f 1470 4317 4315
f 1470 4315 1441
f 1441 4315 1442
f 1440 1422 2081
f 2081 1422 1423
f 2081 1423 2082
f 2082 1423 1425
f 2082 1425 2083
f 2083 1425 1427
f 2083 1427 2084
f 2084 1427 1429
f 2084 1429 2085
f 2085 1429 1431
f 2085 1431 1434
f 1434 1431 1433
f 1415 1416 1424
f 1424 1416 4411
f 1424 4411 1426
f 1426 4411 4408
f 1426 4408 1428
f 1428 4408 4409
f 1428 4409 1430
f 1430 4409 4410
f 1430 4410 1432
f 1432 4410 4407
f 1432 4407 1403
f 1403 4407 1404
f 1402 1381 2181
f 2181 1381 1382
f 2181 1382 2182
f 2182 1382 1384
f 2182 1384 2178
f 2178 1384 1386
f 2178 1386 2176
f 2176 1386 1388
f 2176 1388 2180
f 2180 1388 1390
f 2180 1390 1396
f 1396 1390 1392
f 1377 1378 1383
f 1383 1378 4405
f 1383 4405 1385
f 1385 4405 4404
f 1385 4404 1387
f 1387 4404 4403
f 1387 4403 1389
f 1389 4403 4402
f 1389 4402 1391
f 1391 4402 4400
f 1391 4400 1365
f 1365 4400 1366
f 1364 1346 2188
f 2188 1346 1347
f 2188 1347 2189
f 2189 1347 1349
f 2189 1349 2184
f 2184 1349 1351
f 2184 1351 2186
f 2186 1351 1353
f 2186 1353 2187
f 2187 1353 1355
f 2187 1355 1358
f 1358 1355 1357
f 1339 1340 1348
f 1348 1340 4322
f 1348 4322 1350
f 1350 4322 4370
f 1350 4370 1352
f 1352 4370 4369
f 1352 4369 1354
f 1354 4369 4368
f 1354 4368 1356
f 1356 4368 4366
f 1356 4366 1327
f 1327 4366 1328
f 1325 1326 4454
f 4454 1326 3079
f 4454 3079 4453
f 4453 3079 3078
f 4453 3078 4452
f 4452 3078 3080
f 4452 3080 4451
f 4451 3080 3082
f 4451 3082 4450
f 4450 3082 3084
f 4450 3084 4449
f 4449 3084 3086
f 4449 3086 4448
f 4448 3086 3088
f 4448 3088 4447
f 4447 3088 3090
f 4447 3090 4446
f 4446 3090 3092
f 4446 3092 4445
f 4445 3092 3094
f 4445 3094 4444
f 4444 3094 3096
f 4444 3096 4443
f 4443 3096 3065
f 4443 3065 4442
f 4442 3065 3067
f 4442 3067 4440
f 4440 3067 3076
f 4440 3076 4441
f 4441 3076 3069
f 4441 3069 1293
f 1293 3069 1294
f 5205 5206 5207
f 5208 5209 5210
f 5211 5212 5213
f 5209 5208 5214
f 5214 5208 5215
f 5214 5215 5216
f 5207 5217 5205
f 5205 5217 5218
f 5205 5218 5219
f 5220 5221 5222
f 5222 5221 5223
f 5222 5223 5224
f 5212 5220 5213
f 5213 5220 5222
f 5213 5222 5219
f 5219 5222 5224
f 5219 5224 5205
f 5205 5224 5206
f 5225 5226 5215
f 5215 5226 5227
f 5215 5227 5216
f 5228 5211 5210
f 5210 5211 5213
f 5210 5213 5208
f 5208 5213 5219
f 5208 5219 5215
f 5215 5219 5218
f 5215 5218 5225
f 5225 5218 5217
f 5229 5230 5231
f 5231 5230 5232
f 5231 5232 5233
f 5233 5232 5234
f 5233 5234 5235
f 5235 5234 5236
f 5235 5236 5237
f 5237 5236 5238
f 5216 5229 5239
f 5239 5229 5231
f 5239 5231 5209
f 5209 5231 5233
f 5209 5233 5210
f 5210 5233 5235
f 5210 5235 5228
f 5228 5235 5237
f 5240 5241 5242
f 5243 5238 5244
f 5244 5238 5236
f 5244 5236 5245
f 5245 5236 5234
f 5245 5234 5242
f 5242 5234 5232
f 5242 5232 5240
f 5240 5232 5230
f 5242 5241 5246
f 5247 5243 5248
f 5248 5243 5244
f 5248 5244 5249
f 5249 5244 5245
f 5249 5245 5250
f 5250 5245 5242
f 5250 5242 5251
f 5251 5242 5246
f 5252 5253 5254
f 5255 5256 5257
f 5255 5257 5258
f 5248 5249 5252
f 5252 5249 5250
f 5252 5250 5253
f 5253 5250 5251
f 5253 5251 5246
f 5259 5260 5261
f 5261 5260 5258
f 5261 5258 5262
f 5262 5258 5257
f 5263 5264 5265
f 5265 5264 5266
f 5265 5266 5267
f 5254 5263 5252
f 5252 5263 5265
f 5252 5265 5248
f 5248 5265 5267
f 5248 5267 5247
f 5268 5269 5264
f 5264 5269 5270
f 5264 5270 5266
f 5254 5255 5263
f 5263 5255 5258
f 5263 5258 5264
f 5264 5258 5260
f 5264 5260 5268
f 5268 5260 5259
f 5268 5259 5271
f 5272 5273 5274
f 5275 5271 5259
f 5259 5261 5276
f 5277 5278 5272
f 5272 5278 5279
f 5279 5280 5272
f 5272 5280 5281
f 5272 5281 5273
f 5257 5256 5282
f 5282 5256 5283
f 5276 5261 5282
f 5282 5261 5262
f 5282 5262 5257
f 5284 5285 5275
f 5277 5272 5286
f 5286 5272 5274
f 5286 5274 5284
f 5284 5274 5287
f 5284 5287 5285
f 5285 5287 5288
f 5285 5288 5289
f 5275 5259 5284
f 5284 5259 5276
f 5284 5276 5286
f 5286 5276 5282
f 5286 5282 5277
f 5277 5282 5283
f 5277 5283 5278
f 5287 5274 5290
f 5291 5292 5293
f 5280 5292 5281
f 5281 5292 5291
f 5281 5291 5273
f 5273 5291 5274
f 5294 5288 5287
f 5293 5295 5294
f 5294 5295 5289
f 5294 5289 5288
f 5287 5290 5294
f 5294 5290 5293
f 5274 5291 5290
f 5290 5291 5293
f 5296 5297 5298
f 5298 5297 5299
f 5300 5301 5302
f 5299 5303 5298
f 5298 5303 5304
f 5298 5304 5305
f 5305 5304 5300
f 5305 5300 5306
f 5306 5300 5302
f 5307 5308 5309
f 5310 5311 5312
f 5309 5313 5307
f 5307 5313 5314
f 5307 5314 5315
f 5315 5314 5310
f 5315 5310 5316
f 5316 5310 5312
f 5256 5317 5283
f 5283 5317 5318
f 5283 5318 5278
f 5278 5318 5279
f 5279 5318 5319
f 5279 5319 5280
f 5280 5319 5320
f 5280 5320 5292
f 5292 5320 5321
f 5292 5321 5293
f 5322 5318 5317
f 5318 5322 5319
f 5321 5323 5324
f 5320 5323 5321
f 5325 5326 5324
f 5324 5326 5321
f 5320 5319 5323
f 5323 5319 5322
f 5323 5322 5324
f 5324 5322 5327
f 5324 5327 5325
f 5325 5327 5328
f 5329 5328 5330
f 5330 5328 5327
f 5330 5327 5331
f 5331 5327 5322
f 5331 5322 5332
f 5332 5322 5317
f 5333 5334 5329
f 5332 5317 5246
f 5230 5335 5240
f 5240 5335 5241
f 5329 5330 5333
f 5333 5330 5331
f 5333 5331 5336
f 5336 5331 5332
f 5336 5332 5335
f 5335 5332 5246
f 5335 5246 5241
f 5337 5338 5339
f 5337 5339 5340
f 5341 5342 5338
f 5338 5342 5339
f 5343 5344 5345
f 5230 5229 5346
f 5346 5229 5216
f 5346 5216 5347
f 5344 5334 5345
f 5345 5334 5333
f 5345 5333 5348
f 5348 5333 5336
f 5348 5336 5346
f 5346 5336 5335
f 5346 5335 5230
f 5347 5341 5346
f 5346 5341 5338
f 5346 5338 5348
f 5348 5338 5337
f 5348 5337 5345
f 5345 5337 5340
f 5343 5345 5349
f 5349 5345 5340
f 5349 5340 5339
f 5225 5217 5342
f 5342 5217 5339
f 5339 5217 5207
f 5339 5207 5206
f 5225 5342 5226
f 5226 5342 5341
f 5226 5341 5227
f 5227 5341 5347
f 5227 5347 5216
f 5350 5351 5352
f 5353 5354 5355
f 5355 5354 5356
f 5355 5356 5357
f 5357 5356 5350
f 5357 5350 5358
f 5358 5350 5352
f 5359 5360 5353
f 5353 5355 5359
f 5359 5355 5357
f 5359 5357 5361
f 5361 5357 5358
f 5361 5358 5352
f 5362 5360 5363
f 5363 5360 5359
f 5363 5359 5364
f 5364 5359 5361
f 5364 5361 5365
f 5366 5367 5368
f 5366 5368 5369
f 5369 5368 5370
f 5369 5370 5371
f 5372 5373 5374
f 5374 5373 5375
f 5374 5375 5366
f 5366 5375 5376
f 5366 5376 5367
f 5365 5372 5364
f 5364 5372 5374
f 5364 5374 5363
f 5377 5378 5379
f 5379 5378 5380
f 5379 5380 5381
f 5381 5380 5382
f 5381 5382 5383
f 5383 5382 5384
f 5383 5384 5363
f 5363 5384 5362
f 5363 5374 5383
f 5383 5374 5366
f 5383 5366 5381
f 5381 5366 5369
f 5381 5369 5379
f 5379 5369 5371
f 5379 5371 5377
f 5371 5370 5385
f 5386 5387 5388
f 5378 5377 5389
f 5389 5377 5390
f 5389 5390 5391
f 5391 5390 5392
f 5391 5392 5393
f 5393 5392 5388
f 5393 5388 5394
f 5394 5388 5387
f 5394 5387 5395
f 5396 5397 5386
f 5386 5388 5396
f 5396 5388 5392
f 5396 5392 5398
f 5398 5392 5390
f 5398 5390 5385
f 5385 5390 5377
f 5385 5377 5371
f 5399 5400 5401
f 5402 5403 5404
f 5405 5406 5407
f 5387 5406 5395
f 5395 5406 5405
f 5395 5405 5401
f 5400 5399 5408
f 5408 5399 5409
f 5408 5409 5410
f 5411 5412 5402
f 5402 5404 5411
f 5411 5404 5413
f 5411 5413 5414
f 5415 5416 5417
f 5417 5416 5418
f 5417 5418 5419
f 5419 5418 5420
f 5419 5420 5421
f 5421 5420 5386
f 5421 5386 5397
f 5410 5409 5422
f 5422 5409 5423
f 5422 5423 5424
f 5401 5405 5399
f 5399 5405 5407
f 5399 5407 5409
f 5409 5407 5414
f 5409 5414 5423
f 5423 5414 5413
f 5423 5413 5425
f 5425 5413 5404
f 5425 5404 5426
f 5426 5404 5403
f 5426 5403 5427
f 5387 5386 5406
f 5406 5386 5420
f 5406 5420 5407
f 5407 5420 5418
f 5407 5418 5414
f 5414 5418 5416
f 5414 5416 5411
f 5411 5416 5415
f 5411 5415 5412
f 5428 5429 5430
f 5430 5429 5431
f 5430 5431 5432
f 5432 5431 5433
f 5432 5433 5434
f 5434 5433 5435
f 5434 5435 5436
f 5436 5435 5437
f 5427 5428 5426
f 5426 5428 5430
f 5426 5430 5425
f 5425 5430 5432
f 5425 5432 5423
f 5423 5432 5434
f 5423 5434 5424
f 5424 5434 5436
f 5438 5439 5437
f 5437 5435 5438
f 5438 5435 5433
f 5438 5433 5440
f 5440 5433 5441
f 5441 5433 5431
f 5441 5431 5442
f 5442 5431 5429
f 5442 5429 5443
f 5444 5445 5446
f 5446 5445 5447
f 5446 5447 5448
f 5448 5447 5449
f 5448 5449 5450
f 5450 5449 5451
f 5452 5453 5454
f 5454 5453 5455
f 5454 5455 5456
f 5456 5455 5457
f 5456 5457 5458
f 5458 5457 5459
f 5460 5461 5462
f 5462 5461 5463
f 5462 5463 5464
f 5464 5463 5465
f 5464 5465 5466
f 5466 5465 5467
f 5466 5467 5468
f 5468 5467 5469
f 5468 5469 5470
f 5470 5469 5471
f 5472 5473 5474
f 5474 5473 5475
f 5474 5475 5476
f 5476 5475 5477
f 5478 5472 5474
f 5460 5462 5464
f 5478 5474 5470
f 5454 5479 5452
f 5452 5479 5480
f 5452 5480 5481
f 5481 5480 5482
f 5481 5482 5478
f 5478 5482 5483
f 5478 5483 5472
f 5474 5476 5470
f 5470 5476 5460
f 5470 5460 5468
f 5468 5460 5464
f 5468 5464 5466
f 5444 5446 5448
f 5448 5450 5444
f 5444 5450 5479
f 5444 5479 5458
f 5458 5479 5454
f 5458 5454 5456
f 5459 5445 5458
f 5458 5445 5444
f 5477 5461 5476
f 5476 5461 5460
f 5470 5471 5484
f 5470 5484 5478
f 5478 5484 5485
f 5478 5485 5481
f 5481 5485 5453
f 5481 5453 5452
f 5385 5370 5329
f 5334 5397 5396
f 5334 5396 5329
f 5329 5396 5398
f 5329 5398 5385
f 5365 5321 5372
f 5372 5321 5326
f 5372 5326 5373
f 5373 5326 5375
f 5375 5326 5325
f 5375 5325 5376
f 5376 5325 5367
f 5367 5325 5328
f 5367 5328 5368
f 5368 5328 5329
f 5368 5329 5370
f 5415 5417 5343
f 5343 5417 5419
f 5343 5419 5344
f 5344 5419 5421
f 5344 5421 5334
f 5334 5421 5397
f 5349 5339 5427
f 5427 5403 5349
f 5349 5403 5402
f 5349 5402 5343
f 5343 5402 5412
f 5343 5412 5415
f 5317 5256 5255
f 5255 5254 5317
f 5317 5254 5253
f 5317 5253 5246
f 5295 5293 5486
f 5486 5487 5295
f 5295 5487 5488
f 5295 5488 5289
f 5489 5490 5491
f 5491 5492 5489
f 5489 5492 5493
f 5489 5493 5494
f 5494 5493 5495
f 5495 5493 5496
f 5495 5496 5497
f 5497 5496 5498
f 5498 5496 5499
f 5498 5499 5500
f 5500 5499 5501
f 5501 5499 5502
f 5501 5502 5503
f 5503 5502 5504
f 5504 5502 5505
f 5504 5505 5506
f 5507 5508 5243
f 5243 5508 5238
f 5509 5510 5511
f 5511 5512 5509
f 5509 5512 5513
f 5509 5513 5514
f 5514 5513 5515
f 5515 5513 5516
f 5515 5516 5517
f 5518 5519 5516
f 5516 5519 5520
f 5516 5520 5517
f 5521 5522 5523
f 5523 5522 5524
f 5525 5526 5527
f 5525 5527 5528
f 5528 5527 5529
f 5528 5529 5530
f 5530 5529 5531
f 5530 5531 5532
f 5532 5531 5533
f 5532 5533 5534
f 5534 5533 5535
f 5534 5535 5536
f 5536 5535 5537
f 5536 5537 5538
f 5538 5537 5539
f 5538 5539 5540
f 5540 5539 5541
f 5540 5541 5542
f 5542 5541 5543
f 5542 5543 5544
f 5543 5545 5544
f 5544 5545 5546
f 5544 5546 5547
f 5547 5546 5548
f 5547 5548 5524
f 5524 5548 5549
f 5524 5549 5523
f 5526 5525 5550
f 5550 5525 5551
f 5552 5553 5554
f 5553 5555 5556
f 5555 5557 5558
f 5555 5558 5556
f 5556 5558 5559
f 5556 5559 5560
f 5560 5559 5561
f 5560 5561 5562
f 5562 5561 5563
f 5562 5563 5564
f 5564 5563 5565
f 5564 5565 5566
f 5566 5565 5567
f 5566 5567 5568
f 5568 5567 5569
f 5568 5569 5570
f 5570 5569 5571
f 5570 5571 5572
f 5572 5571 5573
f 5572 5573 5574
f 5574 5573 5575
f 5574 5575 5576
f 5576 5575 5577
f 5576 5577 5578
f 5578 5577 5579
f 5578 5579 5580
f 5553 5556 5554
f 5554 5556 5560
f 5554 5560 5581
f 5581 5560 5562
f 5581 5562 5582
f 5582 5562 5564
f 5582 5564 5583
f 5583 5564 5566
f 5583 5566 5584
f 5584 5566 5568
f 5584 5568 5585
f 5585 5568 5570
f 5585 5570 5586
f 5586 5570 5572
f 5586 5572 5587
f 5587 5572 5574
f 5587 5574 5588
f 5588 5574 5576
f 5588 5576 5589
f 5589 5576 5578
f 5589 5578 5590
f 5590 5578 5580
f 5590 5580 5591
f 5552 5554 5592
f 5592 5554 5581
f 5592 5581 5593
f 5593 5581 5582
f 5593 5582 5594
f 5594 5582 5583
f 5594 5583 5595
f 5595 5583 5584
f 5595 5584 5596
f 5596 5584 5585
f 5596 5585 5597
f 5597 5585 5586
f 5597 5586 5598
f 5598 5586 5587
f 5598 5587 5599
f 5599 5587 5588
f 5599 5588 5600
f 5600 5588 5589
f 5600 5589 5601
f 5601 5589 5590
f 5601 5590 5602
f 5602 5590 5591
f 5602 5591 5603
f 5604 5605 5606
f 5606 5605 5607
f 5606 5607 5608
f 5607 5609 5608
f 5608 5609 5610
f 5608 5610 5611
f 5610 5612 5611
f 5611 5612 5613
f 5611 5613 5614
f 5614 5613 5615
f 5614 5615 5616
f 5616 5615 5617
f 5616 5617 5618
f 5618 5617 5619
f 5618 5619 5620
f 5619 5621 5620
f 5620 5621 5622
f 5620 5622 5623
f 5624 5625 5626
f 5626 5625 5627
f 5626 5627 5628
f 5628 5627 5623
f 5628 5623 5629
f 5629 5623 5622
f 5625 5630 5627
f 5627 5630 5631
f 5627 5631 5623
f 5623 5631 5632
f 5623 5632 5620
f 5620 5632 5633
f 5620 5633 5618
f 5618 5633 5634
f 5618 5634 5616
f 5616 5634 5635
f 5616 5635 5614
f 5614 5635 5636
f 5614 5636 5611
f 5611 5636 5637
f 5611 5637 5608
f 5608 5637 5638
f 5608 5638 5606
f 5606 5638 5639
f 5606 5639 5604
f 5604 5639 5640
f 5630 5641 5631
f 5631 5641 5642
f 5631 5642 5632
f 5632 5642 5643
f 5632 5643 5633
f 5633 5643 5644
f 5633 5644 5634
f 5634 5644 5645
f 5634 5645 5635
f 5635 5645 5646
f 5635 5646 5636
f 5636 5646 5647
f 5636 5647 5637
f 5637 5647 5648
f 5637 5648 5638
f 5638 5648 5649
f 5638 5649 5639
f 5639 5649 5650
f 5639 5650 5640
f 5640 5650 5651
f 5641 5652 5642
f 5642 5652 5653
f 5642 5653 5643
f 5643 5653 5654
f 5643 5654 5644
f 5644 5654 5655
f 5644 5655 5645
f 5645 5655 5656
f 5645 5656 5646
f 5646 5656 5657
f 5646 5657 5647
f 5647 5657 5658
f 5647 5658 5648
f 5648 5658 5659
f 5648 5659 5649
f 5649 5659 5660
f 5649 5660 5650
f 5650 5660 5661
f 5650 5661 5651
f 5651 5661 5662
f 5663 5664 5665
f 5663 5665 5666
f 5666 5665 5667
f 5666 5667 5668
f 5668 5667 5669
f 5668 5669 5670
f 5670 5669 5671
f 5670 5671 5672
f 5672 5671 5673
f 5672 5673 5674
f 5674 5673 5675
f 5674 5675 5676
f 5603 5677 5602
f 5602 5677 5678
f 5602 5678 5601
f 5601 5678 5600
f 5600 5678 5679
f 5600 5679 5599
f 5599 5679 5598
f 5598 5679 5680
f 5598 5680 5597
f 5597 5680 5596
f 5596 5680 5681
f 5596 5681 5595
f 5595 5681 5594
f 5594 5681 5682
f 5594 5682 5593
f 5593 5682 5592
f 5592 5682 5683
f 5592 5683 5552
f 5567 5565 5684
f 5567 5684 5569
f 5569 5684 5685
f 5569 5685 5686
f 5686 5687 5569
f 5569 5687 5688
f 5569 5688 5579
f 5563 5689 5565
f 5565 5689 5690
f 5565 5690 5684
f 5563 5561 5689
f 5689 5561 5559
f 5689 5559 5558
f 5579 5577 5569
f 5569 5577 5575
f 5569 5575 5571
f 5571 5575 5573
f 5558 5557 5689
f 5689 5557 5691
f 5689 5691 5692
f 5692 5691 5693
f 5692 5693 5694
f 5695 5696 5697
f 5697 5696 5698
f 5697 5698 5699
f 5699 5698 5700
f 5699 5700 5701
f 5701 5700 5702
f 5701 5702 5703
f 5703 5702 5704
f 5703 5704 5677
f 5677 5704 5663
f 5677 5663 5678
f 5678 5663 5666
f 5678 5666 5679
f 5679 5666 5668
f 5679 5668 5680
f 5680 5668 5670
f 5680 5670 5681
f 5681 5670 5672
f 5681 5672 5682
f 5682 5672 5674
f 5682 5674 5683
f 5683 5674 5676
f 5683 5676 5695
f 5695 5676 5696
f 5664 5605 5665
f 5665 5605 5705
f 5665 5705 5706
f 5706 5707 5665
f 5665 5707 5708
f 5665 5708 5667
f 5708 5709 5667
f 5667 5709 5710
f 5667 5710 5669
f 5669 5710 5711
f 5669 5711 5671
f 5671 5711 5712
f 5671 5712 5713
f 5713 5714 5671
f 5671 5714 5715
f 5671 5715 5673
f 5624 5675 5716
f 5716 5675 5673
f 5716 5673 5717
f 5717 5673 5715
f 5365 5361 5321
f 5321 5361 5352
f 5505 5486 5506
f 5506 5486 5293
f 5506 5293 5718
f 5351 5719 5352
f 5352 5719 5718
f 5352 5718 5321
f 5321 5718 5293
f 5428 5427 5339
f 5511 5510 5720
f 5428 5339 5429
f 5429 5339 5206
f 5429 5206 5443
f 5443 5206 5720
f 5720 5206 5721
f 5720 5721 5511
f 5519 5518 5722
f 5722 5518 5723
f 5722 5723 5724
f 5725 5726 5727
f 5727 5726 5728
f 5727 5728 5723
f 5723 5728 5729
f 5723 5729 5724
f 5725 5727 5730
f 5730 5727 5731
f 5730 5731 5732
f 5490 5733 5491
f 5491 5733 5734
f 5491 5734 5731
f 5731 5734 5735
f 5731 5735 5732
f 5736 5737 5738
f 5739 5740 5741
f 5741 5740 5742
f 5741 5742 5743
f 5742 5744 5743
f 5743 5744 5745
f 5743 5745 5746
f 5746 5745 5747
f 5746 5747 5748
f 5749 5736 5750
f 5750 5736 5738
f 5750 5738 5751
f 5751 5738 5752
f 5751 5752 5753
f 5752 5754 5753
f 5753 5754 5755
f 5753 5755 5756
f 5756 5755 5757
f 5756 5757 5739
f 5739 5757 5758
f 5739 5758 5740
f 5749 5759 5736
f 5736 5759 5760
f 5736 5760 5761
f 5762 5763 5761
f 5761 5763 5764
f 5761 5764 5736
f 5765 5766 5767
f 5765 5768 5766
f 5766 5768 5769
f 5766 5769 5770
f 5748 5771 5746
f 5746 5771 5772
f 5746 5772 5773
f 5773 5772 5765
f 5773 5765 5774
f 5774 5765 5767
f 5775 5776 5777
f 5777 5776 5778
f 5779 5780 5781
f 5781 5780 5652
f 5782 5783 5784
f 5785 5786 5661
f 5661 5786 5662
f 5787 5788 5658
f 5658 5788 5659
f 5782 5784 5789
f 5790 5791 5777
f 5777 5791 5792
f 5777 5792 5775
f 5786 5793 5662
f 5662 5793 5794
f 5662 5794 5790
f 5790 5794 5795
f 5790 5795 5791
f 5785 5661 5796
f 5796 5661 5660
f 5796 5660 5797
f 5788 5798 5659
f 5659 5798 5799
f 5659 5799 5660
f 5660 5799 5800
f 5660 5800 5797
f 5787 5658 5801
f 5801 5658 5657
f 5801 5657 5802
f 5803 5804 5654
f 5654 5804 5655
f 5784 5805 5789
f 5789 5805 5806
f 5789 5806 5781
f 5781 5806 5807
f 5781 5807 5779
f 5783 5782 5808
f 5808 5782 5809
f 5808 5809 5810
f 5776 5811 5778
f 5778 5811 5812
f 5778 5812 5813
f 5804 5814 5655
f 5655 5814 5815
f 5655 5815 5656
f 5803 5654 5816
f 5816 5654 5653
f 5816 5653 5817
f 5780 5818 5652
f 5652 5818 5819
f 5652 5819 5653
f 5653 5819 5820
f 5653 5820 5817
f 5815 5821 5656
f 5656 5821 5822
f 5656 5822 5657
f 5657 5822 5823
f 5657 5823 5802
f 5812 5824 5813
f 5813 5824 5825
f 5813 5825 5826
f 5825 5827 5826
f 5826 5827 5828
f 5826 5828 5809
f 5809 5828 5829
f 5809 5829 5810
f 5830 5831 5832
f 5833 5834 5835
f 5836 5837 5838
f 5839 5840 5841
f 5842 5843 5844
f 5844 5843 5845
f 5844 5845 5846
f 5847 5848 5849
f 5849 5848 5850
f 5849 5850 5851
f 5851 5850 5852
f 5853 5854 5855
f 5856 5857 5855
f 5855 5857 5858
f 5855 5858 5853
f 5834 5859 5835
f 5835 5859 5856
f 5835 5856 5860
f 5860 5856 5855
f 5861 5862 5863
f 5863 5862 5864
f 5863 5864 5865
f 5865 5864 5866
f 5866 5864 5867
f 5866 5867 5868
f 5868 5867 5869
f 5868 5869 5870
f 5871 5872 5838
f 5873 5874 5837
f 5837 5874 5875
f 5837 5875 5838
f 5838 5875 5876
f 5838 5876 5871
f 5836 5877 5837
f 5837 5877 5878
f 5837 5878 5873
f 5873 5878 5879
f 5880 5881 5882
f 5882 5881 5883
f 5882 5883 5879
f 5879 5883 5884
f 5879 5884 5873
f 5882 5885 5880
f 5880 5885 5886
f 5880 5886 5887
f 5887 5886 5831
f 5887 5831 5888
f 5888 5831 5830
f 5839 5841 5889
f 5889 5841 5890
f 5889 5890 5891
f 5891 5890 5892
f 5891 5892 5893
f 5893 5892 5894
f 5893 5894 5895
f 5877 5846 5878
f 5878 5846 5845
f 5878 5845 5879
f 5879 5845 5843
f 5879 5843 5882
f 5882 5843 5896
f 5882 5896 5885
f 5885 5896 5897
f 5885 5897 5886
f 5886 5897 5898
f 5886 5898 5831
f 5831 5898 5899
f 5831 5899 5832
f 5853 5847 5854
f 5854 5847 5849
f 5854 5849 5872
f 5872 5849 5851
f 5872 5851 5838
f 5838 5851 5852
f 5838 5852 5836
f 5861 5900 5862
f 5862 5900 5901
f 5862 5901 5864
f 5864 5901 5902
f 5864 5902 5867
f 5867 5902 5903
f 5867 5903 5869
f 5871 5870 5872
f 5872 5870 5869
f 5872 5869 5854
f 5854 5869 5903
f 5854 5903 5855
f 5855 5903 5902
f 5855 5902 5860
f 5860 5902 5901
f 5860 5901 5835
f 5835 5901 5900
f 5835 5900 5833
f 5842 5840 5843
f 5843 5840 5839
f 5843 5839 5896
f 5896 5839 5889
f 5896 5889 5897
f 5897 5889 5891
f 5897 5891 5898
f 5898 5891 5893
f 5898 5893 5899
f 5899 5893 5895
f 5899 5895 5832
f 5904 5905 5906
f 5906 5905 5907
f 5906 5907 5908
f 5908 5907 5909
f 5908 5909 5910
f 5910 5909 5911
f 5911 5909 5912
f 5911 5912 5913
f 5913 5912 5914
f 5914 5912 5915
f 5914 5915 5916
f 5917 5918 5919
f 5919 5918 5920
f 5919 5920 5915
f 5915 5920 5921
f 5915 5921 5916
f 5917 5919 5922
f 5922 5919 5923
f 5922 5923 5924
f 5924 5923 5925
f 5924 5925 5926
f 5927 5928 5929
f 5911 5930 5931
f 5932 5933 5934
f 5935 5929 5906
f 5906 5929 5904
f 5904 5929 5936
f 5936 5929 5928
f 5936 5928 5937
f 5937 5928 5938
f 5937 5938 5939
f 5934 5933 5939
f 5939 5933 5940
f 5939 5940 5937
f 5932 5934 5941
f 5941 5934 5942
f 5941 5942 5943
f 5944 5945 5946
f 5946 5945 5947
f 5948 5949 5950
f 5950 5949 5951
f 5922 5924 5952
f 5952 5924 5926
f 5952 5926 5953
f 5926 5954 5953
f 5953 5954 5955
f 5953 5955 5949
f 5949 5955 5956
f 5949 5956 5951
f 5917 5957 5918
f 5918 5957 5958
f 5918 5958 5920
f 5911 5913 5930
f 5930 5913 5914
f 5930 5914 5959
f 5959 5914 5916
f 5959 5916 5958
f 5958 5916 5921
f 5958 5921 5920
f 5960 5908 5931
f 5931 5908 5910
f 5931 5910 5911
f 5950 5944 5948
f 5948 5944 5946
f 5948 5946 5949
f 5949 5946 5961
f 5949 5961 5953
f 5953 5961 5962
f 5953 5962 5963
f 5963 5962 5863
f 5938 5964 5939
f 5939 5964 5965
f 5939 5965 5934
f 5934 5965 5966
f 5934 5966 5942
f 5942 5966 5967
f 5942 5967 5943
f 5943 5967 5947
f 5943 5947 5968
f 5968 5947 5945
f 5969 5952 5970
f 5970 5952 5953
f 5970 5953 5971
f 5971 5953 5963
f 5969 5972 5952
f 5952 5972 5957
f 5952 5957 5922
f 5922 5957 5917
f 5973 5927 5974
f 5974 5927 5929
f 5974 5929 5960
f 5960 5929 5935
f 5960 5935 5908
f 5908 5935 5906
f 5972 5975 5957
f 5957 5975 5976
f 5957 5976 5737
f 5737 5977 5957
f 5957 5977 5978
f 5957 5978 5958
f 5958 5978 5979
f 5958 5979 5959
f 5959 5979 5980
f 5959 5980 5930
f 5981 5973 5982
f 5982 5973 5974
f 5982 5974 5983
f 5983 5974 5960
f 5983 5960 5984
f 5984 5960 5931
f 5984 5931 5985
f 5985 5931 5930
f 5985 5930 5986
f 5986 5930 5980
f 5987 5988 5989
f 5989 5988 5990
f 5989 5990 5991
f 5991 5990 5992
f 5991 5992 5993
f 5993 5992 5925
f 5993 5925 5994
f 5994 5925 5923
f 5994 5923 5995
f 5995 5923 5919
f 5995 5919 5996
f 5919 5915 5996
f 5996 5915 5912
f 5996 5912 5997
f 5997 5912 5909
f 5997 5909 5998
f 5998 5909 5907
f 5998 5907 5999
f 5999 5907 5905
f 5999 5905 6000
f 6000 5905 6001
f 6000 6001 6002
f 6002 6001 6003
f 6002 6003 5987
f 5987 6003 6004
f 5987 6004 5988
f 6005 5981 5982
f 6005 5982 6006
f 6006 5982 5983
f 6006 5983 6007
f 6007 5983 5984
f 6007 5984 6008
f 6008 5984 5985
f 6008 5985 6009
f 6009 5985 5986
f 6009 5986 6010
f 6010 5986 5980
f 6010 5980 6011
f 6011 5980 5979
f 6011 5979 6012
f 5737 5736 5977
f 5977 5736 6012
f 5977 6012 5978
f 5978 6012 5979
f 5981 6013 5973
f 5973 6013 6014
f 5973 6014 6015
f 5938 5928 6016
f 6016 5928 5927
f 6016 5927 6017
f 6017 5927 5973
f 6017 5973 6018
f 6018 5973 6015
f 2607 6019 2608
f 2608 6019 6020
f 6021 6022 6023
f 6023 6022 6024
f 6023 6024 6025
f 6026 6027 6028
f 6028 6027 6029
f 6028 6029 6030
f 6031 6032 6033
f 6033 6032 6034
f 6033 6034 5964
f 5964 5938 6033
f 6033 5938 6016
f 6033 6016 6031
f 6031 6016 6017
f 6031 6017 6024
f 6024 6017 6018
f 6024 6018 6025
f 2607 2591 6019
f 6019 2591 6035
f 6019 6035 6030
f 6030 6035 6036
f 6030 6036 6028
f 6028 6036 6037
f 6028 6037 6026
f 6026 6037 6038
f 6026 6038 6039
f 6020 6019 6021
f 6021 6019 6030
f 6021 6030 6022
f 6022 6030 6029
f 6022 6029 6024
f 6024 6029 6027
f 6024 6027 6031
f 6031 6027 6026
f 6031 6026 6032
f 6032 6026 6039
f 6032 6039 6034
f 5962 5961 6040
f 6040 5961 6041
f 5861 5863 5962
f 6042 6043 6044
f 6044 6043 6045
f 5966 6046 5967
f 5967 6046 6047
f 5967 6047 5947
f 5947 6047 6048
f 5947 6048 5946
f 5900 6049 5833
f 5833 6049 6050
f 5833 6050 5834
f 5834 6050 6051
f 6045 6043 6052
f 6052 6043 6053
f 6052 6053 6054
f 6054 6053 5965
f 6054 5965 5964
f 6044 6055 6042
f 6042 6055 6051
f 6042 6051 6041
f 6041 6051 6050
f 6041 6050 6040
f 6040 6050 6049
f 6040 6049 5962
f 5962 6049 5900
f 5962 5900 5861
f 5961 5946 6041
f 6041 5946 6048
f 6041 6048 6042
f 6042 6048 6047
f 6042 6047 6043
f 6043 6047 6046
f 6043 6046 6053
f 6053 6046 5966
f 6053 5966 5965
f 5866 5868 6056
f 6057 6058 6059
f 6058 6057 6060
f 6061 6062 6063
f 5754 5752 6064
f 5738 5737 6065
f 5970 6066 5969
f 5971 5963 6067
f 5737 5976 6065
f 6065 5976 5975
f 6065 5975 6066
f 6066 5975 5972
f 6066 5972 5969
f 5757 5755 6068
f 6069 6070 5742
f 5742 6070 6071
f 5742 6071 5744
f 5744 6071 6072
f 5744 6072 5745
f 6062 6073 6063
f 6063 6073 5771
f 6063 5771 6074
f 6074 5771 5748
f 6074 5748 5747
f 5830 6075 6076
f 6076 6075 6077
f 6076 6077 6078
f 5970 6079 6066
f 6066 6079 6064
f 6066 6064 6065
f 6065 6064 5752
f 6065 5752 5738
f 5970 6080 6079
f 6079 6080 6081
f 6079 6081 6064
f 6064 6081 6068
f 6064 6068 5754
f 5754 6068 5755
f 6082 6074 6072
f 6072 6074 5747
f 6072 5747 5745
f 6060 6061 6058
f 6058 6061 6063
f 6058 6063 6059
f 6059 6063 6074
f 6059 6074 6083
f 6083 6074 6082
f 6077 6057 6078
f 6078 6057 6059
f 6078 6059 6084
f 6084 6059 6083
f 6084 6083 6085
f 6085 6083 6082
f 6085 6082 6086
f 6086 6082 6072
f 6086 6072 6087
f 6087 6072 6071
f 6087 6071 6088
f 6088 6071 6070
f 6088 6070 6089
f 6088 5873 6087
f 6087 5873 5884
f 6087 5884 6086
f 6086 5884 5883
f 6086 5883 6085
f 6085 5883 5881
f 6085 5881 6084
f 6084 5881 5880
f 6084 5880 6078
f 6078 5880 5887
f 6078 5887 6076
f 6076 5887 5888
f 6076 5888 5830
f 5963 5863 6067
f 6067 5863 6080
f 6067 6080 5971
f 5971 6080 5970
f 6056 5868 6090
f 6090 5868 5870
f 6090 5870 6091
f 5863 5865 6080
f 6080 5865 6092
f 6080 6092 6081
f 6081 6092 6093
f 6081 6093 6068
f 6068 6093 6089
f 6068 6089 5757
f 5757 6089 6070
f 5757 6070 5758
f 5758 6070 6069
f 5870 5871 6091
f 6091 5871 5876
f 6091 5876 6094
f 6094 5876 5875
f 6094 5875 5874
f 5874 5873 6094
f 6094 5873 6088
f 6094 6088 6091
f 6091 6088 6089
f 6091 6089 6090
f 6090 6089 6093
f 6090 6093 6056
f 6056 6093 6092
f 6056 6092 5866
f 5866 6092 5865
f 5739 6095 6096
f 6095 6097 6098
f 6097 6099 6100
f 6099 6101 6102
f 6103 6104 6105
f 6105 6104 6106
f 6105 6106 6107
f 6107 6106 6108
f 6107 6108 6109
f 6109 6108 6110
f 6109 6110 6111
f 6103 6112 6104
f 6104 6112 6113
f 6104 6113 6114
f 6114 6113 6115
f 6114 6115 6116
f 6116 6115 6117
f 6116 6117 6118
f 6118 6117 6119
f 6118 6119 6120
f 6120 6119 6121
f 6121 6122 6120
f 6120 6122 6123
f 6120 6123 6124
f 6124 6123 6125
f 6124 6125 6126
f 6126 6125 6127
f 6126 6127 6128
f 6128 6127 6129
f 6128 6129 6130
f 6130 6129 6131
f 6131 6132 6130
f 6130 6132 6005
f 6130 6005 6006
f 6006 6133 6130
f 6130 6133 6134
f 6130 6134 6128
f 6128 6134 6135
f 6128 6135 6126
f 6126 6135 6136
f 6126 6136 6124
f 6124 6136 6137
f 6124 6137 6120
f 6120 6137 6138
f 6120 6138 6118
f 6118 6138 6139
f 6118 6139 6116
f 6116 6139 6140
f 6116 6140 6114
f 6114 6140 6141
f 6114 6141 6104
f 6104 6141 6142
f 6104 6142 6106
f 6106 6142 6102
f 6106 6102 6108
f 6108 6102 6101
f 6108 6101 6110
f 6099 6102 6100
f 6100 6102 6142
f 6100 6142 6143
f 6143 6142 6141
f 6143 6141 6144
f 6144 6141 6140
f 6144 6140 6145
f 6145 6140 6139
f 6145 6139 6146
f 6146 6139 6138
f 6146 6138 6147
f 6147 6138 6137
f 6147 6137 6148
f 6148 6137 6136
f 6148 6136 6149
f 6149 6136 6135
f 6149 6135 6150
f 6150 6135 6134
f 6150 6134 6151
f 6151 6134 6133
f 6151 6133 6152
f 6006 6007 6133
f 6133 6007 6008
f 6133 6008 6152
f 6152 6008 6009
f 6152 6009 6010
f 6097 6100 6098
f 6098 6100 6143
f 6098 6143 6153
f 6153 6143 6144
f 6153 6144 6154
f 6154 6144 6145
f 6154 6145 6155
f 6155 6145 6146
f 6155 6146 6156
f 6156 6146 6147
f 6156 6147 6157
f 6157 6147 6148
f 6157 6148 6158
f 6158 6148 6149
f 6158 6149 6159
f 6159 6149 6150
f 6159 6150 6160
f 6160 6150 6151
f 6160 6151 6161
f 6161 6151 6152
f 6161 6152 6162
f 6162 6152 6010
f 6162 6010 6011
f 6095 6098 6096
f 6096 6098 6153
f 6096 6153 6163
f 6163 6153 6154
f 6163 6154 6164
f 6164 6154 6155
f 6164 6155 6165
f 6165 6155 6156
f 6165 6156 6166
f 6166 6156 6157
f 6166 6157 6167
f 6167 6157 6158
f 6167 6158 6168
f 6168 6158 6159
f 6168 6159 6169
f 6169 6159 6160
f 6169 6160 6170
f 6170 6160 6161
f 6170 6161 6171
f 6171 6161 6162
f 6171 6162 6172
f 6172 6162 6011
f 6172 6011 6012
f 5739 6096 5756
f 5756 6096 6163
f 5756 6163 5753
f 5753 6163 6164
f 5753 6164 5751
f 5751 6164 6165
f 5751 6165 5750
f 5750 6165 6166
f 5750 6166 5749
f 5749 6166 6167
f 5749 6167 5759
f 5759 6167 6168
f 5759 6168 5760
f 5760 6168 6169
f 5760 6169 5761
f 5761 6169 6170
f 5761 6170 5762
f 5762 6170 6171
f 5762 6171 5763
f 5763 6171 6172
f 5763 6172 5764
f 5764 6172 6012
f 5764 6012 5736
f 5981 6005 6013
f 6013 6005 6173
f 6013 6173 6014
f 5771 6174 5772
f 5772 6174 6175
f 6174 6176 6175
f 6175 6176 6177
f 6175 6177 6178
f 6178 6177 6179
f 6178 6179 6180
f 6180 6179 6181
f 6181 6179 6182
f 6181 6182 6183
f 6184 6185 6186
f 6186 6185 6187
f 6186 6187 6188
f 6188 6187 6189
f 6188 6189 6190
f 6190 6189 6183
f 6190 6183 6191
f 6191 6183 6182
f 6192 6193 6194
f 6195 6196 6197
f 6197 6196 6198
f 6193 6199 6200
f 6192 6201 6193
f 6193 6201 6202
f 6193 6202 6199
f 6203 6204 6192
f 6192 6204 6205
f 6192 6205 6201
f 6206 6207 6208
f 6208 6207 6209
f 6208 6209 6210
f 6211 6212 6213
f 6211 6213 6214
f 6214 6213 6215
f 6214 6215 6206
f 6057 6214 6060
f 6060 6214 6216
f 6060 6216 6061
f 5830 6211 6075
f 6075 6211 6214
f 6075 6214 6077
f 6077 6214 6057
f 6061 6216 6062
f 6062 6216 6217
f 6062 6217 6073
f 6073 6217 6174
f 6073 6174 5771
f 6218 6196 6219
f 6219 6196 6220
f 6219 6220 6221
f 6222 6194 6223
f 6223 6194 6193
f 6223 6193 6224
f 6224 6193 6200
f 6224 6200 6225
f 6226 6208 6227
f 6227 6208 6210
f 6227 6210 6228
f 6229 6226 6230
f 6230 6226 6227
f 6230 6227 6231
f 6231 6227 6228
f 6231 6228 6232
f 6221 6233 6219
f 6219 6233 6234
f 6219 6234 6235
f 6235 6234 6184
f 6235 6184 6186
f 6186 6222 6235
f 6235 6222 6223
f 6235 6223 6219
f 6219 6223 6224
f 6219 6224 6218
f 6218 6224 6225
f 6218 6225 6196
f 6196 6225 6236
f 6196 6236 6198
f 6186 6188 6222
f 6222 6188 6232
f 6222 6232 6194
f 6194 6232 6228
f 6194 6228 6192
f 6192 6228 6210
f 6192 6210 6203
f 6203 6210 6209
f 6188 6190 6232
f 6232 6190 6191
f 6232 6191 6231
f 6231 6191 6182
f 6231 6182 6230
f 6230 6182 6179
f 6230 6179 6229
f 6229 6179 6177
f 6229 6177 6176
f 6206 6208 6214
f 6214 6208 6226
f 6214 6226 6216
f 6216 6226 6229
f 6216 6229 6217
f 6217 6229 6176
f 6217 6176 6174
f 6237 6238 6239
f 6239 6238 6185
f 6239 6185 6184
f 5772 6175 6240
f 6183 6189 6241
f 6189 6187 6242
f 6243 6244 6245
f 6245 6244 6246
f 6245 6246 6247
f 6247 6246 6242
f 6247 6242 6248
f 6248 6242 6187
f 6248 6187 6185
f 6243 6249 6244
f 6244 6249 6250
f 6244 6250 6251
f 6251 6250 6252
f 6251 6252 6253
f 6253 6252 6254
f 6253 6254 6255
f 6255 6254 6256
f 6255 6256 6257
f 6257 6256 6258
f 6258 6259 6257
f 6257 6259 6260
f 6257 6260 6261
f 6261 6260 6262
f 6261 6262 6263
f 6263 6262 6264
f 6263 6264 6265
f 6265 6264 6266
f 6265 6266 6267
f 6267 6266 6268
f 6268 6269 6267
f 6267 6269 6111
f 6267 6111 6110
f 6189 6242 6241
f 6241 6242 6246
f 6241 6246 6270
f 6270 6246 6244
f 6270 6244 6271
f 6271 6244 6251
f 6271 6251 6272
f 6272 6251 6253
f 6272 6253 6273
f 6273 6253 6255
f 6273 6255 6274
f 6274 6255 6257
f 6274 6257 6275
f 6275 6257 6261
f 6275 6261 6276
f 6276 6261 6263
f 6276 6263 6277
f 6277 6263 6265
f 6277 6265 6278
f 6278 6265 6267
f 6278 6267 6279
f 6279 6267 6110
f 6279 6110 6101
f 6180 6181 6280
f 6280 6181 6183
f 6183 6241 6280
f 6280 6241 6270
f 6280 6270 6281
f 6281 6270 6271
f 6281 6271 6282
f 6282 6271 6272
f 6282 6272 6283
f 6283 6272 6273
f 6283 6273 6284
f 6284 6273 6274
f 6284 6274 6285
f 6285 6274 6275
f 6285 6275 6286
f 6286 6275 6276
f 6286 6276 6287
f 6287 6276 6277
f 6287 6277 6288
f 6288 6277 6278
f 6288 6278 6289
f 6289 6278 6279
f 6289 6279 6290
f 6290 6279 6101
f 6290 6101 6099
f 6175 6178 6291
f 6291 6178 6180
f 6180 6280 6291
f 6291 6280 6281
f 6291 6281 6292
f 6292 6281 6282
f 6292 6282 6293
f 6293 6282 6283
f 6293 6283 6294
f 6294 6283 6284
f 6294 6284 6295
f 6295 6284 6285
f 6295 6285 6296
f 6296 6285 6286
f 6296 6286 6297
f 6297 6286 6287
f 6297 6287 6298
f 6298 6287 6288
f 6298 6288 6299
f 6299 6288 6289
f 6299 6289 6300
f 6300 6289 6290
f 6300 6290 6301
f 6301 6290 6099
f 6301 6099 6097
f 6175 6291 6240
f 6240 6291 6292
f 6240 6292 6302
f 6302 6292 6293
f 6302 6293 6303
f 6303 6293 6294
f 6303 6294 6304
f 6304 6294 6295
f 6304 6295 6305
f 6305 6295 6296
f 6305 6296 6306
f 6306 6296 6297
f 6306 6297 6307
f 6307 6297 6298
f 6307 6298 6308
f 6308 6298 6299
f 6308 6299 6309
f 6309 6299 6300
f 6309 6300 6310
f 6310 6300 6301
f 6310 6301 6311
f 6311 6301 6097
f 6311 6097 6095
f 5772 6240 5765
f 5765 6240 6302
f 5765 6302 5768
f 5768 6302 6303
f 5768 6303 5769
f 5769 6303 6304
f 5769 6304 5770
f 5770 6304 6305
f 5770 6305 5766
f 5766 6305 6306
f 5766 6306 5767
f 5767 6306 6307
f 5767 6307 5774
f 5774 6307 6308
f 5774 6308 5773
f 5773 6308 6309
f 5773 6309 5746
f 5746 6309 6310
f 5746 6310 5743
f 5743 6310 6311
f 5743 6311 5741
f 5741 6311 6095
f 5741 6095 5739
f 6312 6313 6314
f 6212 6211 6315
f 6315 6211 6316
f 6315 6316 6317
f 6317 6316 6318
f 6319 6320 6321
f 6321 6322 6319
f 6319 6322 6323
f 6319 6323 6314
f 6314 6323 6324
f 6314 6324 6312
f 6325 6326 6327
f 6327 6326 6328
f 6327 6328 6329
f 6330 6331 6332
f 6332 6331 5894
f 6333 6334 6335
f 6335 6334 6336
f 6335 6336 6337
f 6337 6336 6338
f 6337 6338 6339
f 6339 6338 6340
f 5894 6331 5895
f 5895 6331 6316
f 5895 6316 5832
f 5832 6316 6211
f 5832 6211 5830
f 6334 6325 6336
f 6336 6325 6327
f 6336 6327 6338
f 6338 6327 6329
f 6338 6329 6340
f 6340 6329 6330
f 6340 6330 6341
f 6341 6330 6332
f 6328 6321 6329
f 6329 6321 6320
f 6329 6320 6330
f 6330 6320 6319
f 6330 6319 6331
f 6331 6319 6314
f 6331 6314 6316
f 6316 6314 6313
f 6316 6313 6318
f 6205 6204 6342
f 6317 6343 6315
f 6315 6343 6344
f 6206 6215 6345
f 6345 6215 6213
f 6345 6213 6344
f 6344 6213 6212
f 6344 6212 6315
f 6206 6345 6207
f 6207 6345 6346
f 6207 6346 6209
f 6342 6204 6346
f 6346 6204 6203
f 6346 6203 6209
f 6200 6199 6347
f 6347 6199 6202
f 6347 6202 6342
f 6342 6202 6201
f 6342 6201 6205
f 6347 6348 6200
f 6200 6348 6349
f 6200 6349 6350
f 6225 6200 6350
f 6236 6225 6351
f 6351 6225 6350
f 6351 6350 6352
f 6353 6354 6355
f 6236 6351 6198
f 6198 6351 6197
f 6356 6357 6358
f 6358 6359 6356
f 6356 6359 6360
f 6356 6360 6351
f 6351 6360 6195
f 6351 6195 6197
f 6361 6362 6358
f 6358 6362 6363
f 6358 6363 6359
f 6353 6355 6364
f 6364 6355 6365
f 6364 6365 6366
f 6366 6367 6364
f 6364 6367 6368
f 6364 6368 6361
f 6361 6368 6369
f 6361 6369 6362
f 6357 6370 6358
f 6358 6370 6371
f 6358 6371 6361
f 6361 6371 6372
f 6361 6372 6364
f 6364 6372 6373
f 6364 6373 6353
f 6353 6373 3111
f 6370 3126 6371
f 6371 3126 4845
f 6371 4845 6372
f 6372 4845 3124
f 6372 3124 6373
f 6373 3124 3122
f 6373 3122 3111
f 6233 6374 6375
f 6195 6360 6196
f 6196 6360 6376
f 6196 6376 6220
f 6220 6376 6377
f 6220 6377 6221
f 6233 6375 6234
f 6234 6375 6378
f 6234 6378 6379
f 6379 6237 6234
f 6234 6237 6239
f 6234 6239 6184
f 6233 6221 6374
f 6374 6221 6377
f 6374 6377 6375
f 6375 6377 6380
f 6375 6380 6378
f 6111 6381 6109
f 6109 6381 6382
f 6109 6382 6107
f 6107 6382 6105
f 6105 6382 6383
f 6105 6383 6103
f 6384 6115 6385
f 6385 6115 6113
f 6385 6113 6383
f 6383 6113 6112
f 6383 6112 6103
f 6122 6121 6386
f 6386 6121 6119
f 6386 6119 6384
f 6384 6119 6117
f 6384 6117 6115
f 6122 6386 6123
f 6123 6386 6387
f 6123 6387 6125
f 6125 6387 6388
f 6125 6388 6127
f 6127 6388 6129
f 6129 6388 6389
f 6129 6389 6131
f 6173 6005 6389
f 6389 6005 6132
f 6389 6132 6131
f 6390 6391 6392
f 6393 6394 6395
f 6396 6397 6398
f 6399 6400 6401
f 6402 6403 6404
f 5856 5859 6405
f 6405 5859 5834
f 5856 6405 5857
f 5857 6405 6406
f 5857 6406 5858
f 5853 6407 5847
f 5847 6407 6408
f 5847 6408 5848
f 5848 6408 5850
f 6408 6409 5850
f 5850 6409 6410
f 5850 6410 5852
f 5852 6410 6411
f 5852 6411 5836
f 5836 6411 6412
f 5836 6412 5877
f 5877 6412 5846
f 5846 6412 6413
f 5846 6413 5844
f 5844 6413 5842
f 5842 6413 6414
f 5842 6414 5840
f 6415 6416 6417
f 5840 6414 5841
f 5841 6414 6418
f 5841 6418 5890
f 5890 6418 6415
f 5890 6415 5892
f 5892 6415 6417
f 5892 6417 5894
f 6419 6420 6415
f 6416 6415 6421
f 6421 6415 6420
f 6421 6420 6422
f 6422 6420 6423
f 6423 6420 6419
f 6423 6419 6424
f 6424 6419 6425
f 6424 6425 6426
f 6402 6404 6427
f 6427 6404 6428
f 6427 6428 6429
f 6430 6431 6432
f 6432 6431 6433
f 6434 6435 6436
f 6436 6435 6437
f 6436 6437 6438
f 6439 6440 6441
f 6442 6443 6444
f 6444 6443 6445
f 6433 6446 6432
f 6432 6446 6441
f 6432 6441 6430
f 6430 6441 6440
f 6430 6440 6435
f 6435 6440 6439
f 6435 6439 6437
f 6437 6439 6396
f 6437 6396 6438
f 6438 6396 6398
f 6447 6448 6449
f 6449 6448 6450
f 6449 6450 6451
f 6446 6442 6441
f 6441 6442 6444
f 6441 6444 6439
f 6439 6444 6445
f 6439 6445 6396
f 6396 6445 6452
f 6396 6452 6397
f 6397 6452 6453
f 6397 6453 6454
f 6455 6447 6456
f 6456 6447 6449
f 6456 6449 6457
f 6457 6449 6451
f 6457 6451 6458
f 6458 6451 6459
f 6458 6459 6460
f 6460 6459 6461
f 6460 6461 6462
f 6462 6461 6463
f 6462 6463 6464
f 6464 6463 6465
f 6465 6463 6466
f 6465 6466 6467
f 6468 6469 6470
f 6470 6469 6471
f 6470 6471 6472
f 6472 6471 6473
f 6472 6473 6392
f 6392 6473 6474
f 6392 6474 6390
f 6393 6395 6475
f 6475 6395 6476
f 6475 6476 6477
f 6425 6394 6426
f 6426 6394 6393
f 6426 6393 6403
f 6403 6393 6475
f 6403 6475 6404
f 6404 6475 6477
f 6404 6477 6428
f 6468 6478 6469
f 6469 6478 6464
f 6469 6464 6471
f 6471 6464 6465
f 6471 6465 6473
f 6473 6465 6467
f 6473 6467 6474
f 5853 5858 6407
f 6407 5858 6406
f 6407 6406 6479
f 6479 6406 6405
f 6399 6434 6400
f 6400 6434 6436
f 6400 6436 6401
f 6401 6436 6438
f 6401 6438 6480
f 6480 6438 6398
f 6480 6398 6455
f 6455 6398 6397
f 6455 6397 6447
f 6447 6397 6454
f 6447 6454 6448
f 6450 6481 6451
f 6451 6481 6482
f 6451 6482 6459
f 6459 6482 6483
f 6459 6483 6461
f 6461 6483 6484
f 6461 6484 6463
f 6463 6484 6485
f 6463 6485 6466
f 5834 6486 6405
f 6405 6486 6399
f 6405 6399 6479
f 6479 6399 6401
f 6479 6401 6407
f 6407 6401 6480
f 6407 6480 6408
f 6408 6480 6455
f 6408 6455 6409
f 6409 6455 6456
f 6409 6456 6410
f 6410 6456 6457
f 6410 6457 6411
f 6411 6457 6458
f 6411 6458 6412
f 6412 6458 6460
f 6412 6460 6413
f 6413 6460 6462
f 6413 6462 6414
f 6414 6462 6464
f 6414 6464 6418
f 6418 6464 6478
f 6418 6478 6415
f 6415 6478 6468
f 6415 6468 6419
f 6419 6468 6470
f 6419 6470 6425
f 6425 6470 6472
f 6425 6472 6394
f 6394 6472 6392
f 6394 6392 6395
f 6395 6392 6391
f 6395 6391 6476
f 6381 6111 6487
f 6487 6111 6269
f 6269 6268 6487
f 6487 6268 6266
f 6487 6266 6488
f 6266 6264 6488
f 6488 6264 6262
f 6488 6262 6489
f 6489 6262 6260
f 6489 6260 6490
f 6490 6260 6259
f 6259 6258 6490
f 6490 6258 6256
f 6490 6256 6491
f 6256 6254 6491
f 6491 6254 6252
f 6491 6252 6492
f 6492 6252 6250
f 6492 6250 6493
f 6493 6250 6249
f 6249 6243 6493
f 6493 6243 6245
f 6493 6245 6494
f 6185 6238 6248
f 6248 6238 6494
f 6248 6494 6247
f 6247 6494 6245
f 6495 5993 6496
f 6496 5993 5994
f 6496 5994 6497
f 6497 5994 5995
f 6497 5995 6498
f 6498 5995 5996
f 6498 5996 6499
f 6499 5996 5997
f 6499 5997 6500
f 6500 5997 5998
f 6500 5998 6501
f 6501 5998 5999
f 6025 6018 6502
f 2621 6023 2622
f 2622 6023 6025
f 6025 6502 2622
f 2622 6502 6503
f 2622 6503 2633
f 2633 6503 6504
f 2633 6504 2631
f 2631 6504 6505
f 2631 6505 2629
f 2629 6505 6506
f 2629 6506 2627
f 2627 6506 6507
f 2627 6507 2623
f 2608 6020 2621
f 2621 6020 6021
f 2621 6021 6023
f 2727 6508 2726
f 2729 2728 2726
f 2726 2728 2730
f 2726 2730 2727
f 2607 6501 2591
f 2591 6501 6509
f 2591 6509 6510
f 2608 6499 2607
f 2607 6499 6500
f 2607 6500 6501
f 2633 2631 2622
f 2622 2631 2629
f 2622 2629 2627
f 2627 2623 2622
f 2622 2623 6499
f 2622 6499 2621
f 2621 6499 2608
f 4781 6496 4780
f 4780 6496 6497
f 4780 6497 2623
f 2623 6497 6498
f 2623 6498 6499
f 2025 6510 2024
f 2024 6510 6511
f 2024 6511 2023
f 2023 6511 6512
f 6513 6495 2653
f 2653 6495 6496
f 2653 6496 2652
f 2652 6496 4781
f 2652 4781 2651
f 2651 4781 4782
f 2651 4782 2650
f 2650 4782 2649
f 4782 5309 2649
f 2649 5309 2012
f 2649 2012 2737
f 2737 2012 2013
f 2737 2013 2736
f 2736 2013 2732
f 2008 6514 2006
f 2006 6514 6515
f 2006 6515 2007
f 2007 6515 6516
f 2007 6516 2031
f 2031 6516 6517
f 2031 6517 2030
f 2030 6517 6518
f 2030 6518 2590
f 2590 6518 6519
f 2590 6519 6508
f 6508 6519 6520
f 6508 6520 2726
f 6520 6521 2726
f 2726 6521 6522
f 2726 6522 5308
f 5308 6522 6523
f 5308 6523 6524
f 2025 2026 6510
f 6510 2026 2027
f 6510 2027 2591
f 2591 2027 2028
f 2591 2028 2590
f 2590 2028 2029
f 2590 2029 2030
f 2008 2009 5308
f 5308 2009 2010
f 5308 2010 5309
f 5309 2010 2011
f 5309 2011 2012
f 2013 2014 2732
f 2732 2014 2015
f 2732 2015 2733
f 2733 2015 2016
f 2733 2016 2742
f 2742 2016 2017
f 2742 2017 2655
f 2655 2017 2018
f 2655 2018 2654
f 2654 2018 2019
f 2654 2019 2653
f 2653 2019 2020
f 2653 2020 6513
f 6513 2020 2021
f 6513 2021 6512
f 6512 2021 2022
f 6512 2022 2023
f 6524 6525 5308
f 5308 6525 6526
f 5308 6526 2008
f 2008 6526 6527
f 2008 6527 6514
f 6528 6529 6530
f 6054 6531 6532
f 6533 6045 6052
f 6045 6533 6534
f 6534 6533 6535
f 6534 6535 6536
f 6536 6535 6537
f 6537 6535 6538
f 6537 6538 6539
f 6528 6530 6540
f 6540 6530 6541
f 6540 6541 6542
f 6542 6541 6543
f 6542 6543 6544
f 6545 6036 6546
f 6546 6036 6035
f 6546 6035 2591
f 6034 6039 6547
f 6547 6039 6038
f 6547 6038 6545
f 6545 6038 6037
f 6545 6037 6036
f 6054 5964 6531
f 6531 5964 6034
f 6531 6034 6548
f 6548 6034 6547
f 6532 6531 6549
f 6549 6531 6548
f 6549 6548 6550
f 6550 6548 6547
f 6550 6547 6529
f 6529 6547 6545
f 6529 6545 6530
f 6530 6545 6546
f 6530 6546 6541
f 6541 6546 2591
f 6541 2591 6543
f 6543 2591 2590
f 6543 2590 6544
f 6528 6539 6529
f 6529 6539 6538
f 6529 6538 6550
f 6550 6538 6535
f 6550 6535 6549
f 6549 6535 6533
f 6549 6533 6532
f 6532 6533 6052
f 6532 6052 6054
f 6551 6552 6553
f 6552 6551 6433
f 6486 5834 6051
f 6554 6555 6434
f 6556 6554 6557
f 6557 6554 6434
f 6557 6434 6556
f 6556 6434 6399
f 6556 6399 6558
f 6559 6560 6558
f 6558 6560 6561
f 6558 6561 6556
f 6559 6558 6562
f 6562 6558 6563
f 6562 6563 6564
f 6564 6563 6565
f 6564 6565 6566
f 6044 6045 6567
f 6433 6431 6552
f 6552 6431 6430
f 6552 6430 6553
f 6553 6430 6435
f 6553 6435 6568
f 6568 6435 6434
f 6568 6434 6569
f 6569 6434 6555
f 6569 6555 6570
f 6571 6572 6573
f 6573 6572 6574
f 6573 6574 6575
f 6575 6574 6576
f 6575 6576 6577
f 6570 6571 6569
f 6569 6571 6573
f 6569 6573 6568
f 6568 6573 6575
f 6568 6575 6553
f 6553 6575 6577
f 6553 6577 6551
f 6578 6566 6567
f 6567 6566 6565
f 6567 6565 6044
f 6044 6565 6563
f 6044 6563 6055
f 6055 6563 6558
f 6055 6558 6051
f 6051 6558 6399
f 6051 6399 6486
f 6579 6580 6581
f 6581 6580 6582
f 6581 6582 6583
f 6584 6585 6586
f 6586 6585 6587
f 6587 6585 6588
f 6588 6585 6589
f 6588 6589 6590
f 6429 6591 6592
f 6592 6591 6593
f 6592 6593 6594
f 6594 6593 6590
f 6402 6427 6592
f 6592 6427 6429
f 6590 6589 6594
f 6594 6589 6426
f 6594 6426 6592
f 6592 6426 6403
f 6592 6403 6402
f 6595 6581 6424
f 6424 6581 6583
f 6424 6583 6423
f 6423 6583 6422
f 6332 5894 6417
f 6596 6597 6339
f 6598 6599 6596
f 6596 6599 6600
f 6596 6600 6597
f 6601 6602 6603
f 6603 6602 6604
f 6603 6604 6598
f 6598 6604 6605
f 6598 6605 6599
f 6424 6426 6595
f 6595 6426 6589
f 6595 6589 6581
f 6581 6589 6585
f 6581 6585 6579
f 6579 6585 6584
f 6339 6340 6596
f 6596 6340 6341
f 6596 6341 6598
f 6598 6341 6332
f 6598 6332 6603
f 6603 6332 6417
f 6603 6417 6601
f 6601 6417 6416
f 6601 6416 6583
f 6583 6416 6421
f 6583 6421 6422
f 6339 6606 6607
f 6606 6339 6608
f 6609 6356 6610
f 6610 6356 6351
f 6610 6351 6352
f 6609 6611 6356
f 6356 6611 6612
f 6356 6612 6357
f 6613 6370 6357
f 6370 6613 3126
f 3150 6614 6615
f 6615 6614 6616
f 6615 6616 6617
f 3150 3126 6614
f 6614 3126 6613
f 6614 6613 6616
f 6616 6613 6618
f 6616 6618 6617
f 6617 6618 6619
f 6620 6621 6622
f 6623 6624 6621
f 6625 6335 6337
f 6333 6335 6626
f 6626 6335 6625
f 6626 6625 6627
f 6621 6620 6623
f 6623 6620 6628
f 6623 6628 6629
f 6630 6624 6631
f 6631 6624 6623
f 6631 6623 6632
f 6632 6623 6629
f 6611 6627 6612
f 6612 6627 6625
f 6612 6625 6607
f 6607 6625 6337
f 6607 6337 6339
f 6608 6630 6606
f 6606 6630 6631
f 6606 6631 6607
f 6607 6631 6632
f 6607 6632 6612
f 6612 6632 6629
f 6612 6629 6357
f 6357 6629 6628
f 6357 6628 6613
f 6613 6628 6620
f 6613 6620 6618
f 6618 6620 6622
f 6618 6622 6619
f 6633 6634 6635
f 6635 6634 6636
f 6635 6636 6637
f 6637 6636 6638
f 6637 6638 6639
f 6639 6638 6349
f 6639 6349 6640
f 6640 6349 6348
f 6640 6348 6641
f 6641 6348 6347
f 6641 6347 6642
f 6347 6342 6642
f 6642 6342 6346
f 6642 6346 6643
f 6643 6346 6345
f 6643 6345 6644
f 6644 6345 6344
f 6644 6344 6645
f 6645 6344 6343
f 6645 6343 6646
f 6646 6343 6647
f 6646 6647 6648
f 6648 6647 6649
f 6648 6649 6633
f 6633 6649 6650
f 6633 6650 6634
f 3180 3179 3181
f 3181 3179 3177
f 3181 3177 6651
f 6651 3177 3175
f 1970 1971 1972
f 6652 3198 3197
f 5301 1978 1979
f 1978 5301 1977
f 1977 5301 4854
f 1977 4854 1976
f 3122 6653 6654
f 1975 1976 6655
f 6655 1976 4854
f 6655 4854 6656
f 6656 4854 3109
f 6656 3109 6657
f 6657 3109 3108
f 6657 3108 6658
f 6658 3108 3107
f 6658 3107 6654
f 6654 3107 3111
f 6654 3111 3122
f 3197 1970 6652
f 6652 1970 1972
f 6652 1972 6659
f 6659 1972 1973
f 6659 1973 6655
f 6655 1973 1974
f 6655 1974 1975
f 1979 1960 5301
f 5301 1960 1959
f 5301 1959 5302
f 5302 1959 1961
f 6660 6661 5302
f 5302 6661 6662
f 6663 6660 3202
f 3202 6660 5302
f 3202 5302 3170
f 3170 5302 1961
f 3170 1961 3171
f 3171 1961 1962
f 3171 1962 3172
f 3172 1962 1963
f 3172 1963 3173
f 3173 1963 1964
f 6664 6665 3201
f 3201 6665 6666
f 3201 6666 3202
f 3202 6666 6667
f 3202 6667 6663
f 6662 6668 5302
f 5302 6668 6669
f 5302 6669 3177
f 3177 6669 6670
f 3177 6670 6671
f 3182 3183 3150
f 3150 3183 3168
f 3122 3124 6653
f 6653 3124 4845
f 6653 4845 6672
f 1968 1969 3126
f 6671 6673 3177
f 3177 6673 6674
f 3177 6674 6664
f 4845 3126 6672
f 6672 3126 1969
f 6672 1969 6675
f 6675 1969 3178
f 6675 3178 6676
f 6676 3178 3198
f 6676 3198 6677
f 6677 3198 6652
f 3201 3200 6664
f 6664 3200 3182
f 6664 3182 3177
f 3177 3182 3150
f 3177 3150 3175
f 1968 3126 1967
f 1967 3126 3150
f 1967 3150 1966
f 1966 3150 3168
f 1966 3168 1965
f 1965 3168 3169
f 1965 3169 1964
f 1964 3169 3174
f 1964 3174 3173
f 6678 6354 3107
f 3107 6354 6353
f 3107 6353 3111
f 6476 6391 6679
f 5526 5550 6680
f 5531 5529 6485
f 6483 5539 5537
f 6483 5537 6484
f 6484 5537 5535
f 6484 5535 6485
f 6485 5535 5533
f 6485 5533 5531
f 5526 6680 5527
f 5529 5527 6485
f 6485 5527 6680
f 6485 6680 6466
f 6466 6680 6681
f 6466 6681 6467
f 6467 6681 6474
f 6679 6391 6681
f 6681 6391 6390
f 6681 6390 6474
f 6682 6429 6683
f 6683 6429 6428
f 6683 6428 6679
f 6679 6428 6477
f 6679 6477 6476
f 6684 6685 6686
f 6686 6685 6687
f 6686 6687 6682
f 6682 6687 6688
f 6682 6688 6429
f 6689 6690 6691
f 6691 6690 6692
f 6691 6692 6686
f 6686 6692 6693
f 6686 6693 6684
f 6689 6691 6694
f 6694 6691 6695
f 6694 6695 6696
f 6696 6695 6697
f 6697 6695 3180
f 6697 3180 3181
f 3109 6698 6699
f 3109 6699 3108
f 3108 6699 6678
f 3108 6678 3107
f 6700 6701 6519
f 6702 6703 6704
f 6517 6705 6518
f 6518 6705 6706
f 6518 6706 6519
f 6519 6706 6707
f 6519 6707 6700
f 6708 6709 6703
f 6703 6709 6710
f 6703 6710 6704
f 6526 6711 6527
f 6527 6711 6712
f 6527 6712 6514
f 6514 6712 6713
f 6514 6713 6515
f 6515 6713 6714
f 6515 6714 6516
f 6516 6714 6715
f 6516 6715 6517
f 6517 6715 6702
f 6517 6702 6705
f 6705 6702 6704
f 6716 2007 6717
f 6717 2007 2031
f 6717 2031 6718
f 6718 2031 2030
f 6718 2030 6719
f 6719 2030 2029
f 6716 6720 2007
f 2007 6720 2006
f 6721 2010 6722
f 6722 2010 2009
f 6722 2009 6723
f 6723 2009 2008
f 6723 2008 6720
f 6720 2008 2006
f 6721 6724 2010
f 2010 6724 2011
f 6725 2014 6726
f 6726 2014 2013
f 6726 2013 6727
f 6727 2013 2012
f 6727 2012 6724
f 6724 2012 2011
f 6725 6728 2014
f 2014 6728 2015
f 6729 2018 2017
f 6729 2017 6730
f 6730 2017 2016
f 6730 2016 6731
f 6731 2016 2015
f 6731 2015 6728
f 6729 6732 2018
f 2018 6732 2019
f 6733 2023 6734
f 6734 2023 2022
f 6734 2022 6735
f 6735 2022 2021
f 6735 2021 6736
f 6736 2021 2020
f 6736 2020 6732
f 6732 2020 2019
f 2024 2023 6737
f 6737 2023 6733
f 6738 2028 6739
f 6739 2028 2027
f 6739 2027 6740
f 6740 2027 2026
f 6740 2026 6741
f 6741 2026 2025
f 6741 2025 6737
f 6737 2025 2024
f 6738 6719 2028
f 2028 6719 2029
f 6742 6743 6744
f 6745 6746 6747
f 5297 5296 6748
f 6748 5296 6749
f 6750 6751 6749
f 6749 6751 6752
f 6749 6752 6748
f 6747 6746 6750
f 6750 6746 6753
f 6750 6753 6754
f 6754 6755 6750
f 6750 6755 6756
f 6750 6756 6751
f 6744 6743 6757
f 6757 6743 6758
f 6757 6758 6759
f 6759 6760 6757
f 6757 6760 6761
f 6757 6761 6747
f 6747 6761 6762
f 6747 6762 6745
f 6763 6764 3732
f 3732 6765 6763
f 6763 6765 6766
f 6763 6766 6744
f 6744 6766 6767
f 6744 6767 6742
f 5524 5522 6768
f 5247 5267 6769
f 6769 5551 5525
f 5528 5530 5507
f 5243 5247 5507
f 5507 5247 6769
f 5507 6769 5528
f 5528 6769 5525
f 5530 5532 5507
f 5507 5532 5534
f 5507 5534 6770
f 6770 5534 5536
f 6770 5536 6771
f 6771 5536 5538
f 6771 5538 6772
f 6772 5538 5540
f 6772 5540 6773
f 5540 5542 6773
f 6773 5542 5544
f 6773 5544 6768
f 6768 5544 5547
f 6768 5547 5524
f 5479 6773 5480
f 5480 6773 6768
f 5480 6768 5482
f 5482 6768 6774
f 5482 6774 5483
f 5483 6774 6775
f 5472 5483 5473
f 5473 5483 6775
f 5473 6775 6776
f 6776 6775 6777
f 6776 6777 6778
f 6778 6777 6779
f 6778 6779 6780
f 6780 6779 6781
f 6780 6781 6782
f 6782 6781 6783
f 6782 6783 2726
f 2726 6783 2729
f 5285 5289 5488
f 5285 5488 5275
f 3177 3179 6784
f 6784 3179 6785
f 6784 6785 6786
f 6786 6785 6787
f 6786 6787 6788
f 6788 6787 6789
f 6788 6789 6790
f 6790 6789 6791
f 6790 6791 5488
f 5488 6791 6792
f 5488 6792 5275
f 6793 5268 6792
f 6792 5268 5271
f 6792 5271 5275
f 5267 5266 6769
f 6769 5266 5270
f 6769 5270 6793
f 6793 5270 5269
f 6793 5269 5268
f 2728 2729 6794
f 6794 2729 6783
f 6794 6783 6795
f 6795 6783 6781
f 6795 6781 6796
f 6796 6781 6779
f 6796 6779 6797
f 6797 6779 6777
f 6797 6777 6798
f 6798 6777 6775
f 6798 6775 6799
f 6799 6775 6774
f 6799 6774 6800
f 6800 6774 6768
f 6800 6768 6801
f 6801 6768 5522
f 6801 5522 5521
f 6544 2590 6508
f 6802 6803 6804
f 6805 6806 6807
f 6808 6809 6810
f 6567 6045 6534
f 6540 6542 6811
f 6810 6809 6528
f 6809 6812 6528
f 6528 6812 6813
f 6528 6813 6539
f 6539 6813 6537
f 6813 6814 6537
f 6537 6814 6815
f 6537 6815 6536
f 6815 6816 6536
f 6536 6816 6817
f 6536 6817 6534
f 6578 6567 6818
f 6818 6567 6534
f 6818 6534 6819
f 6819 6534 6817
f 6807 6806 6820
f 6803 6821 6804
f 6804 6821 6822
f 6804 6822 6807
f 6807 6822 6823
f 6807 6823 6805
f 6572 6824 6574
f 6574 6824 6825
f 6574 6825 6826
f 6826 6825 6827
f 6827 6803 6826
f 6826 6803 6802
f 6826 6802 6574
f 6574 6802 6576
f 6577 6828 6551
f 6551 6828 6829
f 6551 6829 6433
f 6542 6544 6811
f 6811 6544 6830
f 6811 6830 6831
f 6806 6808 6820
f 6820 6808 6810
f 6820 6810 6832
f 6528 6540 6810
f 6810 6540 6811
f 6810 6811 6832
f 6832 6811 6831
f 6832 6831 6833
f 6834 6835 6836
f 6837 6838 6839
f 6840 6841 6842
f 6842 6841 6843
f 6842 6843 6837
f 6837 6839 6842
f 6842 6839 6844
f 6842 6844 6840
f 6836 6835 6845
f 6845 6835 6846
f 6845 6846 6847
f 6847 6846 6848
f 6847 6848 6841
f 6841 6848 6849
f 6841 6849 6843
f 6544 6508 6830
f 6830 6508 2727
f 6830 2727 6831
f 6831 2727 2730
f 6831 2730 6833
f 6833 6834 6832
f 6832 6834 6836
f 6832 6836 6820
f 6820 6836 6845
f 6820 6845 6807
f 6807 6845 6847
f 6807 6847 6804
f 6804 6847 6841
f 6804 6841 6802
f 6802 6841 6840
f 6802 6840 6576
f 6576 6840 6844
f 6576 6844 6577
f 6577 6844 6839
f 6577 6839 6828
f 6828 6839 6838
f 6828 6838 6829
f 6850 2649 6851
f 6851 2649 2737
f 6851 2737 6852
f 6852 2737 2736
f 6852 2736 6853
f 6853 2736 2732
f 6853 2732 6854
f 6854 2732 2733
f 6854 2733 6855
f 6855 2733 2742
f 6855 2742 6856
f 6856 2742 2655
f 6813 6857 6814
f 6814 6857 6858
f 6814 6858 6815
f 6815 6858 6816
f 6816 6858 6859
f 6816 6859 6817
f 6817 6859 6819
f 6819 6859 6860
f 6819 6860 6818
f 6818 6860 6578
f 6578 6860 6861
f 6578 6861 6566
f 6560 6559 6862
f 6862 6559 6562
f 6862 6562 6861
f 6861 6562 6564
f 6861 6564 6566
f 6560 6862 6561
f 6561 6862 6863
f 6561 6863 6556
f 6556 6863 6864
f 6556 6864 6554
f 6600 6599 6865
f 6582 6866 6583
f 6583 6866 6867
f 6583 6867 6601
f 6601 6867 6602
f 6602 6867 6868
f 6602 6868 6604
f 6865 6599 6868
f 6868 6599 6605
f 6868 6605 6604
f 6869 6870 6871
f 6871 6870 6872
f 6872 6873 6871
f 6871 6873 6874
f 6871 6874 6865
f 6865 6874 6597
f 6865 6597 6600
f 6875 6876 6877
f 6877 6878 6875
f 6875 6878 6879
f 6875 6879 6869
f 6869 6879 6880
f 6869 6880 6870
f 6690 6689 6881
f 6882 6883 6884
f 6884 6883 6885
f 6339 6597 6608
f 6608 6597 6874
f 6874 6873 6608
f 6608 6873 6872
f 6608 6872 6630
f 6872 6870 6630
f 6630 6870 6880
f 6630 6880 6624
f 6624 6880 6879
f 6624 6879 6621
f 6621 6879 6878
f 6621 6878 6622
f 6878 6877 6622
f 6622 6877 6886
f 6622 6886 6619
f 6619 6886 6617
f 6593 6591 6887
f 6887 6591 6429
f 6888 6588 6590
f 6889 6890 6888
f 6888 6890 6891
f 6888 6891 6588
f 6588 6891 6892
f 6588 6892 6587
f 6893 6894 6895
f 6895 6894 6896
f 6877 6897 6886
f 6886 6897 6898
f 6886 6898 6899
f 6900 6901 6902
f 6590 6903 6888
f 6888 6903 6895
f 6888 6895 6889
f 6889 6895 6896
f 6687 6685 6904
f 6904 6685 6684
f 6429 6688 6887
f 6887 6688 6902
f 6887 6902 6593
f 6593 6902 6901
f 6593 6901 6590
f 6590 6901 6900
f 6590 6900 6903
f 6903 6900 6885
f 6903 6885 6895
f 6895 6885 6883
f 6895 6883 6893
f 6893 6883 6905
f 6906 6907 6908
f 6908 6907 6909
f 6908 6909 6881
f 6615 6617 6910
f 6910 6617 6886
f 6910 6886 6882
f 6882 6886 6899
f 6882 6899 6883
f 6883 6899 6911
f 6883 6911 6905
f 6881 6689 6908
f 6908 6689 6694
f 6908 6694 6906
f 6906 6694 6696
f 6906 6696 6697
f 3150 6907 3175
f 3175 6907 6906
f 3175 6906 6651
f 6651 6906 6697
f 6651 6697 3181
f 6692 6884 6693
f 6693 6884 6885
f 6693 6885 6684
f 6684 6885 6900
f 6684 6900 6904
f 6904 6900 6902
f 6904 6902 6687
f 6687 6902 6688
f 6692 6690 6884
f 6884 6690 6881
f 6884 6881 6882
f 6882 6881 6909
f 6882 6909 6910
f 6910 6909 6907
f 6910 6907 6615
f 6615 6907 3150
f 6672 6639 6653
f 6653 6639 6640
f 6653 6640 6654
f 6654 6640 6641
f 6654 6641 6658
f 6658 6641 6642
f 6658 6642 6657
f 6657 6642 6643
f 6657 6643 6656
f 6656 6643 6644
f 6656 6644 6655
f 6655 6644 6645
f 6912 6913 6914
f 6914 6913 6915
f 6914 6915 6916
f 6916 6664 6914
f 6914 6664 6674
f 6914 6674 6917
f 6918 6661 6919
f 6919 6661 6660
f 6919 6660 6920
f 6920 6660 6663
f 6920 6663 6921
f 6921 6663 6667
f 6921 6667 6922
f 6922 6667 6666
f 6922 6666 6916
f 6916 6666 6665
f 6916 6665 6664
f 6923 1960 6924
f 6924 1960 1979
f 6924 1979 6925
f 6925 1979 1978
f 6925 1978 6926
f 6926 1978 1977
f 6923 6927 1960
f 1960 6927 1959
f 6928 1963 6929
f 6929 1963 1962
f 6929 1962 6930
f 6930 1962 1961
f 6930 1961 6927
f 6927 1961 1959
f 6928 6931 1963
f 1963 6931 1964
f 6932 1967 6933
f 6933 1967 1966
f 6933 1966 6934
f 6934 1966 1965
f 6934 1965 6931
f 6931 1965 1964
f 6932 6935 1967
f 1967 6935 1968
f 6936 1970 6937
f 6937 1970 3197
f 6937 3197 6938
f 6938 3197 3198
f 6938 3198 6939
f 6939 3198 3178
f 6939 3178 6940
f 6940 3178 1969
f 6941 1973 1972
f 6941 1972 6942
f 6942 1972 1971
f 6942 1971 6943
f 6943 1971 1970
f 6943 1970 6936
f 6944 1976 6945
f 6945 1976 1975
f 6945 1975 6946
f 6946 1975 1974
f 6946 1974 6941
f 6941 1974 1973
f 6944 6926 1976
f 1976 6926 1977
f 6947 3168 6948
f 6948 3168 3183
f 3170 6949 3202
f 3202 6949 6950
f 3202 6950 3201
f 3201 6950 6951
f 3201 6951 3200
f 3200 6951 6952
f 3200 6952 3182
f 3182 6952 6953
f 3182 6953 3183
f 3183 6953 6954
f 3183 6954 6948
f 6955 6859 6858
f 6955 6858 6956
f 6956 6858 6857
f 6956 6857 6957
f 6957 6857 6958
f 6957 6958 6959
f 6960 6961 6957
f 6957 6961 6708
f 6957 6708 6955
f 6955 6708 6703
f 6955 6703 6859
f 6859 6703 6702
f 6859 6702 6860
f 6860 6702 6715
f 6860 6715 6861
f 6861 6715 6714
f 6861 6714 6862
f 6862 6714 6713
f 6862 6713 6863
f 6863 6713 6712
f 6863 6712 6864
f 6864 6712 6711
f 6864 6711 6962
f 6962 6711 6963
f 6962 6963 6964
f 6964 6963 6965
f 6964 6965 6966
f 6966 6965 6967
f 6966 6967 6968
f 6968 6967 6969
f 6968 6969 6959
f 6959 6969 6960
f 6959 6960 6957
f 6956 6957 6970
f 6705 6971 6706
f 6706 6971 6707
f 6972 6973 6701
f 6974 6970 6975
f 6955 6956 6976
f 6976 6956 6970
f 6976 6970 6977
f 6977 6970 6978
f 6970 6974 6978
f 6978 6974 6979
f 6978 6979 6971
f 6975 6980 6974
f 6974 6980 6972
f 6974 6972 6979
f 6979 6972 6701
f 6979 6701 6971
f 6971 6701 6700
f 6971 6700 6707
f 6709 6973 6972
f 6709 6972 6710
f 6971 6705 6704
f 6704 6710 6971
f 6971 6710 6972
f 6971 6972 6978
f 6978 6972 6980
f 6978 6980 6977
f 6977 6980 6975
f 6977 6975 6976
f 6976 6975 6970
f 6976 6970 6955
f 6955 6970 6957
f 6729 6730 6719
f 6719 6730 6731
f 6719 6731 6718
f 6718 6731 6728
f 6718 6728 6717
f 6725 6720 6728
f 6728 6720 6716
f 6728 6716 6717
f 6719 6738 6729
f 6729 6738 6739
f 6729 6739 6740
f 6722 6723 6721
f 6721 6723 6720
f 6721 6720 6724
f 6724 6720 6725
f 6724 6725 6727
f 6727 6725 6726
f 6735 6736 6734
f 6734 6736 6732
f 6734 6732 6733
f 6733 6732 6729
f 6733 6729 6737
f 6737 6729 6740
f 6737 6740 6741
f 6981 6852 6853
f 6851 6852 6981
f 6850 6851 6981
f 6981 6855 6856
f 6854 6855 6981
f 6853 6854 6981
f 6875 6869 6982
f 6875 6982 6876
f 6876 6982 6983
f 6876 6983 6984
f 6984 6983 6985
f 6984 6985 6986
f 6915 6913 6985
f 6985 6913 6987
f 6985 6987 6986
f 6986 6987 6988
f 6986 6988 6989
f 6989 6988 6990
f 6989 6990 6991
f 6991 6990 6992
f 6991 6992 6993
f 6993 6992 6994
f 6993 6994 6995
f 6995 6994 6996
f 6995 6996 6866
f 6866 6996 6918
f 6866 6918 6867
f 6867 6918 6919
f 6867 6919 6868
f 6868 6919 6920
f 6868 6920 6865
f 6865 6920 6921
f 6865 6921 6871
f 6871 6921 6922
f 6871 6922 6869
f 6869 6922 6916
f 6869 6916 6982
f 6982 6916 6915
f 6982 6915 6985
f 6983 6982 6997
f 6917 6998 6999
f 6998 7000 6999
f 6999 7000 7001
f 6999 7001 7002
f 7003 6914 6917
f 6917 7004 7003
f 7003 7004 7005
f 7003 7005 7006
f 7006 7005 7007
f 7007 7005 7008
f 7007 7008 6997
f 6997 7008 6985
f 6997 6985 6983
f 6917 6999 7004
f 7004 6999 7009
f 7004 7009 7005
f 7005 7009 7010
f 7005 7010 7008
f 6912 6914 7003
f 6912 7003 7011
f 6999 7002 7012
f 7012 7011 6999
f 6999 7011 7003
f 6999 7003 7009
f 7009 7003 7006
f 7009 7006 7010
f 7010 7006 7007
f 7010 7007 7008
f 7008 7007 6997
f 7008 6997 6985
f 6985 6997 6982
f 6932 6933 6936
f 6931 6928 6943
f 6923 6924 6925
f 6945 6946 6944
f 6944 6946 6941
f 6944 6941 6926
f 6925 6926 6923
f 6923 6926 6941
f 6923 6941 6927
f 6927 6941 6942
f 6927 6942 6930
f 6930 6942 6943
f 6930 6943 6929
f 6929 6943 6928
f 6936 6933 6943
f 6943 6933 6934
f 6943 6934 6931
f 6938 6939 6937
f 6937 6939 6940
f 6937 6940 6936
f 6936 6940 6935
f 6936 6935 6932
f 7013 7014 7015
f 7015 7014 7016
f 7015 7016 7017
f 7017 7016 6949
f 6949 7016 6950
f 6950 7016 7018
f 6950 7018 6948
f 6952 6951 6953
f 6953 6951 6950
f 6953 6950 6954
f 6954 6950 6948
f 7019 7020 7021
f 7022 6947 6948
f 7023 7018 6947
f 7024 7025 7026
f 6947 7022 7023
f 7023 7022 7027
f 7023 7027 7028
f 7028 7027 7029
f 7029 7027 7024
f 7029 7024 7021
f 7021 7024 7026
f 7021 7026 7019
f 6948 7030 7022
f 7022 7030 7031
f 7022 7031 7027
f 7027 7031 7032
f 7027 7032 7024
f 7029 7031 7028
f 7028 7031 7030
f 7028 7030 7023
f 7023 7030 6948
f 7023 6948 7018
f 7021 7020 7019
f 7021 7024 7029
f 7029 7024 7032
f 7029 7032 7031
f 7021 7019 7024
f 7024 7019 7033
f 7024 7033 7025
f 7019 7026 7033
f 7033 7026 7025
f 3179 3180 6785
f 6785 3180 6695
f 6785 6695 6787
f 6787 6695 6691
f 6787 6691 6789
f 6789 6691 6686
f 6789 6686 6791
f 6791 6686 6682
f 6791 6682 6792
f 6792 6682 6683
f 6792 6683 6793
f 6793 6683 6679
f 6793 6679 6769
f 5550 5551 6680
f 6680 5551 6769
f 6680 6769 6681
f 6681 6769 6679
f 5793 7034 5794
f 5794 7034 7035
f 5794 7035 5795
f 5795 7035 7036
f 5795 7036 5791
f 5791 7036 7037
f 5791 7037 5792
f 5792 7037 7038
f 5792 7038 5775
f 5775 7038 7039
f 5775 7039 5776
f 5776 7039 7040
f 5776 7040 5811
f 5811 7040 7041
f 5811 7041 5812
f 5812 7041 7042
f 5812 7042 5824
f 5824 7042 7043
f 5824 7043 5825
f 5825 7043 7044
f 5825 7044 5827
f 5827 7044 7045
f 5827 7045 5828
f 5828 7045 7046
f 5828 7046 5829
f 5829 7046 7047
f 5829 7047 5810
f 5810 7047 7048
f 5810 7048 5808
f 5808 7048 7049
f 5808 7049 5783
f 5783 7049 7050
f 5783 7050 5784
f 5784 7050 7051
f 5784 7051 5805
f 5805 7051 7052
f 5805 7052 5806
f 5806 7052 7053
f 5806 7053 5807
f 5807 7053 7054
f 5807 7054 5779
f 5779 7054 7055
f 5779 7055 5780
f 7055 7056 5780
f 5780 7056 7057
f 5780 7057 5818
f 7058 7059 7060
f 7060 7059 7061
f 7060 7061 7062
f 7062 7061 7063
f 7062 7063 7064
f 7064 7063 7065
f 7065 7063 7066
f 7065 7066 7067
f 7067 7066 7068
f 7068 7066 7069
f 7068 7069 7070
f 7070 7069 7071
f 7071 7069 7072
f 7071 7072 7073
f 7073 7072 7074
f 7073 7074 7075
f 7075 7074 7076
f 7076 7074 7077
f 7076 7077 7078
f 7078 7077 7079
f 7078 7079 7080
f 7081 7082 7083
f 7083 7082 7084
f 7083 7084 7079
f 7079 7084 7085
f 7079 7085 7080
f 7086 7087 7081
f 7081 7087 7088
f 7081 7088 7082
f 5400 5408 7089
f 7089 5408 5410
f 5437 7087 5436
f 5436 7087 7086
f 5436 7086 5424
f 5424 7086 5422
f 5395 5401 7090
f 7091 5394 7092
f 7092 5394 5395
f 7092 5395 7093
f 7093 5395 7090
f 7094 5391 7091
f 7091 5391 5393
f 7091 5393 5394
f 5382 5380 7095
f 7095 5380 5378
f 7095 5378 7094
f 7094 5378 5389
f 7094 5389 5391
f 5362 5384 7096
f 5353 5360 7097
f 7097 5360 7098
f 7097 7098 7099
f 7099 7098 7100
f 7099 7100 7101
f 7101 7100 7102
f 7102 7100 7103
f 7102 7103 7104
f 7104 7103 7105
f 7104 7105 7106
f 7106 7105 7107
f 7107 7105 7108
f 7107 7108 7109
f 7109 7108 7110
f 7109 7110 7111
f 7112 7113 7114
f 7114 7113 7115
f 7114 7115 7110
f 7110 7115 7116
f 7110 7116 7111
f 5360 5362 7098
f 7098 5362 7096
f 7098 7096 7100
f 7100 7096 7117
f 7100 7117 7103
f 7103 7117 7118
f 7103 7118 7105
f 7105 7118 7119
f 7105 7119 7108
f 7108 7119 7120
f 7108 7120 7110
f 7110 7120 7121
f 7110 7121 7114
f 7114 7121 7122
f 7114 7122 7112
f 7112 7122 7123
f 7059 7124 7061
f 7061 7124 7125
f 7061 7125 7063
f 7063 7125 7126
f 7063 7126 7066
f 7066 7126 7127
f 7066 7127 7069
f 7069 7127 7128
f 7069 7128 7072
f 7072 7128 7129
f 7072 7129 7074
f 7074 7129 7130
f 7074 7130 7077
f 7077 7130 7131
f 7077 7131 7079
f 7079 7131 7132
f 7079 7132 7083
f 7083 7132 7133
f 7083 7133 7081
f 7081 7133 7134
f 7081 7134 7086
f 7086 7134 7089
f 7086 7089 5422
f 5422 7089 5410
f 5384 5382 7096
f 7096 5382 7095
f 7096 7095 7117
f 7117 7095 7135
f 7117 7135 7118
f 7118 7135 7136
f 7118 7136 7119
f 7119 7136 7137
f 7119 7137 7120
f 7120 7137 7138
f 7120 7138 7121
f 7121 7138 7139
f 7121 7139 7122
f 7122 7139 7140
f 7122 7140 7123
f 7123 7140 7141
f 7124 7142 7125
f 7125 7142 7143
f 7125 7143 7126
f 7126 7143 7144
f 7126 7144 7127
f 7127 7144 7145
f 7127 7145 7128
f 7128 7145 7146
f 7128 7146 7129
f 7129 7146 7147
f 7129 7147 7130
f 7130 7147 7148
f 7130 7148 7131
f 7131 7148 7149
f 7131 7149 7132
f 7132 7149 7150
f 7132 7150 7133
f 7133 7150 7151
f 7133 7151 7134
f 7134 7151 7152
f 7134 7152 7089
f 7089 7152 7090
f 7089 7090 5400
f 5400 7090 5401
f 7142 7153 7143
f 7143 7153 7154
f 7143 7154 7144
f 7144 7154 7155
f 7144 7155 7145
f 7145 7155 7156
f 7145 7156 7146
f 7146 7156 7157
f 7146 7157 7147
f 7147 7157 7158
f 7147 7158 7148
f 7148 7158 7159
f 7148 7159 7149
f 7149 7159 7160
f 7149 7160 7150
f 7150 7160 7161
f 7150 7161 7151
f 7151 7161 7162
f 7151 7162 7152
f 7152 7162 7163
f 7152 7163 7090
f 7090 7163 7164
f 7090 7164 7093
f 7093 7164 7165
f 7093 7165 7092
f 7092 7165 7166
f 7092 7166 7091
f 7091 7166 7167
f 7091 7167 7094
f 7094 7167 7168
f 7094 7168 7095
f 7095 7168 7169
f 7095 7169 7135
f 7135 7169 7170
f 7135 7170 7136
f 7136 7170 7171
f 7136 7171 7137
f 7137 7171 7172
f 7137 7172 7138
f 7138 7172 7173
f 7138 7173 7139
f 7139 7173 7174
f 7139 7174 7140
f 7140 7174 7175
f 7140 7175 7141
f 7141 7175 7176
f 7153 7057 7154
f 7154 7057 7056
f 7154 7056 7155
f 7155 7056 7055
f 7155 7055 7156
f 7156 7055 7054
f 7156 7054 7157
f 7157 7054 7053
f 7157 7053 7158
f 7158 7053 7052
f 7158 7052 7159
f 7159 7052 7051
f 7159 7051 7160
f 7160 7051 7050
f 7160 7050 7161
f 7161 7050 7049
f 7161 7049 7162
f 7162 7049 7048
f 7162 7048 7163
f 7163 7048 7047
f 7163 7047 7164
f 7164 7047 7046
f 7164 7046 7165
f 7165 7046 7045
f 7165 7045 7166
f 7166 7045 7044
f 7166 7044 7167
f 7167 7044 7043
f 7167 7043 7168
f 7168 7043 7042
f 7168 7042 7169
f 7169 7042 7041
f 7169 7041 7170
f 7170 7041 7040
f 7170 7040 7171
f 7171 7040 7039
f 7171 7039 7172
f 7172 7039 7038
f 7172 7038 7173
f 7173 7038 7037
f 7173 7037 7174
f 7174 7037 7036
f 7174 7036 7175
f 7175 7036 7035
f 7175 7035 7176
f 7176 7035 7034
f 5354 5353 7097
f 5354 7097 7177
f 7177 7097 7099
f 7177 7099 7178
f 7178 7099 7101
f 7178 7101 7179
f 7179 7101 7102
f 7179 7102 7180
f 7180 7102 7104
f 7180 7104 7181
f 7181 7104 7106
f 7181 7106 7182
f 7106 7107 7182
f 7182 7107 7109
f 7182 7109 7183
f 7183 7109 7111
f 7183 7111 7184
f 7184 7111 7116
f 7184 7116 7185
f 7185 7116 7115
f 7185 7115 7186
f 7186 7115 7113
f 7187 7188 7189
f 7189 7190 7187
f 7187 7190 7191
f 7187 7191 7192
f 7191 7193 7192
f 7192 7193 7194
f 7192 7194 7195
f 7194 7196 7195
f 7195 7196 7197
f 7195 7197 7198
f 7197 7199 7198
f 7198 7199 7200
f 7198 7200 7201
f 7200 7202 7201
f 7201 7202 7203
f 7201 7203 7204
f 7203 7205 7204
f 7204 7205 7206
f 7204 7206 7207
f 5438 5440 5439
f 5439 5440 5441
f 5439 5441 7208
f 7208 5441 7209
f 7208 7209 7210
f 7210 7209 7207
f 7210 7207 7211
f 7211 7207 7206
f 6504 6503 6014
f 6678 6699 7212
f 6014 6503 6015
f 6015 6503 6502
f 6015 6502 6018
f 7212 6699 7213
f 7213 6699 6698
f 7213 6698 5719
f 5719 6698 7214
f 5719 7214 5718
f 5443 5720 7215
f 7195 7198 7216
f 6360 6359 6376
f 6376 6359 6363
f 6376 6363 6362
f 7209 5441 5442
f 5442 5443 7209
f 7209 5443 7215
f 7209 7215 7207
f 7207 7215 7217
f 7207 7217 7204
f 7204 7217 7218
f 7204 7218 7201
f 7201 7218 7219
f 7201 7219 7198
f 7198 7219 7220
f 7198 7220 7216
f 7221 7222 6389
f 6362 6369 6376
f 6376 6369 6368
f 6376 6368 6377
f 6377 6368 6367
f 6377 6367 6380
f 6380 6367 6366
f 6389 7222 6173
f 6173 7222 7188
f 6173 7188 7187
f 6014 6173 6504
f 6504 6173 7187
f 6504 7187 6505
f 6505 7187 7192
f 6505 7192 6506
f 6506 7192 7195
f 6506 7195 6507
f 6507 7195 7216
f 6366 6365 6380
f 6380 6365 6355
f 6380 6355 6378
f 6378 6355 6354
f 6389 6388 7221
f 7221 6388 6387
f 7221 6387 7223
f 7223 6387 6386
f 7223 6386 7224
f 7224 6386 6384
f 7224 6384 7225
f 7225 6384 6385
f 7225 6385 7226
f 7226 6385 6383
f 7226 6383 7227
f 7227 6383 6382
f 7227 6382 7228
f 7228 6382 6381
f 7228 6381 7229
f 7229 6381 6487
f 7229 6487 7230
f 6237 6379 7231
f 7231 6379 6378
f 7231 6378 7212
f 7212 6378 6354
f 7212 6354 6678
f 6487 6488 7230
f 7230 6488 6489
f 7230 6489 7232
f 7232 6489 6490
f 7232 6490 7233
f 7233 6490 6491
f 7233 6491 7234
f 7234 6491 6492
f 7234 6492 7235
f 7235 6492 6493
f 7235 6493 7236
f 7236 6493 6494
f 7236 6494 7237
f 7237 6494 6238
f 7237 6238 7238
f 7238 6238 6237
f 7238 6237 7239
f 7239 6237 7231
f 5506 5718 7214
f 7240 7215 5720
f 5720 5510 7240
f 7240 5510 5509
f 7240 5509 7241
f 7241 5509 5514
f 7241 5514 3732
f 3732 5514 5515
f 3732 5515 5517
f 5517 5520 3732
f 3732 5520 5519
f 3732 5519 6765
f 6765 5519 5722
f 6765 5722 6766
f 6766 5722 5724
f 6766 5724 6767
f 6767 5724 5729
f 6767 5729 6742
f 6742 5729 5728
f 6742 5728 6743
f 6743 5728 6758
f 5733 6754 6753
f 5733 6753 5734
f 6753 6746 5734
f 5734 6746 6745
f 5734 6745 5735
f 5735 6745 6762
f 5735 6762 5732
f 5728 5726 6758
f 6758 5726 5725
f 6758 5725 6759
f 6759 5725 5730
f 6759 5730 6760
f 6760 5730 5732
f 6760 5732 6761
f 6761 5732 6762
f 5733 5490 6754
f 6754 5490 5489
f 6754 5489 6755
f 6755 5489 5494
f 5299 5297 7242
f 5300 5304 7242
f 7242 5304 5303
f 7242 5303 5299
f 5297 6748 7242
f 7242 6748 5301
f 7242 5301 5300
f 5497 6752 5495
f 5495 6752 6751
f 5495 6751 5494
f 5494 6751 6756
f 5494 6756 6755
f 6748 6752 5301
f 5301 6752 5497
f 5301 5497 4854
f 4854 5497 5498
f 4854 5498 5500
f 5500 5501 4854
f 4854 5501 5503
f 4854 5503 5504
f 5504 5506 4854
f 4854 5506 7214
f 4854 7214 3109
f 3109 7214 6698
f 7243 7244 4782
f 7245 7246 7219
f 7244 5311 7247
f 4782 7244 5309
f 5309 7244 7247
f 5309 7247 5313
f 5311 5310 7247
f 7247 5310 5314
f 7247 5314 5313
f 7248 7249 7218
f 7218 7249 7250
f 7250 7251 7218
f 7218 7251 7252
f 7218 7252 7219
f 7219 7252 7253
f 7219 7253 7245
f 7215 7240 7217
f 7217 7240 7254
f 7217 7254 7255
f 7255 7256 7217
f 7217 7256 7257
f 7217 7257 7218
f 7218 7257 7258
f 7218 7258 7248
f 2623 6507 4780
f 4780 6507 7216
f 4780 7216 4781
f 4781 7216 7220
f 4781 7220 4782
f 4782 7220 7219
f 4782 7219 7243
f 7243 7219 7246
f 5475 5473 6776
f 6772 6773 5451
f 5451 5449 6772
f 6772 5449 5447
f 6772 5447 6771
f 6782 2726 5465
f 6764 5457 5455
f 6782 5465 6780
f 6780 5465 5463
f 6780 5463 6778
f 6778 5463 5461
f 6778 5461 6776
f 6776 5461 5477
f 6776 5477 5475
f 5467 5465 7259
f 7259 5465 2726
f 7259 2726 7260
f 7260 2726 5312
f 5499 5496 6784
f 6784 5496 5302
f 6784 5302 3177
f 5315 5316 5307
f 5307 5316 5312
f 5307 5312 5308
f 5308 5312 2726
f 5296 5298 5305
f 5488 5487 6790
f 6790 5487 5486
f 6790 5486 5505
f 5305 5306 5296
f 5296 5306 5302
f 5296 5302 6749
f 6749 5302 5496
f 6749 5496 6750
f 7261 7262 6770
f 6770 7262 5508
f 6770 5508 5507
f 6764 5455 7263
f 7263 5455 5453
f 7263 5453 7264
f 7264 5453 5485
f 7264 5485 7265
f 7265 5485 5484
f 7265 5484 7266
f 7266 5484 5471
f 7266 5471 7259
f 7259 5471 5469
f 7259 5469 5467
f 5499 6784 5502
f 5502 6784 6786
f 5502 6786 5505
f 5505 6786 6788
f 5505 6788 6790
f 7261 6770 7267
f 7267 6770 6771
f 7267 6771 7268
f 7268 6771 5447
f 7268 5447 5721
f 5721 5447 5445
f 5721 5445 5511
f 5511 5445 5459
f 5511 5459 5512
f 5512 5459 5457
f 5512 5457 5513
f 5513 5457 6764
f 5513 6764 5516
f 5496 5493 6750
f 6750 5493 5492
f 6750 5492 6747
f 6747 5492 5491
f 6747 5491 6757
f 6757 5491 5731
f 6757 5731 6744
f 6744 5731 5727
f 6744 5727 6763
f 6763 5727 5723
f 6763 5723 6764
f 6764 5723 5518
f 6764 5518 5516
f 5350 5356 5351
f 5351 5356 5354
f 5351 5354 5719
f 5719 5354 7213
f 7186 7237 7185
f 7185 7237 7238
f 7180 7231 7212
f 5354 7177 7213
f 7213 7177 7178
f 7213 7178 7212
f 7212 7178 7179
f 7212 7179 7180
f 7180 7181 7231
f 7231 7181 7182
f 7231 7182 7239
f 7239 7182 7183
f 7239 7183 7238
f 7238 7183 7184
f 7238 7184 7185
f 7189 7188 7269
f 7269 7188 7222
f 7269 7222 7270
f 7270 7222 7221
f 7270 7221 7271
f 7271 7221 7223
f 7271 7223 7272
f 7272 7223 7224
f 7272 7224 7273
f 7273 7224 7225
f 7273 7225 7274
f 7274 7225 7226
f 7274 7226 7275
f 7275 7226 7227
f 7275 7227 7276
f 7276 7227 7228
f 7276 7228 7277
f 7277 7228 7229
f 7277 7229 7278
f 7278 7229 7230
f 7278 7230 7279
f 7279 7230 7232
f 7279 7232 7280
f 7280 7232 7233
f 7280 7233 7281
f 7281 7233 7234
f 7281 7234 7282
f 7282 7234 7235
f 7282 7235 7283
f 7283 7235 7236
f 7283 7236 7186
f 7186 7236 7237
f 7189 7058 7190
f 7190 7058 7060
f 7190 7060 7191
f 7191 7060 7062
f 7191 7062 7193
f 7193 7062 7064
f 7193 7064 7194
f 7064 7065 7194
f 7194 7065 7067
f 7194 7067 7196
f 7196 7067 7068
f 7196 7068 7197
f 7197 7068 7070
f 7197 7070 7199
f 7199 7070 7071
f 7199 7071 7200
f 7071 7073 7200
f 7200 7073 7075
f 7200 7075 7202
f 7202 7075 7076
f 7202 7076 7203
f 7203 7076 7078
f 7203 7078 7205
f 7205 7078 7080
f 7205 7080 7206
f 7206 7080 7085
f 7206 7085 7211
f 7211 7085 7084
f 7211 7084 7210
f 5437 5439 7087
f 7087 5439 7208
f 7087 7208 7088
f 7088 7208 7210
f 7088 7210 7082
f 7082 7210 7084
f 7186 7113 7283
f 7283 7113 7284
f 7284 7285 7283
f 7283 7285 7286
f 7283 7286 7282
f 7286 7287 7282
f 7282 7287 7288
f 7282 7288 7281
f 7281 7288 7289
f 7289 7290 7281
f 7281 7290 7291
f 7281 7291 7280
f 7291 7292 7280
f 7280 7292 7293
f 7280 7293 7279
f 7293 7294 7279
f 7279 7294 7295
f 7279 7295 7278
f 7278 7295 7296
f 7296 7297 7278
f 7278 7297 7298
f 7278 7298 7277
f 7298 7299 7277
f 7277 7299 7300
f 7277 7300 7276
f 7276 7300 7301
f 7301 7302 7276
f 7276 7302 7303
f 7276 7303 7275
f 7303 7304 7275
f 7275 7304 7305
f 7275 7305 7274
f 7274 7305 7306
f 7306 7307 7274
f 7274 7307 7308
f 7274 7308 7273
f 7308 7309 7273
f 7273 7309 7310
f 7273 7310 7272
f 7310 7311 7272
f 7272 7311 7312
f 7272 7312 7271
f 7271 7312 7313
f 7313 7314 7271
f 7271 7314 7315
f 7271 7315 7270
f 7315 7316 7270
f 7270 7316 7317
f 7270 7317 7269
f 7269 7317 7318
f 7058 7189 7319
f 7319 7189 7269
f 7319 7269 7320
f 7320 7269 7318
f 7321 7059 7058
f 7058 7319 7321
f 7321 7319 7320
f 7321 7320 7322
f 7320 7318 7322
f 7322 7318 7317
f 7322 7317 7323
f 7323 7317 7316
f 7323 7316 7324
f 7316 7315 7324
f 7324 7315 7314
f 7324 7314 7325
f 7314 7313 7325
f 7325 7313 7312
f 7325 7312 7326
f 7326 7312 7311
f 7326 7311 7327
f 7311 7310 7327
f 7327 7310 7309
f 7327 7309 7328
f 7328 7309 7308
f 7328 7308 7329
f 7308 7307 7329
f 7329 7307 7306
f 7329 7306 7330
f 7306 7305 7330
f 7330 7305 7304
f 7330 7304 7331
f 7304 7303 7331
f 7331 7303 7302
f 7331 7302 7332
f 7302 7301 7332
f 7332 7301 7300
f 7332 7300 7333
f 7333 7300 7299
f 7333 7299 7334
f 7299 7298 7334
f 7334 7298 7297
f 7334 7297 7335
f 7297 7296 7335
f 7335 7296 7295
f 7335 7295 7336
f 7336 7295 7294
f 7336 7294 7337
f 7294 7293 7337
f 7337 7293 7292
f 7337 7292 7338
f 7338 7292 7291
f 7338 7291 7339
f 7291 7290 7339
f 7339 7290 7289
f 7339 7289 7340
f 7289 7288 7340
f 7340 7288 7287
f 7340 7287 7341
f 7341 7287 7286
f 7341 7286 7342
f 7113 7112 7284
f 7284 7112 7342
f 7284 7342 7285
f 7285 7342 7286
f 7112 7123 7342
f 7342 7123 7343
f 7342 7343 7341
f 7341 7343 7344
f 7341 7344 7340
f 7340 7344 7345
f 7340 7345 7339
f 7339 7345 7346
f 7339 7346 7338
f 7338 7346 7347
f 7338 7347 7337
f 7337 7347 7348
f 7337 7348 7336
f 7336 7348 7349
f 7336 7349 7335
f 7335 7349 7350
f 7335 7350 7334
f 7334 7350 7351
f 7334 7351 7333
f 7333 7351 7352
f 7333 7352 7332
f 7332 7352 7353
f 7332 7353 7331
f 7331 7353 7354
f 7331 7354 7330
f 7330 7354 7355
f 7330 7355 7329
f 7329 7355 7356
f 7329 7356 7328
f 7328 7356 7357
f 7328 7357 7327
f 7327 7357 7358
f 7327 7358 7326
f 7326 7358 7359
f 7326 7359 7325
f 7325 7359 7360
f 7325 7360 7324
f 7324 7360 7361
f 7324 7361 7323
f 7323 7361 7362
f 7323 7362 7322
f 7322 7362 7363
f 7322 7363 7321
f 7321 7363 7364
f 7321 7364 7059
f 7059 7364 7124
f 7123 7141 7343
f 7343 7141 7365
f 7343 7365 7344
f 7344 7365 7366
f 7344 7366 7345
f 7345 7366 7367
f 7345 7367 7346
f 7346 7367 7368
f 7346 7368 7347
f 7347 7368 7369
f 7347 7369 7348
f 7348 7369 7370
f 7348 7370 7349
f 7349 7370 7371
f 7349 7371 7350
f 7350 7371 7372
f 7350 7372 7351
f 7351 7372 7373
f 7351 7373 7352
f 7352 7373 7374
f 7352 7374 7353
f 7353 7374 7375
f 7353 7375 7354
f 7354 7375 7376
f 7354 7376 7355
f 7355 7376 7377
f 7355 7377 7356
f 7356 7377 7378
f 7356 7378 7357
f 7357 7378 7379
f 7357 7379 7358
f 7358 7379 7380
f 7358 7380 7359
f 7359 7380 7381
f 7359 7381 7360
f 7360 7381 7382
f 7360 7382 7361
f 7361 7382 7383
f 7361 7383 7362
f 7362 7383 7384
f 7362 7384 7363
f 7363 7384 7385
f 7363 7385 7364
f 7364 7385 7386
f 7364 7386 7124
f 7124 7386 7142
f 7141 7176 7365
f 7365 7176 7387
f 7365 7387 7366
f 7366 7387 7388
f 7366 7388 7367
f 7367 7388 7389
f 7367 7389 7368
f 7368 7389 7390
f 7368 7390 7369
f 7369 7390 7391
f 7369 7391 7370
f 7370 7391 7392
f 7370 7392 7371
f 7371 7392 7393
f 7371 7393 7372
f 7372 7393 7394
f 7372 7394 7373
f 7373 7394 7395
f 7373 7395 7374
f 7374 7395 7396
f 7374 7396 7375
f 7375 7396 7397
f 7375 7397 7376
f 7376 7397 7398
f 7376 7398 7377
f 7377 7398 7399
f 7377 7399 7378
f 7378 7399 7400
f 7378 7400 7379
f 7379 7400 7401
f 7379 7401 7380
f 7380 7401 7402
f 7380 7402 7381
f 7381 7402 7403
f 7381 7403 7382
f 7382 7403 7404
f 7382 7404 7383
f 7383 7404 7405
f 7383 7405 7384
f 7384 7405 7406
f 7384 7406 7385
f 7385 7406 7407
f 7385 7407 7386
f 7386 7407 7408
f 7386 7408 7142
f 7142 7408 7153
f 7176 7034 7387
f 7387 7034 7409
f 7387 7409 7388
f 7388 7409 7410
f 7388 7410 7389
f 7389 7410 7411
f 7389 7411 7390
f 7390 7411 7412
f 7390 7412 7391
f 7391 7412 7413
f 7391 7413 7392
f 7392 7413 7414
f 7392 7414 7393
f 7393 7414 7415
f 7393 7415 7394
f 7394 7415 7416
f 7394 7416 7395
f 7395 7416 7417
f 7395 7417 7396
f 7396 7417 7418
f 7396 7418 7397
f 7397 7418 7419
f 7397 7419 7398
f 7398 7419 7420
f 7398 7420 7399
f 7399 7420 7421
f 7399 7421 7400
f 7400 7421 7422
f 7400 7422 7401
f 7401 7422 7423
f 7401 7423 7402
f 7402 7423 7424
f 7402 7424 7403
f 7403 7424 7425
f 7403 7425 7404
f 7404 7425 7426
f 7404 7426 7405
f 7405 7426 7427
f 7405 7427 7406
f 7406 7427 7428
f 7406 7428 7407
f 7407 7428 7429
f 7407 7429 7408
f 7408 7429 7430
f 7408 7430 7153
f 7153 7430 7057
f 7034 5793 7409
f 7409 5793 5786
f 7409 5786 7410
f 7410 5786 5785
f 7410 5785 7411
f 7411 5785 5796
f 7411 5796 7412
f 7412 5796 5797
f 7412 5797 7413
f 7413 5797 5800
f 7413 5800 7414
f 7414 5800 5799
f 7414 5799 7415
f 7415 5799 5798
f 7415 5798 7416
f 7416 5798 5788
f 7416 5788 7417
f 7417 5788 5787
f 7417 5787 7418
f 7418 5787 5801
f 7418 5801 7419
f 7419 5801 5802
f 7419 5802 7420
f 7420 5802 5823
f 7420 5823 7421
f 7421 5823 5822
f 7421 5822 7422
f 7422 5822 5821
f 7422 5821 7423
f 7423 5821 5815
f 7423 5815 7424
f 7424 5815 5814
f 7424 5814 7425
f 7425 5814 5804
f 7425 5804 7426
f 7426 5804 5803
f 7426 5803 7427
f 7427 5803 5816
f 7427 5816 7428
f 7428 5816 5817
f 7428 5817 7429
f 7429 5817 5820
f 7429 5820 7430
f 7430 5820 5819
f 7430 5819 7057
f 7057 5819 5818
f 6981 7431 7432
f 7433 7431 6981
f 6856 7433 6981
f 6981 7434 6850
f 7435 7434 6981
f 7432 7435 6981
f 6949 3170 7017
f 7017 3170 3171
f 7017 3171 7015
f 7015 3171 3172
f 7015 3172 7013
f 7013 3172 3173
f 7013 3173 7014
f 7014 3173 3174
f 7014 3174 7016
f 7016 3174 3169
f 7016 3169 7018
f 7018 3169 3168
f 7018 3168 6947
f 6940 1969 6935
f 6935 1969 1968
f 6998 6917 6674
f 6988 6987 7012
f 6671 7002 6673
f 6673 7002 7001
f 6673 7001 6674
f 6674 7001 7000
f 6674 7000 6998
f 6913 6912 6987
f 6987 6912 7011
f 6987 7011 7012
f 6661 6918 6662
f 6662 6918 6996
f 6662 6996 6668
f 6668 6996 6994
f 6668 6994 6669
f 6669 6994 6992
f 6669 6992 6670
f 6670 6992 6990
f 6670 6990 6671
f 6671 6990 6988
f 6671 6988 7002
f 7002 6988 7012
f 6655 6645 6659
f 6659 6645 6646
f 6659 6646 6652
f 6652 6646 6648
f 6652 6648 6677
f 6677 6648 6633
f 6677 6633 6676
f 6676 6633 6635
f 6676 6635 6675
f 6675 6635 6637
f 6675 6637 6672
f 6672 6637 6639
f 6905 6911 6986
f 6986 6911 6899
f 6986 6899 6984
f 6984 6899 6898
f 6984 6898 6876
f 6876 6898 6897
f 6876 6897 6877
f 6905 6986 6893
f 6893 6986 6989
f 6893 6989 6894
f 6991 6889 6989
f 6989 6889 6896
f 6989 6896 6894
f 6587 6993 6586
f 6586 6993 6584
f 6587 6892 6993
f 6993 6892 6891
f 6993 6891 6991
f 6991 6891 6890
f 6991 6890 6889
f 6584 6993 6579
f 6579 6993 6995
f 6579 6995 6580
f 6580 6995 6866
f 6580 6866 6582
f 6809 6808 6958
f 6803 6827 6966
f 6570 6962 6964
f 6962 6570 6864
f 6864 6570 6555
f 6864 6555 6554
f 6966 6827 6964
f 6964 6827 6825
f 6964 6825 6824
f 6824 6572 6964
f 6964 6572 6571
f 6964 6571 6570
f 6968 6822 6966
f 6966 6822 6821
f 6966 6821 6803
f 6958 6808 6959
f 6808 6806 6959
f 6959 6806 6805
f 6959 6805 6968
f 6968 6805 6823
f 6968 6823 6822
f 6809 6958 6812
f 6812 6958 6857
f 6812 6857 6813
f 6856 2655 7433
f 7433 2655 2654
f 7433 2654 7431
f 7431 2654 2653
f 7431 2653 7432
f 7432 2653 2652
f 7432 2652 7435
f 7435 2652 2651
f 7435 2651 7434
f 7434 2651 2650
f 7434 2650 6850
f 6850 2650 2649
f 5312 5311 7244
f 5312 7244 7260
f 3732 6764 7241
f 7241 6764 7263
f 7256 7255 7264
f 7264 7255 7254
f 7264 7254 7263
f 7263 7254 7240
f 7263 7240 7241
f 7256 7264 7257
f 7257 7264 7265
f 7257 7265 7258
f 7251 7250 7266
f 7266 7250 7249
f 7266 7249 7265
f 7265 7249 7248
f 7265 7248 7258
f 7251 7266 7252
f 7252 7266 7259
f 7252 7259 7253
f 7244 7243 7260
f 7260 7243 7246
f 7260 7246 7259
f 7259 7246 7245
f 7259 7245 7253
f 6709 6708 6973
f 6973 6708 6961
f 6973 6961 6960
f 6960 6520 6973
f 6973 6520 6519
f 6973 6519 6701
f 6711 6526 6963
f 6963 6526 6525
f 6963 6525 6965
f 6965 6525 6524
f 6965 6524 6967
f 6967 6524 6523
f 6967 6523 6969
f 6969 6523 6522
f 6969 6522 6960
f 6960 6522 6521
f 6960 6521 6520
f 6837 6843 6796
f 5549 6801 5523
f 5523 6801 5521
f 5548 5546 6481
f 6481 5546 5545
f 5545 5543 6481
f 6481 5543 5541
f 6481 5541 6482
f 6482 5541 5539
f 6482 5539 6483
f 2730 2728 6833
f 6833 2728 6794
f 6848 6846 6795
f 6795 6846 6835
f 6795 6835 6794
f 6794 6835 6834
f 6794 6834 6833
f 6796 6843 6795
f 6795 6843 6849
f 6795 6849 6848
f 6798 6433 6797
f 6797 6433 6829
f 6797 6829 6796
f 6796 6829 6838
f 6796 6838 6837
f 6445 6443 6799
f 6799 6443 6442
f 6799 6442 6798
f 6798 6442 6446
f 6798 6446 6433
f 6448 6454 6800
f 6800 6454 6453
f 6800 6453 6799
f 6799 6453 6452
f 6799 6452 6445
f 6448 6800 6450
f 6450 6800 6801
f 6450 6801 6481
f 6481 6801 5549
f 6481 5549 5548
f 6501 5999 6509
f 6509 5999 6000
f 6509 6000 6510
f 6510 6000 6002
f 6510 6002 6511
f 6511 6002 5987
f 6511 5987 6512
f 6512 5987 5989
f 6512 5989 6513
f 6513 5989 5991
f 6513 5991 6495
f 6495 5991 5993
f 6609 6610 6349
f 6349 6610 6352
f 6349 6352 6350
f 6334 6333 6636
f 6636 6333 6626
f 6636 6626 6638
f 6638 6626 6627
f 6638 6627 6349
f 6349 6627 6611
f 6349 6611 6609
f 6634 6326 6636
f 6636 6326 6325
f 6636 6325 6334
f 6650 6321 6634
f 6634 6321 6328
f 6634 6328 6326
f 6312 6324 6649
f 6649 6324 6323
f 6649 6323 6650
f 6650 6323 6322
f 6650 6322 6321
f 6312 6649 6313
f 6313 6649 6647
f 6313 6647 6318
f 6318 6647 6343
f 6318 6343 6317
f 5937 5940 6001
f 5926 5925 5954
f 5954 5925 5992
f 5950 5951 5990
f 5990 5951 5956
f 5990 5956 5992
f 5992 5956 5955
f 5992 5955 5954
f 5988 6004 5943
f 5943 5968 5988
f 5988 5968 5945
f 5988 5945 5990
f 5990 5945 5944
f 5990 5944 5950
f 6001 5940 6003
f 5940 5933 6003
f 6003 5933 5932
f 6003 5932 6004
f 6004 5932 5941
f 6004 5941 5943
f 5937 6001 5936
f 5936 6001 5905
f 5936 5905 5904
f 5675 5624 7436
f 7436 5624 5626
f 7436 5626 5628
f 5628 5629 7436
f 7436 5629 5622
f 7436 5622 7437
f 5622 5621 7437
f 7437 5621 5619
f 7437 5619 7438
f 7438 5619 5617
f 7438 5617 7439
f 7439 5617 5615
f 7439 5615 5613
f 5613 5612 7439
f 7439 5612 5610
f 7439 5610 7440
f 5605 5664 5607
f 5607 5664 7440
f 5607 7440 5609
f 5609 7440 5610
f 5552 5683 7441
f 7441 5683 5695
f 7441 5695 7442
f 7442 5695 7443
f 7443 5695 5697
f 7443 5697 7444
f 7444 5697 7445
f 7445 5697 5699
f 7445 5699 7446
f 7446 5699 7447
f 7447 5699 5701
f 7447 5701 7448
f 7448 5701 7449
f 7449 5701 5703
f 7449 5703 7450
f 7450 5703 7451
f 7451 5703 5677
f 7451 5677 5603
f 5676 5675 7436
f 5676 7436 5696
f 5696 7436 7437
f 5696 7437 5698
f 5698 7437 7438
f 5698 7438 5700
f 5700 7438 7439
f 5700 7439 5702
f 5702 7439 7440
f 5702 7440 5704
f 5704 7440 5664
f 5704 5664 5663
f 5625 5624 7452
f 7452 5624 5716
f 7452 5716 7453
f 5716 5717 7453
f 7453 5717 5715
f 7453 5715 7454
f 5715 5714 7454
f 7454 5714 5713
f 7454 5713 7455
f 7455 5713 5712
f 7455 5712 7456
f 7456 5712 5711
f 7456 5711 7457
f 7457 5711 5710
f 7457 5710 7458
f 5710 5709 7458
f 7458 5709 5708
f 7458 5708 7459
f 5605 5604 5705
f 5705 5604 7460
f 5705 7460 5706
f 5706 7460 7459
f 5706 7459 5707
f 5707 7459 5708
f 5604 5640 7460
f 7460 5640 7461
f 7460 7461 7459
f 7459 7461 7462
f 7459 7462 7458
f 7458 7462 7463
f 7458 7463 7457
f 7457 7463 7464
f 7457 7464 7456
f 7456 7464 7465
f 7456 7465 7455
f 7455 7465 7466
f 7455 7466 7454
f 7454 7466 7467
f 7454 7467 7453
f 7453 7467 7468
f 7453 7468 7452
f 7452 7468 7469
f 7452 7469 5625
f 5625 7469 5630
f 5640 5651 7461
f 7461 5651 7470
f 7461 7470 7462
f 7462 7470 7471
f 7462 7471 7463
f 7463 7471 7472
f 7463 7472 7464
f 7464 7472 7473
f 7464 7473 7465
f 7465 7473 7474
f 7465 7474 7466
f 7466 7474 7475
f 7466 7475 7467
f 7467 7475 7476
f 7467 7476 7468
f 7468 7476 7477
f 7468 7477 7469
f 7469 7477 7478
f 7469 7478 5630
f 5630 7478 5641
f 5651 5662 7470
f 7470 5662 5790
f 7470 5790 7471
f 7471 5790 5777
f 7471 5777 7472
f 7472 5777 5778
f 7472 5778 7473
f 7473 5778 5813
f 7473 5813 7474
f 7474 5813 5826
f 7474 5826 7475
f 7475 5826 5809
f 7475 5809 7476
f 7476 5809 5782
f 7476 5782 7477
f 7477 5782 5789
f 7477 5789 7478
f 7478 5789 5781
f 7478 5781 5641
f 5641 5781 5652
f 5603 5591 7479
f 5591 5580 7480
f 5580 5579 5688
f 5580 5688 7480
f 7480 5688 5687
f 7480 5687 7481
f 7481 5687 5686
f 7481 5686 7482
f 7482 5686 5685
f 7482 5685 7483
f 7483 5685 5684
f 7483 5684 7484
f 7484 5684 5690
f 7484 5690 7485
f 7485 5690 5689
f 7485 5689 7486
f 7486 5689 5692
f 7486 5692 7487
f 7487 5692 5694
f 7487 5694 7488
f 7488 5694 5693
f 7488 5693 7489
f 7489 5693 5691
f 7489 5691 7490
f 7490 5691 5557
f 7490 5557 5555
f 5591 7480 7479
f 7479 7480 7481
f 7479 7481 7491
f 7491 7481 7482
f 7491 7482 7492
f 7492 7482 7483
f 7492 7483 7493
f 7493 7483 7484
f 7493 7484 7494
f 7494 7484 7485
f 7494 7485 7495
f 7495 7485 7486
f 7495 7486 7496
f 7496 7486 7487
f 7496 7487 7497
f 7497 7487 7488
f 7497 7488 7498
f 7498 7488 7489
f 7498 7489 7499
f 7499 7489 7490
f 7499 7490 7500
f 7500 7490 5555
f 7500 5555 5553
f 5603 7479 7451
f 7451 7479 7491
f 7451 7491 7450
f 7450 7491 7492
f 7450 7492 7449
f 7449 7492 7493
f 7449 7493 7448
f 7448 7493 7494
f 7448 7494 7447
f 7447 7494 7495
f 7447 7495 7446
f 7446 7495 7496
f 7446 7496 7445
f 7445 7496 7497
f 7445 7497 7444
f 7444 7497 7498
f 7444 7498 7443
f 7443 7498 7499
f 7443 7499 7442
f 7442 7499 7500
f 7442 7500 7441
f 7441 7500 5553
f 7441 5553 5552
f 5220 5212 7267
f 7267 5212 5211
f 7267 5211 7261
f 5220 7267 5221
f 5221 7267 7268
f 5221 7268 5223
f 5223 7268 5224
f 5224 7268 5721
f 5224 5721 5206
f 5211 5228 7261
f 7261 5228 5237
f 7261 5237 7262
f 7262 5237 5238
f 7262 5238 5508
f 5450 5451 5479
f 5479 5451 6773
