mtllib converted_armr_Link3_cad1eeff.mtl
usemtl material
v 0.018135014921426773 0.01768617518246174 0.008929640054702759
v 0.019985871389508247 0.016207344830036163 0.009206412360072136
v 0.020079564303159714 0.022143756970763206 0.038740601390600204
v 0.02941751852631569 -0.003447566647082567 0.015924589708447456
v 0.029452797025442123 0.002001947956159711 0.04281080514192581
v 0.029287032783031464 -0.001136608887463808 0.015423160046339035
v 0.029307931661605835 0.0044602504931390285 0.04231272637844086
v 0.028122225776314735 0.004379904828965664 0.013944785110652447
v 0.027763187885284424 0.011045419611036777 0.0409800186753273
v 0.024623624980449677 0.017061490565538406 0.039764754474163055
v 0.025742143392562866 0.00956863071769476 0.012130665592849255
v 0.027725916355848312 0.005497995764017105 0.013592307455837727
v 0.021754242479801178 0.014589240774512291 0.009836594574153423
v 0.02230094186961651 0.014037984423339367 0.010109314695000648
v 0.024582477286458015 0.011318434961140156 0.011401146650314331
v 0.010095094330608845 0.022128818556666374 0.009901558980345726
v 0.014406470581889153 0.025984134525060654 0.037969645112752914
v 0.007915040478110313 0.02279738336801529 0.010107707232236862
v 0.007948254235088825 0.028349807485938072 0.03749862685799599
v 0.006868190597742796 0.023046867921948433 0.01018773764371872
v 0.013285616412758827 0.020761720836162567 0.009506037458777428
v 0.014371953904628754 0.020181098952889442 0.009346900507807732
v 0.016260012984275818 0.01901630125939846 0.009042643010616302
v 0.0010964171960949898 0.02909737080335617 0.037356093525886536
v -0.005733674857765436 0.02818150632083416 0.03755069151520729
v -0.0029226967599242926 0.023275718092918396 0.010327394120395184
v 0.0003061308525502682 0.02361423708498478 0.010403738357126713
v 0.0010386034846305847 0.023634279146790504 0.010404249653220177
v 0.003581038909032941 0.02354229986667633 0.01035787258297205
v -0.012119830586016178 0.01988350786268711 0.00945502333343029
v -0.00918103102594614 0.021395806223154068 0.00983713660389185
v -0.01212797500193119 0.025657733902335167 0.038070619106292725
v -0.008306696079671383 0.021762605756521225 0.009932438842952251
v -0.006091568619012833 0.022535379976034164 0.010135197080671787
v -0.014941778033971786 0.01797029748558998 0.009003409184515476
v -0.017698856070637703 0.021679045632481575 0.03888436406850815
v -0.017546948045492172 0.01570703089237213 0.008523319847881794
v -0.019926272332668304 0.013086145743727684 0.008050147444009781
v -0.02210860326886177 0.0164866391569376 0.03994258865714073
v -0.02199663780629635 0.010182293131947517 0.007641498930752277
v -0.023711588233709335 0.007062728051096201 0.0073527623899281025
v -0.025089897215366364 0.010395275428891182 0.04118114709854126
v -0.02504095621407032 0.0037941779009997845 0.0072348276153206825
v -0.025954026728868484 0.0004985406412743032 0.00732592586427927
v -0.02646200731396675 0.003774226177483797 0.042524952441453934
v -0.026460764929652214 -0.002745677949860692 0.007639419287443161
v -0.02654256299138069 0.0013131506275385618 0.04302389174699783
v -0.026588331907987595 -0.005756743717938662 0.008143221028149128
v 0.02205602638423443 0.03277359902858734 0.006312150973826647
v 0.019072987139225006 0.03263980150222778 0.005844384431838989
v 0.016081303358078003 0.032687343657016754 0.006271920632570982
v 0.037948042154312134 0.0327320471405983 0.011744794435799122
v 0.03654806688427925 0.03159496188163757 0.011325004510581493
v 0.03563806042075157 0.03276996314525604 0.010791836306452751
v 0.0380220040678978 0.034079451113939285 0.011725561693310738
v 0.03934932500123978 0.0340125635266304 0.012588195502758026
v 0.04241327568888664 0.0350479856133461 0.0162211861461401
v 0.04254188761115074 0.03435579687356949 0.016109727323055267
v 0.041552603244781494 0.033314868807792664 0.014483523555099964
v 0.043137479573488235 0.03529543802142143 0.017973702400922775
v 0.04309898614883423 0.03541368991136551 0.017981374636292458
v 0.04341810196638107 0.035811617970466614 0.019924217835068703
v 0.044293057173490524 0.033410996198654175 0.020428339019417763
v 0.04331032559275627 0.036204587668180466 0.021870117634534836
v 0.04417496174573898 0.03394337370991707 0.02232573926448822
v 0.04278360679745674 0.03657689318060875 0.023741094395518303
v 0.043726157397031784 0.03433341532945633 0.02408735267817974
v 0.040251120924949646 0.032247208058834076 0.013197442516684532
v 0.03984779119491577 0.03436357527971268 0.013009706512093544
v 0.04132218658924103 0.034690674394369125 0.014528556726872921
v 0.035963043570518494 0.03385224938392639 0.010737339034676552
v 0.03461865335702896 0.033738646656274796 0.010263519361615181
v 0.0387519970536232 0.031224267557263374 0.01230096910148859
v 0.03725108131766319 0.030342230573296547 0.011805328540503979
v 0.03778419271111488 0.02896098420023918 0.01225512195378542
v 0.039336152374744415 0.029603347182273865 0.012806951999664307
v 0.04089293256402016 0.030362658202648163 0.013744043186306953
v 0.0422612726688385 0.03117343969643116 0.015046099200844765
v 0.04333015903830528 0.03198658302426338 0.01666310802102089
v 0.044018276035785675 0.03274822235107422 0.018498729914426804
v 0.047259438782930374 0.021890318021178246 0.02598784677684307
v 0.048181235790252686 0.017209568992257118 0.02676883526146412
v 0.04826333001255989 0.016817722469568253 0.0251682847738266
v 0.048303041607141495 0.016497204080224037 0.026891274377703667
v 0.04934503883123398 0.008480862714350224 0.028333337977528572
v 0.04934140667319298 0.00812591053545475 0.0267792921513319
v 0.04959152266383171 0.005345518235117197 0.028929144144058228
v 0.0498109869658947 -0.00031833871616981924 0.030049165710806847
v 0.049779172986745834 -0.000631557370070368 0.028505763038992882
v 0.04084581881761551 0.01693093590438366 0.01565103977918625
v 0.03988981992006302 0.021281497552990913 0.014472801238298416
v 0.04137234389781952 0.021785922348499298 0.015008383430540562
v 0.049068890511989594 0.007737630512565374 0.02518582157790661
v 0.04948348551988602 -0.0009559017489664257 0.026924485340714455
v 0.04850969463586807 0.007329860236495733 0.023620592430233955
v 0.04890820011496544 -0.0012783230049535632 0.025370730087161064
v 0.047670021653175354 0.006919869687408209 0.02215682715177536
v 0.04806050285696983 -0.0015844195149838924 0.023915093392133713
v 0.04658178612589836 0.006526137236505747 0.020862871780991554
v 0.04697195068001747 -0.0018604008946567774 0.022623581811785698
v 0.04529883712530136 0.006165693514049053 0.0197919812053442
v 0.0456947460770607 -0.002095084171742201 0.021548008546233177
v 0.04388847202062607 0.005851728841662407 0.01897529512643814
v 0.04429379105567932 -0.0022813451942056417 0.020719338208436966
v 0.042428888380527496 0.00626577390357852 0.018288629129529
v 0.04290667548775673 -0.002411342691630125 0.020167384296655655
v 0.04806165024638176 0.01636500097811222 0.02351432293653488
v 0.047551579773426056 0.015866244211792946 0.021881744265556335
v 0.04673583433032036 0.01534279715269804 0.02035297080874443
v 0.04564731940627098 0.01481978502124548 0.01900552399456501
v 0.04434505105018616 0.014322263188660145 0.0178994070738554
v 0.042904000729322433 0.013871347531676292 0.01706862449645996
v 0.04147437959909439 0.013498679734766483 0.016539141535758972
v 0.046311382204294205 0.025843754410743713 0.02535952813923359
v 0.04654289409518242 0.02543439343571663 0.023684151470661163
v 0.04646821692585945 0.024928342550992966 0.02192515879869461
v 0.04604903981089592 0.024340545758605003 0.020169522613286972
v 0.04528031125664711 0.023697417229413986 0.018516797572374344
v 0.0441957525908947 0.023033488541841507 0.01706225983798504
v 0.042863428592681885 0.022385500371456146 0.015879450365900993
v 0.04447640851140022 0.03211338073015213 0.02441231533885002
v 0.045974649488925934 0.02710747718811035 0.025164181366562843
v 0.04545146971940994 0.0021987471263855696 0.04274992644786835
v 0.04449612647294998 0.010600588284432888 0.04104822501540184
v 0.04188673943281174 0.018658755347132683 0.039418354630470276
v 0.037723589688539505 0.026063570752739906 0.03792295232415199
v 0.03216665983200073 0.03253047913312912 0.03661947697401047
v -0.01590232364833355 0.0412878692150116 0.03490753099322319
v -0.023456621915102005 0.03720961511135101 0.03574405610561371
v -0.030053578317165375 0.03176511079072952 0.03685624897480011
v -0.03543967381119728 0.025163592770695686 0.03820136561989784
v -0.039407920092344284 0.01765875332057476 0.03972771391272545
v -0.041805826127529144 0.009538990445435047 0.041376639157533646
v -0.04254123568534851 0.0011163514573127031 0.0430847704410553
v 0.025429505854845047 0.03781096264719963 0.035558026283979416
v 0.017771029844880104 0.04170208424329758 0.034779392182826996
v 0.009485539980232716 0.044054318219423294 0.034313492476940155
v 0.0008914463105611503 0.044777270406484604 0.0341782346367836
v -0.007680985145270824 0.04384315386414528 0.03437881916761398
v 0.045490048825740814 0.008158201351761818 0.0721520259976387
v 0.04453470557928085 0.016560042276978493 0.0704503282904625
v 0.04192531853914261 0.024618210271000862 0.06882045418024063
v 0.03776216879487038 0.032023027539253235 0.06732504814863205
v 0.032205238938331604 0.0384899340569973 0.06602157652378082
v 0.02546808496117592 0.04377041384577751 0.06496012955904007
v 0.017809608951210976 0.047661539167165756 0.06418149173259735
v 0.009524119086563587 0.05001377314329147 0.06371559202671051
v 0.0009300253004767001 0.05073672533035278 0.06358033418655396
v -0.00764240650460124 0.04980260878801346 0.06378091871738434
v -0.015863744542002678 0.047247324138879776 0.06430963426828384
v -0.023418042808771133 0.04316907003521919 0.06514615565538406
v -0.030014999210834503 0.0377245657145977 0.06625834852457047
v -0.03540109470486641 0.031123045831918716 0.0676034614443779
v -0.03936934098601341 0.02361820638179779 0.0691298097372055
v -0.04176724702119827 0.015498444437980652 0.0707787349820137
v -0.04250265657901764 0.0070758056826889515 0.07248686999082565
v -0.048697151243686676 0.02747461386024952 -0.015270053409039974
v -0.049086060374975204 0.027763932943344116 -0.013817432336509228
v -0.04912401735782623 0.021900437772274017 -0.042746104300022125
v -0.047627951949834824 0.02727029286324978 -0.01634715497493744
v -0.048375632613897324 0.020185032859444618 -0.05125836282968521
v -0.046130888164043427 0.018540438264608383 -0.0595177598297596
v 0.04527086019515991 0.03524395078420639 0.017003409564495087
v -0.03746853768825531 0.015659881755709648 -0.07428945600986481
v -0.03131413087248802 0.014511446468532085 -0.08035291731357574
v -0.04466772824525833 0.02729359082877636 -0.016423137858510017
v 0.01791100762784481 0.013392352499067783 -0.08904965221881866
v -0.04354802891612053 0.02751513570547104 -0.015402223914861679
v 0.009490206837654114 0.012840702198445797 -0.0912284106016159
v 0.0008075401419773698 0.012583011761307716 -0.09193985909223557
v -0.007873172871768475 0.012627115473151207 -0.09116233885288239
v -0.04615705832839012 0.02720421366393566 -0.016768068075180054
v -0.04245799034833908 0.017016619443893433 -0.0672733411192894
v -0.024181773886084557 0.013606205582618713 -0.08527950197458267
v -0.016288170590996742 0.012971669435501099 -0.0889195129275322
v 0.010267929174005985 0.03289321810007095 0.0076627060770988464
v 0.0009158529574051499 0.03294419124722481 0.008517403155565262
v -0.008437630720436573 0.03266146034002304 0.007725683506578207
v -0.0174932312220335 0.032054077833890915 0.00531287956982851
v -0.02596118487417698 0.031141478568315506 0.0013561961241066456
v -0.033570535480976105 0.029952865093946457 -0.004017756786197424
v -0.040077805519104004 0.028526267036795616 -0.010637023486196995
v 0.04687971621751785 0.03424255922436714 0.011958654969930649
v 0.04746014624834061 0.03385040909051895 0.00998618919402361
v 0.0494704432785511 0.03234090283513069 0.002408962929621339
v 0.05045905336737633 0.031494688242673874 -0.0018301166128367186
v 0.05051400512456894 0.03144390508532524 -0.0020844785030931234
v 0.05086769536137581 0.02313043177127838 -0.04312661290168762
v 0.050916366279125214 0.03064895235002041 -0.0060325623489916325
v 0.050901588052511215 0.03080715425312519 -0.005251138936728239
v 0.05061328411102295 0.0313413180410862 -0.0025968097615987062
v 0.025814082473516464 0.014221202582120895 -0.08546976000070572
v 0.03295929729938507 0.01530207134783268 -0.08059749752283096
v 0.039129555225372314 0.016602111980319023 -0.07458093762397766
v 0.044137369841337204 0.018081827089190483 -0.06760287284851074
v 0.05009698122739792 0.021396342664957047 -0.0516330860555172
v 0.04783058539032936 0.019696254283189774 -0.05987531691789627
v 0.0008800310315564275 0.04993739351630211 0.044400472193956375
v 0.0008777529001235962 0.0498109832406044 0.04337267205119133
v -0.002965163206681609 0.049615390598773956 0.04341597110033035
v -0.0175758246332407 0.04615427181124687 0.045789893716573715
v -0.02100944146513939 0.044572003185749054 0.04636799544095993
v -0.020950939506292343 0.04487644135951996 0.04821159690618515
v -0.027416078373789787 0.04066488891839981 0.04778038710355759
v -0.027091655880212784 0.0412023663520813 0.05013604462146759
v -0.024288691580295563 0.042742516845464706 0.04703282192349434
v -0.024029064923524857 0.043192874640226364 0.04910014942288399
v -0.02148205228149891 0.044606663286685944 0.048354730010032654
v -0.027920721098780632 0.04036538302898407 0.04539524391293526
v -0.024671178311109543 0.04248343035578728 0.04493926092982292
v -0.0212927907705307 0.044347189366817474 0.04454001411795616
v -0.01777874305844307 0.04595913365483284 0.04419732466340065
v -0.014155681245028973 0.04730250686407089 0.04391153156757355
v -0.01742490753531456 0.0464676097035408 0.047363925725221634
v -0.013983838260173798 0.04771219193935394 0.04669628664851189
v -0.01401431392878294 0.04747355729341507 0.045304737985134125
v -0.013905192725360394 0.04773731529712677 0.046682752668857574
v -0.013235921040177345 0.04794532433152199 0.04657065495848656
v 0.008087890222668648 0.049694210290908813 0.045673247426748276
v 0.012087187729775906 0.04901106283068657 0.04606069624423981
v 0.012157222256064415 0.048786748200654984 0.044837020337581635
v 0.009131900034844875 0.049161408096551895 0.04120063781738281
v 0.004707304295152426 0.04970905929803848 0.043386925011873245
v 0.008495413698256016 0.04931694641709328 0.04346492886543274
v 0.004684304818511009 0.04983792081475258 0.04443858191370964
v 0.008443038910627365 0.04945369064807892 0.04458650201559067
v 0.004665093030780554 0.05002191662788391 0.04548058286309242
v 0.015029988251626492 0.04829317331314087 0.0464630089700222
v 0.01583154685795307 0.04783414676785469 0.04519360139966011
v 0.015456460416316986 0.04817339405417442 0.04652995243668556
v 0.019425377249717712 0.04660212993621826 0.04565177112817764
v 0.019278541207313538 0.046912092715501785 0.047228049486875534
v 0.022883964702486992 0.04511140659451485 0.046201158314943314
v 0.029394248500466347 0.041363708674907684 0.04756420478224754
v 0.029887940734624863 0.04107648879289627 0.04517526179552078
v 0.026206545531749725 0.043366335332393646 0.04683970287442207
v 0.026579193770885468 0.04311658442020416 0.044743649661540985
v 0.02315886691212654 0.04489344730973244 0.044370975345373154
v 0.019621269777417183 0.04641176387667656 0.04405655339360237
v 0.015966782346367836 0.04766637831926346 0.043798308819532394
v 0.012244705110788345 0.04863720014691353 0.04360064119100571
v 0.012456056661903858 0.04856880381703377 0.04111897200345993
v 0.016131045296788216 0.047593820840120316 0.042397938668727875
v 0.019864538684487343 0.046343449503183365 0.042457956820726395
v 0.02015257067978382 0.04639725387096405 0.04087163507938385
v 0.023508040234446526 0.04483243450522423 0.042541489005088806
v 0.02100912295281887 0.04608704522252083 0.04084073379635811
v 0.02059575542807579 0.046238452196121216 0.040855661034584045
v 0.027064286172389984 0.043066978454589844 0.04265633597970009
v 0.030546514317393303 0.04104084521532059 0.04280919209122658
v 0.03135339543223381 0.041254766285419464 0.04051867499947548
v 0.028788799419999123 0.04264251887798309 0.0405801460146904
v 0.02828141301870346 0.04290194809436798 0.04059460386633873
v 0.0247252956032753 0.04458320513367653 0.040708694607019424
v 0.012469983659684658 0.048565879464149475 0.04111858084797859
v 0.017161089926958084 0.04737327992916107 0.040975626558065414
v 0.01632300578057766 0.04761665686964989 0.041002947837114334
v 0.013188736513257027 0.048409994691610336 0.04109835997223854
v -0.02942550927400589 0.04050712659955025 0.04074995964765549
v -0.02859620563685894 0.04031333327293396 0.043034251779317856
v -0.026394354179501534 0.04222944751381874 0.040802665054798126
v -0.025170989334583282 0.042421720921993256 0.042855311185121536
v -0.006820942275226116 0.0490538626909256 0.04239645227789879
v -0.007401182781904936 0.0489579513669014 0.04126353934407234
v -0.010590887628495693 0.048281896859407425 0.04244600981473923
v -0.012167724780738354 0.047919947654008865 0.04117632657289505
v -0.014328359626233578 0.04722579941153526 0.04251347854733467
v -0.014530948363244534 0.0472436361014843 0.0411209836602211
v -0.015385047532618046 0.04697290435433388 0.04109947383403778
v -0.018031930550932884 0.04588468745350838 0.04260173439979553
v -0.020924555137753487 0.04487761855125427 0.04094424098730087
v -0.021654227748513222 0.04427742958068848 0.042713310569524765
v -0.02287880703806877 0.04399818554520607 0.040889885276556015
v -0.025778578594326973 0.0425567701458931 0.040816523134708405
v 0.00441225478425622 0.04963986203074455 0.04127658158540726
v 0.0008712252601981163 0.04971843585371971 0.04130576178431511
v 0.0008748132386244833 0.04973793402314186 0.04233971983194351
v 0.0008577373228035867 0.04971827194094658 0.04130581393837929
v -0.0029980179388076067 0.04954158142209053 0.04235939681529999
v -0.0036876073572784662 0.049462493509054184 0.0412985160946846
v -0.006899569649249315 0.04904165491461754 0.041269928216934204
v 0.029074637219309807 0.04189326614141464 0.049922313541173935
v 0.025951744988560677 0.04381025210022926 0.048908594995737076
v 0.02337028458714485 0.04515805095434189 0.04818423464894295
v 0.02252954989671707 0.04555504396557808 0.047968946397304535
v 0.0008685453212819993 0.050116393715143204 0.045419033616781235
v -0.0029148529283702374 0.04992935433983803 0.04550905525684357
v -0.00664295069873333 0.04946824908256531 0.045754190534353256
v -0.006752681918442249 0.049129124730825424 0.04352300986647606
v -0.010311904363334179 0.048736076802015305 0.04614563286304474
v -0.010478845797479153 0.0483582504093647 0.04368699714541435
v -0.04560530558228493 0.04135783016681671 -0.010997822508215904
v -0.04454819858074188 0.042526423931121826 -0.011449532583355904
v -0.045239727944135666 0.04179692268371582 -0.011883939616382122
v -0.04413329064846039 0.04293446987867355 -0.011616436764597893
v -0.04399171844124794 0.042974505573511124 -0.01487928256392479
v -0.04241476580500603 0.04438343271613121 -0.01225823163986206
v -0.04327131435275078 0.043474867939949036 -0.016599994152784348
v -0.040547411888837814 0.045605774968862534 -0.012883326038718224
v -0.04199444130063057 0.044108372181653976 -0.019655125215649605
v -0.042441923171281815 0.04391942918300629 -0.018582502380013466
v -0.04139159619808197 0.045092735439538956 -0.012608853168785572
v -0.040829792618751526 0.044451046735048294 -0.022463181987404823
v -0.03857355937361717 0.04658510908484459 -0.013479871675372124
v -0.04057033360004425 0.044500481337308884 -0.023092877119779587
v -0.03890468180179596 0.04478776827454567 -0.025980371981859207
v -0.03945792838931084 0.04461047798395157 -0.025813739746809006
v -0.039530981332063675 0.04460810497403145 -0.025633905082941055
v -0.03787153959274292 0.04686684161424637 -0.013678368180990219
v -0.03558720275759697 0.04385910928249359 -0.03563037887215614
v -0.03745128959417343 0.04442831128835678 -0.030826933681964874
v -0.03675417602062225 0.04533068463206291 -0.02643626742064953
v -0.0379665233194828 0.04451953247189522 -0.02952536568045616
v -0.03901404142379761 0.044610992074012756 -0.026910237967967987
v -0.030552908778190613 0.048094406723976135 -0.015396799892187119
v -0.032644178718328476 0.04569610580801964 -0.027095384895801544
v -0.03462637588381767 0.045620664954185486 -0.02683671936392784
v -0.03437107428908348 0.043291058391332626 -0.03885075822472572
v -0.03417379409074783 0.04785288870334625 -0.014621706679463387
v -0.03653719648718834 0.04731544107198715 -0.01403782144188881
v -0.03622649982571602 0.04740433394908905 -0.014118324965238571
v -0.03448107838630676 0.047800637781620026 -0.014549409970641136
v -0.04841892793774605 0.03610225394368172 -0.009347024373710155
v -0.04824773594737053 0.03675767406821251 -0.01111669559031725
v -0.04892193526029587 0.03415976092219353 -0.011187221854925156
v -0.04829613119363785 0.03551970794796944 -0.005419018678367138
v -0.04790887236595154 0.03712384030222893 -0.007219405844807625
v -0.04858813062310219 0.03520603105425835 -0.0076262266375124454
v -0.049106184393167496 0.03114205412566662 -0.008185939863324165
v -0.04909827932715416 0.030826156958937645 -0.007129651959985495
v -0.04902072250843048 0.03240852430462837 -0.006551331840455532
v -0.04908588156104088 0.030206281691789627 -0.005875747185200453
v -0.04890020564198494 0.032252680510282516 -0.004481603391468525
v -0.048752233386039734 0.03398314490914345 -0.005977431777864695
v -0.048653874546289444 0.03326193243265152 -0.003795923665165901
v -0.049121323972940445 0.031514957547187805 -0.010959330014884472
v -0.049108125269412994 0.031208926811814308 -0.0084798913449049
v -0.048957038670778275 0.03377882391214371 -0.009602081961929798
v -0.04899036884307861 0.033215273171663284 -0.008050474338233471
v -0.047737881541252136 0.03800346702337265 -0.01108364574611187
v -0.0475151464343071 0.0383109450340271 -0.009106588549911976
v -0.04712102934718132 0.03919387236237526 -0.011052608489990234
v -0.04640641808509827 0.04031571000814438 -0.011023909784853458
v -0.046286582946777344 0.04032393917441368 -0.008889551274478436
v -0.046782512217760086 0.0393538661301136 -0.007406844757497311
v -0.047662876546382904 0.03698934242129326 -0.004886559676378965
v -0.04771800711750984 0.03680233657360077 -0.004733598325401545
v -0.047819361090660095 0.0364416241645813 -0.004453853704035282
v -0.048308588564395905 0.03424805402755737 -0.0031272300984710455
v -0.049122605472803116 0.031525857746601105 -0.011260736733675003
v -0.04389243945479393 0.04282863065600395 -0.018482612445950508
v -0.041510723531246185 0.043687853962183 -0.025498028844594955
v -0.04382216930389404 0.04106084257364273 -0.031775329262018204
v -0.041616179049015045 0.04257578402757645 -0.032048314809799194
v -0.03987854719161987 0.0421910397708416 -0.03862057253718376
v -0.03899654373526573 0.042514581233263016 -0.03868730738759041
v -0.04913400486111641 0.031492192298173904 -0.014364677481353283
v -0.04883153736591339 0.03467874228954315 -0.014503810554742813
v -0.04905592277646065 0.03309350088238716 -0.017612293362617493
v -0.04915766790509224 0.030558576807379723 -0.023601515218615532
v -0.049146056175231934 0.031183863058686256 -0.018528955057263374
v -0.04914320632815361 0.031284961849451065 -0.017452994361519814
v -0.047407351434230804 0.038452379405498505 -0.01808812841773033
v -0.04782729968428612 0.03779870644211769 -0.014642352238297462
v -0.04707282781600952 0.03926200419664383 -0.014708258211612701
v -0.045228876173496246 0.04153939709067345 -0.01836557872593403
v -0.04616815969347954 0.04062584787607193 -0.014770342037081718
v -0.04641196131706238 0.040070924907922745 -0.018233196809887886
v -0.04657351225614548 0.039080407470464706 -0.024827629327774048
v -0.04575689136981964 0.040588244795799255 -0.021688316017389297
v -0.04510745406150818 0.04089583456516266 -0.025090700015425682
v -0.04430484026670456 0.04211465269327164 -0.021873995661735535
v -0.04339555278420448 0.04244508594274521 -0.025316139683127403
v -0.04268532246351242 0.04339952766895294 -0.022031215950846672
v -0.04513327032327652 0.04186877980828285 -0.014827614650130272
v -0.048416562378406525 0.03626153990626335 -0.014573782682418823
v -0.04818868264555931 0.0367211289703846 -0.01793372444808483
v -0.04873981326818466 0.03491993620991707 -0.01777380146086216
v -0.0477353110909462 0.03706064447760582 -0.024535909295082092
v -0.048556406050920486 0.03491315618157387 -0.02422657608985901
v -0.04902593046426773 0.03271989896893501 -0.02391141653060913
v -0.04917767271399498 0.0284066554158926 -0.03581443801522255
v -0.04917042702436447 0.02938367985188961 -0.0307516660541296
v -0.04896223917603493 0.0310845747590065 -0.03635750338435173
v -0.04899435490369797 0.03201118856668472 -0.0301575418561697
v -0.04850295931100845 0.03295820578932762 -0.036737870424985886
v -0.04837487265467644 0.03450198099017143 -0.030601518228650093
v -0.04254721850156784 0.040793947875499725 -0.03833389654755592
v -0.04315042495727539 0.04037518426775932 -0.038248226046562195
v -0.045746348798274994 0.03914820775389671 -0.03143206238746643
v -0.04492051526904106 0.03885509446263313 -0.037937797605991364
v -0.04728575795888901 0.03692331165075302 -0.031033894047141075
v -0.046426113694906235 0.03708227723836899 -0.037576496601104736
v -0.04819531738758087 0.033830564469099045 -0.036915089935064316
v -0.04036661982536316 0.04375799000263214 -0.02889910154044628
v -0.039251260459423065 0.04365008696913719 -0.03224319592118263
v -0.03816243261098862 0.043395064771175385 -0.0355379618704319
v -0.03709708899259567 0.04301207512617111 -0.038790635764598846
v 0.04998937249183655 0.036727629601955414 -0.00579202501103282
v 0.049324408173561096 0.03818107023835182 -0.005254542920738459
v 0.050050292164087296 0.03545796498656273 -0.003501522820442915
v 0.05027246102690697 0.03641948103904724 -0.007998144254088402
v 0.04954994469881058 0.038319218903779984 -0.007585585117340088
v 0.050680484622716904 0.03347761929035187 -0.004860545042902231
v 0.0504787340760231 0.03520295396447182 -0.0063541182316839695
v 0.050869107246398926 0.03275585547089577 -0.011641242541372776
v 0.05060427263379097 0.035384029150009155 -0.01156595628708601
v 0.050660841166973114 0.03500387445092201 -0.00997999683022499
v 0.05084460601210594 0.03245934098958969 -0.005557393189519644
v 0.05090583115816116 0.03143627569079399 -0.006256253458559513
v 0.05078141763806343 0.03363562747836113 -0.00693026976659894
v 0.05089344084262848 0.032055869698524475 -0.007509389892220497
v 0.050719939172267914 0.03444010764360428 -0.008426030166447163
v 0.05088360980153084 0.03243817761540413 -0.00885692797601223
v 0.050875600427389145 0.03266092389822006 -0.010241269133985043
v 0.05029422044754028 0.03668823465704918 -0.01152785774320364
v 0.0498669296503067 0.037964578717947006 -0.011490058153867722
v 0.050067804753780365 0.03731316700577736 -0.00972050242125988
v 0.04868115857243538 0.040372334420681 -0.01141717191785574
v 0.049111995846033096 0.039498791098594666 -0.009472860023379326
v 0.04711312800645828 0.042498357594013214 -0.011350651271641254
v 0.04812343046069145 0.040987513959407806 -0.008438990451395512
v 0.049244474619627 0.03841657564043999 -0.005456216633319855
v 0.0484892837703228 0.04027314856648445 -0.007435416337102652
v 0.040847159922122955 0.0455968901515007 -0.025945402681827545
v 0.04077726975083351 0.045597415417432785 -0.026113666594028473
v 0.0402163490653038 0.04576103389263153 -0.026281457394361496
v 0.03562312200665474 0.04415205493569374 -0.03911711275577545
v 0.03392709046602249 0.046514999121427536 -0.0273487139493227
v 0.03632820025086403 0.04451484978199005 -0.0372609980404377
v 0.03591245785355568 0.04648836329579353 -0.027105147019028664
v 0.03812510892748833 0.04520696774125099 -0.03264767304062843
v 0.039374612271785736 0.045488592237234116 -0.029531685635447502
v 0.0403217151761055 0.04558686912059784 -0.02721511386334896
v 0.03804973140358925 0.0462508425116539 -0.02672092244029045
v 0.04503044858574867 0.04434745013713837 -0.01613984815776348
v 0.04383127763867378 0.04498014599084854 -0.018907994031906128
v 0.04193807393312454 0.04662042483687401 -0.013197214342653751
v 0.04336865246295929 0.045158885419368744 -0.01998293213546276
v 0.03993624448776245 0.047550857067108154 -0.0137786278501153
v 0.04279668629169464 0.04612833261489868 -0.0129292206838727
v 0.0455981120467186 0.044038254767656326 -0.011957898736000061
v 0.04543254151940346 0.044073205441236496 -0.015215503051877022
v 0.04600773751735687 0.04365638270974159 -0.011800608597695827
v 0.04242398962378502 0.045423440635204315 -0.022194119170308113
v 0.04189744591712952 0.04551693797111511 -0.02343764528632164
v 0.03921562805771828 0.04781884327530861 -0.013974531553685665
v 0.03787834942340851 0.04823082685470581 -0.014321000315248966
v 0.0375649519264698 0.04831204190850258 -0.014399129897356033
v 0.035807084292173386 0.04866525158286095 -0.014816883020102978
v 0.031866539269685745 0.04886222630739212 -0.015634329989552498
v 0.0440593883395195 0.04446674883365631 -0.02236286923289299
v 0.04054233059287071 0.0446314811706543 -0.03254922851920128
v 0.050476036965847015 0.03589993715286255 -0.014878161251544952
v 0.050353486090898514 0.03613877296447754 -0.01814836449921131
v 0.04975712299346924 0.03792569786310196 -0.01830386184155941
v 0.050585146993398666 0.033235814422369 -0.03053872287273407
v 0.050822917371988297 0.030798647552728653 -0.030105654150247574
v 0.05081404000520706 0.029636651277542114 -0.036194946616888046
v 0.045308683067560196 0.04392533004283905 -0.01881927251815796
v 0.049394700676202774 0.03899375721812248 -0.015008561313152313
v 0.04860424995422363 0.040437858551740646 -0.015068495646119118
v 0.04766617342829704 0.04177889600396156 -0.01512348186224699
v 0.042850296944379807 0.04472583532333374 -0.02582467906177044
v 0.04715266823768616 0.04029090330004692 -0.0317879393696785
v 0.044475868344306946 0.04145307093858719 -0.03858167678117752
v 0.045179303735494614 0.042155615985393524 -0.03211639076471329
v 0.043861910700798035 0.04185686632990837 -0.03866271302103996
v 0.04293452575802803 0.04361577332019806 -0.032372456043958664
v 0.044766876846551895 0.043529924005270004 -0.025657229125499725
v 0.04651845246553421 0.042023271322250366 -0.025444915518164635
v 0.04803106561303139 0.04024437442421913 -0.025193095207214355
v 0.04874946177005768 0.038104526698589325 -0.03140167146921158
v 0.04924469813704491 0.03825363889336586 -0.02491031587123871
v 0.04990116506814957 0.03571067005395889 -0.030977781862020493
v 0.05012092739343643 0.03612677752971649 -0.024607345461845398
v 0.05064677074551582 0.03394550457596779 -0.024295851588249207
v 0.05083403363823891 0.031787849962711334 -0.02398706041276455
v 0.05085418000817299 0.03266339376568794 -0.015862666070461273
v 0.05071558058261871 0.03432084247469902 -0.01798950880765915
v 0.05084851384162903 0.03251516446471214 -0.01783110201358795
v 0.04571129009127617 0.043222129344940186 -0.02221807837486267
v 0.04667704552412033 0.042669374495744705 -0.018712569028139114
v 0.047201938927173615 0.041731905192136765 -0.022043583914637566
v 0.04789665713906288 0.041230518370866776 -0.018589377403259277
v 0.04847833514213562 0.040030382573604584 -0.021843355149030685
v 0.04893244802951813 0.03963705897331238 -0.01845208927989006
v 0.05002189055085182 0.03747178614139557 -0.01494472473859787
v 0.038355547934770584 0.043940216302871704 -0.0390777587890625
v 0.040267400443553925 0.04348960518836975 -0.03898893669247627
v 0.04115757718682289 0.04318786412477493 -0.03892894461750984
v 0.050528671592473984 0.03230841085314751 -0.036736104637384415
v 0.05002056434750557 0.03417014330625534 -0.03711278736591339
v 0.04969021677970886 0.035034652799367905 -0.03728758171200752
v 0.047836583107709885 0.03824179992079735 -0.037935201078653336
v 0.046285126358270645 0.03997701406478882 -0.038284871727228165
v 0.03561272472143173 0.042545806616544724 -0.04704185947775841
v 0.03895508125424385 0.04221830144524574 -0.046979863196611404
v 0.04025699943304062 0.041883353143930435 -0.04691367968916893
v 0.04213947057723999 0.04117010906338692 -0.0467715859413147
v 0.04741157218813896 0.0371553860604763 -0.045964766293764114
v 0.04500621557235718 0.03945377841591835 -0.046427465975284576
v 0.04446547105908394 0.03984681889414787 -0.04650642350316048
v 0.050803642719984055 0.0280303992331028 -0.044119693338871
v 0.05038483068346977 0.03129681199789047 -0.04478120431303978
v 0.05001016706228256 0.032563891261816025 -0.04503753408789635
v 0.04923492297530174 0.034390177577733994 -0.045406684279441833
v 0.04782618582248688 0.03663555160164833 -0.04585994780063629
v 0.0446193628013134 0.038299109786748886 -0.05209978297352791
v 0.04995199665427208 0.030004901811480522 -0.05112771317362785
v 0.04776653274893761 0.02459622174501419 -0.06086840108036995
v 0.046583324670791626 0.027477966621518135 -0.06337860226631165
v 0.04908343032002449 0.025438744574785233 -0.05679624527692795
v 0.048677559942007065 0.02872464992105961 -0.05736240744590759
v 0.050032924860715866 0.026296310126781464 -0.05262616649270058
v 0.05036752671003342 0.02672869712114334 -0.05051429942250252
v 0.046973325312137604 0.02418261207640171 -0.06285803765058517
v 0.04407331719994545 0.0229817945510149 -0.06859595328569412
v 0.043705131858587265 0.026286181062459946 -0.06907335668802261
v 0.040433019399642944 0.02185683697462082 -0.07391180843114853
v 0.040092214941978455 0.02516968362033367 -0.07434923946857452
v 0.03906549885869026 0.02150207944214344 -0.07557401806116104
v 0.03580640256404877 0.024147581309080124 -0.07911597192287445
v 0.036114729940891266 0.02082698792219162 -0.07871466130018234
v 0.030921021476387978 0.023237358778715134 -0.08329199999570847
v 0.03289524465799332 0.020202038809657097 -0.08159057796001434
v 0.031192321330308914 0.019909868016839027 -0.08292234688997269
v 0.02575002983212471 0.019121170043945312 -0.0864628404378891
v 0.025519663468003273 0.02245459333062172 -0.08680586516857147
v 0.01988096721470356 0.018474388867616653 -0.08927556872367859
v 0.019694747403264046 0.02181267738342285 -0.0895974412560463
v 0.017846953123807907 0.018292319029569626 -0.09004273265600204
v 0.013545935973525047 0.021322593092918396 -0.09161897748708725
v 0.01368555799126625 0.01798059232532978 -0.09131242334842682
v 0.007178441155701876 0.02099272981286049 -0.09283585846424103
v 0.009426153264939785 0.01774066872894764 -0.09222149103879929
v 0.007269805762916803 0.017648223787546158 -0.09253854304552078
v 0.0007434867438860238 0.017482979223132133 -0.09293293952941895
v 0.0007012106361798942 0.020828723907470703 -0.09322730451822281
v 0.048811763525009155 0.03312714770436287 -0.05161131173372269
v 0.04756581783294678 0.03187552094459534 -0.057706620544195175
v 0.04551840201020241 0.030656706541776657 -0.06358832120895386
v 0.04270455241203308 0.029491564258933067 -0.06915576756000519
v 0.03917240723967552 0.028400028124451637 -0.0743137001991272
v 0.034982405602931976 0.027400774881243706 -0.07897387444972992
v 0.030206242576241493 0.026510903611779213 -0.08305653184652328
v 0.024925636127591133 0.025745637714862823 -0.08649183809757233
v 0.01923094131052494 0.02511807158589363 -0.08922100812196732
v 0.013219592161476612 0.024638943374156952 -0.09119734913110733
v 0.006994448136538267 0.02431645058095455 -0.09238704293966293
v 0.0006620218046009541 0.0241561159491539 -0.09276971966028214
v 0.047004006803035736 0.03593888133764267 -0.05194084718823433
v 0.04580395296216011 0.034733355045318604 -0.05781162902712822
v 0.0438319593667984 0.03355943784117699 -0.06347667425870895
v 0.04112175107002258 0.032437216490507126 -0.06883903592824936
v 0.0377197191119194 0.031385887414216995 -0.07380697131156921
v 0.03368405997753143 0.030423441901803017 -0.07829548418521881
v 0.029083827510476112 0.02956634759902954 -0.08222775906324387
v 0.023997735232114792 0.028829270973801613 -0.08553652465343475
v 0.018512805923819542 0.028224820271134377 -0.08816517144441605
v 0.012722889892756939 0.02776334248483181 -0.09006871283054352
v 0.006727052852511406 0.027452731505036354 -0.09121456742286682
v 0.0006278851651586592 0.027298301458358765 -0.09158314764499664
v 0.04348031058907509 0.03715486079454422 -0.0576721653342247
v 0.041608553379774094 0.03604061156511307 -0.06304925680160522
v 0.0390361025929451 0.034975431859493256 -0.06813905388116837
v 0.03580699488520622 0.03397754207253456 -0.07285447418689728
v 0.03197646141052246 0.033064015209674835 -0.07711483538150787
v 0.027610059827566147 0.03225048631429672 -0.08084724098443985
v 0.02278248779475689 0.031550873070955276 -0.08398783206939697
v 0.01757635548710823 0.030977150425314903 -0.08648285269737244
v 0.012080737389624119 0.030539128929376602 -0.08828963339328766
v 0.0063896640203893185 0.03024430386722088 -0.089377261698246
v 0.0006005125469528139 0.030097724869847298 -0.08972709625959396
v 0.04177742451429367 0.040089480578899384 -0.052080169320106506
v 0.040711410343647 0.03901860490441322 -0.057295218110084534
v 0.03895967826247215 0.03797581046819687 -0.06232750415802002
v 0.03655219078063965 0.036978933960199356 -0.06709091365337372
v 0.03353014215826988 0.03604503348469734 -0.07150396704673767
v 0.029945246875286102 0.03519008681178093 -0.07549113035202026
v 0.025858838111162186 0.03442872688174248 -0.07898419350385666
v 0.021340835839509964 0.03377397730946541 -0.08192338794469833
v 0.01646854542195797 0.0332370400428772 -0.08425842225551605
v 0.011325332336127758 0.03282710537314415 -0.08594934642314911
v 0.0059991986490786076 0.03255118802189827 -0.08696722239255905
v 0.0005812764284200966 0.03241400793194771 -0.08729463815689087
v 0.038620688021183014 0.04122021421790123 -0.051882971078157425
v 0.03763609752058983 0.0402311347424984 -0.056699685752391815
v 0.03601815924048424 0.03926798701286316 -0.0613476037979126
v 0.03379455953836441 0.03834725171327591 -0.06574718654155731
v 0.03100334107875824 0.037484683096408844 -0.06982316076755524
v 0.027692262083292007 0.03669504076242447 -0.07350577414035797
v 0.023917976766824722 0.03599183261394501 -0.07673203945159912
v 0.01974506489932537 0.03538709506392479 -0.07944673299789429
v 0.015244925394654274 0.034891169518232346 -0.08160342276096344
v 0.010494555346667767 0.03451254591345787 -0.08316519111394882
v 0.005575237795710564 0.03425770625472069 -0.08410531282424927
v 0.0005711415433324873 0.0341310016810894 -0.08440772444009781
v 0.03530744090676308 0.04163461551070213 -0.05151808261871338
v 0.0344085767865181 0.04073164612054825 -0.05591544136404991
v 0.032931506633758545 0.03985235467553139 -0.06015869602560997
v 0.03090149722993374 0.03901178017258644 -0.06417524069547653
v 0.028353290632367134 0.03822430968284607 -0.06789634376764297
v 0.02533048391342163 0.03750341758131981 -0.07125834375619888
v 0.021884800866246223 0.03686143457889557 -0.07420370727777481
v 0.01807519607245922 0.03630934655666351 -0.07668206095695496
v 0.013966851867735386 0.03585659712553024 -0.07865097373723984
v 0.00963006541132927 0.03551093861460686 -0.08007676154375076
v 0.005139039363712072 0.035278283059597015 -0.0809350460767746
v 0.0005706159863620996 0.03516261279582977 -0.08121112734079361
v -0.004432110581547022 0.034134604036808014 -0.08406723290681839
v -0.004835732281208038 0.0324179083108902 -0.08692599087953568
v -0.005187662318348885 0.030101891607046127 -0.08933320641517639
v -0.005669336766004562 0.02416067384183407 -0.09233885258436203
v -0.005774927791208029 0.020833389833569527 -0.09278656542301178
v -0.048438604921102524 0.028794601559638977 -0.05075329914689064
v -0.04876874387264252 0.025509225204586983 -0.050137050449848175
v -0.04918806999921799 0.026800403371453285 -0.043739184737205505
v -0.016352225095033646 0.017871636897325516 -0.08991259336471558
v -0.018282609060406685 0.02134551852941513 -0.08945292234420776
v -0.012194202281534672 0.01766224578022957 -0.09121394157409668
v -0.01213916577398777 0.021006641909480095 -0.0915212333202362
v -0.007937225513160229 0.017527082934975624 -0.09215541929006577
v -0.005781731568276882 0.017487676814198494 -0.09248887747526169
v -0.01838420331478119 0.018003690987825394 -0.08912995457649231
v -0.02424582652747631 0.01850617304444313 -0.08627258241176605
v -0.02410014159977436 0.021844221279025078 -0.08661704510450363
v -0.029678774997591972 0.01916109398007393 -0.08269070833921432
v -0.029492225497961044 0.02249421738088131 -0.08306210488080978
v -0.031378187239170074 0.019411412999033928 -0.08134599775075912
v -0.03436660021543503 0.023284384980797768 -0.0788489356637001
v -0.034590091556310654 0.019957251846790314 -0.07844560593366623
v -0.0386398583650589 0.024201203137636185 -0.07404963672161102
v -0.037532590329647064 0.020559849217534065 -0.07528253644704819
v -0.038895733654499054 0.020881015807390213 -0.07360993325710297
v -0.042522042989730835 0.02191658690571785 -0.06826642155647278
v -0.04223889485001564 0.025228986516594887 -0.06874630600214005
v -0.04540696740150452 0.02304624393582344 -0.06250649690628052
v -0.04510211572051048 0.026350146159529686 -0.0630297064781189
v -0.04619494453072548 0.0234404057264328 -0.06051084026694298
v -0.04718054085969925 0.02754550240933895 -0.0569976307451725
v -0.04750114306807518 0.024250660091638565 -0.0564287044107914
v -0.04843968525528908 0.025085000321269035 -0.05225144326686859
v -0.01189129613339901 0.024330055341124535 -0.09110179543495178
v -0.01789739914238453 0.024661358445882797 -0.08907972276210785
v -0.023584876209497452 0.025148911401629448 -0.08630723506212234
v -0.028856413438916206 0.02578437514603138 -0.08283177763223648
v -0.03362181410193443 0.026556875556707382 -0.07871280610561371
v -0.037799544632434845 0.02745319902896881 -0.07402079552412033
v -0.04131811857223511 0.02845800295472145 -0.0688360333442688
v -0.04411733150482178 0.029554098844528198 -0.06324722617864609
v -0.04614929109811783 0.030722733587026596 -0.057350002229213715
v -0.047379229217767715 0.0319439060986042 -0.05124526843428612
v -0.048854779452085495 0.03007606789469719 -0.0444035604596138
v -0.04851336032152176 0.031351953744888306 -0.04466261714696884
v -0.04778610169887543 0.03319672495126724 -0.04503748193383217
v -0.04643651470541954 0.03547602891921997 -0.045501239597797394
v -0.0054702539928257465 0.027302691712975502 -0.09116815775632858
v -0.011463023722171783 0.027465831488370895 -0.08997667580842972
v -0.017247887328267097 0.027784930542111397 -0.08802908658981323
v -0.022725863382220268 0.028254525735974312 -0.08535872399806976
v -0.027803221717476845 0.028866581618785858 -0.08201128244400024
v -0.032393090426921844 0.02961062826216221 -0.07804403454065323
v -0.036416929215192795 0.03047393448650837 -0.0735248550772667
v -0.03980589285492897 0.03144172579050064 -0.0685310810804367
v -0.04250199720263481 0.03249744698405266 -0.0631481409072876
v -0.044459108263254166 0.03362303227186203 -0.057468146085739136
v -0.04564374312758446 0.03479922190308571 -0.051588285714387894
v -0.04603562131524086 0.0360058955848217 -0.045609164983034134
v -0.043319158256053925 0.037217382341623306 -0.05176514387130737
v -0.04219473898410797 0.036100972443819046 -0.05734613910317421
v -0.040337108075618744 0.03503260016441345 -0.06273742020130157
v -0.03777804225683212 0.03403054177761078 -0.06784674525260925
v -0.034561339765787125 0.03311194106936455 -0.07258670032024384
v -0.03074202686548233 0.03229251876473427 -0.07687617093324661
v -0.026385461911559105 0.031586289405822754 -0.08064176887273788
v -0.021566180512309074 0.031005343422293663 -0.08381906896829605
v -0.01636664755642414 0.030559618026018143 -0.08635368943214417
v -0.010875824838876724 0.030256740748882294 -0.08820227533578873
v -0.010159141384065151 0.032562825828790665 -0.08586759120225906
v -0.015297865495085716 0.03284628316760063 -0.08413754403591156
v -0.02016398124396801 0.0332634262740612 -0.08176545053720474
v -0.024674223735928535 0.033807121217250824 -0.07879189401865005
v -0.028751425445079803 0.03446806222200394 -0.07526776939630508
v -0.03232582286000252 0.03523493930697441 -0.07125335931777954
v -0.03533625975251198 0.03609463572502136 -0.06681735068559647
v -0.03773122280836105 0.037032436579465866 -0.06203566491603851
v -0.03946973383426666 0.038032300770282745 -0.05699009820818901
v -0.040522050112485886 0.039077118039131165 -0.05176698789000511
v -0.04369112104177475 0.038362715393304825 -0.04608993977308273
v -0.0431608222424984 0.03876893222332001 -0.04617297276854515
v -0.04087016358971596 0.040149010717868805 -0.04645570367574692
v -0.03900694102048874 0.0409083291888237 -0.046612050384283066
v -0.009348912164568901 0.03426845371723175 -0.083089679479599
v -0.01409513596445322 0.03453025966882706 -0.08149176836013794
v -0.018589572980999947 0.03491554036736488 -0.07930085808038712
v -0.022755317389965057 0.03541770577430725 -0.07655443251132965
v -0.026521099731326103 0.03602816164493561 -0.07329947501420975
v -0.02982248179614544 0.036736465990543365 -0.0695916935801506
v -0.03260297328233719 0.03753049671649933 -0.06549452245235443
v -0.03481500968337059 0.03839666768908501 -0.06107805669307709
v -0.036420729011297226 0.03932016342878342 -0.05641787126660347
v -0.03739267215132713 0.040285173803567886 -0.051593709737062454
v -0.037714194506406784 0.04127519577741623 -0.04668810963630676
v -0.003997036721557379 0.035165902227163315 -0.08090028166770935
v -0.008485766127705574 0.03528809919953346 -0.08000782877206802
v -0.012818767689168453 0.03552711009979248 -0.07854904234409332
v -0.01692190393805504 0.035878848284482956 -0.07654888182878494
v -0.020724967122077942 0.036337293684482574 -0.07404156774282455
v -0.024162886664271355 0.036894600838422775 -0.07107000052928925
v -0.027176840230822563 0.037541236728429794 -0.06768503040075302
v -0.02971525676548481 0.0382661372423172 -0.06394457072019577
v -0.03173470497131348 0.03905689716339111 -0.05991261824965477
v -0.03320062533020973 0.03989998623728752 -0.055658165365457535
v -0.03408794105052948 0.04078098386526108 -0.05125400796532631
v -0.034381475299596786 0.04168481007218361 -0.04677550494670868
v 0.00579178798943758 0.05007246881723404 -0.0024490291252732277
v 0.009106884710490704 0.050085801631212234 -0.0023181415162980556
v 0.00884668342769146 0.04987369105219841 -0.007719352841377258
v -0.029727209359407425 0.049129046499729156 -0.0033977681305259466
v -0.029706524685025215 0.04912085458636284 -0.003136812476441264
v -0.024470660835504532 0.049373626708984375 -0.0037876928690820932
v 0.03110785223543644 0.04987775906920433 -0.0036418363451957703
v 0.0313858687877655 0.04984571412205696 -0.007661548443138599
v 0.025347137823700905 0.04991145431995392 -0.007526467554271221
v 0.024861067533493042 0.04957433417439461 -0.01105714961886406
v 0.03162959963083267 0.04953246936202049 -0.011456023901700974
v 0.029189972206950188 0.04891926422715187 -0.01518026553094387
v 0.031641885638237 0.049508001655340195 -0.011657888069748878
v 0.025831591337919235 0.04999273270368576 -0.003980329260230064
v 0.026310725137591362 0.0498184934258461 -0.0004459585761651397
v 0.03108847327530384 0.04986869916319847 -0.003368154400959611
v 0.030819324776530266 0.049596503376960754 0.0004058829217683524
v -0.030300773680210114 0.04877036064863205 -0.011220332235097885
v -0.030034728348255157 0.04909094050526619 -0.007411636877804995
v -0.023543376475572586 0.04897873476147652 -0.01087350957095623
v -0.02401103638112545 0.04930410906672478 -0.007338313385844231
v -0.015468942001461983 0.04918616637587547 -0.010544427670538425
v -0.015734108164906502 0.04951484128832817 -0.007545505650341511
v -0.007529933471232653 0.04967213422060013 -0.007656889967620373
v -0.023082546889781952 0.04841760918498039 -0.014283915981650352
v -0.030313262715935707 0.04874696955084801 -0.011410929262638092
v -0.015300055034458637 0.04868842661380768 -0.013449645601212978
v 0.024388566613197327 0.04900183528661728 -0.01446316298097372
v 0.014878373593091965 0.04908949136734009 -0.013417253270745277
v 0.016778452321887016 0.04958304390311241 -0.010666427202522755
v 0.008594043552875519 0.04909134283661842 -0.013002777472138405
v 0.008718008175492287 0.04954824596643448 -0.010405374690890312
v -5.286446321406402e-05 0.04902052879333496 -0.012794457376003265
v 0.000651489186566323 0.049470435827970505 -0.010295483283698559
v -0.00729755824431777 0.04889563471078873 -0.012943425215780735
v 0.01733759418129921 0.05007105693221092 -0.004659846890717745
v 0.017057854682207108 0.04991840571165085 -0.007670577149838209
v 0.01908130943775177 0.05001823604106903 -0.00148618477396667
v 0.022958820685744286 0.04993167147040367 -0.0009765690192580223
v -0.02940204180777073 0.048855721950531006 0.000635047850664705
v -0.02175568975508213 0.049373775720596313 -0.0007773993420414627
v -0.015994997695088387 0.049660734832286835 -0.004531719721853733
v -0.016250191256403923 0.0496235266327858 -0.001519645331427455
v -0.007643963675945997 0.04984843358397484 -0.004955637734383345
v -0.008239305578172207 0.04986688867211342 -0.002223775489255786
v 0.0006646166439168155 0.04997529461979866 -0.005113053601235151
v 0.0006737146177329123 0.05002473667263985 -0.0025126321706920862
v 0.000685552426148206 0.050024885684251785 -0.0025126771070063114
v 0.0006571969715878367 0.049790363758802414 -0.007710863370448351
v 0.014878373593091965 0.04908948764204979 -0.013417256996035576
v -0.015300053171813488 0.04868842661380768 -0.013449645601212978
v 0.011247736401855946 0.04986212030053139 0.00831388309597969
v 0.015353907831013203 0.04923441633582115 0.019506316632032394
v 0.03031122498214245 0.04547862708568573 0.02727614901959896
v 0.030134273692965508 0.046940069645643234 0.020012157037854195
v 0.029344912618398666 0.047113317996263504 0.01991787925362587
v 0.030139708891510963 0.0474301315844059 0.017083385959267616
v 0.0306660495698452 0.0493326298892498 0.0027854922227561474
v 0.026794670149683952 0.048968300223350525 0.008474649861454964
v 0.030611911788582802 0.04415515065193176 0.03237991780042648
v 0.026821034029126167 0.04573211446404457 0.031271740794181824
v 0.024778766557574272 0.04796449467539787 0.019751347601413727
v 0.03030328080058098 0.048439379781484604 0.010111244395375252
v 0.030874105170369148 0.043143656104803085 0.03560027852654457
v 0.022762862965464592 0.04696068912744522 0.03102804720401764
v 0.01855972222983837 0.04799342900514603 0.030824238434433937
v 0.010531104169785976 0.04962537810206413 0.0194334015250206
v 0.0056627304293215275 0.04983944445848465 0.019396401941776276
v 0.0007725303876213729 0.04987158998847008 0.019396301358938217
v -0.004115256480872631 0.04971916228532791 0.019433610141277313
v -0.013787501491606236 0.048875950276851654 0.01961721107363701
v -0.008976469747722149 0.04938541725277901 0.01950763538479805
v -0.025075148791074753 0.04509374126791954 0.03146922215819359
v -0.02105039916932583 0.04642174020409584 0.031194772571325302
v -0.016875606030225754 0.047557540237903595 0.030959082767367363
v -0.028964610770344734 0.042714282870292664 0.03490601107478142
v -0.028533264994621277 0.04524138942360878 0.02530442737042904
v -0.028551623225212097 0.04505675286054611 0.026159944012761116
v -0.028705473989248276 0.04401233419775963 0.03049050271511078
v -0.02771856263279915 0.046411383897066116 0.020135028287768364
v -0.028592534363269806 0.0470217689871788 0.01527582947164774
v -0.02317613549530506 0.047374602407217026 0.019933834671974182
v -0.028783854097127914 0.047712549567222595 0.010336092673242092
v -0.025301871821284294 0.04832746088504791 0.008672896772623062
v -0.020178833976387978 0.048845287412405014 0.008561218157410622
v -0.009783300571143627 0.0496034175157547 0.008393913507461548
v 0.021659744903445244 0.049359943717718124 0.008402006700634956
v -0.01852721907198429 0.048201415687799454 0.019760150462388992
v 0.020109733566641808 0.048676688224077225 0.019613120704889297
v -0.043067626655101776 -0.009234626777470112 -0.00795411691069603
v -0.04418732970952988 -0.00945617351680994 -0.008975030854344368
v -0.04567665979266167 -0.00954554881900549 -0.00931996013969183
v -0.04714755341410637 -0.009479470551013947 -0.008899047039449215
v -0.04821674898266792 -0.009275149554014206 -0.00782194547355175
v -0.04860565811395645 -0.008985829539597034 -0.006369324866682291
v -0.0485929511487484 -0.007022468373179436 0.003317292081192136
v -0.04883914440870285 0.011683527380228043 -0.0009113822015933692
v -0.04556479677557945 0.002946627326309681 0.05231056734919548
v -0.047060154378414154 -0.0019187255529686809 0.028400843963027
v -0.03959740325808525 -0.008223495446145535 -0.0031889164820313454
v -0.03309013694524765 -0.006796898785978556 0.003430350683629513
v -0.04552735388278961 0.0031850188970565796 0.05348440259695053
v -0.04550240561366081 0.007038905750960112 0.07249828428030014
v -0.04855550825595856 -0.006784076802432537 0.004491127096116543
v -0.04867301881313324 0.025980597361922264 -0.0008662882610224187
v -0.04860209673643112 0.030088411644101143 -0.0013845941284671426
v -0.048864562064409256 0.03013945370912552 -0.0028572222217917442
v -0.04873676598072052 0.01694769226014614 0.00037438530125655234
v -0.04867681488394737 0.004010961391031742 0.0024504526518285275
v -0.04869663715362549 0.006356090307235718 0.0020449364092200994
v -0.04881314933300018 0.01204484049230814 6.375408702297136e-05
v -0.0487310066819191 0.01229795627295971 0.001075791660696268
v -0.04873300716280937 0.01292423065751791 0.0009784966241568327
v -0.04881115257740021 0.03117215447127819 -0.002891829004511237
v -0.04859795793890953 0.031506624072790146 -0.0019257438834756613
v 0.034460123628377914 0.03712373226881027 0.04834413155913353
v 0.03460367023944855 0.0372590497136116 0.05073947459459305
v 0.03754233568906784 0.03369973599910736 0.04857373610138893
v 0.03686009347438812 0.03476892411708832 0.05056774243712425
v 0.034523457288742065 0.037192344665527344 0.04592486843466759
v 0.03759706765413284 0.033690787851810455 0.04661012440919876
v 0.040344517678022385 0.02993849851191044 0.047352954745292664
v 0.04030163213610649 0.029994506388902664 0.048897698521614075
v 0.042737528681755066 0.025960104539990425 0.04814917966723442
v 0.048182375729084015 0.00884038396179676 0.05227518826723099
v 0.048191137611866 0.008722268976271152 0.05161387845873833
v 0.047769151628017426 0.011707626283168793 0.05182415992021561
v 0.04746955260634422 0.013169472105801105 0.050725307315588
v 0.04630890116095543 0.01755908876657486 0.04983654245734215
v 0.046108830720186234 0.01830536499619484 0.0510096475481987
v 0.04734838008880615 0.013814191333949566 0.05153429135680199
v 0.035265251994132996 0.037935417145490646 0.04122498258948326
v 0.03479455038905144 0.03746563196182251 0.04353460296988487
v 0.03770944103598595 0.03466610983014107 0.04250416159629822
v 0.037800636142492294 0.033803921192884445 0.044659584760665894
v 0.04283026233315468 0.0259135439991951 0.04697711393237114
v 0.04240032657980919 0.027037376537919044 0.04540175199508667
v 0.040486402809619904 0.02994934655725956 0.04581316187977791
v 0.04070866107940674 0.03005506843328476 0.044281307607889175
v 0.038149040192365646 0.03403664007782936 0.0427500456571579
v 0.037352245301008224 0.03417874127626419 0.050537899136543274
v 0.037636153399944305 0.033829763531684875 0.05052212253212929
v 0.04136607050895691 0.028535187244415283 0.050438202917575836
v 0.04234748333692551 0.02685757726430893 0.05047013983130455
v 0.044723693281412125 0.021838463842868805 0.04897535219788551
v 0.044714849442243576 0.022018691524863243 0.05070096626877785
v 0.045524608343839645 0.019975831732153893 0.050855930894613266
v 0.0484992116689682 0.004103705752640963 0.05195261910557747
v 0.0484730564057827 0.004222296178340912 0.05253944545984268
v 0.04846484959125519 0.004341214429587126 0.05312672629952431
v 0.04837392643094063 0.006965694483369589 0.05133386701345444
v 0.048222314566373825 0.008606716990470886 0.05095279961824417
v 0.047193240374326706 0.014494220726191998 0.04945515841245651
v 0.0463939793407917 0.017421696335077286 0.04860379174351692
v 0.044780101627111435 0.02177041582763195 0.04811173304915428
v 0.04468664154410362 0.022168578580021858 0.047101713716983795
v 0.042983125895261765 0.02590026892721653 0.045812562108039856
v -0.047466300427913666 0.013992083258926868 0.0125781474635005
v -0.04611590504646301 0.015127562917768955 0.024944525212049484
v -0.045319899916648865 0.02063489705324173 0.023827210068702698
v -0.04700205847620964 0.0038140902761369944 0.027238793671131134
v -0.04668368771672249 0.009509366005659103 0.026084011420607567
v -0.047105900943279266 0.020027857273817062 0.01135429460555315
v -0.04664278402924538 0.02599235810339451 0.010144754312932491
v -0.04537736997008324 0.031537286937236786 0.01217647735029459
v -0.047663915902376175 0.030647924169898033 0.0027411989867687225
v -0.04813424497842789 0.030427252873778343 0.0006829313351772726
v -0.04375474900007248 0.028624823316931725 0.022205693647265434
v -0.043149422854185104 0.031205639243125916 0.02168179862201214
v -0.04087087884545326 0.03373006358742714 0.026844527572393417
v -0.042613882571458817 0.032844122499227524 0.02181978151202202
v -0.04415784031152725 0.03209029138088226 0.016686057671904564
v -0.038204312324523926 0.03479665890336037 0.03354576230049133
v -0.038888219743967056 0.034727200865745544 0.03165159001946449
v -0.03737276792526245 0.03544877469539642 0.03477077558636665
v -0.0357845202088356 0.033489711582660675 0.042890094220638275
v -0.03324904665350914 0.03709262236952782 0.041485704481601715
v -0.03632538020610809 0.035914890468120575 0.036692358553409576
v -0.04353390261530876 0.021241934970021248 0.03630013391375542
v -0.040336836129426956 0.025498319417238235 0.04590565711259842
v -0.042801741510629654 0.023654930293560028 0.035810086876153946
v -0.0400841124355793 0.026018308475613594 0.04571729525923729
v -0.04199911281466484 0.026010435074567795 0.0353316031396389
v -0.039038240909576416 0.028051557019352913 0.044968441128730774
v -0.04113204404711723 0.02830531820654869 0.03486531972885132
v -0.03793693706393242 0.03002157062292099 0.044226743280887604
v -0.04020652547478676 0.03053654357790947 0.03441186249256134
v -0.03678832948207855 0.03192717581987381 0.043496374040842056
v -0.03922854736447334 0.03270107880234718 0.03397185355424881
v -0.04476550593972206 0.016263039782643318 0.03731091320514679
v -0.042414844036102295 0.020622078329324722 0.047590069472789764
v -0.0419694148004055 0.021779555827379227 0.04720504209399223
v -0.045072805136442184 0.010357475839555264 0.050601132214069366
v -0.044679801911115646 0.012651356868445873 0.05000082775950432
v -0.045656174421310425 0.011118537746369839 0.03835481032729149
v -0.0438237302005291 0.01627449318766594 0.04895838722586632
v -0.04336199536919594 0.017847776412963867 0.04847666621208191
v -0.04537251964211464 0.007840714417397976 0.05121762305498123
v -0.04432094842195511 0.026001395657658577 0.022738175466656685
v -0.0330410934984684 0.04864826425909996 -0.0026899746153503656
v -0.04774344339966774 0.03374432772397995 0.00016823338228277862
v -0.047359660267829895 0.036916688084602356 -0.003037611488252878
v -0.04842104762792587 0.03338101506233215 -0.0026215119287371635
v -0.04559851065278053 0.040300894528627396 -0.003596225753426552
v -0.04633985087275505 0.039949096739292145 -0.006923313718289137
v -0.0438789464533329 0.04305608943104744 -0.007837768644094467
v -0.04246343672275543 0.043334659188985825 -0.0007646505255252123
v -0.04484331235289574 0.040417417883872986 -0.00031313442741520703
v -0.043593354523181915 0.04098118469119072 0.0028917889576405287
v -0.0470636747777462 0.03390910103917122 0.002935093594714999
v -0.04634188115596771 0.03609289973974228 0.0029965313151478767
v -0.046617843210697174 0.03715736046433449 -4.233158392707992e-07
v -0.04587709903717041 0.03717995807528496 0.003004551399499178
v -0.04409019649028778 0.04029788821935654 0.0029305173084139824
v -0.0338316410779953 0.04842066019773483 -0.010631750337779522
v -0.03740993142127991 0.047379642724990845 -0.009748289361596107
v -0.040835410356521606 0.045577649027109146 -0.008799185045063496
v -0.0431792177259922 0.043322399258613586 -0.00427718972787261
v -0.04022284597158432 0.04579569026827812 -0.005044601857662201
v -0.03691094368696213 0.047596968710422516 -0.00585283013060689
v -0.03345026820898056 0.04868358001112938 -0.006655121687799692
v -0.03261710703372955 0.04831289127469063 0.0012689628638327122
v -0.0347767099738121 0.04762382432818413 0.0016627113800495863
v -0.03638744354248047 0.04752802848815918 -0.0019892635755240917
v -0.04174773395061493 0.04309385269880295 0.0027058585546910763
v -0.03963450342416763 0.044928308576345444 0.0024352106265723705
v -0.03959021344780922 0.045742541551589966 -0.0013343645259737968
v -0.03895311802625656 0.045419756323099136 0.0023380585480481386
v -0.035853926092386246 0.04717344790697098 0.0018485741456970572
v -0.04429639130830765 0.014349878765642643 0.05167186260223389
v -0.04396573826670647 0.015671437606215477 0.05151531472802162
v -0.04373311623930931 0.016414044424891472 0.05018681287765503
v -0.04475744068622589 0.01215333677828312 0.051954951137304306
v -0.045373160392045975 0.007569566369056702 0.051970284432172775
v -0.04542071372270584 0.006938932463526726 0.05276235565543175
v -0.044770557433366776 0.012020125985145569 0.05107923969626427
v -0.04224037006497383 0.020927587524056435 0.05103333294391632
v -0.041390009224414825 0.02295580506324768 0.0509074330329895
v -0.04034558683633804 0.02499309554696083 0.04964170977473259
v -0.03538769483566284 0.03277408331632614 0.048853550106287
v -0.03806442767381668 0.028977015987038612 0.04920120909810066
v -0.03734511509537697 0.030280884355306625 0.050738222897052765
v -0.040368132293224335 0.025104714557528496 0.05080869793891907
v -0.040114905685186386 0.025598669424653053 0.05079132318496704
v -0.038004618138074875 0.029266998171806335 0.05073213577270508
v -0.040384434163570404 0.024912457913160324 0.04847056791186333
v -0.04225790873169899 0.020747115835547447 0.049310632050037384
v -0.03827045112848282 0.028925500810146332 0.04612904414534569
v -0.03567755967378616 0.03287002071738243 0.04494834318757057
v -0.032749369740486145 0.03663477674126625 0.04379163309931755
v -0.03249864652752876 0.0364336259663105 0.05099482461810112
v -0.03237004578113556 0.03630165383219719 0.04859844222664833
v -0.03517012670636177 0.0332891121506691 0.050813984125852585
v -0.03546953201293945 0.03290190547704697 0.050799183547496796
v -0.04223167896270752 0.020830538123846054 0.05017292872071266
v -0.04353133589029312 0.017203884199261665 0.05135061964392662
v -0.03245345503091812 0.036368466913700104 0.046179741621017456
v -0.035457007586956024 0.03276311978697777 0.0468938872218132
v -0.03811746835708618 0.028919348493218422 0.04766230657696724
v -0.04170045256614685 0.035140927881002426 0.02189580723643303
v -0.034802909940481186 0.03785198926925659 0.03661426901817322
v -0.030502943322062492 0.04447245970368385 0.02567192353308201
v -0.030814696103334427 0.04545849189162254 0.020673491060733795
v -0.03307786583900452 0.04438673332333565 0.02106155827641487
v -0.031620122492313385 0.04704200103878975 0.010885361582040787
v -0.03138440474867821 0.03889022767543793 0.04134161025285721
v -0.03305288031697273 0.039606425911188126 0.036441586911678314
v -0.03111315332353115 0.04113548994064331 0.03617721050977707
v -0.03045988641679287 0.0396856814622879 0.041114989668130875
v -0.032347422093153 0.037995681166648865 0.041471898555755615
v -0.03955873101949692 0.04227087274193764 0.012108683586120605
v -0.03711777925491333 0.04430432245135307 0.011793999001383781
v -0.03443464636802673 0.045906271785497665 0.011379381641745567
v -0.031770266592502594 0.042412567883729935 0.031023317947983742
v -0.03321463242173195 0.04140312597155571 0.031235212460160255
v -0.030260765925049782 0.0432843342423439 0.030773751437664032
v -0.039993926882743835 0.03563489019870758 0.02673937939107418
v -0.03698216378688812 0.03766009956598282 0.031617600470781326
v -0.03884492814540863 0.037493616342544556 0.026718245819211006
v -0.035836100578308105 0.03901274502277374 0.03153412789106369
v -0.034575480967760086 0.04026558995246887 0.03140624612569809
v -0.0352318100631237 0.04301092028617859 0.02138649858534336
v -0.03721760958433151 0.041354432702064514 0.021637635305523872
v -0.03898286819458008 0.03945565223693848 0.02180768921971321
v -0.04048621281981468 0.03736507147550583 0.021893411874771118
v -0.04458482190966606 0.03439950570464134 0.01235684659332037
v -0.043347906321287155 0.037214528769254684 0.01239103265106678
v -0.04165957495570183 0.03987540304660797 0.012309492565691471
v 0.0008915932266972959 0.053676702082157135 0.06298448890447617
v 0.006215573754161596 0.05344606935977936 0.06302425265312195
v 0.0150514617562294 0.051718760281801224 0.06336276233196259
v 0.023389160633087158 0.04837090149521828 0.06403039395809174
v 0.0309222973883152 0.043525516986846924 0.06500260531902313
v 0.030898429453372955 0.04057968780398369 0.05044944956898689
v 0.03737406060099602 0.037360649555921555 0.06624368578195572
v 0.031932856887578964 0.03974653780460358 0.05064317211508751
v 0.04250738024711609 0.030102835968136787 0.06770802289247513
v 0.0461336225271225 0.022018766030669212 0.06934180855751038
v 0.04811954125761986 0.013405492529273033 0.07108501344919205
v 0.04848979786038399 0.008195101283490658 0.07214061170816422
v -0.02887851931154728 0.03984437882900238 0.050676923245191574
v -0.02989155985414982 0.0389852374792099 0.050878576934337616
v -0.029973801225423813 0.03862835839390755 0.04847948998212814
v -0.030254166573286057 0.038491539657115936 0.04605446383357048
v -0.03072858788073063 0.03858032077550888 0.043657559901475906
v 0.032005675137043 0.039391499012708664 0.04824350029230118
v 0.03241042047739029 0.0404590405523777 0.04087574779987335
v 0.03227093443274498 0.039261333644390106 0.04581639543175697
v 0.03272484242916107 0.03936147689819336 0.04341597110033035
v 0.034341610968112946 0.03881601616740227 0.04121813178062439
v 0.03335525095462799 0.03968716040253639 0.04109513387084007
v -0.03515264019370079 0.0364685021340847 0.06651967763900757
v -0.040094584226608276 0.029086750000715256 0.06802235543727875
v -0.043508343398571014 0.020916081964969635 0.06968293339014053
v -0.0452684722840786 0.012256729416549206 0.07144039124250412
v -0.004424646031111479 0.0533151850104332 0.06306473910808563
v -0.013212541118264198 0.05137108266353607 0.06347031891345978
v -0.021460045129060745 0.047819215804338455 0.06420105695724487
v -0.028864100575447083 0.042790088802576065 0.0652301162481308
v 0.0324675552546978 0.046236924827098846 0.02043267898261547
v 0.04338252916932106 0.04092150181531906 0.01198587566614151
v 0.04122192785143852 0.04326456040143967 0.011801281943917274
v 0.03897663578391075 0.04229169711470604 0.021347686648368835
v 0.04792509973049164 0.03762383013963699 0.0026429141871631145
v 0.04759414866566658 0.03832974284887314 0.002648858120664954
v 0.04513636976480484 0.03830297291278839 0.012054316699504852
v 0.04193154349923134 0.0366426520049572 0.02642761915922165
v 0.034968938678503036 0.040443163365125656 0.03618273884057999
v 0.03676285594701767 0.038732320070266724 0.03634193539619446
v 0.0329902246594429 0.041924022138118744 0.035933274775743484
v 0.048850491642951965 0.03512200340628624 0.0025714982766658068
v 0.04644186049699783 0.03551922366023064 0.012010456062853336
v 0.03996342420578003 0.03718431666493416 0.03135978803038597
v 0.040885694324970245 0.03570885583758354 0.03134806081652641
v 0.041596610099077225 0.035372018814086914 0.029711680486798286
v 0.03723771870136261 0.037261806428432465 0.03825877234339714
v 0.038333043456077576 0.03683329373598099 0.03640824183821678
v 0.039511218667030334 0.036333780735731125 0.034217096865177155
v 0.043303508311510086 0.044154368340969086 0.0023805848322808743
v 0.045026715844869614 0.042307931929826736 0.002539479872211814
v 0.04571547731757164 0.04142333194613457 0.002587779425084591
v 0.04758093133568764 0.03835655003786087 0.002648953814059496
v 0.04234422743320465 0.03838396444916725 0.021578211337327957
v 0.04347526654601097 0.036917027086019516 0.02073998562991619
v 0.04078930988907814 0.04043692722916603 0.021504120901226997
v 0.036436501890420914 0.04113910719752312 0.03113601729273796
v 0.03772849217057228 0.03991766273975372 0.03125418722629547
v 0.038908082991838455 0.03859362378716469 0.03132880851626396
v 0.04073704406619072 0.038472551852464676 0.026415405794978142
v 0.03504682704806328 0.042242810130119324 0.030975451692938805
v 0.036948833614587784 0.0438988134264946 0.02111181989312172
v 0.034162141382694244 0.044294748455286026 0.025742318481206894
v 0.03357648849487305 0.04321639612317085 0.030774641782045364
v 0.03221819922327995 0.045243993401527405 0.025433240458369255
v 0.03613653406500816 0.048530347645282745 0.001376854139380157
v 0.034051500260829926 0.04913298040628433 0.001015263726003468
v 0.0331592820584774 0.04783884808421135 0.010638847947120667
v 0.03404690697789192 0.049134038388729095 0.0010144395055249333
v 0.034759290516376495 0.045221198350191116 0.020803412422537804
v 0.03872936964035034 0.04523731768131256 0.011505371890962124
v 0.03600456938147545 0.04677274078130722 0.011111333966255188
v 0.040995221585035324 0.04603778198361397 0.002106511266902089
v 0.04045196622610092 0.046404995024204254 0.0020341132767498493
v 0.037310607731342316 0.04807739332318306 0.0015686745755374432
v 0.0383630208671093 0.03495519980788231 0.040081579238176346
v 0.04306022822856903 0.027046414092183113 0.04167843237519264
v 0.04083065316081047 0.031160058453679085 0.040847569704055786
v 0.0434206984937191 0.03183773159980774 0.029171012341976166
v 0.04407911375164986 0.0270678848028183 0.035904839634895325
v 0.042125675827264786 0.03149889409542084 0.03500928729772568
v 0.03996484354138374 0.03565243259072304 0.034170251339673996
v 0.04577523097395897 0.02238234132528305 0.036852315068244934
v 0.04716672748327255 0.017473872750997543 0.03784537687897682
v 0.04821377247571945 0.012387345544993877 0.03887498378753662
v 0.048882629722356796 0.007173605728894472 0.03993086889386177
v 0.0491550974547863 0.0018926832126453519 0.04100089147686958
v 0.034811560064554214 0.04952379688620567 -0.006932008545845747
v 0.0478995107114315 0.041130512952804565 -0.007297342177480459
v 0.045355357229709625 0.04416872188448906 -0.008192602545022964
v 0.04717624559998512 0.04146372899413109 -0.0039669605903327465
v 0.0490269735455513 0.03813024237751961 -0.0034208307042717934
v 0.05018260329961777 0.03462681919336319 -0.0030114136170595884
v 0.043988414108753204 0.04441337659955025 -0.001107379561290145
v 0.04105443134903908 0.046743884682655334 -0.001655333791859448
v 0.03443341702222824 0.04947991669178009 -0.00296009355224669
v 0.037807248532772064 0.04844534769654274 -0.0022855140268802643
v 0.042245253920555115 0.04660793021321297 -0.00912988930940628
v 0.03877302631735802 0.04831993952393532 -0.010051677003502846
v 0.03516826778650284 0.04926946759223938 -0.010906621813774109
v 0.03829957917332649 0.048525791615247726 -0.006156953051686287
v 0.041657429188489914 0.046811483800411224 -0.005374572239816189
v 0.04467778280377388 0.04441797360777855 -0.004629861563444138
v 0.04644286260008812 0.04156206175684929 -0.0006733604241162539
v 0.048301637172698975 0.038352783769369125 -0.0003730556054506451
v 0.0069195302203297615 -0.049237143248319626 0.032819218933582306
v 0.006466648541390896 -0.04995036497712135 0.032964374870061874
v 0.005750649608671665 -0.050412166863679886 0.03305891528725624
v -0.02296324446797371 -0.04892623797059059 0.032795410603284836
v -0.023118330165743828 -0.03706241026520729 0.030390959233045578
v -0.02286549285054207 -0.03799160569906235 0.030578963458538055
v 0.005134223960340023 -0.04528634250164032 0.03202078118920326
v 0.006068668328225613 -0.04496860131621361 0.03195515275001526
v 0.0070342691615223885 -0.04855723679065704 0.032681260257959366
v 0.006733342073857784 -0.044250793755054474 0.03180878981947899
v 0.006965656764805317 -0.04330851882696152 0.03161749616265297
v -0.021631548181176186 -0.05074899643659592 0.03316311538219452
v -0.022359387949109077 -0.05030495300889015 0.033074069768190384
v -0.022830767557024956 -0.04960310086607933 0.032932430505752563
v -0.0024739254731684923 -0.045267511159181595 0.03202694654464722
v 0.00506005622446537 -0.05054182931780815 0.033086102455854416
v -0.011241352185606956 -0.04360855370759964 0.0317021980881691
v -0.020937789231538773 -0.050861626863479614 0.03318503499031067
v -0.019486991688609123 -0.040249116718769073 0.031032102182507515
v -0.022192204371094704 -0.03869125619530678 0.03071989119052887
v 0.007016643416136503 -0.05127997696399689 0.019248103722929955
v 0.00504131056368351 -0.053437575697898865 0.018799379467964172
v 0.005444504786282778 -0.05339263379573822 0.018787791952490807
v 0.00682917982339859 -0.052207790315151215 0.019051911309361458
v 0.006451314315199852 -0.05279510095715523 0.018913276493549347
v 0.00623942818492651 -0.05299799516797066 0.018865061923861504
v 0.005735688842833042 -0.05330091714859009 0.01879945583641529
v -0.007330009713768959 -0.053763773292303085 0.017987839877605438
v -0.013380425982177258 -0.05417908728122711 0.016328886151313782
v -0.019137751311063766 -0.05475309491157532 0.013868012465536594
v -0.020964428782463074 -0.05497684329748154 0.012881827540695667
v -0.001101923524402082 -0.053515076637268066 0.018813231959939003
v -0.022815389558672905 -0.05388249084353447 0.012333227321505547
v -0.02298988588154316 -0.053041763603687286 0.012490681372582912
v -0.02169991098344326 -0.05491600185632706 0.01252814196050167
v -0.022352930158376694 -0.05454014241695404 0.012340374290943146
v 0.0005949719925411046 -0.038537006825208664 0.08116532117128372
v 0.0005565190804190934 -0.035595428198575974 0.08056915551424026
v 0.0005481048137880862 -0.0355772040784359 0.08065810799598694
v 0.0005353507003746927 -0.03848880156874657 0.08139719814062119
v 0.0005254580173641443 -0.035560403019189835 0.08073852211236954
v 0.00044891866855323315 -0.0384637676179409 0.08151143044233322
v 0.0004678156110458076 -0.03553691506385803 0.08084782212972641
v 0.00041045830585062504 -0.03552185371518135 0.0809151902794838
v 0.00037824854371137917 -0.03845050558447838 0.08156866580247879
v 0.00029150632326491177 -0.03550136834383011 0.0810006856918335
v 0.00026836097822524607 -0.038436561822891235 0.08162366598844528
v 0.00014850031584501266 -0.038427673280239105 0.08165102452039719
v 5.694837818737142e-05 -0.0354827418923378 0.08105713874101639
v 9.541762847220525e-05 -0.03842557221651077 0.08165356516838074
v 0.003556270385161042 -0.03555852919816971 0.08055773377418518
v 0.0035947232972830534 -0.0385001078248024 0.08115390688180923
v 0.0036033561918884516 -0.038481704890728 0.08124276250600815
v 0.0036164415068924427 -0.035508718341588974 0.08078911155462265
v 0.003626201767474413 -0.03846438601613045 0.0813230574131012
v 0.0036840944085270166 -0.03843959793448448 0.08143196254968643
v 0.003703104564920068 -0.035481348633766174 0.08090265840291977
v 0.0037415619008243084 -0.038423266261816025 0.0814988985657692
v 0.0037738343235105276 -0.035466186702251434 0.08095930516719818
v 0.003860645228996873 -0.038400132209062576 0.08158355951309204
v 0.003883782308548689 -0.03544926270842552 0.08101343363523483
v 0.004003572277724743 -0.035437095910310745 0.08103980869054794
v 0.004095086362212896 -0.038376372307538986 0.08163834363222122
v 0.004056616686284542 -0.03543354198336601 0.08104191720485687
v 0.0035504833795130253 -0.03645244613289833 0.0761474221944809
v 0.0035889362916350365 -0.03939402475953102 0.07674359530210495
v 0.003487152047455311 -0.03654071316123009 0.07572652399539948
v 0.0034189666621387005 -0.03953862190246582 0.076066754758358
v 0.0031177985947579145 -0.036679234355688095 0.0751197561621666
v 0.003099714173004031 -0.03963274881243706 0.07566294074058533
v 0.002947705565020442 -0.039661724120378494 0.07554501295089722
v 0.0025057767052203417 -0.03677186369895935 0.07475557923316956
v 0.002453907858580351 -0.03971894457936287 0.07532697170972824
v 0.0024155438877642155 -0.03677893802523613 0.07473072409629822
v 0.0023475748021155596 -0.03972545266151428 0.07530527561903
v 0.002087438479065895 -0.03973390534520149 0.0752839520573616
v 0.0017874581972137094 -0.036791782826185226 0.07471165806055069
v 0.0017209314974024892 -0.039728034287691116 0.07532940059900284
v 0.0016826160717755556 -0.03678787872195244 0.07473389059305191
v 0.0013951623113825917 -0.03970380872488022 0.07545145601034164
v 0.0011891816975548863 -0.03674237057566643 0.07495562732219696
v 0.0010758511489257216 -0.039657652378082275 0.07567059993743896
v 0.0010374527191743255 -0.03671693429350853 0.07507465034723282
v 0.0008586879703216255 -0.03960609436035156 0.07591289281845093
v 0.000719035102520138 -0.036630112677812576 0.07548081129789352
v 0.0006726864376105368 -0.03953086584806442 0.07626962661743164
v 0.0006116703734733164 -0.039483442902565 0.07649806141853333
v 0.0005507321911863983 -0.036489345133304596 0.07615883648395538
v 0.0005891851615160704 -0.039430923759937286 0.07675500959157944
v -0.023092610761523247 -0.03308944031596184 0.049992356449365616
v -0.022839773446321487 -0.034018635749816895 0.05018036067485809
v -0.022166484966874123 -0.034718286246061325 0.05032128840684891
v 0.005159943364560604 -0.04131337255239487 0.0516221784055233
v 0.006094387732446194 -0.040995631366968155 0.0515565499663353
v 0.006759061478078365 -0.04027782380580902 0.051410187035799026
v 0.006991376169025898 -0.039335548877716064 0.05121889337897301
v -0.020622100681066513 -0.025034930557012558 0.015225561335682869
v -0.019879711791872978 -0.02543148398399353 0.015650158748030663
v -0.01983839087188244 -0.019048435613512993 0.047142144292593
v -0.020505327731370926 -0.018612971529364586 0.04705475643277168
v -0.021529516205191612 -0.01848677359521389 0.04703051969408989
v -0.021528199315071106 -0.025018006563186646 0.014779726043343544
v -0.022394929081201553 -0.02541140466928482 0.014412913471460342
v -0.022481368854641914 -0.01887788064777851 0.047111041843891144
v -0.02252182550728321 -0.02551291510462761 0.014366068877279758
v -0.023107342422008514 -0.01968211494386196 0.0472748726606369
v -0.02302509918808937 -0.02612461894750595 0.014216669835150242
v -0.02329443022608757 -0.026982959359884262 0.014237509109079838
v -0.023257791996002197 -0.020453428849577904 0.04743140563368797
v -0.023301301524043083 -0.027174606919288635 0.01427119318395853
v 0.006645553279668093 -0.034218184649944305 0.021895838901400566
v 0.006827167235314846 -0.0350128710269928 0.022040246054530144
v 0.006862838286906481 -0.029502632096409798 0.049226049333810806
v 0.006714818067848682 -0.028787262737751007 0.04908124729990959
v 0.006190236192196608 -0.028061240911483765 0.048934780061244965
v 0.00615406408905983 -0.03355935961008072 0.021806178614497185
v 0.005392330698668957 -0.027637122198939323 0.048849862068891525
v 0.005437209736555815 -0.033148400485515594 0.021779164671897888
v 0.004650011193007231 -0.02757817879319191 0.048838887363672256
v 0.004614550154656172 -0.03305598720908165 0.021813077852129936
v 0.006899431347846985 -0.04054094851016998 0.023160627111792564
v 0.0070122890174388885 -0.05090530216693878 0.019314968958497047
v 0.0069861020892858505 -0.04872695356607437 0.01947495900094509
v 0.006892969366163015 -0.041539207100868225 0.018235523253679276
v 0.006957022473216057 -0.04643917828798294 0.019228605553507805
v -0.02304929681122303 -0.04816839471459389 0.012631854973733425
v -0.023113349452614784 -0.04326842352747917 0.01163877360522747
v -0.02310592122375965 -0.042120885103940964 0.01730036921799183
v -0.023015018552541733 -0.0508945994079113 0.012826981954276562
v -0.023041658103466034 -0.04875767230987549 0.012734221294522285
v 0.0018394367070868611 -0.027742257341742516 0.0488758347928524
v 0.001804072642698884 -0.03320508822798729 0.021923908963799477
v -0.0276197399944067 -0.006111646071076393 0.007534327916800976
v -0.028523074463009834 -0.006034675054252148 0.00689666997641325
v -0.02847566083073616 0.0012893716339021921 0.043031245470047
v -0.027810273692011833 0.0011863693362101912 0.04305125027894974
v -0.027102604508399963 0.0007775609847158194 0.04313318058848381
v -0.02715468965470791 -0.006359830964356661 0.007892423309385777
v -0.02645636349916458 -0.0005154027603566647 0.04339440166950226
v -0.026502080261707306 -0.007577507756650448 0.008552164770662785
v -0.026622191071510315 0.00012450816575437784 0.04326491802930832
v -0.02657790295779705 -0.0071862260811030865 0.00842764787375927
v -0.026945626363158226 -0.006548567675054073 0.008066104725003242
v 0.029414422810077667 0.00017186214972753078 0.04318179190158844
v 0.029711997136473656 0.0010994997574016452 0.04299338161945343
v 0.029379118233919144 -0.005281672812998295 0.016275741159915924
v 0.02964709885418415 -0.004384477157145739 0.016186147928237915
v 0.03030267171561718 -0.00367305357940495 0.01626121625304222
v 0.03042788989841938 0.0017726869555190206 0.04285599663853645
v 0.030393708497285843 -0.0036136587150394917 0.01627945899963379
v 0.031235044822096825 -0.0033112713135778904 0.016496924683451653
v 0.03138589486479759 0.0020257269497960806 0.04280345141887665
v 0.031351424753665924 -0.0032990057952702045 0.01653287000954151
v -0.004317391663789749 -0.06391491740942001 -0.028510097414255142
v -0.0040734028443694115 -0.0640038475394249 -0.02896461822092533
v -0.004378719720989466 -0.06592082977294922 -0.028769832104444504
v 9.803537250263616e-05 -0.06654882431030273 -0.03215716406702995
v -0.0016809296794235706 -0.06642425060272217 -0.031427763402462006
v -0.0015147326048463583 -0.06448130309581757 -0.03148547559976578
v -0.009537316858768463 -0.06889351457357407 -0.027564184740185738
v -0.00994217861443758 -0.06828157603740692 -0.024518700316548347
v -0.008033796213567257 -0.06788505613803864 -0.02460157498717308
v -0.00834233220666647 -0.06945368647575378 -0.030405234545469284
v -0.007693489082157612 -0.06839941442012787 -0.02716144733130932
v -0.006438662763684988 -0.06992392987012863 -0.03284824267029762
v -0.0066890474408864975 -0.06887027621269226 -0.0295494943857193
v -0.003956040367484093 -0.07027218490839005 -0.034726712852716446
v -0.005088921170681715 -0.06926553696393967 -0.031602952629327774
v 0.013642982579767704 -0.0686083734035492 -0.027652394026517868
v 0.012440553866326809 -0.06919804215431213 -0.03048432245850563
v 0.010779977776110172 -0.06865538656711578 -0.029615970328450203
v 0.014055832289159298 -0.0679863765835762 -0.024610022082924843
v 0.011790676973760128 -0.06815974414348602 -0.027235591784119606
v -0.0030021558050066233 -0.06955826282501221 -0.03318190202116966
v -0.0010636504739522934 -0.07047472894191742 -0.035912640392780304
v -0.0005709615652449429 -0.06972850859165192 -0.034178730100393295
v 0.0020413948222994804 -0.07051775604486465 -0.03632519394159317
v 0.002038979670032859 -0.06976467370986938 -0.03452550992369652
v 0.005147491581737995 -0.07039833068847656 -0.035936273634433746
v 0.004649804905056953 -0.06966429203748703 -0.03419859707355499
v 0.008042965084314346 -0.07012458890676498 -0.034772373735904694
v 0.00708359107375145 -0.06943419575691223 -0.033220283687114716
v 0.010530492290854454 -0.06971519440412521 -0.03291281685233116
v 0.00917447917163372 -0.06909008324146271 -0.031657230108976364
v -0.002203243086114526 -0.06820704787969589 -0.03202346712350845
v -0.00016303174197673798 -0.0683499127626419 -0.032859984785318375
v 0.0020271807443350554 -0.06838025897741318 -0.033150993287563324
v 0.00421813502907753 -0.06829602271318436 -0.03287665918469429
v 0.0062605212442576885 -0.06810293346643448 -0.032055675983428955
v 0.008015153929591179 -0.06781415641307831 -0.03074399009346962
v 0.002007794100791216 -0.06657528877258301 -0.03241090849041939
v 0.003918199799954891 -0.06650183349847794 -0.03217170387506485
v 0.00569906085729599 -0.06633347272872925 -0.03145584464073181
v 0.007229015231132507 -0.06608167290687561 -0.030312122777104378
v 0.012137698009610176 -0.06763692200183868 -0.024678334593772888
v 0.010210617445409298 -0.06703343242406845 -0.02703343704342842
v 0.010501829907298088 -0.066594697535038 -0.024887435138225555
v 0.009143352508544922 -0.06540092080831528 -0.02707670070230961
v 0.009397275745868683 -0.06501836329698563 -0.025205491110682487
v 0.00875136349350214 -0.06351073831319809 -0.02735878899693489
v 0.008992193266749382 -0.06314790993928909 -0.025584077462553978
v 0.008403799496591091 -0.06576359272003174 -0.02881847508251667
v 0.008049948140978813 -0.06385471671819687 -0.029010752215981483
v 0.00829512719064951 -0.06375976651906967 -0.028558092191815376
v 0.009362458251416683 -0.06744936853647232 -0.029030999168753624
v 0.006935745477676392 -0.06415639072656631 -0.030427368357777596
v 0.00017249499796889722 -0.06459945440292358 -0.03217726945877075
v 0.00042647970258258283 -0.06460884213447571 -0.032239995896816254
v 0.0019837713334709406 -0.06462454795837402 -0.03241793066263199
v 0.0037956612650305033 -0.06455488502979279 -0.03219105675816536
v 0.005484687630087137 -0.06439520418643951 -0.03151211142539978
v 0.006349802482873201 -0.06426749378442764 -0.030937790870666504
v -0.003207867033779621 -0.0662100538611412 -0.030272407457232475
v -0.0029629291966557503 -0.06427814811468124 -0.030389700084924698
v -0.002378331497311592 -0.06437485665082932 -0.030904578045010567
v -0.003954416140913963 -0.06796139478683472 -0.030698440968990326
v -0.005297211930155754 -0.06762969493865967 -0.028975214809179306
v -0.0061401198618113995 -0.067234568297863 -0.02697121724486351
v -0.005113694816827774 -0.06557630002498627 -0.02702244743704796
v -0.004770476836711168 -0.06367707252502441 -0.027307333424687386
v -0.006425698287785053 -0.06680291891098022 -0.0248230192810297
v -0.005362705327570438 -0.06519992649555206 -0.025149323046207428
v -0.005006646737456322 -0.0633201077580452 -0.025530805811285973
v -0.004519498907029629 -0.06233396381139755 -0.025731325149536133
v -0.00501305190846324 -0.0628301128745079 -0.02563011460006237
v -0.00431598536670208 -0.06221825256943703 -0.022656090557575226
v -0.0038722227327525616 -0.06176580861210823 -0.02296973578631878
v -0.002370661124587059 -0.061710525304079056 -0.020276393741369247
v -0.0020658501889556646 -0.061294350773096085 -0.020760012790560722
v 0.00043762646964751184 -0.06140749529004097 -0.018962334841489792
v 0.0005418454529717565 -0.06101296469569206 -0.01953982003033161
v 0.0035526612773537636 -0.06136917695403099 -0.018974188715219498
v 0.0034343779552727938 -0.06097738444805145 -0.019550828263163567
v 0.0063574728555977345 -0.06160316243767738 -0.020309606567025185
v 0.006038845516741276 -0.06119465455412865 -0.02079085446894169
v 0.008296532556414604 -0.062063105404376984 -0.02270408719778061
v 0.007839401252567768 -0.06162174418568611 -0.023014303296804428
v 0.008985787630081177 -0.0626579150557518 -0.025683384388685226
v 0.008479423820972443 -0.06217406317591667 -0.02578079141676426
v 0.006902683991938829 -0.05631255730986595 -0.026966780424118042
v 0.0067623150534927845 -0.05582420527935028 -0.02706557884812355
v 0.00659814290702343 -0.05557606369256973 -0.025830624625086784
v 0.006391630973666906 -0.05547000467777252 -0.02713688462972641
v 0.006239808164536953 -0.05524052679538727 -0.02599482238292694
v 0.005889956373721361 -0.05534486100077629 -0.02716159075498581
v 0.005755002144724131 -0.05514087900519371 -0.026146424934267998
v 0.0053566740825772285 -0.054954152554273605 -0.0251994077116251
v 0.0057916888035833836 -0.0550304614007473 -0.024929432198405266
v 0.004722117446362972 -0.05479740723967552 -0.02438507042825222
v 0.005077812355011702 -0.054854121059179306 -0.024013299494981766
v 0.003894576570019126 -0.05468131974339485 -0.023758918046951294
v 0.004146828781813383 -0.05472352355718613 -0.023308876901865005
v 0.0029304467607289553 -0.054613806307315826 -0.02336360700428486
v 0.003062182804569602 -0.054647572338581085 -0.02286415360867977
v 0.0018954315455630422 -0.054599467664957047 -0.023226089775562286
v 0.0018977908184751868 -0.05463143810629845 -0.022709444165229797
v 0.0008600658620707691 -0.05463927611708641 -0.023355728015303612
v 0.0007330045336857438 -0.054676223546266556 -0.02285528928041458
v -0.00010509187268326059 -0.05473051965236664 -0.023743698373436928
v -0.0003527977969497442 -0.054778873920440674 -0.023291753605008125
v -0.000934267824050039 -0.054866984486579895 -0.024363545700907707
v -0.00128562084864825 -0.05493239685893059 -0.023989085108041763
v -0.0015709549188613892 -0.05503937229514122 -0.025173045694828033
v -0.002001893939450383 -0.05512633174657822 -0.02489977516233921
v -0.001971764024347067 -0.05523592606186867 -0.026117023080587387
v -0.002452804474160075 -0.05534745752811432 -0.025961745530366898
v -0.0021093811374157667 -0.055443260818719864 -0.027131151407957077
v -0.0026076226495206356 -0.055580705404281616 -0.02710263803601265
v 0.0061135743744671345 -0.05534891039133072 -0.02467857114970684
v 0.005341632291674614 -0.05515822395682335 -0.023687925189733505
v 0.004334923345595598 -0.055017005652189255 -0.022926200181245804
v 0.003162053180858493 -0.054934874176979065 -0.022445309907197952
v 0.0019029505783692002 -0.05491742864251137 -0.022278016433119774
v 0.0006434216629713774 -0.05496585741639137 -0.02243572473526001
v -0.0005306987441144884 -0.055076856166124344 -0.0229076836258173
v -0.0015393967041745782 -0.055242870002985 -0.023661740124225616
v -0.0023139305412769318 -0.05545257776975632 -0.02464650198817253
v -0.0028015172574669123 -0.055691689252853394 -0.025794854387640953
v -0.002968928776681423 -0.05594391003251076 -0.02702854759991169
v 0.006733991671353579 -0.056057579815387726 -0.025697823613882065
v 0.006236081477254629 -0.055824171751737595 -0.024514051154255867
v 0.005442885681986809 -0.05562824010848999 -0.023496132344007492
v 0.004408459644764662 -0.0554831326007843 -0.02271343767642975
v 0.003203297033905983 -0.055398739874362946 -0.022219303995370865
v 0.0019095281604677439 -0.05538081377744675 -0.02204740233719349
v 0.00061532121617347 -0.0554305724799633 -0.02220945432782173
v -0.0005911259795539081 -0.05554463341832161 -0.022694412618875504
v -0.0016275958623737097 -0.05571521446108818 -0.02346922643482685
v -0.002423454774543643 -0.055930692702531815 -0.024481099098920822
v -0.002924466272816062 -0.05617639049887657 -0.02566106989979744
v -0.003096486907452345 -0.05643555521965027 -0.026928728446364403
v 0.0008501287084072828 -0.05617431178689003 -0.03092912770807743
v 0.001885143807157874 -0.05618865415453911 -0.031066644936800003
v 0.002920509548857808 -0.056148845702409744 -0.030937006697058678
v 0.00535152992233634 -0.055748749524354935 -0.029119689017534256
v 0.004714842885732651 -0.05592113360762596 -0.029929189011454582
v 0.0038856673054397106 -0.05605759844183922 -0.03054903633892536
v -0.00011400129733374342 -0.056106798350811005 -0.030533816665410995
v -0.0009415423264726996 -0.055990710854530334 -0.02990766428411007
v -0.0015760987298563123 -0.05583396553993225 -0.02909332700073719
v -0.0019744266755878925 -0.055647239089012146 -0.02814630977809429
v 0.005752339493483305 -0.05555219203233719 -0.02817571349442005
v -0.0030196227598935366 -0.06231551617383957 -0.025737032294273376
v -0.0023465908598154783 -0.061810653656721115 -0.023289401084184647
v -0.0005142619484104216 -0.06142459064722061 -0.021502716466784477
v 0.001986392308026552 -0.06126077100634575 -0.020855706185102463
v 0.0044853235594928265 -0.061363089829683304 -0.021521741524338722
v 0.006312945857644081 -0.061704132705926895 -0.02332235500216484
v 0.006979547906666994 -0.062192514538764954 -0.025775084272027016
v 0.006306516006588936 -0.06269737333059311 -0.02822270616889
v 0.007832148112356663 -0.062742218375206 -0.028542373329401016
v 0.004474186804145575 -0.06308344006538391 -0.030009392648935318
v 0.006025775335729122 -0.06321367621421814 -0.030752096325159073
v 0.0019735326059162617 -0.06324725598096848 -0.030656402930617332
v 0.0034180795773863792 -0.06349506229162216 -0.031972289085388184
v 0.000525547016877681 -0.06353064626455307 -0.03196128085255623
v -0.0005253987619653344 -0.06314493715763092 -0.029990367591381073
v -0.002078920602798462 -0.06331337243318558 -0.030721254646778107
v -0.0023530207108706236 -0.06280389428138733 -0.028189754113554955
v -0.0038794761057943106 -0.06288628280162811 -0.028497805818915367
v -0.00476581696420908 -0.0629572793841362 -0.023756086826324463
v -0.004309580195695162 -0.06270825117826462 -0.022556783631443977
v -0.0040644011460244656 -0.06261330097913742 -0.02210412174463272
v -0.0029501987155526876 -0.06231163069605827 -0.020687507465481758
v 0.002001774962991476 -0.061843469738960266 -0.018696945160627365
v -0.002364255953580141 -0.06220052391290665 -0.02017708495259285
v -0.001499141100794077 -0.062072817236185074 -0.019602764397859573
v 0.00018988506053574383 -0.0619131363928318 -0.018923820927739143
v 0.003559066681191325 -0.06185917556285858 -0.0188748799264431
v 0.003813051385805011 -0.061868567019701004 -0.01893760822713375
v 0.005500278901308775 -0.06198671832680702 -0.019629398360848427
v 0.006363878026604652 -0.062093161046504974 -0.020210297778248787
v 0.006948475725948811 -0.062189869582653046 -0.020725175738334656
v 0.008058949373662472 -0.06246417388319969 -0.022150255739688873
v 0.008756022900342941 -0.06279094517230988 -0.023807542398571968
v 0.00830293819308281 -0.06255310028791428 -0.02260477840900421
v 0.036810196936130524 -0.06687849014997482 -0.020611261948943138
v 0.013650970533490181 -0.06737443804740906 -0.021564532071352005
v 0.037053924053907394 -0.067703478038311 -0.02469753846526146
v 0.03672183305025101 -0.06865420937538147 -0.029367145150899887
v 0.012455985881388187 -0.06681425869464874 -0.01872348040342331
v 0.03436505049467087 -0.06505591422319412 -0.011460759676992893
v 0.03591053932905197 -0.06594633311033249 -0.015953877940773964
v -0.02529655024409294 -0.06414073705673218 -0.003097016364336014
v -0.0064168390817940235 -0.06655275076627731 -0.01621589995920658
v -0.008326900191605091 -0.06706991046667099 -0.018644394353032112
v 0.02917606756091118 -0.07218779623508453 -0.046315524727106094
v 0.03574399650096893 -0.06959525495767593 -0.033947285264730453
v 0.03413862735033035 -0.07050907611846924 -0.03835264593362808
v 0.031935639679431915 -0.07137865573167801 -0.04250115156173706
v -0.009529328905045986 -0.06765957176685333 -0.021476322785019875
v -0.03021668829023838 -0.06585033237934113 -0.01121500227600336
v -0.028043735772371292 -0.06496530771255493 -0.006988359149545431
v -0.03262043371796608 -0.0695071890950203 -0.029103271663188934
v 0.010552315972745419 -0.0663440153002739 -0.01628047414124012
v 0.029466265812516212 -0.0634671002626419 -0.003305409336462617
v 0.03220321238040924 -0.06422421336174011 -0.0072176214307546616
v -0.003929311875253916 -0.06614335626363754 -0.014356342144310474
v -0.009755670092999935 -0.061738140881061554 0.00775526650249958
v -0.001033838838338852 -0.06586961448192596 -0.013192441314458847
v -0.005103722680360079 -0.061418820172548294 0.009030777961015701
v 0.0020722581539303064 -0.06575018912553787 -0.012803520075976849
v -0.02202754281461239 -0.06339234113693237 0.0003847940533887595
v -0.018299071118235588 -0.06273440271615982 0.0033906411845237017
v -0.014182268641889095 -0.06217947602272034 0.005863189697265625
v -0.032940272241830826 -0.06856447458267212 -0.02443118393421173
v -0.03268582373857498 -0.06773336231708527 -0.020346801728010178
v -0.03177395462989807 -0.06677892059087753 -0.015696313232183456
v -0.030060838907957077 -0.07129879295825958 -0.03810834139585495
v -0.03165462985634804 -0.07042431831359863 -0.03369080647826195
v -0.025119222700595856 -0.07285568118095398 -0.0461089126765728
v -0.027868758887052536 -0.07211431115865707 -0.04227357357740402
v -0.018162082880735397 -0.07406237721443176 -0.05251162499189377
v -0.02186344563961029 -0.0735090896487236 -0.04954292252659798
v 0.01373423170298338 -0.07454106211662292 -0.05693081393837929
v 0.009133129380643368 -0.07485365867614746 -0.0581764355301857
v 0.02591131068766117 -0.07292141765356064 -0.049724724143743515
v 0.02220219373703003 -0.07356585562229156 -0.05266522616147995
v 0.018117805942893028 -0.07410911470651627 -0.05508226156234741
v -0.0003151725686620921 -0.06122760474681854 0.009665391407907009
v 0.004518628120422363 -0.06116814538836479 0.009646996855735779
v 0.005177303217351437 -0.06579321622848511 -0.013216076418757439
v -0.009705398231744766 -0.07482939213514328 -0.056841619312763214
v -0.01408407837152481 -0.07450522482395172 -0.054959721863269806
v 0.004400209058076143 -0.07504108548164368 -0.058795928955078125
v -0.0003763638960663229 -0.07509984076023102 -0.05877775326371193
v -0.0051076109521090984 -0.07502883672714233 -0.058122243732213974
v 0.008069693110883236 -0.06599576026201248 -0.014402003027498722
v 0.0224858820438385 -0.06223271042108536 0.0032354393042623997
v 0.026206428185105324 -0.06279901415109634 0.00020124563889112324
v 0.009305465966463089 -0.061241574585437775 0.00897594541311264
v 0.01395401917397976 -0.06144648790359497 0.007665042299777269
v 0.018375609070062637 -0.06177898123860359 0.005739294458180666
v -0.036363717168569565 -0.015694882720708847 0.035260412842035294
v -0.036555878818035126 -0.0009949819650501013 0.03228117153048515
v -0.036632928997278214 -0.01589682698249817 0.03428136557340622
v -0.036825090646743774 -0.0011969258775934577 0.03130212053656578
v -0.0373658649623394 -0.01605125330388546 0.033566687256097794
v -0.037558022886514664 -0.001351351267658174 0.030587444081902504
v -0.03836612403392792 -0.016116779297590256 0.03330788388848305
v -0.03855828568339348 -0.0014168788911774755 0.030328640714287758
v -0.03936569765210152 -0.016075853258371353 0.03357429802417755
v -0.03955785930156708 -0.0013759512221440673 0.03059505484998226
v -0.040096744894981384 -0.015939434990286827 0.03429454565048218
v -0.040288906544446945 -0.0012395341182127595 0.03131530433893204
v -0.040363386273384094 -0.015744082629680634 0.03527563437819481
v -0.040555547922849655 -0.001044181757606566 0.03229639306664467
v -0.038348156958818436 -0.01689716801047325 0.035506706684827805
v 0.04362965002655983 -0.014710887335240841 0.034956008195877075
v 0.04343748837709427 -1.0985929293383379e-05 0.031976766884326935
v 0.04336043819785118 -0.014912830665707588 0.033976960927248
v 0.04316827654838562 -0.00021292982273735106 0.03099771775305271
v 0.04262750595808029 -0.015067256055772305 0.033262282609939575
v 0.04243534803390503 -0.0003673552128020674 0.030283039435744286
v 0.04162724316120148 -0.01513278391212225 0.03300347924232483
v 0.041435081511735916 -0.0004328828363213688 0.03002423606812954
v 0.040627673268318176 -0.015091856010258198 0.03326989337801933
v 0.040435511618852615 -0.00039195510908029974 0.030290650203824043
v 0.03989662230014801 -0.014955439604818821 0.03399014100432396
v 0.03970446065068245 -0.00025553812156431377 0.03101089783012867
v 0.0396299809217453 -0.014760087244212627 0.03497122973203659
v 0.03943781927227974 -6.018574276822619e-05 0.03199198469519615
v 0.04164521023631096 -0.01591317169368267 0.035202302038669586
v 0.04200197383761406 -0.04543272778391838 0.033532578498125076
v 0.04158814251422882 -0.01377536915242672 0.027116553857922554
v 0.04197791963815689 -0.04585694521665573 0.03308362886309624
v 0.041305460035800934 -0.014106866903603077 0.025499138981103897
v 0.041636232286691666 -0.04723167419433594 0.03194243460893631
v 0.040938373655080795 -0.048708271235227585 0.031012732535600662
v 0.03995688259601593 -0.014528507366776466 0.02350570447742939
v 0.04081355407834053 -0.04891609400510788 0.03089941293001175
v 0.03829580917954445 -0.05162126570940018 0.029847415164113045
v 0.03862515091896057 -0.05137849971652031 0.029896531254053116
v 0.037803925573825836 -0.014784978702664375 0.022379113361239433
v 0.03983011469244957 -0.05024286359548569 0.030271032825112343
v 0.040418677031993866 -0.04950644075870514 0.030598940327763557
v 0.037323031574487686 -0.05219898745417595 0.029814986512064934
v 0.03536072373390198 -0.014815032482147217 0.022388409823179245
v 0.03604423627257347 -0.05267481133341789 0.030016660690307617
v 0.034807685762643814 -0.05284148082137108 0.030499788001179695
v 0.033210739493370056 -0.01461149100214243 0.02353137545287609
v 0.033695824444293976 -0.05270916596055031 0.03126483038067818
v 0.03281935304403305 -0.052314359694719315 0.03227135166525841
v 0.03186740726232529 -0.014222964644432068 0.02553505450487137
v 0.03227592259645462 -0.05174191668629646 0.033403944224119186
v 0.031588971614837646 -0.013898367993533611 0.027154603973031044
v 0.032073963433504105 -0.050999391824007034 0.03467390313744545
v 0.03659209609031677 -0.0132905850186944 0.029830772429704666
v 0.03537319228053093 -0.01288875937461853 0.031892042607069016
v 0.03521673381328583 -0.013380685821175575 0.02947491593658924
v 0.03322022780776024 -0.013145229779183865 0.030765457078814507
v 0.03420895338058472 -0.013593019917607307 0.028492238372564316
v 0.03187165781855583 -0.013566870242357254 0.0287720188498497
v 0.03383878618478775 -0.013870693743228912 0.02714604325592518
v 0.034205418080091476 -0.014139303006231785 0.025797046720981598
v 0.035210609436035156 -0.014326876029372215 0.024806704372167587
v 0.03658502176403999 -0.014383151195943356 0.02444038726389408
v 0.03796038404107094 -0.014293051324784756 0.024796240031719208
v 0.03896816447377205 -0.014080716297030449 0.02577892318367958
v 0.03933832794427872 -0.013803043402731419 0.02712511457502842
v 0.03897169977426529 -0.013534433208405972 0.02847411297261715
v 0.04130971059203148 -0.013450772501528263 0.02873610332608223
v 0.03796650841832161 -0.013346861116588116 0.02946445345878601
v 0.03996637463569641 -0.013062245212495327 0.030739786103367805
v 0.03781639412045479 -0.012858705595135689 0.03188274800777435
v 0.033678650856018066 -0.0016207740409299731 0.02466334030032158
v 0.03404528275132179 -0.0018893834203481674 0.023314345628023148
v 0.03505047410726547 -0.002076956909149885 0.022324003279209137
v 0.03642489016056061 -0.0021332320757210255 0.02195768617093563
v 0.037800248712301254 -0.002043131971731782 0.022313538938760757
v 0.038808029145002365 -0.001830797060392797 0.02329622022807598
v 0.03917819634079933 -0.0015531242825090885 0.02464241348206997
v -0.027973050251603127 -0.04389892891049385 0.04657787084579468
v -0.028389334678649902 -0.012053935788571835 0.04012381657958031
v -0.028105447068810463 -0.04460152983665466 0.0455341562628746
v -0.02867201901972294 -0.012385433539748192 0.0385064035654068
v -0.02855697274208069 -0.04520561918616295 0.044435903429985046
v -0.029344704002141953 -0.045603811740875244 0.04340562969446182
v -0.030020592734217644 -0.012807074002921581 0.03651296719908714
v -0.02959226816892624 -0.045659832656383514 0.04317021369934082
v -0.030357521027326584 -0.04570229351520538 0.04259426146745682
v -0.032173555344343185 -0.013063544407486916 0.035386376082897186
v -0.03152744099497795 -0.045472029596567154 0.04201706498861313
v -0.03652353584766388 -0.040622033178806305 0.04227468743920326
v -0.0353064201772213 -0.0425555519759655 0.041784271597862244
v -0.034616757184267044 -0.013093598186969757 0.03539567440748215
v -0.03412289917469025 -0.043868184089660645 0.04161003977060318
v -0.03281310945749283 -0.044869564473629 0.041682127863168716
v -0.03676673769950867 -0.012890057638287544 0.036538638174533844
v -0.038110073655843735 -0.012501531280577183 0.03854231908917427
v -0.03740163519978523 -0.03854807838797569 0.04298728331923485
v -0.03838850557804108 -0.012176934629678726 0.0401618666946888
v -0.03808974474668503 -0.03503166884183884 0.044793855398893356
v -0.03794030100107193 -0.03647707775235176 0.04390904679894447
v -0.03338538482785225 -0.01156915258616209 0.04283803328871727
v -0.03460428863763809 -0.01116732507944107 0.04489930719137192
v -0.034760747104883194 -0.011659251525998116 0.04248218238353729
v -0.036757245659828186 -0.011423795484006405 0.04377271980047226
v -0.035768527537584305 -0.011871586553752422 0.04149950295686722
v -0.03810582309961319 -0.011845436878502369 0.0417792834341526
v -0.03613869100809097 -0.012149260379374027 0.04015330597758293
v -0.035772062838077545 -0.012417870573699474 0.0388043075799942
v -0.034766871482133865 -0.01260544266551733 0.03781396895647049
v -0.03339245915412903 -0.01266171783208847 0.03744765371084213
v -0.032017096877098083 -0.01257161796092987 0.03780350461602211
v -0.031009316444396973 -0.012359283864498138 0.038786184042692184
v -0.030639147385954857 -0.012081610038876534 0.04013237729668617
v -0.031005781143903732 -0.011812999844551086 0.0414813794195652
v -0.028667772188782692 -0.011729339137673378 0.04174336791038513
v -0.03201097249984741 -0.011625426821410656 0.04247172176837921
v -0.030011100694537163 -0.011340811848640442 0.04374704882502556
v -0.03216108679771423 -0.011137272231280804 0.044890012592077255
v -0.03629882633686066 0.00010065956303151324 0.03767060488462448
v -0.03593219816684723 -0.00016795062401797622 0.03632160648703575
v -0.03492700681090355 -0.0003555233997758478 0.03533126786351204
v -0.033552590757608414 -0.00041179850813932717 0.034964948892593384
v -0.03217723220586777 -0.00032169849146157503 0.03532080352306366
v -0.031169449910521507 -0.00010936422040686011 0.036303482949733734
v -0.03079928085207939 0.00016830928507260978 0.03764967620372772
v -0.03488018736243248 -0.06114334985613823 0.015390773303806782
v -0.03543248027563095 -0.018894081935286522 0.0068280757404863834
v -0.034880321472883224 -0.061161432415246964 0.015349125489592552
v -0.03571516275405884 -0.019225580617785454 0.0052106608636677265
v -0.03508447855710983 -0.06163306161761284 0.01404386106878519
v -0.0356549508869648 -0.06189538910984993 0.012817371636629105
v -0.039827462285757065 -0.060683246701955795 0.01020295824855566
v -0.03894941881299019 -0.061171501874923706 0.010393028147518635
v -0.039216697216033936 -0.019903691485524178 0.00209063570946455
v -0.03763033077120781 -0.061696071177721024 0.010955709032714367
v -0.03706374019384384 -0.019647222012281418 0.0032172224018722773
v -0.03651143237948418 -0.06192360073328018 0.011785099282860756
v -0.036495935171842575 -0.061925008893013 0.011799807660281658
v -0.043809883296489716 -0.019730206578969955 0.0032428940758109093
v -0.043319132179021835 -0.057351525872945786 0.010868615470826626
v -0.041659899055957794 -0.01993374526500702 0.0020999328698962927
v -0.04292820766568184 -0.057880520820617676 0.010650401934981346
v -0.0427786186337471 -0.05806809663772583 0.01058015413582325
v -0.041567545384168625 -0.059356216341257095 0.010219700634479523
v -0.04114914312958717 -0.05972430855035782 0.010166759602725506
v -0.04026706516742706 -0.0603959821164608 0.010157724842429161
v -0.045153215527534485 -0.01934167742729187 0.0052465759217739105
v -0.04543164744973183 -0.019017081707715988 0.006866126321256161
v -0.04498356953263283 -0.053294286131858826 0.013813118450343609
v -0.04483814910054207 -0.05422506853938103 0.0128122353926301
v -0.044375039637088776 -0.055505044758319855 0.011858688667416573
v -0.043568141758441925 -0.056981075555086136 0.011038833297789097
v -0.040428526699543 -0.018409298732876778 0.009542291983962059
v -0.04164743050932884 -0.018007472157478333 0.011603566817939281
v -0.041803888976573944 -0.018499398604035378 0.009186439216136932
v -0.043800391256809235 -0.01826394349336624 0.0104769766330719
v -0.042811669409275055 -0.01871173270046711 0.008203760720789433
v -0.04514896497130394 -0.018685583025217056 0.008483541198074818
v -0.04318183660507202 -0.018989406526088715 0.006857565138489008
v -0.042815204709768295 -0.01925801672041416 0.005508566275238991
v -0.041810013353824615 -0.019445590674877167 0.004518227186053991
v -0.04043560102581978 -0.01950186677277088 0.004151906818151474
v -0.039060238748788834 -0.019411765038967133 0.004507763311266899
v -0.03805245831608772 -0.0191994309425354 0.005490442272275686
v -0.037682294845581055 -0.018921757116913795 0.0068366373889148235
v -0.03804892301559448 -0.01865314692258835 0.00818563625216484
v -0.03571091219782829 -0.01856948621571064 0.008447626605629921
v -0.03905411437153816 -0.018465574830770493 0.009175974875688553
v -0.03705424815416336 -0.018180958926677704 0.010451304726302624
v -0.039204228669404984 -0.01797741837799549 0.011594269424676895
v -0.043341971933841705 -0.0067394874058663845 0.004374863114207983
v -0.04297534003853798 -0.007008097600191832 0.003025864018127322
v -0.0419701486825943 -0.007195670623332262 0.0020355251617729664
v -0.040595732629299164 -0.00725194625556469 0.001669204910285771
v -0.03922037407755852 -0.007161845453083515 0.002025061286985874
v -0.03821259364485741 -0.006949511356651783 0.0030077400151640177
v -0.03784242644906044 -0.006671837996691465 0.004353935364633799
v 0.041903622448444366 -0.03404767066240311 0.04448945075273514
v 0.04160486161708832 -0.01119293924421072 0.03985746204853058
v 0.0419032908976078 -0.03419005498290062 0.04438574239611626
v 0.04132217913866043 -0.011524436995387077 0.03824004903435707
v 0.041743338108062744 -0.03573595732450485 0.04348565638065338
v 0.04137134924530983 -0.037307921797037125 0.04279344901442528
v 0.04125469550490379 -0.037687476724386215 0.042647816240787506
v 0.03997360169887543 -0.011946077458560467 0.036246612668037415
v 0.040425289422273636 -0.03973562642931938 0.041962794959545135
v 0.03947944939136505 -0.041360288858413696 0.0415550097823143
v 0.037820640951395035 -0.012202547863125801 0.03512002155184746
v 0.03825359791517258 -0.042857736349105835 0.04134128615260124
v 0.03697658330202103 -0.043927088379859924 0.041396815329790115
v 0.035377442836761475 -0.012232601642608643 0.03512931987643242
v 0.0358627550303936 -0.04453622177243233 0.04166046530008316
v 0.03468820080161095 -0.044874370098114014 0.04218444600701332
v 0.033227454870939255 -0.01202906109392643 0.036272283643484116
v 0.03362584859132767 -0.04487646371126175 0.04295879229903221
v 0.032784752547740936 -0.044569093734025955 0.043939005583524704
v 0.031884126365184784 -0.011640533804893494 0.03827596455812454
v 0.032307274639606476 -0.04411708563566208 0.044862132519483566
v 0.03221872076392174 -0.04397273808717728 0.045115675777196884
v 0.031605690717697144 -0.011315938085317612 0.03989551216363907
v 0.03202197328209877 -0.04316093400120735 0.04634956642985344
v 0.03660881146788597 -0.010708156041800976 0.04257167875766754
v 0.03538991138339043 -0.010306328535079956 0.04463295266032219
v 0.035233452916145325 -0.010798254981637001 0.04221583157777786
v 0.033236946910619736 -0.01056279893964529 0.04350636899471283
v 0.034225672483444214 -0.011010590009391308 0.04123314842581749
v 0.03188837319612503 -0.010984440334141254 0.041512928903102875
v 0.03385550156235695 -0.011288263835012913 0.0398869514465332
v 0.034222133457660675 -0.01155687402933836 0.03853795304894447
v 0.03522732853889465 -0.011744446121156216 0.03754761442542076
v 0.03660174086689949 -0.011800721287727356 0.037181299179792404
v 0.03797709941864014 -0.011710621416568756 0.03753715008497238
v 0.03898487985134125 -0.011498287320137024 0.038519829511642456
v 0.039355047047138214 -0.011220613494515419 0.039866022765636444
v 0.038988418877124786 -0.010952003300189972 0.04121502488851547
v 0.04132642596960068 -0.010868342593312263 0.0414770133793354
v 0.03798322752118111 -0.010764430277049541 0.04220536723732948
v 0.03998309373855591 -0.010479815304279327 0.04348069429397583
v 0.037833113223314285 -0.010276274755597115 0.04462365806102753
v 0.033695369958877563 0.0009616561001166701 0.03740425035357475
v 0.03406200185418129 0.000693045963998884 0.03605525195598602
v 0.03506719321012497 0.0005054731736890972 0.03506491333246231
v 0.036441605538129807 0.0004491980653256178 0.034698594361543655
v 0.03781696781516075 0.0005392980528995395 0.03505444899201393
v 0.03882474824786186 0.0007516323821619153 0.036037128418684006
v 0.03919491171836853 0.0010293058585375547 0.037383321672677994
v -0.0263709407299757 -0.008812897838652134 0.008875804953277111
v -0.02607397362589836 -0.003347011050209403 0.0439678356051445
v -0.023334909230470657 -0.017886672168970108 0.012437026016414165
v -0.023941541090607643 -0.01675933599472046 0.011879492551088333
v -0.023899424821138382 -0.009979699738323689 0.04530934616923332
v -0.024762645363807678 -0.014950827695429325 0.011053510010242462
v -0.02576887607574463 -0.011911935172975063 0.009855372831225395
v -0.016944721341133118 -0.025198131799697876 0.01683967188000679
v -0.02009103260934353 -0.015862485393881798 0.04649671912193298
v -0.014934409409761429 -0.026615925133228302 0.017848141491413116
v -0.014894208870828152 -0.020616278052330017 0.047453440725803375
v -0.014286340214312077 -0.02701760269701481 0.0181430634111166
v -0.019393526017665863 -0.023037325590848923 0.015398398973047733
v -0.0201316736638546 -0.02226545289158821 0.014911321923136711
v -0.021571306511759758 -0.020544536411762238 0.0138807762414217
v -0.0017426923150196671 -0.02560405619442463 0.0484471470117569
v -0.0017786085372790694 -0.031090782955288887 0.021377133205533028
v -0.0021159907337278128 -0.031055407598614693 0.021345967426896095
v -0.008643838576972485 -0.023934751749038696 0.048117853701114655
v -0.005303461570292711 -0.030537880957126617 0.020904600620269775
v -0.0076299323700368404 -0.029940566048026085 0.020411333069205284
v -0.00842177402228117 -0.029692018404603004 0.020209500566124916
v -0.008681622333824635 -0.029605215415358543 0.020139435306191444
v -0.011409918777644634 -0.028527043759822845 0.01928669400513172
v 0.00533063430339098 -0.031003190204501152 0.021349959075450897
v 0.004391973838210106 -0.031105920672416687 0.02142849564552307
v 0.005364520940929651 -0.025516631081700325 0.048420101404190063
v 0.0017560021951794624 -0.031245382502675056 0.021526725962758064
v 0.0011180387809872627 -0.031246421858668327 0.02152353897690773
v 0.007661781273782253 -0.030624069273471832 0.02105460874736309
v 0.012219812721014023 -0.023678109049797058 0.048038460314273834
v 0.010861181654036045 -0.029800182208418846 0.020410319790244102
v 0.018338819965720177 -0.026180952787399292 0.017866909503936768
v 0.016863392665982246 -0.027141138911247253 0.018397413194179535
v 0.018381427973508835 -0.020206956192851067 0.047326814383268356
v 0.014001185074448586 -0.028611646965146065 0.019495325163006783
v 0.01218662690371275 -0.029347648844122887 0.020059317350387573
v 0.022229192778468132 -0.022630784660577774 0.01737690158188343
v 0.02049984037876129 -0.024413006380200386 0.017437603324651718
v 0.018700379878282547 -0.025916486978530884 0.017767284065485
v 0.027067186310887337 -0.01496792770922184 0.017434697598218918
v 0.02608916535973549 -0.017002345994114876 0.017515722662210464
v 0.023452313616871834 -0.015326859429478645 0.046331021934747696
v 0.023411856964230537 -0.021181641146540642 0.017461828887462616
v 0.022771911695599556 -0.02199031412601471 0.01741120219230652
v 0.027105703949928284 -0.009352287277579308 0.04511525481939316
v 0.029106173664331436 -0.002668241737410426 0.0437578521668911
v 0.02832472138106823 -0.011473906226456165 0.017156323418021202
v 0.029322942718863487 -0.006087524350732565 0.016417067497968674
v 0.01704210415482521 -0.0408121794462204 0.021168135106563568
v 0.020033787935972214 -0.04085972160100937 0.020740598440170288
v 0.023016827180981636 -0.04072592407464981 0.02120836451649666
v 0.03657151386141777 -0.0386376716196537 0.025264086201786995
v 0.0369771346449852 -0.0396423377096653 0.025654487311840057
v 0.03557945415377617 -0.03976087644696236 0.02515973336994648
v 0.03744900971651077 -0.03732536360621452 0.025293149054050446
v 0.03887493535876274 -0.03817378729581833 0.02611534297466278
v 0.039106421172618866 -0.039403751492500305 0.026694325730204582
v 0.04030362144112587 -0.0389893464744091 0.027383556589484215
v 0.040912993252277374 -0.03911628946661949 0.027995875105261803
v 0.041157692670822144 -0.0371040403842926 0.02725292183458805
v 0.0424790121614933 -0.037553783506155014 0.028846535831689835
v 0.042379990220069885 -0.038782477378845215 0.029548777267336845
v 0.04348583519458771 -0.03785434737801552 0.03074462153017521
v 0.0434754379093647 -0.03840867802500725 0.03132299706339836
v 0.04409533739089966 -0.03797897323966026 0.03282429277896881
v 0.0441327802836895 -0.0380280427634716 0.03315846994519234
v 0.038117893040180206 -0.03596724569797516 0.025244329124689102
v 0.03963794186711311 -0.03654876723885536 0.026036592200398445
v 0.03861385956406593 -0.034506943076848984 0.02511822246015072
v 0.04017842188477516 -0.03484458103775978 0.025868557393550873
v 0.04174903407692909 -0.03513986989855766 0.027019357308745384
v 0.04313070699572563 -0.03534520044922829 0.02852734364569187
v 0.044211480766534805 -0.03543761745095253 0.030327891930937767
v 0.04490919038653374 -0.035407062619924545 0.032311707735061646
v 0.0451907254755497 -0.03525926172733307 0.034345727413892746
v 0.04437914490699768 -0.03768659010529518 0.034827008843421936
v 0.045076388865709305 -0.035013794898986816 0.03630131483078003
v 0.04427098482847214 -0.037294913083314896 0.0367669053375721
v 0.044628556817770004 -0.03469843417406082 0.038078099489212036
v 0.04374440759420395 -0.0369226299226284 0.03863730654120445
v 0.04532116651535034 -0.032508935779333115 0.03750937804579735
v 0.04783857241272926 -0.02241259068250656 0.034966759383678436
v 0.04699329659342766 -0.02632121555507183 0.035931847989559174
v 0.04722297564148903 -0.026590675115585327 0.0342281199991703
v 0.04135516658425331 -0.022030970081686974 0.023547491058707237
v 0.04189279302954674 -0.0185092743486166 0.023026222363114357
v 0.04332860931754112 -0.018610401079058647 0.0236517284065485
v 0.040514688938856125 -0.026519685983657837 0.024160709232091904
v 0.04973950982093811 -0.005974994506686926 0.031223483383655548
v 0.049570225179195404 -0.009378292597830296 0.030326884239912033
v 0.04265649616718292 -0.011144103482365608 0.02181711234152317
v 0.044101692736148834 -0.010459179989993572 0.022281041368842125
v 0.04551532119512558 -0.010394934564828873 0.023148339241743088
v 0.046801451593637466 -0.010277730412781239 0.02426852658390999
v 0.047892630100250244 -0.01010922435671091 0.025608127936720848
v 0.0487348735332489 -0.00989583134651184 0.027111738920211792
v 0.04929615929722786 -0.009647934697568417 0.028709368780255318
v 0.04957486316561699 -0.009100069291889668 0.03189648315310478
v 0.04874182492494583 -0.017068849876523018 0.03369413688778877
v 0.04871894046664238 -0.018035706132650375 0.03223206102848053
v 0.04851437732577324 -0.01826777681708336 0.030533378943800926
v 0.04800025746226311 -0.01845688559114933 0.02883804403245449
v 0.047179415822029114 -0.018590519204735756 0.027230266481637955
v 0.04608498513698578 -0.018660811707377434 0.025791065767407417
v 0.04477627947926521 -0.01866600289940834 0.024585166946053505
v 0.04863857105374336 -0.017775503918528557 0.033859290182590485
v 0.047144565731287 -0.02681134082376957 0.03241128847002983
v 0.04671970382332802 -0.026964081451296806 0.030567478388547897
v 0.0459434911608696 -0.027034584432840347 0.028798697516322136
v 0.04485002160072327 -0.027016714215278625 0.027205977588891983
v 0.043507881462574005 -0.026913970708847046 0.025871019810438156
v 0.04200666397809982 -0.026738423854112625 0.02484285645186901
v 0.04668939486145973 -0.027569320052862167 0.03624557703733444
v 0.0064799608662724495 -0.041184719651937485 0.05159436911344528
v 0.015201202593743801 -0.03931063041090965 0.05120307207107544
v -0.04246825724840164 -0.0008744880906306207 0.043488193303346634
v -0.04103998467326164 -0.009513132274150848 0.04523726925253868
v 0.03060963936150074 -0.03064783290028572 0.049427010118961334
v 0.03666231036186218 -0.02421587146818638 0.048115383833646774
v -0.02684556320309639 -0.03135458752512932 0.049645647406578064
v -0.03306442126631737 -0.02507357858121395 0.04838072136044502
v -0.037861745804548264 -0.017691757529973984 0.04689081013202667
v 0.041265130043029785 -0.016718419268727303 0.04658970236778259
v -0.015699923038482666 -0.022458648309111595 0.04782792180776596
v -0.009900295175611973 -0.025554025545716286 0.048447709530591965
v -0.003550544148311019 -0.027331115677952766 0.04879957064986229
v 0.044228557497262955 -0.008464246988296509 0.04491279274225235
v 0.04543055593967438 0.00020675265113823116 0.043153706938028336
v 0.023356374353170395 -0.03574945032596588 0.050470564514398575
v -0.0024096271954476833 -0.03533509001135826 0.08103044331073761
v 0.006518539972603321 -0.035225264728069305 0.08099646866321564
v 0.015239781700074673 -0.03335117548704147 0.0806051716208458
v 0.023394953459501266 -0.029789995402097702 0.07987266033887863
v 0.03064821846783161 -0.02468837983906269 0.07882910966873169
v 0.036700889468193054 -0.01825641840696335 0.07751748710870743
v 0.04130370914936066 -0.010758965276181698 0.07599180191755295
v 0.044267136603593826 -0.0025047925300896168 0.0743148922920227
v 0.04546913504600525 0.006166206672787666 0.07255581021308899
v -0.04242967814207077 0.00508496630936861 0.07289029657840729
v -0.04100140556693077 -0.0035536782816052437 0.07463937252759933
v -0.03782316669821739 -0.011732302606105804 0.07629290968179703
v -0.033025842159986496 -0.019114123657345772 0.07778282463550568
v -0.026806984096765518 -0.025395134463906288 0.07904774695634842
v -0.01942269317805767 -0.03031669557094574 0.08003559708595276
v -0.011177053675055504 -0.03367612883448601 0.08070569485425949
v 0.0020851825829595327 -0.04285309463739395 0.06110522523522377
v 0.0020846989937126637 -0.042518168687820435 0.0620851069688797
v -0.0017620873404666781 -0.04241771250963211 0.0620683990418911
v -0.026951782405376434 -0.03375663608312607 0.060417622327804565
v -0.027616336941719055 -0.03464476764202118 0.058226075023412704
v -0.02364780381321907 -0.035802796483039856 0.06080560013651848
v -0.024138394743204117 -0.036569781601428986 0.05886458978056908
v -0.02022169716656208 -0.03758949041366577 0.061146192252635956
v -0.020575471222400665 -0.038245443254709244 0.05943829566240311
v -0.016666585579514503 -0.03911890462040901 0.06144016608595848
v -0.028428878635168076 -0.03573327139019966 0.056201670318841934
v -0.025355741381645203 -0.037222519516944885 0.056905265897512436
v -0.024732019752264023 -0.03750305250287056 0.05704231932759285
v -0.021797381341457367 -0.03872890770435333 0.05765625834465027
v -0.019821856170892715 -0.039468470960855484 0.05803874507546425
v -0.013371949084103107 -0.04141766577959061 0.05909004807472229
v -0.010992580093443394 -0.04195955768227577 0.059392303228378296
v -0.013176960870623589 -0.0408540740609169 0.060364704579114914
v -0.013009527698159218 -0.04037613049149513 0.061681441962718964
v -0.016913440078496933 -0.039677850902080536 0.05994276702404022
v -0.014232456684112549 -0.04119820147752762 0.05896919220685959
v 0.013526196591556072 -0.04147619754076004 0.060607168823480606
v 0.009752350859344006 -0.04220544919371605 0.0608719177544117
v 0.01033088006079197 -0.042558345943689346 0.05978956073522568
v 0.005940593779087067 -0.04266609996557236 0.06103694811463356
v 0.005624833051115274 -0.043087802827358246 0.060069773346185684
v 0.0098281130194664 -0.04263287037611008 0.05982939526438713
v 0.021280203014612198 -0.03986454755067825 0.058354392647743225
v 0.020982841029763222 -0.03920470550656319 0.059796079993247986
v 0.018313681706786156 -0.040797874331474304 0.05884535238146782
v 0.0172822754830122 -0.04047312214970589 0.0602465458214283
v 0.028096947818994522 -0.035929810255765915 0.05866668373346329
v 0.024586781859397888 -0.03768939897418022 0.059266265481710434
v 0.02580670826137066 -0.03814282640814781 0.05747485160827637
v 0.02171996608376503 -0.03971319645643234 0.0582754872739315
v 0.022128842771053314 -0.0395694337785244 0.058200810104608536
v 0.025016674771904945 -0.03846972435712814 0.05763869360089302
v 0.013640007004141808 -0.041960909962654114 0.05946667119860649
v 0.014368036761879921 -0.041804417967796326 0.05938219651579857
v 0.017481844872236252 -0.04103238135576248 0.05896952748298645
v 0.03152638301253319 -0.03391725569963455 0.058001015335321426
v 0.03085687942802906 -0.033045534044504166 0.06019763648509979
v 0.02760263904929161 -0.03517509996891022 0.060611095279455185
v 0.024229947477579117 -0.037042148411273956 0.06097693741321564
v 0.02073323354125023 -0.03865140676498413 0.061296381056308746
v 0.017112761735916138 -0.03999891132116318 0.06156551465392113
v 0.013417288661003113 -0.041063226759433746 0.061780307441949844
v 0.009686985053122044 -0.04183609038591385 0.061938993632793427
v 0.005910361651331186 -0.04232261702418327 0.06203906610608101
v 0.002072749426588416 -0.042002998292446136 0.06408895552158356
v 0.002084920182824135 -0.042234405875205994 0.06308101117610931
v 0.023951292037963867 -0.036537282168865204 0.0627489686012268
v 0.02359905280172825 -0.036266546696424484 0.06455179303884506
v 0.02053406834602356 -0.03821061551570892 0.06284084171056747
v 0.020387040451169014 -0.037886083126068115 0.06441417336463928
v 0.016974683851003647 -0.03961361572146416 0.06291671842336655
v 0.016601253300905228 -0.03941525146365166 0.06428159773349762
v 0.03035840392112732 -0.03239241614937782 0.06251242756843567
v 0.030040193349123 -0.0319700725376606 0.06489226222038269
v 0.027225717902183533 -0.0345984622836113 0.06264089792966843
v 0.026971619576215744 -0.03420821949839592 0.06472066789865494
v 0.024428533390164375 -0.035796042531728745 0.06459127366542816
v 0.016178451478481293 -0.03956224396824837 0.06426874548196793
v 0.013256690464913845 -0.04045376181602478 0.06419260799884796
v 0.009277545846998692 -0.04133408144116402 0.0641220211982727
v 0.005865365266799927 -0.0417967215180397 0.06408955156803131
v -0.02612609788775444 -0.03266097232699394 0.06510599702596664
v -0.026451922953128815 -0.033091239631175995 0.06272860616445541
v -0.02300926297903061 -0.03482013940811157 0.0649111196398735
v -0.023269591853022575 -0.03521675989031792 0.06283289939165115
v -0.02042379230260849 -0.03634814918041229 0.06476191431283951
v -0.01994209736585617 -0.037077777087688446 0.06291603296995163
v -0.012871001847088337 -0.039987727999687195 0.06303059309720993
v -0.012841806747019291 -0.039664920419454575 0.06440510600805283
v -0.016466937959194183 -0.0386735200881958 0.06298201531171799
v -0.016316212713718414 -0.03834550082683563 0.06455307453870773
v -0.019885607063770294 -0.03663880378007889 0.06473240256309509
v -0.0017364387167617679 -0.04212695732712746 0.06308707594871521
v -0.0017145616002380848 -0.04189073294401169 0.06411831825971603
v -0.005505830980837345 -0.04171264171600342 0.06308317929506302
v -0.005454353988170624 -0.04146432504057884 0.06418358534574509
v -0.009215598925948143 -0.04099971428513527 0.0630636140704155
v -0.009142385795712471 -0.040729913860559464 0.064277783036232
v -0.012087460607290268 -0.03990977257490158 0.06437632441520691
v 0.032350026071071625 -0.034985631704330444 0.05597038194537163
v 0.029821529984474182 -0.03630354255437851 0.05658012256026268
v 0.029320023953914642 -0.0365498922765255 0.05669717863202095
v 0.0020863679237663746 -0.04323773831129074 0.06014527380466461
v -0.002477030735462904 -0.04311937838792801 0.06006217375397682
v -0.005698687396943569 -0.04282364249229431 0.05988835170865059
v -0.0055611166171729565 -0.04202340170741081 0.06199697405099869
v -0.009306248277425766 -0.041343316435813904 0.061866894364356995
v -0.04264526441693306 -0.06002655252814293 0.005996033549308777
v -0.04200480878353119 -0.060993343591690063 0.004794965498149395
v -0.040004368871450424 -0.06102783605456352 0.008898698724806309
v -0.0410534106194973 -0.06229931488633156 0.002944945590570569
v -0.04059587046504021 -0.06287961453199387 0.002028217539191246
v -0.03914618119597435 -0.06158588454127312 0.008841303177177906
v -0.03598932549357414 -0.06740915030241013 -0.008160742931067944
v -0.035383909940719604 -0.06785885244607925 -0.009631705470383167
v -0.03315570577979088 -0.06688277423381805 -0.004035546910017729
v -0.03809024766087532 -0.06560534983873367 -0.003296846291050315
v -0.038016244769096375 -0.06567569822072983 -0.003461940912529826
v -0.03745787963271141 -0.06588991731405258 -0.0035492267925292253
v -0.037566907703876495 -0.0660918802022934 -0.0044739870354533195
v -0.0352921299636364 -0.0665132999420166 -0.0037687458097934723
v -0.036508772522211075 -0.06699936091899872 -0.006923626642674208
v -0.03714535012841225 -0.06267029792070389 0.008663018234074116
v -0.04190386086702347 -0.06113892048597336 0.004602351225912571
v -0.043227668851614 -0.05907611548900604 0.007055824156850576
v -0.042804401367902756 -0.058723073452711105 0.008986588567495346
v -0.04393778368830681 -0.05780735984444618 0.008303173817694187
v -0.043230269104242325 -0.05829279124736786 0.008983587846159935
v -0.04431866854429245 -0.05706747993826866 0.008950122632086277
v -0.03289784863591194 -0.06940820813179016 -0.016009896993637085
v -0.031170949339866638 -0.06700316071510315 -0.004254523664712906
v -0.029079681262373924 -0.06460486352443695 0.007444061804562807
v -0.03270938619971275 -0.06417166441679001 0.008082409389317036
v -0.03940877690911293 -0.06425894796848297 -0.00043066986836493015
v -0.039144888520240784 -0.06454315781593323 -0.0009929201332852244
v -0.03643547743558884 -0.06298934668302536 0.008586283773183823
v -0.03508847951889038 -0.06350883841514587 0.0084230350330472
v -0.03477524220943451 -0.06361422687768936 0.00838190596550703
v -0.03301824629306793 -0.06410311907529831 0.008130224421620369
v -0.04718358814716339 -0.04958770051598549 0.011829775758087635
v -0.04767528176307678 -0.04840170964598656 0.010719580575823784
v -0.047472137957811356 -0.05016544088721275 0.009676085785031319
v -0.04786670580506325 -0.04962973669171333 0.007302405778318644
v -0.047271728515625 -0.051656290888786316 0.0084390789270401
v -0.04808087274432182 -0.04807772487401962 0.0051717557944357395
v -0.04808034747838974 -0.048205114901065826 0.004898410756140947
v -0.04792207106947899 -0.048507656902074814 0.008512384258210659
v -0.04808921366930008 -0.0466543473303318 0.007581091485917568
v -0.04798029735684395 -0.04718198627233505 0.009579348377883434
v -0.04809461906552315 -0.04595206305384636 0.008431059308350086
v -0.048040661960840225 -0.045563094317913055 0.010386570356786251
v -0.048104170709848404 -0.04489285871386528 0.00934466253966093
v -0.04707513004541397 -0.05294439196586609 0.007063302211463451
v -0.047503165900707245 -0.05178328603506088 0.006532583851367235
v -0.047813981771469116 -0.0505966879427433 0.005990443751215935
v -0.04588795080780983 -0.05513434857130051 0.008064976893365383
v -0.04631400853395462 -0.05357370525598526 0.00951575580984354
v -0.04533139243721962 -0.05451665818691254 0.011063020676374435
v -0.04674701765179634 -0.0517558827996254 0.010793927125632763
v -0.04556409642100334 -0.05385388806462288 0.011483684182167053
v -0.04651635140180588 -0.05071772634983063 0.01288911048322916
v -0.046576954424381256 -0.050487302243709564 0.012957504950463772
v -0.046688683331012726 -0.05004909634590149 0.013075202703475952
v -0.04723963513970375 -0.04752495139837265 0.0134457778185606
v -0.04787426441907883 -0.04622974991798401 0.011424501426517963
v -0.04381447285413742 -0.05901698023080826 0.0056189922615885735
v -0.041292231529951096 -0.06316924095153809 -0.00043282785918563604
v -0.047693707048892975 -0.052363377064466476 0.0031370939686894417
v -0.047579310834407806 -0.05385611951351166 0.00021852170175407082
v -0.04698232188820839 -0.055563028901815414 0.0007695886306464672
v -0.04794200137257576 -0.05211945250630379 -0.0003421072324272245
v -0.04807538911700249 -0.05072023347020149 -0.0019294781377539039
v -0.04807688295841217 -0.0521194227039814 -0.0068450914695858955
v -0.047889344394207 -0.05422684922814369 -0.006289842072874308
v -0.04808275029063225 -0.05382144823670387 -0.01388874277472496
v -0.048088766634464264 -0.054892804473638535 -0.01893206313252449
v -0.047803398221731186 -0.05756456404924393 -0.018390905112028122
v -0.04807678982615471 -0.049382712692022324 0.0020263122860342264
v -0.04784378781914711 -0.05600501596927643 -0.01231922022998333
v -0.04729529097676277 -0.05942629277706146 -0.018014220520853996
v -0.04715970903635025 -0.058455757796764374 -0.011761690489947796
v -0.046964943408966064 -0.060290802270174026 -0.017839428037405014
v -0.04600795358419418 -0.06082622706890106 -0.011222907342016697
v -0.04511130973696709 -0.06349795311689377 -0.0171918086707592
v -0.04441116377711296 -0.06299120932817459 -0.010731376707553864
v -0.04009313881397247 -0.06475481390953064 -0.0035198554396629333
v -0.04200947657227516 -0.06358702480792999 -0.003826517378911376
v -0.0429442822933197 -0.06196562573313713 -0.0007799536106176674
v -0.043760865926742554 -0.062115736305713654 -0.00421325396746397
v -0.04443512484431267 -0.06052432581782341 -0.0011957407696172595
v -0.04527336359024048 -0.060378532856702805 -0.004670195747166872
v -0.04571177810430527 -0.058878518640995026 -0.0016706461319699883
v -0.046486981213092804 -0.05843440070748329 -0.0051818424835801125
v -0.04736329987645149 -0.056357242166996 -0.005728723015636206
v -0.04253134876489639 -0.06129246577620506 0.0026197037659585476
v -0.04390031099319458 -0.06009336933493614 0.002232425147667527
v -0.044880520552396774 -0.057876210659742355 0.005193158518522978
v -0.04512055590748787 -0.05871941149234772 0.001788729103282094
v -0.04581945016980171 -0.056618958711624146 0.004724022001028061
v -0.04615699499845505 -0.05719761550426483 0.0012973417760804296
v -0.0466107502579689 -0.055264879018068314 0.00421892711892724
v -0.04723877087235451 -0.053837597370147705 0.0036866895388811827
v -0.03780104219913483 -0.06728909909725189 -0.009759052656590939
v -0.035630274564027786 -0.06919637322425842 -0.016049249097704887
v -0.03754212334752083 -0.06874575465917587 -0.016138074919581413
v -0.04019314795732498 -0.06628342717885971 -0.009985720738768578
v -0.04355985298752785 -0.06523317098617554 -0.016842138022184372
v -0.04175059497356415 -0.06670922040939331 -0.016545332968235016
v -0.042437843978405 -0.06483762711286545 -0.010312790051102638
v -0.04113663360476494 -0.0671130120754242 -0.016464294865727425
v -0.03843230381608009 -0.06844401359558105 -0.016198065131902695
v -0.04807547852396965 -0.050394367426633835 -0.0008989711641333997
v 0.04920027405023575 -0.054977644234895706 0.008165467530488968
v 0.04991423711180687 -0.053955886512994766 0.007700413465499878
v 0.05031310394406319 -0.052383843809366226 0.009149075485765934
v 0.05071168765425682 -0.05055203661322594 0.010426031425595284
v 0.049699701368808746 -0.0523192435503006 0.011330442503094673
v 0.049356888979673386 -0.053377244621515274 0.010685764253139496
v 0.051897089928388596 -0.04472150653600693 0.008051149547100067
v 0.05188754200935364 -0.04366286098957062 0.008964156731963158
v 0.05182182416319847 -0.045953478664159775 0.009200125932693481
v 0.051706425845623016 -0.04500481113791466 0.01104555930942297
v 0.051555659621953964 -0.047179948538541794 0.010342497378587723
v 0.05146234109997749 -0.045667294412851334 0.012070722877979279
v 0.05111924558877945 -0.046315040439367294 0.013071484863758087
v 0.050542302429676056 -0.049223341047763824 0.012607496231794357
v 0.05110188201069832 -0.04837730526924133 0.011456267908215523
v 0.05047089606523514 -0.04952305927872658 0.012520532123744488
v 0.05039791762828827 -0.04982046037912369 0.012426843866705894
v 0.05053040385246277 -0.05287183076143265 0.007206751964986324
v 0.05103953555226326 -0.05173748731613159 0.006689939182251692
v 0.05121498182415962 -0.05044378340244293 0.008065277710556984
v 0.05171222612261772 -0.04937241971492767 0.005611708853393793
v 0.05175115913152695 -0.04840356484055519 0.006924263667315245
v 0.0519113652408123 -0.046975117176771164 0.004517904482781887
v 0.05190372094511986 -0.0455983504652977 0.006958804093301296
v 0.051388368010520935 -0.04894527047872543 0.009302807040512562
v 0.051788173615932465 -0.04727804660797119 0.008135860785841942
v 0.04839976504445076 -0.05592695251107216 0.008597294799983501
v 0.037383124232292175 -0.0660150796175003 -0.004303973633795977
v 0.0395117811858654 -0.06559313833713531 -0.004053402692079544
v 0.03695729002356529 -0.06331586837768555 0.007816504687070847
v 0.03333976864814758 -0.06383704394102097 0.007206532638520002
v 0.03540031984448433 -0.06618427485227585 -0.004507852252572775
v 0.03709635138511658 -0.06854721158742905 -0.016276251524686813
v 0.04732610285282135 -0.057196155190467834 0.008639264851808548
v 0.04677893966436386 -0.058923762291669846 0.005658984649926424
v 0.04692699760198593 -0.05761928856372833 0.008645126596093178
v 0.04638854041695595 -0.05954625457525253 0.0049163238145411015
v 0.044183917343616486 -0.059992238879203796 0.008578330278396606
v 0.04333930462598801 -0.06057123467326164 0.008527414873242378
v 0.0433230996131897 -0.06354263424873352 -0.0013344362378120422
v 0.04372322931885719 -0.06309450417757034 -0.00047755258856341243
v 0.04136445373296738 -0.06170454993844032 0.008364262990653515
v 0.04384072870016098 -0.06295931339263916 -0.00022824043116997927
v 0.04476724937558174 -0.06183113902807236 0.0017008243594318628
v 0.04166315123438835 -0.06491665542125702 -0.0038503119722008705
v 0.042218927294015884 -0.0646865963935852 -0.0037623075768351555
v 0.0422879233956337 -0.06461885571479797 -0.0036078793928027153
v 0.040651801973581314 -0.06204565614461899 0.008291805163025856
v 0.04091205820441246 -0.06588352471590042 -0.006756701041013002
v 0.04176885634660721 -0.06511710584163666 -0.0047786482609808445
v 0.03780095651745796 -0.06814094632863998 -0.01442868821322918
v 0.038320522755384445 -0.0678173303604126 -0.013092834502458572
v 0.04083128646016121 -0.06595229357481003 -0.006946127861738205
v 0.039327070116996765 -0.06259346008300781 0.008139855228364468
v 0.03901620954275131 -0.06270652264356613 0.008101101964712143
v 0.037269916385412216 -0.06323850899934769 0.007862751372158527
v 0.051687512546777725 -0.05634072795510292 -0.018769504502415657
v 0.05190294608473778 -0.05366281047463417 -0.019312569871544838
v 0.05191001296043396 -0.05236205458641052 -0.01325140055269003
v 0.046669747680425644 -0.06019360572099686 0.0022826041094958782
v 0.0500272735953331 -0.059645701199769974 -0.011590545065701008
v 0.05111633241176605 -0.05724756792187691 -0.012137852609157562
v 0.05131405219435692 -0.055145274847745895 -0.006109157111495733
v 0.048487868160009384 -0.06184932962059975 -0.011087086983025074
v 0.05049305781722069 -0.05724358186125755 -0.005555808078497648
v 0.05151396989822388 -0.052636098116636276 -0.0001562830148031935
v 0.051829490810632706 -0.05089125409722328 -0.0007194967474788427
v 0.05092059075832367 -0.059086717665195465 -0.01821191981434822
v 0.05122823640704155 -0.05821435526013374 -0.01838913932442665
v 0.05178337171673775 -0.05300235003232956 -0.006674052681773901
v 0.05173571780323982 -0.05478069186210632 -0.0127003388479352
v 0.04915139079093933 -0.06233843043446541 -0.01755051501095295
v 0.04764579236507416 -0.06411124765872955 -0.017189210280776024
v 0.04587569832801819 -0.06563133001327515 -0.016878783702850342
v 0.0442679189145565 -0.06371952593326569 -0.0038459610659629107
v 0.043115586042404175 -0.06510724872350693 -0.006947722751647234
v 0.041992560029029846 -0.06630835682153702 -0.01006495300680399
v 0.04089578986167908 -0.06735529005527496 -0.01319487951695919
v 0.04260382056236267 -0.06744719296693802 -0.016506437212228775
v 0.04527249187231064 -0.06605009734630585 -0.016793115064501762
v 0.04656364396214485 -0.0637437179684639 -0.010653680190443993
v 0.04435756802558899 -0.06524424254894257 -0.010309700854122639
v 0.04172181710600853 -0.06777072697877884 -0.016439704224467278
v 0.03982236236333847 -0.06826823204755783 -0.01633637398481369
v 0.04786507785320282 -0.06099112704396248 -0.004566895309835672
v 0.04933124780654907 -0.05921715125441551 -0.00503513915464282
v 0.048523712903261185 -0.05938159301877022 -0.001550822053104639
v 0.047919705510139465 -0.05788581445813179 0.005273104179650545
v 0.04545249044895172 -0.062102969735860825 -0.0007642883574590087
v 0.048953764140605927 -0.05671931058168411 0.004839237779378891
v 0.04985757917165756 -0.05543955788016319 0.004363066051155329
v 0.05061120539903641 -0.05406668782234192 0.0038520819507539272
v 0.04707186296582222 -0.060859113931655884 -0.0011238397564738989
v 0.0461529865860939 -0.06250504404306412 -0.004167027305811644
v 0.05119965225458145 -0.052624695003032684 0.003315209411084652
v 0.050182782113552094 -0.0560111440718174 0.000933018745854497
v 0.0491880364716053 -0.05755781754851341 0.001432143966667354
v 0.04800558090209961 -0.058961257338523865 0.0018850028282031417
v 0.05191482603549957 -0.0508907288312912 -0.007230518385767937
v 0.05191623419523239 -0.049163635820150375 -0.0012771865585818887
v 0.05096346139907837 -0.05435695871710777 0.0003991472185589373
v 0.05161384120583534 -0.051140062510967255 0.002762313699349761
v 0.05191560462117195 -0.04853365942835808 0.0005937156383879483
v 0.05189254879951477 -0.05526905879378319 -0.027237316593527794
v 0.05155925825238228 -0.05854472517967224 -0.0265729408711195
v 0.051217835396528244 -0.05982060730457306 -0.026313886046409607
v 0.05049058049917221 -0.061665378510951996 -0.02593901939690113
v 0.049140989780426025 -0.06394468247890472 -0.025475259870290756
v 0.04874010011553764 -0.06447454541921616 -0.025367338210344315
v 0.04639559984207153 -0.06683137267827988 -0.024886561557650566
v 0.04586530104279518 -0.06723758578300476 -0.024803530424833298
v 0.04357463866472244 -0.06861766427755356 -0.02452079951763153
v 0.04171141982078552 -0.06937698274850845 -0.024364450946450233
v 0.04041867330670357 -0.06974384933710098 -0.024288393557071686
v 0.03708595409989357 -0.07015346735715866 -0.02420099638402462
v 0.002043844433501363 -0.07753665745258331 -0.05837026610970497
v 0.002034734236076474 -0.07783114910125732 -0.06171625480055809
v 0.007038830313831568 -0.07770444452762604 -0.06141384318470955
v 0.002016445156186819 -0.07737376540899277 -0.0650438517332077
v 0.007434367667883635 -0.0772365853190422 -0.06471643596887589
v 0.00198989431373775 -0.07618742436170578 -0.0681861937046051
v 0.00777904549613595 -0.0760408490896225 -0.06783635169267654
v 0.00195641303434968 -0.07433163374662399 -0.07098571956157684
v 0.001917680143378675 -0.07189944386482239 -0.07330205291509628
v 0.008250107057392597 -0.07173910737037659 -0.07291937619447708
v 0.0018756380304694176 -0.06901281327009201 -0.07501903921365738
v 0.008352868258953094 -0.06884880363941193 -0.0746275931596756
v 0.051126424223184586 -0.05983663350343704 -0.032919447869062424
v 0.05145643651485443 -0.056570760905742645 -0.03363192453980446
v 0.018935861065983772 -0.06500714272260666 -0.07316035777330399
v 0.020869173109531403 -0.06802885979413986 -0.07138917595148087
v 0.014774465933442116 -0.06531886756420135 -0.07443004846572876
v 0.014720363542437553 -0.06851894408464432 -0.07341071218252182
v 0.01051506120711565 -0.0655587911605835 -0.07533911615610123
v 0.008358713239431381 -0.06565123796463013 -0.07565616816282272
v 0.0018323947442695498 -0.0658164843916893 -0.07605056464672089
v 0.020969875156879425 -0.06482507288455963 -0.07239319384098053
v 0.026838937774300575 -0.06417828798294067 -0.06958046555519104
v 0.02669408917427063 -0.0673869401216507 -0.06859759986400604
v 0.03228123113512993 -0.06338959187269211 -0.06603997200727463
v 0.03209545090794563 -0.06660417467355728 -0.06508373469114304
v 0.03398415446281433 -0.06309741735458374 -0.06470820307731628
v 0.03698083013296127 -0.06569395214319229 -0.06090770661830902
v 0.03720363602042198 -0.062472470104694366 -0.06183229014277458
v 0.04126664251089096 -0.06467185169458389 -0.05614097788929939
v 0.040154408663511276 -0.061797380447387695 -0.05869164317846298
v 0.04152192920446396 -0.06144262105226517 -0.05702943354845047
v 0.045162223279476166 -0.060317665338516235 -0.051713574677705765
v 0.04487955942749977 -0.06355535238981247 -0.05086509510874748
v 0.04806223511695862 -0.059116847813129425 -0.04597565904259682
v 0.04775775223970413 -0.06236356869339943 -0.045170340687036514
v 0.04885543882846832 -0.058703236281871796 -0.04398602247238159
v 0.04985198751091957 -0.061116885393857956 -0.03915414214134216
v 0.050172340124845505 -0.05786071717739105 -0.03991387039422989
v 0.05112183466553688 -0.05700315162539482 -0.03574379161000252
v 0.014475250616669655 -0.07141661643981934 -0.07172968983650208
v 0.02048659883439541 -0.07093748450279236 -0.06975334137678146
v 0.02618129551410675 -0.07030992209911346 -0.06702417135238647
v 0.03146190196275711 -0.06954465061426163 -0.06358886510133743
v 0.036238063126802444 -0.06865478307008743 -0.05950620770454407
v 0.04042806476354599 -0.0676555261015892 -0.054846037179231644
v 0.04396020993590355 -0.06656399369239807 -0.049688104540109634
v 0.046774059534072876 -0.06539884954690933 -0.044120658189058304
v 0.048821475356817245 -0.06418003886938095 -0.03823895752429962
v 0.05006742104887962 -0.06292840838432312 -0.03214364871382713
v 0.008055580779910088 -0.07417719811201096 -0.07061713933944702
v 0.01405141782015562 -0.0738665908575058 -0.06947128474712372
v 0.019841333851218224 -0.07340510934591293 -0.06756774336099625
v 0.025326263159513474 -0.0728006586432457 -0.06493909657001495
v 0.030412355437874794 -0.07206358760595322 -0.061630330979824066
v 0.035012587904930115 -0.0712064877152443 -0.05769805237650871
v 0.039048247039318085 -0.07024404406547546 -0.05320954695343971
v 0.042450278997421265 -0.06919271498918533 -0.04824160784482956
v 0.04516048729419708 -0.06807049363851547 -0.042879242449998856
v 0.04713248088955879 -0.06689657270908356 -0.03721420094370842
v 0.04833253473043442 -0.06569105386734009 -0.03134341537952423
v 0.046008747071027756 -0.06798604130744934 -0.030558878555893898
v 0.044869694858789444 -0.06913028657436371 -0.03613125905394554
v 0.04299793392419815 -0.07024453580379486 -0.041508350521326065
v 0.040425486862659454 -0.07130971550941467 -0.046598147600889206
v 0.03719637542963028 -0.07230760902166367 -0.05131357163190842
v 0.033365845680236816 -0.0732211321592331 -0.055573929101228714
v 0.028999442234635353 -0.0740346610546112 -0.05930633470416069
v 0.024171870201826096 -0.07473427802324295 -0.062446922063827515
v 0.018965737894177437 -0.07530800253152847 -0.06494195014238358
v 0.01347011886537075 -0.07574602216482162 -0.0667487308382988
v 0.012760501354932785 -0.07696066796779633 -0.06369855999946594
v 0.017903713509440422 -0.07655072957277298 -0.062007639557123184
v 0.022776005789637566 -0.07601379603147507 -0.05967260152101517
v 0.027294006198644638 -0.075359046459198 -0.05673340708017349
v 0.031380414962768555 -0.07459768652915955 -0.0532403439283371
v 0.03496531397104263 -0.07374273985624313 -0.049253176897764206
v 0.0379873588681221 -0.07280883938074112 -0.04484013095498085
v 0.040394846349954605 -0.0718119665980339 -0.04007671773433685
v 0.042146578431129456 -0.07076916843652725 -0.03504443168640137
v 0.04321259260177612 -0.06969829648733139 -0.02982938289642334
v 0.011958148330450058 -0.07744960486888885 -0.0604737214744091
v 0.01670851744711399 -0.07707098126411438 -0.05891195312142372
v 0.021208658814430237 -0.07657505571842194 -0.05675526335835457
v 0.02538157068192959 -0.07597032189369202 -0.0540405698120594
v 0.029155855998396873 -0.07526711374521255 -0.05081430822610855
v 0.03246693313121796 -0.07447747141122818 -0.04713168740272522
v 0.03525815159082413 -0.07361490279436111 -0.04305572062730789
v 0.037481751292943954 -0.07269416749477386 -0.03865613415837288
v 0.039099689573049545 -0.07173101603984833 -0.0340082161128521
v 0.04008428007364273 -0.0707419365644455 -0.029191499575972557
v 0.0066122678108513355 -0.07742098718881607 -0.05809418484568596
v 0.011103293858468533 -0.07718832790851593 -0.05723590403795242
v 0.015440080314874649 -0.07684267312288284 -0.0558101125061512
v 0.01954842358827591 -0.07638992369174957 -0.05384119600057602
v 0.02335803024470806 -0.07583783566951752 -0.05136284977197647
v 0.02680371329188347 -0.07519585639238358 -0.048417482525110245
v 0.029826520010828972 -0.07447496056556702 -0.04505548253655434
v 0.03237472474575043 -0.07368748635053635 -0.041334375739097595
v 0.034404732286930084 -0.0728469118475914 -0.03731783479452133
v 0.035881806164979935 -0.07196762412786484 -0.03307458013296127
v 0.036780670285224915 -0.07106465846300125 -0.02867722138762474
v -0.041760992258787155 -0.06831546872854233 -0.024470079690217972
v -0.04230174049735069 -0.0679224357008934 -0.024549035355448723
v -0.04192977398633957 -0.06906776875257492 -0.030224239453673363
v -0.04730568826198578 -0.06103254109621048 -0.025938967242836952
v -0.04768035188317299 -0.059765465557575226 -0.02619529701769352
v -0.04726417735219002 -0.06104693561792374 -0.03254503384232521
v -0.045106034725904465 -0.059859056025743484 -0.04362846538424492
v -0.04392768815159798 -0.06349138915538788 -0.04482144117355347
v -0.046412236988544464 -0.05904879793524742 -0.03954632952809334
v -0.04600611329078674 -0.06229603290557861 -0.03878936544060707
v -0.04735077917575836 -0.0582144595682621 -0.03536906838417053
v -0.0476798340678215 -0.05779023468494415 -0.033254675567150116
v -0.04809916391968727 -0.05649905651807785 -0.026856809854507446
v -0.0443180613219738 -0.060253214091062546 -0.04562411829829216
v -0.04143313691020012 -0.06138287112116814 -0.05138404667377472
v -0.041064467281103134 -0.06461255252361298 -0.050538044422864914
v -0.03780682757496834 -0.06241844221949577 -0.05672755837440491
v -0.03746543079614639 -0.06564033031463623 -0.05584137141704559
v -0.03644368425011635 -0.06273961067199707 -0.05840015783905983
v -0.03319217264652252 -0.0665571466088295 -0.060640670359134674
v -0.03350118175148964 -0.06334220618009567 -0.06156323105096817
v -0.028317797929048538 -0.06734731793403625 -0.06485383957624435
v -0.03028927743434906 -0.06388804316520691 -0.06446361541748047
v -0.028589867055416107 -0.06413836777210236 -0.06580833345651627
v -0.023156918585300446 -0.06479328870773315 -0.069390207529068
v -0.022925714030861855 -0.06799731403589249 -0.0684087797999382
v -0.017295295372605324 -0.06529577076435089 -0.07224757969379425
v -0.01710818149149418 -0.06849601864814758 -0.07124465703964233
v -0.015263316221535206 -0.06542782485485077 -0.07303021848201752
v -0.010964738205075264 -0.06883489340543747 -0.07331296801567078
v -0.011105294339358807 -0.06563721597194672 -0.07433155924081802
v -0.004600500222295523 -0.06900814175605774 -0.07457830011844635
v -0.006848318036645651 -0.06577237695455551 -0.0752730444073677
v -0.004692823626101017 -0.06581178307533264 -0.07560650259256363
v -0.045121707022190094 -0.06510420888662338 -0.025116555392742157
v -0.04653044417500496 -0.06285882741212845 -0.025569817051291466
v -0.04612357169389725 -0.06411164999008179 -0.031777605414390564
v -0.04489363357424736 -0.0653328225016594 -0.03788233548402786
v -0.04286167398095131 -0.06650145351886749 -0.043779559433460236
v -0.04006246104836464 -0.06759755313396454 -0.04936836659908295
v -0.03654388710856438 -0.06860236078500748 -0.05455312877893448
v -0.032366156578063965 -0.06949868053197861 -0.059245139360427856
v -0.02760075405240059 -0.07027117908000946 -0.06336411088705063
v -0.022329216822981834 -0.07090664654970169 -0.06683956831693649
v -0.016641739755868912 -0.07139419764280319 -0.069612056016922
v -0.010635637678205967 -0.0717255026102066 -0.07163412868976593
v -0.00441367831081152 -0.07189488410949707 -0.07287118583917618
v -0.04470709338784218 -0.06562403589487076 -0.025011735036969185
v -0.044315215200185776 -0.06683070957660675 -0.030990857630968094
v -0.043130580335855484 -0.06800690293312073 -0.03687071427702904
v -0.04117346927523613 -0.0691324844956398 -0.0425507090985775
v -0.03847736492753029 -0.07018820941448212 -0.04793364927172661
v -0.03508840128779411 -0.07115599513053894 -0.05292742699384689
v -0.031064560636878014 -0.0720193013548851 -0.05744660273194313
v -0.026474693790078163 -0.0727633535861969 -0.061413854360580444
v -0.021397335454821587 -0.073375403881073 -0.06476129591464996
v -0.015919359400868416 -0.07384500652551651 -0.06743165850639343
v -0.010134496726095676 -0.07416409999132156 -0.06937924772500992
v -0.004141726065427065 -0.07432723790407181 -0.07057072967290878
v -0.040805358439683914 -0.07018417865037918 -0.03580523282289505
v -0.03894772753119469 -0.07125254720449448 -0.041196517646312714
v -0.036388661712408066 -0.07225460559129715 -0.04630584269762039
v -0.03317195922136307 -0.07317321002483368 -0.051045794039964676
v -0.029352644458413124 -0.07399263232946396 -0.055335260927677155
v -0.0249960795044899 -0.07469885796308517 -0.059100862592458725
v -0.020176798105239868 -0.07527980953454971 -0.06227815896272659
v -0.01497726608067751 -0.07572553306818008 -0.0648127868771553
v -0.009486443363130093 -0.07602840662002563 -0.06666137278079987
v -0.003798280842602253 -0.0761832594871521 -0.06779229640960693
v -0.037552520632743835 -0.07035200297832489 -0.02406282164156437
v -0.03943499177694321 -0.06963876634836197 -0.02420491725206375
v -0.03908688202500343 -0.07071065902709961 -0.029516201466321945
v -0.03803456202149391 -0.07175547629594803 -0.034739311784505844
v -0.0362960547208786 -0.07275533676147461 -0.03978487849235535
v -0.03390108793973923 -0.07369314134120941 -0.0445665679872036
v -0.030890654772520065 -0.07455283403396606 -0.049002572894096375
v -0.02731625735759735 -0.07531971484422684 -0.05301697924733162
v -0.023239055648446083 -0.07598065584897995 -0.05654110759496689
v -0.01872881129384041 -0.07652434706687927 -0.05951466038823128
v -0.013862697407603264 -0.07694149017333984 -0.061886757612228394
v -0.008723972365260124 -0.07722494751214981 -0.0636168047785759
v -0.003400563495233655 -0.07736986130475998 -0.06467520445585251
v -0.03290824592113495 -0.07101446390151978 -0.02393464371562004
v -0.03625060245394707 -0.0706869587302208 -0.023996638134121895
v -0.035929080098867416 -0.07167697697877884 -0.028902240097522736
v -0.03495713695883751 -0.07264199107885361 -0.03372640162706375
v -0.033351413905620575 -0.07356548309326172 -0.03838658705353737
v -0.03113938309252262 -0.0744316577911377 -0.04280305281281471
v -0.028358887881040573 -0.07522568851709366 -0.046900223940610886
v -0.025057507678866386 -0.07593398541212082 -0.05060800537467003
v -0.02129172533750534 -0.07654444873332977 -0.05386296287178993
v -0.01712597906589508 -0.07704661041498184 -0.0566093847155571
v -0.012631542980670929 -0.07743189483880997 -0.05880030244588852
v -0.007885320112109184 -0.07769370079040527 -0.06039820984005928
v -0.002968517830595374 -0.07782754302024841 -0.06137575954198837
v -0.03261471539735794 -0.07191828638315201 -0.02841314673423767
v -0.03172739967703819 -0.07279928028583527 -0.032817304134368896
v -0.03026147559285164 -0.07364237308502197 -0.03707175701856613
v -0.028242027387022972 -0.07443313300609589 -0.04110370948910713
v -0.025703612715005875 -0.075158029794693 -0.04484416916966438
v -0.022689659148454666 -0.07580466568470001 -0.048229143023490906
v -0.019251739606261253 -0.07636197656393051 -0.05120070278644562
v -0.0154486745595932 -0.07682042568922043 -0.053708016872406006
v -0.01134553924202919 -0.0771721601486206 -0.055708181113004684
v -0.007012537214905024 -0.07741117477416992 -0.05716696381568909
v -0.0025238082744181156 -0.07753336429595947 -0.058059416711330414
v 0.010312586091458797 -0.06226518750190735 0.015007934533059597
v 0.018521936610341072 -0.06208120286464691 0.015028484165668488
v 0.018790096044540405 -0.061042703688144684 0.017859676852822304
v 0.013365143910050392 -0.060214828699827194 0.02020360715687275
v 0.01055054273456335 -0.060351353138685226 0.020064255222678185
v 0.01043312530964613 -0.06137610971927643 0.017563797533512115
v 0.007236539851874113 -0.060473278164863586 0.01995536871254444
v 0.0021314341574907303 -0.060582440346479416 0.019904207438230515
v 0.002122493227943778 -0.0615495890378952 0.01748979464173317
v -0.006796438712626696 -0.0605485774576664 0.020154256373643875
v 0.0322297066450119 -0.058295223861932755 0.022272396832704544
v 0.024387234821915627 -0.05933937430381775 0.021169491112232208
v 0.02727588079869747 -0.06049278751015663 0.018411869183182716
v -0.02828933484852314 -0.06086575612425804 0.018894976004958153
v -0.028577283024787903 -0.062400925904512405 0.01518451888114214
v -0.022550588473677635 -0.062417417764663696 0.015304388478398323
v -0.028831908479332924 -0.06359509378671646 0.011552875861525536
v 0.03252480924129486 -0.060008272528648376 0.018900709226727486
v 0.026807591319084167 -0.06181056797504425 0.015116334892809391
v 0.03284337744116783 -0.061650995165109634 0.014935589395463467
v 0.026331182569265366 -0.0628868043422699 0.01173544954508543
v 0.03309847041964531 -0.06283357739448547 0.011317303404211998
v 0.010067272000014782 -0.06360792368650436 0.009838084690272808
v 0.016352161765098572 -0.063609778881073 0.009423562325537205
v 0.018249450251460075 -0.0629456639289856 0.012139867059886456
v 0.025861794129014015 -0.0636974349617958 0.008377699181437492
v 0.00212306622415781 -0.06310250610113144 0.012519774958491325
v 0.0021236524917185307 -0.06239078938961029 0.015024990774691105
v -0.005941899958997965 -0.06321288645267487 0.01246869657188654
v -0.006064033601433039 -0.06246648356318474 0.015070343390107155
v -0.013997945003211498 -0.06334242969751358 0.012261842377483845
v -0.014270031824707985 -0.06248428672552109 0.015153458341956139
v -0.022073261439800262 -0.06348227709531784 0.01191906351596117
v -0.028270190581679344 -0.060756102204322815 0.01913204789161682
v -0.02302638441324234 -0.061110761016607285 0.018604276701807976
v -0.01454250980168581 -0.061451949179172516 0.017987586557865143
v -0.027991659939289093 -0.0590360052883625 0.022501561790704727
v -0.020328305661678314 -0.05987081304192543 0.02136339619755745
v -0.014813881367444992 -0.060251545161008835 0.020748833194375038
v 0.02051561512053013 -0.05971483513712883 0.02075349912047386
v 0.03311116620898247 -0.06288932263851166 0.011121777817606926
v 0.03066394291818142 -0.06378002464771271 0.00766047602519393
v -0.028844010084867477 -0.06364806741476059 0.011368272826075554
v 0.0014207424828782678 -0.06367873400449753 0.010046402923762798
v -0.005824329797178507 -0.06380363553762436 0.009897436946630478
v -0.013826636597514153 -0.06401083618402481 0.009391233325004578
v -0.021609317511320114 -0.0642816573381424 0.00855694618076086
v 0.016352161765098572 -0.063609778881073 0.009423558600246906
v -0.013826634734869003 -0.06401083618402481 0.00939122959971428
v 0.02302650548517704 -0.05519461631774902 0.02959217131137848
v 0.03137841075658798 -0.048234015703201294 0.039301175624132156
v 0.03059413842856884 -0.04845006391406059 0.039285797625780106
v 0.0314110592007637 -0.04982539638876915 0.036793969571590424
v 0.031481653451919556 -0.044055964797735214 0.045422494411468506
v 0.0317230187356472 -0.04084322229027748 0.04960651695728302
v 0.027978628873825073 -0.04282175749540329 0.049219030886888504
v -0.027302969247102737 -0.0516275092959404 0.03526930510997772
v -0.02745174430310726 -0.054191406816244125 0.030989058315753937
v -0.02394700050354004 -0.055317629128694534 0.029678739607334137
v -0.01881207711994648 -0.055709268897771835 0.029751382768154144
v -0.027882995083928108 -0.040028784424066544 0.05167585238814354
v -0.027657335624098778 -0.042038749903440475 0.0492560900747776
v -0.02736680582165718 -0.04558007791638374 0.04452958330512047
v -0.023917553946375847 -0.04346013069152832 0.04941651597619057
v -0.01985938288271427 -0.04468870908021927 0.04966020956635475
v -0.01565624214708805 -0.045721448957920074 0.0498640201985836
v -0.012478332966566086 -0.05127308890223503 0.039914507418870926
v -0.0076555293053388596 -0.05166405439376831 0.03998742252588272
v 0.006990831345319748 -0.051757846027612686 0.03998721390962601
v 0.0021030441857874393 -0.051910266280174255 0.0400245226919651
v 0.011852044612169266 -0.051424093544483185 0.03991318866610527
v 0.016663076356053352 -0.05091462284326553 0.03980361297726631
v 0.019779086112976074 -0.04528556019067764 0.04972917214035988
v 0.02395387925207615 -0.04414976388216019 0.04949348419904709
v 0.031421270221471786 -0.04535996541380882 0.043589573353528976
v 0.028149539604783058 -0.05467679351568222 0.02948049269616604
v 0.03205769136548042 -0.05712933838367462 0.024363063275814056
v 0.01263097021728754 -0.05595275014638901 0.029759475961327553
v -0.0027871555648744106 -0.051878124475479126 0.040024422109127045
v -0.008400066755712032 -0.056211452931165695 0.02983950823545456
v -0.017234159633517265 -0.050715360790491104 0.039807699620723724
v -0.02190319262444973 -0.05000317096710205 0.039669476449489594
v -0.026469338685274124 -0.04915200173854828 0.03950294479727745
v -0.027339456602931023 -0.04608277976512909 0.043813180178403854
v 0.021402794867753983 -0.05024008825421333 0.03966067358851433
v 0.026051709428429604 -0.049413278698921204 0.03948698937892914
v 0.03163539245724678 -0.05346457660198212 0.030764209106564522
v 0.03194335103034973 -0.03865157067775726 0.0521777905523777
v 0.001768341287970543 -0.060916509479284286 -0.07704364508390427
v -0.006912371143698692 -0.060872405767440796 -0.07626612484455109
v -0.015327369794249535 -0.06052785366773605 -0.0740232989192009
v -0.02322097308933735 -0.05989331752061844 -0.07038328796625137
v -0.030353331938385963 -0.05898807570338249 -0.06545670330524445
v -0.0365077368915081 -0.057839639484882355 -0.05939323827624321
v -0.04149718955159187 -0.05648290365934372 -0.0523771271109581
v -0.04517008736729622 -0.05495908483862877 -0.0446215458214283
v -0.047414831817150116 -0.053314488381147385 -0.03636214882135391
v -0.048163216561079025 -0.051599085330963135 -0.027849892154335976
v 0.010451007634401321 -0.06065881997346878 -0.0763321965932846
v 0.018871808424592018 -0.06010717153549194 -0.07415343821048737
v 0.026774883270263672 -0.05927832052111626 -0.07057354599237442
v 0.03392010182142258 -0.05819744989275932 -0.06570128351449966
v 0.04009035602211952 -0.05689740926027298 -0.05968472361564636
v 0.04509817063808441 -0.05541769415140152 -0.052706655114889145
v 0.04879138618707657 -0.05380326509475708 -0.04497910663485527
v 0.051057782024145126 -0.052103180438280106 -0.0367368720471859
v 0.051828496158123016 -0.05036908760666847 -0.028230397030711174
v -0.048125259578228 -0.045735590159893036 0.0010787814389914274
v -0.04773635044693947 -0.046024907380342484 -0.00037383922608569264
v -0.046667151153087616 -0.046229228377342224 -0.0014509408501908183
v -0.045196257531642914 -0.04629530757665634 -0.001871853950433433
v -0.043706927448511124 -0.04620593041181564 -0.0015269243158400059
v -0.04258722811937332 -0.045984383672475815 -0.0005060104886069894
v 0.007412036880850792 -0.03808117285370827 0.08157415688037872
v 0.016199931502342224 -0.03613707423210144 0.08116857707500458
v 0.02444743551313877 -0.032585207372903824 0.08043783903121948
v 0.03185148909687996 -0.027556076645851135 0.07940877974033356
v 0.03814002871513367 -0.02123449184000492 0.07811921834945679
v 0.04308197647333145 -0.013852742500603199 0.07661654055118561
v 0.04649573192000389 -0.005682075396180153 0.07495596259832382
v 0.048255860805511475 0.002977280877530575 0.07319850474596024
v 0.033384907990694046 -0.0340874046087265 0.055984143167734146
v 0.03430893272161484 -0.0332675501704216 0.05588093027472496
v 0.033658742904663086 -0.0320800319314003 0.05789508670568466
v 0.03182772174477577 -0.03050955757498741 0.06485716998577118
v 0.035679563879966736 -0.03023623302578926 0.05725580081343651
v 0.033190250396728516 -0.031064769253134727 0.06006944924592972
v 0.035389531403779984 -0.029060911387205124 0.05935247614979744
v 0.03291599825024605 -0.030246447771787643 0.062357086688280106
v 0.03531218692660332 -0.02805754356086254 0.061554476618766785
v 0.032839905470609665 -0.029641028493642807 0.06470601260662079
v 0.0354468934237957 -0.027246061712503433 0.06381278485059738
v 0.035272467881441116 -0.032392777502536774 0.05565008148550987
v 0.036173660308122635 -0.031556081026792526 0.055308885872364044
v -0.03141656517982483 -0.03321311995387077 0.055903851985931396
v -0.030430739745497704 -0.03406333923339844 0.05612717568874359
v -0.029794706031680107 -0.03285995125770569 0.05813642591238022
v -0.027949225157499313 -0.031244879588484764 0.06508464366197586
v -0.02898453176021576 -0.03040073812007904 0.06494109332561493
v -0.029063498601317406 -0.031008128076791763 0.06259278208017349
v -0.029334865510463715 -0.031833216547966 0.06030724570155144
v -0.029485398903489113 -0.034860774874687195 0.05622338876128197
v -0.0323406383395195 -0.03239887207746506 0.0555696077644825
v -0.03186435624957085 -0.03106708824634552 0.057512830942869186
v -0.031587377190589905 -0.029884792864322662 0.05960734561085701
v -0.031517982482910156 -0.028879618272185326 0.061808791011571884
v -0.03165542334318161 -0.028071485459804535 0.06406813114881516
v -0.043642740696668625 -0.009039396420121193 0.05652347207069397
v -0.043169133365154266 -0.010503740049898624 0.0569661483168602
v -0.04314623028039932 -0.006784758530557156 0.07529708743095398
v -0.027934907004237175 -0.028291506692767143 0.07963629066944122
v -0.020401770249009132 -0.033136896789073944 0.08060850948095322
v -0.003228182904422283 -0.03821205720305443 0.08161464333534241
v -0.012064071372151375 -0.036484748125076294 0.08127613365650177
v -0.03438667207956314 -0.022126641124486923 0.07839521020650864
v -0.03440405800938606 -0.02531357668340206 0.06269104033708572
v -0.03954019770026207 -0.018365388736128807 0.05970155820250511
v -0.03733803704380989 -0.021713363006711006 0.06106442213058472
v -0.039519988000392914 -0.014868826605379581 0.07693087309598923
v -0.036653533577919006 -0.022627707570791245 0.06146123260259628
v -0.034713014960289 -0.024970324710011482 0.06252820044755936
v -0.04178348183631897 -0.014023522846400738 0.05811690539121628
v -0.04088183119893074 -0.01591871678829193 0.058786168694496155
v -0.039805833250284195 -0.01791016012430191 0.05952656269073486
v -0.04513215273618698 0.0018285177648067474 0.07355388253927231
v -0.04515676200389862 -0.0020104798022657633 0.054622914642095566
v -0.044524725526571274 -0.005648845806717873 0.055562932044267654
v -0.044007159769535065 -0.00777026079595089 0.056154992431402206
v -0.04532280191779137 -0.0005500830011442304 0.05428016930818558
v -0.03488805145025253 -0.03309645503759384 0.05163754150271416
v -0.033850133419036865 -0.03503347188234329 0.0513860322535038
v -0.03801129013299942 -0.034201089292764664 0.04556606337428093
v -0.04002473130822182 -0.03522621467709541 0.04066797345876694
v -0.03407186642289162 -0.04572240635752678 0.039370156824588776
v -0.03188243508338928 -0.047061629593372345 0.039595481008291245
v -0.029591120779514313 -0.04814271628856659 0.03964373096823692
v -0.028782039880752563 -0.041762739419937134 0.0489005520939827
v -0.02818170003592968 -0.042898476123809814 0.04780733585357666
v -0.029641931876540184 -0.04062376171350479 0.049694571644067764
v -0.03075532056391239 -0.03939521685242653 0.05021972209215164
v -0.030076920986175537 -0.03813433274626732 0.05224289745092392
v -0.032055750489234924 -0.0366721972823143 0.05190104618668556
v -0.03206392750144005 -0.038088053464889526 0.050410930067300797
v -0.03427594527602196 -0.036003053188323975 0.04993373155593872
v -0.03342888876795769 -0.03679016977548599 0.05023094266653061
v -0.03698509931564331 -0.03378857672214508 0.04774390533566475
v -0.03644479811191559 -0.03413163498044014 0.048389364033937454
v -0.0360548198223114 -0.034432899206876755 0.04877167195081711
v -0.034904077649116516 -0.03543010726571083 0.049614980816841125
v -0.04053006321191788 -0.04653023183345795 0.029821399599313736
v -0.042901549488306046 -0.05063137412071228 0.02135923132300377
v -0.04238751530647278 -0.05126313865184784 0.021587029099464417
v -0.03836873918771744 -0.04876134917140007 0.0305582657456398
v -0.04359208419919014 -0.041543178260326385 0.027748217806220055
v -0.04444459453225136 -0.038985639810562134 0.026512116193771362
v -0.044731080532073975 -0.03931650519371033 0.025429289788007736
v -0.04476653039455414 -0.04777650907635689 0.020222755149006844
v -0.04228506609797478 -0.044090814888477325 0.028869260102510452
v -0.04525841400027275 -0.046790361404418945 0.019794555380940437
v -0.046034492552280426 -0.04482161998748779 0.01889151893556118
v -0.04671543464064598 -0.041909359395504 0.017446449026465416
v -0.03784946724772453 -0.03865735977888107 0.04215183109045029
v -0.03904486820101738 -0.036966513842344284 0.04145357012748718
v -0.041374508291482925 -0.03612404689192772 0.03686194121837616
v -0.036099888384342194 -0.044149249792099 0.038966745138168335
v -0.037913110107183456 -0.042379021644592285 0.03839319571852684
v -0.03946888446807861 -0.04045844078063965 0.03766597434878349
v -0.04073858633637428 -0.03844006359577179 0.03680853173136711
v -0.04170899838209152 -0.03637775406241417 0.03584904223680496
v -0.031222525984048843 -0.05837013199925423 0.02289050631225109
v -0.030306711792945862 -0.05343136936426163 0.031248388811945915
v -0.033400725573301315 -0.057636599987745285 0.02299593575298786
v -0.03315134346485138 -0.052263978868722916 0.031275633722543716
v -0.04048851132392883 -0.05323446914553642 0.022228805348277092
v -0.03832853585481644 -0.05497588962316513 0.022682884708046913
v -0.03587592765688896 -0.05069490894675255 0.031047578901052475
v -0.03763454034924507 -0.05544910952448845 0.022781241685152054
v -0.034489840269088745 -0.05717660114169121 0.022997291758656502
v -0.04185524955391884 -0.014801381155848503 0.05563942342996597
v -0.04179678112268448 -0.014528414234519005 0.056459952145814896
v -0.04338475689291954 -0.010234588757157326 0.05558771640062332
v -0.03601869195699692 -0.026948807761073112 0.055428821593523026
v -0.03497263416647911 -0.028598757460713387 0.05547355115413666
v -0.0348920002579689 -0.02722383290529251 0.05712761729955673
v -0.04453672468662262 -0.005867414642125368 0.05470452457666397
v -0.04442466422915459 -0.006866168230772018 0.05395646020770073
v -0.045288313180208206 -0.001588654238730669 0.053142037242650986
v -0.04525541514158249 -0.0014377108309417963 0.05379579961299896
v -0.045244138687849045 -0.001980365253984928 0.05320806801319122
v -0.04487817361950874 -0.004530294798314571 0.05361844226717949
v -0.03981505706906319 -0.018643740564584732 0.05729813873767853
v -0.03991050273180008 -0.019056161865592003 0.05620252341032028
v -0.037444114685058594 -0.022590909153223038 0.05810193717479706
v -0.03837265819311142 -0.022863686084747314 0.05528746917843819
v -0.03783068805932999 -0.0238571148365736 0.055326592177152634
v -0.037589091807603836 -0.023197293281555176 0.05669282004237175
v -0.037218477576971054 -0.02493870258331299 0.055365581065416336
v -0.03947305306792259 -0.020726269111037254 0.05519105866551399
v -0.03739747405052185 -0.022043602541089058 0.05954160541296005
v -0.03462451323866844 -0.02560797519981861 0.060685895383358
v -0.03468410670757294 -0.02636249177157879 0.05887692794203758
v -0.04553710296750069 0.0030658801551908255 0.05289718881249428
v -0.043472595512866974 -0.010586580261588097 0.054402343928813934
v -0.0429689958691597 -0.01221134141087532 0.054568760097026825
v -0.04194805026054382 -0.015087013132870197 0.054827265441417694
v -0.03973957151174545 -0.02018076740205288 0.0551634319126606
v -0.04510908201336861 -0.05420264974236488 0.01215850468724966
v -0.044983282685279846 -0.053243376314640045 0.013884464278817177
v -0.044851452112197876 -0.05274127423763275 0.014877746812999249
v -0.04622446745634079 -0.04992344230413437 0.014562355354428291
v -0.047376397997140884 -0.04653255641460419 0.01357464212924242
v -0.047180674970149994 -0.042519234120845795 0.01546706072986126
v -0.04760487377643585 -0.04452916234731674 0.013486147858202457
v -0.047646358609199524 -0.043023839592933655 0.013433130457997322
v -0.03507741168141365 -0.06048738583922386 0.01666533574461937
v -0.032005779445171356 -0.06181710213422775 0.015740150585770607
v -0.03237339109182358 -0.0631326287984848 0.01197685394436121
v -0.03902788460254669 -0.05661192908883095 0.019497444853186607
v -0.03870074078440666 -0.05688103288412094 0.019480209797620773
v -0.03824463114142418 -0.057191938161849976 0.019527459517121315
v -0.03777046129107475 -0.05765993148088455 0.019300298765301704
v -0.03499474748969078 -0.059010498225688934 0.019602995365858078
v -0.036570023745298386 -0.05872916430234909 0.018711667507886887
v -0.036524757742881775 -0.05877206474542618 0.018678998574614525
v -0.04333220794796944 -0.05319947376847267 0.017568029463291168
v -0.04298396781086922 -0.05345091223716736 0.017909681424498558
v -0.04363491013646126 -0.05202304944396019 0.018421858549118042
v -0.04168444126844406 -0.05446255952119827 0.018830420449376106
v -0.04118027165532112 -0.054825183004140854 0.019129492342472076
v -0.04116496071219444 -0.054879650473594666 0.019076606258749962
v -0.04047364741563797 -0.055437151342630386 0.019313618540763855
v -0.04549230635166168 -0.04894408956170082 0.017449835315346718
v -0.04448897764086723 -0.05261082574725151 0.01588728465139866
v -0.043947167694568634 -0.05281095206737518 0.01681629940867424
v -0.03598114475607872 -0.06192001327872276 0.012403569184243679
v -0.03161780536174774 -0.06023073568940163 0.01937662996351719
v -0.03565365821123123 -0.0596756637096405 0.017805572599172592
v -0.03731152042746544 -0.03350013121962547 0.04738753288984299
v -0.03750339150428772 -0.0336480550467968 0.04692673310637474
v -0.038390208035707474 -0.03143042325973511 0.046969443559646606
v -0.03787756338715553 -0.0338752418756485 0.04606105014681816
v -0.042284801602363586 -0.034936241805553436 0.03508683294057846
v -0.03942444920539856 -0.029290640726685524 0.046537090092897415
v -0.04295739904046059 -0.032371144741773605 0.034567803144454956
v -0.04584920406341553 -0.034714896231889725 0.022448347881436348
v -0.04782317578792572 -0.03904149308800697 0.012310945428907871
v -0.048234447836875916 -0.0256882943212986 0.008774453774094582
v -0.04822024330496788 -0.026302864775061607 0.008928542025387287
v -0.04698614776134491 -0.022738739848136902 0.02002241648733616
v -0.04567061364650726 -0.01893630623817444 0.03184828162193298
v -0.04638507589697838 -0.013333882205188274 0.030713673681020737
v -0.04835428670048714 -0.019838763400912285 0.007353543769568205
v -0.046852219849824905 -0.007648268714547157 0.029561880975961685
v -0.048410847783088684 -0.01660541631281376 0.006604455411434174
v -0.045379940420389175 -0.010012923739850521 0.04263754189014435
v -0.04435507580637932 -0.015133863314986229 0.043674152344465256
v -0.04299372062087059 -0.020080862566828728 0.044675063341856
v -0.04359199106693268 -0.029762491583824158 0.03403989225625992
v -0.040408000349998474 -0.0270828939974308 0.04609089717268944
v -0.04133477807044983 -0.024810077622532845 0.045631442219018936
v -0.04473090171813965 -0.024422287940979004 0.0329589918255806
v -0.046468086540699005 -0.028763705864548683 0.02124292589724064
v -0.04813167080283165 -0.029819361865520477 0.009827113710343838
v -0.04219872131943703 -0.022475071251392365 0.045159295201301575
v 0.04645849019289017 -0.010553044266998768 0.0541725717484951
v 0.046746108680963516 -0.009515678510069847 0.05406321585178375
v 0.0466582365334034 -0.009164427407085896 0.055252622812986374
v 0.038586996495723724 -0.0263512060046196 0.056851278990507126
v 0.04301150143146515 -0.019716333597898483 0.05487736687064171
v 0.043563466519117355 -0.018494758754968643 0.054810140281915665
v 0.04116922616958618 -0.022285500541329384 0.056399643421173096
v 0.04101928323507309 -0.02167966030538082 0.057814452797174454
v 0.038370728492736816 -0.025492830201983452 0.05860492214560509
v 0.0385284461081028 -0.027986448258161545 0.05520201101899147
v 0.0389508455991745 -0.027300093322992325 0.055181216448545456
v 0.04140192270278931 -0.02297348342835903 0.05502867326140404
v 0.0483066588640213 -0.0008298750035464764 0.052852120250463486
v 0.048308927565813065 -0.00028854949050582945 0.05344010889530182
v 0.04746733605861664 -0.0064683030359447 0.053703673183918
v 0.04770376905798912 -0.004747449886053801 0.054356545209884644
v 0.04664459824562073 -0.008832818828523159 0.05645080283284187
v 0.046470995992422104 -0.009399937465786934 0.05662470683455467
v 0.045185383409261703 -0.01347982045263052 0.05613333731889725
v 0.045929692685604095 -0.011012563481926918 0.057136375457048416
v 0.04517228528857231 -0.012974236160516739 0.057793013751506805
v 0.04516131803393364 -0.013220343738794327 0.05696142837405205
v 0.04759475961327553 -0.005028947722166777 0.05535322427749634
v 0.037641044706106186 -0.024963274598121643 0.06267368048429489
v 0.03830624744296074 -0.024738041684031487 0.06041737273335457
v 0.03811825066804886 -0.02441924810409546 0.062414005398750305
v 0.04327163100242615 -0.017263757064938545 0.05809905752539635
v 0.04292832314968109 -0.01757914014160633 0.05947618559002876
v 0.040969956666231155 -0.021130960434675217 0.05925934389233589
v 0.041989706456661224 -0.019160598516464233 0.060104697942733765
v 0.03839338198304176 -0.024096935987472534 0.06226217746734619
v 0.04844899848103523 0.0012248748680576682 0.05249737203121185
v 0.048340555280447006 -0.0004387219378259033 0.05278604477643967
v 0.045166246592998505 -0.014513860456645489 0.054536208510398865
v 0.04330756515264511 -0.017646413296461105 0.05698695033788681
v 0.048299770802259445 -0.00014009297592565417 0.05409526824951172
v 0.047960955649614334 -0.0029662218876183033 0.05479812994599342
v -0.04782046377658844 -0.04461371898651123 0.012467761524021626
v -0.04789038002490997 -0.0436224564909935 0.012158907018601894
v -0.048317763954401016 -0.02585124969482422 0.007744188420474529
v -0.04834785684943199 -0.025898825377225876 0.006705466657876968
v 0.04690464958548546 -0.049546170979738235 0.02102464996278286
v 0.04691922664642334 -0.04952649027109146 0.02101743035018444
v 0.04451204091310501 -0.04548412933945656 0.0294977817684412
v 0.042411919683218 -0.04776766896247864 0.03025086410343647
v 0.035446085035800934 -0.05755004286766052 0.022636806592345238
v 0.03823699429631233 -0.04524338245391846 0.03844688832759857
v 0.03854033350944519 -0.045078668743371964 0.0383240282535553
v 0.03810877725481987 -0.04483451321721077 0.03909548372030258
v 0.03815457597374916 -0.03511158749461174 0.049657877534627914
v 0.03872479125857353 -0.034562669694423676 0.04935897886753082
v 0.03771562874317169 -0.03415314480662346 0.05111369863152504
v 0.04026614874601364 -0.03318791463971138 0.04809584096074104
v 0.040791213512420654 -0.03283185139298439 0.04744793474674225
v 0.038707464933395386 -0.03219114989042282 0.051357485353946686
v 0.03219626843929291 -0.04220933839678764 0.04751867055892944
v 0.033691130578517914 -0.047364283353090286 0.03940292075276375
v 0.03595472499728203 -0.046227168291807175 0.039337337017059326
v 0.04009435698390007 -0.04321198910474777 0.03867679461836815
v 0.04185906797647476 -0.04139774665236473 0.038089629262685776
v 0.04173250496387482 -0.03767842426896095 0.04184899479150772
v 0.04181063920259476 -0.03321920335292816 0.04526231065392494
v 0.04242421314120293 -0.03348453342914581 0.04384817183017731
v 0.042880602180957794 -0.035958752036094666 0.0411418080329895
v 0.044459447264671326 -0.03838817775249481 0.036001209169626236
v 0.046243730932474136 -0.03826262429356575 0.031864430755376816
v 0.047434598207473755 -0.04042346030473709 0.02740182727575302
v 0.04784053564071655 -0.03925700858235359 0.026855023577809334
v 0.049889445304870605 -0.04364166408777237 0.01852649264037609
v 0.05043124407529831 -0.04115862026810646 0.017305176705121994
v 0.04847951978445053 -0.03968976065516472 0.024678565561771393
v 0.034026458859443665 -0.037345800548791885 0.05199895799160004
v 0.035966068506240845 -0.03583546355366707 0.051642194390296936
v 0.03992301598191261 -0.033466778695583344 0.048446714878082275
v 0.03594748675823212 -0.03730201721191406 0.050151873379945755
v 0.03738997131586075 -0.03585949167609215 0.049944162368774414
v 0.03229532018303871 -0.04195047914981842 0.04779503494501114
v 0.032755978405475616 -0.04106928035616875 0.04861386492848396
v 0.03359800949692726 -0.039889145642519 0.049429140985012054
v 0.03459641709923744 -0.03872448951005936 0.04993095248937607
v 0.04184102267026901 -0.044656429439783096 0.03463826701045036
v 0.03977419435977936 -0.04449474439024925 0.037593644112348557
v 0.04036729410290718 -0.044294118881225586 0.03707645460963249
v 0.04074724391102791 -0.04421588033437729 0.03666384890675545
v 0.041413258761167526 -0.0442669540643692 0.035686902701854706
v 0.03461158648133278 -0.04761294275522232 0.03843984380364418
v 0.036012519150972366 -0.046608295291662216 0.03877239301800728
v 0.03725920990109444 -0.04581210017204285 0.03871181979775429
v 0.03216727450489998 -0.0504218153655529 0.03555697202682495
v 0.032640863209962845 -0.04952250421047211 0.03675318509340286
v 0.033532824367284775 -0.048527225852012634 0.03779137134552002
v 0.033682290464639664 -0.048388514667749405 0.03790949657559395
v 0.03751346096396446 -0.056802038103342056 0.022724663838744164
v 0.03867480158805847 -0.056280821561813354 0.022719047963619232
v 0.03868376836180687 -0.05627649649977684 0.02271883934736252
v 0.04178328812122345 -0.054472193121910095 0.02247902750968933
v 0.04457763582468033 -0.052188076078891754 0.021905098110437393
v 0.042304255068302155 -0.05410090461373329 0.022401707246899605
v 0.04619920998811722 -0.04300237447023392 0.028532544150948524
v 0.04870471730828285 -0.04662672057747841 0.0198670607060194
v 0.04901786521077156 -0.04597073420882225 0.019585099071264267
v 0.04336155578494072 -0.039439547806978226 0.03735077381134033
v 0.04623857140541077 -0.05039678141474724 0.021328026428818703
v 0.049020763486623764 -0.003393240040168166 0.04207246005535126
v 0.04156903550028801 -0.025324683636426926 0.05229538306593895
v 0.043690357357263565 -0.02115752175450325 0.05144796520471573
v 0.041125062853097916 -0.03269718959927559 0.04693882539868355
v 0.040850285440683365 -0.032082270830869675 0.04789810627698898
v 0.03920140117406845 -0.029179302975535393 0.05307977274060249
v 0.04848840832710266 -0.008621759712696075 0.04313291609287262
v 0.047574661672115326 -0.013732402585446835 0.04416998103260994
v 0.04631192237138748 -0.018673524260520935 0.045173145830631256
v 0.044234663248062134 -0.030429143458604813 0.04179069399833679
v 0.04290184751152992 -0.02787691354751587 0.04704303666949272
v 0.04155552014708519 -0.032769009470939636 0.046075642108917236
v 0.044738832861185074 -0.02339927852153778 0.04613306373357773
v 0.051228150725364685 -0.045355621725320816 0.013198698870837688
v 0.05016295239329338 -0.04876989126205444 0.014191296882927418
v 0.05055633559823036 -0.044601600617170334 0.015916040167212486
v 0.051419854164123535 -0.04200483486056328 0.013066097162663937
v 0.04839931055903435 -0.0520983450114727 0.014995348639786243
v 0.049130916595458984 -0.053069841116666794 0.01179432775825262
v 0.046668440103530884 -0.0562797375023365 0.012165375985205173
v 0.04527203366160393 -0.05378115922212601 0.018793795257806778
v 0.047651875764131546 -0.050925154238939285 0.01807110570371151
v 0.049427930265665054 -0.04780655354261398 0.017088934779167175
v 0.036626581102609634 -0.062288690358400345 0.011702969670295715
v 0.04020196199417114 -0.060991059988737106 0.012102480977773666
v 0.043625373393297195 -0.05896866321563721 0.012267413549125195
v 0.04597921669483185 -0.05513933300971985 0.015547506511211395
v 0.043023742735385895 -0.05770896002650261 0.015808679163455963
v 0.0397140197455883 -0.05967633053660393 0.015772467479109764
v 0.03625614941120148 -0.06098456680774689 0.015464819967746735
v 0.035856813192367554 -0.05940745025873184 0.019108206033706665
v 0.03920012712478638 -0.05810753256082535 0.019309652969241142
v 0.04240031912922859 -0.05621401593089104 0.019211236387491226
v 0.05157408490777016 -0.042158205062150955 0.012299403548240662
v 0.05147479474544525 -0.04205566644668579 0.012811744585633278
v 0.05187716707587242 -0.042850568890571594 0.008863651193678379
v 0.05186926946043968 -0.04273311793804169 0.009443686343729496
v 0.04317084699869156 0.00018436717800796032 0.032957859337329865
v 0.04243979975581169 0.0003207834961358458 0.03367810323834419
v 0.038811568170785904 -0.0012845140881836414 0.0259914118796587
v 0.0388282835483551 0.0012979160528630018 0.038732320070266724
v 0.03782309219241142 0.0014854895416647196 0.039722662419080734
v 0.036448679864406586 0.001541763893328607 0.04008897766470909
v 0.03507331758737564 0.0014516646042466164 0.039733126759529114
v 0.03505660220980644 -0.0011307662352919579 0.02699221484363079
v 0.03404882177710533 -0.0013431005645543337 0.026009535416960716
v 0.04144022613763809 0.00036171116516925395 0.033944517374038696
v 0.040439967066049576 0.000296183570753783 0.03368571400642395
v 0.03970703110098839 0.0001417588791809976 0.03297103941440582
v 0.03406553715467453 0.0012393295764923096 0.03875044360756874
v 0.03643196076154709 -0.0010406654328107834 0.027348071336746216
v 0.037806373089551926 -0.0010969412978738546 0.02698175050318241
v -0.031165914610028267 0.00043691942119039595 0.03899867460131645
v -0.03592865914106369 0.00037833303213119507 0.03901679813861847
v -0.037553571164608 -0.0006632126169279218 0.03398250788450241
v -0.036822520196437836 -0.0007996289059519768 0.03326226398348808
v -0.0321711041033268 0.0006244929390959442 0.03998901695013046
v -0.03354552015662193 0.0006807672907598317 0.04035533219575882
v -0.04058866202831268 -0.0061593796126544476 0.007059589494019747
v -0.03921424597501755 -0.006215654779225588 0.006693272851407528
v -0.0385531410574913 -0.0006222848896868527 0.034248922020196915
v -0.03492087870836258 0.0005906680598855019 0.03999948129057884
v -0.04196402058005333 -0.006249479949474335 0.00670373672619462
v -0.03820905461907387 -0.006403227802366018 0.005702934227883816
v -0.040286336094141006 -0.0008422371465712786 0.03327544406056404
v -0.03955340385437012 -0.0006878125132061541 0.03399011865258217
v -0.04297180101275444 -0.006461814045906067 0.00572105823084712
v -0.025729170069098473 -0.048556070774793625 0.010891872458159924
v -0.029571106657385826 -0.04430002719163895 0.00696526188403368
v -0.029507052153348923 -0.04919999837875366 0.007958343252539635
v -0.030789237469434738 -0.04944898560643196 0.006812502164393663
v -0.0351296029984951 -0.0455230288207531 0.0012893567327409983
v -0.035225749015808105 -0.05046466365456581 0.00208719028159976
v -0.03895407170057297 -0.051583729684352875 -0.0031939162872731686
v -0.039629675447940826 -0.04690241068601608 -0.00522640673443675
v -0.04190307855606079 -0.05278483405709267 -0.008930081501603127
v -0.042942456901073456 -0.04839867353439331 -0.012395456433296204
v -0.0428784042596817 -0.053298644721508026 -0.011402375064790249
v -0.044016510248184204 -0.05404505878686905 -0.015011859126389027
v -0.044973090291023254 -0.04996896907687187 -0.020012494176626205
v -0.04559936746954918 -0.05646830424666405 -0.02686632238328457
v -0.04566342383623123 -0.05156833305954933 -0.027859404683113098
v -0.045254044234752655 -0.055340368300676346 -0.02132323384284973
v -0.0449090376496315 -0.05486894026398659 -0.019019411876797676
v -0.03799492120742798 -0.06758597493171692 -0.024622881785035133
v -0.03503619134426117 -0.06841715425252914 -0.024458294734358788
v -0.03583129867911339 -0.06921671330928802 -0.02960742451250553
v -0.04065694287419319 -0.0660715252161026 -0.02492634952068329
v -0.0392112098634243 -0.06700016558170319 -0.02474002167582512
v -0.03883425518870354 -0.06811122596263885 -0.030246412381529808
v 0.04470294713973999 -0.06502151489257812 -0.025251176208257675
v 0.04584512859582901 -0.06400684267282486 -0.025458337739109993
v 0.04542916640639305 -0.0651976689696312 -0.031307198107242584
v -0.04286088049411774 -0.06396558880805969 -0.025350306183099747
v -0.04182527959346771 -0.065085269510746 -0.025124717503786087
v -0.041424669325351715 -0.06626605987548828 -0.030976684764027596
v 0.046851128339767456 -0.06286204606294632 -0.025691693648695946
v 0.0477982796728611 -0.061445362865924835 -0.025980081409215927
v 0.04736347123980522 -0.06269015371799469 -0.032093971967697144
v -0.04447312653064728 -0.06139585003256798 -0.02586904540657997
v -0.043844759464263916 -0.0625726580619812 -0.025631343945860863
v -0.04342599958181381 -0.06380695104598999 -0.03174848482012749
v -0.045395947992801666 -0.05851806327700615 -0.026451127603650093
v -0.04513202980160713 -0.05963357537984848 -0.026225373148918152
v -0.04470186308026314 -0.06090150400996208 -0.032509204000234604
v 0.048395682126283646 -0.06025347486138344 -0.02622244693338871
v 0.049008309841156006 -0.0584755577147007 -0.026583611965179443
v 0.04856165498495102 -0.05975427106022835 -0.03286410868167877
v 0.04939275607466698 -0.05529981106519699 -0.02722780406475067
v 0.04894205927848816 -0.056590091437101364 -0.03356512263417244
v 0.0484682135283947 -0.05715186893939972 -0.03630642965435982
v 0.04724648594856262 -0.06101995334029198 -0.03902428224682808
v 0.047614991664886475 -0.057867225259542465 -0.039781030267477036
v 0.04575395584106445 -0.05895520746707916 -0.04502922669053078
v 0.045087315142154694 -0.062249019742012024 -0.04494936391711235
v 0.04543628543615341 -0.05910741165280342 -0.04575973376631737
v 0.04212435334920883 -0.06341858208179474 -0.05052899941802025
v 0.04244651272892952 -0.060287557542324066 -0.051389846950769424
v 0.041354287415742874 -0.060640525072813034 -0.05306098237633705
v 0.038412801921367645 -0.06450685113668442 -0.05565923824906349
v 0.0387013778090477 -0.06138566881418228 -0.0565665028989315
v 0.03543828800320625 -0.062143050134181976 -0.06009303033351898
v 0.03402179107069969 -0.06549355387687683 -0.06024451181292534
v 0.03427064046263695 -0.06238130107522011 -0.06119326874613762
v 0.029033124446868896 -0.06636030972003937 -0.06419941037893295
v 0.02923683449625969 -0.06325589865446091 -0.06518395245075226
v 0.028233302757143974 -0.06340504437685013 -0.06585513800382614
v 0.023539729416370392 -0.0670909732580185 -0.06745027005672455
v 0.023693736642599106 -0.0639931783080101 -0.06846421957015991
v 0.017643939703702927 -0.06767193228006363 -0.06993652135133743
v 0.02001621574163437 -0.06437802314758301 -0.07012589275836945
v 0.017744598910212517 -0.06457938998937607 -0.0709729716181755
v 0.011455578729510307 -0.06809236854314804 -0.07161184400320053
v 0.011500246822834015 -0.06500363349914551 -0.07266345620155334
v 0.011102805845439434 -0.06502456963062286 -0.07274114340543747
v 0.005089926067739725 -0.06834445148706436 -0.07244504988193512
v 0.0050769979134202 -0.06525799632072449 -0.07350419461727142
v -0.0013344381004571915 -0.06842347234487534 -0.07242059707641602
v 0.0018356096697971225 -0.06531985849142075 -0.0736003890633583
v -0.0014054939383640885 -0.06533773243427277 -0.07347952574491501
v -0.00742923840880394 -0.06525253504514694 -0.07267061620950699
v -0.007697840221226215 -0.06832797080278397 -0.07153895497322083
v -0.007826471701264381 -0.06524136662483215 -0.07258991152048111
v -0.013881742022931576 -0.06805972754955292 -0.06981655210256577
v -0.01406632550060749 -0.0649707019329071 -0.07085191458463669
v -0.01633569598197937 -0.06482518464326859 -0.06998755782842636
v -0.019770950078964233 -0.06762373447418213 -0.06728545576334
v -0.020008819177746773 -0.06453076004981995 -0.06829791516065598
v -0.024541493505239487 -0.0640542283654213 -0.06565431505441666
v -0.025255758315324783 -0.06702811270952225 -0.06399282068014145
v -0.025543253868818283 -0.06392974406480789 -0.06497549265623093
v -0.030233997851610184 -0.06628395617008209 -0.059999994933605194
v -0.030566537752747536 -0.06317885965108871 -0.06094653904438019
v -0.03173128515481949 -0.06296930462121964 -0.059837426990270615
v -0.034612927585840225 -0.06540513783693314 -0.05538134649395943
v -0.03498508781194687 -0.062292084097862244 -0.05628609657287598
v -0.038310982286930084 -0.06440801173448563 -0.050222910940647125
v -0.03762877359986305 -0.0616120919585228 -0.052760422229766846
v -0.03871660307049751 -0.061285942792892456 -0.051080990582704544
v -0.041259270161390305 -0.06331116706132889 -0.044620782136917114
v -0.04169156774878502 -0.06017917022109032 -0.04542817920446396
v -0.04200732335448265 -0.06003475561738014 -0.04469526186585426
v -0.04340287297964096 -0.06213502585887909 -0.0386793278157711
v -0.04385456442832947 -0.05899238958954811 -0.03943295776844025
v -0.04516530781984329 -0.05774770304560661 -0.033207010477781296
v -0.04469866305589676 -0.058297913521528244 -0.0359518937766552
v -0.042161472141742706 -0.0650077536702156 -0.03775492310523987
v -0.04007473587989807 -0.06615269184112549 -0.04353877156972885
v -0.03720465674996376 -0.06722044199705124 -0.04899229109287262
v -0.0336047001183033 -0.06819111853837967 -0.05401388183236122
v -0.029341930523514748 -0.06904662400484085 -0.058510009199380875
v -0.024495752528309822 -0.06977103650569916 -0.06239692121744156
v -0.0191564429551363 -0.07035086303949356 -0.06560220569372177
v -0.013423459604382515 -0.07077529281377792 -0.06806616485118866
v -0.007403601426631212 -0.07103641331195831 -0.06974286586046219
v -0.0012090038508176804 -0.07112938165664673 -0.07060113549232483
v 0.005044938530772924 -0.07105245441198349 -0.0706249326467514
v 0.011241726577281952 -0.0708070620894432 -0.06981382519006729
v 0.01726592518389225 -0.07039777934551239 -0.06818294525146484
v 0.02300531603395939 -0.0698322281241417 -0.06576264649629593
v 0.02835298515856266 -0.06912095099687576 -0.06259802728891373
v 0.033209316432476044 -0.06827718764543533 -0.0587480403482914
v 0.03748383745551109 -0.06731665879487991 -0.05428440123796463
v 0.04109693691134453 -0.06625726073980331 -0.0492902547121048
v 0.04398129880428314 -0.06511872261762619 -0.04385863617062569
v 0.04608319327235222 -0.06392225623130798 -0.038090724498033524
v -0.040214959532022476 -0.06741480529308319 -0.03672275319695473
v -0.038218677043914795 -0.06851011514663696 -0.04225587472319603
v -0.03547301143407822 -0.06953158229589462 -0.0474729910492897
v -0.03202911466360092 -0.07046017050743103 -0.05227690190076828
v -0.027951130643486977 -0.07127859443426132 -0.056578125804662704
v -0.023315031081438065 -0.07197161018848419 -0.06029653921723366
v -0.01820717379450798 -0.07252629101276398 -0.06336287409067154
v -0.012722711078822613 -0.07293232530355453 -0.06572001427412033
v -0.006963806692510843 -0.0731821358203888 -0.06732405722141266
v -0.0010377393336966634 -0.07327107340097427 -0.06814511120319366
v 0.004945100750774145 -0.07319747656583786 -0.06816787272691727
v 0.010873263701796532 -0.07296272367238998 -0.06739193201065063
v 0.01663631945848465 -0.07257118076086044 -0.0658317431807518
v 0.02212691493332386 -0.07203014194965363 -0.06351636350154877
v 0.027242766693234444 -0.07134969532489777 -0.060488928109407425
v 0.031888578087091446 -0.07054251432418823 -0.056805841624736786
v 0.0359778068959713 -0.06962361931800842 -0.05253569409251213
v 0.0394342802464962 -0.06861014664173126 -0.047758039087057114
v 0.04219360649585724 -0.06752096116542816 -0.04256187379360199
v 0.044204387813806534 -0.06637636572122574 -0.03704399988055229
v -0.0376959852874279 -0.06919213384389877 -0.03565314784646034
v -0.03581758961081505 -0.07022276520729065 -0.04085952788591385
v -0.033234067261219025 -0.07118390500545502 -0.04576854780316353
v -0.029993541538715363 -0.07205766439437866 -0.05028877407312393
v -0.026156378909945488 -0.07282775640487671 -0.05433599650859833
v -0.02179405465722084 -0.07347983866930008 -0.05783482640981674
v -0.016987835988402367 -0.07400177419185638 -0.06072009354829788
v -0.011827250011265278 -0.07438382506370544 -0.06293803453445435
v -0.006408428307622671 -0.0746188834309578 -0.06444734334945679
v -0.0008323160000145435 -0.07470256835222244 -0.06521990150213242
v 0.004797216504812241 -0.07463331520557404 -0.06524132937192917
v 0.010375301353633404 -0.07441242784261703 -0.06451120972633362
v 0.01579802855849266 -0.07404401153326035 -0.06304316222667694
v 0.020964384078979492 -0.07353492081165314 -0.060864515602588654
v 0.02577812783420086 -0.07289465516805649 -0.0580158568918705
v 0.030149588361382484 -0.07213513553142548 -0.05455026030540466
v 0.03399733453989029 -0.07127051055431366 -0.05053228139877319
v 0.03724968805909157 -0.07031688839197159 -0.04603676497936249
v 0.039846066385507584 -0.06929202377796173 -0.04114745557308197
v 0.041738107800483704 -0.0682150200009346 -0.03595542535185814
v 0.042890556156635284 -0.06710593402385712 -0.030557407066226006
v 0.043281953781843185 -0.06598542630672455 -0.02505393885076046
v -0.03477621451020241 -0.07021862268447876 -0.034619010984897614
v -0.03303510695695877 -0.07117392867803574 -0.039444878697395325
v -0.03064039908349514 -0.0720648244023323 -0.04399512708187103
v -0.027636706829071045 -0.07287472486495972 -0.04818498715758324
v -0.024079984053969383 -0.0735885351896286 -0.051936421543359756
v -0.020036481320858 -0.07419296354055405 -0.05517954006791115
v -0.0155815239995718 -0.0746767520904541 -0.057853925973176956
v -0.010798100382089615 -0.07503087818622589 -0.059909772127866745
v -0.0057753147557377815 -0.07524875551462173 -0.061308782547712326
v -0.000606733316089958 -0.07532632350921631 -0.06202486902475357
v 0.004611364100128412 -0.07526213675737381 -0.06204472482204437
v 0.009781773202121258 -0.07505739480257034 -0.06136798486113548
v 0.01480818074196577 -0.07471589744091034 -0.06000721454620361
v 0.019596951082348824 -0.07424402236938477 -0.057987794280052185
v 0.024058882147073746 -0.0736505463719368 -0.05534733831882477
v 0.02811085432767868 -0.07294654101133347 -0.052135027945041656
v 0.03167738765478134 -0.07214510440826416 -0.048410698771476746
v 0.03469204530119896 -0.07126117497682571 -0.044243741780519485
v 0.03709866851568222 -0.07031121104955673 -0.03971176594495773
v 0.038852423429489136 -0.0693129226565361 -0.03489919379353523
v 0.03992064669728279 -0.06828489154577255 -0.029895687475800514
v 0.0402834415435791 -0.06724627315998077 -0.02479444444179535
v -0.02500038407742977 -0.04235804080963135 0.016252409666776657
v -0.039117004722356796 -0.04497325420379639 0.004259190056473017
v -0.0326097346842289 -0.043546658009290695 0.010878456756472588
v 0.037181686609983444 -0.04423856735229492 0.0029629694763571024
v 0.030812248587608337 -0.04314493387937546 0.008769911713898182
v 0.023473257198929787 -0.04231356829404831 0.013345315121114254
v 0.015410242602229118 -0.04177229106426239 0.016536103561520576
v 0.011228729970753193 -0.0406063012778759 0.022558920085430145
v 0.0353742353618145 -0.05724307894706726 -0.06108611449599266
v 0.04129023477435112 -0.05574055388569832 -0.05405406281352043
v 0.0456899031996727 -0.05405523627996445 -0.04602230712771416
v 0.048404160887002945 -0.052251897752285004 -0.0372995100915432
v -0.04476271569728851 -0.05339794233441353 -0.03694497421383858
v -0.042071375995874405 -0.05513478443026543 -0.04568834230303764
v -0.037692826241254807 -0.05671212077140808 -0.053753502666950226
v -0.03179534152150154 -0.05806932970881462 -0.060830507427453995
v 0.02816925011575222 -0.05850507691502571 -0.06684822589159012
v 0.019952161237597466 -0.059478048235177994 -0.07111897319555283
v 0.011038752272725105 -0.06012460216879845 -0.07373422384262085
v 0.0017715562134981155 -0.06041988730430603 -0.07459346950054169
v -0.007493291981518269 -0.06035256385803223 -0.07366369664669037
v -0.016399750486016273 -0.05992521345615387 -0.07098063826560974
v -0.02460554800927639 -0.05915425717830658 -0.06664739549160004
v 0.04932870343327522 -0.050399839878082275 -0.02822088450193405
v 0.04854530096054077 -0.048690930008888245 -0.019738418981432915
v 0.04619905725121498 -0.04705874249339104 -0.011533699929714203
v 0.04236846789717674 -0.045557886362075806 -0.003881230019032955
v -0.017005667090415955 -0.02769327163696289 0.01730920933187008
v -0.019551077857613564 -0.02572225034236908 0.01585634984076023
v -0.014152810908854008 -0.029423628002405167 0.01866372860968113
v -0.011156958527863026 -0.030817711725831032 0.019808927550911903
v -0.009941034950315952 -0.03127829357981682 0.020198380574584007
v -0.008016079664230347 -0.0318966805934906 0.020730309188365936
v -0.00482261972501874 -0.0326455719769001 0.021391985937952995
v -0.001528003136627376 -0.033085618168115616 0.02179621160030365
v -0.02752007357776165 -0.006803927943110466 0.007735585793852806
v 0.046538736671209335 -0.06180465966463089 -0.02045428939163685
v 0.04440571740269661 -0.06401542574167252 -0.020267847925424576
v -0.04034663736820221 -0.06505796313285828 -0.019945332780480385
v -0.04253474995493889 -0.0629003494977951 -0.020115330815315247
v -0.04413552209734917 -0.06029312685132027 -0.020449860021471977
v -0.04505190998315811 -0.057394322007894516 -0.020928656682372093
v -0.025599628686904907 -0.05063524842262268 0.011166675947606564
v 0.005150430835783482 -0.05448567122220993 0.01832791417837143
v -0.0010450829286128283 -0.054561883211135864 0.018351491540670395
v 0.011578823439776897 -0.05167977511882782 0.01845577545464039
v 0.011724377050995827 -0.04861679673194885 0.018718544393777847
v 0.011285749264061451 -0.05457978695631027 0.01746782474219799
v -0.024095159024000168 -0.05649315565824509 0.010309104807674885
v -0.018818626180291176 -0.05578190088272095 0.01347818598151207
v -0.013145027682185173 -0.055216237902641296 0.015903271734714508
v -0.007182597182691097 -0.05480696260929108 0.017538102343678474
v -0.03064087964594364 -0.05152484402060509 0.007102474104613066
v -0.041713401675224304 -0.054848287254571915 -0.008581575937569141
v -0.038775358349084854 -0.05365164950489998 -0.0028667422011494637
v -0.03506089746952057 -0.052536748349666595 0.0023947341833263636
v -0.04381897300481796 -0.05610382929444313 -0.014640740118920803
v -0.03476652130484581 -0.06753631681203842 -0.020129576325416565
v -0.03380009904503822 -0.06652478128671646 -0.015200871042907238
v -0.03214966878294945 -0.06554064154624939 -0.010451474227011204
v -0.02984672226011753 -0.06460267305374146 -0.005971978418529034
v -0.026935193687677383 -0.06372877210378647 -0.001847841078415513
v -0.023470619693398476 -0.06293560564517975 0.0018422630382701755
v -0.019519098103046417 -0.06223830580711365 0.005027934443205595
v -0.015156012028455734 -0.06165017932653427 0.007648399565368891
v -0.010464598424732685 -0.06118244305253029 0.009653670713305473
v -0.005534355528652668 -0.060844019055366516 0.01100548543035984
v -0.00045933693763799965 -0.060641366988420486 0.011678064242005348
v 0.004663639701902866 -0.060578349977731705 0.011658568866550922
v 0.009736843407154083 -0.060656171292066574 0.010947372764348984
v 0.014663489535450935 -0.06087334454059601 0.009558048099279404
v 0.0193495936691761 -0.06122572720050812 0.0075170923955738544
v 0.02370576001703739 -0.06170659884810448 0.00486344750970602
v 0.02764888107776642 -0.06230678781867027 0.0016477340832352638
v 0.03110373765230179 -0.06301483511924744 -0.0020687009673565626
v 0.034004416316747665 -0.06381724029779434 -0.006214955821633339
v 0.036295585334300995 -0.06469869613647461 -0.01071193441748619
v 0.037933532148599625 -0.06564238667488098 -0.015473844483494759
v 0.038887009024620056 -0.06663031131029129 -0.020409855991601944
v 0.048913437873125076 -0.056238457560539246 -0.02128622867166996
v 0.04906198009848595 -0.05418018996715546 -0.021682143211364746
v 0.04560736194252968 -0.0537741594016552 -0.008913864381611347
v 0.046263109892606735 -0.05195871368050575 -0.010540618561208248
v 0.04769701510667801 -0.05497809499502182 -0.014988992363214493
v 0.04784101992845535 -0.052915122359991074 -0.01536141149699688
v 0.048609353601932526 -0.05359090119600296 -0.018745336681604385
v 0.03898373246192932 -0.05162592604756355 0.0021129664964973927
v 0.03909521922469139 -0.04955044388771057 0.0018043710151687264
v 0.042684346437454224 -0.052649617195129395 -0.0031767270993441343
v 0.04280964657664299 -0.050577957183122635 -0.0035050581209361553
v 0.04574356973171234 -0.051706694066524506 -0.00926361046731472
v 0.029545575380325317 -0.04995691031217575 0.01095682755112648
v 0.03087630309164524 -0.04804490506649017 0.009762993082404137
v 0.034576110541820526 -0.05072261393070221 0.0068542989902198315
v 0.034671153873205185 -0.04864376038312912 0.006563400849699974
v 0.0372457392513752 -0.04913853853940964 0.003956051077693701
v 0.011734130792319775 -0.04653008654713631 0.01847192645072937
v 0.018009671941399574 -0.04889386147260666 0.016946077346801758
v 0.015474296174943447 -0.046672262251377106 0.017529183998703957
v 0.018042882904410362 -0.046808186918497086 0.016692841425538063
v 0.023988088592886925 -0.049343425780534744 0.014342281967401505
v 0.0240436103194952 -0.04725942760705948 0.014079329557716846
v 0.02962183952331543 -0.04787519946694374 0.010681240819394588
v -0.025047075003385544 -0.053660474717617035 0.011045154184103012
v -0.029994037002325058 -0.05453342944383621 0.0070569696836173534
v -0.03433138504624367 -0.055526405572891235 0.0024372816551476717
v -0.03797636553645134 -0.05662045627832413 -0.0027257781475782394
v -0.04085945338010788 -0.057794712483882904 -0.008333721198141575
v -0.0429256446659565 -0.059026770293712616 -0.014279559254646301
v 0.04807230457663536 -0.05915888026356697 -0.020800745114684105
v 0.0468786284327507 -0.057922087609767914 -0.014621298760175705
v 0.044828061014413834 -0.05674067139625549 -0.008659793995320797
v 0.041959717869758606 -0.055637165904045105 -0.003029964864253998
v 0.038328323513269424 -0.05463262274861336 0.00216078432276845
v 0.03400314226746559 -0.05374620482325554 0.006813436280936003
v 0.029066696763038635 -0.05299482122063637 0.010839230380952358
v 0.023613154888153076 -0.052392810583114624 0.014161366038024426
v 0.017746558412909508 -0.051951657980680466 0.01671646349132061
v -0.02887396328151226 -0.057336438447237015 0.006456487346440554
v -0.033063873648643494 -0.058295659720897675 0.0019938326440751553
v -0.03658495843410492 -0.05935252457857132 -0.0029937319923192263
v -0.03937004134058952 -0.06048686057329178 -0.008411046117544174
v -0.04136600345373154 -0.06167703866958618 -0.014154773205518723
v 0.04538564383983612 -0.060609910637140274 -0.014484895393252373
v 0.043404776602983475 -0.05946865305304527 -0.008726035244762897
v 0.04063393920660019 -0.0584026537835598 -0.00328757893294096
v 0.037125974893569946 -0.057432256639003754 0.001726733986288309
v 0.03294781967997551 -0.056575972586870193 0.006221232004463673
v 0.028179172426462173 -0.05585012957453728 0.010110181756317616
v 0.022911008447408676 -0.05526858568191528 0.013319388963282108
v 0.017243830487132072 -0.054842427372932434 0.015787631273269653
v 0.0433085560798645 -0.06287863850593567 -0.01458804402500391
v 0.04142379015684128 -0.06179274246096611 -0.009108555503189564
v 0.038787368685007095 -0.060778457671403885 -0.003933926112949848
v 0.03544958308339119 -0.0598551370203495 0.0008371259900741279
v 0.03147411718964577 -0.05904038995504379 0.005113589111715555
v 0.026936808601021767 -0.05834976211190224 0.008813876658678055
v 0.02192421443760395 -0.0577964261174202 0.011867397464811802
v 0.016531962901353836 -0.05739094316959381 0.01421590056270361
v 0.010862922295928001 -0.05714104324579239 0.015814583748579025
v 0.005025239195674658 -0.05705149471759796 0.01663294807076454
v -0.0008697168668732047 -0.05712401121854782 0.01665538176894188
v -0.006709488574415445 -0.05735720321536064 0.015881452709436417
v -0.012382668443024158 -0.05774662271142006 0.014325931668281555
v -0.017781030386686325 -0.05828484147787094 0.012018490582704544
v -0.022801585495471954 -0.058961592614650726 0.009003149345517159
v -0.027348559349775314 -0.059763964265584946 0.005337431561201811
v -0.03133520856499672 -0.06067665293812752 0.0010912672150880098
v -0.03468547761440277 -0.06168224662542343 -0.0036543342284858227
v -0.03733545541763306 -0.06276155263185501 -0.008808847516775131
v -0.03923458233475685 -0.06389399617910385 -0.014273936860263348
v 0.0418025366961956 -0.06565714627504349 -0.020252734422683716
v 0.040773291140794754 -0.06459072232246399 -0.014924493618309498
v 0.03900518640875816 -0.06357204169034958 -0.009784173220396042
v 0.036531951278448105 -0.06262054294347763 -0.004929844290018082
v 0.0334007702767849 -0.06175437197089195 -0.0004541093949228525
v 0.029671378433704376 -0.06099005788564682 0.003557646181434393
v 0.02541491761803627 -0.060342177748680115 0.0070288958959281445
v 0.0207125935703516 -0.05982309207320213 0.009893410839140415
v 0.01565411128103733 -0.059442706406116486 0.012096547521650791
v 0.010335970669984818 -0.059208277612924576 0.013596276752650738
v 0.004859629087150097 -0.05912427231669426 0.014363984577357769
v -0.000670441600959748 -0.059192296117544174 0.01438502874225378
v -0.006148742977529764 -0.059411052614450455 0.013659006915986538
v -0.011470764875411987 -0.059776369482278824 0.012199767865240574
v -0.01653497852385044 -0.06028127670288086 0.010035151615738869
v -0.021244773641228676 -0.06091613695025444 0.00720645347610116
v -0.02551029995083809 -0.061668846756219864 0.003767633344978094
v -0.029250184074044228 -0.06252504140138626 -0.00021569895034190267
v -0.03239307925105095 -0.06346838921308517 -0.004667558707296848
v -0.03487902507185936 -0.06448089331388474 -0.009503016248345375
v -0.03666060417890549 -0.06554323434829712 -0.014629828743636608
v -0.03770381957292557 -0.06663515418767929 -0.019950183108448982
v 0.04063212499022484 -0.01440371759235859 0.03666495531797409
v 0.04163238778710365 -0.014338189736008644 0.03692375868558884
v 0.03989919275045395 -0.014558142051100731 0.03595028072595596
v 0.04336300864815712 -0.014515534043312073 0.035937100648880005
v 0.04263196140527725 -0.014379117637872696 0.03665734454989433
v -0.039361245930194855 -0.01538771390914917 0.03696935996413231
v -0.03836097940802574 -0.015322186052799225 0.037228163331747055
v -0.040094174444675446 -0.015542138367891312 0.03625468537211418
v -0.036630358546972275 -0.015499530360102654 0.03624150529503822
v -0.03736140951514244 -0.015363113954663277 0.03696174919605255
v 0.008288721553981304 -0.06326977163553238 -0.028657400980591774
v 0.006343396846204996 -0.06377749890089035 -0.0310370996594429
v 0.0004200743278488517 -0.06411884725093842 -0.03233930468559265
v 0.003535109106451273 -0.06408052891492844 -0.03235115855932236
v -0.0023847369011491537 -0.06388486176729202 -0.031003886833786964
v -0.004323796834796667 -0.06342491507530212 -0.02860940620303154
v 0.00673066359013319 -0.05657172203063965 -0.028234431520104408
v 0.006229651626199484 -0.05681741610169411 -0.029414404183626175
v 0.0054337927140295506 -0.05703289806842804 -0.030426274985074997
v 0.00439732288941741 -0.05720347911119461 -0.031201088801026344
v 0.003190875519067049 -0.05731753632426262 -0.03168604522943497
v 0.0018966685747727752 -0.05736729875206947 -0.03184809908270836
v 0.0006028997013345361 -0.057349368929862976 -0.03167619928717613
v -0.0006022627931088209 -0.05726497620344162 -0.0311820637434721
v -0.0016366889467462897 -0.05711986869573593 -0.030399369075894356
v -0.0024298846255987883 -0.05692393705248833 -0.02938145026564598
v -0.002927794586867094 -0.056690528988838196 -0.028197677806019783
v -0.002804756397381425 -0.056192051619291306 -0.02826349437236786
v -0.0024557998403906822 -0.05581018328666687 -0.02824469283223152
v -0.0020076809450984 -0.05602024868130684 -0.029310083016753197
v -0.0012938047293573618 -0.05619658902287483 -0.030226215720176697
v -0.0003628208942245692 -0.05632718652486801 -0.030930638313293457
v 0.0007218251703307033 -0.05640313774347305 -0.03137536346912384
v 0.0018862171564251184 -0.05641927197575569 -0.031530071049928665
v 0.003051003674045205 -0.05637448653578758 -0.03138422593474388
v 0.004136805888265371 -0.056271836161613464 -0.030947761610150337
v 0.005069628823548555 -0.05611831322312355 -0.0302504301071167
v 0.00578590203076601 -0.05592437833547592 -0.0293397419154644
v 0.006236812565475702 -0.05570325627923012 -0.028277771547436714
v -0.0023201878648251295 -0.05641920492053032 -0.029415547847747803
v -0.0015482462476938963 -0.05660988762974739 -0.03040619194507599
v -0.0005415371269918978 -0.05675110965967178 -0.03116791881620884
v 0.0006313330377452075 -0.056833237409591675 -0.03164880722761154
v 0.0018904354656115174 -0.05685068666934967 -0.03181610256433487
v 0.0031499643810093403 -0.056802257895469666 -0.031658392399549484
v 0.004324084613472223 -0.056691255420446396 -0.031186433508992195
v 0.005332782864570618 -0.05652524530887604 -0.030432377010583878
v 0.006107316818088293 -0.05631553754210472 -0.029447617009282112
v 0.006594903767108917 -0.056076426059007645 -0.02829926274716854
v 0.008413290604948997 -0.06429745256900787 -0.021584972739219666
v 0.0039365352131426334 -0.06366945803165436 -0.018197640776634216
v 0.005715500097721815 -0.06379403173923492 -0.018927043303847313
v 0.011797390878200531 -0.06712256371974945 -0.022118454799056053
v 0.010792949236929417 -0.06665170192718506 -0.019730407744646072
v 0.009192823432385921 -0.06625644117593765 -0.017676949501037598
v -0.00667607644572854 -0.06686659157276154 -0.01966393180191517
v -0.0076867747120559216 -0.0673622339963913 -0.022044310346245766
v 0.007106057833880186 -0.06596371531486511 -0.01609799824655056
v 0.0046748630702495575 -0.0657934695482254 -0.015101171098649502
v 0.0020649218931794167 -0.06575730443000793 -0.014754392206668854
v -0.0005459035164676607 -0.06585768610239029 -0.015081304125487804
v -0.0029796892777085304 -0.06608778238296509 -0.016059618443250656
v -0.005070577375590801 -0.06643189489841461 -0.017622672021389008
v 0.006279374938458204 -0.06519056856632233 -0.017686979845166206
v 0.004239163361489773 -0.06504770368337631 -0.016850462183356285
v 0.002048950642347336 -0.06501735746860504 -0.016559455543756485
v -0.00014200351142790169 -0.06510159373283386 -0.01683378964662552
v -0.0021843898575752974 -0.06529468297958374 -0.017654772847890854
v -0.003939022775739431 -0.06558346003293991 -0.01896645873785019
v 0.0020267765503376722 -0.06364300101995468 -0.01794389821588993
v 0.00011637096758931875 -0.06371644884347916 -0.018183104693889618
v -0.0016644904389977455 -0.06388481706380844 -0.018898960202932358
v -0.0031944443471729755 -0.06413660943508148 -0.02004268206655979
v -0.006134485360234976 -0.06636418402194977 -0.02267700992524624
v -0.00510878162458539 -0.06481736153364182 -0.02327810414135456
v -0.004369228612631559 -0.06445468962192535 -0.02153633162379265
v -0.005286326631903648 -0.0659482479095459 -0.020679447799921036
v 0.007242437917739153 -0.06400822848081589 -0.020082399249076843
v 0.008030547760426998 -0.0654362216591835 -0.019012007862329483
v 0.009373343549668789 -0.06576791405677795 -0.020735234022140503
v 0.010216251946985722 -0.06616304814815521 -0.0227392315864563
v 0.009148265235126019 -0.06464198976755142 -0.02333235740661621
v -0.035802606493234634 0.011868580244481564 0.03528473526239395
v -0.035648878663778305 0.00010865453077713028 0.0376681312918663
v -0.03552263602614403 0.011663460172712803 0.034254591912031174
v -0.0353689081966877 -9.646565740695223e-05 0.036637987941503525
v -0.03475503623485565 0.011520221829414368 0.033498335629701614
v -0.034601304680109024 -0.0002397032076260075 0.03588172793388367
v -0.03370548412203789 0.01147724874317646 0.03321859985589981
v -0.03355175629258156 -0.00028267703601159155 0.03560199588537216
v -0.03265520930290222 0.011546052061021328 0.033490344882011414
v -0.03250148147344589 -0.00021387332526501268 0.035873737186193466
v -0.03188563138246536 0.011708198115229607 0.03424075245857239
v -0.03173190355300903 -5.172696910449304e-05 0.03662414848804474
v -0.03160296007990837 0.01192023977637291 0.03526875376701355
v -0.03144923225045204 0.00016031427367124707 0.0376521497964859
v 0.034191589802503586 0.012729576788842678 0.03501838073134422
v 0.034345317631959915 0.0009696510969661176 0.037401776760816574
v 0.03447156026959419 0.012524456717073917 0.033988237380981445
v 0.03462529182434082 0.0007645309087820351 0.036371633410453796
v 0.03523916378617287 0.012381218373775482 0.033231981098651886
v 0.035392891615629196 0.0006212933803908527 0.03561537340283394
v 0.03628871589899063 0.012338245287537575 0.03295224532485008
v 0.03644244372844696 0.0005783195374533534 0.035335641354322433
v 0.037338986992836 0.012407048605382442 0.033223990350961685
v 0.03749271482229233 0.0006471232627518475 0.03560738265514374
v 0.03810856491327286 0.012569194659590721 0.03397439792752266
v 0.038262296468019485 0.0008092696079984307 0.03635779395699501
v 0.03839123994112015 0.012781236320734024 0.03500240296125412
v 0.03854496777057648 0.0010213108034804463 0.03738579526543617
v -0.04285087808966637 0.00542042963206768 0.0019095487659797072
v -0.042692024260759354 -0.006731492467224598 0.004372389521449804
v -0.04257090389728546 0.00521530956029892 0.0008794055902399123
v -0.04241205006837845 -0.006936613004654646 0.003342246636748314
v -0.04180330038070679 0.005072071682661772 0.00012314609193708748
v -0.041644446551799774 -0.0070798504166305065 0.0025859870947897434
v -0.04075375199317932 0.0050290971994400024 -0.000156590758706443
v -0.04059489816427231 -0.007122824899852276 0.0023062501568347216
v -0.039703477174043655 0.005097901914268732 0.00011515546793816611
v -0.03954462334513664 -0.0070540206506848335 0.0025779963470995426
v -0.038933899253606796 0.005260047968477011 0.0008655654382891953
v -0.03877504542469978 -0.0068918741308152676 0.0033284062519669533
v -0.038651224225759506 0.005472089163959026 0.0018935675034299493
v -0.03849237412214279 -0.006679832935333252 0.00435640849173069
v -0.04076721519231796 0.006682823412120342 0.0016509427223354578
v 0.03417487442493439 0.010147145949304104 0.0222774725407362
v 0.03432860225439072 -0.0016127789858728647 0.0246608667075634
v 0.034454844892024994 0.009942025877535343 0.02124732919037342
v 0.03460857272148132 -0.0018178991740569472 0.023630723357200623
v 0.03522244468331337 0.009798788465559483 0.020491069182753563
v 0.03537617623806 -0.0019611367024481297 0.022874465212225914
v 0.036271996796131134 0.009755814447999 0.020211337134242058
v 0.03642572462558746 -0.002004110487177968 0.02259473130106926
v 0.0373222716152668 0.009824618697166443 0.020483078435063362
v 0.03747599944472313 -0.0019353068200871348 0.022866474464535713
v 0.03809184953570366 0.009986764751374722 0.021233489736914635
v 0.03824557736515999 -0.0017731605330482125 0.023616883903741837
v 0.03837452083826065 0.010198806412518024 0.022261491045355797
v 0.03852824866771698 -0.001561119221150875 0.024644885212183
v 0.007878112606704235 0.03813083842396736 0.009037082083523273
v 0.007911485619843006 0.043286047875881195 0.03447127714753151
v 0.007048244122415781 0.04312397167086601 0.03450526297092438
v 0.00684527400881052 0.03792255371809006 0.009207275696098804
v 0.006153245456516743 0.04254671558737755 0.034623436629772186
v 0.006002495996654034 0.03730682656168938 0.009421893395483494
v 0.005587142892181873 0.04165519401431084 0.03480488061904907
v 0.005504337605088949 0.03639863803982735 0.009653212502598763
v 0.00544371921569109 0.040805310010910034 0.03497733175754547
v 0.005410687532275915 0.03570280969142914 0.009803160093724728
v -0.03651081770658493 0.012952348217368126 0.04067784175276756
v -0.03656322509050369 0.004856632556766272 0.0007360923336818814
v -0.037320878356695175 0.013074029237031937 0.04065424203872681
v -0.036726102232933044 0.004828398581594229 0.0005814802134409547
v -0.038943883031606674 0.007679998409003019 -0.002273146528750658
v -0.03888839855790138 0.01625077612698078 0.0400124117732048
v -0.03909863159060478 0.006801675073802471 -0.0022797284182161093
v -0.039042118936777115 0.01546191330999136 0.040172506123781204
v -0.03884347528219223 0.014444108121097088 0.04037854075431824
v -0.038278769701719284 0.005152365658432245 -0.0010738535784184933
v -0.03850477933883667 0.005334726069122553 -0.0013512242585420609
v -0.03896094113588333 0.006022295448929071 -0.0019800413865596056
v -0.037739790976047516 0.004896608181297779 -0.0004575861385092139
v -0.038233354687690735 0.013597683049738407 0.040549300611019135
v 0.005752273835241795 0.026697786524891853 0.011608517728745937
v 0.005515136756002903 0.02771265059709549 0.011422532610595226
v 0.00554816797375679 0.032815154641866684 0.03659670427441597
v 0.005787668749690056 0.0317995622754097 0.03680223599076271
v 0.006569148041307926 0.03087073750793934 0.036989472806453705
v 0.006393674295395613 0.025862885639071465 0.011717144399881363
v 0.007327855098992586 0.02535236068069935 0.011717740446329117
v 0.007540819235146046 0.030446799471974373 0.03707412630319595
v 0.007507532835006714 0.025304904207587242 0.011705609038472176
v 0.04019046947360039 0.009823428466916084 0.018987752497196198
v 0.03908511996269226 0.009484359063208103 0.018690496683120728
v 0.039113592356443405 0.013882601633667946 0.04039006307721138
v 0.03992021456360817 0.014024169184267521 0.04036031290888786
v 0.0408187098801136 0.014570100232958794 0.040248479694128036
v 0.04091046750545502 0.010411455295979977 0.019108548760414124
v 0.041406504809856415 0.01543126069009304 0.04007316008210182
v 0.041298381984233856 0.010998349636793137 0.019120050594210625
v 0.04157848283648491 0.01645362377166748 0.03986571356654167
v 0.04155220836400986 0.012000483460724354 0.019016413018107414
v 0.04140418767929077 0.017238451167941093 0.039706867188215256
v 0.04137670621275902 0.01299284491688013 0.018760358914732933
v 0.041381072252988815 0.012982322834432125 0.018764032050967216
v -0.026859741657972336 0.006644912529736757 0.007952592335641384
v -0.027825888246297836 0.0063234660774469376 0.007410051301121712
v -0.02778227999806404 0.01305971760302782 0.040644627064466476
v -0.026924777776002884 0.013219642452895641 0.040611088275909424
v -0.02607366256415844 0.01375054195523262 0.04050236567854881
v -0.026010587811470032 0.007339466363191605 0.008326061069965363
v -0.025562813505530357 0.014444148167967796 0.040361106395721436
v -0.025604698807001114 0.00797373428940773 0.008438092656433582
v -0.001218351535499096 0.04371974617242813 0.03439535200595856
v -0.0012511969543993473 0.03864599019289017 0.00936301238834858
v -0.0010949443094432354 0.04372425004839897 0.0343942753970623
v -0.0011894352501258254 0.038649462163448334 0.009364648722112179
v -0.00112778355833143 0.038651421666145325 0.009366516023874283
v 0.00020914827473461628 0.026206929236650467 0.01191818155348301
v -0.0008073088829405606 0.025907181203365326 0.01195474248379469
v -0.0007744765607640147 0.03097892925143242 0.03697717934846878
v 4.532423918135464e-05 0.031178900972008705 0.03693557158112526
v 0.000882859225384891 0.03176653012633324 0.03681536763906479
v 0.0010106689296662807 0.026890719309449196 0.011784919537603855
v 0.0014074377249926329 0.032635319977998734 0.03663858771324158
v 0.001449685893021524 0.027834994718432426 0.011591174639761448
v 0.0015395168447867036 0.03345312923192978 0.03647265210747719
v 0.0015067217173054814 0.02838713862001896 0.011478624306619167
v 0.028097059577703476 0.00999854039400816 0.014964954927563667
v 0.02813011407852173 0.015104623511433601 0.040156785398721695
v 0.028693176805973053 0.01439343485981226 0.04030019789934158
v 0.028813760727643967 0.009209709241986275 0.01535777561366558
v 0.0294802263379097 0.013929431326687336 0.04039321094751358
v 0.029756922274827957 0.00883821863681078 0.01574249379336834
v 0.030385056510567665 0.013775232248008251 0.040423277765512466
v 0.030352937057614326 0.008813561871647835 0.01594393514096737
v 0.009276628494262695 -0.022150302305817604 0.05028349533677101
v 0.009303300641477108 -0.024190712720155716 0.05069702863693237
v 0.009800268337130547 -0.024038830772042274 0.05069098249077797
v 0.010740993544459343 -0.021606838330626488 0.050396982580423355
v 0.011252068914473057 -0.023477887734770775 0.05095672234892845
v 0.011298330500721931 -0.021349415183067322 0.05055803433060646
v 0.012060106731951237 -0.023081716150045395 0.0513216070830822
v 0.01200008112937212 -0.020980529487133026 0.05087396129965782
v 0.012501273304224014 -0.022835036739706993 0.05160894989967346
v 0.012794481590390205 -0.020491313189268112 0.051434874534606934
v 0.012822646647691727 -0.022639095783233643 0.05187026038765907
v 0.013124540448188782 -0.020259464159607887 0.05176052823662758
v 0.013478543609380722 -0.022182928398251534 0.052606068551540375
v 0.013849630951881409 -0.019651835784316063 0.052857961505651474
v 0.014082055538892746 -0.021632427349686623 0.05383779853582382
v 0.014221335761249065 -0.01917501911520958 0.05418165773153305
v 0.01428469642996788 -0.02125251479446888 0.055196624249219894
v 0.014255783520638943 -0.019040759652853012 0.05474836751818657
v 0.014067396521568298 -0.017878463491797447 0.061036378145217896
v 0.014262213371694088 -0.01804751716554165 0.05964871868491173
v 0.014291126281023026 -0.020259272307157516 0.06009697914123535
v 0.014260292053222656 -0.0201632808893919 0.060652270913124084
v 0.013893375173211098 -0.02006666176021099 0.062064673751592636
v 0.013476012274622917 -0.01792975887656212 0.06238626316189766
v 0.013170905411243439 -0.020166462287306786 0.06331155449151993
v 0.0128098726272583 -0.018092671409249306 0.06326933950185776
v 0.012838323600590229 -0.020240418612957 0.0637042373418808
v 0.012509748339653015 -0.018177665770053864 0.0635707750916481
v 0.012054584920406342 -0.020440207794308662 0.06440065056085587
v 0.011272292584180832 -0.018554626032710075 0.06443746387958527
v 0.010789615102112293 -0.020792394876480103 0.06508488208055496
v 0.009322590194642544 -0.021210987120866776 0.06539806723594666
v 0.009295918047428131 -0.019170576706528664 0.06498453766107559
v 0.01204997580498457 -0.020441442728042603 0.06440401077270508
v 0.009824475273489952 -0.01900685392320156 0.06492189317941666
v -0.00570283830165863 -0.01935507543385029 0.06504161655902863
v -0.00567616568878293 -0.0213954858481884 0.06545514613389969
v -0.006176813505589962 -0.02126576192677021 0.06540411710739136
v -0.0071797906421124935 -0.018935615196824074 0.06473296880722046
v -0.007640870753675699 -0.0208891611546278 0.06494836509227753
v -0.007742588873952627 -0.018775274977087975 0.06448724865913391
v -0.008456733077764511 -0.020686710253357887 0.06446215510368347
v -0.008451763540506363 -0.01857621967792511 0.06405621767044067
v -0.00890248641371727 -0.02058250829577446 0.06410370022058487
v -0.009255331940948963 -0.018364064395427704 0.06335315853357315
v -0.009227343834936619 -0.02051188424229622 0.06378836929798126
v -0.00958944670855999 -0.018285643309354782 0.06296461820602417
v -0.009890735149383545 -0.020394764840602875 0.06293636560440063
v -0.010323971509933472 -0.01817157492041588 0.06172092258930206
v -0.010501604527235031 -0.020382525399327278 0.061590585857629776
v -0.010700791142880917 -0.01825716160237789 0.060317933559417725
v -0.010706801898777485 -0.020566770806908607 0.06019210442900658
v -0.010735714808106422 -0.01835501566529274 0.05974384769797325
v -0.010544574819505215 -0.019727902486920357 0.0534985177218914
v -0.010742144659161568 -0.019348258152604103 0.054843492805957794
v -0.01071323174983263 -0.02156001329421997 0.05529175326228142
v -0.007174101658165455 -0.023904697969555855 0.0508870966732502
v -0.005695455241948366 -0.02437521144747734 0.05075410380959511
v -0.005722127854824066 -0.02233480103313923 0.050340570509433746
v -0.010681992396712303 -0.021687021479010582 0.05474274232983589
v -0.010310434736311436 -0.022138671949505806 0.053402289748191833
v -0.009945226833224297 -0.020285774022340775 0.052272092550992966
v -0.009579351171851158 -0.02269781567156315 0.052288968116045
v -0.009270722046494484 -0.020762823522090912 0.05151871591806412
v -0.009243023581802845 -0.022910429164767265 0.05195435881614685
v -0.008967027999460697 -0.020950891077518463 0.05127262696623802
v -0.008450981229543686 -0.023345815017819405 0.05138668045401573
v -0.007745221722871065 -0.021591000258922577 0.05062501132488251
v -0.008446325547993183 -0.023348143324255943 0.05138404294848442
v -0.00771610252559185 -0.021604306995868683 0.05061475932598114
v -0.00625494122505188 -0.02217293530702591 0.050337228924036026
v -0.0010321886511519551 -0.02320985496044159 0.05051178112626076
v -0.0012237669434398413 -0.025160936638712883 0.05090749263763428
v 0.0017914088675752282 -0.023325659334659576 0.050531547516584396
v 0.0018170303665101528 -0.02528565004467964 0.05092878267168999
v 0.004611071199178696 -0.02314043790102005 0.050490304827690125
v 0.004853589925915003 -0.02508617751300335 0.050884366035461426
v 0.0046303607523441315 -0.02016071230173111 0.065191350877285
v 0.004872879013419151 -0.02210645191371441 0.0655854120850563
v 0.001810698420740664 -0.020345933735370636 0.06523258984088898
v 0.0018363198032602668 -0.0223059244453907 0.06562982499599457
v -0.0010128992144018412 -0.02023012936115265 0.06521282345056534
v -0.0012044775066897273 -0.022181211039423943 0.06560853868722916
v -0.0014292169362306595 0.035137906670570374 -0.08120349794626236
v -0.0014010071754455566 0.03297991305589676 -0.08076613396406174
v -0.0013394404668360949 0.03299745172262192 -0.08128103613853455
v -0.0014094311045482755 0.0350782610476017 -0.08148004114627838
v -0.001291512744501233 0.032985370606184006 -0.08144105225801468
v -0.001317553804256022 0.03499160334467888 -0.08184820413589478
v -0.0010771186789497733 0.034871745854616165 -0.08230771869421005
v -0.0009519142331555486 0.03286804258823395 -0.0820368155837059
v -0.0007795995334163308 0.03477900102734566 -0.08263780176639557
v -0.0007539143553003669 0.03280754014849663 -0.08223830908536911
v -0.00032709556398913264 0.03469051420688629 -0.08293824642896652
v -0.00026048457948490977 0.03270791471004486 -0.08255676925182343
v 8.093544602161273e-05 0.0346476212143898 -0.08308488130569458
v 0.0001067826960934326 0.032668326050043106 -0.0826837345957756
v 0.0005697598098777235 0.0346340611577034 -0.0831446722149849
v 0.0005956480745226145 0.03265365585684776 -0.08274330198764801
v 0.0008445220300927758 0.03464362397789955 -0.08312761038541794
v 0.0010843718191608787 0.0326804593205452 -0.08268715441226959
v 0.0010585500858724117 0.034659646451473236 -0.08308859914541245
v 0.001451739575713873 0.032729003578424454 -0.08256321400403976
v 0.0017282930202782154 0.03476418927311897 -0.08279519528150558
v 0.00194502470549196 0.032840657979249954 -0.08224883675575256
v 0.002142799785360694 0.03290611132979393 -0.08204858750104904
v 0.0023608168121427298 0.03497917577624321 -0.0820842757821083
v 0.0024293791502714157 0.0330134779214859 -0.08159304410219193
v 0.0025986614637076855 0.033029112964868546 -0.08078135550022125
v 0.0025704517029225826 0.03518710657954216 -0.08121871203184128
v -0.025271814316511154 0.02512536756694317 -0.08293840289115906
v -0.025501931086182594 0.023990020155906677 -0.08313021808862686
v -0.024783069267868996 0.023901043459773064 -0.08342166244983673
v -0.018223874270915985 0.03181975334882736 -0.07607594132423401
v -0.01943739503622055 0.03176049515604973 -0.07791291922330856
v -0.019206656143069267 0.03109576366841793 -0.07766962051391602
v -0.020430728793144226 0.0306435264647007 -0.07945076376199722
v -0.02006889507174492 0.030133763328194618 -0.07900908589363098
v -0.02132931724190712 0.029219038784503937 -0.08076775819063187
v -0.02097577042877674 0.028706617653369904 -0.08034324645996094
v -0.022110074758529663 0.027521874755620956 -0.08182963728904724
v -0.021561462432146072 0.027470383793115616 -0.08114837110042572
v -0.022738952189683914 0.025625893846154213 -0.08258997648954391
v -0.022292587906122208 0.025337770581245422 -0.08204745501279831
v -0.023201903328299522 0.023571966215968132 -0.08303144574165344
v -0.022618554532527924 0.023973753675818443 -0.08237403631210327
v -0.023477502167224884 0.021454572677612305 -0.08313343673944473
v -0.022982094436883926 0.02143143303692341 -0.08255472034215927
v -0.02423974499106407 0.021506698802113533 -0.08350859582424164
v -0.0243238415569067 0.019570525735616684 -0.08331306278705597
v -0.023713264614343643 0.01982201263308525 -0.08309251815080643
v -0.02508857659995556 0.021577399224042892 -0.08353210985660553
v -0.025177599862217903 0.019388318061828613 -0.08329835534095764
v -0.024608606472611427 0.019488655030727386 -0.08334685117006302
v -0.025516744703054428 0.019371023401618004 -0.08319444954395294
v -0.02581024542450905 0.021647535264492035 -0.08323948085308075
v -0.025903239846229553 0.019398631528019905 -0.08299464732408524
v -0.02060733549296856 0.0328783355653286 -0.07782942056655884
v -0.019440768286585808 0.0337156243622303 -0.0759740099310875
v -0.01977379061281681 0.03385085240006447 -0.07581793516874313
v -0.018818235024809837 0.033224280923604965 -0.07618606090545654
v -0.018387457355856895 0.03252696245908737 -0.07621338963508606
v -0.019936276599764824 0.03241720423102379 -0.0779825896024704
v -0.02099415846168995 0.03123784251511097 -0.07960931211709976
v -0.021710114553570747 0.03165575489401817 -0.0795091912150383
v -0.021951230242848396 0.029731538146734238 -0.08100319653749466
v -0.022707056254148483 0.030094962567090988 -0.08094827830791473
v -0.022782880812883377 0.02793518826365471 -0.08212757855653763
v -0.023572834208607674 0.0282342080026865 -0.08210880309343338
v -0.023452818393707275 0.025927111506462097 -0.08293293416500092
v -0.024269960820674896 0.026154575869441032 -0.08293966948986053
v -0.02394605055451393 0.023750830441713333 -0.08340060710906982
v -0.024983933195471764 0.026262717321515083 -0.0826476439833641
v -0.02304873615503311 0.020281733945012093 -0.08246496319770813
v -0.02427976205945015 0.02836146019399166 -0.081814244389534
v -0.023404531180858612 0.030241260305047035 -0.0806489959359169
v -0.022395655512809753 0.03182045370340347 -0.0792028084397316
v -0.02127821370959282 0.033060409128665924 -0.0775132104754448
v -0.020094240084290504 0.033913224935531616 -0.07564510405063629
v -0.017601190134882927 0.03141934424638748 -0.07308216392993927
v -0.0177378561347723 0.031463705003261566 -0.07285448163747787
v -0.017881669104099274 0.03254431113600731 -0.07327927649021149
v -0.01910891756415367 0.03392144665122032 -0.07478804886341095
v -0.01930386945605278 0.03395773842930794 -0.07442964613437653
v -0.017715027555823326 0.03231438249349594 -0.07501603662967682
v -0.017721137031912804 0.03147496283054352 -0.07513214647769928
v -0.017500758171081543 0.03182436525821686 -0.07455863803625107
v -0.01765797659754753 0.031041378155350685 -0.0749434307217598
v -0.017389655113220215 0.031231949105858803 -0.07402043789625168
v -0.01802738755941391 0.03256390988826752 -0.07559927552938461
v -0.01811850257217884 0.0318562388420105 -0.07589767128229141
v -0.017886023968458176 0.031770817935466766 -0.07547454535961151
v -0.018387457355856895 0.03252696618437767 -0.07621338963508606
v -0.018818236887454987 0.033224280923604965 -0.07618606090545654
v -0.018527459353208542 0.03349477797746658 -0.07380059361457825
v -0.01881559006869793 0.03357001394033432 -0.07360497862100601
v -0.018043937161564827 0.03299420699477196 -0.07361873984336853
v -0.01865341141819954 0.033327482640743256 -0.07331065088510513
v -0.01840045303106308 0.032709844410419464 -0.07280821353197098
v -0.018283478915691376 0.032140471041202545 -0.07252421230077744
v -0.018241802230477333 0.031558580696582794 -0.07235384732484818
v -0.018808692693710327 0.03377578407526016 -0.07497715204954147
v -0.018301842734217644 0.033269330859184265 -0.07533706724643707
v -0.018259098753333092 0.033360034227371216 -0.07402712106704712
v -0.017855484038591385 0.03291614353656769 -0.07453323155641556
v -0.01755022443830967 0.0322311669588089 -0.07390375435352325
v -0.017433907836675644 0.031327199190855026 -0.0735476016998291
v -0.017562538385391235 0.023740550503134727 -0.07346376776695251
v -0.01729421690106392 0.023931121453642845 -0.0725407749414444
v -0.01750575192272663 0.024118518456816673 -0.07160250097513199
v -0.018146364018321037 0.024257753044366837 -0.0708741843700409
v -0.017177505418658257 0.03213444724678993 -0.07955563813447952
v -0.016642116010189056 0.032471913844347 -0.08009027689695358
v -0.015509838238358498 0.03331281617283821 -0.0782151147723198
v -0.020864363759756088 0.02391054667532444 -0.0833398625254631
v -0.020994404330849648 0.023235654458403587 -0.08344665914773941
v -0.021220829337835312 0.02336789295077324 -0.08416122943162918
v -0.02056218311190605 0.025159643962979317 -0.08303435146808624
v -0.021015597507357597 0.021158620715141296 -0.08585422486066818
v -0.021145302802324295 0.018987279385328293 -0.08557625114917755
v -0.02048567496240139 0.01884346827864647 -0.0860833078622818
v -0.021318115293979645 0.020104389637708664 -0.08345162868499756
v -0.02157757617533207 0.019693290814757347 -0.08414293080568314
v -0.02149564027786255 0.021250205114483833 -0.08426345139741898
v -0.021524688228964806 0.01929556205868721 -0.08488779515028
v -0.016075994819402695 0.03294331207871437 -0.07774947583675385
v -0.016420671716332436 0.03232549875974655 -0.07733471691608429
v -0.017467020079493523 0.0315585657954216 -0.07903649657964706
v -0.018221091479063034 0.030953465029597282 -0.08119067549705505
v -0.018457258120179176 0.030441127717494965 -0.08057627081871033
v -0.019166195765137672 0.029445728287100792 -0.08259148895740509
v -0.01935325190424919 0.029016176238656044 -0.08189484477043152
v -0.019988082349300385 0.027648139744997025 -0.08372147381305695
v -0.020131884142756462 0.027318565174937248 -0.08295797556638718
v -0.020650498569011688 0.02563905157148838 -0.0845310389995575
v -0.020759103819727898 0.025422178208827972 -0.08371920883655548
v -0.021138310432434082 0.023461971431970596 -0.08500165492296219
v -0.017715292051434517 0.031246140599250793 -0.0817870944738388
v -0.018687495961785316 0.02968261018395424 -0.08324038237333298
v -0.019533144310116768 0.027819549664855003 -0.08441240340471268
v -0.020214809104800224 0.02573808841407299 -0.08525202423334122
v -0.02071681246161461 0.023483170196413994 -0.08574020117521286
v -0.02142868936061859 0.021217284724116325 -0.08511130511760712
v -0.01982896588742733 0.027297522872686386 -0.08213254064321518
v -0.019245347008109093 0.02852890081703663 -0.08133019506931305
v -0.01828041486442089 0.030031777918338776 -0.07990781217813492
v -0.017476115375757217 0.030918342992663383 -0.078656405210495
v -0.016493255272507668 0.03164241090416908 -0.07706259191036224
v -0.020395973697304726 0.02109130099415779 -0.08632628619670868
v -0.02009670063853264 0.023434927687048912 -0.08621211349964142
v -0.01959368772804737 0.025709407404065132 -0.08572115004062653
v -0.018910443410277367 0.027810540050268173 -0.08487588167190552
v -0.018062546849250793 0.029693378135561943 -0.08369503915309906
v -0.017087377607822418 0.03127623349428177 -0.08222952485084534
v -0.01601044461131096 0.03252049908041954 -0.08051666617393494
v -0.01487361267209053 0.0333782434463501 -0.07862148433923721
v -0.014308519661426544 0.031081929802894592 -0.07495938241481781
v -0.014803247526288033 0.031057627871632576 -0.07504738122224808
v -0.014910580590367317 0.03196010738611221 -0.0754082053899765
v -0.014595646411180496 0.0334891639649868 -0.07808467000722885
v -0.014591159299015999 0.03348993510007858 -0.0780758187174797
v -0.015233799815177917 0.0334087498486042 -0.07769724726676941
v -0.014367302879691124 0.033486153930425644 -0.07762642204761505
v -0.014312952756881714 0.03347228839993477 -0.07751493155956268
v -0.014963725581765175 0.03338170796632767 -0.07716850936412811
v -0.014713059179484844 0.03323458135128021 -0.0766555592417717
v -0.016053687781095505 0.031452812254428864 -0.07625751197338104
v -0.015765463933348656 0.03211444243788719 -0.07612716406583786
v -0.015556776896119118 0.03162475675344467 -0.07566659897565842
v -0.016253365203738213 0.03166062757372856 -0.07664509862661362
v -0.016069665551185608 0.032363273203372955 -0.07671496272087097
v -0.01594030298292637 0.03105824999511242 -0.07598771154880524
v -0.0152435889467597 0.03101203218102455 -0.07524395734071732
v -0.015927353873848915 0.030864033848047256 -0.07593009620904922
v -0.015600936487317085 0.03299250453710556 -0.07687629759311676
v -0.01519098598510027 0.03264285996556282 -0.07605183124542236
v -0.014142337255179882 0.03304511681199074 -0.07630003988742828
v -0.014053083956241608 0.03332654759287834 -0.07696741819381714
v -0.013967832550406456 0.033245865255594254 -0.07678183913230896
v -0.013819540850818157 0.033056482672691345 -0.0764501690864563
v -0.013521956279873848 0.03237076848745346 -0.07572992891073227
v -0.01380546297878027 0.032202791422605515 -0.07548268139362335
v -0.013478761538863182 0.032204777002334595 -0.0756135880947113
v -0.013346615247428417 0.031056948006153107 -0.0751446932554245
v -0.014039321802556515 0.0310846995562315 -0.07496308535337448
v -0.014489938504993916 0.032973501831293106 -0.07617542147636414
v -0.014164448715746403 0.03216271474957466 -0.07539799064397812
v -0.013251177966594696 0.02375612035393715 -0.07366502285003662
v -0.014213081449270248 0.023781104013323784 -0.07347971946001053
v -0.015148150734603405 0.023711204528808594 -0.07376429438591003
v -0.01583191566169262 0.0235632061958313 -0.07445042580366135
v 0.016391148790717125 0.0337696298956871 -0.07855132222175598
v 0.01607332192361355 0.033758919686079025 -0.07873924821615219
v 0.017216358333826065 0.03292930871248245 -0.08064296096563339
v 0.022914094850420952 0.01970687508583069 -0.08533532917499542
v 0.02301328256726265 0.01983065716922283 -0.08508278429508209
v 0.022875847294926643 0.021763615310192108 -0.08527988940477371
v 0.01774698682129383 0.032063599675893784 -0.07719289511442184
v 0.018707403913140297 0.032003555446863174 -0.0791739672422409
v 0.018735121935606003 0.03136385232210159 -0.07879408448934555
v 0.01971299946308136 0.030910808593034744 -0.08072121441364288
v 0.01961054652929306 0.030423225834965706 -0.08014015853404999
v 0.020633650943636894 0.029508396983146667 -0.08204663544893265
v 0.020542073994874954 0.029018694534897804 -0.08148131519556046
v 0.021445652469992638 0.0278305783867836 -0.08311579376459122
v 0.02115185372531414 0.027797169983386993 -0.08229096978902817
v 0.02211351878941059 0.02595035545527935 -0.08388201147317886
v 0.02192835509777069 0.025683097541332245 -0.08319580554962158
v 0.02262229286134243 0.02390824817121029 -0.08432783931493759
v 0.022285278886556625 0.024327483028173447 -0.08352497965097427
v 0.02294839546084404 0.02179817669093609 -0.08443251252174377
v 0.022709857672452927 0.02179485559463501 -0.08370867371559143
v 0.02308689057826996 0.02015444077551365 -0.08447087556123734
v 0.022805441170930862 0.02064715325832367 -0.08361953496932983
v 0.021837305277585983 0.02161221019923687 -0.08648703992366791
v 0.021984266117215157 0.019365889951586723 -0.08624492585659027
v 0.022351784631609917 0.019424546509981155 -0.08601787686347961
v 0.017852285876870155 0.03289631009101868 -0.08022137731313705
v 0.01671406254172325 0.03370919078588486 -0.07833772152662277
v 0.017292674630880356 0.033353742212057114 -0.07787642627954483
v 0.018310422077775 0.03171189874410629 -0.08236395567655563
v 0.01894225925207138 0.031697291880846024 -0.08192630112171173
v 0.019312990829348564 0.03015357069671154 -0.08383692800998688
v 0.019941482692956924 0.030158210545778275 -0.08338702470064163
v 0.020197900012135506 0.028292283415794373 -0.08502436429262161
v 0.020823722705245018 0.028316646814346313 -0.08456560969352722
v 0.02092617191374302 0.02620876021683216 -0.08587505668401718
v 0.021549973636865616 0.02625274658203125 -0.08541064709424973
v 0.021481269970536232 0.023947546258568764 -0.08637019246816635
v 0.022103603929281235 0.024011068046092987 -0.08590297400951385
v 0.02245868183672428 0.021694786846637726 -0.08601967990398407
v 0.022606344893574715 0.0195089690387249 -0.08578510582447052
v 0.01765558123588562 0.03274459019303322 -0.07746435701847076
v 0.018399879336357117 0.03257213160395622 -0.0796908363699913
v 0.019459640607237816 0.03141716867685318 -0.08133375644683838
v 0.020430797711014748 0.029933201149106026 -0.08274179697036743
v 0.02128799632191658 0.028156502172350883 -0.08387815207242966
v 0.021993452683091164 0.026164481416344643 -0.08469299226999283
v 0.02253110706806183 0.024000266566872597 -0.08516762405633926
v 0.015592767857015133 0.03144974634051323 -0.07507316768169403
v 0.015323569066822529 0.03144589066505432 -0.07507482171058655
v 0.015418973751366138 0.032527316361665726 -0.07551101595163345
v 0.015838300809264183 0.03383735567331314 -0.07745703309774399
v 0.015430622734129429 0.033801764249801636 -0.07743959128856659
v 0.017015082761645317 0.032517850399017334 -0.07625218480825424
v 0.017260078340768814 0.031706634908914566 -0.07624533772468567
v 0.016821986064314842 0.032023459672927856 -0.07579008489847183
v 0.017209038138389587 0.031271643936634064 -0.07605618983507156
v 0.0165270809084177 0.031402841210365295 -0.0753648579120636
v 0.017308639362454414 0.03277390077710152 -0.07684231549501419
v 0.017642110586166382 0.03209749609231949 -0.07701382786035538
v 0.01741502620279789 0.03200642392039299 -0.0765889436006546
v 0.01765558123588562 0.03274459391832352 -0.07746435701847076
v 0.01536835078150034 0.03340844810009003 -0.07641281187534332
v 0.015044037252664566 0.03341153264045715 -0.07656000554561615
v 0.015545290894806385 0.03297821059823036 -0.07586415857076645
v 0.014920002780854702 0.03317047655582428 -0.07625080645084381
v 0.01471003144979477 0.03244450315833092 -0.07565396279096603
v 0.014650174416601658 0.03198302164673805 -0.07542529702186584
v 0.014630386605858803 0.03140109404921532 -0.07525115460157394
v 0.016714060679078102 0.03370919078588486 -0.07833772152662277
v 0.01617465727031231 0.03376483917236328 -0.07728756964206696
v 0.01682342402637005 0.03339143842458725 -0.07700014859437943
v 0.015718543902039528 0.03334541246294975 -0.07629082351922989
v 0.01642841286957264 0.033032070845365524 -0.07617253065109253
v 0.016169751062989235 0.03234300762414932 -0.07552684843540192
v 0.01608727127313614 0.03143760934472084 -0.07516493648290634
v 0.017304476350545883 0.023970816284418106 -0.07457652688026428
v 0.016622519120573997 0.024102013558149338 -0.07388519495725632
v 0.015688205137848854 0.02414891868829727 -0.07359350472688675
v 0.014725824818015099 0.02410026453435421 -0.07377148419618607
v 0.02116294577717781 0.03292272612452507 -0.07813913375139236
v 0.021823590621352196 0.03340020403265953 -0.07799103111028671
v 0.02065083384513855 0.03420880436897278 -0.07612656056880951
v 0.022275472059845924 0.029238279908895493 -0.08050812035799026
v 0.02261313796043396 0.0297592394053936 -0.08093531429767609
v 0.0216897651553154 0.031161505728960037 -0.07961132377386093
v 0.02399226278066635 0.024660959839820862 -0.08253048360347748
v 0.02413804456591606 0.02398945949971676 -0.08263832330703735
v 0.024606788530945778 0.024159027263522148 -0.08321356028318405
v 0.0236617811024189 0.02590227499604225 -0.08222256600856781
v 0.021284714341163635 0.03071710094809532 -0.0790782943367958
v 0.020680902525782585 0.03225398808717728 -0.07806573808193207
v 0.020468398928642273 0.03158373013138771 -0.07782072573900223
v 0.027259891852736473 0.02229895442724228 -0.08344138413667679
v 0.02653799019753933 0.022211071103811264 -0.08372851461172104
v 0.027409883216023445 0.02005443535745144 -0.08319752663373947
v 0.026624687016010284 0.020031103864312172 -0.08350706845521927
v 0.024538634344935417 0.020867105573415756 -0.08264604955911636
v 0.025067999958992004 0.020496098324656487 -0.08319041877985
v 0.024933531880378723 0.022048819810152054 -0.08331765979528427
v 0.02579658478498459 0.020195763558149338 -0.08349830657243729
v 0.019480179995298386 0.03228355199098587 -0.07621941715478897
v 0.01962529681622982 0.03299463912844658 -0.07635805010795593
v 0.020038994029164314 0.0337023064494133 -0.0763339176774025
v 0.022237194702029228 0.031769443303346634 -0.07977408170700073
v 0.023220457136631012 0.03028681129217148 -0.08117543160915375
v 0.02408750168979168 0.02851112186908722 -0.08230628073215485
v 0.02294338122010231 0.03220481425523758 -0.07967937737703323
v 0.023967495188117027 0.03066868521273136 -0.08112621307373047
v 0.02486996352672577 0.028829442337155342 -0.08229346573352814
v 0.025611689314246178 0.02676726132631302 -0.08312975615262985
v 0.026638230308890343 0.02576391026377678 -0.0831359401345253
v 0.026324959471821785 0.026892947033047676 -0.08284317702054977
v 0.02557574212551117 0.028974058106541634 -0.08200429379940033
v 0.024663394317030907 0.03083210438489914 -0.08083225041627884
v 0.02362695336341858 0.03238634020090103 -0.07937821000814438
v 0.022492147982120514 0.03359873965382576 -0.07767992466688156
v 0.02130170725286007 0.034422434866428375 -0.07580263167619705
v 0.02689497545361519 0.02463338151574135 -0.08332976698875427
v 0.026176350191235542 0.02452673576772213 -0.0836157277226448
v 0.024800481274724007 0.026519814506173134 -0.08311683684587479
v 0.023427337408065796 0.028081469237804413 -0.08200328797101974
v 0.022883081808686256 0.02802155539393425 -0.08131499588489532
v 0.025691384449601173 0.022119566798210144 -0.0836985781788826
v 0.025343487039208412 0.02435603365302086 -0.08358832448720932
v 0.024096863344311714 0.026201222091913223 -0.082768514752388
v 0.01889033056795597 0.03186822682619095 -0.07322102785110474
v 0.01872183009982109 0.0317719541490078 -0.0736851766705513
v 0.018813027068972588 0.03267788887023926 -0.07404175400733948
v 0.020960630849003792 0.03451956436038017 -0.07528859376907349
v 0.020627597346901894 0.03448756784200668 -0.0747590959072113
v 0.02002473548054695 0.03425337001681328 -0.07512438297271729
v 0.01974162645637989 0.03409508988261223 -0.07463204115629196
v 0.019051549956202507 0.03208327293395996 -0.07541102170944214
v 0.018967270851135254 0.03276543319225311 -0.0751553475856781
v 0.018768634647130966 0.032270099967718124 -0.074696384370327
v 0.01924309879541397 0.03229590132832527 -0.0758001059293747
v 0.019268900156021118 0.033022649586200714 -0.07574086636304855
v 0.01894996128976345 0.03168606758117676 -0.07514040917158127
v 0.018676334992051125 0.03167559579014778 -0.07415768504142761
v 0.01894223317503929 0.03149159625172615 -0.0750827044248581
v 0.01952783204615116 0.03373458981513977 -0.07548055797815323
v 0.019096504896879196 0.033370427787303925 -0.07467346638441086
v 0.019759537652134895 0.03396541625261307 -0.07394583523273468
v 0.020319554954767227 0.03432841971516609 -0.07424109429121017
v 0.02021930366754532 0.03424334526062012 -0.07406522333621979
v 0.020047198981046677 0.03404773026704788 -0.07375241070985794
v 0.019706878811120987 0.033345434814691544 -0.07306408137083054
v 0.019385525956749916 0.03310699015855789 -0.07316206395626068
v 0.019659481942653656 0.033177271485328674 -0.07295258343219757
v 0.01953284814953804 0.032023243606090546 -0.07249759137630463
v 0.019027596339583397 0.03191595524549484 -0.07299438118934631
v 0.019492872059345245 0.03382410481572151 -0.07417034357786179
v 0.01914137788116932 0.032999031245708466 -0.0734197273850441
v 0.020966025069355965 0.034519027918577194 -0.07529693841934204
v 0.02033291757106781 0.034292444586753845 -0.07563105970621109
v 0.019628286361694336 0.024722417816519737 -0.07101792842149734
v 0.018985768780112267 0.02456739917397499 -0.07174136489629745
v 0.01877177320420742 0.024374768137931824 -0.07267802208662033
v 0.019037669524550438 0.024190768599510193 -0.07360304147005081
v 0.03680741786956787 0.039979953318834305 -0.049225758761167526
v 0.03680964186787605 0.039937157183885574 -0.04959264397621155
v 0.039142414927482605 0.03951980546116829 -0.04953896626830101
v 0.048325538635253906 0.028012266382575035 -0.04599466174840927
v 0.0481390655040741 0.02812265418469906 -0.04578977823257446
v 0.0478927418589592 0.030015921220183372 -0.046175699681043625
v 0.03663843870162964 0.038385141640901566 -0.04722021892666817
v 0.03880824148654938 0.03870023414492607 -0.047428328543901443
v 0.03861422464251518 0.038036610931158066 -0.047152165323495865
v 0.04081711918115616 0.03796353563666344 -0.047283515334129333
v 0.04036041721701622 0.03740563243627548 -0.04702656716108322
v 0.042650748044252396 0.03688517585396767 -0.047068916261196136
v 0.04221319034695625 0.03632870316505432 -0.04681071639060974
v 0.044261980801820755 0.03549107164144516 -0.046789731830358505
v 0.04342203959822655 0.035320211201906204 -0.04660789296030998
v 0.045580487698316574 0.03384184464812279 -0.0464581623673439
v 0.04495403170585632 0.03347479924559593 -0.046235859394073486
v 0.04657679796218872 0.031972840428352356 -0.046081338077783585
v 0.04565316438674927 0.03224087506532669 -0.04598667845129967
v 0.04720478132367134 0.0299699530005455 -0.045676618814468384
v 0.04647267982363701 0.029848691076040268 -0.045502886176109314
v 0.04759960249066353 0.028385886922478676 -0.045437105000019073
v 0.04664955288171768 0.028729895129799843 -0.045276351273059845
v 0.04842335730791092 0.029826272279024124 -0.04767276346683502
v 0.04869215562939644 0.02762255072593689 -0.04722832515835762
v 0.048673078417778015 0.027716336771845818 -0.04680299758911133
v 0.03910905495285988 0.0395471453666687 -0.04877649247646332
v 0.036798663437366486 0.03995107114315033 -0.048835065215826035
v 0.036760471761226654 0.039648544043302536 -0.04807286337018013
v 0.04136500507593155 0.03869440779089928 -0.0493985190987587
v 0.041312698274850845 0.038737356662750244 -0.048632752150297165
v 0.043392427265644073 0.037492793053388596 -0.04917752742767334
v 0.043324630707502365 0.03755272552371025 -0.048409897834062576
v 0.04517305642366409 0.03594376519322395 -0.048882026225328445
v 0.04509291797876358 0.03602162376046181 -0.04811377450823784
v 0.046629615128040314 0.03411443158984184 -0.04852548986673355
v 0.04654017463326454 0.034210581332445145 -0.04775770381093025
v 0.04772993177175522 0.03204368054866791 -0.04811602085828781
v 0.04763389378786087 0.03215842694044113 -0.047349713742733
v 0.04832332208752632 0.029959525913000107 -0.04690883308649063
v 0.04858807101845741 0.027816038578748703 -0.0464729368686676
v 0.03670135885477066 0.03906692564487457 -0.047497715801000595
v 0.03899109736084938 0.039262618869543076 -0.04800737276673317
v 0.04111923277378082 0.03848428651690483 -0.04786088317632675
v 0.04306267201900482 0.03734331578016281 -0.04763925448060036
v 0.04477107152342796 0.03586706519126892 -0.047348055988550186
v 0.04616951569914818 0.034119755029678345 -0.04700016602873802
v 0.04722645878791809 0.03213896602392197 -0.0466032400727272
v 0.033874280750751495 0.03719661757349968 -0.04789663851261139
v 0.033741746097803116 0.03714840114116669 -0.0481259822845459
v 0.033966295421123505 0.03827151283621788 -0.04836483672261238
v 0.03559153899550438 0.03983607888221741 -0.04913277179002762
v 0.03537923842668533 0.03973173722624779 -0.04946715757250786
v 0.03539425507187843 0.03860710933804512 -0.047392576932907104
v 0.03565560281276703 0.03785182163119316 -0.04711082950234413
v 0.03499424085021019 0.0380404107272625 -0.0472739115357399
v 0.03554733470082283 0.03739648312330246 -0.047018397599458694
v 0.03459705412387848 0.037337109446525574 -0.04725005477666855
v 0.03599550202488899 0.038970720022916794 -0.047471847385168076
v 0.03642820194363594 0.03838157281279564 -0.04721921682357788
v 0.03597082197666168 0.038208603858947754 -0.047183558344841
v 0.03670135885477066 0.03906692937016487 -0.047497715801000595
v 0.034548092633485794 0.039224572479724884 -0.04895252361893654
v 0.03451009839773178 0.03918980062007904 -0.04930495098233223
v 0.034248337149620056 0.038772694766521454 -0.04847988858819008
v 0.03422902524471283 0.03889944404363632 -0.04922889173030853
v 0.03374766558408737 0.038088344037532806 -0.049034569412469864
v 0.03360622748732567 0.0376012921333313 -0.048926807940006256
v 0.03355250880122185 0.037008728832006454 -0.048802945762872696
v 0.035629067569971085 0.039802368730306625 -0.0487525500357151
v 0.03577650710940361 0.039512719959020615 -0.04801954701542854
v 0.03463108837604523 0.039207592606544495 -0.04858603700995445
v 0.034941691905260086 0.039005279541015625 -0.04789416864514351
v 0.03438802435994148 0.03821699693799019 -0.04771903157234192
v 0.034201499074697495 0.037276625633239746 -0.04752296954393387
v 0.035642772912979126 0.030095653608441353 -0.045538730919361115
v 0.034692492336034775 0.030036281794309616 -0.04577038809657097
v 0.03396971896290779 0.029895789921283722 -0.04641697183251381
v 0.03364794701337814 0.029707901179790497 -0.047323279082775116
v 0.03899539262056351 0.03989596292376518 -0.04488261044025421
v 0.039115142077207565 0.04045741632580757 -0.044285282492637634
v 0.036804504692554474 0.04085350036621094 -0.04438281059265137
v 0.04560457915067673 0.03274282440543175 -0.04404768347740173
v 0.04588858410716057 0.0321204774081707 -0.04392191395163536
v 0.0465802364051342 0.032426733523607254 -0.043837081640958786
v 0.04495706409215927 0.033871401101350784 -0.04427558556199074
v 0.0483296699821949 0.030893245711922646 -0.04229528456926346
v 0.048574015498161316 0.028746815398335457 -0.04191853106021881
v 0.048700205981731415 0.028866255655884743 -0.041092269122600555
v 0.04665212705731392 0.02912719175219536 -0.04331621527671814
v 0.047444313764572144 0.028910282999277115 -0.04311719536781311
v 0.04720807075500488 0.030423758551478386 -0.04343150928616524
v 0.04812311753630638 0.028770023956894875 -0.04263203963637352
v 0.03676455095410347 0.0402781181037426 -0.04496694728732109
v 0.03670428693294525 0.03951852396130562 -0.045270103961229324
v 0.03881136327981949 0.03915262594819069 -0.045196533203125
v 0.04112372174859047 0.03912081569433212 -0.04471981152892113
v 0.0408204160630703 0.0384165458381176 -0.04504809528589249
v 0.04306729882955551 0.037982430309057236 -0.04448453336954117
v 0.042654167860746384 0.03733862191438675 -0.04483046010136604
v 0.04477578401565552 0.03650820627808571 -0.044182196259498596
v 0.04426548257470131 0.035944804549217224 -0.04454878717660904
v 0.04617423936724663 0.03476237878203392 -0.04382574185729027
v 0.04558399319648743 0.03429572284221649 -0.04421529546380043
v 0.04723111167550087 0.03278256207704544 -0.043422672897577286
v 0.041318997740745544 0.03965432569384575 -0.044107891619205475
v 0.0433310940861702 0.03847521170973778 -0.04385692626237869
v 0.04509947821497917 0.03694850951433182 -0.043537914752960205
v 0.04654674604535103 0.03514076769351959 -0.043164290487766266
v 0.047640398144721985 0.03309088572859764 -0.04274372383952141
v 0.04789723828434944 0.030660003423690796 -0.04299142211675644
v 0.04342072084546089 0.03572125732898712 -0.044648513197898865
v 0.04221617057919502 0.03672570735216141 -0.04485052078962326
v 0.04024539142847061 0.037856023758649826 -0.04507703706622124
v 0.03861696273088455 0.03843386098742485 -0.04519202187657356
v 0.03664100915193558 0.03878243640065193 -0.04526008293032646
v 0.04843169078230858 0.031067900359630585 -0.041540034115314484
v 0.04773842170834541 0.03328351303935051 -0.04199348762631416
v 0.046638164669275284 0.03535110130906105 -0.0424199216067791
v 0.04518158733844757 0.03717587888240814 -0.04280020296573639
v 0.043400853872299194 0.038718853145837784 -0.04312673956155777
v 0.04137325659394264 0.03991289436817169 -0.043386008590459824
v 0.039150435477495193 0.0407290905714035 -0.043572455644607544
v 0.03681740164756775 0.041135650128126144 -0.043679654598236084
v 0.033879172056913376 0.03795250877737999 -0.04416729137301445
v 0.034205399453639984 0.0378805436193943 -0.04454343393445015
v 0.03439166396856308 0.03882230445742607 -0.044729363173246384
v 0.03619390353560448 0.04111860319972038 -0.04371076822280884
v 0.035584356635808945 0.04097463935613632 -0.043715886771678925
v 0.035634178668260574 0.0406847707927227 -0.044397953897714615
v 0.03510359674692154 0.04042932763695717 -0.04436906427145004
v 0.03577731177210808 0.0384274460375309 -0.04518699645996094
v 0.03539688512682915 0.03905441239476204 -0.04518456757068634
v 0.034996915608644485 0.03848620876669884 -0.045072149485349655
v 0.03616490960121155 0.038709789514541626 -0.0452447310090065
v 0.03599804267287254 0.039420001208782196 -0.045254673808813095
v 0.0355679988861084 0.03799193352460861 -0.0450984463095665
v 0.03460024297237396 0.03782977908849716 -0.04481936991214752
v 0.03554990515112877 0.037793777883052826 -0.04505826160311699
v 0.03578001260757446 0.04013253003358841 -0.04496069252490997
v 0.0349452868103981 0.03961659595370293 -0.044876448810100555
v 0.03455416485667229 0.040230799466371536 -0.04398601874709129
v 0.035019710659980774 0.040711432695388794 -0.04369477555155754
v 0.034835707396268845 0.040592361241579056 -0.043681249022483826
v 0.03451943024992943 0.040338184684515 -0.04364808276295662
v 0.033891141414642334 0.039518773555755615 -0.043519046157598495
v 0.03385598957538605 0.03924241662025452 -0.04382255673408508
v 0.03380293771624565 0.039333995431661606 -0.04348689317703247
v 0.033559784293174744 0.03813251107931137 -0.04325854778289795
v 0.03374723717570305 0.037997473031282425 -0.043936941772699356
v 0.03463626280426979 0.04007242992520332 -0.044317178428173065
v 0.03397148475050926 0.03912406787276268 -0.04415467381477356
v 0.0362037718296051 0.04111987352371216 -0.04371047392487526
v 0.03621070832014084 0.04082907736301422 -0.04440271481871605
v 0.03365522250533104 0.030831683427095413 -0.04177888110280037
v 0.03397461026906967 0.03065168298780918 -0.04268762841820717
v 0.03469568118453026 0.030528951436281204 -0.04333970695734024
v 0.035645343363285065 0.03049295023083687 -0.04357859492301941
v 0.026737816631793976 0.04114723578095436 -0.007239386904984713
v 0.02699538879096508 0.04018228501081467 -0.006621898151934147
v 0.026277512311935425 0.0401957631111145 -0.006315149832516909
v 0.019559023901820183 0.044462837278842926 -0.016130587086081505
v 0.02076428383588791 0.04515385627746582 -0.014421640895307064
v 0.020551549270749092 0.04444127902388573 -0.014385800808668137
v 0.02177751250565052 0.044748976826667786 -0.012575366534292698
v 0.02143084444105625 0.04409857839345932 -0.012781905010342598
v 0.022704871371388435 0.04397259280085564 -0.010812320746481419
v 0.022366466000676155 0.043326638638973236 -0.01100205723196268
v 0.02352258190512657 0.042842864990234375 -0.009177510626614094
v 0.02297890931367874 0.042516469955444336 -0.009782198816537857
v 0.0241949912160635 0.04140887409448624 -0.007742279674857855
v 0.023758769035339355 0.0409211702644825 -0.00812756922096014
v 0.024707112461328506 0.03970114886760712 -0.006538445129990578
v 0.024117212742567062 0.03980053588747978 -0.007297423668205738
v 0.025035269558429718 0.03779812902212143 -0.005621633492410183
v 0.024543549865484238 0.037539102137088776 -0.006143147591501474
v 0.02579404227435589 0.03801130875945091 -0.005300235003232956
v 0.025927722454071045 0.036154523491859436 -0.004727042745798826
v 0.02531215362250805 0.036284901201725006 -0.005024978891015053
v 0.026640702039003372 0.038106873631477356 -0.005310418549925089
v 0.026785850524902344 0.03600246086716652 -0.004674016032367945
v 0.026214277371764183 0.03609944134950638 -0.004665509797632694
v 0.027125846594572067 0.03595460578799248 -0.004764703568071127
v 0.027361860498785973 0.038075659424066544 -0.005610934924334288
v 0.02751253917813301 0.03591195121407509 -0.004961456637829542
v 0.02190619893372059 0.04618000611662865 -0.01493966206908226
v 0.02072843164205551 0.046199385076761246 -0.01696869730949402
v 0.021058743819594383 0.04627150297164917 -0.017166798934340477
v 0.02011736109852791 0.04581388458609581 -0.01657893694937229
v 0.019704096019268036 0.04517163336277008 -0.016280116513371468
v 0.021246157586574554 0.04579818248748779 -0.014615656808018684
v 0.022325027734041214 0.04537207633256912 -0.012663552537560463
v 0.02303076535463333 0.045735884457826614 -0.012922096997499466
v 0.023312514647841454 0.04455175995826721 -0.010798120871186256
v 0.024059245362877846 0.04488398879766464 -0.01099404040724039
v 0.024183273315429688 0.043356314301490784 -0.009067391976714134
v 0.02496555633842945 0.043644167482852936 -0.009205121546983719
v 0.0248993132263422 0.0418376587331295 -0.0075472816824913025
v 0.025710441172122955 0.04207024350762367 -0.0076337759383022785
v 0.025444647297263145 0.04002823680639267 -0.006271821912378073
v 0.026422951370477676 0.042074061930179596 -0.007948501035571098
v 0.024639492854475975 0.03644721955060959 -0.005778601858764887
v 0.025670556351542473 0.043664418160915375 -0.00952957198023796
v 0.024754341691732407 0.044919703155756 -0.011330203153192997
v 0.023713504895567894 0.04578547552227974 -0.013271918520331383
v 0.022573893889784813 0.0462413989007473 -0.015305225737392902
v 0.021378401666879654 0.046269696205854416 -0.017351903021335602
v 0.01896183006465435 0.04291308671236038 -0.018729113042354584
v 0.019098496064543724 0.042868729680776596 -0.018956797197461128
v 0.01921296864748001 0.04403270035982132 -0.01898691989481449
v 0.02039755880832672 0.045918889343738556 -0.01813952811062336
v 0.02059336006641388 0.04581768065690994 -0.018484771251678467
v 0.019043317064642906 0.044492900371551514 -0.017296822741627693
v 0.019069910049438477 0.04376533627510071 -0.016863133758306503
v 0.018843749538064003 0.04385826364159584 -0.017526287585496902
v 0.019018616527318954 0.04329105094075203 -0.016867851838469505
v 0.018750295042991638 0.04310048371553421 -0.017790839076042175
v 0.019346341490745544 0.04495754837989807 -0.016858333721756935
v 0.01945367641746998 0.0444243922829628 -0.016308454796671867
v 0.019225571304559708 0.04417518153786659 -0.016663765534758568
v 0.019704096019268036 0.04517163708806038 -0.016280116513371468
v 0.020117362961173058 0.04581388458609581 -0.01657894067466259
v 0.019832028076052666 0.0451270192861557 -0.018880020827054977
v 0.020117880776524544 0.045124851167201996 -0.019092479720711708
v 0.019362159073352814 0.04458317533135414 -0.01885019615292549
v 0.019964633509516716 0.04478541389107704 -0.019266823306679726
v 0.01970384456217289 0.04388953745365143 -0.019505025818943977
v 0.019628629088401794 0.04337700828909874 -0.019527247175574303
v 0.019602442160248756 0.04277385026216507 -0.019457437098026276
v 0.020100127905607224 0.04585084319114685 -0.017907116562128067
v 0.019604327157139778 0.04551189765334129 -0.01737585850059986
v 0.019565986469388008 0.045084401965141296 -0.018617546185851097
v 0.019171075895428658 0.04486256092786789 -0.017976511269807816
v 0.018886316567659378 0.04397914186120033 -0.01828812062740326
v 0.018794547766447067 0.04300523176789284 -0.0182636771351099
v 0.01911405473947525 0.03599022328853607 -0.015388187021017075
v 0.018845733255147934 0.03579965606331825 -0.016311172395944595
v 0.019057268276810646 0.035612259060144424 -0.017249446362257004
v 0.019697880372405052 0.03547302260994911 -0.017977770417928696
v -0.01985306292772293 0.04529264196753502 -0.014459109865128994
v -0.020524727180600166 0.04565804824233055 -0.01477804221212864
v -0.019363170489668846 0.04570622742176056 -0.0168161503970623
v -0.020884769037365913 0.042794376611709595 -0.010837062261998653
v -0.021237576380372047 0.04343188554048538 -0.010644656606018543
v -0.020342979580163956 0.044230829924345016 -0.012414772994816303
v -0.022496355697512627 0.03932386636734009 -0.007183634676039219
v -0.02262577787041664 0.03874388337135315 -0.006822163704782724
v -0.023101553320884705 0.03911217674612999 -0.006355930585414171
v -0.02219558320939541 0.04035526514053345 -0.007952170446515083
v -0.019924189895391464 0.04362430423498154 -0.012734806165099144
v -0.019354013726115227 0.04466041922569275 -0.01426883228123188
v -0.0191235039383173 0.043953217566013336 -0.014234677888453007
v -0.025708239525556564 0.03742154315114021 -0.005408479366451502
v -0.02498583123087883 0.03747052326798439 -0.005113469436764717
v -0.025800585746765137 0.035256147384643555 -0.00475858012214303
v -0.02501663565635681 0.03537487983703613 -0.0044683776795864105
v -0.022947875782847404 0.035861846059560776 -0.005597514100372791
v -0.023470522835850716 0.03571885824203491 -0.00494897086173296
v -0.023375732824206352 0.037201475352048874 -0.005436904262751341
v -0.024192893877625465 0.03554387763142586 -0.004544759634882212
v -0.018145032227039337 0.043999042361974716 -0.015987109392881393
v -0.01830866187810898 0.044704120606184006 -0.01613548770546913
v -0.018739867955446243 0.04533594101667404 -0.01643109694123268
v -0.020906321704387665 0.04484022036194801 -0.012498726136982441
v -0.021859167143702507 0.04399587959051132 -0.010625777766108513
v -0.022687094286084175 0.04277932643890381 -0.008888480253517628
v -0.021622726693749428 0.045186497271060944 -0.012751848436892033
v -0.02261529676616192 0.0443095862865448 -0.01081596314907074
v -0.023477228358387947 0.043047793209552765 -0.009020213969051838
v -0.024171186611056328 0.04145592078566551 -0.007443353533744812
v -0.02517222985625267 0.0405086912214756 -0.007041849661618471
v -0.02488592080771923 0.04144217446446419 -0.00775263411924243
v -0.024184932932257652 0.04305066168308258 -0.009339275769889355
v -0.023313574492931366 0.044328149408102036 -0.01114680990576744
v -0.02230909839272499 0.045219238847494125 -0.013096447102725506
v -0.02119646780192852 0.04570296034216881 -0.015138491056859493
v -0.02001754567027092 0.04576048627495766 -0.01719437539577484
v -0.025401491671800613 0.0395367331802845 -0.006421913858503103
v -0.024681879207491875 0.03956790268421173 -0.006120648700743914
v -0.02335396595299244 0.04124341532588005 -0.007363061886280775
v -0.022014819085597992 0.042282335460186005 -0.009003676474094391
v -0.021465733647346497 0.041972894221544266 -0.009617100469768047
v -0.02413705363869667 0.03739587217569351 -0.005109734367579222
v -0.02384486421942711 0.039420969784259796 -0.006083675194531679
v -0.022640807554125786 0.04083213210105896 -0.007563460152596235
v -0.017529690638184547 0.042464204132556915 -0.018590249121189117
v -0.017361190170049667 0.042560476809740067 -0.018126105889678
v -0.017476916313171387 0.043531157076358795 -0.01814986579120159
v -0.01968182623386383 0.04566099867224693 -0.017699480056762695
v -0.01967640221118927 0.045658376067876816 -0.01770740933716297
v -0.019044935703277588 0.04559833183884621 -0.01730673387646675
v -0.019405735656619072 0.045485880225896835 -0.018093502148985863
v -0.01933998055756092 0.04543115571141243 -0.018184363842010498
v -0.018733296543359756 0.045372847467660904 -0.01775979809463024
v -0.018443798646330833 0.045042552053928375 -0.018153123557567596
v -0.017707400023937225 0.04351069778203964 -0.0166559386998415
v -0.017638975754380226 0.04404140263795853 -0.01715742237865925
v -0.01742563210427761 0.043411627411842346 -0.017388368025422096
v -0.017906205728650093 0.04385313391685486 -0.016379354521632195
v -0.017949944362044334 0.04449859634041786 -0.016716700047254562
v -0.01759449392557144 0.04304216429591179 -0.016751093789935112
v -0.0173156950622797 0.04265683516860008 -0.01765359379351139
v -0.01758159138262272 0.04284083470702171 -0.01672857441008091
v -0.01822534203529358 0.04504629969596863 -0.017232295125722885
v -0.017780905589461327 0.04440762847661972 -0.01783614419400692
v -0.018454955890774727 0.04465557634830475 -0.01873461902141571
v -0.01902540773153305 0.0450906977057457 -0.01860111393034458
v -0.01892215758562088 0.04494641721248627 -0.01873050071299076
v -0.018742524087429047 0.04464683309197426 -0.018944602459669113
v -0.01838226243853569 0.04374277964234352 -0.019305719062685966
v -0.018055524677038193 0.04356944188475609 -0.01912427693605423
v -0.01833008974790573 0.04354572668671608 -0.019343197345733643
v -0.018172206357121468 0.04230918735265732 -0.019313689321279526
v -0.017666956409811974 0.04241647571325302 -0.01881689950823784
v -0.018185973167419434 0.04461955279111862 -0.018474167212843895
v -0.01781005971133709 0.04357646778225899 -0.018846165388822556
v -0.01807677000761032 0.03500835970044136 -0.017834024503827095
v -0.01743425242602825 0.03516337648034096 -0.017110582441091537
v -0.017220256850123405 0.035356007516384125 -0.01617392897605896
v -0.017486153170466423 0.035540007054805756 -0.015248909592628479
v 0.018487388268113136 0.04608092084527016 -0.013042602688074112
v 0.017940979450941086 0.04658633843064308 -0.012678788043558598
v 0.0167975015938282 0.046602215617895126 -0.014727599918842316
v 0.022360270842909813 0.04007427766919136 -0.006374258082360029
v 0.022506671026349068 0.03949768841266632 -0.006013832986354828
v 0.022726064547896385 0.03990330919623375 -0.005408266093581915
v 0.022028381004929543 0.04109789431095123 -0.007140385918319225
v 0.022567758336663246 0.03852297365665436 -0.0029877598863095045
v 0.022753354161977768 0.03641870245337486 -0.002399184973910451
v 0.0220949724316597 0.036467112600803375 -0.0018727974966168404
v 0.022908871993422508 0.03662456199526787 -0.0047919428907334805
v 0.023175053298473358 0.03652166202664375 -0.0039964709430933
v 0.02305343747138977 0.038000088185071945 -0.004491127096116543
v 0.02312837727367878 0.036444079130887985 -0.0031552647706121206
v 0.017375120893120766 0.04609493538737297 -0.015015536919236183
v 0.017737308517098427 0.04537326470017433 -0.015158819034695625
v 0.01879390887916088 0.045355841517448425 -0.013298077508807182
v 0.019551964476704597 0.045656200498342514 -0.011082137003540993
v 0.01980404369533062 0.04495120793581009 -0.011449825949966908
v 0.020527485758066177 0.04483696445822716 -0.009209709241986275
v 0.020728813484311104 0.04417494684457779 -0.009685131721198559
v 0.02138848975300789 0.043642308562994 -0.00747329369187355
v 0.021544402465224266 0.04304523766040802 -0.008048986084759235
v 0.022097013890743256 0.042124178260564804 -0.005948855075985193
v 0.022215159609913826 0.04161117598414421 -0.006612766068428755
v 0.022636935114860535 0.04031502828001976 -0.004670346155762672
v 0.0190359465777874 0.04614516720175743 -0.010644129477441311
v 0.020039694383740425 0.04529565945267677 -0.008701799437403679
v 0.02092588134109974 0.044057685881853104 -0.006901285611093044
v 0.021655311807990074 0.04248509556055069 -0.005321090575307608
v 0.022211285308003426 0.04061146825551987 -0.003996183164417744
v 0.022983022034168243 0.03829815611243248 -0.003697001375257969
v 0.02124631404876709 0.04269692674279213 -0.008799562230706215
v 0.020636051893234253 0.04350375384092331 -0.010014991275966167
v 0.019640937447547913 0.04430962726473808 -0.011905289255082607
v 0.01882101036608219 0.04461860656738281 -0.013398993760347366
v 0.017828403040766716 0.044640183448791504 -0.015143928118050098
v 0.021947626024484634 0.0386291928589344 -0.0025235845241695642
v 0.021590186282992363 0.040735188871622086 -0.0035395591985434294
v 0.021032726392149925 0.04262571409344673 -0.00487465551123023
v 0.020301250740885735 0.04421418160200119 -0.006467690225690603
v 0.019412366673350334 0.04546687752008438 -0.00828402116894722
v 0.018405232578516006 0.04632934555411339 -0.010245123878121376
v 0.017306126654148102 0.04678120091557503 -0.012301742099225521
v 0.01615777425467968 0.046804677695035934 -0.014375521801412106
v 0.015554802492260933 0.04324844479560852 -0.016854671761393547
v 0.016238940879702568 0.043280817568302155 -0.01673906110227108
v 0.01624668948352337 0.04424893856048584 -0.016783414408564568
v 0.01587538607418537 0.046688009053468704 -0.014920178800821304
v 0.015600568614900112 0.046446435153484344 -0.015428523533046246
v 0.01625516451895237 0.046244509518146515 -0.015715667977929115
v 0.016010884195566177 0.04590306058526039 -0.01612960547208786
v 0.017397837713360786 0.04414116218686104 -0.015809450298547745
v 0.017093759030103683 0.04469239339232445 -0.01618560217320919
v 0.016899779438972473 0.0440569743514061 -0.016418149694800377
v 0.01759025827050209 0.04448840767145157 -0.015534354373812675
v 0.01738862134516239 0.04515797272324562 -0.015742596238851547
v 0.017295770347118378 0.04366998374462128 -0.015903787687420845
v 0.016840873286128044 0.043357204645872116 -0.016400976106524467
v 0.017287995666265488 0.04346839711070061 -0.015881190076470375
v 0.016903426498174667 0.04578838497400284 -0.0158365610986948
v 0.016506584361195564 0.045135196298360825 -0.016457781195640564
v 0.015446917153894901 0.04557587951421738 -0.016380412504076958
v 0.01534723024815321 0.04609256982803345 -0.01587478630244732
v 0.015264976769685745 0.04594389721751213 -0.016013886779546738
v 0.015124025754630566 0.04563874378800392 -0.01624356210231781
v 0.014846572652459145 0.044717445969581604 -0.016639869660139084
v 0.015135463327169418 0.044473640620708466 -0.016803665086627007
v 0.014808152802288532 0.04451822489500046 -0.016682196408510208
v 0.01470725703984499 0.04327548295259476 -0.0166665930300951
v 0.015399962663650513 0.043247733265161514 -0.01684819534420967
v 0.015796836465597153 0.04547015205025673 -0.016469087451696396
v 0.015495767816901207 0.04441278427839279 -0.016867900267243385
v 0.01587984524667263 0.04669085890054703 -0.01491174940019846
v 0.01652178168296814 0.04648201912641525 -0.015240552835166454
v 0.014802694320678711 0.0359746553003788 -0.015186927281320095
v 0.01565024070441723 0.03594761714339256 -0.015375006012618542
v -0.015106195583939552 0.046352725476026535 -0.014433410950005054
v -0.014789159409701824 0.04642400145530701 -0.014257756993174553
v -0.01592067815363407 0.04637250304222107 -0.012175473384559155
v -0.021308423951268196 0.035881221294403076 -0.002677022712305188
v -0.021409401670098305 0.035894397646188736 -0.0029573182109743357
v -0.021321550011634827 0.03775439411401749 -0.0035289472434669733
v -0.016411839053034782 0.0442189946770668 -0.01501363143324852
v -0.01738051325082779 0.044910795986652374 -0.01316059660166502
v -0.017390228807926178 0.044173192232847214 -0.013261345215141773
v -0.018366215750575066 0.04448169469833374 -0.011304914951324463
v -0.018248597159981728 0.04380911588668823 -0.011650837026536465
v -0.01925809681415558 0.043683234602212906 -0.009533445350825787
v -0.01915137842297554 0.043014559894800186 -0.009863989427685738
v -0.02003314532339573 0.04253416508436203 -0.00789134856313467
v -0.019734404981136322 0.04218968749046326 -0.008639581501483917
v -0.020657479763031006 0.0410844087600708 -0.006450247950851917
v -0.020462175831198692 0.040575843304395676 -0.006979214958846569
v -0.021117081865668297 0.03936486691236496 -0.005242044106125832
v -0.020786620676517487 0.03944680839776993 -0.00614647101610899
v -0.021390629932284355 0.037454526871442795 -0.004322540946304798
v -0.021148402243852615 0.037175677716732025 -0.004989199340343475
v -0.021488001570105553 0.03595247119665146 -0.0036466217134147882
v -0.021214684471488 0.03608179837465286 -0.004624036140739918
v -0.02028568834066391 0.03811098635196686 -0.002363374689593911
v -0.020374968647956848 0.03594468906521797 -0.0017111834604293108
v -0.020742682740092278 0.035901084542274475 -0.001941282651387155
v -0.016553422436118126 0.04616203159093857 -0.012547711841762066
v -0.015426398254930973 0.04620581492781639 -0.014604988507926464
v -0.015993548557162285 0.04568442329764366 -0.014888574369251728
v -0.01699257269501686 0.04589403048157692 -0.01011076383292675
v -0.017621608451008797 0.045694343745708466 -0.010504988953471184
v -0.01796318031847477 0.04500739276409149 -0.008142273873090744
v -0.018589291721582413 0.044820740818977356 -0.008555294014513493
v -0.01880710758268833 0.04373359680175781 -0.006319449748843908
v -0.01943100243806839 0.04356173053383827 -0.0067483060993254185
v -0.019487153738737106 0.04212801903486252 -0.004721083212643862
v -0.020109493285417557 0.041972070932388306 -0.005162796471267939
v -0.019987814128398895 0.04022475704550743 -0.0033819375094026327
v -0.020609160885214806 0.04008574038743973 -0.00383384944871068
v -0.020906556397676468 0.03798948600888252 -0.0028228473383933306
v -0.020998094230890274 0.03588180989027023 -0.0021872639190405607
v -0.01633894257247448 0.044954005628824234 -0.015029150992631912
v -0.017089996486902237 0.04564325511455536 -0.01290741004049778
v -0.01812877133488655 0.04519275203347206 -0.010939105413854122
v -0.01906951516866684 0.04435009881854057 -0.009059524163603783
v -0.01988760195672512 0.04313499853014946 -0.0073168217204511166
v -0.020546957850456238 0.04160028696060181 -0.005787224043160677
v -0.021032510325312614 0.039778802543878555 -0.004504797048866749
v -0.014117776416242123 0.04288344085216522 -0.016741756349802017
v -0.013962928205728531 0.04288654029369354 -0.016736458986997604
v -0.014087674207985401 0.0440496951341629 -0.016755180433392525
v -0.014549660496413708 0.04600297659635544 -0.015470544807612896
v -0.014141133055090904 0.045973651111125946 -0.015474822372198105
v -0.015686793252825737 0.04428943246603012 -0.016060680150985718
v -0.01591130532324314 0.04353366792201996 -0.015749940648674965
v -0.015478994697332382 0.04365916922688484 -0.01629484072327614
v -0.015848398208618164 0.0430607870221138 -0.015755092725157738
v -0.015117350034415722 0.04292437061667442 -0.016475342214107513
v -0.01598968543112278 0.04474755749106407 -0.015615290962159634
v -0.016306936740875244 0.04418313130736351 -0.015192299149930477
v -0.01607547700405121 0.04393957927823067 -0.015549356117844582
v -0.01633894257247448 0.04495400935411453 -0.015029151923954487
v -0.014063781127333641 0.04521334916353226 -0.016267800703644753
v -0.013740400783717632 0.045281630009412766 -0.016135070472955704
v -0.014227068983018398 0.04459917172789574 -0.01660478301346302
v -0.013608780689537525 0.04494241997599602 -0.016326667740941048
v -0.013377613388001919 0.04404689371585846 -0.01659487746655941
v -0.013305025175213814 0.04353445768356323 -0.016626164317131042
v -0.013269745744764805 0.04293133690953255 -0.016560129821300507
v -0.015426396392285824 0.04620581492781639 -0.014604988507926464
v -0.014883222989737988 0.04586178809404373 -0.015596694312989712
v -0.015520937740802765 0.04538979008793831 -0.01571277715265751
v -0.014411657117307186 0.04509902372956276 -0.01635384000837803
v -0.015112821944057941 0.04474663361907005 -0.016337214037775993
v -0.014833658002316952 0.04386730119585991 -0.016665026545524597
v -0.014726631343364716 0.04289482161402702 -0.01664634793996811
v -0.01575295999646187 0.03575995936989784 -0.014275427907705307
v -0.015021911822259426 0.035623542964458466 -0.014995676465332508
v -0.014022338204085827 0.035582613199949265 -0.015262090601027012
v -0.021199384704232216 0.02187022753059864 -0.07950668781995773
v -0.018128152936697006 0.023539414629340172 -0.07441970705986023
v -0.01639753207564354 0.023362070322036743 -0.07540637254714966
v -0.0194687619805336 0.021692883223295212 -0.08049334585666656
v -0.015940304845571518 0.03105824999511242 -0.07598771899938583
v -0.02441028133034706 0.019194278866052628 -0.08393369615077972
v 0.020940139889717102 0.022189952433109283 -0.08064711838960648
v 0.01786757819354534 0.023783564567565918 -0.07553676515817642
v 0.019600769504904747 0.024003516882658005 -0.07456327974796295
v 0.022673333063721657 0.02240990474820137 -0.0796736404299736
v 0.0189499631524086 0.03168606758117676 -0.07514040917158127
v 0.02356307953596115 0.019514819607138634 -0.08544638007879257
v 0.042922791093587875 0.02961074560880661 -0.04544999822974205
v 0.036771487444639206 0.03010953776538372 -0.04554302617907524
v 0.036774057894945145 0.030506834387779236 -0.043582890182733536
v 0.042925361543893814 0.030008042231202126 -0.043489862233400345
v 0.0355680026113987 0.03799193352460861 -0.0450984463095665
v 0.04877842962741852 0.02794361300766468 -0.04548419639468193
v 0.02276591770350933 0.03671181574463844 -0.00911245122551918
v 0.01967966929078102 0.036191362887620926 -0.014432238414883614
v 0.017949048429727554 0.036368705332279205 -0.013445579446852207
v 0.021035294979810715 0.03688915818929672 -0.008125788532197475
v 0.017383433878421783 0.03616756945848465 -0.01440152432769537
v 0.017295772209763527 0.04366998374462128 -0.015903783962130547
v 0.026020420715212822 0.036051858216524124 -0.004009342286735773
v -0.019373605027794838 0.03639208897948265 -0.007972017861902714
v -0.016316061839461327 0.03594721108675003 -0.013315187767148018
v -0.018049253150820732 0.035727258771657944 -0.014288665726780891
v -0.021106800064444542 0.036172136664390564 -0.008945499546825886
v -0.01759449578821659 0.04304216429591179 -0.016751090064644814
v -0.02195294015109539 0.03573131561279297 -0.002496670465916395
v -0.03768550977110863 0.03831940144300461 -0.04771563038229942
v -0.03781627491116524 0.03860083967447281 -0.04848378524184227
v -0.03551683947443962 0.0390615276992321 -0.04855990409851074
v -0.04410867393016815 0.031241999939084053 -0.04566643759608269
v -0.04437631741166115 0.030612867325544357 -0.04553857073187828
v -0.04507499933242798 0.030844468623399734 -0.04573241248726845
v -0.04349086433649063 0.032386139035224915 -0.045899152755737305
v -0.04677750915288925 0.02878834679722786 -0.04654669761657715
v -0.04696596413850784 0.026659168303012848 -0.04605691134929657
v -0.047090910375118256 0.0264443252235651 -0.04686383530497551
v -0.045061368495225906 0.027601761743426323 -0.04492735490202904
v -0.045846834778785706 0.027304671704769135 -0.04502220079302788
v -0.04565027356147766 0.028826532885432243 -0.04532306268811226
v -0.04651942476630211 0.02696961723268032 -0.04541102424263954
v -0.03546542674303055 0.03876012936234474 -0.04779806733131409
v -0.03538765013217926 0.038180239498615265 -0.04722343385219574
v -0.03748447448015213 0.037761785089969635 -0.047138042747974396
v -0.03979284688830376 0.03748885169625282 -0.04755299910902977
v -0.039473630487918854 0.036975789815187454 -0.046977996826171875
v -0.04170600697398186 0.03630026429891586 -0.047316670417785645
v -0.04127860814332962 0.035852499306201935 -0.04674950987100601
v -0.04337537661194801 0.03478224202990532 -0.0470125637948513
v -0.04285296052694321 0.03441900014877319 -0.0464581698179245
v -0.04472772404551506 0.03300085291266441 -0.04665415361523628
v -0.0441279374063015 0.03273763507604599 -0.046116676181554794
v -0.04573248699307442 0.030994439497590065 -0.046249330043792725
v -0.03999834507703781 0.037736982107162476 -0.048323336988687515
v -0.04197889566421509 0.03650306165218353 -0.04808524623513222
v -0.0437067411839962 0.03492872789502144 -0.04777577146887779
v -0.04510624334216118 0.03308241441845894 -0.0474088229238987
v -0.04614592716097832 0.03100375458598137 -0.04699265584349632
v -0.04634290561079979 0.02885543555021286 -0.04581688717007637
v -0.04200337454676628 0.034273192286491394 -0.04628358781337738
v -0.04082546755671501 0.03530694916844368 -0.04649466276168823
v -0.03888486698269844 0.03648538142442703 -0.04673606529831886
v -0.03727206587791443 0.037103086709976196 -0.0468633808195591
v -0.03530586138367653 0.037500157952308655 -0.0469464436173439
v -0.04688004031777382 0.028652595356106758 -0.04730983078479767
v -0.04624493420124054 0.03088660165667534 -0.04775819554924965
v -0.04519912600517273 0.03298402205109596 -0.0481758788228035
v -0.0437907800078392 0.03484883904457092 -0.04854337498545647
v -0.042051032185554504 0.03644140064716339 -0.04885231703519821
v -0.04005540534853935 0.037692684680223465 -0.04908864572644234
v -0.03785475343465805 0.038572609424591064 -0.04924595355987549
v -0.03553323820233345 0.03904727101325989 -0.04931735247373581
v -0.03251853212714195 0.036379922181367874 -0.0476439893245697
v -0.03284475952386856 0.03645188733935356 -0.0472678504884243
v -0.03305555507540703 0.03738674148917198 -0.047462254762649536
v -0.03491957113146782 0.03906014934182167 -0.04928594455122948
v -0.034909676760435104 0.039059340953826904 -0.04928522929549217
v -0.034922726452350616 0.03906169533729553 -0.04853508248925209
v -0.034416377544403076 0.03897697478532791 -0.04924095794558525
v -0.03429673984646797 0.03894408047199249 -0.04922757297754288
v -0.03434273973107338 0.03894144669175148 -0.04848622530698776
v -0.03380576893687248 0.038708314299583435 -0.04841609299182892
v -0.03443315997719765 0.037166524678468704 -0.04687996581196785
v -0.03406858816742897 0.0377524234354496 -0.04712820425629616
v -0.03365391120314598 0.03719551861286163 -0.04701259359717369
v -0.03482801467180252 0.037439245730638504 -0.04693472385406494
v -0.03467908874154091 0.03810124844312668 -0.04720288887619972
v -0.03421252965927124 0.036736298352479935 -0.046793051064014435
v -0.03323960304260254 0.0365026518702507 -0.04699191078543663
v -0.034189265221357346 0.03653865307569504 -0.04675302281975746
v -0.03447752445936203 0.03864835947751999 -0.04775216057896614
v -0.03362968936562538 0.03816146031022072 -0.04763316363096237
v -0.03324958682060242 0.03839019685983658 -0.0486944317817688
v -0.0337255634367466 0.038707684725522995 -0.049147430807352066
v -0.033538561314344406 0.03859740123152733 -0.049114473164081573
v -0.033213887363672256 0.038356732577085495 -0.049047235399484634
v -0.03256652504205704 0.03756944090127945 -0.04885075241327286
v -0.03252599015831947 0.037434015423059464 -0.04846378415822983
v -0.032473549246788025 0.03738900274038315 -0.04880888760089874
v -0.03219914436340332 0.03619991987943649 -0.0485527329146862
v -0.032386597245931625 0.03633496165275574 -0.047874338924884796
v -0.03332936391234398 0.03837122768163681 -0.048327330499887466
v -0.03264016658067703 0.03745143115520477 -0.0481112115085125
v -0.032103706151247025 0.028899092227220535 -0.04707306995987892
v -0.03242309391498566 0.029079092666506767 -0.04616432264447212
v -0.03314416483044624 0.029201824218034744 -0.04551224410533905
v -0.03409382700920105 0.02923782542347908 -0.04527335613965988
v -0.0355224609375 0.040142402052879333 -0.043758973479270935
v -0.035525478422641754 0.04024576395750046 -0.043404363095760345
v -0.03784673288464546 0.03978200629353523 -0.04327946528792381
v -0.04671986773610115 0.02757582999765873 -0.04201768711209297
v -0.0465351864695549 0.02760239690542221 -0.04225032776594162
v -0.04633844271302223 0.029502088204026222 -0.04263313114643097
v -0.03530329093337059 0.03789745271205902 -0.0449863076210022
v -0.03748135268688202 0.03821411728858948 -0.04490623250603676
v -0.03726933151483536 0.03750043362379074 -0.04490325599908829
v -0.03947033733129501 0.03742896765470505 -0.04474261403083801
v -0.03899846598505974 0.03682670742273331 -0.044764429330825806
v -0.04127519205212593 0.036306459456682205 -0.044511158019304276
v -0.04082249477505684 0.03570454940199852 -0.0445345900952816
v -0.042849473655223846 0.03487366810441017 -0.044217415153980255
v -0.04200459271669388 0.034666646271944046 -0.0443226657807827
v -0.04412445053458214 0.033192917704582214 -0.0438740998506546
v -0.043487854301929474 0.03278414160013199 -0.04393915832042694
v -0.04507158696651459 0.03130027651786804 -0.04348854348063469
v -0.04415450617671013 0.031533416360616684 -0.04368477687239647
v -0.045647017657756805 0.029282748699188232 -0.04307844117283821
v -0.0449112243950367 0.029121844097971916 -0.04319498687982559
v -0.04600071534514427 0.02772102691233158 -0.042680397629737854
v -0.04505879804491997 0.02799905836582184 -0.04296721890568733
v -0.046871740370988846 0.029896924272179604 -0.0411776527762413
v -0.04708285629749298 0.027688030153512955 -0.040727779269218445
v -0.047063976526260376 0.027609292417764664 -0.04115615785121918
v -0.03781019151210785 0.039511196315288544 -0.04399259388446808
v -0.03551099821925163 0.03996393457055092 -0.04410764202475548
v -0.03546134755015373 0.03938962146639824 -0.044692136347293854
v -0.04004715755581856 0.038911521434783936 -0.04307620972394943
v -0.03999204933643341 0.038654278963804245 -0.0437985435128212
v -0.04204261675477028 0.03766816854476929 -0.04280167445540428
v -0.04197243973612785 0.03742622584104538 -0.04353241249918938
v -0.04378226399421692 0.03608211502432823 -0.042461786419153214
v -0.0437001958489418 0.03585674986243248 -0.04320014268159866
v -0.04519059509038925 0.03422234579920769 -0.042070649564266205
v -0.045099690556526184 0.03401423618197441 -0.04281574487686157
v -0.04623647406697273 0.032128624618053436 -0.04163609817624092
v -0.04613945260643959 0.031938377767801285 -0.04238710552453995
v -0.04677119851112366 0.02972474694252014 -0.04193369299173355
v -0.04697981849312782 0.02757474221289158 -0.04149942472577095
v -0.03538472205400467 0.03863166645169258 -0.04499579221010208
v -0.0376812145113945 0.038952767848968506 -0.044590871781110764
v -0.03978836163878441 0.03812563791871071 -0.044411979615688324
v -0.041701387614011765 0.03693998605012894 -0.044162068516016006
v -0.04337067902088165 0.03542443737387657 -0.043846916407346725
v -0.0447230190038681 0.033645015209913254 -0.043480049818754196
v -0.04572786018252373 0.031640101224184036 -0.04306918382644653
v -0.032513637095689774 0.037135813385248184 -0.04391464218497276
v -0.032381102442741394 0.03718402609229088 -0.04368530586361885
v -0.03263499587774277 0.03830550238490105 -0.04390135779976845
v -0.03430290147662163 0.04000425338745117 -0.04379480332136154
v -0.034089747816324234 0.04004368185997009 -0.043447259813547134
v -0.03406596556305885 0.038200173527002335 -0.044920288026332855
v -0.03430682793259621 0.037388481199741364 -0.04488445073366165
v -0.03365124762058258 0.0376422181725502 -0.04481101781129837
v -0.03418669477105141 0.0369359515607357 -0.044792886823415756
v -0.033236414194107056 0.03699532151222229 -0.044561225920915604
v -0.03467654809355736 0.038550738245248795 -0.04498576000332832
v -0.0350930280983448 0.03789905831217766 -0.04498690739274025
v -0.03463127464056015 0.037737395614385605 -0.04495474696159363
v -0.03538472205400467 0.03863167017698288 -0.04499579221010208
v -0.03324352577328682 0.0393972247838974 -0.043728090822696686
v -0.033208880573511124 0.039505474269390106 -0.043390411883592606
v -0.03293011710047722 0.038804687559604645 -0.04398905113339424
v -0.032917801290750504 0.039213452488183975 -0.04334858059883118
v -0.03246660903096199 0.03851962834596634 -0.04323485493659973
v -0.03226107731461525 0.037916190922260284 -0.04312464967370033
v -0.032191868871450424 0.03732370212674141 -0.043008338660001755
v -0.03433763235807419 0.03982425853610039 -0.04413171112537384
v -0.034474022686481476 0.039268504828214645 -0.04469338431954384
v -0.03332420065999031 0.03923684358596802 -0.044058628380298615
v -0.03362610191106796 0.03877342492341995 -0.044615574181079865
v -0.033051930367946625 0.03799331560730934 -0.044472839683294296
v -0.03284085914492607 0.03705580532550812 -0.044288311153650284
v -0.03409125655889511 0.029635122045874596 -0.043313220143318176
v -0.03314097598195076 0.02969449572265148 -0.04308156296610832
v -0.03241819888353348 0.029834987595677376 -0.04243497923016548
v -0.03209643065929413 0.03002287447452545 -0.041528671979904175
v -0.04135625809431076 0.028971295803785324 -0.043169137090444565
v -0.03521997109055519 0.029621237888932228 -0.04330892488360405
v -0.03522254154086113 0.029223941266536713 -0.045269060879945755
v -0.0413588285446167 0.02857399918138981 -0.04512927681207657
v -0.03421253338456154 0.036736298352479935 -0.046793051064014435
v -0.047168292105197906 0.02730252593755722 -0.042458850890398026
v 0.002391132526099682 0.053572364151477814 0.062493499368429184
v 0.00241676764562726 0.051611337810754776 0.06289093941450119
v 0.0024254126474261284 0.051629193127155304 0.06297993659973145
v 0.0024513627868145704 0.05361822247505188 0.06272569298744202
v 0.0024482731241732836 0.05164503678679466 0.06306049972772598
v 0.002538095461204648 0.053639598190784454 0.06284043937921524
v 0.0025062067434191704 0.05166597664356232 0.0631701722741127
v 0.002563735470175743 0.05167835205793381 0.06323792785406113
v 0.0026089162565767765 0.05364963412284851 0.06289813667535782
v 0.0026829191483557224 0.051692813634872437 0.06332433223724365
v 0.0027189492247998714 0.053658150136470795 0.06295394897460938
v 0.00283888285048306 0.0536605529487133 0.06298231333494186
v 0.002917618490755558 0.051697738468647 0.06338293850421906
v 0.0028919728938490152 0.053659580647945404 0.06298533082008362
v -0.0005829836591146886 0.05157443881034851 0.06290236115455627
v -0.0006086186622269452 0.05353546515107155 0.06250491738319397
v -0.0006170182023197412 0.05355311930179596 0.06259394437074661
v -0.0006425491883419454 0.05161873251199722 0.06313501298427582
v -0.0006396525423042476 0.05356844514608383 0.06267470121383667
v -0.0006972576957195997 0.05358804762363434 0.06278481334447861
v -0.0007289095665328205 0.05163784697651863 0.06325045228004456
v -0.0007545477710664272 0.05359909310936928 0.06285296380519867
v -0.0007994978222995996 0.05164603516459465 0.0633087083697319
v -0.0008734054863452911 0.05361081659793854 0.06294025480747223
v -0.0009092927793972194 0.05165167152881622 0.0633653998374939
v -0.0010290170321241021 0.051650915294885635 0.06339471787214279
v -0.001107695628888905 0.05361038073897362 0.06300055235624313
v -0.0010820500319823623 0.05164853855967522 0.06339816004037857
v 0.0023853457532823086 0.05267844721674919 0.0580831840634346
v 0.0024109806399792433 0.050717417150735855 0.058480627834796906
v -0.0005887705483473837 0.05068051815032959 0.05849204212427139
v -0.0006144054932519794 0.052641548216342926 0.05809459835290909
v -0.00044600205728784204 0.052511025220155716 0.057414036244153976
v -0.0004463584045879543 0.05055996775627136 0.057863444089889526
v -0.00010241398558719084 0.05047992244362831 0.057402368634939194
v -0.0001280308497371152 0.052440397441387177 0.05700505152344704
v -1.4344401279231533e-05 0.05046798288822174 0.057328566908836365
v 2.4029577616602182e-05 0.052421052008867264 0.056884508579969406
v 0.0005462820408865809 0.05042815953493118 0.05705660954117775
v 0.000908855814486742 0.05042550340294838 0.05701126530766487
v 0.0006227191188372672 0.052386146038770676 0.056637704372406006
v 0.000516882399097085 0.052388641983270645 0.05666041001677513
v 0.0023659744765609503 0.05064653605222702 0.05812493711709976
v 0.0023621085565537214 0.05262669920921326 0.05782569199800491
v 0.002326134592294693 0.050620995461940765 0.0579947866499424
v 0.0023005702532827854 0.0525815486907959 0.05759740248322487
v 0.0020909684244543314 0.050539251416921616 0.05757392197847366
v 0.00211388454772532 0.052512094378471375 0.05724036321043968
v 0.0019214319763705134 0.05050481855869293 0.05739467591047287
v 0.0018958321306854486 0.0524652823805809 0.056997306644916534
v 0.0015485815238207579 0.050457026809453964 0.057150110602378845
v 0.0015763613628223538 0.052422672510147095 0.05677850544452667
v 0.0012754242634400725 0.050437286496162415 0.0570547841489315
v 0.001249857828952372 0.052397582679986954 0.056657254695892334
v 0.0008832344901748002 0.05238548666238785 0.05661403387784958
v -0.025785371661186218 0.011788161471486092 0.07559113949537277
v -0.026282090693712234 0.011750226840376854 0.07508931308984756
v -0.026300080120563507 0.011607307009398937 0.0751183032989502
v -0.025998881086707115 0.008073348551988602 0.07634437084197998
v -0.026183288544416428 0.004192085936665535 0.07662113010883331
v -0.025688333436846733 0.0043649859726428986 0.07709559798240662
v -0.02620500698685646 0.0043345168232917786 0.07659228891134262
v -0.026499483734369278 0.00796787440776825 0.07585623115301132
v -0.026102762669324875 0.003599991789087653 0.07623086124658585
v -0.025516772642731667 0.0032008816488087177 0.07631099224090576
v -0.02610711380839348 0.0036582439206540585 0.07638346403837204
v -0.025525806471705437 0.0033163593616336584 0.07661639899015427
v -0.026122067123651505 0.0037783337756991386 0.07652202993631363
v -0.025557005777955055 0.0035530414897948503 0.07689425349235535
v -0.02614419162273407 0.003933978267014027 0.07660599797964096
v -0.02560376189649105 0.0038589593023061752 0.07706326991319656
v -0.026171887293457985 0.004118147771805525 0.07663051038980484
v -0.02566339448094368 0.0042201802134513855 0.07711373269557953
v -0.02626103349030018 0.011905127204954624 0.07503043115139008
v -0.0257386676967144 0.012091376818716526 0.07547469437122345
v -0.026239193975925446 0.012046385556459427 0.07490851730108261
v -0.02569139190018177 0.012367501854896545 0.07523216307163239
v -0.026224343106150627 0.012126605026423931 0.07476425170898438
v -0.025659842416644096 0.012523806653916836 0.07494448125362396
v -0.026215387508273125 0.012155167758464813 0.07458227872848511
v -0.025641027837991714 0.012578488327562809 0.07458101958036423
v -0.026214471086859703 0.01214551366865635 0.07449893653392792
v -0.02563910372555256 0.012558909133076668 0.07441438734531403
v -0.025519344955682755 0.0028035854920744896 0.07435084879398346
v -0.026105334982275963 0.0032026953995227814 0.07427072525024414
v -0.02621704339981079 0.011748217046260834 0.07253880053758621
v -0.025641676038503647 0.012161613442003727 0.07245425134897232
v -0.025809161365032196 0.001436534570530057 0.07309781014919281
v -0.025320978835225105 0.0016444517532363534 0.07356519997119904
v -0.025926342234015465 0.0019861888140439987 0.07309024780988693
v -0.025402413681149483 0.002003708388656378 0.07356161624193192
v -0.02601943165063858 0.002507599536329508 0.07328514754772186
v -0.025464605540037155 0.002345576649531722 0.07369270920753479
v -0.02605096437036991 0.0027121962048113346 0.07343359291553497
v -0.025485044345259666 0.0024800156243145466 0.07379207015037537
v -0.026094792410731316 0.003053137334063649 0.07385771721601486
v -0.025512808933854103 0.002704565180465579 0.0740753784775734
v -0.025468479841947556 0.012928048148751259 0.07127834111452103
v -0.02595934458076954 0.012925288639962673 0.07076937705278397
v -0.025519125163555145 0.012696677818894386 0.07135701924562454
v -0.026031170040369034 0.012570868246257305 0.07088887691497803
v -0.025578945875167847 0.012408346869051456 0.07157153636217117
v -0.026119085028767586 0.012129129841923714 0.0712125226855278
v -0.025599844753742218 0.012305151671171188 0.07170361280441284
v -0.026159977540373802 0.011926641687750816 0.07148189842700958
v -0.02620328776538372 0.011739015579223633 0.07199671119451523
v -0.025633206591010094 0.0121544124558568 0.07209307700395584
v -0.025605738162994385 0.012276298366487026 0.07175052165985107
v -0.023264219984412193 -0.004108677618205547 0.0747285857796669
v -0.024168958887457848 -0.0034534321166574955 0.07408680021762848
v -0.023715008050203323 -0.00442119874060154 0.07428235560655594
v -0.020331459119915962 -0.009668255224823952 0.07534143328666687
v -0.019941093400120735 -0.009262039326131344 0.07576875388622284
v -0.015831585973501205 -0.014036247506737709 0.07622087001800537
v -0.015521575696766376 -0.01355203427374363 0.07663248479366302
v -0.014948424883186817 -0.014690886251628399 0.07635239511728287
v -0.010231725871562958 -0.0167592354118824 0.0772756040096283
v -0.010445558466017246 -0.017301762476563454 0.07687567919492722
v -0.008416813798248768 -0.018145563080906868 0.0770440474152565
v -0.004342119675129652 -0.018719587475061417 0.07766521722078323
v -0.004448867868632078 -0.019297756254673004 0.07727237790822983
v 0.0018517514690756798 -0.01992214284837246 0.07739066332578659
v 0.0018459890270605683 -0.019332820549607277 0.07778139412403107
v -0.023314451798796654 0.011312483809888363 0.07517414540052414
v -0.02381006069481373 0.01147181075066328 0.07565266638994217
v -0.023228047415614128 0.004702686332166195 0.07651375979185104
v -0.023721927776932716 0.00472981994971633 0.07701907306909561
v -0.0232503991574049 0.011689575389027596 0.07458745688199997
v -0.023664850741624832 0.01224273256957531 0.07447588443756104
v -0.023253967985510826 0.011695974506437778 0.07475242763757706
v -0.02367267943918705 0.012254576198756695 0.07480602711439133
v -0.023266170173883438 0.011641042307019234 0.07492703199386597
v -0.023699600249528885 0.012141559273004532 0.07515586167573929
v -0.023282809183001518 0.0115412762388587 0.07505673915147781
v -0.02373690716922283 0.011937728151679039 0.07541617006063461
v -0.023304538801312447 0.011389091610908508 0.07515174895524979
v -0.02378680557012558 0.011627661995589733 0.07560733705759048
v -0.02320409007370472 0.0045430841855704784 0.0765184611082077
v -0.02366730570793152 0.004405510146170855 0.0770295113325119
v -0.02317976951599121 0.004374588839709759 0.07646118104457855
v -0.02361304871737957 0.0040633538737893105 0.07691600173711777
v -0.023161904886364937 0.004240081645548344 0.07634992897510529
v -0.02357388101518154 0.0037905368953943253 0.07669424265623093
v -0.023152345791459084 0.004148258361965418 0.07619033008813858
v -0.02355312369763851 0.0036048460751771927 0.07637546211481094
v -0.023151563480496407 0.004128689412027597 0.07611983269453049
v -0.023551419377326965 0.0035655200481414795 0.07623450458049774
v -0.02366742119193077 0.011845435947179794 0.07251574844121933
v -0.023252971470355988 0.011292279697954655 0.07262732088565826
v -0.023154133930802345 0.0037313932552933693 0.07415969669818878
v -0.023553991690278053 0.0031682238914072514 0.07427436858415604
v -0.023663390427827835 0.011826813220977783 0.07226085662841797
v -0.023246610537171364 0.011263348162174225 0.07224518805742264
v -0.02364174649119377 0.011912311427295208 0.07190591096878052
v -0.023213310167193413 0.011386910453438759 0.07171371579170227
v -0.023625938221812248 0.011989029124379158 0.07176509499549866
v -0.023180432617664337 0.011544056236743927 0.07143664360046387
v -0.023003874346613884 0.01241444144397974 0.07086904346942902
v -0.023493170738220215 0.012611701153218746 0.07133986800909042
v -0.023102831095457077 0.011930334381759167 0.07106740027666092
v -0.023565510287880898 0.012283054180443287 0.07147330790758133
v -0.02361968904733658 0.012019856832921505 0.07172062993049622
v -0.02313779667019844 0.0035255104303359985 0.07364439219236374
v -0.02354346588253975 0.00302955973893404 0.07393111288547516
v -0.023086823523044586 0.003149572992697358 0.07323626428842545
v -0.02350974641740322 0.0027750013396143913 0.07365982979536057
v -0.0230576079338789 0.00296706217341125 0.0731198713183403
v -0.02348991483449936 0.002651283284649253 0.07358264923095703
v -0.022964708507061005 0.002463219454512 0.0729587972164154
v -0.023424869403243065 0.0023097004741430283 0.0734764114022255
v -0.022867996245622635 0.0020199192222207785 0.07297571003437042
v -0.02335457317531109 0.0020092856138944626 0.07348866760730743
v -0.005027260165661573 -0.01654215157032013 0.07722477614879608
v 0.0018203676445409656 -0.01737282983958721 0.07738415896892548
v 0.0018133193952962756 -0.01698216423392296 0.0767948180437088
v -0.004900041036307812 -0.016167769208550453 0.07663855701684952
v -0.007355042267590761 -0.015395927242934704 0.07648533582687378
v -0.011397482827305794 -0.013942758552730083 0.07670626789331436
v -0.01114535704255104 -0.01361933909356594 0.0761302188038826
v -0.01318683847784996 -0.01231139525771141 0.07586778700351715
v -0.01682392880320549 -0.00976494885981083 0.07586659491062164
v -0.016465403139591217 -0.009523449465632439 0.07530701160430908
v -0.017987389117479324 -0.007833895273506641 0.07496654987335205
v -0.020909324288368225 -0.004314593970775604 0.07476723939180374
v -0.021419458091259003 -0.002277958206832409 0.07384493201971054
v -0.020470691844820976 -0.0041799661703407764 0.07422920316457748
v -0.02922816015779972 0.029986383393406868 -0.04441113397479057
v -0.029721714556217194 0.029490238055586815 -0.04430992528796196
v -0.028365720063447952 0.028570914641022682 -0.051450833678245544
v -0.02884489856660366 0.02805117890238762 -0.05146694928407669
v -0.025810055434703827 0.027259154245257378 -0.058088041841983795
v -0.02624663896858692 0.02671755664050579 -0.05821477994322777
v -0.021709689870476723 0.02612733468413353 -0.06393703818321228
v -0.022077934816479683 0.02556687220931053 -0.0641612559556961
v -0.01630292646586895 0.02524123340845108 -0.06865788996219635
v -0.016581060364842415 0.02466600202023983 -0.06896079331636429
v -0.009903984144330025 0.024652346968650818 -0.07197624444961548
v -0.010075467638671398 0.02406730316579342 -0.07233445346355438
v -0.002884745365008712 0.02439490146934986 -0.07369924336671829
v -0.00293924193829298 0.023805566132068634 -0.07408617436885834
v 0.004346855916082859 0.024483857676386833 -0.07372676581144333
v 0.0044128866866230965 0.023896005004644394 -0.07411415129899979
v 0.01137054618448019 0.02491404488682747 -0.07205720245838165
v 0.011553637683391571 0.02433336153626442 -0.0724167600274086
v 0.01777813211083412 0.02566046267747879 -0.068787582218647
v 0.018068017438054085 0.025092219933867455 -0.06909264624118805
v 0.02319723181426525 0.026679731905460358 -0.06410792469978333
v 0.023577434942126274 0.026128478348255157 -0.06433498859405518
v 0.027312904596328735 0.027912618592381477 -0.05829019472002983
v 0.027761701494455338 0.027381911873817444 -0.05842030420899391
v 0.02988596074283123 0.029287466779351234 -0.05167250335216522
v 0.030377643182873726 0.02877967432141304 -0.05169231444597244
v 0.030766865238547325 0.030724380165338516 -0.04463943839073181
v 0.03127323091030121 0.030240535736083984 -0.04454203322529793
v -0.004468635190278292 0.03478698059916496 -0.014769202098250389
v -0.004899553954601288 0.03527071699500084 -0.012354600243270397
v -0.004917650483548641 0.035443857312202454 -0.012392517179250717
v -0.004587642382830381 0.035237718373537064 -0.014880964532494545
v -0.004965559113770723 0.035606689751148224 -0.012433748692274094
v -0.005083837546408176 0.03582250326871872 -0.012498538941144943
v -0.0047659436240792274 0.0354660265147686 -0.014959756284952164
v -0.005196882877498865 0.03594978153705597 -0.012545048259198666
v -0.004901278298348188 0.03557077795267105 -0.015006562694907188
v -0.005437512882053852 0.036112841218709946 -0.01262381300330162
v -0.005123799666762352 0.03567385673522949 -0.015071065165102482
v -0.0052888947539031506 0.035710692405700684 -0.015112110413610935
v -0.005894701462239027 0.036201171576976776 -0.012734292075037956
v -0.005463568959385157 0.0357171967625618 -0.015150096267461777
v 0.006560276262462139 0.03541168197989464 -0.012398209422826767
v 0.00612302590161562 0.03491726890206337 -0.014809507876634598
v 0.006136565003544092 0.03509077429771423 -0.014847544021904469
v 0.00666730897501111 0.03586520627140999 -0.012510813772678375
v 0.006180142518132925 0.03525475785136223 -0.014889128506183624
v 0.006292594596743584 0.035473428666591644 -0.014954841695725918
v 0.006839350797235966 0.03609783574938774 -0.01259084977209568
v 0.006402086466550827 0.03560340777039528 -0.015002255327999592
v 0.006971738301217556 0.03620591759681702 -0.012638564221560955
v 0.006637995131313801 0.035772282630205154 -0.015083075501024723
v 0.007191200274974108 0.03631448373198509 -0.012704451568424702
v 0.00735505111515522 0.03635542094707489 -0.012746443971991539
v 0.00709185004234314 0.03587163984775543 -0.015197874046862125
v 0.007529317867010832 0.0363663025200367 -0.012785375118255615
v 0.0056243655271828175 0.0315110944211483 -0.011444427073001862
v 0.005186897702515125 0.031016431748867035 -0.013856922276318073
v 0.005362926051020622 0.03102932870388031 -0.013885971158742905
v 0.006082170642912388 0.03161490336060524 -0.011537517420947552
v 0.005528167821466923 0.031071817502379417 -0.013920438475906849
v 0.005748988129198551 0.03118191286921501 -0.013978909701108932
v 0.006319175940006971 0.0317850336432457 -0.011612222529947758
v 0.005881908815354109 0.03129059821367264 -0.01402362622320652
v 0.006428982131183147 0.031915370374917984 -0.01165801752358675
v 0.0060543520376086235 0.0315236859023571 -0.014101452194154263
v 0.0065415701828897 0.03213418647646904 -0.01172285620123148
v 0.006585163529962301 0.032298170030117035 -0.011764327064156532
v 0.006161457858979702 0.03197728842496872 -0.01421365886926651
v 0.006598708685487509 0.032471705228090286 -0.011802361346781254
v -0.003860749304294586 0.03139441832900047 -0.011408332735300064
v -0.004037217702716589 0.03140290081501007 -0.011436431668698788
v -0.0034296170342713594 0.030910439789295197 -0.013824133202433586
v -0.0038906713016331196 0.031003115698695183 -0.013912870548665524
v -0.00420363387092948 0.03144124895334244 -0.011469928547739983
v -0.004427468404173851 0.03154580667614937 -0.01152699813246727
v -0.0041324058547616005 0.03116740845143795 -0.01398551370948553
v -0.004563347902148962 0.03165116906166077 -0.011570810340344906
v -0.004245721735060215 0.031294986605644226 -0.014030388556420803
v -0.004742042627185583 0.03187992051243782 -0.011647391133010387
v -0.004364175722002983 0.03151099756360054 -0.014094321988523006
v -0.0044121090322732925 0.03167388215661049 -0.014135445468127728
v -0.004861121531575918 0.03233073651790619 -0.011758752167224884
v -0.004430203232914209 0.03184700012207031 -0.014173354022204876
v 0.0008790337014943361 0.03102419525384903 -0.013540762476623058
v 0.0008822486270219088 0.031520817428827286 -0.011090585961937904
v 0.004490758758038282 0.035925209522247314 -0.014765777625143528
v 0.0008149802451953292 0.035924166440963745 -0.014533843845129013
v -0.0028613698668777943 0.035834770649671555 -0.014737799763679504
v 0.027698352932929993 0.036681149154901505 -0.05834978446364403
v 0.027654794976115227 0.04001312702894211 -0.059025079011917114
v 0.02729453332722187 0.03637823089957237 -0.05981836095452309
v 0.027250977233052254 0.039710208773612976 -0.06049365550279617
v 0.026195134967565536 0.03614659234881401 -0.06089037284255028
v 0.02615157701075077 0.03947857394814491 -0.061565667390823364
v 0.024694742634892464 0.03604830428957939 -0.0612785778939724
v 0.024651186540722847 0.039380282163619995 -0.06195387244224548
v 0.023195384070277214 0.036109693348407745 -0.06087895855307579
v 0.023151827976107597 0.03944167494773865 -0.06155425310134888
v 0.022098811343312263 0.03631431981921196 -0.05979859083890915
v 0.022055255249142647 0.039646297693252563 -0.060473885387182236
v 0.0216988492757082 0.036607347428798676 -0.058326952159404755
v 0.021655291318893433 0.03993932902812958 -0.05900224670767784
v 0.026083096861839294 0.03650237247347832 -0.059127695858478546
v 0.025496752932667732 0.036378830671310425 -0.05969943851232529
v 0.02469654195010662 0.03632641211152077 -0.059906478971242905
v 0.02389688417315483 0.03635914996266365 -0.0596933513879776
v 0.023312045261263847 0.03646828606724739 -0.0591171495616436
v 0.02309873327612877 0.036624569445848465 -0.058332279324531555
v 0.023314103484153748 0.03678612411022186 -0.057549040764570236
v 0.02210266888141632 0.03691026568412781 -0.056858375668525696
v 0.02390044741332531 0.03690966218709946 -0.0569772943854332
v 0.023202065378427505 0.03714190050959587 -0.055786363780498505
v 0.02470065839588642 0.03696208447217941 -0.05677025765180588
v 0.02470245771110058 0.03724019229412079 -0.055398158729076385
v 0.02550031617283821 0.03692934289574623 -0.05698338523507118
v 0.026201816275715828 0.037178803235292435 -0.05579777806997299
v 0.026085155084729195 0.03682021051645279 -0.05755958706140518
v 0.027298390865325928 0.03697417676448822 -0.05687814578413963
v 0.026298468932509422 0.036663927137851715 -0.05834445729851723
v 0.026350991800427437 0.03264595568180084 -0.057530131191015244
v 0.026135621592402458 0.032484401017427444 -0.05831336975097656
v 0.025549275800585747 0.03236085921525955 -0.0588851124048233
v 0.024749066680669785 0.032308436930179596 -0.05909215286374092
v 0.023949407041072845 0.03234117850661278 -0.058879025280475616
v 0.02336456999182701 0.03245031461119652 -0.05830282345414162
v 0.023151258006691933 0.032606594264507294 -0.05751795321702957
v 0.03031887672841549 0.03830920159816742 -0.050485819578170776
v 0.030275320634245872 0.04164117947220802 -0.05116111785173416
v 0.029915055260062218 0.03800628334283829 -0.051954399794340134
v 0.0298714991658926 0.04133826121687889 -0.05262969434261322
v 0.028815658763051033 0.037774644792079926 -0.053026411682367325
v 0.028772102668881416 0.04110662639141083 -0.05370170623064041
v 0.02731526643037796 0.03767635300755501 -0.053414613008499146
v 0.027271710336208344 0.04100833460688591 -0.05408991128206253
v 0.02581590786576271 0.03773774579167366 -0.05301499366760254
v 0.025772349908947945 0.04106972739100456 -0.053690291941165924
v 0.02471933513879776 0.037942372262477875 -0.051934629678726196
v 0.024675777181982994 0.04127435013651848 -0.05260992422699928
v 0.024319373071193695 0.03823539987206459 -0.0504629909992218
v 0.02427581697702408 0.04156738147139549 -0.05113828554749489
v 0.02870567888021469 0.038448262959718704 -0.04969562217593193
v 0.029918914660811424 0.038602229207754135 -0.04901418462395668
v 0.02891899086534977 0.03829197958111763 -0.050480492413043976
v 0.02870362251996994 0.03813042491674423 -0.05126373469829559
v 0.02811727672815323 0.03800688311457634 -0.051835477352142334
v 0.027317067608237267 0.03795446455478668 -0.05204251408576965
v 0.026517407968640327 0.037987202405929565 -0.05182939022779465
v 0.025932570919394493 0.038096338510513306 -0.05125318840146065
v 0.025719257071614265 0.03825262188911438 -0.0504683181643486
v 0.025934627279639244 0.03841417655348778 -0.04968507960438728
v 0.024723192676901817 0.03853831812739372 -0.048994410783052444
v 0.026520973071455956 0.03853771463036537 -0.049113333225250244
v 0.025822589173913002 0.038769952952861786 -0.04792240262031555
v 0.027321182191371918 0.03859013691544533 -0.048906296491622925
v 0.027322983369231224 0.038868244737386703 -0.04753419756889343
v 0.028120841830968857 0.038557395339012146 -0.04911942034959793
v 0.028822340071201324 0.03880685567855835 -0.04793381690979004
v 0.028971515595912933 0.03427400812506676 -0.04966616630554199
v 0.028756145387887955 0.03411245346069336 -0.05044940859079361
v 0.028169801458716393 0.03398891165852547 -0.05102115124464035
v 0.02736959047615528 0.03393648937344551 -0.05122818797826767
v 0.02656993269920349 0.03396923094987869 -0.051015064120292664
v 0.025985093787312508 0.03407836705446243 -0.050438862293958664
v 0.02577177993953228 0.03423464670777321 -0.04965399205684662
v 0.030329739674925804 0.03998727351427078 -0.042206719517707825
v 0.030286183580756187 0.043319255113601685 -0.04288201406598091
v 0.029925918206572533 0.03968435898423195 -0.043675296008586884
v 0.029882362112402916 0.04301633685827255 -0.04435059055685997
v 0.028826521709561348 0.03945272043347359 -0.044747307896614075
v 0.02878296561539173 0.04278470203280449 -0.04542260244488716
v 0.027326129376888275 0.03935442864894867 -0.045135512948036194
v 0.02728257328271866 0.04268641024827957 -0.04581080749630928
v 0.025826770812273026 0.03941582143306732 -0.04473589360713959
v 0.02578321471810341 0.042747799307107925 -0.045411188155412674
v 0.024730198085308075 0.03962044417858124 -0.043655525892972946
v 0.024686641991138458 0.04295242577791214 -0.04433082044124603
v 0.02433023601770401 0.03991347551345825 -0.04218388721346855
v 0.024286679923534393 0.043245453387498856 -0.04285918176174164
v 0.028716541826725006 0.040126338601112366 -0.04141652211546898
v 0.02992977760732174 0.0402803048491478 -0.04073508083820343
v 0.028929853811860085 0.03997005522251129 -0.042201392352581024
v 0.028714485466480255 0.039808500558137894 -0.04298463091254234
v 0.028128139674663544 0.03968495875597 -0.043556373566389084
v 0.02732793055474758 0.039632536470890045 -0.0437634140253067
v 0.02652827277779579 0.03966527804732323 -0.0435502864420414
v 0.025943433865904808 0.03977441415190697 -0.0429740846157074
v 0.02573012001812458 0.03993069380521774 -0.04218921437859535
v 0.025945492088794708 0.04009224846959114 -0.04140597581863403
v 0.024734055623412132 0.040216393768787384 -0.04071531072258949
v 0.02653183601796627 0.04021579027175903 -0.04083423316478729
v 0.025833452120423317 0.04044802859425545 -0.0396432988345623
v 0.027332045137882233 0.04026821255683899 -0.040627192705869675
v 0.02733384631574154 0.040546320378780365 -0.03925509378314018
v 0.028131704777479172 0.04023547098040581 -0.04084032028913498
v 0.02883320488035679 0.04048492759466171 -0.03965471312403679
v 0.02898237854242325 0.03595208376646042 -0.04138706624507904
v 0.02876700833439827 0.03579052537679672 -0.04217030480504036
v 0.028180664405226707 0.03566698729991913 -0.0427420474588871
v 0.027380453422665596 0.03561456501483917 -0.04294908791780472
v 0.026580795645713806 0.035647306591272354 -0.04273596033453941
v 0.025995956733822823 0.035756438970565796 -0.042159758508205414
v 0.025782642886042595 0.03591272234916687 -0.04137488827109337
v 0.027729878202080727 0.04155111312866211 -0.034322891384363174
v 0.02768632210791111 0.04488309100270271 -0.03499818593263626
v 0.027326058596372604 0.04124819487333298 -0.03579146787524223
v 0.027282502502202988 0.04458017274737358 -0.03646676614880562
v 0.02622666023671627 0.041016556322574615 -0.036863479763269424
v 0.026183104142546654 0.04434853792190552 -0.03753877431154251
v 0.024726267904043198 0.040918268263339996 -0.037251684814691544
v 0.02468271180987358 0.0442502461373806 -0.03792697936296463
v 0.023226909339427948 0.04097965732216835 -0.03685206547379494
v 0.02318335324525833 0.04431163892149925 -0.037527360022068024
v 0.022130336612462997 0.041184283792972565 -0.035771697759628296
v 0.02208678051829338 0.04451626166701317 -0.03644699230790138
v 0.021730374544858932 0.04147731140255928 -0.0343000590801239
v 0.021686818450689316 0.04480929300189018 -0.034975357353687286
v 0.023130260407924652 0.04149453341960907 -0.0343053862452507
v 0.02334562875330448 0.04165608808398247 -0.03352214768528938
v 0.022134196013212204 0.04178022965788841 -0.03283148258924484
v 0.023931974545121193 0.04177962616086006 -0.03295040503144264
v 0.02323359251022339 0.042011864483356476 -0.03175947070121765
v 0.024732183665037155 0.04183204844594002 -0.032743364572525024
v 0.02473398484289646 0.04211015626788139 -0.03137126564979553
v 0.025531843304634094 0.041799306869506836 -0.03295649215579033
v 0.026233341544866562 0.04204876720905304 -0.03177088499069214
v 0.02611668035387993 0.041690174490213394 -0.03353269398212433
v 0.02732991613447666 0.041844140738248825 -0.03285125270485878
v 0.026329994201660156 0.04153389111161232 -0.034317564219236374
v 0.02611462213099003 0.04137233644723892 -0.03510080277919769
v 0.025528278201818466 0.04124879464507103 -0.03567254915833473
v 0.024728069081902504 0.04119637608528137 -0.03587958589196205
v 0.023928409442305565 0.041229113936424255 -0.03566645830869675
v 0.02334357239305973 0.041338250041007996 -0.03509025648236275
v 0.02638251893222332 0.03751591965556145 -0.03350323811173439
v 0.026167146861553192 0.03735436499118805 -0.03428647667169571
v 0.02558080293238163 0.03723082318902016 -0.03485822305083275
v 0.02478059194982052 0.0371784009039402 -0.03506525978446007
v 0.02398093417286873 0.03721114248037338 -0.03485213220119476
v 0.023396095260977745 0.03732027858495712 -0.034275930374860764
v 0.023182783275842667 0.0374765582382679 -0.03349106013774872
v 0.01594659499824047 0.043749917298555374 -0.02271372452378273
v 0.015903038904070854 0.047081898897886276 -0.023389019072055817
v 0.015542777255177498 0.04344700276851654 -0.024182302877306938
v 0.015499221161007881 0.046778980642557144 -0.024857597425580025
v 0.014443380758166313 0.04321536421775818 -0.02525431290268898
v 0.014399823732674122 0.04654734581708908 -0.025929609313607216
v 0.012942987494170666 0.04311707243323326 -0.0256425179541111
v 0.012899431400001049 0.04644905403256416 -0.026317812502384186
v 0.011443628929555416 0.04317846521735191 -0.025242898613214493
v 0.011400071904063225 0.04651044309139252 -0.02591819316148758
v 0.010347056202590466 0.04338308796286583 -0.02416253089904785
v 0.010303499177098274 0.04671506956219673 -0.024837825447320938
v 0.0099470941349864 0.043676119297742844 -0.022690894082188606
v 0.00990353710949421 0.04700809717178345 -0.023366188630461693
v 0.014333399944007397 0.04388897866010666 -0.021923527121543884
v 0.01554663572460413 0.04404294863343239 -0.021242085844278336
v 0.01454671286046505 0.04373269900679588 -0.02270839735865593
v 0.014331342652440071 0.043571144342422485 -0.02349163591861725
v 0.01374499686062336 0.04344760254025459 -0.02406338043510914
v 0.012944787740707397 0.04339518025517464 -0.024270417168736458
v 0.012145129963755608 0.04342792183160782 -0.02405729331076145
v 0.011560291051864624 0.04353705793619156 -0.023481091484427452
v 0.011346978135406971 0.043693337589502335 -0.022696221247315407
v 0.011562349274754524 0.04385489225387573 -0.02191298082470894
v 0.010350913740694523 0.04397903382778168 -0.021222315728664398
v 0.012148693203926086 0.043978434056043625 -0.02134123630821705
v 0.011450311169028282 0.04421067237854004 -0.020150303840637207
v 0.012948903255164623 0.04403085634112358 -0.02113419957458973
v 0.012950703501701355 0.04430896416306496 -0.019762100651860237
v 0.013748561032116413 0.0439981147646904 -0.021347325295209885
v 0.01445006299763918 0.044247571378946304 -0.020161718130111694
v 0.014599236659705639 0.03971472382545471 -0.021894071251153946
v 0.01438386645168066 0.039553169161081314 -0.022677309811115265
v 0.013797520659863949 0.03942963108420372 -0.023249054327607155
v 0.012997311539947987 0.039377208799123764 -0.023456091061234474
v 0.012197653762996197 0.039409950375556946 -0.023242967203259468
v 0.011612814851105213 0.03951908275485039 -0.02266676537692547
v 0.01139950193464756 0.03967536613345146 -0.021881895139813423
v 0.007916606962680817 0.044169653207063675 -0.02012477070093155
v 0.007873049937188625 0.04750163480639458 -0.020800067111849785
v 0.007512786891311407 0.04386673867702484 -0.02159334346652031
v 0.00746923079714179 0.047198716551065445 -0.022268638014793396
v 0.006413389928638935 0.04363510012626648 -0.02266536094248295
v 0.006369833834469318 0.04696707800030708 -0.023340657353401184
v 0.004912997130304575 0.04353680834174156 -0.023053564131259918
v 0.004869441036134958 0.046868789941072464 -0.023728860542178154
v 0.0034136385656893253 0.043598201125860214 -0.02265394665300846
v 0.003370082238689065 0.04693017899990082 -0.023329241201281548
v 0.0023170653730630875 0.04380282759666443 -0.021573571488261223
v 0.002273509046062827 0.04713480547070503 -0.02224886603653431
v 0.0019171038875356317 0.044095855206251144 -0.020101942121982574
v 0.0018735475605353713 0.04742783308029175 -0.02077723667025566
v 0.004914797842502594 0.04381491616368294 -0.021681465208530426
v 0.004115139599889517 0.04384765774011612 -0.021468333899974823
v 0.0035303004551678896 0.04395679384469986 -0.02089213952422142
v 0.00331698777154088 0.044113073498010635 -0.020107267424464226
v 0.003532357979565859 0.04427462816238403 -0.019324028864502907
v 0.0023209231439977884 0.04439876973628998 -0.018633361905813217
v 0.004118703305721283 0.044398169964551926 -0.018752288073301315
v 0.0034203205723315477 0.04463040828704834 -0.017561351880431175
v 0.0049189128912985325 0.04445059224963188 -0.0185452438890934
v 0.004920713137835264 0.04472870007157326 -0.017173144966363907
v 0.005718570668250322 0.0444178506731987 -0.018758375197649002
v 0.006420072168111801 0.044667307287454605 -0.017572766169905663
v 0.006303410045802593 0.04430871456861496 -0.019334573298692703
v 0.007516644895076752 0.04446268454194069 -0.018653133884072304
v 0.006516722496598959 0.044152434915304184 -0.020119445398449898
v 0.00630135228857398 0.043990880250930786 -0.020902683958411217
v 0.005715006962418556 0.043867338448762894 -0.02147442102432251
v 0.006569246295839548 0.04013445973396301 -0.019305119290947914
v 0.0063538760878145695 0.039972905069589615 -0.020088357850909233
v 0.005767530761659145 0.03984936699271202 -0.020660094916820526
v 0.004967321641743183 0.039796944707632065 -0.020867139101028442
v 0.004167663399130106 0.03982968628406525 -0.02065400779247284
v 0.0035828242544084787 0.03993881866335869 -0.020077813416719437
v 0.0033695115707814693 0.04009510204195976 -0.019292941316962242
v -0.0005301543278619647 0.044065751135349274 -0.02009262889623642
v -0.0005737106548622251 0.04739772900938988 -0.020767923444509506
v -0.0009339737007394433 0.04376283660531044 -0.02156119979918003
v -0.0009775300277397037 0.047094814479351044 -0.022236494347453117
v -0.0020333712454885244 0.04353119805455208 -0.02263321727514267
v -0.002076927572488785 0.04686317592859268 -0.023308513686060905
v -0.0035337635781615973 0.04343290627002716 -0.02302142232656479
v -0.0035773199051618576 0.046764884144067764 -0.023696716874837875
v -0.0050331223756074905 0.043494295328855515 -0.022621802985668182
v -0.005076678469777107 0.04682627692818642 -0.02329709753394127
v -0.006129695102572441 0.04369892179965973 -0.021541427820920944
v -0.006173251662403345 0.04703090339899063 -0.02221672423183918
v -0.006529656704515219 0.043991949409246445 -0.020069798454642296
v -0.006573213264346123 0.04732393100857735 -0.020745093002915382
v -0.003531963098794222 0.043711014091968536 -0.021649323403835297
v -0.004331620875746012 0.04374375566840172 -0.021436190232634544
v -0.004916460253298283 0.04385288804769516 -0.02085999585688114
v -0.005129772704094648 0.044009171426296234 -0.020075125619769096
v -0.00491440249606967 0.04417072609066963 -0.019291887059807777
v -0.0061258370988070965 0.04429486766457558 -0.018601220101118088
v -0.004328057169914246 0.044294264167547226 -0.018720144405961037
v -0.0050264401361346245 0.04452650621533394 -0.017529208213090897
v -0.0035278480499982834 0.04434668645262718 -0.01851310022175312
v -0.0035260478034615517 0.044624797999858856 -0.017141001299023628
v -0.0027281902730464935 0.044313944876194 -0.018726233392953873
v -0.002026689238846302 0.044563405215740204 -0.017540624365210533
v -0.0021433511283248663 0.04420481249690056 -0.019302431493997574
v -0.0009301158133894205 0.04435877874493599 -0.018620992079377174
v -0.001930038444697857 0.044048529118299484 -0.02008730173110962
v -0.0021454086527228355 0.043886974453926086 -0.020870540291070938
v -0.0027317539788782597 0.04376343637704849 -0.02144227735698223
v -0.0018775146454572678 0.04003055766224861 -0.019272975623607635
v -0.0020928848534822464 0.039869002997875214 -0.020056214183568954
v -0.0026792301796376705 0.03974546492099762 -0.020627951249480247
v -0.0034794392995536327 0.039693042635917664 -0.020834997296333313
v -0.004279097076505423 0.039725784212350845 -0.02062186412513256
v -0.0048639364540576935 0.03983491659164429 -0.020045669749379158
v -0.005077248904854059 0.03999119624495506 -0.019260799512267113
v -0.008566857315599918 0.04344837740063667 -0.022620441392064095
v -0.00861041434109211 0.046780358999967575 -0.02329573594033718
v -0.008970677852630615 0.04314546287059784 -0.024089019745588303
v -0.009014233946800232 0.04647744074463844 -0.02476431429386139
v -0.0100700743496418 0.04291382431983948 -0.025161029770970345
v -0.010113631375133991 0.04624580591917038 -0.02583632618188858
v -0.011570467613637447 0.04281553253531456 -0.025549234822392464
v -0.011614023707807064 0.04614751413464546 -0.02622452937066555
v -0.013069826178252697 0.04287692531943321 -0.025149615481495857
v -0.013113383203744888 0.046208903193473816 -0.025824910029768944
v -0.014166398905217648 0.04308154806494713 -0.024069247767329216
v -0.014209955930709839 0.04641352966427803 -0.024744542315602303
v -0.014566360041499138 0.04337457939982414 -0.02259761095046997
v -0.01460991706699133 0.046706557273864746 -0.023272905498743057
v -0.010180055163800716 0.043587442487478256 -0.02183024398982525
v -0.008966820314526558 0.04374140873551369 -0.0211488027125597
v -0.009966742247343063 0.04343115910887718 -0.022615114226937294
v -0.010182112455368042 0.043269604444503784 -0.023398352786898613
v -0.010768457315862179 0.04314606264233589 -0.023970097303390503
v -0.011568667367100716 0.043093640357255936 -0.024177134037017822
v -0.012368325144052505 0.04312638193368912 -0.023964010179042816
v -0.012953164055943489 0.04323551803827286 -0.023387808352708817
v -0.013166476972401142 0.04339179769158363 -0.02260293811559677
v -0.012951106764376163 0.04355335235595703 -0.021819697692990303
v -0.01416254136711359 0.043677497655153275 -0.021129032596945763
v -0.012364760972559452 0.043676894158124924 -0.021247953176498413
v -0.013063144870102406 0.04390913248062134 -0.02005702070891857
v -0.01156455185264349 0.04372931644320488 -0.021040916442871094
v -0.011562751606106758 0.044007424265146255 -0.0196688175201416
v -0.010764893144369125 0.0436965748667717 -0.02125404216349125
v -0.010063393041491508 0.0439460314810276 -0.020068436861038208
v -0.009914218448102474 0.03941318765282631 -0.02180078811943531
v -0.010129588656127453 0.03925162926316261 -0.02258402667939663
v -0.01071593351662159 0.03912809118628502 -0.02315577119588852
v -0.011516143567860126 0.03907566890120506 -0.02336280792951584
v -0.012315801344811916 0.039108410477638245 -0.023149684071540833
v -0.0129006402567029 0.039217542856931686 -0.022573482245206833
v -0.013113953173160553 0.03937382623553276 -0.021788612008094788
v -0.02038048580288887 0.04095930606126785 -0.034139811992645264
v -0.020424041897058487 0.044291287660598755 -0.03481510654091835
v -0.02078430727124214 0.04065639153122902 -0.03560839220881462
v -0.02082786336541176 0.04398836940526962 -0.03628368675708771
v -0.021883703768253326 0.04042475298047066 -0.03668040409684181
v -0.021927259862422943 0.04375673457980156 -0.0373556986451149
v -0.0233840961009264 0.04032646119594574 -0.03706860542297363
v -0.023427652195096016 0.04365844279527664 -0.03774389997124672
v -0.0248834528028965 0.04038785398006439 -0.036668986082077026
v -0.024927010759711266 0.043719831854104996 -0.03734428435564041
v -0.0259800273925066 0.04059247672557831 -0.035588618367910385
v -0.026023585349321365 0.04392445832490921 -0.03626391664147377
v -0.026379989460110664 0.04088550806045532 -0.03411698341369629
v -0.02642354555428028 0.044217485934495926 -0.034792277961969376
v -0.024980105459690094 0.04090272635221481 -0.03412231057882309
v -0.024764733389019966 0.04106428101658821 -0.03333907201886177
v -0.025976169854402542 0.041188426315784454 -0.03264840319752693
v -0.024178389459848404 0.041187822818756104 -0.03276732563972473
v -0.024876771494746208 0.04142006114125252 -0.03157639130949974
v -0.02337818033993244 0.04124024510383606 -0.03256028890609741
v -0.023376379162073135 0.041518352925777435 -0.03118818812072277
v -0.022578520700335503 0.04120750352740288 -0.03277341276407242
v -0.021877022460103035 0.04145696014165878 -0.031587809324264526
v -0.02199368365108967 0.04109836742281914 -0.03334961459040642
v -0.020780447870492935 0.04125233739614487 -0.03266817703843117
v -0.02178037166595459 0.04094208776950836 -0.03413448482751846
v -0.02199574001133442 0.040780533105134964 -0.03491772338747978
v -0.02258208580315113 0.04065699130296707 -0.03548946976661682
v -0.023382294923067093 0.040604569017887115 -0.03569650650024414
v -0.024181954562664032 0.0406373105943203 -0.035483382642269135
v -0.024766791611909866 0.04074644669890404 -0.034907180815935135
v -0.021727846935391426 0.03692411631345749 -0.03332015872001648
v -0.021943217143416405 0.03676255792379379 -0.0341033972799778
v -0.022529561072587967 0.0366390198469162 -0.03467514365911484
v -0.02332977205514908 0.03658659756183624 -0.03488218039274216
v -0.024129429832100868 0.036619339138269424 -0.03466905653476715
v -0.024714268743991852 0.036728471517562866 -0.03409285470843315
v -0.02492758259177208 0.03688475489616394 -0.033307984471321106
v -0.023001009598374367 0.03933125361800194 -0.04200377315282822
v -0.023044567555189133 0.04266323521733284 -0.0426790714263916
v -0.02340482920408249 0.039028339087963104 -0.043472353368997574
v -0.023448385298252106 0.04236031696200371 -0.04414764791727066
v -0.024504225701093674 0.03879670053720474 -0.044544365257024765
v -0.02454778365790844 0.042128682136535645 -0.04521965980529785
v -0.026004619896411896 0.038698408752679825 -0.044932566583156586
v -0.026048175990581512 0.04203039035201073 -0.04560786485671997
v -0.027503978461027145 0.03875980153679848 -0.04453295096755028
v -0.027547534555196762 0.04209177941083908 -0.045208245515823364
v -0.028600551187992096 0.03896442428231239 -0.043452583253383636
v -0.028644107282161713 0.042296405881643295 -0.04412787780165672
v -0.02900051325559616 0.03925745561718941 -0.04198094457387924
v -0.029044071212410927 0.04258943349123001 -0.04265623912215233
v -0.02760062925517559 0.0392746739089489 -0.04198627173900604
v -0.027385259047150612 0.039436228573322296 -0.041203033179044724
v -0.02859669364988804 0.03956037387251854 -0.04051236808300018
v -0.02679891511797905 0.03955977037549019 -0.040631286799907684
v -0.027497297152876854 0.0397920086979866 -0.03944035619497299
v -0.025998704135417938 0.039612192660570145 -0.040424250066280365
v -0.02599690482020378 0.03989030048251152 -0.03905215114355087
v -0.02519904635846615 0.03957945108413696 -0.04063737764954567
v -0.024497544392943382 0.03982890769839287 -0.03945177048444748
v -0.024614207446575165 0.03947031870484352 -0.04121357575058937
v -0.02340097166597843 0.03962428495287895 -0.04053213819861412
v -0.024400893598794937 0.03931403532624245 -0.041998445987701416
v -0.024616265669465065 0.03915248066186905 -0.04278168827295303
v -0.025202609598636627 0.03902893885970116 -0.043353430926799774
v -0.02600282058119774 0.0389765165746212 -0.043560467660427094
v -0.02680247835814953 0.03900925815105438 -0.04334734380245209
v -0.027387317270040512 0.03911839425563812 -0.04277114197611809
v -0.024348370730876923 0.035296063870191574 -0.04118411988019943
v -0.0245637409389019 0.03513450548052788 -0.04196736216545105
v -0.025150086730718613 0.035010967403650284 -0.04253910481929779
v -0.025950295850634575 0.03495854511857033 -0.04274614155292511
v -0.026749955490231514 0.03499128669500351 -0.042533017694950104
v -0.02733479253947735 0.03510041907429695 -0.041956815868616104
v -0.027548104524612427 0.035256702452898026 -0.04117194563150406
v -0.02301187440752983 0.037653181701898575 -0.05028287693858147
v -0.023055430501699448 0.04098515957593918 -0.05095817148685455
v -0.023415692150592804 0.03735026344656944 -0.051751457154750824
v -0.02345924824476242 0.040682241320610046 -0.05242675170302391
v -0.024515090510249138 0.03711862489581108 -0.05282346531748772
v -0.024558646604418755 0.04045060649514198 -0.0534987635910511
v -0.02601548284292221 0.03702033311128616 -0.053211670368909836
v -0.026059038937091827 0.040352314710617065 -0.05388696491718292
v -0.02751484140753746 0.037081725895404816 -0.05281205102801323
v -0.027558397501707077 0.04041370749473572 -0.053487345576286316
v -0.02861141413450241 0.03728634864091873 -0.05173168331384659
v -0.028654970228672028 0.040618330240249634 -0.052406977862119675
v -0.029011378064751625 0.037579379975795746 -0.05026004835963249
v -0.029054934158921242 0.04091136157512665 -0.05093534290790558
v -0.027611492201685905 0.03759659826755524 -0.05026537552475929
v -0.027396121993660927 0.03775815665721893 -0.049482136964797974
v -0.028607556596398354 0.03788229823112488 -0.048791468143463135
v -0.026809778064489365 0.03788169473409653 -0.048910390585660934
v -0.02750816009938717 0.03811393305659294 -0.047719456255435944
v -0.026009567081928253 0.03793411701917648 -0.048703353852033615
v -0.026007767766714096 0.03821222484111786 -0.04733125492930412
v -0.025209909304976463 0.0379013754427433 -0.04891647771000862
v -0.024508407339453697 0.038150835782289505 -0.04773087427020073
v -0.02462507039308548 0.03779224306344986 -0.04949267953634262
v -0.023411834612488747 0.03794620931148529 -0.04881124198436737
v -0.024411756545305252 0.037635959684848785 -0.050277549773454666
v -0.02462712861597538 0.03747440502047539 -0.051060788333415985
v -0.025213472545146942 0.037350863218307495 -0.051632534712553024
v -0.026013683527708054 0.03729844465851784 -0.051839571446180344
v -0.026813341304659843 0.03733118250966072 -0.05162644758820534
v -0.027398180216550827 0.03744031861424446 -0.05105024576187134
v -0.024359233677387238 0.03361798822879791 -0.04946322366595268
v -0.024574605748057365 0.033456433564424515 -0.050246462225914
v -0.025160949677228928 0.03333289176225662 -0.05081820860505104
v -0.02596115879714489 0.033280469477176666 -0.05102524533867836
v -0.02676081843674183 0.03331321105360985 -0.050812121480703354
v -0.027345655485987663 0.03342234715819359 -0.050235919654369354
v -0.02755896747112274 0.033578626811504364 -0.04945104941725731
v -0.020412011072039604 0.03608934208750725 -0.05816670507192612
v -0.02045556902885437 0.03942132368683815 -0.058841999620199203
v -0.020815832540392876 0.035786427557468414 -0.059635285288095474
v -0.020859388634562492 0.03911840543150902 -0.06031057983636856
v -0.02191522903740406 0.03555478900671005 -0.06070729345083237
v -0.021958785131573677 0.038886770606040955 -0.06138259172439575
v -0.023415621370077133 0.035456497222185135 -0.061095498502254486
v -0.02345917746424675 0.03878847882151604 -0.06177079305052757
v -0.024914979934692383 0.03551789000630379 -0.06069587916135788
v -0.024958536028862 0.03884986788034439 -0.061371173709630966
v -0.026011554524302483 0.0357225127518177 -0.05961551144719124
v -0.0260551106184721 0.039054494351148605 -0.060290805995464325
v -0.0264115147292614 0.03601554408669472 -0.05814387649297714
v -0.026455072686076164 0.03934752196073532 -0.05881917104125023
v -0.025011632591485977 0.03603276237845421 -0.05814920365810394
v -0.02479626052081585 0.036194317042827606 -0.057365961372852325
v -0.026007696986198425 0.03631846234202385 -0.056675296276807785
v -0.024209916591644287 0.0363178588449955 -0.056794218719005585
v -0.024908296763896942 0.03655009716749191 -0.055603284388780594
v -0.023409705609083176 0.036370281130075455 -0.056587181985378265
v -0.02340790629386902 0.03664838895201683 -0.05521508306264877
v -0.022610047832131386 0.03633753955364227 -0.05680030584335327
v -0.02190854772925377 0.03658699616789818 -0.05561469867825508
v -0.022025208920240402 0.03622840344905853 -0.05737650766968727
v -0.02081197500228882 0.03638237342238426 -0.05669506639242172
v -0.021811896935105324 0.03607212379574776 -0.058161377906799316
v -0.022027267143130302 0.03591056913137436 -0.058944616466760635
v -0.022613611072301865 0.03578702732920647 -0.059516362845897675
v -0.023413822054862976 0.03573460504412651 -0.059723399579524994
v -0.024213479831814766 0.03576734662055969 -0.05951027572154999
v -0.02479831874370575 0.03587648272514343 -0.05893407389521599
v -0.02175937406718731 0.032054152339696884 -0.05734705179929733
v -0.02197474241256714 0.03189259395003319 -0.05813029035925865
v -0.02256108820438385 0.031769055873155594 -0.05870203673839569
v -0.023361297324299812 0.03171663358807564 -0.05890907347202301
v -0.024160955101251602 0.03174937516450882 -0.058695949614048004
v -0.024745794013142586 0.03185850754380226 -0.058119747787714005
v -0.024959107860922813 0.032014790922403336 -0.05733487755060196
v -0.008628731593489647 0.03389053791761398 -0.06977587193250656
v -0.008672287687659264 0.03722251579165459 -0.07045117020606995
v -0.00903255119919777 0.03358761966228485 -0.07124444842338562
v -0.009076107293367386 0.03691960126161575 -0.071919746696949
v -0.010131947696208954 0.03335598111152649 -0.07231646031141281
v -0.010175504721701145 0.03668796271085739 -0.0729917585849762
v -0.011632340960204601 0.03325769305229187 -0.07270466536283493
v -0.011675897054374218 0.036589670926332474 -0.07337996363639832
v -0.013131699524819851 0.033319082111120224 -0.07230504602193832
v -0.013175256550312042 0.036651063710451126 -0.07298034429550171
v -0.014228273183107376 0.03352370858192444 -0.07122468203306198
v -0.014271829277276993 0.03685568645596504 -0.07189997285604477
v -0.014628234319388866 0.033816736191511154 -0.06975304335355759
v -0.014671790413558483 0.037148717790842056 -0.07042833417654037
v -0.013228350318968296 0.033833958208560944 -0.06975837051868439
v -0.013012980110943317 0.03399551287293434 -0.06897512823343277
v -0.014224414713680744 0.034119654446840286 -0.06828445941209793
v -0.012426634319126606 0.034119050949811935 -0.06840339303016663
v -0.01312501821666956 0.03435128927230835 -0.06721245497465134
v -0.011626425199210644 0.03417147323489189 -0.06819634884595871
v -0.011624624952673912 0.03444958105683327 -0.06682424992322922
v -0.01082676649093628 0.03413873165845871 -0.06840948015451431
v -0.010125266388058662 0.03438819199800491 -0.06722386926412582
v -0.01024192851036787 0.03402959927916527 -0.06898567825555801
v -0.009028693661093712 0.0341835655272007 -0.06830423325300217
v -0.010028615593910217 0.033873315900564194 -0.06977054476737976
v -0.01024398673325777 0.033711761236190796 -0.07055378705263138
v -0.010830330662429333 0.0335882194340229 -0.07112552970647812
v -0.01163054071366787 0.033535800874233246 -0.07133256644010544
v -0.01243019849061966 0.03356854245066643 -0.07111944258213043
v -0.013015037402510643 0.03367767482995987 -0.07054323703050613
v -0.009976091794669628 0.02985534444451332 -0.06895621865987778
v -0.010191462934017181 0.029693789780139923 -0.0697394609451294
v -0.010777806863188744 0.02957024797797203 -0.07031120359897614
v -0.01157801691442728 0.029517827555537224 -0.07051824033260345
v -0.01237767469137907 0.029550567269325256 -0.07030511647462845
v -0.012962513603270054 0.029659701511263847 -0.06972891092300415
v -0.013175826519727707 0.02981598488986492 -0.0689440444111824
v -0.0005987415206618607 0.03347080200910568 -0.07236482203006744
v -0.000642297905869782 0.036802779883146286 -0.07304012030363083
v -0.0010025609517470002 0.03316788375377655 -0.0738334059715271
v -0.0010461172787472606 0.03649986535310745 -0.07450869679450989
v -0.0021019584964960814 0.03293624892830849 -0.0749054104089737
v -0.0021455148234963417 0.03626822680234909 -0.07558070868253708
v -0.003602350829169154 0.03283795714378357 -0.07529361546039581
v -0.0036459071561694145 0.03616993501782417 -0.0759689137339592
v -0.0051017096266150475 0.03289934620261192 -0.0748939961194992
v -0.005145265720784664 0.036231327801942825 -0.07556929439306259
v -0.006198282353579998 0.03310397267341614 -0.07381363213062286
v -0.006241838913410902 0.03643595054745674 -0.07448892295360565
v -0.006598243955522776 0.03339700028300285 -0.07234199345111847
v -0.00664180051535368 0.036728981882333755 -0.07301729172468185
v -0.003600550349801779 0.03311606124043465 -0.07392152398824692
v -0.004400208126753569 0.03314880654215813 -0.07370839267969131
v -0.0049850475043058395 0.03325793892145157 -0.07313219457864761
v -0.005198359955102205 0.03341422230005264 -0.07234732061624527
v -0.004982989747077227 0.03357577696442604 -0.07156407833099365
v -0.006194424349814653 0.033699918538331985 -0.07087342441082001
v -0.0043966444209218025 0.033699315041303635 -0.07099234312772751
v -0.005095027387142181 0.03393155708909035 -0.06980140507221222
v -0.0035964353010058403 0.03375173732638359 -0.07078529894351959
v -0.0035946350544691086 0.034029845148324966 -0.0694132000207901
v -0.0027967775240540504 0.03371899574995041 -0.0709984302520752
v -0.0020952762570232153 0.03396845608949661 -0.0698128193616867
v -0.002211938379332423 0.03360986337065697 -0.0715746283531189
v -0.0009987029479816556 0.0337638296186924 -0.07089319080114365
v -0.001998625695705414 0.03345357999205589 -0.07235949486494064
v -0.0022139959037303925 0.033292025327682495 -0.07314273715019226
v -0.0028003412298858166 0.0331684835255146 -0.073714479804039
v -0.0019461018964648247 0.02943560853600502 -0.07154516875743866
v -0.0021614721044898033 0.029274053871631622 -0.07232841104269028
v -0.0027478174306452274 0.02915051206946373 -0.07290015369653702
v -0.0035480265505611897 0.029098089784383774 -0.07310719788074493
v -0.0043476843275129795 0.029130833223462105 -0.07289406657218933
v -0.00493252370506525 0.029239967465400696 -0.07231786847114563
v -0.005145836155861616 0.02939624898135662 -0.07153299450874329
v 0.00784801971167326 0.033574704080820084 -0.07239696383476257
v 0.007804463151842356 0.036906685680150986 -0.07307226210832596
v 0.00744419964030385 0.03327178582549095 -0.07386554777622223
v 0.0074006435461342335 0.036603767424821854 -0.07454083859920502
v 0.006344802677631378 0.03304015100002289 -0.07493755966424942
v 0.0063012465834617615 0.03637212887406349 -0.07561285048723221
v 0.004844410344958305 0.03294185921549797 -0.07532575726509094
v 0.004800853785127401 0.03627384081482887 -0.07600105553865433
v 0.0033450513146817684 0.03300325199961662 -0.07492614537477493
v 0.003301494987681508 0.03633522987365723 -0.07560143619775772
v 0.0022484781220555305 0.03320787474513054 -0.073845773935318
v 0.00220492179505527 0.03653985634446144 -0.07452107220888138
v 0.0018485166365280747 0.03350090608000755 -0.0723741352558136
v 0.0018049603095278144 0.03683288395404816 -0.07304943352937698
v 0.004846210591495037 0.033219967037439346 -0.07395366579294205
v 0.00404655234888196 0.03325270861387253 -0.07374053448438644
v 0.0034617132041603327 0.03336184099316597 -0.07316433638334274
v 0.0032484005205333233 0.033518124371767044 -0.0723794624209404
v 0.003463770728558302 0.03367967903614044 -0.07159622758626938
v 0.0022523358929902315 0.03380382061004639 -0.07090556621551514
v 0.004050116054713726 0.033803220838308334 -0.07102448493242264
v 0.003351733321323991 0.03403545916080475 -0.06983354687690735
v 0.004850325640290976 0.03385564312338829 -0.07081744074821472
v 0.004852125886827707 0.034133750945329666 -0.06944534182548523
v 0.005649983417242765 0.03382289782166481 -0.07103057205677032
v 0.006351484917104244 0.034072358161211014 -0.06984496116638184
v 0.006234822794795036 0.03371376544237137 -0.07160677015781403
v 0.007448057644069195 0.0338677316904068 -0.07092534005641937
v 0.006448135711252689 0.03355748578906059 -0.07239163666963577
v 0.006232765037566423 0.033395931124687195 -0.07317487895488739
v 0.005646419711410999 0.0332723893225193 -0.07374662160873413
v 0.006500659044831991 0.02953951247036457 -0.07157731056213379
v 0.0062852888368070126 0.029377955943346024 -0.0723605528473854
v 0.0056989435106515884 0.02925441600382328 -0.07293229550123215
v 0.004898734390735626 0.029201993718743324 -0.07313933968544006
v 0.004099076148122549 0.029234735295176506 -0.07292620837688446
v 0.003514237003400922 0.029343869537115097 -0.07235001027584076
v 0.0033009243197739124 0.02950015291571617 -0.07156513631343842
v 0.015884721651673317 0.034192074090242386 -0.06986915320158005
v 0.0158411655575037 0.03752405568957329 -0.07054445147514343
v 0.015480903908610344 0.03388915956020355 -0.0713377371430397
v 0.015437347814440727 0.037221137434244156 -0.07201302796602249
v 0.01438150741159916 0.03365752100944519 -0.0724097415804863
v 0.014337950386106968 0.03698950260877609 -0.07308503985404968
v 0.012881114147603512 0.03355922922492027 -0.07279794663190842
v 0.012837558053433895 0.036891210824251175 -0.0734732449054718
v 0.011381755582988262 0.033620622009038925 -0.07239832729101181
v 0.01133819855749607 0.03695260360836983 -0.0730736255645752
v 0.010285182856023312 0.03382524475455284 -0.07131796330213547
v 0.01024162583053112 0.03715722635388374 -0.07199325412511826
v 0.009885220788419247 0.034118276089429855 -0.06984632462263107
v 0.009841663762927055 0.03745025768876076 -0.07052162289619446
v 0.014269469305872917 0.0340133011341095 -0.07064706832170486
v 0.013683123514056206 0.033889759331941605 -0.0712188109755516
v 0.012882914394140244 0.03383734077215195 -0.07142584770917892
v 0.012083255685865879 0.03387007862329483 -0.07121272385120392
v 0.01149841770529747 0.03397921472787857 -0.07063651829957962
v 0.011285104788839817 0.034135494381189346 -0.06985165178775787
v 0.01150047592818737 0.03429705277085304 -0.06906840950250626
v 0.010289040394127369 0.03442119434475899 -0.06837774813175201
v 0.012086819857358932 0.03442059084773064 -0.06849667429924011
v 0.011388436891138554 0.03465282917022705 -0.06730573624372482
v 0.01288702990859747 0.03447301313281059 -0.0682896301150322
v 0.012888830155134201 0.03475112095475197 -0.0669175311923027
v 0.01368668768554926 0.03444027155637741 -0.0685027614235878
v 0.01438818871974945 0.034689731895923615 -0.06731715053319931
v 0.014271526597440243 0.03433113917708397 -0.0690789595246315
v 0.015484762378036976 0.0344851054251194 -0.06839751452207565
v 0.014484839513897896 0.034174855798482895 -0.06986382603645325
v 0.014537363313138485 0.030156882479786873 -0.06904949992895126
v 0.014321993105113506 0.029995327815413475 -0.06983274221420288
v 0.013735647313296795 0.029871787875890732 -0.07040448486804962
v 0.012935438193380833 0.029819365590810776 -0.07061152160167694
v 0.012135779485106468 0.029852107167243958 -0.07039839774370193
v 0.01155094150453806 0.02996124140918255 -0.06982219219207764
v 0.011337628588080406 0.030117522925138474 -0.06903732568025589
v 0.03930971398949623 0.009739751927554607 0.03000582382082939
v 0.03957635536789894 0.009544399566948414 0.02902473695576191
v 0.04030740633606911 0.009407983161509037 0.028304487466812134
v 0.04130697622895241 0.009367055259644985 0.02803807333111763
v 0.04230723902583122 0.009432582184672356 0.028296876698732376
v 0.04304017126560211 0.009587007574737072 0.029011555016040802
v 0.04330938309431076 0.009788951836526394 0.029990604147315025
v 0.0412941537797451 0.01094202883541584 0.02975953370332718
v -0.04068365320563316 0.008755755610764027 0.03031022846698761
v -0.040417011827230453 0.008560403250157833 0.029329141601920128
v -0.039685964584350586 0.008423986844718456 0.028608892112970352
v -0.03868639096617699 0.008383058942854404 0.02834247797727585
v -0.03768613189458847 0.00844858679920435 0.028601283207535744
v -0.03695319592952728 0.008603012189269066 0.02931595966219902
v -0.036683984100818634 0.008804955519735813 0.030295008793473244
v -0.03869921341538429 0.00995803251862526 0.030063938349485397
v -0.030714062973856926 0.004309840966016054 0.007730571087449789
v -0.029713798314332962 0.004375368822365999 0.007989374920725822
v -0.028980866074562073 0.004529793281108141 0.008704048581421375
v -0.028693649917840958 0.0075128162279725075 0.02340407855808735
v -0.028960291296243668 0.007708168588578701 0.02438516728579998
v -0.029691340401768684 0.007844585925340652 0.025105416774749756
v -0.043326396495103836 0.007680760230869055 0.02517654001712799
v -0.044052738696336746 0.007536100223660469 0.024509621784090996
v -0.042360953986644745 0.007741960696876049 0.025416238233447075
v -0.04435961693525314 0.0073439027182757854 0.023581091314554214
v -0.030690914019942284 0.007885513827204704 0.02537182904779911
v -0.044954653829336166 0.004333300516009331 0.008764835074543953
v -0.044223602861166 0.004196884110569954 0.00804459024220705
v -0.045221295207738876 0.004528653342276812 0.009745926596224308
v -0.0432240329682827 0.004155956208705902 0.0077781761065125465
v -0.04521755129098892 0.004552492406219244 0.009863308630883694
v -0.028711654245853424 0.00473173800855875 0.009683101437985897
v 0.02647136151790619 0.035794567316770554 -0.004241019021719694
v 0.027524270117282867 0.035671576857566833 -0.004915784578770399
v 0.02758832275867462 0.030771611258387566 -0.003922704141587019
v 0.044420886784791946 0.03194354102015495 -0.024400142952799797
v 0.045173946768045425 0.03160979226231575 -0.02609545923769474
v 0.04523800313472748 0.026709826663136482 -0.02510237880051136
v 0.0410270169377327 0.022717349231243134 -0.06970426440238953
v 0.04068072512745857 0.022608868777751923 -0.07021718472242355
v 0.04074477776885033 0.017708901315927505 -0.06922410428524017
v 0.020273135975003242 0.018944766372442245 -0.08697997778654099
v 0.019118038937449455 0.018832029774785042 -0.08746172487735748
v 0.01918209344148636 0.0139320632442832 -0.0864686444401741
v 0.0007460586493834853 0.017880277708172798 -0.09097278863191605
v 0.0008101120474748313 0.012980310246348381 -0.08997970819473267
v 0.007011324632912874 0.01803891360759735 -0.09059416502714157
v 0.010174858383834362 0.01327870599925518 -0.08911141753196716
v 0.010110804811120033 0.018178673461079597 -0.09010449796915054
v 0.013776437379419804 0.018398528918623924 -0.08925613760948181
v 0.026366954669356346 0.01966632530093193 -0.08381277322769165
v 0.027485676109790802 0.01491527445614338 -0.08215294778347015
v 0.027421623468399048 0.019815241917967796 -0.08314602822065353
v 0.03193176910281181 0.020548267289996147 -0.07982010394334793
v 0.03476650267839432 0.016190556809306145 -0.07633017748594284
v 0.034702450037002563 0.021090524271130562 -0.07732325792312622
v 0.0368524044752121 0.02157234027981758 -0.07508459687232971
v 0.044369202107191086 0.02395959571003914 -0.0637904554605484
v 0.045190759003162384 0.019411956891417503 -0.0611078105866909
v 0.04512670636177063 0.02431192435324192 -0.06210089102387428
v 0.046809785068035126 0.025273365899920464 -0.05746559053659439
v 0.047933585941791534 0.02123427763581276 -0.052293188869953156
v 0.04786953330039978 0.026134245097637177 -0.053286269307136536
v 0.04829825833439827 0.026631468906998634 -0.05086056515574455
v 0.048867858946323395 0.023105831816792488 -0.043119002133607864
v 0.04880380630493164 0.028005799278616905 -0.044112082570791245
v 0.048315972089767456 0.02936791069805622 -0.0373598113656044
v 0.04795766994357109 0.024954698979854584 -0.033937785774469376
v 0.04789361730217934 0.029854666441679 -0.034930866211652756
v 0.04684484750032425 0.030689608305692673 -0.030743524432182312
v 0.041094254702329636 0.03310375288128853 -0.018460961058735847
v 0.04081336408853531 0.028303764760494232 -0.016952330246567726
v 0.040749311447143555 0.03320373222231865 -0.017945410683751106
v 0.03693380206823349 0.03414623439311981 -0.013048912398517132
v 0.034853797405958176 0.029675262048840523 -0.009800827130675316
v 0.03478974103927612 0.03457522764801979 -0.010793907567858696
v 0.032025642693042755 0.035049401223659515 -0.008276003412902355
v 0.02038591541349888 0.036366309970617294 -0.0010274749947711825
v 0.019296148791909218 0.031550679355859756 0.0004561464593280107
v 0.019232096150517464 0.036450646817684174 -0.0005369342397898436
v 0.013895255513489246 0.036752793937921524 0.0012981136096641421
v 0.010295938700437546 0.03198252618312836 0.003167446469888091
v 0.010231885127723217 0.036882493644952774 0.0021743657998740673
v 0.0009335647919215262 0.03205056115984917 0.004107004031538963
v 0.0008695113938301802 0.036950528621673584 0.003113923594355583
v 0.007133721373975277 0.03694601729512215 0.0026876218616962433
v 0.04785256087779999 0.03551202267408371 -0.007014220580458641
v 0.04791661351919174 0.030612053349614143 -0.006021139677613974
v 0.04759468138217926 0.03610112518072128 -0.004090891685336828
v 0.047658734023571014 0.031201157718896866 -0.003097810782492161
v 0.0478409081697464 0.033712197095155716 -0.015893999487161636
v 0.04790496081113815 0.0288122296333313 -0.01490091998130083
v 0.043240491300821304 0.033385876566171646 -0.017207365483045578
v 0.04330454394221306 0.028485910966992378 -0.016214285045862198
v 0.04417702555656433 0.03322737663984299 -0.018049834296107292
v 0.044241078197956085 0.02832740917801857 -0.017056753858923912
v 0.045413799583911896 0.033185988664627075 -0.01833382435142994
v 0.04547785595059395 0.02828601934015751 -0.01734074391424656
v 0.0466318279504776 0.033272385597229004 -0.01798608899116516
v 0.04669588431715965 0.028372418135404587 -0.016993006691336632
v 0.04751696065068245 0.03346428647637367 -0.017096322029829025
v 0.0475810170173645 0.028564319014549255 -0.016103241592645645
v 0.02568974159657955 0.03645645081996918 -0.0009248107089661062
v 0.025753796100616455 0.03155648335814476 6.826998287579045e-05
v 0.032470885664224625 0.030736377462744713 -0.004411475267261267
v 0.03240683302283287 0.03563634306192398 -0.005404555704444647
v 0.03837193176150322 0.029703965410590172 -0.009886118583381176
v 0.038307879120111465 0.03460393100976944 -0.010879199020564556
v 0.026152100414037704 0.0373668409883976 0.003537325654178858
v 0.026216154918074608 0.03246687352657318 0.004530406557023525
v 0.025251222774386406 0.0372525118291378 0.0030313320457935333
v 0.02531527541577816 0.032352544367313385 0.004024412948638201
v 0.024639153853058815 0.03707792982459068 0.0022093970328569412
v 0.02470320835709572 0.032177962362766266 0.0032024779357016087
v 0.024421729147434235 0.03687327727675438 0.001213644864037633
v 0.02448578178882599 0.03197330981492996 0.0022067255340516567
v 0.041299548000097275 0.03853045031428337 0.008301705121994019
v 0.04136360064148903 0.033630482852458954 0.009294786490499973
v 0.04454299807548523 0.03802759572863579 0.0056113554164767265
v 0.044607050716876984 0.03312762826681137 0.006604436319321394
v 0.0444057323038578 0.03827337548136711 0.006832917686551809
v 0.044469788670539856 0.033373408019542694 0.007825998589396477
v 0.04368092119693756 0.03846742585301399 0.007837140001356602
v 0.043744973838329315 0.033567462116479874 0.008830221369862556
v 0.04255080968141556 0.038560956716537476 0.008371524512767792
v 0.04261486232280731 0.03366099298000336 0.009364604949951172
v 0.0464891716837883 0.03706542029976845 0.0007383489864878356
v 0.046553224325180054 0.03216545283794403 0.0017314297147095203
v 0.04559623450040817 0.03264808654785156 0.004174518398940563
v 0.04553218185901642 0.03754805028438568 0.0031814377289265394
v 0.047464769333601 0.036230314522981644 -0.0034450790844857693
v 0.04752882197499275 0.03133034706115723 -0.002451998181641102
v 0.04705081507563591 0.031748976558446884 -0.00035560072865337133
v 0.04698675870895386 0.0366489440202713 -0.0013486813986673951
v -0.04911767691373825 0.02626151591539383 -0.04640265554189682
v -0.048325762152671814 0.024961799383163452 -0.052866678684949875
v -0.04817590489983559 0.019974535331130028 -0.05230987071990967
v -0.04823995754122734 0.024874500930309296 -0.05330295115709305
v -0.04534291476011276 0.018146276473999023 -0.06151341274380684
v -0.046667132526636124 0.023705363273620605 -0.05917305499315262
v -0.0441710390150547 0.02251437120139599 -0.06521052867174149
v -0.04073391854763031 0.016485925763845444 -0.07000304758548737
v -0.040881525725126266 0.021409833803772926 -0.07087261229753494
v -0.0345260389149189 0.015057283453643322 -0.07745252549648285
v -0.03685661032795906 0.020411236211657524 -0.07605940848588943
v -0.03216728940606117 0.01953618973493576 -0.08067943155765533
v -0.026957832276821136 0.01391525287181139 -0.08357557654380798
v -0.026896294206380844 0.01880013570189476 -0.08465117961168289
v -0.018320150673389435 0.013103723526000977 -0.08813687413930893
v -0.02113659493625164 0.018216053023934364 -0.08790461719036102
v -0.009008985012769699 0.017553847283124924 -0.09195423126220703
v -0.00894493144005537 0.012653880752623081 -0.09096114337444305
v -0.014989797957241535 0.017794247716665268 -0.09038230776786804
v -0.0019735395908355713 0.017464233562350273 -0.09285017848014832
v -0.008564330637454987 0.0175421591848135 -0.09204058349132538
v 0.050726257264614105 0.027489693835377693 -0.04678260162472725
v 0.04989449307322502 0.02118089608848095 -0.052683062851428986
v 0.04991738870739937 0.026170285418629646 -0.05324053019285202
v 0.04983044043183327 0.026080863550305367 -0.053676143288612366
v 0.048242226243019104 0.02487283945083618 -0.0595342181622982
v 0.04703737795352936 0.019282644614577293 -0.061864957213401794
v 0.033686090260744095 0.020346250385046005 -0.08093003183603287
v 0.03617878258228302 0.015927022323012352 -0.07772158086299896
v 0.0383874885737896 0.021336810663342476 -0.07634574174880981
v 0.042406149208545685 0.017508629709482193 -0.07031942903995514
v 0.0424259752035141 0.022434597834944725 -0.07118962705135345
v 0.045730315148830414 0.0236202459782362 -0.06555263698101044
v 0.028404725715517998 0.019480392336845398 -0.084861621260643
v 0.02859458513557911 0.014598601497709751 -0.0837869793176651
v 0.022636545822024345 0.0187545046210289 -0.08807118982076645
v 0.019945019856095314 0.013574422337114811 -0.08828248828649521
v 0.0034607029519975185 0.017531080171465874 -0.09287085384130478
v 0.010053553618490696 0.017771176993846893 -0.09211143106222153
v 0.010562483221292496 0.012893841601908207 -0.0910353809595108
v 0.010498429648578167 0.01779380813241005 -0.09202846139669418
v 0.016483308747410774 0.018181398510932922 -0.09050207585096359
v 0.05085498094558716 0.032678913325071335 -0.01560178492218256
v 0.05090468376874924 0.030790220946073532 -0.005334872752428055
v 0.04736853763461113 0.04217345267534256 -0.010595557279884815
v 0.04787622392177582 0.04141535237431526 -0.009132699109613895
v 0.04857304319739342 0.04009466618299484 -0.007209620904177427
v 0.04921672120690346 0.03849624842405319 -0.005526600405573845
v 0.04886025935411453 0.03508906066417694 0.0025700668338686228
v 0.04885074123740196 0.03512115776538849 0.002571464516222477
v 0.03731968626379967 0.048073556274175644 0.0015701210359111428
v 0.04383963346481323 0.04544444382190704 -0.012586462311446667
v 0.04280496761202812 0.04612329229712486 -0.01292657945305109
v 0.045730579644441605 0.041402772068977356 0.0025887154042720795
v 0.043318409472703934 0.044140249490737915 0.0023821499198675156
v -0.049008339643478394 0.02926533669233322 -0.04423903301358223
v -0.04799158126115799 0.03274479880928993 -0.0449456125497818
v -0.04613811522722244 0.03587508946657181 -0.045582517981529236
v -0.04356030002236366 0.038466449826955795 -0.04611113667488098
v -0.04041440784931183 0.040361788123846054 -0.046499427407979965
v -0.0368911437690258 0.04144620895385742 -0.046723850071430206
v 0.02457413263618946 0.03670381382107735 0.00036766118137165904
v 0.0250148456543684 0.03655894100666046 -0.00037558702751994133
v -0.04792298376560211 0.03221964091062546 -0.047541212290525436
v -0.03683833032846451 0.04104190692305565 -0.04872211813926697
v -0.0014283283380791545 0.03514937311410904 -0.08114751428365707
v -0.0014289772370830178 0.0351436585187912 -0.08117552101612091
v -0.005944856442511082 0.03520403802394867 -0.08058647811412811
v -0.022466929629445076 0.03659985959529877 -0.07263367623090744
v -0.019858108833432198 0.03621987625956535 -0.07467682659626007
v -0.02016669698059559 0.0354439914226532 -0.07741815596818924
v -0.024121273308992386 0.0359962172806263 -0.07443834096193314
v -0.027639443054795265 0.03665272146463394 -0.07097215950489044
v -0.0257494505494833 0.03721239045262337 -0.06939965486526489
v -0.03065914288163185 0.03740192577242851 -0.06708074361085892
v -0.028566891327500343 0.03791141137480736 -0.06576889753341675
v -0.033127110451459885 0.03823060542345047 -0.06283276528120041
v -0.030869552865624428 0.03868458420038223 -0.061805445700883865
v -0.03499980270862579 0.03912414610385895 -0.05830313637852669
v -0.03261681646108627 0.03951827809214592 -0.05757920816540718
v -0.03340376168489456 0.04005631431937218 -0.05487373471260071
v -0.03624419867992401 0.04006678983569145 -0.05357177183032036
v -0.033777859061956406 0.04039778560400009 -0.053164754062891006
v -0.03433219715952873 0.041307587176561356 -0.0486399307847023
v -0.04035661369562149 0.03991936519742012 -0.04868612438440323
v -0.04349804297089577 0.03798985481262207 -0.048466719686985016
v -0.046072181314229965 0.0353703498840332 -0.048077210783958435
v -0.048938244581222534 0.028728732839226723 -0.046891212463378906
v -0.04814969003200531 0.02743452414870262 -0.05332783982157707
v -0.04649808630347252 0.026183413341641426 -0.05960748344659805
v -0.036729149520397186 0.02290324866771698 -0.07642225921154022
v -0.040737006813287735 0.02389761433005333 -0.07125744968652725
v -0.04401258006691933 0.024997470900416374 -0.06561936438083649
v -0.021075766533613205 0.020717371255159378 -0.08821725100278854
v -0.02681105211377144 0.021298976615071297 -0.08497762680053711
v -0.03205971047282219 0.022031914442777634 -0.08102269470691681
v -0.014955024234950542 0.020297354087233543 -0.0906844437122345
v -0.008556793443858624 0.020046334713697433 -0.09233569353818893
v -0.001993938349187374 0.01996874064207077 -0.09314185380935669
v 0.0007115712505765259 0.019987404346466064 -0.09322426468133926
v -0.018777230754494667 0.0360846221446991 -0.07541390508413315
v -0.014745441265404224 0.035675764083862305 -0.07769130170345306
v -0.01584547385573387 0.035005781799554825 -0.07985904067754745
v -0.010442683473229408 0.03538049757480621 -0.07942568510770798
v -0.011233826167881489 0.034689322113990784 -0.08171793818473816
v -0.006413107737898827 0.03450019285082817 -0.08296206593513489
v -0.0014683540211990476 0.03444172814488411 -0.08356945961713791
v 0.0005700999172404408 0.0344557948410511 -0.08363154530525208
v -0.04715124890208244 0.030953044071793556 -0.053840521723032
v -0.045534878969192505 0.02972862310707569 -0.05998620018362999
v -0.04310239851474762 0.028567980974912643 -0.06586983054876328
v -0.039896704256534576 0.02749159000813961 -0.0713876262307167
v -0.035974349826574326 0.026518438011407852 -0.07644225656986237
v -0.0314045250415802 0.025665689259767532 -0.08094456046819687
v -0.026267843320965767 0.02494839020073414 -0.08481509983539581
v -0.020654911175370216 0.024379191920161247 -0.08798561990261078
v -0.014664746820926666 0.023968135938048363 -0.09040018171072006
v -0.008403012529015541 0.023722471669316292 -0.09201619774103165
v -0.001980167580768466 0.023646533489227295 -0.0928051546216011
v 0.0006676237098872662 0.023664798587560654 -0.0928858146071434
v -0.04533044993877411 0.03415299206972122 -0.054131634533405304
v -0.043776918202638626 0.0329761728644371 -0.06003839522600174
v -0.0414390005171299 0.03186064958572388 -0.06569329649209976
v -0.0383579283952713 0.030826104804873466 -0.07099658250808716
v -0.034588057547807693 0.02989078313112259 -0.07585471123456955
v -0.03019588626921177 0.02907118760049343 -0.08018197864294052
v -0.025258895009756088 0.028381774201989174 -0.08390205353498459
v -0.019864169880747795 0.027834700420498848 -0.08694933354854584
v -0.0141068734228611 0.027439624071121216 -0.08927001804113388
v -0.008088567294180393 0.027203509584069252 -0.0908232182264328
v -0.0019154129549860954 0.027130523696541786 -0.09158150851726532
v 0.0006294443155638874 0.027148079127073288 -0.09165902435779572
v -0.042797673493623734 0.03684038296341896 -0.05418352410197258
v -0.04133077338337898 0.03572918474674225 -0.05976090952754021
v -0.03912322223186493 0.03467586636543274 -0.06510047614574432
v -0.036213964223861694 0.03369901329278946 -0.07010803371667862
v -0.03265431150794029 0.0328158475458622 -0.07469525933265686
v -0.028507063165307045 0.03204195573925972 -0.07878122478723526
v -0.02384537272155285 0.03139098361134529 -0.08229386061429977
v -0.0187514740973711 0.03087441995739937 -0.08517120033502579
v -0.013315225951373577 0.03050137311220169 -0.08736248314380646
v -0.007632519584149122 0.03027842566370964 -0.08882907032966614
v -0.0018036001129075885 0.030209509655833244 -0.08954507112503052
v 0.0005993476952426136 0.03022608533501625 -0.0896182656288147
v -0.039706457406282425 0.038852304220199585 -0.05399305373430252
v -0.03834472969174385 0.03782077506184578 -0.05917055904865265
v -0.03629545122385025 0.03684297576546669 -0.06412729620933533
v -0.033594775944948196 0.035936158150434494 -0.06877583265304565
v -0.030290337279438972 0.03511631116271019 -0.07303417474031448
v -0.02644043043255806 0.034397903829813004 -0.07682719081640244
v -0.02211296744644642 0.033793605864048004 -0.08008798211812973
v -0.017384283244609833 0.03331407904624939 -0.08275903016328812
v -0.012337791733443737 0.03296777606010437 -0.08479321002960205
v -0.007062514778226614 0.03276081383228302 -0.08615463972091675
v -0.001651506987400353 0.032696839421987534 -0.08681930601596832
v 0.0005791582516394556 0.03271222859621048 -0.08688724786043167
v 0.041678301990032196 0.04137161001563072 -0.046811822801828384
v 0.04161477088928223 0.040927693247795105 -0.04899805784225464
v 0.0026086964644491673 0.0344918817281723 -0.0835849791765213
v 0.0025702829007059336 0.035192858427762985 -0.08119072020053864
v 0.002569707343354821 0.035198554396629333 -0.08116272836923599
v 0.0070876628160476685 0.03536435216665268 -0.08063606917858124
v 0.007554994896054268 0.03467201441526413 -0.08301521837711334
v 0.002809979487210512 0.032751720398664474 -0.08683628588914871
v 0.0030024636071175337 0.030268628150224686 -0.08956336230039597
v 0.0031744795851409435 0.027193134650588036 -0.09160087257623672
v 0.003315600100904703 0.02371167577803135 -0.09282530844211578
v 0.009982175193727016 0.020274382084608078 -0.0924062430858612
v 0.0034172700252383947 0.020035304129123688 -0.09316244721412659
v 0.016384676098823547 0.020682863891124725 -0.09080370515584946
v 0.03351454436779022 0.022838540375232697 -0.08127222955226898
v 0.028255561366677284 0.021976349875330925 -0.08518717437982559
v 0.022511832416057587 0.021253541111946106 -0.08838311582803726
v 0.04550771787762642 0.02609865739941597 -0.06596001982688904
v 0.04221738129854202 0.02491803467273712 -0.07157311588525772
v 0.038196008652448654 0.02382490038871765 -0.0767073780298233
v 0.04800897836685181 0.027345942333340645 -0.05996711924672127
v 0.0496770404279232 0.02863788791000843 -0.05370010808110237
v 0.050482481718063354 0.029951704666018486 -0.0472695454955101
v 0.05055953562259674 0.030490117147564888 -0.04461792856454849
v 0.04937673732638359 0.03341652452945709 -0.047911472618579865
v 0.049452148377895355 0.033943451941013336 -0.0453164242208004
v 0.011588490568101406 0.03565150499343872 -0.07950952649116516
v 0.012378930114209652 0.03497978299856186 -0.08180779963731766
v 0.01589575782418251 0.036052677780389786 -0.07780790328979492
v 0.01699540950357914 0.03540975600481033 -0.07998401671648026
v 0.019933482632040977 0.036560799926519394 -0.07556121051311493
v 0.02132299542427063 0.03595435619354248 -0.07757604122161865
v 0.02363044023513794 0.03716690093278885 -0.07280910015106201
v 0.025285352021455765 0.03660396859049797 -0.07462634891271591
v 0.026921415701508522 0.03786029294133186 -0.06960009038448334
v 0.028812581673264503 0.03734713792800903 -0.07118697464466095
v 0.029748357832431793 0.03862874209880829 -0.06599081307649612
v 0.031842462718486786 0.03817075490951538 -0.06731858849525452
v 0.032061394304037094 0.03945869579911232 -0.06204491853713989
v 0.03432155400514603 0.039060287177562714 -0.06308943033218384
v 0.033819735050201416 0.040335513651371 -0.0578320249915123
v 0.036206115037202835 0.04000005125999451 -0.05857410281896591
v 0.03499234840273857 0.04124372452497482 -0.05342644825577736
v 0.03746291249990463 0.04097345843911171 -0.053852252662181854
v 0.0355585552752018 0.042167309671640396 -0.04890589416027069
v 0.03806976601481438 0.041963350027799606 -0.049007169902324677
v 0.038127824664115906 0.042369015514850616 -0.04700932651758194
v 0.009740452282130718 0.023945653811097145 -0.09208523482084274
v 0.016006363555788994 0.02434542030096054 -0.09051689505577087
v 0.022002805024385452 0.024903923273086548 -0.08814794570207596
v 0.02762400172650814 0.025611313059926033 -0.08502017706632614
v 0.0327707901597023 0.026455108076334 -0.08118876814842224
v 0.03735238313674927 0.02742042765021324 -0.07672128826379776
v 0.04128796234726906 0.02849023975431919 -0.07169656455516815
v 0.04450810328125954 0.029645675793290138 -0.06620322167873383
v 0.046956002712249756 0.0308663509786129 -0.06033816188573837
v 0.048588480800390244 0.032130733132362366 -0.054204847663640976
v 0.009349563159048557 0.027418015524744987 -0.090889573097229
v 0.015371885150671005 0.02780224196612835 -0.08938220143318176
v 0.02113521285355091 0.02833903394639492 -0.08710534870624542
v 0.026537882164120674 0.02901892364025116 -0.08409915864467621
v 0.031484585255384445 0.02982991747558117 -0.08041670173406601
v 0.03588806837797165 0.030757708474993706 -0.07612290233373642
v 0.03967064991593361 0.031785931438207626 -0.07129351049661636
v 0.04276560992002487 0.03289644792675972 -0.06601372361183167
v 0.04511834308505058 0.034069668501615524 -0.06037667766213417
v 0.04668736085295677 0.035284899175167084 -0.05448179692029953
v 0.04744496941566467 0.03652070462703705 -0.048433080315589905
v 0.04751744866371155 0.03702714666724205 -0.04593891277909279
v 0.00883320439606905 0.030480969697237015 -0.08889172971248627
v 0.014519702643156052 0.030843770131468773 -0.08746840804815292
v 0.0199616476893425 0.03135062754154205 -0.08531851321458817
v 0.02506304532289505 0.031992603093385696 -0.08247997611761093
v 0.02973390556871891 0.03275837376713753 -0.07900284975767136
v 0.03389183431863785 0.033634427934885025 -0.07494848966598511
v 0.037463489919900894 0.03460531681776047 -0.07038840651512146
v 0.040385860949754715 0.03565390780568123 -0.0654030367732048
v 0.04260740056633949 0.036761704832315445 -0.06008032336831093
v 0.04408892244100571 0.03790917247533798 -0.05451416224241257
v 0.04480428993701935 0.0390760600566864 -0.04880274459719658
v 0.04487272724509239 0.03955426439642906 -0.04644766077399254
v 0.008222677744925022 0.03294883668422699 -0.08621280640363693
v 0.013501475565135479 0.03328562527894974 -0.08489153534173965
v 0.01855325512588024 0.03375614434480667 -0.08289578557014465
v 0.023288900032639503 0.03435209393501282 -0.0802607536315918
v 0.02762487716972828 0.03506296128034592 -0.07703293114900589
v 0.0314846970140934 0.035876207053661346 -0.07326924800872803
v 0.03480027988553047 0.03677748143672943 -0.069036103785038
v 0.0375131256878376 0.03775089234113693 -0.06440816819667816
v 0.03957539424300194 0.03877926990389824 -0.059467073529958725
v 0.04095069319009781 0.039844464510679245 -0.054299984127283096
v 0.04190487042069435 0.04551587998867035 -0.023420047014951706
v 0.04225766286253929 0.04545697197318077 -0.02258600853383541
v 0.04336376488208771 0.04516059160232544 -0.01999431848526001
v 0.0449625663459301 0.0443904735147953 -0.016296029090881348
v 0.03874104097485542 0.04536678269505501 -0.03110278584063053
v 0.039106376469135284 0.045442402362823486 -0.030194679275155067
v 0.04031592234969139 0.04558658227324486 -0.027229173108935356
v 0.04077795520424843 0.04559741169214249 -0.026112018153071404
v -0.02202591672539711 0.03360229730606079 -0.024516960605978966
v -0.01651650108397007 0.03463855758309364 -0.019759302958846092
v 0.011626983992755413 0.03566347435116768 -0.016517499461770058
v -0.013174307532608509 0.03563050925731659 -0.015080464072525501
v -0.010002121329307556 0.03539741411805153 -0.01643519289791584
v -0.00705151678994298 0.03613489121198654 -0.012986716814339161
v 0.01693631149828434 0.03605637699365616 -0.014921311289072037
v 0.016334379091858864 0.0359799899160862 -0.015259395353496075
v 0.00868545938283205 0.03632847219705582 -0.01304660178720951
v -0.026210183277726173 0.032348863780498505 -0.030431648716330528
v -0.006430884823203087 0.023378266021609306 -0.07596930861473083
v 0.0007333214161917567 0.023309987038373947 -0.07676828652620316
v 0.007899553515017033 0.023554544895887375 -0.07602383941411972
v -0.023507552221417427 0.03399858623743057 -0.02246606908738613
v -0.02777949348092079 0.03279156982898712 -0.028146076947450638
v -0.02882612682878971 0.03095110133290291 -0.03715963661670685
v -0.030688732862472534 0.031444910913705826 -0.03460298851132393
v -0.023564936593174934 0.025134067982435226 -0.066200852394104
v -0.02782193012535572 0.026236170902848244 -0.06048838421702385
v -0.03071419522166252 0.027511464431881905 -0.05400939658284187
v 0.01813257671892643 0.03506477549672127 -0.019891155883669853
v 0.02511645294725895 0.03459670767188072 -0.022651100531220436
v 0.023629453033208847 0.03416390344500542 -0.024690695106983185
v 0.029373446479439735 0.033494606614112854 -0.02836356684565544
v 0.027798155322670937 0.03301322087645531 -0.030637171119451523
v 0.032265711575746536 0.03221931308507919 -0.03484255447983742
v 0.030396416783332825 0.03167959675192833 -0.0373850017786026
v 0.025059068575501442 0.025732191279530525 -0.06638588011264801
v 0.029331009835004807 0.026939205825328827 -0.06070587411522865
v 0.03224024921655655 0.028285864740610123 -0.05424896255135536
v -0.02928580716252327 0.03439635410904884 -0.045304909348487854
v -0.02842336893081665 0.032980889081954956 -0.052344609051942825
v -0.028130751103162766 0.03276551514863968 -0.053426142781972885
v -0.017569899559020996 0.029811320826411247 -0.06868363171815872
v -0.02176733873784542 0.030537307262420654 -0.06483080983161926
v -0.025867702439427376 0.03166912496089935 -0.058981817215681076
v -0.0076125203631818295 0.028935886919498444 -0.07364536821842194
v -0.009961632080376148 0.029062319546937943 -0.07287001609802246
v -0.0163605734705925 0.029651205986738205 -0.06955166161060333
v 0.0006731259636580944 0.02880590222775936 -0.07482115179300308
v -0.002942393533885479 0.028804874047636986 -0.07459301501512527
v 0.013476173393428326 0.029533056542277336 -0.07205908745527267
v 0.011312898248434067 0.029324017465114594 -0.07295097410678864
v 0.0042892079800367355 0.028893830254673958 -0.07462053745985031
v 0.024488866329193115 0.03143076226115227 -0.06340591609477997
v 0.023139582946896553 0.031089704483747482 -0.06500169634819031
v 0.017720485106110573 0.030070435255765915 -0.06968135386705399
v 0.02776280790567398 0.032529547810554504 -0.058195557445287704
v 0.027255255728960037 0.03232258930802345 -0.05918397009372711
v 0.030709218233823776 0.03513435274362564 -0.04553321376442909
v 0.02982831373810768 0.03369744122028351 -0.052566275000572205
v -0.017467599362134933 0.03093506582081318 -0.06314554810523987
v -0.007563021499663591 0.029307957738637924 -0.0718127191066742
v 0.008917086757719517 0.029510680586099625 -0.0718754306435585
v 0.018857061862945557 0.033351678401231766 -0.0535646490752697
v 0.02766125462949276 0.03345998004078865 -0.053598154336214066
v 0.02779606729745865 0.037667080760002136 -0.03284856304526329
v 0.02768244780600071 0.036733999848365784 -0.037445154041051865
v 0.029846778139472008 0.03654982149600983 -0.038493506610393524
v -0.023048706352710724 0.034473076462745667 -0.045328643172979355
v -0.02810944989323616 0.036055874079465866 -0.037192538380622864
v -0.025946181267499924 0.03559422120451927 -0.03960992395877838
v -0.0230381079018116 0.03611008822917938 -0.037252143025398254
v -0.025146521627902985 0.03556147962808609 -0.039823051542043686
v -0.02456168457865715 0.03545234352350235 -0.04039924964308739
v -0.028404902666807175 0.035833269357681274 -0.038271836936473846
v -0.027332736179232597 0.03541825711727142 -0.04038870707154274
v -0.026746390387415886 0.035541798919439316 -0.0398169606924057
v -0.02471221052110195 0.03704630956053734 -0.03252474591135979
v -0.02412586659193039 0.03716985136270523 -0.03195299953222275
v -0.02583184652030468 0.03720811754465103 -0.03165414556860924
v -0.021716171875596046 0.0384410060942173 -0.025836415588855743
v -0.023325655609369278 0.03722226992249489 -0.03174596279859543
v -0.022525997832417488 0.037189532071352005 -0.031959086656570435
v -0.017420899122953415 0.038148969411849976 -0.027554389089345932
v -0.021941158920526505 0.037080395966768265 -0.032535288482904434
v -0.0174336526542902 0.03617902845144272 -0.03727347031235695
v -0.0075049991719424725 0.038270946592092514 -0.027592122554779053
v -0.016297074034810066 0.03946027532219887 -0.021156759932637215
v -0.012898582965135574 0.03953538089990616 -0.02100537158548832
v -0.012312237173318863 0.03965892270207405 -0.02043362706899643
v -0.009889488108456135 0.04020669311285019 -0.017887139692902565
v -0.010127531364560127 0.039569467306137085 -0.021015917882323265
v -0.007497791200876236 0.039384353905916214 -0.022098906338214874
v -0.010712369345128536 0.039678603410720825 -0.020439716055989265
v -0.0115120280534029 0.03971134498715401 -0.02022659033536911
v -0.0026756664738059044 0.04029597342014313 -0.01791190728545189
v 0.000750283885281533 0.04072481021285057 -0.01601695641875267
v -0.0034753242507576942 0.04032871499657631 -0.017698774114251137
v -0.002865798072889447 0.040636878460645676 -0.01621757261455059
v -0.0042755333706736565 0.04027629271149635 -0.017905818298459053
v -0.004861878696829081 0.04015275463461876 -0.018477560952305794
v 0.0007422625203616917 0.039485715329647064 -0.022130262106657028
v -0.002090827329084277 0.040186841040849686 -0.01848810538649559
v 0.0057710944674909115 0.04039987549185753 -0.01794404909014702
v 0.01138504222035408 0.04046839103102684 -0.01796809583902359
v 0.004365803208202124 0.04072583466768265 -0.01624509133398533
v 0.003584881778806448 0.04025665670633316 -0.018509702757000923
v 0.004171227104961872 0.040380194783210754 -0.01793796196579933
v 0.004971436690539122 0.04043261706829071 -0.017730917781591415
v 0.008982316590845585 0.039587076753377914 -0.02216161973774433
v 0.006355933845043182 0.04029074311256409 -0.01852024719119072
v 0.012201217003166676 0.03996046259999275 -0.020526910200715065
v 0.011614873073995113 0.03983692079782486 -0.021098654717206955
v 0.013001427054405212 0.04001288115978241 -0.020319873467087746
v 0.013801084831357002 0.039980143308639526 -0.0205329991877079
v 0.017783984541893005 0.03987950459122658 -0.02128645032644272
v 0.014385923743247986 0.039871007204055786 -0.0211092010140419
v 0.023190747946500778 0.03899340331554413 -0.02600730210542679
v 0.018993310630321503 0.039719387888908386 -0.02215447835624218
v 0.01889101043343544 0.038595642894506454 -0.02769256941974163
v 0.008975109085440636 0.038473665714263916 -0.02765483595430851
v 0.023398153483867645 0.037638112902641296 -0.0327078215777874
v 0.023984497413039207 0.03776165470480919 -0.03213607892394066
v 0.02478470839560032 0.037814076989889145 -0.03192903846502304
v 0.027291113510727882 0.03786158189177513 -0.03185629844665527
v 0.018878256902098656 0.0366256982088089 -0.0374116525053978
v 0.02558436617255211 0.03778133541345596 -0.032142166048288345
v 0.026169205084443092 0.03767219930887222 -0.032718367874622345
v 0.02876906655728817 0.036108363419771194 -0.040602196007966995
v 0.028758203610777855 0.03443028777837753 -0.04888129606842995
v 0.024753181263804436 0.03294411301612854 -0.055955931544303894
v 0.023952972143888474 0.032891690731048584 -0.05616296827793121
v 0.023366626352071762 0.03276814892888069 -0.05673471465706825
v 0.01884431019425392 0.03138173744082451 -0.06328373402357101
v 0.025552840903401375 0.03291137143969536 -0.0561690591275692
v 0.02613767795264721 0.03280223533511162 -0.0567452609539032
v 0.01155299972742796 0.03027907945215702 -0.06825408339500427
v 0.008928408846259117 0.03125976398587227 -0.0632459968328476
v 0.012139343656599522 0.030402617529034615 -0.06768234819173813
v 0.012939553707838058 0.03045503981411457 -0.06747530400753021
v 0.013739211484789848 0.03042229823768139 -0.06768843531608582
v 0.014324050396680832 0.030313165858387947 -0.06826463341712952
v -0.011573901399970055 0.03015350177884102 -0.06738202273845673
v -0.007551698945462704 0.031057041138410568 -0.06318328529596329
v -0.012374110519886017 0.030101079493761063 -0.06758906692266464
v -0.012960456311702728 0.02997753955423832 -0.06816080212593079
v -0.01077424269169569 0.030120758339762688 -0.06759515404701233
v -0.010189404711127281 0.030011625960469246 -0.06817135214805603
v -0.0174548476934433 0.032905008643865585 -0.05342647060751915
v -0.022557523101568222 0.0323195680975914 -0.05598597973585129
v -0.021972686052322388 0.03221043199300766 -0.05656218156218529
v -0.02335718274116516 0.03235230967402458 -0.05577285587787628
v -0.0230593029409647 0.03283606842160225 -0.053405143320560455
v -0.024157391861081123 0.032299887388944626 -0.0559798926115036
v -0.024743735790252686 0.03217634558677673 -0.05655163526535034
v -0.027343599125742912 0.03374018147587776 -0.04866781085729599
v -0.0267572533339262 0.033863723278045654 -0.04809606447815895
v -0.02595704421401024 0.03391614556312561 -0.04788902774453163
v -0.02515738643705845 0.03388340398669243 -0.04810215160250664
v -0.024572547525167465 0.03377426788210869 -0.04867835342884064
v 0.025987152010202408 0.034396201372146606 -0.0488707534968853
v 0.01886766031384468 0.03498869016766548 -0.0454881489276886
v 0.02657349593937397 0.0345197431743145 -0.04829900711774826
v 0.027671851217746735 0.035096991807222366 -0.045521654188632965
v 0.02737370692193508 0.034572165459394455 -0.04809197038412094
v 0.02817336469888687 0.03453942388296127 -0.04830509424209595
v 0.026584358885884285 0.03619781881570816 -0.04001990705728531
v 0.027384569868445396 0.036250241100788116 -0.03981286659836769
v 0.028184227645397186 0.036217499524354935 -0.040025994181632996
v 0.025998014956712723 0.03607427701354027 -0.04059164971113205
v -0.0049304659478366375 0.02955780364573002 -0.07074975222349167
v -0.004344120621681213 0.029681343585252762 -0.07017801702022552
v -0.003543911501765251 0.029733765870332718 -0.06997097283601761
v 0.0006883550668135285 0.03115840256214142 -0.06321464478969574
v -0.0027442537248134613 0.029701022431254387 -0.07018410414457321
v -0.002159414580091834 0.029591890051960945 -0.07076030224561691
v 0.0006770322215743363 0.029409319162368774 -0.07184407860040665
v 0.003516294527798891 0.02966170758008957 -0.0707819014787674
v 0.004102639853954315 0.029785245656967163 -0.07021015882492065
v 0.004902849439531565 0.02983766980469227 -0.07000311464071274
v 0.005702507216483355 0.029804926365613937 -0.07021624594926834
v 0.0062873465940356255 0.029695793986320496 -0.07079244405031204
v 0.0007350547821260989 0.038372304290533066 -0.027623480185866356
v -0.007517751771956682 0.03630100190639496 -0.03731120377779007
v 0.00072230224031955 0.03640236333012581 -0.03734256327152252
v 0.008962356485426426 0.03650372475385666 -0.037373919039964676
v -0.017444249242544174 0.034542016685009 -0.04534997045993805
v -0.007528348825871944 0.03466399386525154 -0.04538770392537117
v 0.0007117048953659832 0.03476535528898239 -0.045419059693813324
v 0.008951758965849876 0.03486671298742294 -0.04545041546225548
v -0.007538946345448494 0.033026982098817825 -0.05346420407295227
v 0.0007011076086200774 0.033128343522548676 -0.053495559841394424
v 0.008941161446273327 0.033229704946279526 -0.05352691560983658
v 0.03966197744011879 0.03432976454496384 0.012854870408773422
v 0.037748273462057114 0.0340445376932621 0.01157095842063427
v 0.0430464893579483 0.035376157611608505 0.01779957301914692
v 0.04341045022010803 0.0357862189412117 0.019799398258328438
v 0.043320346623659134 0.03619222342967987 0.021808471530675888
v 0.04223652929067612 0.03497854620218277 0.015889957547187805
v 0.04119129851460457 0.03465628623962402 0.014367320574820042
v 0.035572897642850876 0.033816996961832047 0.01058855652809143
v 0.03700195252895355 0.0373491533100605 0.03863637521862984
v 0.048382651060819626 0.006846749689429998 0.05136089399456978
v 0.04738176241517067 0.013677913695573807 0.049679212272167206
v 0.04607970640063286 0.018412664532661438 0.048302020877599716
v 0.0449046865105629 0.021633513271808624 0.04727836698293686
v 0.04440436139702797 0.022838657721877098 0.04687749966979027
v 0.042400140315294266 0.0270377267152071 0.045401617884635925
v 0.04086419194936752 0.02979261428117752 0.04438029229640961
v 0.03770950064063072 0.034666020423173904 0.042504195123910904
v 0.04152575880289078 0.03540593013167381 0.029879789799451828
v 0.039365701377391815 0.03639747202396393 0.03450016677379608
v 0.041756778955459595 0.027885230258107185 0.05044732242822647
v 0.03717634081840515 0.034391794353723526 0.05054820701479912
v 0.04035768657922745 0.030116571113467216 0.05043358728289604
v 0.04772799834609032 0.011938043870031834 0.051790930330753326
v 0.046108752489089966 0.018305597826838493 0.05100962147116661
v 0.04749699681997299 0.013125435449182987 0.05162582919001579
v 0.04273436218500137 0.026152119040489197 0.050491563975811005
v 0.04222407564520836 0.027077019214630127 0.05046442151069641
v 0.007359802257269621 0.04978341981768608 0.045621342957019806
v 0.014985204674303532 0.04830551519989967 0.04645611345767975
v 0.022310063242912292 0.04565546289086342 0.047914374619722366
v 0.023370783776044846 0.04515781253576279 0.048184365034103394
v 0.04648996889591217 0.008170501329004765 0.07214821875095367
v 0.04613546282052994 0.013159172609448433 0.07113754004240036
v 0.04423404857516289 0.02140592597424984 0.06946852058172226
v 0.04076211526989937 0.029145991429686546 0.06790425628423691
v 0.03584723919630051 0.03609496355056763 0.06650222837924957
v 0.02967001497745514 0.04199749603867531 0.06531396508216858
v 0.022457439452409744 0.04663669317960739 0.0643831193447113
v 0.01447453536093235 0.04984208941459656 0.06374389678239822
v 0.006014642771333456 0.05149589478969574 0.06341978907585144
v -0.049106769263744354 0.031162628903985023 -0.008272770792245865
v -0.049121711403131485 0.03151868283748627 -0.011048412881791592
v -0.04914671182632446 0.031157968565821648 -0.018784891813993454
v -0.049170877784490585 0.029330484569072723 -0.031042130663990974
v -0.0441233292222023 0.015061638318002224 0.05158601328730583
v -0.044027961790561676 0.0154346264898777 0.05154244229197502
v -0.045293178409338 0.008420974016189575 0.052508749067783356
v -0.04538412764668465 0.0074257804080843925 0.05267663672566414
v -0.03748149797320366 0.03007557801902294 0.050736203789711
v -0.04011448845267296 0.02559947408735752 0.05079129710793495
v -0.03760512173175812 0.02988755702972412 0.05073470249772072
v -0.03678840026259422 0.031927067786455154 0.04349641874432564
v -0.0356350839138031 0.03371506556868553 0.04280233383178711
v -0.03999103233218193 0.026206789538264275 0.045648690313100815
v -0.03793710842728615 0.030021274462342262 0.04422684758901596
v -0.03852158412337303 0.028995132073760033 0.04461498185992241
v -0.03903849050402641 0.028051089495420456 0.0449686124920845
v -0.045406512916088104 0.00745322136208415 0.05130951106548309
v -0.044679827988147736 0.012651222757995129 0.050000861287117004
v -0.045037150382995605 0.010596860200166702 0.050540413707494736
v -0.045372504740953445 0.007840913720428944 0.05121757462620735
v -0.03516991436481476 0.033289387822151184 0.05081399530172348
v -0.04353118687868118 0.01720438338816166 0.051350563764572144
v -0.04196932911872864 0.02177976444363594 0.04720497131347656
v -0.04321262240409851 0.018320485949516296 0.04832897335290909
v -0.047711197286844254 0.007900199852883816 0.013813220895826817
v -0.04869663342833519 0.006355766672641039 0.002044990425929427
v -0.04866867512464523 0.003133944468572736 0.0026055029593408108
v -0.04873715713620186 0.01653631590306759 0.0004345613415353
v -0.04867302253842354 0.02598039247095585 -0.0008662621257826686
v -0.045149002224206924 0.03163725510239601 0.013050605542957783
v -0.04086123779416084 0.03373498469591141 0.02687014825642109
v -0.037486426532268524 0.03539646416902542 0.034551456570625305
v -0.044240497052669525 0.03205142915248871 0.016392920166254044
v -0.048850663006305695 0.03013652376830578 -0.0027617993764579296
v -0.045089442282915115 -0.005247445311397314 0.011849470436573029
v -0.04423150792717934 -0.0024560352321714163 0.025567252188920975
v 0.03014959581196308 0.047574371099472046 0.01616685651242733
v 0.03014235943555832 0.04747508466243744 0.01680048182606697
v 0.004964013583958149 0.050066910684108734 -0.0024706905242055655
v -0.029049502685666084 0.0423172228038311 0.03608923405408859
v -0.026394443586468697 0.04222939908504486 0.040802668780088425
v -0.0028561982326209545 0.04953904449939728 0.04130289703607559
v 0.029671302065253258 0.04217947646975517 0.040556635707616806
v 0.03059278428554535 0.04423126205801964 0.032116279006004333
v 0.027652567252516747 0.043216656893491745 0.0406133309006691
v 0.021263010799884796 0.045992475003004074 0.0408315546810627
v 0.02472505159676075 0.044583313167095184 0.04070870205760002
v 0.02100948430597782 0.046086911112070084 0.04084072262048721
v 0.01716146431863308 0.04737316817045212 0.04097561165690422
v 0.013188020326197147 0.04841015860438347 0.04109838232398033
v 0.012866472825407982 0.04848109558224678 0.04110751301050186
v 0.0045852502807974815 0.04962984472513199 0.04127449542284012
v 0.00476427748799324 0.04961887747049332 0.04127228632569313
v 0.008627223782241344 0.049232907593250275 0.041210874915122986
v 0.00913220550864935 0.049161359667778015 0.041200630366802216
v -0.0032886723056435585 0.04950088635087013 0.04130076244473457
v -0.0030358212534338236 0.04952363297343254 0.04130204766988754
v -0.010721106082201004 0.048281170427799225 0.04120689257979393
v -0.007401501759886742 0.04895789548754692 0.04126353561878204
v -0.022878970950841904 0.0439981110394001 0.04088987782597542
v -0.02064719796180725 0.04499649256467819 0.040952153503894806
v -0.011606045998632908 0.04806496575474739 0.041188519448041916
v -0.011437566950917244 0.04810728132724762 0.04119209572672844
v -0.028772233054041862 0.04365423321723938 0.03180288150906563
v -0.02856440655887127 0.04494396224617958 0.026668284088373184
v -0.028582535684108734 0.04696846753358841 0.015630051493644714
v -0.022427460178732872 0.04933717101812363 -0.0006715593044646084
v 0.000684704224113375 0.05002487450838089 -0.002512674080207944
v -0.009532671421766281 0.04983522370457649 -0.002139251446351409
v 0.011922774836421013 0.05008501932024956 -0.002150998916476965
v 0.018700838088989258 0.05002454295754433 -0.0015303678810596466
v 0.03061666153371334 0.04923850670456886 0.0036109089851379395
v 0.030347149819135666 0.04529711231589317 0.028047798201441765
v 0.04760286957025528 0.0337512269616127 0.0094877565279603
v 0.04533779248595238 0.03520463779568672 0.016805078834295273
v 0.046879637986421585 0.03424261510372162 0.011958921328186989
v 0.04347391054034233 0.03692296892404556 0.02073356881737709
v 0.024638187140226364 0.03180384635925293 0.0013607419095933437
v 0.025078900158405304 0.031658973544836044 0.0006174937007017434
v -0.04712418466806412 0.02192503772675991 -0.04275371506810188
v -0.04621399566531181 0.020076172426342964 -0.051934923976659775
v -0.0434943251311779 0.018321044743061066 -0.06077032908797264
v -0.03906968608498573 0.016727106645703316 -0.06892038136720657
v -0.0331101194024086 0.015355609357357025 -0.07607188075780869
v -0.025844646617770195 0.014259260147809982 -0.08195000886917114
v -0.017552470788359642 0.013480192050337791 -0.08632885664701462
v -0.008552261628210545 0.013048344291746616 -0.08904015272855759
v -0.04618991166353226 0.02379659190773964 -0.033579520881175995
v -0.04344708099961281 0.025618914514780045 -0.024764899164438248
v -0.03900109976530075 0.027321970090270042 -0.016648605465888977
v -0.03302282467484474 0.028840312734246254 -0.00954253040254116
v -0.025741998106241226 0.03011559508740902 -0.0037197619676589966
v -0.017438415437936783 0.031098807230591774 0.0005959352711215615
v -0.008431180380284786 0.03175216540694237 0.003238710341975093
v -0.03684987500309944 0.044284965842962265 -0.03235999122262001
v -0.03816331550478935 0.044546451419591904 -0.029030993580818176
v -0.03807868808507919 0.04453541710972786 -0.029243405908346176
v -0.03744702786207199 0.04442743584513664 -0.030837738886475563
v -0.0410003662109375 0.04441342502832413 -0.022050103172659874
v -0.040561530739068985 0.04450199007987976 -0.023114275187253952
v -0.04346880689263344 0.04334897920489311 -0.016128383576869965
v -0.039459120482206345 0.04461044445633888 -0.02581079676747322
v -0.03901422396302223 0.04461099952459335 -0.026909781619906425
v -0.04141395911574364 0.045078299939632416 -0.012601411901414394
v -0.03435053676366806 0.0433221198618412 -0.03869883716106415
v -0.04860110208392143 0.03141557052731514 -0.0018893623491749167
v -0.04775889962911606 0.036659568548202515 -0.0046205054968595505
v -0.04681433364748955 0.039284203201532364 -0.00731323380023241
v 0.0009099371964111924 0.049032628536224365 -0.012796861119568348
v -0.014816629700362682 0.04870300367474556 -0.013408906757831573
v -0.0230825487524271 0.04841760918498039 -0.014283915981650352
v -0.0075875576585531235 0.0488893948495388 -0.012955501675605774
v 0.01630074344575405 0.04908285662531853 -0.013541719876229763
v 0.008907862938940525 0.049092311412096024 -0.01301822904497385
v 0.0006599029875360429 0.04902958869934082 -0.012795735150575638
v 0.024388564750552177 0.04900183528661728 -0.01446316298097372
v -0.02158328890800476 0.04455430060625076 0.048382483422756195
v -0.014440390281379223 0.04756351187825203 0.04677640646696091
v -0.013236640021204948 0.04794510826468468 0.04657077044248581
v -0.006879107095301151 0.04942958429455757 0.04577494040131569
v -0.04223284870386124 -0.0020579772535711527 0.027402400970458984
v -0.030562808737158775 -0.001914424472488463 0.02735799178481102
v -0.04319829121232033 -0.002119177719578147 0.0271627027541399
v -0.04392463341355324 -0.0022638372611254454 0.026495784521102905
v -0.0285655427724123 -0.0022871214896440506 0.02539024129509926
v -0.02883218415081501 -0.002091769129037857 0.02637133002281189
v -0.029563233256340027 -0.0019553520251065493 0.027091577649116516
v -0.028583547100424767 -0.005068199709057808 0.011669263243675232
v -0.03058595582842827 -0.005490096751600504 0.009716733358800411
v -0.029585691168904305 -0.005424568895250559 0.009975536726415157
v -0.028852758929133415 -0.005270144436508417 0.010690211318433285
v -0.04309592768549919 -0.005643981508910656 0.009764338843524456
v -0.04509318992495537 -0.0052712843753397465 0.011732088401913643
v -0.004211380612105131 0.0454111248254776 0.03405645489692688
v 0.000878635561093688 0.04575726389884949 0.0339796207845211
v -0.004172801971435547 0.05137057974934578 0.06345855444669724
v -0.043502576649188995 0.007063505705446005 0.07249067723751068
v -0.04354115575551987 0.0011040514800697565 0.043088577687740326
v -0.043278589844703674 0.012059292756021023 0.07147779315710068
v -0.043317168951034546 0.006099838763475418 0.04207569733262062
v -0.041593361645936966 0.02035016566514969 0.06979512423276901
v -0.04163194075226784 0.01439071074128151 0.04039302468299866
v -0.03832487016916275 0.028173144906759262 0.06820520758628845
v -0.03836344927549362 0.022213691845536232 0.038803111761808395
v -0.03359321877360344 0.0352407768368721 0.06676647812128067
v -0.03363179787993431 0.02928132377564907 0.037364378571510315
v -0.027572277933359146 0.04129336029291153 0.06553179025650024
v -0.027610857039690018 0.03533390536904335 0.03612969070672989
v -0.020483290776610374 0.04610848054289818 0.06454652547836304
v -0.020521869882941246 0.04014902561903 0.03514442220330238
v -0.0125867435708642 0.049509208649396896 0.06384687125682831
v -0.012625322677195072 0.04354975372552872 0.03444477543234825
v 0.022090137004852295 -0.019731542095541954 0.01676325686275959
v 0.022730665281414986 -0.01883508637547493 0.016771728172898293
v 0.01683242805302143 -0.02477245219051838 0.017917348071932793
v 0.018429448828101158 -0.026116034016013145 0.017840731889009476
v 0.01737930066883564 -0.024396471679210663 0.017688093706965446
v 0.020921584218740463 -0.02117135189473629 0.01682899333536625
v 0.022450825199484825 -0.022374438121914864 0.01738773100078106
v 0.019157152622938156 -0.022962991148233414 0.017128419131040573
v 0.020623965188860893 -0.024296972900629044 0.01742487959563732
v 0.01876475289463997 -0.025868384167551994 0.017750641331076622
v 0.011253810487687588 -0.027569370344281197 0.0198800191283226
v 0.0018158422317355871 -0.019551340490579605 0.06915286928415298
v 0.004635504446923733 -0.01936611719429493 0.06911163032054901
v 0.011304750107228756 -0.017667649313807487 0.06875862181186676
v 0.014214166440069675 -0.02629074640572071 0.01896432228386402
v 0.017284013330936432 -0.014311573468148708 0.06807053834199905
v 0.008163097314536572 -0.02849513664841652 0.020558683201670647
v 0.00499772559851408 -0.029065590351819992 0.020978085696697235
v 0.0017528299940750003 -0.029285114258527756 0.021129444241523743
v 0.022153254598379135 -0.009533661417663097 0.06709571927785873
v 0.025570416823029518 -0.0036695492453873158 0.06590265035629272
v 0.027295447885990143 0.002868818351998925 0.06457514315843582
v 0.027231290936470032 -0.0069979894906282425 0.015907898545265198
v 0.02649143896996975 -0.01073716301470995 0.0164056196808815
v 0.025503739714622498 -0.013655856251716614 0.016658857464790344
v 0.024431025609374046 -0.0159876961261034 0.016767650842666626
v 0.025311777368187904 0.016115952283143997 0.06189270690083504
v 0.027009736746549606 0.0005522127612493932 0.014337178319692612
v 0.02720716781914234 0.009622123092412949 0.06320644170045853
v 0.027143245562911034 -0.00024179740285035223 0.014538705348968506
v 0.02739172801375389 -0.005096614360809326 0.015583650209009647
v 0.021742423996329308 0.021894127130508423 0.06072622537612915
v 0.02234218828380108 0.010882759466767311 0.010748786851763725
v 0.025262946262955666 0.006100242957472801 0.012660629115998745
v 0.016679739579558372 0.016355032101273537 0.009471585042774677
v 0.018186956644058228 0.015144971199333668 0.009442975744605064
v 0.016749851405620575 0.02655073069036007 0.059788938611745834
v 0.020058492198586464 0.01343169342726469 0.009771991521120071
v 0.02176383137702942 0.011589527130126953 0.01043669693171978
v 0.003742585424333811 0.02156078815460205 0.010752462781965733
v 0.007020504213869572 0.02101023495197296 0.010585921816527843
v 0.010684783570468426 0.029758647084236145 0.0591466911137104
v 0.010267130099236965 0.019993318244814873 0.010308310389518738
v 0.010622075758874416 0.01985175907611847 0.010271379724144936
v 0.012346002273261547 0.02907676063477993 0.05928272008895874
v 0.01338681299239397 0.01852443441748619 0.00994177721440792
v 0.016290977597236633 0.016647614538669586 0.009522706270217896
v 0.003973284270614386 0.031292520463466644 0.05884459614753723
v 0.001149686868302524 0.03140832483768463 0.05882482975721359
v 0.0010866745142266154 0.02167455106973648 0.010801403783261776
v 0.010383176617324352 0.02890125662088394 0.05932086706161499
v 0.021456843242049217 -0.0032493346370756626 0.06582287698984146
v 0.020654166117310524 -0.0030491023790091276 0.06578334420919418
v -0.0010077552869915962 -0.019435536116361618 0.06913310289382935
v -0.0075239758007228374 -0.008910329081118107 0.06700832396745682
v 0.013508112169802189 -0.011239835992455482 0.06745288521051407
v 0.012705432251095772 -0.011039603501558304 0.06741335242986679
v 0.010874499566853046 -0.008684010244905949 0.06693831086158752
v 0.011908245272934437 -0.011259515769779682 0.06745897233486176
v 0.011330154724419117 -0.0118406405672431 0.06757751852273941
v 0.013543614186346531 -0.013955673202872276 0.06800331175327301
v 0.014121702872216702 -0.01337454840540886 0.06788476556539536
v 0.012746426276862621 -0.014175585471093655 0.06804893165826797
v 0.011943747289478779 -0.013975352980196476 0.0680093988776207
v 0.014325796626508236 -0.01258791796863079 0.0677250549197197
v 0.014101206324994564 -0.011806554161012173 0.06756697595119476
v 0.016700295731425285 -0.008612347766757011 0.06691613793373108
v 0.011350652202963829 -0.013408634811639786 0.06789530813694
v 0.011126061901450157 -0.012627278454601765 0.06773722916841507
v 0.019856978207826614 -0.0032690144143998623 0.06582896411418915
v 0.01662565767765045 -0.0029026269912719727 0.06575894355773926
v 0.019278887659311295 -0.003850142937153578 0.0659475103020668
v 0.01907479390501976 -0.004636772908270359 0.06610722094774246
v 0.01929938606917858 -0.005418130196630955 0.0662652999162674
v 0.019892480224370956 -0.005984852090477943 0.06637939065694809
v 0.022274529561400414 -0.00459741335362196 0.06609504669904709
v 0.02204993925988674 -0.0038160562980920076 0.06593696773052216
v 0.0206951592117548 -0.006185084115713835 0.06641891598701477
v 0.02149234525859356 -0.0059651718474924564 0.0663732960820198
v 0.02207043580710888 -0.005384043324738741 0.06625474989414215
v 0.016389939934015274 0.015129254199564457 0.06210440769791603
v 0.019017551094293594 0.016141729429364204 0.061895743012428284
v 0.01961064524948597 0.015575007535517216 0.06200983002781868
v 0.01631530188024044 0.020838970318436623 0.06094721332192421
v 0.020372331142425537 0.018510757014155388 0.06141379103064537
v 0.021768104285001755 0.017743807286024094 0.061567410826683044
v 0.02117500826716423 0.01831052452325821 0.06145332381129265
v 0.020413324236869812 0.015374775975942612 0.06204936280846596
v 0.021210510283708572 0.015594687312841415 0.06200374290347099
v 0.021788600832223892 0.01617581583559513 0.06188519671559334
v 0.021992694586515427 0.0169624462723732 0.06172548979520798
v 0.019575143232941628 0.018290845677256584 0.061459410935640335
v 0.018997052684426308 0.017709720879793167 0.06157795712351799
v 0.018792958930134773 0.0169230867177248 0.06173766404390335
v 0.012217279523611069 0.026303166523575783 0.05984506383538246
v 0.011420092545449734 0.02608325518667698 0.059890683740377426
v 0.013613053597509861 0.02553621493279934 0.059998683631420135
v 0.013019959442317486 0.026102935895323753 0.05988459289073944
v 0.012258273549377918 0.023167189210653305 0.06048063561320305
v 0.013055461458861828 0.02338710054755211 0.060435015708208084
v 0.013633551076054573 0.023968225345015526 0.06031646952033043
v 0.013837643899023533 0.024754857644438744 0.06015676259994507
v 0.010842002928256989 0.025502126663923264 0.06000922992825508
v 0.010637909173965454 0.024715498089790344 0.06016893684864044
v 0.010489505715668201 0.02076730877161026 0.060969382524490356
v 0.010862499475479126 0.0239341389387846 0.060327015817165375
v 0.011455594561994076 0.023367419838905334 0.06044110283255577
v -0.00833922065794468 0.029524633660912514 0.059219084680080414
v -0.001669975696131587 0.031223103404045105 0.058866072446107864
v -0.008015298284590244 0.028674935922026634 0.05939088016748428
v -0.009739902801811695 0.02289658971130848 0.060564346611499786
v -0.00894271582365036 0.023116501048207283 0.06051872670650482
v -0.00790897011756897 0.020540988072752953 0.06103939563035965
v -0.008978217840194702 0.025832336395978928 0.05996830388903618
v -0.009780896827578545 0.026032567024230957 0.0599287748336792
v -0.01431848295032978 0.02616855874657631 0.05990716442465782
v -0.010578084737062454 0.025812657549977303 0.059974394738674164
v -0.011156173422932625 0.025231529027223587 0.06009294092655182
v -0.010542582720518112 0.023096822202205658 0.06052481383085251
v -0.00836462527513504 0.0236976258456707 0.06040018051862717
v -0.00816053245216608 0.024484258145093918 0.060240473598241806
v -0.008385122753679752 0.025265615433454514 0.06008239462971687
v -0.01136026717722416 0.02444489859044552 0.06025264784693718
v -0.011135676875710487 0.023663539439439774 0.06041072681546211
v -0.013734766282141209 0.02046932652592659 0.061061564832925797
v -0.017688635736703873 0.014906084164977074 0.062194354832172394
v -0.016891447827219963 0.015125996433198452 0.06214873492717743
v -0.0136601272970438 0.01475960947573185 0.06221875920891762
v -0.016313359141349792 0.015707125887274742 0.062030188739299774
v -0.016109265387058258 0.01649375446140766 0.06187048181891441
v -0.01633385568857193 0.017275115475058556 0.06171240285038948
v -0.016926949843764305 0.01784183457493782 0.061598315834999084
v -0.019187724217772484 0.021390646696090698 0.06088197976350784
v -0.02210325375199318 0.01665717177093029 0.06184522435069084
v -0.019308999180793762 0.016454394906759262 0.06188265606760979
v -0.021959438920021057 0.01465751975774765 0.06225034222006798
v -0.01908441074192524 0.015673037618398666 0.06204073503613472
v -0.018491314724087715 0.015106316655874252 0.062154825776815414
v -0.017729630693793297 0.01804206520318985 0.06155878305435181
v -0.018526816740632057 0.017822153866291046 0.06160440295934677
v -0.019104907289147377 0.01724102906882763 0.061722949147224426
v -0.022346246987581253 -0.004258970730006695 0.06608499586582184
v -0.02424163743853569 0.0022348621860146523 0.06477125734090805
v -0.02172372303903103 -0.003374361665919423 0.0659048780798912
v -0.02432991936802864 0.00898816715925932 0.06340256333351135
v -0.022604888305068016 0.015526531264185905 0.06207504868507385
v -0.013424411416053772 -0.0032722721807658672 0.06587329506874084
v -0.016052020713686943 -0.004284747410565615 0.06608196347951889
v -0.016645114868879318 -0.003718025516718626 0.0659678727388382
v -0.017406800761818886 -0.006653774995356798 0.0665639117360115
v -0.016609612852334976 -0.006433863192796707 0.06651829183101654
v -0.013349772430956364 -0.008981992490589619 0.06703048944473267
v -0.016031524166464806 -0.005852734670042992 0.06639974564313889
v -0.01582743041217327 -0.005066104233264923 0.06624003499746323
v -0.01744779571890831 -0.0035177934914827347 0.06592833995819092
v -0.01824498176574707 -0.0037377055268734694 0.06597395986318588
v -0.01882307231426239 -0.004318833816796541 0.06609250605106354
v -0.019027164205908775 -0.00510546425357461 0.0662522166967392
v -0.018802575767040253 -0.005886821076273918 0.06641028821468353
v -0.018776893615722656 -0.010037141852080822 0.06725147366523743
v -0.01820947974920273 -0.006453542970120907 0.06652437895536423
v -0.009292744100093842 -0.01131020300090313 0.06749706715345383
v -0.010089932009577751 -0.011530114337801933 0.06754268705844879
v -0.010668021626770496 -0.01211123913526535 0.06766123324632645
v -0.007719254121184349 -0.01790166273713112 0.06883101165294647
v -0.008454563096165657 -0.014226271770894527 0.06808701902627945
v -0.013784322887659073 -0.014693744480609894 0.06818876415491104
v -0.010872114449739456 -0.012897877022624016 0.0678209438920021
v -0.007876473478972912 -0.01364514697343111 0.0679684728384018
v -0.007672379724681377 -0.012858517467975616 0.06780876219272614
v -0.00789697002619505 -0.012077152729034424 0.0676506906747818
v -0.008490065112709999 -0.011510434560477734 0.0675365999341011
v -0.010647524148225784 -0.013679234310984612 0.06797901540994644
v -0.010054429993033409 -0.014245952479541302 0.06809310615062714
v -0.009251750074326992 -0.014446184039115906 0.06813263893127441
v -0.007598614785820246 -0.003200609004124999 0.065851129591465
v 0.010799860581755638 -0.002974289935082197 0.0657811164855957
v -0.007834331132471561 0.014831271953880787 0.06219659000635147
v 0.001367468386888504 0.014748433604836464 0.062201306223869324
v -0.0025257435627281666 0.013826954178512096 0.0623931884765625
v 0.00859055109322071 0.000515894906129688 0.06507659703493118
v 0.010282044298946857 0.004073795396834612 0.06435322761535645
v 0.010564143769443035 0.015057590790092945 0.06212657690048218
v 0.010230733081698418 0.007999038323760033 0.0635576993227005
v 0.008446779102087021 0.011514184065163136 0.0628475621342659
v 0.005283516366034746 0.01392301544547081 0.06236346811056137
v -0.005625021178275347 0.011341087520122528 0.06290110945701599
v -0.007316515315324068 0.007783190347254276 0.06362447142601013
v -0.007265203632414341 0.003857947187498212 0.06442000716924667
v -0.005481249652802944 0.00034279809915460646 0.06513014435768127
v -0.002317987149581313 -0.002066033659502864 0.0656142309308052
v 0.0015980607131496072 -0.002891451120376587 0.06577640026807785
v 0.005491273012012243 -0.0019699723925441504 0.06558451801538467
v 0.001372612314298749 0.015543026849627495 0.06612158566713333
v 0.005288660526275635 0.014717609621584415 0.06628374755382538
v 0.008451922796666622 0.012308778241276741 0.06676784157752991
v 0.010235876776278019 0.008793632499873638 0.06747797876596451
v 0.010287187993526459 0.004868389572948217 0.06827350705862045
v 0.008595694787800312 0.0013104889076203108 0.06899687647819519
v 0.0054964167065918446 -0.0011753783328458667 0.06950479745864868
v 0.0016032045241445303 -0.002096857177093625 0.06969667971134186
v 0.02065930888056755 -0.0022545084357261658 0.06970363110303879
v 0.021461987867951393 -0.002454740460962057 0.06974315643310547
v 0.022055083885788918 -0.003021462354809046 0.06985724717378616
v 0.02227967232465744 -0.003802819177508354 0.0700153261423111
v 0.022075580433011055 -0.004589449614286423 0.07017503678798676
v 0.021497489884495735 -0.005170578137040138 0.07029358297586441
v 0.020700303837656975 -0.005390489939600229 0.07033920288085938
v 0.012710575945675373 -0.010245009325444698 0.0713336393237114
v 0.01351325586438179 -0.010445241816341877 0.07137316465377808
v 0.014106350019574165 -0.011011959984898567 0.07148725539445877
v 0.014330940321087837 -0.011793323792517185 0.0716453343629837
v 0.014126847498118877 -0.012579954229295254 0.07180504500865936
v 0.013548757880926132 -0.01316107902675867 0.07192359119653702
v 0.012751569971442223 -0.01338099129498005 0.07196921110153198
v 0.01222242321819067 0.027097759768366814 0.06376534700393677
v 0.013025104068219662 0.026897529140114784 0.06380487233400345
v 0.013618197292089462 0.02633080817759037 0.06391896307468414
v 0.013842787593603134 0.025549450889229774 0.06407704204320908
v 0.013638694770634174 0.024762818589806557 0.06423675268888474
v 0.013060606084764004 0.02418169379234314 0.06435529887676239
v 0.01226341724395752 0.023961782455444336 0.06440091878175735
v 0.020377473905682564 0.01930535025894642 0.06533407419919968
v 0.021180152893066406 0.01910511963069439 0.06537359952926636
v 0.02177324891090393 0.018538400530815125 0.06548769026994705
v 0.021997837349772453 0.01775703951716423 0.06564576923847198
v 0.021793745458126068 0.01697041094303131 0.06580547988414764
v 0.02121565490961075 0.016389282420277596 0.0659240260720253
v 0.020418468862771988 0.016169369220733643 0.06596964597702026
v -0.01772448606789112 0.01883666031062603 0.06547906249761581
v -0.01692180521786213 0.01863642781972885 0.06551859527826309
v -0.016328712925314903 0.018069710582494736 0.06563268601894379
v -0.016104120761156082 0.01728834956884384 0.06579076498746872
v -0.016308214515447617 0.016501719132065773 0.06595046818256378
v -0.016886303201317787 0.015920590609312057 0.06606901437044144
v -0.017683492973446846 0.015700679272413254 0.0661146342754364
v -0.009775753132998943 0.026827162131667137 0.0638490542769432
v -0.008973073214292526 0.026626931503415108 0.06388858705759048
v -0.008379979059100151 0.026060208678245544 0.06400267779827118
v -0.00815538875758648 0.02527885138988495 0.06416074931621552
v -0.008359481580555439 0.02449222095310688 0.06432045996189117
v -0.008937571197748184 0.023911096155643463 0.06443900614976883
v -0.009734759107232094 0.02369118295609951 0.0644846260547638
v -0.00928760040551424 -0.010515608824789524 0.07141734659671783
v -0.008484921418130398 -0.010715840384364128 0.07145687937736511
v -0.007891826331615448 -0.011282558552920818 0.0715709701180458
v -0.007667236030101776 -0.012063923291862011 0.07172904908657074
v -0.007871328853070736 -0.01285055372864008 0.0718887522816658
v -0.008449419401586056 -0.013431678526103497 0.07200729846954346
v -0.00924660637974739 -0.0136515898630023 0.07205291837453842
v -0.017442651093006134 -0.002723199548199773 0.06984861940145493
v -0.016639970242977142 -0.002923431573435664 0.0698881521821022
v -0.016046877950429916 -0.003490153467282653 0.0700022429227829
v -0.015822285786271095 -0.004271510522812605 0.07016031444072723
v -0.01602637954056263 -0.005058140493929386 0.0703200250864029
v -0.0166044682264328 -0.005639269016683102 0.07043857127428055
v -0.01740165799856186 -0.00585918128490448 0.07048419117927551
v -0.023562772199511528 0.0187299195677042 0.07009986788034439
v -0.021214013919234276 0.018993694335222244 0.07004332542419434
v -0.02037542313337326 0.023963365703821182 0.06903493404388428
v -0.017272407189011574 0.02454279363155365 0.06891341507434845
v 0.00840857531875372 -0.016440147534012794 0.0771864727139473
v 0.008950918912887573 -0.018326984718441963 0.07756820321083069
v 0.014525544829666615 -0.013868002220988274 0.07665710151195526
v 0.01554765086621046 -0.015553101897239685 0.076997309923172
v 0.01975441537797451 -0.009831694886088371 0.07583212852478027
v 0.021186629310250282 -0.011200224049389362 0.07610763609409332
v 0.02373884804546833 -0.004606283735483885 0.07476777583360672
v 0.025483567267656326 -0.005564975086599588 0.07495979964733124
v 0.02620731107890606 0.001452120253816247 0.07353656738996506
v 0.02814563550055027 0.0009685977129265666 0.07363203167915344
v 0.026991581544280052 0.007930652238428593 0.07222241908311844
v 0.028991416096687317 0.007955252192914486 0.07221481204032898
v 0.026038214564323425 0.01438781339675188 0.07091487944126129
v 0.027963275089859962 0.014918855391442776 0.07080472260713577
v 0.023412175476551056 0.020383549854159355 0.06970306485891342
v 0.02513127401471138 0.02138485014438629 0.06949785351753235
v 0.019292430952191353 0.025509271770715714 0.06866954267024994
v 0.020688410848379135 0.026912584900856018 0.06838327646255493
v 0.01395973190665245 0.029415661469101906 0.06788476556539536
v 0.01493746042251587 0.03112536109983921 0.06753694266080856
v 0.007777492981404066 0.031836509704589844 0.0674021989107132
v 0.008270340040326118 0.033736079931259155 0.06701653450727463
v 0.001167022855952382 0.03260684013366699 0.06725473701953888
v 0.0011414015898481011 0.03456682711839676 0.06685750186443329
v -0.005656688939779997 0.031607989221811295 0.06746614724397659
v -0.005028687417507172 0.03380157798528671 0.0670207068324089
v -0.011956914328038692 0.028852736577391624 0.06803286820650101
v -0.01086515560746193 0.03169698268175125 0.06745494157075882
v -0.01606946811079979 0.028360694646835327 0.0681379958987236
v 0.0018081754678860307 -0.01777675747871399 0.0728745386004448
v 0.008267202414572239 -0.016862358897924423 0.07268072664737701
v 0.008272347040474415 -0.016067765653133392 0.07660100609064102
v 0.014264232479035854 -0.014340645633637905 0.0721617341041565
v 0.014269376173615456 -0.0135460514575243 0.0760820135474205
v 0.01939057745039463 -0.0103834830224514 0.07135293632745743
v 0.019395720213651657 -0.009588888846337795 0.07527321577072144
v 0.021562159061431885 -0.007885552942752838 0.07084378600120544
v 0.023302026093006134 -0.004465938545763493 0.07422973215579987
v 0.023296881467103958 -0.005260532721877098 0.07030945271253586
v 0.02571694366633892 0.0006790814804844558 0.06910238415002823
v 0.025722088292241096 0.0014736754819750786 0.07302267104387283
v 0.026485836133360863 0.007030583918094635 0.06781400740146637
v 0.02649098075926304 0.00782517809420824 0.07173428684473038
v 0.02555116079747677 0.013361130841076374 0.06653210520744324
v 0.025556305423378944 0.01415572501718998 0.07045238465070724
v 0.02297661453485489 0.019239306449890137 0.06534405052661896
v 0.022981759160757065 0.020033899694681168 0.06926432996988297
v 0.018937651067972183 0.02426452562212944 0.06433079391717911
v 0.01894279383122921 0.02505911886692047 0.06825107336044312
v 0.016388358548283577 0.026393480598926544 0.06390262395143509
v 0.013714657165110111 0.028888912871479988 0.06748168170452118
v 0.01370951347053051 0.028094317764043808 0.06356140226125717
v 0.0011727852979674935 0.03201752156019211 0.0668640062212944
v 0.0011676413705572486 0.031222926452755928 0.0629437267780304
v 0.007653638254851103 0.031262293457984924 0.06700857728719711
v 0.0076484945602715015 0.030467700213193893 0.0630882978439331
v 0.010935469530522823 0.029405519366264343 0.0632992759346962
v 0.01639508455991745 0.015923848375678062 0.06602469086647034
v 0.010394725948572159 0.02920585125684738 0.0633404552936554
v -0.0015435724053531885 0.03104482591152191 0.06298338621854782
v -0.0079563083127141 0.02941168285906315 0.06332281976938248
v -0.008003748953342438 0.028979532420635223 0.06341046839952469
v -0.008794303052127361 0.02905919961631298 0.06339535862207413
v -0.021454336121678352 0.015458263456821442 0.06616871803998947
v -0.013654983602464199 0.01555420272052288 0.06613904237747192
v -0.023331981152296066 0.009665080346167088 0.06734538823366165
v -0.0216732956469059 0.01595197059214115 0.06606893986463547
v -0.023247094824910164 0.0031715198419988155 0.06866144388914108
v -0.02142460271716118 -0.0030725521501153708 0.06992465257644653
v -0.021218620240688324 -0.002573617734014988 0.069823257625103
v -0.021252362057566643 -0.0034506043884903193 0.07000105828046799
v -0.013292583636939526 -0.01303406897932291 0.07193306088447571
v -0.013344628736376762 -0.008187398314476013 0.07095076888799667
v -0.01799253188073635 -0.008628489449620247 0.07104627043008804
v -0.00736018642783165 -0.01619052141904831 0.07256505638360977
v -0.010049286298453808 -0.013451358303427696 0.07201338559389114
v -0.013191982172429562 -0.013105989433825016 0.07194750756025314
v -0.010642380453646183 -0.012884640134871006 0.07189930230379105
v -0.010866970755159855 -0.01210328284651041 0.07174122333526611
v -0.01066287700086832 -0.01131664589047432 0.07158151268959045
v -0.01008478831499815 -0.010735521093010902 0.0714629665017128
v -0.007518832106143236 -0.008115735836327076 0.07092860341072083
v -0.018817927688360214 -0.003524240106344223 0.07001278549432755
v -0.01902202144265175 -0.004310870077461004 0.0701724961400032
v -0.018797431141138077 -0.0050922273658216 0.07033056765794754
v -0.018204335123300552 -0.005658948794007301 0.07044465839862823
v -0.018239837139844894 -0.0029431115835905075 0.06989423930644989
v -0.01341926772147417 -0.0024776780046522617 0.06979357451200485
v -0.01848617009818554 0.015900909900665283 0.06607510149478912
v -0.019079266116023064 0.016467632725834846 0.06596101820468903
v -0.018387561663985252 0.021590540185570717 0.06492175906896591
v -0.01866198144853115 0.021231336519122124 0.0649949237704277
v -0.013729622587561607 0.02126391977071762 0.0649818480014801
v -0.019303856417536736 0.017248990014195442 0.06580293923616409
v -0.0190997626632452 0.01803562231361866 0.06564322859048843
v -0.01852167211472988 0.018616747111082077 0.06552468240261078
v -0.011355123482644558 0.02523949183523655 0.06417293101549149
v -0.013705598190426826 0.02618468925356865 0.06398443132638931
v -0.011130533181130886 0.024458134546875954 0.06433100998401642
v -0.010537439025938511 0.02389141544699669 0.06444509327411652
v -0.007903825491666794 0.021335583180189133 0.06495967507362366
v -0.011151029728353024 0.026026122272014618 0.06401322036981583
v -0.010572941042482853 0.026607250794768333 0.06389467418193817
v 0.010494649410247803 0.02156190201640129 0.06488966196775436
v 0.011460738256573677 0.024162014946341515 0.06436138600111008
v 0.010867643170058727 0.02472873218357563 0.06424729526042938
v 0.016320446506142616 0.021633565425872803 0.06486749649047852
v 0.010643052868545055 0.025510091334581375 0.06408921629190445
v 0.01084714662283659 0.026296721771359444 0.06392950564622879
v 0.011425236240029335 0.02687785029411316 0.06381095945835114
v 0.019615788012742996 0.01636960171163082 0.06593011319637299
v 0.01902269385755062 0.016936322674155235 0.06581602245569229
v 0.01879810355603695 0.01771767996251583 0.06565794348716736
v 0.019002197310328484 0.018504314124584198 0.0654982402920723
v 0.019580285996198654 0.019085438922047615 0.06537969410419464
v 0.01670544035732746 -0.007817753590643406 0.07083641737699509
v 0.019897622987627983 -0.005190257914364338 0.0702996701002121
v 0.019304528832435608 -0.004623536020517349 0.0701855793595314
v 0.019079938530921936 -0.003842179197818041 0.07002750039100647
v 0.01663080044090748 -0.002108033047989011 0.06967922300100327
v 0.01928403228521347 -0.003055548993870616 0.06986778974533081
v 0.01986212097108364 -0.0024744204711169004 0.06974924355745316
v 0.01194889098405838 -0.01318075880408287 0.0719296783208847
v 0.01135579589754343 -0.01261404063552618 0.07181558758020401
v 0.011131205596029758 -0.01183268427848816 0.07165750861167908
v 0.011335299350321293 -0.011046046391129494 0.07149779796600342
v 0.010879643261432648 -0.007889416068792343 0.07085859030485153
v -0.0009068221552297473 -0.017665401101112366 0.07285553216934204
v 0.011913388967514038 -0.010464921593666077 0.07137925922870636
v -0.007260059472173452 0.004652541130781174 0.06834028661251068
v -0.0073113711550831795 0.008577784523367882 0.06754475086927414
v -0.00782918743789196 0.015625866129994392 0.06611686944961548
v -0.0056198774836957455 0.012135680764913559 0.06682138890028
v -0.0025205998681485653 0.014621548354625702 0.06631346791982651
v 0.010569288395345211 0.01585218496620655 0.06604685634374619
v 0.01080500427633524 -0.0021796959917992353 0.06970139592885971
v -0.007593470625579357 -0.002406015060842037 0.069771409034729
v -0.002312843222171068 -0.001271439716219902 0.06953451037406921
v -0.005476105492562056 0.0011373921297490597 0.06905042380094528
v 0.0014040801906958222 0.036239027976989746 0.009887275286018848
v 0.0014368753181770444 0.04130501672625542 0.03488130494952202
v -0.025273293256759644 0.008663295768201351 0.008492539636790752
v -0.006034903693944216 0.03013046830892563 0.037156056612730026
v -0.02419080212712288 0.010671745054423809 0.008695504628121853
v -0.022828027606010437 0.018928807228803635 0.039448533207178116
v -0.022169608622789383 0.0137251615524292 0.009123643860220909
v -0.012468001805245876 0.027704933658242226 0.03765612468123436
v -0.012506594881415367 0.022295814007520676 0.010978661477565765
v -0.018165990710258484 0.02390415593981743 0.038433972746133804
v -0.013940288685262203 0.021432211622595787 0.010754779912531376
v -0.016118662431836128 0.019896583631634712 0.010374804958701134
v -0.016864337027072906 0.01930203288793564 0.010234182700514793
v -0.018205048516392708 0.01813328266143799 0.009969708509743214
v -0.01966647244989872 0.016694005578756332 0.009666054509580135
v -0.004251660313457251 0.025413749739527702 0.011828026734292507
v -0.007608961779624224 0.024495111778378487 0.01157472375780344
v -0.010838214308023453 0.023168928921222687 0.011211360804736614
v -0.005036369431763887 0.03819473460316658 0.009173285216093063
v -0.007771157659590244 0.042821429669857025 0.03458602726459503
v -0.016393691301345825 0.04000304639339447 0.0351685956120491
v -0.012979179620742798 0.035948704928159714 0.008133922703564167
v -0.008972229436039925 0.037309546023607254 0.008768931962549686
v -0.02394254319369793 0.02943705953657627 0.005152946803718805
v -0.020600924268364906 0.031915295869112015 0.006266137585043907
v -0.024218570441007614 0.03547102212905884 0.0360974483191967
v -0.01681935414671898 0.03417187184095383 0.007304792758077383
v -0.016296980902552605 0.03444257378578186 0.007430652156472206
v -0.030896106734871864 0.029427891597151756 0.03733108192682266
v -0.03094295784831047 0.022300777956843376 0.0021722381934523582
v -0.030417658388614655 0.022953033447265625 0.0024280850775539875
v -0.02724951133131981 0.02644730731844902 0.0038583145942538977
v -0.025528280064463615 0.028077132999897003 0.004557001870125532
v -0.024261467158794403 0.029173757880926132 0.005036731716245413
v -0.033145636320114136 0.01928575709462166 0.0010415116557851434
v -0.03612788766622543 0.02214372158050537 0.03881435841321945
v -0.035365235060453415 0.015667399391531944 -0.00018800285761244595
v -0.0373428612947464 0.011716727167367935 -0.0013412685366347432
v -0.03188293054699898 0.012125360779464245 0.036298900842666626
v -0.03265053406357765 0.01226859726011753 0.037055157124996185
v -0.03370008245110512 0.012311572209000587 0.03733489662408829
v -0.034750357270240784 0.012242767959833145 0.037063147872686386
v -0.03359927237033844 0.005419786088168621 0.0033235782757401466
v -0.03551993519067764 0.012080621905624866 0.03631274402141571
v 0.00034956668969243765 0.027149664238095284 0.011729059740900993
v 0.0011659031733870506 0.03725230693817139 0.009683838114142418
v 0.0001379693712806329 0.03744807094335556 0.009640946984291077
v 0.0005184857291169465 0.038079265505075455 0.009516560472548008
v -0.0004173948254901916 0.038563672453165054 0.0094052255153656
v 0.035243842750787735 0.01310376450419426 0.03679679334163666
v 0.0362941138446331 0.013172568753361702 0.03706854209303856
v 0.03734366595745087 0.013129593804478645 0.03678880259394646
v 0.03811126574873924 0.01298635732382536 0.0360325463116169
v 0.038094550371170044 0.010403926484286785 0.023291634395718575
v 0.03732694685459137 0.010547163896262646 0.024047894403338432
v 0.03447426110506058 0.012941618449985981 0.03604638949036598
v 0.03445754572749138 0.010359187610447407 0.02330547384917736
v 0.03522712364792824 0.010521333664655685 0.024055885151028633
v 0.036277398467063904 0.010590138845145702 0.024327630177140236
v 0.04108315706253052 0.013676744885742664 0.018520420417189598
v 0.04077645391225815 0.014356017112731934 0.018281908705830574
v 0.02143668383359909 0.03343498706817627 0.008119698613882065
v 0.021640334278345108 0.017856160178780556 0.011277073062956333
v 0.026735560968518257 0.030541036278009415 0.010441163554787636
v 0.028333790600299835 0.029445430263876915 0.011185536161065102
v 0.03415731340646744 0.024275025352835655 0.014131570234894753
v 0.032407015562057495 0.026057573035359383 0.013200785964727402
v 0.02482512593269348 0.014732416719198227 0.012946953065693378
v 0.025245005264878273 0.01423389557749033 0.01318430621176958
v 0.037161849439144135 0.02057420276105404 0.01585647463798523
v 0.038847554475069046 0.022456983104348183 0.038652487099170685
v 0.03419255092740059 0.02897293120622635 0.03733789175748825
v 0.028371553868055344 0.034515999257564545 0.03622201457619667
v 0.02159189060330391 0.03888877108693123 0.03534460440278053
v 0.017856571823358536 0.035016704350709915 0.007479822728782892
v 0.019672613590955734 0.034222930669784546 0.007595912553369999
v 0.01409502699971199 0.04193549603223801 0.03473690524697304
v 0.008344030007719994 0.043254487216472626 0.0344771072268486
v 0.008310583420097828 0.038087815046310425 0.008986338041722775
v 0.012198427692055702 0.037151310592889786 0.008479527197778225
v 0.015832344070076942 0.035879384726285934 0.00781609769910574
v 0.01662839762866497 0.0355466865003109 0.007645552512258291
v 0.02034953609108925 0.018885916098952293 0.010762284509837627
v 0.019573237746953964 0.01946916989982128 0.01056501641869545
v 0.0196082666516304 0.02506127394735813 0.0381498746573925
v 0.01861649565398693 0.02015439048409462 0.010432968847453594
v 0.01681380346417427 0.02136358432471752 0.010520054027438164
v 0.013270300813019276 0.02868034690618515 0.03742464631795883
v 0.024861209094524384 0.020043347030878067 0.03916005417704582
v 0.010369501076638699 0.024494163691997528 0.011440107598900795
v 0.013678132556378841 0.023131025955080986 0.011021806858479977
v 0.006645949091762304 0.03691970556974411 0.009434247389435768
v 0.040918536484241486 0.01656300388276577 0.015748003497719765
v 0.03988981992006302 0.021281495690345764 0.014472801238298416
v 0.042494162917137146 0.005568970460444689 0.018448377028107643
v 0.02367750182747841 -0.02082863822579384 0.01747940666973591
v 0.029217803850769997 -0.0071046361699700356 0.01658414676785469
v 0.028846468776464462 -0.009364386089146137 0.01690993644297123
v 0.02735843136906624 -0.014272664673626423 0.017392829060554504
v 0.026982050389051437 -0.015162082388997078 0.01744513399899006
v 0.02396601252257824 -0.02043267711997032 0.017496006563305855
v -0.02634315937757492 0.004952582996338606 0.04228596016764641
v -0.024485431611537933 0.01199390273541212 0.04085633158683777
v 0.044195469468832016 0.01544647105038166 0.040066417306661606
v -0.00022774377430323511 0.0435834638774395 0.03442167490720749
v 0.00413721427321434 0.028972657397389412 0.037377383559942245
v -0.0019401423633098602 0.028897900134325027 0.0374005101621151
v 0.0059760636650025845 0.04553643986582756 0.034017689526081085
v 0.0006820566486567259 0.04302841052412987 0.03453298285603523
v 0.046096883714199066 0.007199718151241541 0.041735440492630005
v 0.0464513897895813 0.002211047103628516 0.04274611920118332
v 0.0012712813913822174 0.04215109720826149 0.034710031002759933
v 0.029158320277929306 0.005635305307805538 0.04207475483417511
v 0.027117129415273666 0.012628664262592793 0.040659964084625244
v 0.011364982463419437 0.027320794761180878 0.037702713161706924
v 0.02327321097254753 0.01885131001472473 0.039403751492500305
v 0.01789659447968006 0.023866117000579834 0.03839436545968056
v -0.009122406132519245 0.02706877887248993 0.037780676037073135
v -0.015561611391603947 0.02345454692840576 0.03852168470621109
v -0.02080541104078293 0.018309099599719048 0.03957148641347885
v 0.014435956254601479 0.04388263449072838 0.03434179723262787
v 0.022418860346078873 0.04067723825573921 0.03498101606965065
v 0.029631435871124268 0.03603804111480713 0.035911861807107925
v 0.035808660089969635 0.030135508626699448 0.03710012882947922
v 0.0407235361635685 0.023186538368463516 0.03850215673446655
v -0.005147918593138456 0.03417833521962166 0.0664343312382698
v 0.0011343532241880894 0.03495750203728676 0.06626816093921661
v -0.011090504936873913 0.032035473734140396 0.06687645614147186
v -0.009084470570087433 0.03292891010642052 0.06669273972511292
v -0.01638944074511528 0.028638526797294617 0.06757193058729172
v -0.01552367489784956 0.02931467816233635 0.06743375211954117
v -0.024018988013267517 0.018832650035619736 0.06956947594881058
v -0.020773686468601227 0.02416124939918518 0.06848517805337906
v -0.02624942734837532 0.011948024854063988 0.07479409873485565
v -0.024447495117783546 0.017854033038020134 0.06976839154958725
v -0.02629345841705799 -0.009360595606267452 0.009031620807945728
v -0.02614416927099228 0.003895859234035015 0.07642603665590286
v -0.02040374092757702 -0.021963592618703842 0.014725456945598125
v -0.02155861258506775 -0.020561179146170616 0.013890381902456284
v -0.025734957307577133 -0.012040738016366959 0.009901490062475204
v -0.024730795994400978 -0.015028945170342922 0.01108765322715044
v -0.024249376729130745 -0.016126401722431183 0.01158075500279665
v -0.02332843840122223 -0.017897985875606537 0.012442681938409805
v -0.019368872046470642 -0.023062104359269142 0.015413720160722733
v -0.01670319400727749 -0.025383293628692627 0.01696953922510147
v -0.01502686645835638 -0.026556529104709625 0.017805056646466255
v -0.004685788415372372 -0.030664604157209396 0.021011019125580788
v -0.008492957800626755 -0.029668506234884262 0.020190482959151268
v -0.008122284896671772 -0.029788849875330925 0.020287813618779182
v -0.014095958322286606 -0.027130965143442154 0.018226975575089455
v -0.01122091244906187 -0.0286121666431427 0.019352395087480545
v -0.0013269407209008932 -0.031132491305470467 0.02141406014561653
v 0.001778451376594603 -0.03124510496854782 0.021526677533984184
v -0.026352008804678917 -0.00895482487976551 0.008915714919567108
v -0.005342335905879736 0.02072291262447834 0.010598255321383476
v -0.008428359404206276 0.019607340916991234 0.010341454297304153
v -0.019014058634638786 0.011158621869981289 0.008826483972370625
v -0.016728313639760017 0.013825548812747002 0.009204467758536339
v -0.014165304601192474 0.016143888235092163 0.009612762369215488
v -0.01925589330494404 0.010832499712705612 0.008787533268332481
v -0.020958950743079185 0.008205123245716095 0.008535181172192097
v -0.022509798407554626 0.005050390027463436 0.008386576548218727
v -0.022674765437841415 0.004644733387976885 0.008380484767258167
v -0.023542404174804688 0.00211347290314734 0.008413038216531277
v -0.02426993101835251 -0.0011465427232906222 0.008644784800708294
v -0.024401631206274033 -0.0020871232263743877 0.008753309026360512
v -0.024577727541327477 -0.004409069195389748 0.009105133824050426
v -0.02447560615837574 -0.007537711411714554 0.009774571284651756
v -0.024313243106007576 -0.008843746036291122 0.01012271735817194
v -0.02400161139667034 -0.010494104586541653 0.010621964931488037
v -0.023137066513299942 -0.01341526210308075 0.01167016476392746
v -0.022415300831198692 -0.015145222656428814 0.01239173486828804
v -0.021870816126465797 -0.0162359531968832 0.01288516540080309
v -0.02021723985671997 -0.018881000578403473 0.014206521213054657
v -0.01884465292096138 -0.020597213879227638 0.015157584100961685
v -0.01817508228123188 -0.02132575958967209 0.015583617612719536
v -0.016812829300761223 -0.022637374699115753 0.01638408564031124
v -0.015747278928756714 -0.023532303050160408 0.01695444993674755
v -0.013851957395672798 -0.024893783032894135 0.017860310152173042
v -0.013020225800573826 -0.02541184611618519 0.01821715757250786
v -0.010049255564808846 -0.026937389746308327 0.019306635484099388
v -0.007786185946315527 -0.027807176113128662 0.019955171272158623
v -0.00689541082829237 -0.028089025989174843 0.02016982063651085
v -0.0036415737122297287 -0.02885347791016102 0.02076626382768154
v -0.0008238062146119773 -0.02920428104698658 0.021051963791251183
v 0.00512780761346221 -0.031027777120471 0.02136889658868313
v 0.008380385115742683 -0.030470525845885277 0.02093428187072277
v 0.01157385017722845 -0.029565423727035522 0.02022782526910305
v 0.011997687630355358 -0.029416391626000404 0.020112425088882446
v 0.014641190879046917 -0.028317591175436974 0.019272437319159508
v -0.011369203217327595 0.01808571256697178 0.010005665943026543
v -0.0021585964132100344 0.021415214985609055 0.010755613446235657
v 0.03824827820062637 -0.0013559990329667926 0.025675028562545776
v 0.03462798893451691 0.001181693049147725 0.038429781794548035
v 0.035397570580244064 0.0013438387541100383 0.03918018937110901
v 0.03644784167408943 0.0014126431196928024 0.03945193439722061
v 0.037497393786907196 0.001369668636471033 0.03917219862341881
v 0.03826499730348587 0.0012264318065717816 0.03841594234108925
v 0.03461127355694771 -0.0014007377903908491 0.02568886987864971
v 0.03538085147738457 -0.001238591386936605 0.026439279317855835
v 0.03643112629652023 -0.001169786904938519 0.026711026206612587
v 0.0374806746840477 -0.0012127615045756102 0.026431288570165634
v -0.021270964294672012 0.03301813453435898 -0.07050282508134842
v -0.021118437871336937 0.03197164088487625 -0.07013022154569626
v -0.03496366739273071 0.03824387863278389 -0.05331810563802719
v -0.033866822719573975 0.03820435702800751 -0.05308873951435089
v -0.03190818801522255 0.03655540943145752 -0.052363429218530655
v -0.030424851924180984 0.03553834930062294 -0.057477377355098724
v -0.030809633433818817 0.03481229022145271 -0.05548906326293945
v -0.031688544899225235 0.03548659384250641 -0.05210528522729874
v -0.025034425780177116 0.03374583274126053 -0.06666954606771469
v -0.024858152493834496 0.0326947458088398 -0.06632113456726074
v -0.028113067150115967 0.034593433141708374 -0.06228882074356079
v -0.027917368337512016 0.03353699669241905 -0.06196805089712143
v -0.030214568600058556 0.03447595611214638 -0.05718696862459183
v -0.02366037480533123 0.032434895634651184 -0.06768051534891129
v -0.032295338809490204 0.03712685778737068 -0.058506596833467484
v -0.03334229439496994 0.03713217377662659 -0.05890796333551407
v -0.02984617091715336 0.0361257866024971 -0.0636039599776268
v -0.030815375968813896 0.03609932214021683 -0.06416714936494827
v -0.026584578678011894 0.03522781655192375 -0.06824501603841782
v -0.027450237423181534 0.03517284244298935 -0.06895554810762405
v -0.02259747125208378 0.034456875175237656 -0.0723060891032219
v -0.02333655208349228 0.03437742590904236 -0.0731455460190773
v -0.032685697078704834 0.037616681307554245 -0.05273270606994629
v -0.031167611479759216 0.0365757942199707 -0.05796646326780319
v -0.02880166657269001 0.03560873866081238 -0.06289061903953552
v -0.025650901719927788 0.03474128246307373 -0.06737396866083145
v -0.021799275651574135 0.03399653732776642 -0.0712970495223999
v -0.0232663843780756 0.04521643742918968 -0.01966923475265503
v -0.03189149126410484 0.03913479298353195 -0.03963755816221237
v -0.031671952456235886 0.03804970160126686 -0.0394597090780735
v -0.022529462352395058 0.04496236890554428 -0.020475231111049652
v -0.02652718871831894 0.04409320652484894 -0.024505922570824623
v -0.02739102579653263 0.04431968182325363 -0.02382787875831127
v -0.02980092726647854 0.04311484470963478 -0.029122108593583107
v -0.03076869621872902 0.0433102585375309 -0.028590617701411247
v -0.03226344659924507 0.042053353041410446 -0.03420078754425049
v -0.033309388905763626 0.042215071618556976 -0.03383051976561546
v -0.03384913131594658 0.040937021374702454 -0.039606623351573944
v -0.03494541719555855 0.04106329381465912 -0.03940798342227936
v -0.021206771954894066 0.042934346944093704 -0.021579304710030556
v -0.024980252608656883 0.04211393743753433 -0.025383898988366127
v -0.023602990433573723 0.04129941388964653 -0.023945733904838562
v -0.021054649725556374 0.04182528331875801 -0.02151539735496044
v -0.030394749715924263 0.0401885062456131 -0.03453494980931282
v -0.03078417107462883 0.03874573856592178 -0.03608265519142151
v -0.030184656381607056 0.03909676894545555 -0.03438929468393326
v -0.0280703604221344 0.041190456598997116 -0.02974114939570427
v -0.027874929830431938 0.04009239748120308 -0.029625743627548218
v -0.02480432391166687 0.0410100519657135 -0.025295985862612724
v -0.02173357829451561 0.04414505884051323 -0.02122739888727665
v -0.025595461949706078 0.043305426836013794 -0.025121130049228668
v -0.028757959604263306 0.04236031323671341 -0.02958044968545437
v -0.031136803328990936 0.04133488982915878 -0.0344865545630455
v -0.03266860917210579 0.04025648906826973 -0.0397087037563324
v -0.009954314678907394 0.044362351298332214 -0.01525915414094925
v -0.009873191826045513 0.04324427992105484 -0.01523512601852417
v 0.012339363805949688 0.04706401750445366 -0.012849627062678337
v 0.011980699375271797 0.04675310105085373 -0.013865466229617596
v 0.011314214207231998 0.043504904955625534 -0.015315752476453781
v 0.011367624625563622 0.044624634087085724 -0.015340291894972324
v 0.008590021170675755 0.043629299849271774 -0.014526266604661942
v 0.006110808812081814 0.04482128098607063 -0.014030937105417252
v -0.004694115370512009 0.04468837007880211 -0.013989820145070553
v -0.0046461825259029865 0.043568242341279984 -0.013973800465464592
v 0.000708915526047349 0.04484272003173828 -0.013576747849583626
v 0.0007227572496049106 0.04372161626815796 -0.01356333214789629
v 0.006090566515922546 0.043700315058231354 -0.014014657586812973
v -0.007146955002099276 0.0434357188642025 -0.014466381631791592
v 0.0064114914275705814 0.04696143791079521 -0.012478301301598549
v 0.0065933517180383205 0.04727897047996521 -0.011418420821428299
v 0.0006885849288664758 0.046984147280454636 -0.011997121386229992
v 0.0006887615309096873 0.04730239883065224 -0.01092196349054575
v -0.00503552658483386 0.04682062566280365 -0.012434740550816059
v -0.0052170720882713795 0.047133687883615494 -0.01137347798794508
v -0.010608319193124771 0.046475235372781754 -0.013779507018625736
v -0.010966782458126545 0.046777330338954926 -0.01276093814522028
v 0.01160393562167883 0.0458749383687973 -0.014842230826616287
v 0.00622396869584918 0.04607619717717171 -0.013502201996743679
v 0.0006955252029001713 0.04609813541173935 -0.013037369586527348
v -0.004834082443267107 0.04594017192721367 -0.013460122048854828
v -0.010217512026429176 0.04560651630163193 -0.014759192243218422
v 0.022603383287787437 0.0434732548892498 -0.021746018901467323
v 0.02247907966375351 0.04236079007387161 -0.021681059151887894
v 0.03624783083796501 0.04193904250860214 -0.0396789014339447
v 0.035153504461050034 0.041785821318626404 -0.03986920416355133
v 0.03304918482899666 0.038845837116241455 -0.039705995470285416
v 0.033240608870983124 0.03993597999215126 -0.03988541290163994
v 0.03217027336359024 0.03952014073729515 -0.036322221159935
v 0.03175726905465126 0.04095303639769554 -0.03477146103978157
v 0.026366842910647392 0.04274555668234825 -0.025579294189810753
v 0.026218794286251068 0.041637685149908066 -0.02549014799296856
v 0.029445486143231392 0.041897956281900406 -0.029960019513964653
v 0.02927800826728344 0.04079543426632881 -0.029843231663107872
v 0.03157521039247513 0.039856474846601486 -0.03462431579828262
v 0.025021016597747803 0.04189753532409668 -0.024130767211318016
v 0.03358202055096626 0.04286331683397293 -0.034451354295015335
v 0.03462645784020424 0.043050747364759445 -0.034089043736457825
v 0.031132852658629417 0.04386438801884651 -0.02935398370027542
v 0.032099537551403046 0.044083599001169205 -0.028829853981733322
v 0.027871260419487953 0.04476236179471016 -0.024712929502129555
v 0.028734400868415833 0.04501007869839668 -0.02404145710170269
v 0.023884152993559837 0.045533303171396255 -0.02065185271203518
v 0.02462071366608143 0.045805495232343674 -0.01985146291553974
v 0.03398933261632919 0.04107644781470299 -0.03996236249804497
v 0.032471250742673874 0.04211733117699623 -0.034728605300188065
v 0.03010530397295952 0.043084386736154556 -0.029804447665810585
v 0.026954539120197296 0.043951842933893204 -0.025321101769804955
v 0.023102913051843643 0.044696588069200516 -0.021398019045591354
v 0.03322390839457512 0.03735659644007683 -0.05261128023266792
v 0.03303259238600731 0.036282729357481 -0.05235157534480095
v 0.0245505478233099 0.03496648371219635 -0.07332777231931686
v 0.023816144093871117 0.03502780571579933 -0.07248271256685257
v 0.022415291517972946 0.03250714763998985 -0.07029588520526886
v 0.02253919094800949 0.033557042479515076 -0.07066953927278519
v 0.024963630363345146 0.033033017069101334 -0.06786555051803589
v 0.02631267160177231 0.03437745198607445 -0.06686493754386902
v 0.03172716498374939 0.03630287945270538 -0.05771389231085777
v 0.03154529631137848 0.03523566201329231 -0.057421986013650894
v 0.029402779415249825 0.035300932824611664 -0.06250768899917603
v 0.02923557162284851 0.034240033477544785 -0.06218554079532623
v 0.026164963841438293 0.03332237899303436 -0.06651529669761658
v 0.03214481100440025 0.03558669239282608 -0.05572862923145294
v 0.027813870459794998 0.035896968096494675 -0.06845202296972275
v 0.02867518737912178 0.0358632393181324 -0.06916912645101547
v 0.031087609007954597 0.03687532991170883 -0.06383583694696426
v 0.03205285966396332 0.03687266260385513 -0.0644063875079155
v 0.03355012834072113 0.037936821579933167 -0.05875716358423233
v 0.034593552350997925 0.037967849522829056 -0.05916648730635643
v 0.03513581305742264 0.03905315697193146 -0.05335132032632828
v 0.03622958064079285 0.03911962732672691 -0.053589023649692535
v 0.023037215694785118 0.034548070281744 -0.07146766781806946
v 0.026899099349975586 0.03538769856095314 -0.06757394224405289
v 0.030061597004532814 0.03633281588554382 -0.06311462074518204
v 0.032440438866615295 0.03735823556780815 -0.058208514004945755
v 0.03397224470973015 0.038436636328697205 -0.05298636481165886
v -0.010195163078606129 0.03307390585541725 -0.08042486757040024
v -0.009860441088676453 0.03319346532225609 -0.07936142385005951
v -0.00917171873152256 0.030786622315645218 -0.07674778997898102
v -0.00924838799983263 0.03182559087872505 -0.07716240733861923
v -0.006526322569698095 0.030679093673825264 -0.07744897156953812
v -0.003960249945521355 0.0316554419696331 -0.07834301888942719
v -0.003916947636753321 0.030617548152804375 -0.07792095094919205
v -0.0010848739184439182 0.03257599472999573 -0.07959888130426407
v -0.0006745457067154348 0.03212202712893486 -0.07903439551591873
v -0.000236547042732127 0.031631484627723694 -0.07865219563245773
v 0.00011207816714886576 0.031232237815856934 -0.07844279706478119
v 0.0006378834950737655 0.030610814690589905 -0.07824795693159103
v -0.0012128496309742332 0.032720085233449936 -0.07986427843570709
v -0.004083024803549051 0.03260192275047302 -0.07932091504335403
v -0.004414913710206747 0.03288792818784714 -0.08171533793210983
v -0.004258050583302975 0.03301320597529411 -0.0806121975183487
v -0.009495047852396965 0.032776057720184326 -0.0781126469373703
v 0.010477694682776928 0.03102996200323105 -0.07681450992822647
v 0.007804115302860737 0.030855372548103333 -0.077503502368927
v 0.00525254150852561 0.030731985345482826 -0.07794773578643799
v 0.031050486490130424 0.040550053119659424 -0.010463750921189785
v 0.029729364439845085 0.04306138679385185 -0.012503023259341717
v 0.02587980218231678 0.04577038809657097 -0.017582688480615616
v 0.04220709204673767 0.03987669572234154 -0.040364667773246765
v 0.04687097296118736 0.035032425075769424 -0.03870873898267746
v 0.0448632538318634 0.03523252531886101 -0.05210760235786438
v 0.03903186321258545 0.03896673768758774 -0.05200093612074852
v 0.027881186455488205 0.0321650356054306 -0.07749081403017044
v 0.030959321185946465 0.026467157527804375 -0.07994440197944641
v 0.0317377895116806 0.023066025227308273 -0.08013688027858734
v 0.0005986117175780237 0.031893737614154816 -0.08442095667123795
v 0.0201396644115448 0.021470844745635986 -0.08725959062576294
v 0.04801933839917183 0.029117655009031296 -0.051327645778656006
v 0.0441620871424675 0.03440215811133385 -0.0250045508146286
v 0.04085272178053856 0.03555634617805481 -0.019096197560429573
v 0.031831178814172745 0.037491898983716965 -0.008964095264673233
v 0.013794885016977787 0.039186447858810425 0.000560333370231092
v 0.007068443577736616 0.03937866911292076 0.001942628645338118
v 0.0008367443224415183 0.03938315808773041 0.0023667181376367807
v 0.020251858979463577 0.038801971822977066 -0.00175318808760494
v 0.0367138646543026 0.03659341484308243 -0.013712233863770962
v 0.019746465608477592 0.041828982532024384 -0.003424285911023617
v 0.046573471277952194 0.03315473347902298 -0.03131501004099846
v 0.048036959022283554 0.03183989226818085 -0.037896960973739624
v 0.046538591384887695 0.027766598388552666 -0.0578983910381794
v 0.04411067068576813 0.026459645479917526 -0.06419043242931366
v 0.040785834193229675 0.02522384747862816 -0.07007354497909546
v 0.03663288801908493 0.024084782227873802 -0.07542595267295837
v 0.013676684349775314 0.020927440375089645 -0.08952394872903824
v 0.006946681998670101 0.02056969329714775 -0.09085503220558167
v 0.005662405863404274 0.03202195093035698 -0.08411494642496109
v 0.000713932269718498 0.02041187882423401 -0.09123168885707855
v 0.006757620722055435 0.024030175060033798 -0.09040773659944534
v 0.0006730550667271018 0.023876113817095757 -0.09077543765306473
v 0.006465496029704809 0.027241257950663567 -0.08906073868274689
v 0.0006386605091392994 0.02709372341632843 -0.08941285312175751
v 0.006091414950788021 0.029970921576023102 -0.08691136538982391
v 0.0006132337148301303 0.02983221411705017 -0.08724242448806763
v 0.0163810383528471 0.032754093408584595 -0.08119382709264755
v 0.011419192887842655 0.033341582864522934 -0.08049825578927994
v 0.018799273297190666 0.028083723038434982 -0.08569944649934769
v 0.01768718846142292 0.03076297789812088 -0.08375120162963867
v 0.019636938348412514 0.02490990422666073 -0.08689776062965393
v 0.025803929194808006 0.034050095826387405 -0.0754069834947586
v 0.029780948534607887 0.03487778455018997 -0.07157959789037704
v 0.033155009150505066 0.03580321744084358 -0.06723102927207947
v 0.03585626929998398 0.03680724278092384 -0.06245129927992821
v 0.03782883286476135 0.03786907345056534 -0.05733933672308922
v 0.03904617950320244 0.041178420186042786 -0.04108918085694313
v 0.03785717114806175 0.04224666208028793 -0.03574167564511299
v 0.03589804470539093 0.043260131031274796 -0.03061475045979023
v 0.03320935368537903 0.04419784992933273 -0.025814512744545937
v 0.029846737161278725 0.04504041746258736 -0.021440310403704643
v 0.01890416070818901 0.04428613930940628 -0.005761733278632164
v 0.017785800620913506 0.045995909720659256 -0.00859664473682642
v 0.016472190618515015 0.046834755688905716 -0.011724191717803478
v 0.000698390300385654 0.04730693995952606 -0.008376975543797016
v 0.0007929472485557199 0.04239634796977043 0.0005976691609248519
v 0.006876487284898758 0.04239196702837944 0.00018366173026151955
v 0.0007534742471762002 0.04482947662472725 -0.001910139573737979
v 0.006579327397048473 0.04482528194785118 -0.002306612441316247
v 0.0007211774354800582 0.04650673270225525 -0.004975516814738512
v 0.006198435090482235 0.04650278761982918 -0.0053482637740671635
v 0.00576133094727993 0.04730329290032387 -0.008721530437469482
v 0.04092078283429146 0.041032351553440094 -0.0345795638859272
v 0.03880133479833603 0.042128756642341614 -0.029033076018095016
v 0.03589261695742607 0.04314321652054787 -0.023840025067329407
v 0.03225483000278473 0.04405473172664642 -0.019107868894934654
v 0.027963267639279366 0.04484443739056587 -0.014934564009308815
v 0.032183658331632614 0.033060457557439804 -0.0733502134680748
v 0.035833828151226044 0.03406162187457085 -0.06864579021930695
v 0.03875614330172539 0.035147808492183685 -0.06347492337226868
v 0.040890127420425415 0.0362965352833271 -0.05794462561607361
v 0.042191606014966965 0.037484023720026016 -0.05216936767101288
v 0.0448797270655632 0.03777747601270676 -0.03955160826444626
v 0.04351155459880829 0.039006683975458145 -0.033398307859897614
v 0.041257213801145554 0.040172867476940155 -0.027498828247189522
v 0.03816337138414383 0.04125189036130905 -0.021975263953208923
v 0.03429406136274338 0.042221419513225555 -0.01694193296134472
v 0.02964206039905548 0.029575012624263763 -0.07904060930013657
v 0.03421835973858833 0.030527424067258835 -0.07463648915290833
v 0.03810083866119385 0.03159230574965477 -0.06963265687227249
v 0.0412091463804245 0.032747622579336166 -0.0641326904296875
v 0.04347894340753555 0.0339694581925869 -0.05825042724609375
v 0.04544227942824364 0.036316003650426865 -0.032283272594213486
v 0.04308823123574257 0.03753377124667168 -0.026122841984033585
v 0.039857544004917145 0.03866052255034447 -0.02035496011376381
v 0.035817086696624756 0.039672933518886566 -0.015099002048373222
v 0.035738036036491394 0.027461694553494453 -0.0753454715013504
v 0.039792247116565704 0.02857367880642414 -0.07012031972408295
v 0.04303803667426109 0.02978009544312954 -0.0643770843744278
v 0.045408230274915695 0.031055975705385208 -0.05823463201522827
v 0.046853769570589066 0.03237491101026535 -0.05182010307908058
v 0.013443008065223694 0.04220431670546532 -0.001165767782367766
v 0.012867703102529049 0.04464557766914368 -0.003598881419748068
v 0.012110540643334389 0.04633383825421333 -0.006563209928572178
v 0.011226225644350052 0.047147125005722046 -0.009844575077295303
v 0.013327617198228836 0.024379419162869453 -0.08910828828811646
v 0.012757199816405773 0.02757570892572403 -0.08781632781028748
v 0.012006649747490883 0.030285360291600227 -0.08574142307043076
v 0.011130193248391151 0.032312605530023575 -0.0830334946513176
v 0.005671523977071047 0.033013809472322464 -0.08174479752779007
v 0.005267462693154812 0.03177060931921005 -0.07836996763944626
v 0.010525794699788094 0.032070476561784744 -0.07722955197095871
v 0.01074238307774067 0.03302668035030365 -0.07818136364221573
v 0.011088840663433075 0.03345290198922157 -0.07943254709243774
v 0.002223690040409565 0.03252587467432022 -0.07947384566068649
v 0.002485134871676564 0.03284158185124397 -0.08005104213953018
v 0.005360865034162998 0.03271978721022606 -0.07934849709272385
v 0.0025698908139020205 0.03295944631099701 -0.08040931820869446
v 0.005518028512597084 0.03313521295785904 -0.08064074069261551
v 0.0019520095083862543 0.03220698982477188 -0.07909610867500305
v 0.0015542744658887386 0.03173695504665375 -0.07871262729167938
v 0.0011113049695268273 0.03120167925953865 -0.07842845469713211
v -0.007660902105271816 0.03637980297207832 -0.07467444241046906
v 0.0289862509816885 0.04410117119550705 -0.038940105587244034
v -0.007595671806484461 0.04645619913935661 -0.024960627779364586
v -0.02175549976527691 0.040203239768743515 -0.054900091141462326
v -0.017511572688817978 0.046334221959114075 -0.024922892451286316
v 0.008884436450898647 0.046658921986818314 -0.025023339316248894
v 0.0290044117718935 0.04690641537308693 -0.025099903345108032
v 0.008819205686450005 0.036582525819540024 -0.07473715394735336
v 0.0024590755347162485 0.03531704843044281 -0.08057091385126114
v 0.001921743736602366 0.035472460091114044 -0.07976944744586945
v 0.0010617503430694342 0.03555387631058693 -0.07931225746870041
v 0.01873510703444481 0.036704499274492264 -0.07477488368749619
v 0.028952304273843765 0.03885721042752266 -0.06481218338012695
v 0.01874822936952114 0.038731690496206284 -0.06477335095405579
v 0.02896505780518055 0.040827151387929916 -0.055093102157115936
v 0.028975654393434525 0.04246416315436363 -0.047016602009534836
v 0.018800336867570877 0.046780895441770554 -0.025061074644327164
v 0.015503078699111938 0.04737492650747299 -0.02191738225519657
v 0.014406505972146988 0.047579552978277206 -0.02083701454102993
v 0.012907147407531738 0.04764094203710556 -0.020437395200133324
v 0.01140675414353609 0.04754265397787094 -0.020825598388910294
v 0.010307357646524906 0.04731101542711258 -0.021897610276937485
v 0.0006443820311687887 0.04655756056308746 -0.02499198354780674
v 0.007473088800907135 0.04779466241598129 -0.01932843029499054
v 0.0063765160739421844 0.04799928888678551 -0.0182480625808239
v 0.00487715657800436 0.04806067794561386 -0.017848439514636993
v 0.0033767642453312874 0.047962386161088943 -0.018236646428704262
v 0.002277366816997528 0.04773075133562088 -0.019308658316731453
v -0.0009736721403896809 0.04769076034426689 -0.01929628662765026
v -0.0020702455658465624 0.04789538308978081 -0.01821591891348362
v -0.003569604130461812 0.04795677587389946 -0.017816295847296715
v -0.0050699966959655285 0.04785848408937454 -0.018204504624009132
v -0.0061693936586380005 0.04762684926390648 -0.019276514649391174
v -0.014206097461283207 0.04700947552919388 -0.02180432714521885
v -0.009010376408696175 0.04707338660955429 -0.021824099123477936
v -0.010106949135661125 0.047278013080358505 -0.020743731409311295
v -0.011606307700276375 0.04733940586447716 -0.020344112068414688
v -0.013106700964272022 0.04724111407995224 -0.020732315257191658
v -0.021716145798563957 0.04628250375390053 -0.02490689419209957
v -0.021721553057432175 0.045447200536727905 -0.029028011485934258
v -0.02192057855427265 0.044788941740989685 -0.03226310387253761
v -0.023419935256242752 0.04485033079981804 -0.031863484531641006
v -0.024920327588915825 0.04475204274058342 -0.032251689583063126
v -0.02601972594857216 0.04452040418982506 -0.03332369774580002
v -0.02173430472612381 0.04347725957632065 -0.038747094571590424
v -0.02344452776014805 0.042956262826919556 -0.04120743274688721
v -0.021744903177022934 0.04184025153517723 -0.046823590993881226
v -0.028640249744057655 0.04289235174655914 -0.04118766263127327
v -0.024541100487113 0.04316088929772377 -0.040127065032720566
v -0.026040460914373398 0.043222278356552124 -0.03972744569182396
v -0.02754085324704647 0.043123990297317505 -0.04011565074324608
v -0.023455390706658363 0.04127819091081619 -0.04948653653264046
v -0.024551963433623314 0.04148281365633011 -0.048406168818473816
v -0.026051323860883713 0.04154420644044876 -0.04800654947757721
v -0.027551716193556786 0.04144591465592384 -0.04839475452899933
v -0.02865111269056797 0.04121427610516548 -0.04946676269173622
v -0.023451462388038635 0.039980366826057434 -0.05589037761092186
v -0.024951854720711708 0.039882078766822815 -0.05627857893705368
v -0.026051253080368042 0.03965044021606445 -0.05735059082508087
v -0.021768253296613693 0.03823329880833626 -0.06461917608976364
v -0.017576802521944046 0.03625782951712608 -0.07463670521974564
v 0.0005791517323814332 0.036481164395809174 -0.07470579445362091
v 8.446968422504142e-05 0.03554185479879379 -0.07930853962898254
v -0.0007767148781567812 0.03543926775455475 -0.07975918054580688
v -0.0013161447132006288 0.03527061268687248 -0.08055654913187027
v 0.018760982900857925 0.04070163145661354 -0.05505426973104477
v 0.027279427275061607 0.042200226336717606 -0.04820949211716652
v 0.0187715794891119 0.042338643223047256 -0.04697777330875397
v 0.025779033079743385 0.04210193455219269 -0.04859769716858864
v 0.0246796365827322 0.041870296001434326 -0.04966970905661583
v 0.02987535670399666 0.04193421080708504 -0.04968947917222977
v 0.028778783977031708 0.04213883355259895 -0.048609111458063126
v 0.024690499529242516 0.04354837164282799 -0.04139060527086258
v 0.018782177940011024 0.043975651264190674 -0.03890127316117287
v 0.029886219650506973 0.0436122827231884 -0.04141037538647652
v 0.028789646923542023 0.043816909193992615 -0.040330007672309875
v 0.027290290221571922 0.04387829825282097 -0.03993039205670357
v 0.0257898960262537 0.04378001019358635 -0.04031859338283539
v 0.01879492960870266 0.04594559222459793 -0.02918219193816185
v 0.00887902919203043 0.04582361876964569 -0.02914445847272873
v -0.01752973161637783 0.04352898150682449 -0.03876309469342232
v -0.0208240058273077 0.04458431527018547 -0.033343471586704254
v -0.017516979947686195 0.04549892246723175 -0.02904401160776615
v -0.017563680186867714 0.0382850207388401 -0.06463517248630524
v -0.01755092665553093 0.04025496169924736 -0.05491609126329422
v -0.020855531096458435 0.039714351296424866 -0.05737036466598511
v -0.021952103823423386 0.03991897776722908 -0.056289996951818466
v 0.007404501549899578 0.0371997132897377 -0.07160063087940216
v 0.008832328952848911 0.038609717041254044 -0.06473562121391296
v 0.002208779565989971 0.03713579848408699 -0.07158086448907852
v 0.0063079288229346275 0.037404339760541916 -0.07052025943994522
v 0.004808569792658091 0.03746572881937027 -0.07012064009904861
v 0.000592274940572679 0.03850835561752319 -0.06470426172018051
v 0.0033081769943237305 0.03736743703484535 -0.07050884515047073
v -0.003638191381469369 0.03736182674765587 -0.07008849829435349
v -0.0076477788388729095 0.03840699419379234 -0.06467290967702866
v -0.0021388325840234756 0.037300433963537216 -0.07048811763525009
v -0.0010422593913972378 0.037095807492733 -0.07156848907470703
v -0.005138583946973085 0.03726353496313095 -0.07047669589519501
v -0.006237980909645557 0.03703189641237259 -0.0715487152338028
v -0.007601079065352678 0.04562089592218399 -0.029081745073199272
v 0.028999004513025284 0.046071115881204605 -0.029221022501587868
v 0.027286360040307045 0.04517612233757973 -0.033526547253131866
v 0.026189785450696945 0.04538074508309364 -0.032446179538965225
v 0.024690428748726845 0.045442137867212296 -0.03204656392335892
v 0.023190036416053772 0.04534384608268738 -0.03243476524949074
v 0.022090639919042587 0.045112207531929016 -0.03350677713751793
v 0.02315850928425789 0.04047388210892677 -0.05646165832877159
v 0.022059112787246704 0.04024224355816841 -0.05753367021679878
v 0.02465890161693096 0.04057217389345169 -0.05607345327734947
v 0.02615826018154621 0.04051078110933304 -0.05647307261824608
v 0.02725483477115631 0.04030615836381912 -0.05755344033241272
v 0.011344880796968937 0.03798481076955795 -0.06798102706670761
v 0.010245484299957752 0.03775317221879959 -0.0690530389547348
v 0.014344632625579834 0.03802170976996422 -0.0679924488067627
v 0.012845274060964584 0.03808310255408287 -0.06759282946586609
v 0.015441205352544785 0.0378170870244503 -0.06907281279563904
v 0.0006389746558852494 0.04572225734591484 -0.029113100841641426
v -0.007613831665366888 0.04365095496177673 -0.03880082815885544
v 0.0006262221140787005 0.043752316385507584 -0.03883218392729759
v 0.00886627659201622 0.043853677809238434 -0.038863539695739746
v -0.0076350262388587 0.0403769351541996 -0.05495382472872734
v 0.0006050274823792279 0.04047829657793045 -0.054985180497169495
v 0.008845081552863121 0.0405796580016613 -0.05501653626561165
v -0.009072249755263329 0.0375155471265316 -0.06897953152656555
v -0.010168822482228279 0.03772016987204552 -0.06789916008710861
v -0.011668181046843529 0.03778156265616417 -0.067499540746212
v -0.013168574310839176 0.03768327087163925 -0.06788774579763412
v -0.014267970807850361 0.03745163232088089 -0.06895975768566132
v -0.017540330067276955 0.04189196974039078 -0.04683959111571312
v -0.007624429184943438 0.042013946920633316 -0.04687732458114624
v 0.0006156247691251338 0.042115308344364166 -0.046908680349588394
v 0.00885567907243967 0.04221666604280472 -0.04694003984332085
v -0.03172920271754265 0.0003654352040030062 0.03868229687213898
v -0.035366207361221313 0.0003206965047866106 0.03869613632559776
v -0.0387723445892334 -0.006474712863564491 0.005386551842093468
v -0.03953994810581207 -0.006331474985927343 0.006142810918390751
v -0.04058949649333954 -0.006288501434028149 0.006422544363886118
v -0.041639771312475204 -0.006357304751873016 0.006150801666080952
v -0.04409549757838249 -0.005603053607046604 0.010030752047896385
v -0.042409349232912064 -0.006519451271742582 0.005400391761213541
v -0.04482654854655266 -0.005466637667268515 0.010750996880233288
v -0.034596629440784454 0.0004828421224374324 0.03944654390215874
v -0.03354635462164879 0.0005516465753316879 0.03971828892827034
v -0.03249680623412132 0.0005086720339022577 0.039438553154468536
v -0.017502469941973686 0.03599877655506134 -0.00039714539889246225
v -0.018657565116882324 0.03588603809475899 -0.0008788998820818961
v -0.018588988110423088 0.03832419216632843 -0.0016053840517997742
v -0.04625396430492401 0.028696559369564056 -0.034572601318359375
v -0.0466826856136322 0.0281993355602026 -0.03699830546975136
v -0.04646866023540497 0.03067738190293312 -0.037537332624197006
v -0.043558377772569656 0.023221010342240334 -0.06176340952515602
v -0.04280531778931618 0.02288726344704628 -0.06345872581005096
v -0.042611412703990936 0.02539288066327572 -0.06386042386293411
v -0.0393020436167717 0.024238688871264458 -0.06976877897977829
v -0.017616525292396545 0.01838015951216221 -0.087321937084198
v -0.012279684655368328 0.018078012391924858 -0.08915698528289795
v -0.012244208715856075 0.020608587190508842 -0.08942531049251556
v -0.030280502513051033 0.0223031397908926 -0.07990087568759918
v -0.029584484174847603 0.025722408667206764 -0.07971400767564774
v -0.028337229043245316 0.028861811384558678 -0.07881997525691986
v -0.024582799524068832 0.03343028947710991 -0.07521524280309677
v -0.04087268188595772 0.03646225109696388 -0.051853276789188385
v -0.04540497064590454 0.031240038573741913 -0.051469024270772934
v -0.04347112029790878 0.03669067472219467 -0.03921540081501007
v -0.03773485869169235 0.04023393988609314 -0.040796998888254166
v -0.026546774432063103 0.04417391121387482 -0.014727133326232433
v -0.029493317008018494 0.03980530798435211 -0.010233358480036259
v -0.015084035694599152 0.04644658416509628 -0.011604108847677708
v -0.016352776437997818 0.04557597264647484 -0.008466734550893307
v -0.017407137900590897 0.0438394770026207 -0.005623555276542902
v -0.018170936033129692 0.04136256128549576 -0.003279995871707797
v -0.030316200107336044 0.034282535314559937 -0.008038768544793129
v -0.024751383811235428 0.0351644791662693 -0.00404609739780426
v -0.02580605261027813 0.035015564411878586 -0.004712842870503664
v -0.024506928399205208 0.04515058174729347 -0.01739094965159893
v -0.02848394773900509 0.044322893023490906 -0.02121833898127079
v -0.03185800835490227 0.043397460132837296 -0.025566907599568367
v -0.03455926850438118 0.042393434792757034 -0.03034663386642933
v -0.036531828343868256 0.04133160412311554 -0.03545859828591347
v -0.04718823730945587 0.02682500332593918 -0.04374679550528526
v -0.04670039936900139 0.025462893769145012 -0.05049905925989151
v -0.03774917870759964 0.03802225738763809 -0.051708754152059555
v -0.036560166627168655 0.036954015493392944 -0.057056259363889694
v -0.03460104018449783 0.03594054654240608 -0.062183182686567307
v -0.03191234916448593 0.035002827644348145 -0.0669834241271019
v -0.028549736365675926 0.03416026011109352 -0.0713576227426529
v -0.01828046329319477 0.024443484842777252 -0.0867534726858139
v -0.01751202531158924 0.02763705886900425 -0.08556126803159714
v -0.016451388597488403 0.030343040823936462 -0.08362129330635071
v -0.015175187960267067 0.03236591815948486 -0.08107374608516693
v -0.00446432875469327 0.03189738094806671 -0.0840764045715332
v -0.004864023998379707 0.029836159199476242 -0.08686967939138412
v -0.005187192466109991 0.0270979180932045 -0.089016392827034
v -0.005410484503954649 0.023880494758486748 -0.09036143124103546
v -0.00551776634529233 0.020416367799043655 -0.09080760180950165
v -0.005518150981515646 0.017884789034724236 -0.09054648876190186
v -0.008616314269602299 0.01794831082224846 -0.09003323316574097
v -0.018701182678341866 0.02099306508898735 -0.08711178600788116
v -0.01877034455537796 0.01846449449658394 -0.08683139830827713
v -0.035163186490535736 0.02320162020623684 -0.07515274733304977
v -0.033174172043800354 0.020255576819181442 -0.07706496119499207
v -0.030410075560212135 0.019781403243541718 -0.07958287000656128
v -0.02590869925916195 0.0191592276096344 -0.08294308930635452
v -0.02485579065978527 0.01903623528778553 -0.08361785113811493
v -0.03947868570685387 0.021727051585912704 -0.06939791142940521
v -0.03913373872637749 0.021627074107527733 -0.06991346180438995
v -0.03531823307275772 0.02068457193672657 -0.0748099610209465
v -0.04522927850484848 0.02414119616150856 -0.0571153461933136
v -0.04502279683947563 0.026640303432941437 -0.05754996836185455
v -0.04627804830670357 0.024976138025522232 -0.052928004413843155
v -0.04648628085851669 0.02795514278113842 -0.05096801370382309
v -0.04519421607255936 0.02955743856728077 -0.03039328195154667
v -0.044987913221120834 0.0320284366607666 -0.030966583639383316
v -0.04351113364100456 0.03051888197660446 -0.025757979601621628
v -0.042559996247291565 0.03333539143204689 -0.024674540385603905
v -0.04275363311171532 0.030871210619807243 -0.02406841143965721
v -0.03941144794225693 0.0321134552359581 -0.018154606223106384
v -0.039235156029462814 0.03457118943333626 -0.018791433423757553
v -0.039065152406692505 0.03222193568944931 -0.017641687765717506
v -0.03508221358060837 0.035710252821445465 -0.013439022935926914
v -0.03523683547973633 0.03325846418738365 -0.012774275615811348
v -0.03018711507320404 0.03672901168465614 -0.008728092536330223
v -0.033086877316236496 0.03374028205871582 -0.010535611771047115
v -0.012126007117331028 0.03886759653687477 0.0006589720724150538
v -0.01216086745262146 0.03643227741122246 0.001397266867570579
v -0.005396005231887102 0.039225343614816666 0.001990060554817319
v -0.005395754240453243 0.03679189085960388 0.0027353011537343264
v -0.008495233952999115 0.036652132868766785 0.002245629671961069
v -0.0052916184067726135 0.04224228858947754 0.00022996595362201333
v -0.005073361098766327 0.044681940227746964 -0.002262269612401724
v -0.004757003393024206 0.04636802524328232 -0.005306574050337076
v -0.004365403670817614 0.0471787266433239 -0.008682994171977043
v -0.039586372673511505 0.035306595265865326 -0.05763838067650795
v -0.037466924637556076 0.034210190176963806 -0.06318486481904984
v -0.03455820679664612 0.03319573402404785 -0.06837791949510574
v -0.030920419842004776 0.032284215092659 -0.07311007380485535
v -0.026628855615854263 0.03149450942873955 -0.07728338241577148
v -0.030849246308207512 0.043278489261865616 -0.0188677329570055
v -0.03449941426515579 0.04227732494473457 -0.023572156205773354
v -0.037421733140945435 0.04119114205241203 -0.028743019327521324
v -0.039555713534355164 0.040042415261268616 -0.03427331894636154
v -0.04085719212889671 0.038854923099279404 -0.04004857689142227
v -0.04348759353160858 0.03414572402834892 -0.05177139490842819
v -0.04211941733956337 0.032916516065597534 -0.05792469158768654
v -0.039865076541900635 0.031750328838825226 -0.06382417678833008
v -0.03677123785018921 0.03067130781710148 -0.06934773921966553
v -0.03290192782878876 0.029701778665184975 -0.07438106834888458
v -0.02824992500245571 0.042348187416791916 -0.012282390147447586
v -0.032826222479343414 0.041395775973796844 -0.016686515882611275
v -0.03670870512723923 0.04033089056611061 -0.02169034630060196
v -0.03981700912117958 0.03917557746171951 -0.0271903108805418
v -0.04208680987358093 0.03795374184846878 -0.0330725759267807
v -0.043976277112960815 0.029956458136439323 -0.05789449065923691
v -0.04162222519516945 0.02873869240283966 -0.06405492126941681
v -0.03839154168963432 0.02761194296181202 -0.06982280313968658
v -0.034351084381341934 0.02659953013062477 -0.07507875561714172
v -0.03427203372120857 0.03881077095866203 -0.014832287095487118
v -0.038326241075992584 0.037698786705732346 -0.020057441666722298
v -0.04157203435897827 0.03649237006902695 -0.0258006788790226
v -0.043942227959632874 0.03521648794412613 -0.03194313123822212
v -0.045387767255306244 0.03389755263924599 -0.03835766017436981
v -0.011977005749940872 0.02406814694404602 -0.08901199698448181
v -0.011475568637251854 0.027277622371912003 -0.08772411197423935
v -0.010776128619909286 0.030005110427737236 -0.08565472811460495
v -0.009929222986102104 0.03205355256795883 -0.08295335620641708
v -0.011861614882946014 0.04189304634928703 -0.0010694742668420076
v -0.011365065351128578 0.04434749111533165 -0.0035066665150225163
v -0.01067223772406578 0.04605358839035034 -0.006476512644439936
v -0.009833190590143204 0.0468880720436573 -0.009764435701072216
v 0.02949073165655136 0.00786207802593708 0.07172287255525589
v 0.02929132804274559 0.004222644958645105 0.07246080040931702
v 0.028629571199417114 0.0007483935914933681 0.07316585630178452
v 0.027433600276708603 -0.00281867035664618 0.07389043271541595
v 0.025919103994965553 -0.005903976038098335 0.07451777160167694
v 0.023753579705953598 -0.009133867919445038 0.07517527043819427
v 0.021544041112065315 -0.011641678400337696 0.07568647712469101
v 0.01850977912545204 -0.014279317110776901 0.07622507214546204
v 0.012070574797689915 -0.01789354905486107 0.07696608453989029
v 0.01580253429710865 -0.016073700040578842 0.0765923261642456
v 0.009085861966013908 -0.018898017704486847 0.07717359811067581
v 0.008392908610403538 0.03411164879798889 0.06643007695674896
v 0.011402918957173824 0.03318092226982117 0.0666147768497467
v 0.015181249938905239 0.031453460454940796 0.06695995479822159
v 0.0179345291107893 0.029726246371865273 0.06730642914772034
v 0.02103676274418831 0.027164090424776077 0.0678216740489006
v 0.023311147466301918 0.02471143938601017 0.06831581145524979
v 0.0255604051053524 0.021535849198698997 0.06895651668310165
v 0.027155064046382904 0.018488794565200806 0.06957202404737473
v 0.028443895280361176 0.01495229173451662 0.07028714567422867
v 0.029196256771683693 0.011495434679090977 0.07098682224750519
v -0.023190991953015327 0.004415504168719053 0.07631683349609375
v -0.023283617570996284 0.011501185595989227 0.07488077133893967
v -0.021668151021003723 0.01674656569957733 0.06998921930789948
v -0.020769409835338593 0.018671298399567604 0.06959791481494904
v -0.018382418900728226 0.022385133430361748 0.06884203851222992
v -0.016905086115002632 0.024111589416861534 0.0684901624917984
v -0.013700454495847225 0.02697928436100483 0.06790471076965332
v -0.007951163686811924 0.03020627610385418 0.06724309921264648
v -0.011693819426000118 0.0283370241522789 0.06762688606977463
v -0.005517127923667431 0.031038254499435425 0.06707127392292023
v 0.029904427006840706 0.0321398489177227 -0.03759973496198654
v 0.02734876237809658 0.03345160931348801 -0.030962524935603142
v 0.017841633409261703 0.03546953201293945 -0.020392678678035736
v 0.023248396813869476 0.034583430737257004 -0.025113530457019806
v -0.0028081501368433237 0.03622690588235855 -0.015323799103498459
v 0.004423451144248247 0.03631586208939552 -0.015351317822933197
v 0.011442690156400204 0.036058418452739716 -0.017074324190616608
v -0.028347255662083626 0.03142329677939415 -0.037378065288066864
v -0.025774197652935982 0.03279814496636391 -0.030760372057557106
v -0.021658524870872498 0.03403102979063988 -0.024942642077803612
v -0.016239427030086517 0.03505030274391174 -0.020262986421585083
v -0.009831840172410011 0.035796720534563065 -0.016993366181850433
v -0.03768167644739151 0.009136725217103958 0.03199634701013565
v -0.03868124634027481 0.00917765311896801 0.032262757420539856
v -0.036950625479221344 0.009000308811664581 0.031276099383831024
v -0.040414441376924515 0.008957700803875923 0.03128928318619728
v -0.039681512862443924 0.009112125262618065 0.03200395405292511
v 0.04231169447302818 0.010120721533894539 0.03169194236397743
v 0.041312120854854584 0.01016164943575859 0.03195835277438164
v 0.04304274171590805 0.009984305128455162 0.030971694737672806
v 0.03957892581820488 0.009941697120666504 0.030984876677393913
v 0.04031185805797577 0.010096121579408646 0.03169954940676689
v -0.03969879820942879 0.005820447113364935 0.0036799702793359756
v -0.04074835032224655 0.00586342066526413 0.003959703259170055
v -0.03893119841814041 0.005677209701389074 0.002923710737377405
v -0.04256820306181908 0.005632470827549696 0.002937550889328122
v -0.04179862141609192 0.005794617347419262 0.003687960794195533
f 1 2 3
f 4 5 6
f 6 5 7
f 6 7 8
f 8 7 9
f 10 11 9
f 9 11 12
f 9 12 8
f 2 13 3
f 3 13 14
f 3 14 10
f 10 14 15
f 10 15 11
f 16 17 18
f 18 17 19
f 18 19 20
f 16 21 17
f 17 21 22
f 17 22 3
f 3 22 23
f 3 23 1
f 24 25 26
f 26 27 24
f 24 27 28
f 24 28 19
f 19 28 29
f 19 29 20
f 30 31 32
f 32 31 33
f 32 33 25
f 25 33 34
f 25 34 26
f 30 32 35
f 35 32 36
f 35 36 37
f 37 36 38
f 38 36 39
f 38 39 40
f 40 39 41
f 41 39 42
f 41 42 43
f 43 42 44
f 44 42 45
f 44 45 46
f 46 45 47
f 46 47 48
f 49 14 13
f 49 13 50
f 23 51 1
f 1 51 50
f 1 50 2
f 2 50 13
f 52 53 54
f 55 56 52
f 57 58 59
f 58 57 60
f 60 57 61
f 60 61 62
f 63 64 65
f 65 64 66
f 65 66 67
f 68 69 59
f 59 69 70
f 59 70 57
f 55 52 71
f 71 52 54
f 71 54 72
f 55 69 56
f 56 69 68
f 56 68 52
f 52 68 73
f 52 73 53
f 53 73 74
f 75 74 76
f 76 74 73
f 76 73 77
f 77 73 68
f 77 68 78
f 78 68 59
f 78 59 79
f 79 59 58
f 79 58 80
f 80 58 60
f 80 60 63
f 63 60 62
f 63 62 64
f 81 82 83
f 84 85 86
f 87 88 89
f 90 91 92
f 85 87 86
f 86 87 89
f 86 89 93
f 93 89 94
f 93 94 95
f 95 94 96
f 95 96 97
f 97 96 98
f 97 98 99
f 99 98 100
f 99 100 101
f 101 100 102
f 101 102 103
f 103 102 104
f 103 104 105
f 105 104 106
f 82 84 83
f 83 84 86
f 83 86 107
f 107 86 93
f 107 93 108
f 108 93 95
f 108 95 109
f 109 95 97
f 109 97 110
f 110 97 99
f 110 99 111
f 111 99 101
f 111 101 112
f 112 101 103
f 112 103 113
f 113 103 105
f 114 81 115
f 115 81 83
f 115 83 116
f 116 83 107
f 116 107 117
f 117 107 108
f 117 108 118
f 118 108 109
f 118 109 119
f 119 109 110
f 119 110 120
f 120 110 111
f 120 111 92
f 92 111 112
f 92 112 90
f 90 112 113
f 65 115 63
f 63 115 116
f 63 116 80
f 80 116 117
f 80 117 79
f 79 117 118
f 79 118 78
f 78 118 119
f 78 119 77
f 77 119 120
f 77 120 76
f 76 120 92
f 76 92 75
f 75 92 91
f 65 67 121
f 65 121 115
f 115 121 122
f 115 122 114
f 53 74 14
f 14 74 75
f 14 75 15
f 15 75 91
f 15 91 11
f 11 91 90
f 11 90 12
f 12 90 113
f 12 113 8
f 8 113 105
f 8 105 6
f 6 105 106
f 6 106 4
f 49 72 14
f 14 72 54
f 14 54 53
f 5 123 7
f 7 123 124
f 7 124 9
f 9 124 125
f 9 125 10
f 10 125 126
f 10 126 3
f 3 126 127
f 3 127 17
f 25 128 32
f 32 128 129
f 32 129 36
f 36 129 130
f 36 130 39
f 39 130 131
f 39 131 42
f 42 131 132
f 42 132 45
f 45 132 133
f 45 133 47
f 47 133 134
f 127 135 17
f 17 135 136
f 17 136 19
f 19 136 137
f 19 137 24
f 24 137 138
f 24 138 25
f 25 138 139
f 25 139 128
f 123 140 124
f 124 140 141
f 124 141 125
f 125 141 142
f 125 142 126
f 126 142 143
f 126 143 127
f 127 143 144
f 127 144 135
f 135 144 145
f 135 145 136
f 136 145 146
f 136 146 137
f 137 146 147
f 137 147 138
f 138 147 148
f 138 148 139
f 139 148 149
f 139 149 128
f 128 149 150
f 128 150 129
f 129 150 151
f 129 151 130
f 130 151 152
f 130 152 131
f 131 152 153
f 131 153 132
f 132 153 154
f 132 154 133
f 133 154 155
f 133 155 134
f 134 155 156
f 157 158 159
f 157 159 160
f 159 161 162
f 163 66 64
f 164 165 166
f 167 168 169
f 169 168 166
f 169 166 170
f 170 166 171
f 160 159 172
f 172 159 162
f 172 162 166
f 166 162 173
f 166 173 164
f 165 174 166
f 166 174 175
f 166 175 171
f 50 51 167
f 167 51 176
f 167 176 177
f 177 178 167
f 167 178 179
f 167 179 180
f 180 181 167
f 167 181 182
f 167 182 168
f 64 62 163
f 163 62 61
f 163 61 183
f 183 61 57
f 183 57 184
f 184 57 70
f 184 70 185
f 185 70 69
f 185 69 186
f 186 69 55
f 186 55 187
f 188 189 55
f 189 190 55
f 55 190 191
f 55 191 187
f 167 192 50
f 50 192 193
f 50 193 49
f 49 193 194
f 49 194 195
f 55 71 188
f 188 71 72
f 188 72 196
f 196 72 49
f 196 49 197
f 197 49 195
f 198 199 200
f 201 202 203
f 204 205 206
f 206 205 207
f 206 207 202
f 202 207 208
f 202 208 203
f 209 204 210
f 210 204 206
f 210 206 211
f 211 206 202
f 211 202 212
f 212 202 201
f 212 201 213
f 214 215 216
f 216 215 217
f 216 217 218
f 219 220 221
f 222 223 224
f 224 223 225
f 224 225 226
f 226 225 227
f 226 227 219
f 220 228 229
f 229 228 230
f 229 230 231
f 231 230 232
f 231 232 233
f 234 235 236
f 236 235 237
f 236 237 233
f 233 237 238
f 233 238 231
f 231 238 239
f 231 239 229
f 229 239 240
f 219 221 226
f 226 221 241
f 226 241 224
f 224 241 242
f 224 242 222
f 243 244 245
f 246 247 244
f 244 247 248
f 244 248 245
f 249 250 251
f 251 252 249
f 249 252 253
f 249 253 246
f 246 253 254
f 246 254 247
f 220 229 221
f 221 229 240
f 221 240 241
f 241 240 255
f 241 255 242
f 245 256 243
f 243 256 257
f 243 257 258
f 259 260 261
f 261 260 262
f 263 264 265
f 265 264 266
f 265 266 267
f 266 268 267
f 267 268 269
f 267 269 270
f 270 269 271
f 270 271 272
f 272 271 273
f 272 273 262
f 262 273 274
f 262 274 261
f 222 275 223
f 223 275 276
f 223 276 277
f 277 276 278
f 277 278 279
f 279 278 280
f 279 280 263
f 263 280 281
f 263 281 264
f 282 234 283
f 283 234 236
f 283 236 284
f 284 236 233
f 284 233 285
f 285 233 232
f 286 198 287
f 287 198 200
f 287 200 288
f 288 200 289
f 288 289 290
f 290 289 291
f 290 291 218
f 218 291 213
f 218 213 216
f 216 213 201
f 216 201 214
f 214 201 203
f 235 250 237
f 237 250 249
f 237 249 238
f 238 249 246
f 238 246 239
f 239 246 244
f 239 244 240
f 240 244 243
f 240 243 255
f 255 243 258
f 260 209 262
f 262 209 210
f 262 210 272
f 272 210 211
f 272 211 270
f 270 211 212
f 270 212 267
f 267 212 213
f 267 213 265
f 265 213 291
f 265 291 263
f 263 291 289
f 263 289 279
f 279 289 200
f 279 200 277
f 277 200 199
f 277 199 223
f 223 199 198
f 223 198 225
f 225 198 286
f 225 286 227
f 292 293 294
f 294 293 295
f 294 295 296
f 296 295 297
f 296 297 298
f 299 300 301
f 298 297 301
f 301 297 302
f 301 302 299
f 300 299 303
f 303 299 304
f 303 304 305
f 306 307 308
f 305 304 308
f 308 304 309
f 308 309 306
f 310 311 312
f 312 311 313
f 312 313 306
f 306 313 314
f 306 314 307
f 315 316 317
f 317 316 318
f 317 318 310
f 310 312 317
f 317 312 319
f 317 319 315
f 309 320 306
f 306 320 321
f 306 321 312
f 312 321 322
f 312 322 319
f 323 324 325
f 326 327 328
f 329 330 331
f 330 332 331
f 331 332 333
f 331 333 334
f 334 333 335
f 336 337 338
f 338 337 339
f 338 339 328
f 324 323 340
f 340 323 341
f 340 341 342
f 342 341 343
f 343 341 344
f 343 344 292
f 345 327 346
f 346 327 326
f 346 326 347
f 347 326 348
f 349 348 335
f 335 348 326
f 335 326 334
f 334 326 328
f 334 328 331
f 331 328 339
f 331 339 329
f 329 339 337
f 350 336 325
f 325 336 338
f 325 338 323
f 323 338 328
f 323 328 341
f 341 328 327
f 341 327 344
f 344 327 345
f 298 301 351
f 305 308 352
f 353 354 355
f 355 354 356
f 357 358 359
f 360 361 359
f 359 361 362
f 359 362 357
f 363 364 365
f 351 366 367
f 367 366 368
f 367 368 365
f 369 370 371
f 371 370 372
f 371 372 373
f 373 372 374
f 305 352 303
f 342 343 375
f 369 368 370
f 370 368 366
f 370 366 372
f 372 366 351
f 372 351 374
f 374 351 301
f 374 301 300
f 364 363 376
f 376 363 377
f 376 377 358
f 358 377 378
f 358 378 359
f 365 368 363
f 363 368 369
f 363 369 377
f 377 369 379
f 377 379 378
f 378 379 380
f 378 380 359
f 359 380 381
f 359 381 360
f 382 383 384
f 384 383 385
f 384 385 386
f 386 385 387
f 355 388 353
f 353 388 389
f 353 389 390
f 390 389 391
f 390 391 392
f 392 391 393
f 392 393 387
f 387 393 394
f 387 394 386
f 296 375 294
f 294 375 343
f 294 343 292
f 308 307 352
f 352 307 395
f 352 395 354
f 354 395 396
f 354 396 356
f 356 396 397
f 356 397 398
f 318 398 310
f 310 398 397
f 310 397 311
f 311 397 396
f 311 396 313
f 313 396 395
f 313 395 314
f 314 395 307
f 357 350 358
f 358 350 325
f 358 325 376
f 376 325 324
f 376 324 364
f 364 324 340
f 364 340 365
f 365 340 342
f 365 342 367
f 367 342 375
f 367 375 351
f 351 375 296
f 351 296 298
f 300 303 374
f 374 303 352
f 374 352 373
f 373 352 354
f 373 354 371
f 371 354 353
f 371 353 369
f 369 353 390
f 369 390 379
f 379 390 392
f 379 392 380
f 380 392 387
f 380 387 381
f 381 387 385
f 381 385 360
f 360 385 383
f 399 400 401
f 402 403 399
f 401 404 399
f 399 404 405
f 399 405 402
f 406 407 408
f 409 410 411
f 411 410 412
f 411 412 413
f 413 412 414
f 413 414 415
f 416 417 418
f 418 417 419
f 418 419 420
f 420 419 421
f 420 421 422
f 400 399 423
f 423 399 403
f 423 403 424
f 407 416 408
f 408 416 418
f 408 418 402
f 402 418 420
f 402 420 403
f 403 420 422
f 403 422 424
f 404 409 405
f 405 409 411
f 405 411 402
f 402 411 413
f 402 413 408
f 408 413 415
f 408 415 406
f 425 426 427
f 428 429 430
f 430 429 431
f 430 431 432
f 432 431 433
f 426 434 427
f 427 434 433
f 427 433 435
f 435 433 431
f 436 437 438
f 438 437 439
f 438 439 440
f 438 441 436
f 436 441 442
f 436 442 443
f 443 442 444
f 443 444 421
f 439 445 440
f 440 445 446
f 440 446 447
f 447 446 425
f 447 425 448
f 448 425 427
f 448 427 449
f 449 427 435
f 449 435 450
f 450 435 431
f 450 431 451
f 451 431 429
f 446 445 452
f 430 432 453
f 454 455 456
f 457 458 459
f 439 437 460
f 443 421 419
f 416 461 417
f 417 461 462
f 417 462 419
f 419 462 463
f 419 463 443
f 433 434 464
f 464 434 426
f 464 426 425
f 465 466 467
f 467 466 468
f 467 468 469
f 432 433 453
f 453 433 464
f 453 464 469
f 469 464 470
f 469 470 467
f 467 470 471
f 467 471 465
f 465 471 472
f 465 472 473
f 473 472 474
f 473 474 475
f 475 474 476
f 475 476 457
f 457 476 477
f 457 477 458
f 458 477 478
f 406 479 454
f 455 454 480
f 480 454 479
f 480 479 481
f 445 439 452
f 452 439 460
f 452 460 482
f 482 460 483
f 482 483 484
f 484 483 485
f 484 485 486
f 486 485 487
f 486 487 456
f 456 487 488
f 456 488 454
f 454 488 407
f 454 407 406
f 437 436 460
f 460 436 443
f 460 443 483
f 483 443 463
f 483 463 485
f 485 463 462
f 485 462 487
f 487 462 461
f 487 461 488
f 488 461 416
f 488 416 407
f 428 430 489
f 489 430 453
f 489 453 490
f 490 453 469
f 490 469 491
f 491 469 468
f 459 492 457
f 457 492 493
f 457 493 475
f 475 493 494
f 475 494 473
f 473 494 495
f 473 495 465
f 465 495 496
f 465 496 466
f 425 446 464
f 464 446 452
f 464 452 470
f 470 452 482
f 470 482 471
f 471 482 484
f 471 484 472
f 472 484 486
f 472 486 474
f 474 486 456
f 474 456 476
f 476 456 455
f 476 455 477
f 477 455 480
f 477 480 478
f 478 480 481
f 497 428 498
f 498 428 489
f 498 489 499
f 499 489 490
f 499 490 500
f 495 501 496
f 496 501 502
f 496 502 466
f 466 502 503
f 466 503 468
f 468 503 500
f 468 500 491
f 491 500 490
f 459 504 492
f 492 504 505
f 492 505 493
f 493 505 506
f 493 506 494
f 494 506 507
f 494 507 495
f 495 507 508
f 495 508 501
f 503 502 509
f 506 505 510
f 511 512 513
f 513 512 514
f 513 514 515
f 515 514 510
f 515 510 516
f 516 510 505
f 516 505 504
f 511 517 512
f 512 517 518
f 512 518 519
f 519 518 520
f 519 520 521
f 521 520 522
f 521 522 523
f 523 522 524
f 523 524 525
f 525 524 526
f 526 527 525
f 525 527 528
f 525 528 529
f 529 528 530
f 529 530 531
f 531 530 532
f 531 532 533
f 533 532 534
f 533 534 535
f 535 534 536
f 536 537 535
f 535 537 538
f 535 538 539
f 508 507 540
f 540 507 506
f 506 510 540
f 540 510 514
f 540 514 541
f 541 514 512
f 541 512 542
f 542 512 519
f 542 519 543
f 543 519 521
f 543 521 544
f 544 521 523
f 544 523 545
f 545 523 525
f 545 525 546
f 546 525 529
f 546 529 547
f 547 529 531
f 547 531 548
f 548 531 533
f 548 533 549
f 549 533 535
f 549 535 550
f 550 535 539
f 550 539 551
f 502 501 552
f 552 501 508
f 508 540 552
f 552 540 541
f 552 541 553
f 553 541 542
f 553 542 554
f 554 542 543
f 554 543 555
f 555 543 544
f 555 544 556
f 556 544 545
f 556 545 557
f 557 545 546
f 557 546 558
f 558 546 547
f 558 547 559
f 559 547 548
f 559 548 560
f 560 548 549
f 560 549 561
f 561 549 550
f 561 550 562
f 562 550 551
f 562 551 563
f 502 552 509
f 509 552 553
f 509 553 564
f 564 553 554
f 564 554 565
f 565 554 555
f 565 555 566
f 566 555 556
f 566 556 567
f 567 556 557
f 567 557 568
f 568 557 558
f 568 558 569
f 569 558 559
f 569 559 570
f 570 559 560
f 570 560 571
f 571 560 561
f 571 561 572
f 572 561 562
f 572 562 573
f 573 562 563
f 573 563 574
f 499 500 575
f 575 500 503
f 503 509 575
f 575 509 564
f 575 564 576
f 576 564 565
f 576 565 577
f 577 565 566
f 577 566 578
f 578 566 567
f 578 567 579
f 579 567 568
f 579 568 580
f 580 568 569
f 580 569 581
f 581 569 570
f 581 570 582
f 582 570 571
f 582 571 583
f 583 571 572
f 583 572 584
f 584 572 573
f 584 573 585
f 585 573 574
f 585 574 586
f 497 498 587
f 587 498 499
f 499 575 587
f 587 575 576
f 587 576 588
f 588 576 577
f 588 577 589
f 589 577 578
f 589 578 590
f 590 578 579
f 590 579 591
f 591 579 580
f 591 580 592
f 592 580 581
f 592 581 593
f 593 581 582
f 593 582 594
f 594 582 583
f 594 583 595
f 595 583 584
f 595 584 596
f 596 584 585
f 596 585 597
f 597 585 586
f 597 586 598
f 497 587 599
f 599 587 588
f 599 588 600
f 600 588 589
f 600 589 601
f 601 589 590
f 601 590 602
f 602 590 591
f 602 591 603
f 603 591 592
f 603 592 604
f 604 592 593
f 604 593 605
f 605 593 594
f 605 594 606
f 606 594 595
f 606 595 607
f 607 595 596
f 607 596 608
f 608 596 597
f 608 597 609
f 609 597 598
f 609 598 610
f 610 598 611
f 598 586 612
f 586 574 613
f 563 551 614
f 551 539 615
f 616 617 618
f 619 620 621
f 621 620 622
f 621 622 623
f 623 622 615
f 623 615 624
f 624 615 539
f 624 539 538
f 619 625 620
f 620 625 626
f 620 626 627
f 627 626 628
f 627 628 629
f 629 628 630
f 629 630 631
f 631 630 632
f 631 632 633
f 633 632 634
f 634 635 633
f 633 635 636
f 633 636 637
f 637 636 638
f 637 638 639
f 639 638 640
f 639 640 641
f 641 640 642
f 641 642 616
f 616 642 643
f 616 643 617
f 551 615 614
f 614 615 622
f 614 622 644
f 644 622 620
f 644 620 645
f 645 620 627
f 645 627 646
f 646 627 629
f 646 629 647
f 647 629 631
f 647 631 648
f 648 631 633
f 648 633 649
f 649 633 637
f 649 637 650
f 650 637 639
f 650 639 651
f 651 639 641
f 651 641 652
f 652 641 616
f 652 616 653
f 618 654 616
f 616 654 655
f 616 655 653
f 653 655 656
f 653 656 657
f 563 614 658
f 658 614 644
f 658 644 659
f 659 644 645
f 659 645 660
f 660 645 646
f 660 646 661
f 661 646 647
f 661 647 662
f 662 647 648
f 662 648 663
f 663 648 649
f 663 649 664
f 664 649 650
f 664 650 665
f 665 650 651
f 665 651 666
f 666 651 652
f 666 652 667
f 667 652 653
f 667 653 668
f 668 653 657
f 668 657 669
f 669 670 668
f 668 670 671
f 668 671 667
f 667 671 672
f 667 672 666
f 666 672 673
f 666 673 665
f 665 673 674
f 665 674 664
f 664 674 675
f 664 675 663
f 663 675 676
f 663 676 662
f 662 676 677
f 662 677 661
f 661 677 678
f 661 678 660
f 660 678 679
f 660 679 659
f 659 679 613
f 659 613 658
f 658 613 574
f 658 574 563
f 586 613 612
f 612 613 679
f 612 679 680
f 680 679 678
f 680 678 681
f 681 678 677
f 681 677 682
f 682 677 676
f 682 676 683
f 683 676 675
f 683 675 684
f 684 675 674
f 684 674 685
f 685 674 673
f 685 673 686
f 686 673 672
f 686 672 687
f 687 672 671
f 687 671 688
f 688 671 670
f 688 670 689
f 669 690 670
f 670 690 691
f 670 691 689
f 689 691 692
f 689 692 693
f 598 612 611
f 611 612 680
f 611 680 694
f 694 680 681
f 694 681 695
f 695 681 682
f 695 682 696
f 696 682 683
f 696 683 697
f 697 683 684
f 697 684 698
f 698 684 685
f 698 685 699
f 699 685 686
f 699 686 700
f 700 686 687
f 700 687 701
f 701 687 688
f 701 688 702
f 702 688 689
f 702 689 703
f 703 689 693
f 703 693 704
f 610 611 705
f 705 611 694
f 705 694 706
f 706 694 695
f 706 695 707
f 707 695 696
f 707 696 708
f 708 696 697
f 708 697 709
f 709 697 698
f 709 698 710
f 710 698 699
f 710 699 711
f 711 699 700
f 711 700 712
f 712 700 701
f 712 701 713
f 713 701 702
f 713 702 714
f 714 702 703
f 714 703 715
f 715 703 704
f 715 704 716
f 618 382 654
f 654 382 384
f 654 384 655
f 655 384 386
f 655 386 656
f 656 386 394
f 656 394 657
f 657 394 393
f 657 393 669
f 669 393 391
f 669 391 690
f 690 391 389
f 690 389 691
f 691 389 388
f 691 388 692
f 692 388 355
f 692 355 693
f 693 355 356
f 693 356 704
f 704 356 398
f 704 398 716
f 716 398 318
f 717 718 719
f 720 721 722
f 723 724 725
f 726 727 728
f 728 727 729
f 728 729 451
f 730 731 732
f 732 731 733
f 734 735 736
f 736 735 737
f 736 737 738
f 738 737 739
f 738 739 740
f 741 315 742
f 740 743 738
f 738 743 741
f 738 741 736
f 736 741 742
f 736 742 734
f 728 744 726
f 726 744 745
f 726 745 746
f 746 745 747
f 746 747 748
f 748 747 749
f 748 749 750
f 750 749 751
f 732 723 730
f 730 723 725
f 730 725 752
f 752 725 753
f 752 753 719
f 719 718 752
f 752 718 754
f 752 754 730
f 730 754 755
f 730 755 731
f 721 756 722
f 722 756 757
f 722 757 758
f 758 757 759
f 758 759 760
f 760 759 761
f 760 761 762
f 762 761 763
f 762 763 764
f 735 720 737
f 737 720 722
f 737 722 739
f 739 722 758
f 739 758 740
f 740 758 760
f 740 760 765
f 765 760 762
f 765 762 719
f 719 762 764
f 719 764 717
f 724 727 725
f 725 727 726
f 725 726 753
f 753 726 746
f 753 746 719
f 719 746 748
f 719 748 765
f 765 748 750
f 765 750 740
f 740 750 751
f 740 751 743
f 766 744 316
f 316 744 728
f 316 728 318
f 451 429 606
f 603 604 497
f 451 606 728
f 728 606 607
f 728 607 608
f 600 601 602
f 429 428 606
f 606 428 497
f 606 497 605
f 605 497 604
f 315 741 316
f 316 741 767
f 316 767 751
f 751 749 316
f 316 749 747
f 316 747 766
f 603 497 602
f 602 497 599
f 602 599 600
f 608 609 728
f 728 609 610
f 728 610 705
f 705 706 728
f 728 706 707
f 728 707 708
f 708 709 728
f 728 709 710
f 728 710 711
f 711 712 728
f 728 712 713
f 728 713 714
f 714 715 728
f 728 715 716
f 728 716 318
f 768 718 717
f 255 258 769
f 770 771 772
f 772 771 773
f 774 733 775
f 775 733 731
f 776 770 777
f 777 770 772
f 777 772 778
f 778 772 773
f 778 773 775
f 775 773 779
f 775 779 774
f 252 251 780
f 248 247 781
f 781 247 254
f 258 257 769
f 769 257 256
f 769 256 782
f 782 256 245
f 782 245 248
f 242 255 783
f 242 783 222
f 222 783 784
f 222 784 275
f 275 784 276
f 276 784 785
f 276 785 278
f 278 785 786
f 278 786 280
f 787 264 788
f 788 264 281
f 789 271 790
f 790 271 269
f 790 269 791
f 791 269 268
f 791 268 787
f 787 268 266
f 787 266 264
f 259 261 792
f 792 261 274
f 792 274 789
f 789 274 273
f 789 273 271
f 793 794 789
f 789 794 795
f 789 795 792
f 793 796 797
f 797 796 798
f 797 798 799
f 756 800 757
f 757 800 801
f 757 801 759
f 759 801 802
f 759 802 761
f 761 802 786
f 761 786 763
f 763 786 785
f 803 755 754
f 756 799 800
f 800 799 798
f 800 798 801
f 801 798 804
f 801 804 802
f 255 769 783
f 783 769 768
f 783 768 784
f 784 768 717
f 784 717 785
f 785 717 764
f 785 764 763
f 248 781 782
f 782 781 805
f 782 805 769
f 769 805 803
f 769 803 768
f 768 803 754
f 768 754 718
f 252 780 253
f 253 780 776
f 253 776 254
f 254 776 777
f 254 777 781
f 781 777 778
f 781 778 805
f 805 778 775
f 805 775 803
f 803 775 731
f 803 731 755
f 793 789 796
f 796 789 790
f 796 790 798
f 798 790 791
f 798 791 804
f 804 791 787
f 804 787 802
f 802 787 788
f 802 788 786
f 786 788 281
f 786 281 280
f 618 617 159
f 159 617 161
f 617 643 161
f 161 643 642
f 161 642 162
f 642 640 162
f 162 640 638
f 162 638 173
f 638 636 173
f 173 636 635
f 173 635 164
f 164 635 634
f 164 634 165
f 165 634 632
f 632 630 165
f 165 630 628
f 165 628 174
f 628 626 174
f 174 626 625
f 174 625 175
f 175 625 619
f 175 619 171
f 171 619 621
f 538 170 624
f 624 170 171
f 624 171 623
f 623 171 621
f 504 188 516
f 516 188 196
f 197 513 196
f 196 513 515
f 196 515 516
f 195 517 197
f 197 517 511
f 197 511 513
f 194 520 195
f 195 520 518
f 195 518 517
f 193 524 194
f 194 524 522
f 194 522 520
f 192 527 193
f 193 527 526
f 193 526 524
f 534 532 167
f 167 532 530
f 167 530 192
f 192 530 528
f 192 528 527
f 534 167 536
f 536 167 169
f 536 169 537
f 537 169 170
f 537 170 538
f 168 806 807
f 168 807 166
f 166 807 808
f 166 808 172
f 172 808 809
f 172 809 160
f 160 809 810
f 160 810 157
f 157 810 811
f 157 811 158
f 382 618 159
f 811 812 813
f 357 362 158
f 813 332 811
f 811 332 330
f 811 330 329
f 329 337 811
f 811 337 336
f 811 336 158
f 158 336 350
f 158 350 357
f 362 361 158
f 158 361 360
f 158 360 159
f 159 360 383
f 159 383 382
f 814 815 134
f 816 817 815
f 817 48 815
f 815 48 47
f 815 47 134
f 814 134 818
f 818 134 156
f 818 156 819
f 809 808 807
f 815 820 816
f 816 820 812
f 816 812 806
f 806 812 811
f 806 811 807
f 807 811 810
f 807 810 809
f 821 822 823
f 821 823 824
f 812 820 825
f 812 825 813
f 813 825 826
f 813 826 827
f 827 826 828
f 827 828 829
f 829 824 827
f 827 824 823
f 827 823 813
f 813 823 332
f 830 823 831
f 831 823 822
f 332 823 333
f 333 823 830
f 333 830 335
f 335 830 831
f 335 831 349
f 832 833 834
f 834 833 835
f 836 832 837
f 837 832 834
f 837 834 838
f 838 834 839
f 838 839 840
f 841 842 843
f 843 842 844
f 845 846 844
f 844 846 847
f 844 847 843
f 848 849 850
f 850 849 851
f 852 853 854
f 854 853 855
f 854 855 851
f 851 855 856
f 851 856 850
f 835 857 834
f 834 857 858
f 834 858 839
f 839 858 859
f 839 859 840
f 840 859 860
f 840 860 861
f 861 860 862
f 861 862 863
f 864 842 865
f 865 842 841
f 865 841 866
f 864 867 842
f 842 867 868
f 842 868 844
f 844 868 869
f 844 869 845
f 845 869 870
f 845 870 871
f 871 870 872
f 871 872 852
f 852 872 873
f 852 873 853
f 849 836 851
f 851 836 837
f 851 837 854
f 854 837 838
f 854 838 852
f 852 838 840
f 852 840 871
f 871 840 861
f 871 861 845
f 845 861 863
f 845 863 846
f 874 875 876
f 877 878 825
f 825 878 826
f 878 875 826
f 826 875 874
f 826 874 828
f 828 874 829
f 829 879 824
f 824 879 880
f 824 880 821
f 881 882 821
f 821 882 883
f 821 883 822
f 821 880 881
f 881 880 884
f 881 884 885
f 886 887 885
f 885 887 888
f 885 888 881
f 886 889 890
f 890 889 891
f 892 893 894
f 895 896 897
f 897 896 898
f 897 898 899
f 899 898 900
f 899 900 901
f 901 900 902
f 901 902 903
f 903 902 904
f 903 904 905
f 905 904 892
f 906 907 895
f 895 907 908
f 895 908 896
f 909 910 911
f 911 910 912
f 911 912 906
f 906 912 913
f 906 913 907
f 825 820 877
f 877 820 815
f 877 815 914
f 914 815 814
f 829 874 879
f 879 874 876
f 879 876 880
f 880 876 915
f 880 915 884
f 914 909 877
f 877 909 911
f 877 911 878
f 878 911 906
f 878 906 875
f 875 906 895
f 875 895 876
f 876 895 897
f 876 897 915
f 915 897 899
f 915 899 884
f 884 899 901
f 884 901 885
f 885 901 903
f 885 903 886
f 886 903 905
f 886 905 889
f 889 905 892
f 889 892 891
f 891 892 894
f 721 720 916
f 882 917 883
f 883 917 831
f 883 831 822
f 347 348 918
f 918 348 349
f 918 349 919
f 347 918 346
f 346 918 920
f 346 920 345
f 344 921 292
f 292 921 922
f 292 922 293
f 923 924 925
f 882 926 917
f 917 926 927
f 917 927 928
f 928 927 929
f 928 929 924
f 924 929 930
f 924 930 925
f 735 734 931
f 734 742 931
f 931 742 315
f 931 315 319
f 309 304 932
f 932 304 299
f 932 299 933
f 319 322 931
f 931 322 321
f 931 321 932
f 932 321 320
f 932 320 309
f 344 345 921
f 921 345 920
f 921 920 922
f 922 920 934
f 922 934 933
f 933 934 935
f 933 935 932
f 932 935 936
f 932 936 931
f 931 936 937
f 931 937 735
f 756 721 938
f 938 721 916
f 938 916 939
f 939 916 940
f 925 941 923
f 923 941 942
f 923 942 943
f 943 942 944
f 943 944 940
f 940 944 945
f 940 945 939
f 299 302 933
f 933 302 297
f 933 297 922
f 922 297 295
f 922 295 293
f 349 831 919
f 919 831 917
f 919 917 918
f 918 917 928
f 918 928 920
f 920 928 924
f 920 924 934
f 934 924 923
f 934 923 935
f 935 923 943
f 935 943 936
f 936 943 940
f 936 940 937
f 937 940 916
f 937 916 735
f 735 916 720
f 946 947 948
f 946 948 949
f 814 818 950
f 950 818 951
f 950 951 952
f 953 954 955
f 956 957 958
f 954 959 955
f 955 959 960
f 955 960 957
f 957 960 961
f 957 961 958
f 962 896 963
f 963 896 908
f 963 908 907
f 964 965 904
f 966 893 965
f 965 893 892
f 965 892 904
f 904 902 964
f 964 902 900
f 964 900 898
f 913 912 948
f 948 912 952
f 948 952 949
f 949 952 951
f 912 910 952
f 952 910 909
f 952 909 950
f 950 909 914
f 950 914 814
f 967 968 969
f 969 968 956
f 969 956 970
f 970 956 958
f 955 971 953
f 953 971 948
f 953 948 972
f 972 948 947
f 973 966 974
f 974 966 965
f 974 965 975
f 975 965 964
f 975 964 962
f 962 964 898
f 962 898 896
f 968 973 956
f 956 973 974
f 956 974 957
f 957 974 975
f 957 975 955
f 955 975 962
f 955 962 971
f 971 962 963
f 971 963 948
f 948 963 907
f 948 907 913
f 888 887 976
f 891 894 977
f 978 979 980
f 981 799 756
f 982 983 977
f 984 985 259
f 982 977 986
f 986 977 894
f 986 894 893
f 987 988 942
f 756 938 981
f 981 938 939
f 981 939 989
f 989 939 945
f 989 945 988
f 988 945 944
f 988 944 942
f 990 991 984
f 984 991 983
f 984 983 985
f 985 983 982
f 978 980 992
f 797 979 793
f 793 979 978
f 793 978 794
f 794 978 992
f 794 992 795
f 795 992 792
f 886 890 993
f 993 890 994
f 993 994 995
f 995 994 996
f 890 891 994
f 994 891 977
f 994 977 996
f 996 977 983
f 996 983 997
f 997 983 991
f 259 792 984
f 984 792 992
f 984 992 990
f 990 992 980
f 990 980 991
f 991 980 998
f 991 998 997
f 997 998 999
f 997 999 996
f 996 999 1000
f 996 1000 995
f 995 1000 1001
f 995 1001 993
f 993 1001 976
f 993 976 886
f 886 976 887
f 882 881 926
f 926 881 1002
f 926 1002 927
f 927 1002 1003
f 942 941 987
f 987 941 925
f 987 925 1004
f 1004 925 930
f 1004 930 1003
f 1003 930 929
f 1003 929 927
f 797 799 979
f 979 799 981
f 979 981 980
f 980 981 989
f 980 989 998
f 998 989 988
f 998 988 999
f 999 988 987
f 999 987 1000
f 1000 987 1004
f 1000 1004 1001
f 1001 1004 1003
f 1001 1003 976
f 976 1003 1002
f 976 1002 888
f 888 1002 881
f 286 1005 227
f 227 1005 1006
f 230 228 1007
f 1007 228 220
f 1007 220 1006
f 1006 220 219
f 1006 219 227
f 230 1007 232
f 232 1007 1008
f 232 1008 285
f 1009 1010 1008
f 1008 1010 282
f 282 283 1008
f 1008 283 284
f 1008 284 285
f 857 835 1011
f 1011 835 833
f 1011 833 1009
f 1009 833 1012
f 1009 1012 1010
f 1013 859 1011
f 1011 859 858
f 1011 858 857
f 846 863 1014
f 1014 863 862
f 1014 862 1013
f 1013 862 860
f 1013 860 859
f 846 1014 847
f 847 1014 1015
f 847 1015 843
f 843 1015 841
f 841 1015 1016
f 841 1016 866
f 986 893 966
f 1017 205 204
f 1018 1017 1019
f 1019 1017 204
f 1019 204 1020
f 1020 204 209
f 1020 209 1021
f 1021 209 260
f 1021 260 985
f 985 260 259
f 986 966 982
f 967 1018 968
f 968 1018 1019
f 968 1019 973
f 973 1019 1020
f 973 1020 966
f 966 1020 1021
f 966 1021 982
f 982 1021 985
f 1010 1012 1022
f 1023 251 250
f 1012 833 1022
f 1022 833 832
f 1022 832 1024
f 1024 832 836
f 1024 836 1025
f 1025 836 849
f 1025 849 1026
f 1026 849 848
f 1023 250 1027
f 282 1010 234
f 234 1010 1022
f 234 1022 235
f 235 1022 1024
f 235 1024 250
f 250 1024 1025
f 250 1025 1027
f 1027 1025 1026
f 152 1028 153
f 153 1028 1029
f 153 1029 154
f 154 1029 1030
f 154 1030 155
f 155 1030 1031
f 155 1031 156
f 156 1031 819
f 140 1016 141
f 141 1016 1015
f 141 1015 142
f 142 1015 1014
f 142 1014 143
f 143 1014 1013
f 143 1013 144
f 1013 1011 144
f 144 1011 1009
f 144 1009 145
f 145 1009 1008
f 145 1008 146
f 146 1008 1007
f 146 1007 147
f 147 1007 1006
f 147 1006 148
f 148 1006 1005
f 148 1005 149
f 149 1005 1032
f 149 1032 150
f 150 1032 1033
f 150 1033 151
f 151 1033 1034
f 151 1034 152
f 152 1034 1035
f 152 1035 1028
f 1036 771 770
f 1037 1038 1039
f 1040 1041 1042
f 66 1043 67
f 1044 1026 1045
f 1045 1026 848
f 1046 1023 1027
f 185 1047 184
f 184 1047 1048
f 1049 1050 1043
f 1043 1050 1051
f 1043 1051 67
f 848 1052 1045
f 1045 1052 1053
f 1045 1053 1049
f 1049 1053 1054
f 1049 1054 1050
f 1055 1038 1056
f 1056 1038 1037
f 1056 1037 1057
f 1057 1037 1058
f 1059 1060 1048
f 1039 1061 1037
f 1037 1061 1042
f 1037 1042 1058
f 1058 1042 1041
f 1039 1062 1061
f 1061 1062 1063
f 1061 1063 1064
f 1047 1040 1048
f 1048 1040 1042
f 1048 1042 1059
f 1059 1042 1061
f 1059 1061 1065
f 1065 1061 1064
f 1066 1067 1068
f 251 1023 780
f 780 1023 1046
f 780 1046 776
f 776 1046 1069
f 776 1069 770
f 770 1069 1070
f 770 1070 1036
f 1071 1072 1073
f 1073 1072 1074
f 1074 733 774
f 1074 774 1073
f 1073 774 779
f 1073 779 1036
f 1036 779 773
f 1036 773 771
f 1068 1067 1075
f 1075 1067 1076
f 1075 1076 1077
f 1055 1078 1076
f 1076 1078 1079
f 1076 1079 1077
f 1077 1079 1080
f 1077 1080 1071
f 1071 1073 1077
f 1077 1073 1036
f 1077 1036 1075
f 1075 1036 1070
f 1075 1070 1068
f 1068 1070 1069
f 1068 1069 1066
f 1066 1069 1046
f 1066 1046 1044
f 1044 1046 1027
f 1044 1027 1026
f 1055 1076 1038
f 1038 1076 1067
f 1038 1067 1039
f 1039 1067 1066
f 1039 1066 1062
f 1062 1066 1044
f 1062 1044 1063
f 1063 1044 1045
f 1063 1045 1064
f 1064 1045 1049
f 1064 1049 1065
f 1065 1049 1043
f 1065 1043 1059
f 1059 1043 66
f 1059 66 1060
f 1060 66 163
f 1060 163 1048
f 1048 163 183
f 1048 183 184
f 1053 1052 1081
f 873 872 1082
f 873 1082 853
f 853 1082 1083
f 853 1083 855
f 855 1083 856
f 856 1083 1081
f 856 1081 850
f 850 1081 1052
f 850 1052 848
f 1084 1051 1050
f 1085 1084 1086
f 1086 1084 1050
f 1086 1050 1087
f 1087 1050 1054
f 67 1051 121
f 121 1051 1084
f 121 1084 122
f 122 1084 1085
f 122 1085 114
f 114 1085 1088
f 114 1088 81
f 81 1088 82
f 82 1088 1089
f 82 1089 84
f 84 1089 1090
f 84 1090 85
f 85 1090 1091
f 85 1091 87
f 87 1091 1092
f 87 1092 88
f 864 1092 867
f 867 1092 1091
f 867 1091 868
f 868 1091 1090
f 868 1090 869
f 869 1090 1089
f 869 1089 870
f 870 1089 1088
f 870 1088 872
f 872 1088 1085
f 872 1085 1082
f 1082 1085 1086
f 1082 1086 1083
f 1083 1086 1087
f 1083 1087 1081
f 1081 1087 1054
f 1081 1054 1053
f 727 724 1093
f 423 424 1094
f 1094 424 422
f 1094 422 1095
f 1095 422 421
f 1096 1097 400
f 400 1097 401
f 401 1097 1098
f 401 1098 186
f 1099 1100 1078
f 1101 1072 1071
f 1101 1071 1102
f 1102 1071 1080
f 1102 1080 1100
f 1100 1080 1079
f 1100 1079 1078
f 1101 723 732
f 1072 1101 1074
f 1074 1101 732
f 1074 732 733
f 421 444 1095
f 1095 444 442
f 1095 442 1103
f 442 441 1103
f 1103 441 438
f 1103 438 1104
f 1104 438 440
f 1104 440 447
f 729 727 1105
f 1105 727 1093
f 1105 1093 1104
f 1104 1093 1106
f 1104 1106 1103
f 1103 1106 1107
f 1103 1107 1095
f 1095 1107 1108
f 1095 1108 1094
f 1094 1108 1096
f 1094 1096 423
f 423 1096 400
f 1078 1055 1099
f 1099 1055 1056
f 1099 1056 1109
f 1109 1056 1057
f 1109 1057 1110
f 1110 1057 1058
f 1110 1058 1041
f 185 186 1047
f 1047 186 1098
f 1047 1098 1040
f 1040 1098 1097
f 451 729 450
f 450 729 1105
f 450 1105 449
f 449 1105 1104
f 449 1104 448
f 448 1104 447
f 724 723 1093
f 1093 723 1101
f 1093 1101 1106
f 1106 1101 1102
f 1106 1102 1107
f 1107 1102 1100
f 1107 1100 1108
f 1108 1100 1099
f 1108 1099 1096
f 1096 1099 1109
f 1096 1109 1097
f 1097 1109 1110
f 1097 1110 1040
f 1040 1110 1041
f 191 410 409
f 191 409 187
f 409 404 187
f 187 404 401
f 187 401 186
f 180 44 817
f 817 44 46
f 817 46 48
f 40 41 180
f 180 41 43
f 180 43 44
f 30 35 179
f 179 35 37
f 179 37 180
f 180 37 38
f 180 38 40
f 26 178 27
f 27 178 177
f 27 177 28
f 28 177 29
f 26 34 178
f 178 34 33
f 178 33 179
f 179 33 31
f 179 31 30
f 29 177 20
f 20 177 176
f 20 176 18
f 23 22 51
f 51 22 21
f 51 21 176
f 176 21 16
f 176 16 18
f 806 168 816
f 816 168 182
f 816 182 817
f 817 182 181
f 817 181 180
f 504 459 188
f 188 459 458
f 188 458 478
f 478 481 188
f 188 481 479
f 188 479 189
f 189 479 406
f 189 406 415
f 415 414 189
f 189 414 412
f 189 412 410
f 5 4 106
f 1016 140 866
f 866 140 123
f 866 123 865
f 865 123 864
f 94 89 5
f 5 89 88
f 5 88 123
f 123 88 1092
f 123 1092 864
f 106 104 5
f 5 104 102
f 5 102 100
f 100 98 5
f 5 98 96
f 5 96 94
f 189 410 190
f 190 410 191
f 953 972 1030
f 818 819 951
f 951 819 1031
f 972 947 1030
f 1030 947 946
f 1030 946 1031
f 1031 946 949
f 1031 949 951
f 961 960 1029
f 1029 960 959
f 1029 959 1030
f 1030 959 954
f 1030 954 953
f 1028 969 970
f 1028 970 1029
f 1029 970 958
f 1029 958 961
f 1035 1018 1028
f 1028 1018 967
f 1028 967 969
f 208 207 1034
f 1034 207 205
f 1034 205 1035
f 1035 205 1017
f 1035 1017 1018
f 1033 218 217
f 217 215 1033
f 1033 215 214
f 1033 214 1034
f 1034 214 203
f 1034 203 208
f 218 1033 290
f 290 1033 1032
f 290 1032 288
f 288 1032 287
f 287 1032 1005
f 287 1005 286
f 1111 1112 1113
f 1114 1115 1116
f 1117 1118 1119
f 1119 1118 1120
f 1119 1120 1121
f 1122 1123 1124
f 1119 1111 1117
f 1117 1111 1113
f 1117 1113 1125
f 1125 1113 1126
f 1125 1126 1127
f 1127 1126 1128
f 1128 1122 1127
f 1127 1122 1124
f 1127 1124 1129
f 1129 1124 1114
f 1129 1114 1130
f 1130 1114 1116
f 1111 1119 1131
f 1132 1126 1133
f 1133 1126 1113
f 1131 1134 1111
f 1111 1134 1135
f 1111 1135 1112
f 1112 1135 1136
f 1112 1136 1113
f 1113 1136 1137
f 1113 1137 1133
f 1138 1139 1128
f 1128 1139 1140
f 1128 1140 1141
f 1138 1128 1142
f 1142 1128 1126
f 1142 1126 1132
f 1122 1128 1141
f 1143 1144 1114
f 1141 1145 1122
f 1122 1145 1146
f 1122 1146 1123
f 1123 1146 1143
f 1123 1143 1124
f 1124 1143 1114
f 1147 1148 1149
f 1147 1149 1150
f 1150 1149 1151
f 1150 1151 1152
f 1151 1153 1152
f 1152 1153 1154
f 1152 1154 1155
f 1155 1154 1156
f 1155 1156 1157
f 1157 1156 1158
f 1158 1156 1159
f 1158 1159 1160
f 1161 1162 1163
f 1161 1163 1164
f 1163 1165 1164
f 1164 1165 1166
f 1164 1166 1167
f 1167 1166 1168
f 1167 1168 1169
f 1169 1168 1170
f 1169 1170 1171
f 1171 1170 1172
f 1172 1170 1173
f 1172 1173 1174
f 1161 1175 1162
f 1162 1175 1176
f 1176 1175 1177
f 1176 1177 1178
f 1178 1177 1179
f 1178 1179 1180
f 1180 1179 1181
f 1181 1179 1182
f 1181 1182 1183
f 1183 1182 1184
f 1183 1184 1185
f 1185 1184 1186
f 1186 1184 1187
f 1186 1187 1188
f 1188 1187 1189
f 1188 1189 1190
f 1190 1189 1191
f 1190 1191 1192
f 1192 1191 1193
f 1192 1193 1194
f 1194 1193 1195
f 1194 1195 1196
f 1196 1195 1197
f 1197 1195 1198
f 1197 1198 1199
f 1147 1199 1148
f 1148 1199 1198
f 1115 1200 1116
f 1116 1200 1201
f 1116 1201 1130
f 1130 1201 1202
f 1117 1203 1118
f 1118 1203 1204
f 1118 1204 1120
f 1120 1204 1205
f 1120 1205 1121
f 1121 1205 1206
f 1207 1208 1209
f 1209 1210 1207
f 1207 1210 1211
f 1207 1211 1212
f 1212 1211 1213
f 1213 1211 1214
f 1213 1214 1215
f 1215 1214 1216
f 1215 1216 1217
f 1217 1216 1218
f 1218 1216 1219
f 1218 1219 1220
f 1221 1222 1223
f 1223 1224 1221
f 1221 1224 1225
f 1221 1225 1226
f 1226 1225 1227
f 1226 1227 1228
f 1228 1227 1229
f 1228 1229 1230
f 1206 1223 1121
f 1121 1223 1222
f 1121 1222 1119
f 1119 1222 1231
f 1131 1119 1232
f 1232 1119 1233
f 1231 1234 1119
f 1119 1234 1235
f 1119 1235 1233
f 1236 1237 1238
f 1144 1239 1114
f 1114 1239 1240
f 1240 1236 1114
f 1114 1236 1238
f 1114 1238 1115
f 1115 1238 1220
f 1115 1220 1200
f 1200 1220 1219
f 1241 1242 1229
f 1229 1242 1230
f 1243 1244 1245
f 1245 1246 1243
f 1243 1246 1247
f 1243 1247 1248
f 1249 1250 1251
f 1251 1250 1252
f 1251 1252 1247
f 1247 1252 1253
f 1247 1253 1248
f 1254 1255 1256
f 1256 1255 1257
f 1257 1255 1258
f 1258 1255 1259
f 1258 1259 1260
f 1260 1259 1261
f 1261 1259 1262
f 1261 1262 1263
f 1264 1265 1266
f 1267 1268 1269
f 1270 1271 1272
f 1273 1270 1274
f 1275 1273 1276
f 1277 1275 1278
f 1279 1280 1281
f 1282 1279 1283
f 1277 1284 1285
f 1285 1284 1286
f 1285 1286 1287
f 1287 1286 1288
f 1287 1288 1289
f 1289 1288 1290
f 1289 1290 1291
f 1291 1290 1292
f 1291 1292 1293
f 1293 1292 1294
f 1293 1294 1280
f 1284 1295 1286
f 1286 1295 1296
f 1286 1296 1288
f 1288 1296 1297
f 1288 1297 1290
f 1290 1297 1298
f 1290 1298 1292
f 1292 1298 1299
f 1292 1299 1294
f 1294 1299 1300
f 1295 1268 1296
f 1296 1268 1267
f 1296 1267 1297
f 1297 1267 1301
f 1297 1301 1298
f 1298 1301 1302
f 1298 1302 1299
f 1299 1302 1303
f 1299 1303 1300
f 1300 1303 1304
f 1282 1283 1305
f 1305 1283 1306
f 1305 1306 1307
f 1307 1306 1308
f 1307 1308 1309
f 1309 1308 1310
f 1309 1310 1311
f 1312 1313 1314
f 1279 1281 1283
f 1283 1281 1315
f 1283 1315 1306
f 1306 1315 1312
f 1306 1312 1308
f 1308 1312 1314
f 1308 1314 1310
f 1280 1294 1281
f 1281 1294 1300
f 1281 1300 1315
f 1315 1300 1304
f 1315 1304 1312
f 1312 1304 1316
f 1312 1316 1313
f 1269 1317 1267
f 1267 1317 1318
f 1267 1318 1301
f 1301 1318 1319
f 1301 1319 1302
f 1302 1319 1320
f 1302 1320 1303
f 1303 1320 1321
f 1303 1321 1304
f 1304 1321 1322
f 1304 1322 1316
f 1323 1324 1325
f 1277 1278 1284
f 1284 1278 1326
f 1284 1326 1295
f 1295 1326 1323
f 1295 1323 1268
f 1268 1323 1325
f 1268 1325 1269
f 1275 1276 1278
f 1278 1276 1327
f 1278 1327 1326
f 1326 1327 1266
f 1326 1266 1323
f 1323 1266 1265
f 1323 1265 1324
f 1273 1274 1276
f 1276 1274 1328
f 1276 1328 1327
f 1327 1328 1329
f 1327 1329 1266
f 1266 1329 1330
f 1266 1330 1264
f 1270 1272 1274
f 1274 1272 1331
f 1274 1331 1328
f 1328 1331 1332
f 1328 1332 1329
f 1329 1332 1333
f 1329 1333 1330
f 1334 1335 1336
f 1334 1336 1337
f 1337 1336 1338
f 1337 1338 1339
f 1339 1338 1340
f 1339 1340 1341
f 1341 1340 1342
f 1341 1342 1343
f 1343 1342 1344
f 1343 1344 1345
f 1345 1344 1346
f 1345 1346 1347
f 1347 1346 1348
f 1347 1348 1349
f 1350 1351 1352
f 1351 1353 1354
f 1353 1355 1356
f 1353 1356 1354
f 1354 1356 1357
f 1354 1357 1358
f 1358 1357 1359
f 1358 1359 1360
f 1360 1359 1361
f 1360 1361 1362
f 1362 1361 1363
f 1362 1363 1364
f 1364 1363 1365
f 1364 1365 1366
f 1366 1365 1367
f 1366 1367 1368
f 1368 1367 1369
f 1368 1369 1370
f 1370 1369 1371
f 1370 1371 1372
f 1372 1371 1373
f 1372 1373 1374
f 1374 1373 1375
f 1374 1375 1376
f 1376 1375 1377
f 1376 1377 1378
f 1351 1354 1352
f 1352 1354 1358
f 1352 1358 1379
f 1379 1358 1360
f 1379 1360 1380
f 1380 1360 1362
f 1380 1362 1381
f 1381 1362 1364
f 1381 1364 1382
f 1382 1364 1366
f 1382 1366 1383
f 1383 1366 1368
f 1383 1368 1384
f 1384 1368 1370
f 1384 1370 1385
f 1385 1370 1372
f 1385 1372 1386
f 1386 1372 1374
f 1386 1374 1387
f 1387 1374 1376
f 1387 1376 1388
f 1388 1376 1378
f 1388 1378 1389
f 1350 1352 1390
f 1390 1352 1379
f 1390 1379 1391
f 1391 1379 1380
f 1391 1380 1392
f 1392 1380 1381
f 1392 1381 1393
f 1393 1381 1382
f 1393 1382 1394
f 1394 1382 1383
f 1394 1383 1395
f 1395 1383 1384
f 1395 1384 1396
f 1396 1384 1385
f 1396 1385 1397
f 1397 1385 1386
f 1397 1386 1398
f 1398 1386 1387
f 1398 1387 1399
f 1399 1387 1388
f 1399 1388 1400
f 1400 1388 1389
f 1400 1389 1401
f 1367 1365 1402
f 1402 1365 1363
f 1402 1363 1403
f 1403 1363 1404
f 1405 1406 1407
f 1402 1408 1367
f 1367 1408 1409
f 1367 1409 1410
f 1371 1369 1373
f 1373 1369 1367
f 1373 1367 1375
f 1363 1361 1404
f 1404 1361 1359
f 1404 1359 1357
f 1410 1411 1367
f 1367 1411 1377
f 1367 1377 1375
f 1357 1356 1404
f 1404 1356 1355
f 1404 1355 1407
f 1407 1355 1412
f 1407 1412 1405
f 1401 1413 1400
f 1400 1413 1414
f 1400 1414 1399
f 1399 1414 1398
f 1398 1414 1415
f 1398 1415 1397
f 1397 1415 1396
f 1396 1415 1416
f 1396 1416 1395
f 1395 1416 1394
f 1394 1416 1417
f 1394 1417 1393
f 1393 1417 1392
f 1392 1417 1418
f 1392 1418 1391
f 1391 1418 1390
f 1390 1418 1419
f 1390 1419 1350
f 1416 1343 1417
f 1417 1343 1345
f 1417 1345 1418
f 1418 1345 1347
f 1418 1347 1419
f 1419 1347 1349
f 1419 1349 1420
f 1420 1349 1421
f 1420 1421 1422
f 1422 1421 1423
f 1422 1423 1424
f 1423 1425 1424
f 1424 1425 1426
f 1424 1426 1427
f 1427 1426 1428
f 1427 1428 1429
f 1429 1428 1430
f 1429 1430 1413
f 1413 1430 1334
f 1413 1334 1414
f 1414 1334 1337
f 1414 1337 1415
f 1415 1337 1339
f 1415 1339 1416
f 1416 1339 1341
f 1416 1341 1343
f 1335 1333 1336
f 1336 1333 1431
f 1431 1432 1336
f 1336 1432 1433
f 1336 1433 1338
f 1338 1433 1434
f 1435 1342 1340
f 1434 1436 1338
f 1338 1436 1437
f 1338 1437 1340
f 1340 1437 1438
f 1340 1438 1435
f 1435 1439 1342
f 1342 1439 1440
f 1342 1440 1344
f 1344 1440 1441
f 1441 1442 1344
f 1344 1442 1443
f 1344 1443 1346
f 1346 1443 1444
f 1311 1348 1445
f 1445 1348 1346
f 1445 1346 1446
f 1446 1346 1444
f 1447 1282 1448
f 1447 1449 1282
f 1282 1449 1450
f 1282 1450 1279
f 1451 1452 1448
f 1448 1452 1453
f 1448 1453 1447
f 1454 1455 1456
f 1457 1293 1280
f 1450 1458 1279
f 1279 1458 1459
f 1279 1459 1280
f 1280 1459 1460
f 1280 1460 1457
f 1461 1462 1456
f 1456 1462 1463
f 1456 1463 1454
f 1271 1270 1464
f 1465 1466 1451
f 1451 1466 1467
f 1451 1467 1452
f 1468 1469 1470
f 1470 1469 1471
f 1470 1471 1472
f 1454 1473 1455
f 1455 1473 1474
f 1455 1474 1468
f 1468 1474 1475
f 1468 1475 1469
f 1464 1476 1271
f 1271 1476 1477
f 1271 1477 1461
f 1461 1477 1478
f 1461 1478 1462
f 1273 1479 1270
f 1270 1479 1480
f 1270 1480 1464
f 1275 1481 1273
f 1273 1481 1482
f 1273 1482 1479
f 1277 1483 1275
f 1275 1483 1484
f 1275 1484 1481
f 1291 1485 1289
f 1289 1485 1486
f 1289 1486 1287
f 1457 1487 1293
f 1293 1487 1488
f 1293 1488 1291
f 1291 1488 1489
f 1291 1489 1485
f 1471 1490 1472
f 1472 1490 1491
f 1472 1491 1492
f 1285 1493 1277
f 1277 1493 1494
f 1277 1494 1483
f 1486 1495 1287
f 1287 1495 1496
f 1287 1496 1285
f 1285 1496 1497
f 1285 1497 1493
f 1498 1499 1465
f 1465 1499 1500
f 1465 1500 1466
f 1491 1501 1492
f 1492 1501 1502
f 1492 1502 1498
f 1498 1502 1503
f 1498 1503 1499
f 1504 1505 1506
f 1506 1505 1507
f 1506 1507 1508
f 1508 1507 1509
f 1508 1509 1510
f 1510 1509 1511
f 1510 1511 1512
f 1512 1511 1513
f 1512 1513 1514
f 1514 1513 1515
f 1514 1515 1516
f 1516 1515 1517
f 1518 1508 1510
f 1506 1508 1518
f 1504 1506 1518
f 1518 1514 1516
f 1512 1514 1518
f 1510 1512 1518
f 1519 1520 1521
f 1521 1520 1522
f 1521 1522 1523
f 1523 1522 1524
f 1523 1524 1525
f 1525 1524 1526
f 1525 1526 1527
f 1527 1526 1528
f 1527 1528 1529
f 1529 1528 1530
f 1529 1530 1531
f 1531 1530 1532
f 1533 1523 1525
f 1521 1523 1533
f 1519 1521 1533
f 1533 1529 1531
f 1527 1529 1533
f 1525 1527 1533
f 1534 1535 1536
f 1536 1535 1537
f 1536 1537 1538
f 1538 1537 1539
f 1539 1537 1540
f 1539 1540 1541
f 1542 1543 1544
f 1544 1543 1545
f 1544 1545 1540
f 1540 1545 1546
f 1540 1546 1541
f 1542 1544 1547
f 1547 1544 1548
f 1547 1548 1549
f 1549 1548 1550
f 1550 1548 1551
f 1550 1551 1552
f 1552 1551 1553
f 1553 1551 1554
f 1553 1554 1555
f 1555 1554 1556
f 1555 1556 1557
f 1558 1559 1560
f 1560 1559 1561
f 1560 1561 1562
f 1562 1561 1563
f 1562 1563 1564
f 1564 1563 1556
f 1564 1556 1565
f 1565 1556 1554
f 1565 1554 1566
f 1566 1554 1551
f 1566 1551 1567
f 1551 1548 1567
f 1567 1548 1544
f 1567 1544 1568
f 1568 1544 1540
f 1568 1540 1569
f 1569 1540 1537
f 1569 1537 1570
f 1570 1537 1535
f 1570 1535 1571
f 1571 1535 1572
f 1571 1572 1573
f 1573 1572 1574
f 1573 1574 1558
f 1558 1574 1575
f 1558 1575 1559
f 1576 1564 1577
f 1577 1564 1565
f 1577 1565 1578
f 1578 1565 1566
f 1578 1566 1579
f 1579 1566 1567
f 1579 1567 1580
f 1580 1567 1568
f 1580 1568 1581
f 1581 1568 1569
f 1581 1569 1582
f 1582 1569 1570
f 1583 1584 1585
f 1585 1584 1586
f 1585 1586 1587
f 1587 1586 1588
f 1588 1586 1589
f 1588 1589 1590
f 1590 1589 1591
f 1591 1589 1592
f 1591 1592 1593
f 1594 1595 1596
f 1596 1595 1597
f 1596 1597 1592
f 1592 1597 1598
f 1592 1598 1593
f 1596 1599 1594
f 1594 1599 1600
f 1594 1600 1601
f 1602 1603 1600
f 1600 1603 1604
f 1600 1604 1601
f 1605 1606 1607
f 1607 1606 1608
f 1607 1608 1609
f 1609 1608 1610
f 1609 1610 1611
f 1611 1610 1602
f 1611 1602 1612
f 1612 1602 1600
f 1612 1600 1613
f 1613 1600 1599
f 1613 1599 1614
f 1599 1596 1614
f 1614 1596 1592
f 1614 1592 1615
f 1615 1592 1589
f 1615 1589 1616
f 1616 1589 1586
f 1616 1586 1617
f 1617 1586 1584
f 1617 1584 1618
f 1618 1584 1619
f 1618 1619 1620
f 1620 1619 1621
f 1620 1621 1605
f 1605 1621 1622
f 1605 1622 1606
f 1623 1611 1624
f 1624 1611 1612
f 1624 1612 1625
f 1625 1612 1613
f 1625 1613 1626
f 1626 1613 1614
f 1626 1614 1627
f 1627 1614 1615
f 1627 1615 1628
f 1628 1615 1616
f 1628 1616 1629
f 1629 1616 1617
f 1630 1631 1632
f 1632 1631 1633
f 1632 1633 1634
f 1634 1633 1635
f 1636 1637 1638
f 1638 1637 1639
f 1638 1639 1640
f 1640 1639 1641
f 1640 1641 1633
f 1633 1641 1642
f 1633 1642 1635
f 1643 1644 1645
f 1645 1644 1646
f 1645 1646 1647
f 1647 1648 1645
f 1645 1648 1649
f 1645 1649 1638
f 1638 1649 1650
f 1638 1650 1636
f 1651 1652 1653
f 1653 1654 1651
f 1651 1654 1655
f 1651 1655 1643
f 1643 1655 1656
f 1643 1656 1644
f 1657 1658 1659
f 1659 1658 1660
f 1659 1660 1661
f 1661 1660 1662
f 1661 1662 1663
f 1663 1662 1652
f 1663 1652 1664
f 1664 1652 1651
f 1664 1651 1665
f 1665 1651 1643
f 1665 1643 1666
f 1643 1645 1666
f 1666 1645 1638
f 1666 1638 1667
f 1667 1638 1640
f 1667 1640 1668
f 1668 1640 1633
f 1668 1633 1669
f 1669 1633 1631
f 1669 1631 1670
f 1670 1631 1671
f 1670 1671 1672
f 1672 1671 1673
f 1672 1673 1657
f 1657 1673 1674
f 1657 1674 1658
f 1675 1663 1676
f 1676 1663 1664
f 1676 1664 1677
f 1677 1664 1665
f 1677 1665 1678
f 1678 1665 1666
f 1678 1666 1679
f 1679 1666 1667
f 1679 1667 1680
f 1680 1667 1668
f 1680 1668 1681
f 1681 1668 1669
f 1682 1683 1684
f 1684 1683 1685
f 1684 1685 1686
f 1686 1685 1687
f 1687 1685 1688
f 1688 1685 1689
f 1688 1689 1690
f 1690 1689 1691
f 1691 1689 1692
f 1691 1692 1693
f 1693 1692 1694
f 1694 1692 1695
f 1694 1695 1696
f 1696 1695 1697
f 1697 1695 1698
f 1697 1698 1699
f 1699 1698 1700
f 1700 1698 1701
f 1700 1701 1702
f 1702 1701 1703
f 1703 1701 1704
f 1703 1704 1705
f 1706 1707 1708
f 1708 1707 1709
f 1708 1709 1710
f 1710 1709 1711
f 1710 1711 1712
f 1712 1711 1704
f 1712 1704 1713
f 1713 1704 1701
f 1713 1701 1714
f 1714 1701 1698
f 1714 1698 1715
f 1698 1695 1715
f 1715 1695 1692
f 1715 1692 1716
f 1716 1692 1689
f 1716 1689 1717
f 1717 1689 1685
f 1717 1685 1718
f 1718 1685 1683
f 1718 1683 1719
f 1719 1683 1720
f 1719 1720 1721
f 1721 1720 1722
f 1721 1722 1706
f 1706 1722 1723
f 1706 1723 1707
f 1724 1712 1725
f 1725 1712 1713
f 1725 1713 1726
f 1726 1713 1714
f 1726 1714 1727
f 1727 1714 1715
f 1727 1715 1728
f 1728 1715 1716
f 1728 1716 1729
f 1729 1716 1717
f 1729 1717 1730
f 1730 1717 1718
f 1250 1249 1731
f 1731 1249 1732
f 1733 1734 1735
f 1735 1734 1736
f 1735 1736 1732
f 1732 1736 1737
f 1732 1737 1731
f 1738 1739 1740
f 1740 1739 1741
f 1740 1741 1742
f 1738 1743 1739
f 1739 1743 1744
f 1739 1744 1735
f 1735 1744 1745
f 1735 1745 1733
f 1746 1747 1748
f 1746 1748 1749
f 1749 1748 1750
f 1749 1750 1751
f 1751 1752 1749
f 1749 1752 1753
f 1749 1753 1741
f 1741 1753 1754
f 1741 1754 1742
f 1755 1756 1757
f 1757 1756 1758
f 1757 1758 1746
f 1746 1758 1759
f 1746 1759 1747
f 1755 1757 1760
f 1760 1757 1761
f 1760 1761 1762
f 1763 1764 1765
f 1765 1764 1766
f 1765 1766 1761
f 1761 1766 1767
f 1761 1767 1762
f 1768 1769 1765
f 1765 1769 1770
f 1765 1770 1763
f 1771 1772 1773
f 1773 1772 1774
f 1773 1774 1765
f 1765 1774 1775
f 1765 1775 1768
f 1773 1776 1771
f 1771 1776 1777
f 1771 1777 1778
f 1254 1256 1777
f 1777 1256 1779
f 1777 1779 1778
f 1780 1764 1781
f 1781 1764 1763
f 1763 1770 1781
f 1781 1770 1769
f 1781 1769 1782
f 1782 1769 1768
f 1782 1768 1775
f 1783 1784 1785
f 1783 1786 1784
f 1784 1786 1787
f 1784 1787 1788
f 1788 1787 1789
f 1788 1789 1790
f 1791 1792 1793
f 1793 1792 1794
f 1793 1794 1795
f 1795 1794 1796
f 1795 1796 1797
f 1786 1798 1787
f 1787 1798 1799
f 1787 1799 1789
f 1789 1799 1791
f 1789 1791 1790
f 1790 1791 1793
f 1798 1800 1799
f 1799 1800 1801
f 1799 1801 1791
f 1791 1801 1802
f 1791 1802 1792
f 1792 1802 1803
f 1792 1803 1794
f 1794 1803 1804
f 1794 1804 1796
f 1796 1804 1805
f 1796 1805 1797
f 1797 1805 1806
f 1797 1806 1807
f 1807 1806 1808
f 1807 1808 1809
f 1809 1808 1810
f 1809 1810 1811
f 1812 1810 1808
f 1813 1814 1815
f 1816 1817 1818
f 1816 1818 1819
f 88 1820 1821
f 1822 106 1823
f 1823 106 104
f 1823 104 1824
f 1824 104 102
f 1824 102 1825
f 1825 102 100
f 1825 100 1826
f 1826 100 98
f 1826 98 1827
f 1827 98 96
f 1827 96 1828
f 1828 96 94
f 1828 94 1821
f 1821 94 89
f 1821 89 88
f 1829 1830 1831
f 1820 1829 1821
f 1821 1829 1831
f 1821 1831 1828
f 1828 1831 1832
f 1828 1832 1827
f 1827 1832 1833
f 1827 1833 1826
f 1826 1833 1834
f 1826 1834 1825
f 1825 1834 1835
f 1825 1835 1824
f 1824 1835 1836
f 1824 1836 1823
f 1823 1836 1818
f 1823 1818 1822
f 1822 1818 1817
f 1813 1815 1837
f 1830 1837 1831
f 1831 1837 1815
f 1831 1815 1832
f 1832 1815 1838
f 1832 1838 1833
f 1833 1838 1839
f 1833 1839 1834
f 1834 1839 1840
f 1834 1840 1835
f 1835 1840 1841
f 1835 1841 1836
f 1836 1841 1842
f 1836 1842 1818
f 1818 1842 1843
f 1818 1843 1819
f 1812 1808 1844
f 1800 1819 1801
f 1801 1819 1843
f 1801 1843 1802
f 1802 1843 1842
f 1802 1842 1803
f 1803 1842 1841
f 1803 1841 1804
f 1804 1841 1840
f 1804 1840 1805
f 1805 1840 1839
f 1805 1839 1806
f 1806 1839 1838
f 1806 1838 1808
f 1808 1838 1815
f 1808 1815 1844
f 1844 1815 1814
f 1263 106 1822
f 1798 1775 1800
f 1800 1775 1774
f 1800 1774 1819
f 1819 1774 1772
f 1819 1772 1816
f 1816 1772 1771
f 1816 1771 1817
f 1817 1771 1778
f 1817 1778 1822
f 1822 1778 1779
f 1822 1779 1263
f 1263 1779 1256
f 1263 1256 1261
f 1785 1782 1783
f 1783 1782 1775
f 1783 1775 1786
f 1786 1775 1798
f 1257 1258 1256
f 1256 1258 1260
f 1256 1260 1261
f 1204 1203 1845
f 1204 1845 1205
f 1205 1845 1846
f 1205 1846 1206
f 1211 134 1214
f 1214 134 1847
f 1214 1847 1216
f 1216 1847 1848
f 1216 1848 1219
f 1247 1246 1251
f 1251 1246 1245
f 1251 1245 1249
f 1249 1245 134
f 1249 134 1732
f 1732 134 1211
f 1732 1211 1735
f 1735 1211 1739
f 1849 1850 1223
f 1202 1201 1851
f 1851 1201 1200
f 1851 1200 1852
f 1852 1200 1219
f 1852 1219 1853
f 1853 1219 1848
f 1262 1259 1255
f 1776 1773 1854
f 1854 1773 1765
f 1223 1850 1224
f 1850 1854 1224
f 1224 1854 1765
f 1224 1765 1225
f 1225 1765 1761
f 1225 1761 1227
f 1227 1761 1757
f 1227 1757 1229
f 1211 1210 1739
f 1739 1210 1209
f 1739 1209 1741
f 1741 1209 1855
f 1741 1855 1749
f 1749 1855 1856
f 1749 1856 1746
f 1746 1856 1857
f 1746 1857 1757
f 1757 1857 1241
f 1757 1241 1229
f 1776 1854 1777
f 1777 1854 1858
f 1777 1858 1254
f 1254 1858 1859
f 1254 1859 1255
f 1255 1859 123
f 1255 123 1262
f 1206 1846 1223
f 1223 1846 1860
f 1223 1860 1849
f 1203 1117 1125
f 1182 1179 1845
f 1151 1149 1861
f 1151 1861 1153
f 1153 1861 1154
f 1154 1861 1159
f 1154 1159 1156
f 1149 1148 1861
f 1861 1148 1198
f 1861 1198 1195
f 1193 1191 1203
f 1191 1189 1203
f 1203 1189 1187
f 1203 1187 1845
f 1845 1187 1184
f 1845 1184 1182
f 1177 1175 1862
f 1171 1172 1175
f 1175 1172 1174
f 1175 1174 1862
f 1161 1164 1167
f 1161 1167 1175
f 1175 1167 1169
f 1175 1169 1171
f 1179 1177 1845
f 1845 1177 1862
f 1845 1862 1846
f 1846 1862 1863
f 1846 1863 1860
f 1860 1863 1864
f 1860 1864 1849
f 1849 1864 1865
f 1849 1865 1850
f 1850 1865 1866
f 1850 1866 1854
f 1854 1866 1867
f 1854 1867 1858
f 1858 1867 1868
f 1858 1868 1859
f 1859 1868 1869
f 1859 1869 123
f 123 1869 140
f 134 156 1847
f 1847 156 1870
f 1847 1870 1848
f 1848 1870 1871
f 1848 1871 1853
f 1853 1871 1872
f 1853 1872 1852
f 1852 1872 1873
f 1852 1873 1851
f 1851 1873 1874
f 1851 1874 1202
f 1202 1874 1875
f 1130 1202 1129
f 1129 1202 1875
f 1129 1875 1127
f 1127 1875 1876
f 1127 1876 1125
f 1125 1876 1861
f 1125 1861 1203
f 1203 1861 1195
f 1203 1195 1193
f 1877 1878 1879
f 1880 1881 1882
f 1882 1881 1883
f 1882 1883 1884
f 1884 1883 1885
f 1884 1885 1886
f 1881 1887 1888
f 1881 1888 1883
f 1883 1888 1889
f 1883 1889 1885
f 1885 1889 1890
f 1885 1890 1891
f 1892 1893 1894
f 1894 1893 1895
f 1894 1895 1896
f 1896 1895 1886
f 1886 1885 1896
f 1896 1885 1891
f 1896 1891 1894
f 1894 1891 1897
f 1894 1897 1892
f 1898 1899 1900
f 1901 1902 1899
f 1899 1902 1903
f 1899 1903 1900
f 1904 1905 1906
f 1906 1905 1907
f 1908 1909 1910
f 1904 1911 1905
f 1905 1911 1912
f 1905 1912 1909
f 1909 1912 1913
f 1909 1913 1910
f 1900 1914 1898
f 1898 1914 1915
f 1898 1915 1907
f 1907 1915 1916
f 1907 1916 1906
f 1917 1918 1908
f 1908 1918 1919
f 1908 1919 1909
f 1909 1919 1920
f 1909 1920 1905
f 1905 1920 1921
f 1905 1921 1907
f 1907 1921 1922
f 1907 1922 1898
f 1898 1922 1923
f 1898 1923 1899
f 1899 1923 1924
f 1899 1924 1901
f 1901 1924 1925
f 1926 1927 1925
f 1928 1929 1930
f 1930 1929 1931
f 1930 1931 1932
f 1932 1931 1933
f 1934 1935 1936
f 1936 1935 1937
f 1936 1937 1928
f 1928 1937 1938
f 1928 1938 1929
f 1922 1939 1923
f 1923 1939 1940
f 1923 1940 1924
f 1924 1940 1941
f 1924 1941 1925
f 1925 1941 1942
f 1925 1942 1926
f 1943 1944 1945
f 1945 1944 1946
f 1945 1946 1947
f 1947 1946 1948
f 1949 1950 1951
f 1951 1950 1952
f 1951 1952 1948
f 1948 1952 1953
f 1948 1953 1947
f 1927 1926 1954
f 1954 1926 1955
f 1954 1955 1956
f 1956 1955 1957
f 1956 1957 1958
f 1958 1957 1959
f 1958 1959 1949
f 1949 1959 1960
f 1949 1960 1950
f 1961 1917 1962
f 1962 1917 1908
f 1962 1908 1963
f 1963 1908 1910
f 1964 1877 1965
f 1965 1877 1879
f 1965 1879 1966
f 1966 1879 1967
f 1966 1967 1893
f 1893 1967 1968
f 1893 1968 1895
f 1918 1934 1919
f 1919 1934 1936
f 1919 1936 1920
f 1920 1936 1928
f 1920 1928 1921
f 1921 1928 1930
f 1921 1930 1922
f 1922 1930 1932
f 1922 1932 1939
f 1939 1932 1933
f 1944 1880 1946
f 1946 1880 1882
f 1946 1882 1948
f 1948 1882 1884
f 1948 1884 1951
f 1951 1884 1886
f 1951 1886 1949
f 1949 1886 1895
f 1949 1895 1958
f 1958 1895 1968
f 1958 1968 1956
f 1956 1968 1967
f 1956 1967 1954
f 1954 1967 1879
f 1954 1879 1927
f 1927 1879 1878
f 1927 1878 1925
f 1925 1878 1877
f 1925 1877 1901
f 1901 1877 1964
f 1901 1964 1902
f 1969 1970 1971
f 1972 1973 1974
f 1975 1976 1977
f 1978 1979 1980
f 1980 1979 1981
f 1980 1981 1982
f 1982 1981 1983
f 1974 1973 1984
f 1971 1970 1974
f 1974 1970 1985
f 1974 1985 1972
f 1969 1971 1986
f 1986 1971 1987
f 1986 1987 1988
f 1988 1987 1989
f 1988 1989 1990
f 1976 1991 1977
f 1977 1991 1992
f 1977 1992 1993
f 1983 1975 1982
f 1982 1975 1977
f 1982 1977 1994
f 1994 1977 1993
f 1973 1995 1984
f 1984 1995 1996
f 1984 1996 1997
f 1997 1996 1978
f 1997 1978 1998
f 1998 1978 1980
f 1998 1980 1999
f 1999 1980 1982
f 1999 1982 2000
f 2000 1982 1994
f 2001 2002 2003
f 2004 2005 2003
f 2004 2006 2007
f 2006 2008 2009
f 2009 2008 2010
f 2009 2010 2011
f 2011 2010 2012
f 2011 2012 2013
f 2014 2005 2015
f 2015 2005 2004
f 2015 2004 2016
f 2016 2004 2007
f 2006 2004 2008
f 2008 2004 2003
f 2008 2003 2010
f 2010 2003 2002
f 2010 2002 2012
f 2017 1990 2018
f 2018 1990 2019
f 2018 2019 2020
f 2020 2019 2021
f 2020 2021 2022
f 2023 2024 2001
f 2001 2024 2025
f 2001 2025 2002
f 2002 2025 2026
f 2002 2026 2012
f 2014 2017 2005
f 2005 2017 2018
f 2005 2018 2003
f 2003 2018 2020
f 2003 2020 2001
f 2001 2020 2022
f 2001 2022 2023
f 1970 1969 2027
f 1996 1995 2028
f 2029 2030 2031
f 2030 2029 2032
f 2033 2034 2035
f 2036 2037 2038
f 2016 2007 2039
f 2036 2038 2040
f 2040 2038 2041
f 2040 2041 2042
f 2042 2041 2043
f 2042 2043 2044
f 2044 2043 2045
f 2044 2045 2046
f 1978 1996 2047
f 2047 1996 2028
f 2047 2028 2048
f 2048 2028 2049
f 2048 2049 2050
f 2050 2049 2051
f 2050 2051 2052
f 2052 2051 2053
f 2052 2053 2054
f 2054 2053 2031
f 2054 2031 2055
f 2055 2031 2030
f 2055 2030 2035
f 2035 2030 2032
f 2035 2032 2033
f 1973 1972 2056
f 2056 1972 1985
f 1985 1970 2056
f 2056 1970 2027
f 2056 2027 2057
f 2057 2027 2058
f 2057 2058 2059
f 2059 2058 2060
f 2059 2060 2061
f 2061 2060 2062
f 2061 2062 2063
f 1988 1990 2017
f 1995 1973 2028
f 2028 1973 2056
f 2028 2056 2049
f 2049 2056 2057
f 2049 2057 2051
f 2051 2057 2059
f 2051 2059 2053
f 2053 2059 2061
f 2053 2061 2031
f 2031 2061 2063
f 2031 2063 2029
f 2064 1976 1975
f 1983 1981 2047
f 2047 1981 1979
f 2047 1979 1978
f 1991 1976 2065
f 2065 1976 2064
f 2065 2064 2066
f 2066 2064 2067
f 2045 2068 2046
f 2046 2068 2069
f 2046 2069 2070
f 2070 2069 2071
f 2070 2071 2067
f 2067 2071 2072
f 2067 2072 2066
f 1969 1986 2027
f 2027 1986 1988
f 2027 1988 2058
f 2058 1988 2017
f 2058 2017 2060
f 2060 2017 2014
f 2060 2014 2062
f 2062 2014 2015
f 2062 2015 2063
f 2063 2015 2016
f 2063 2016 2029
f 2029 2016 2039
f 2029 2039 2032
f 2032 2039 2073
f 2032 2073 2033
f 2034 2036 2035
f 2035 2036 2040
f 2035 2040 2055
f 2055 2040 2042
f 2055 2042 2054
f 2054 2042 2044
f 2054 2044 2052
f 2052 2044 2046
f 2052 2046 2050
f 2050 2046 2070
f 2050 2070 2048
f 2048 2070 2067
f 2048 2067 2047
f 2047 2067 2064
f 2047 2064 1983
f 1983 2064 1975
f 2074 2075 2076
f 2077 2078 2079
f 2080 2081 2082
f 2082 2081 2083
f 2082 2083 2084
f 2085 2086 2087
f 2085 2087 2088
f 2088 2087 2089
f 2088 2089 2077
f 2077 2089 2090
f 2077 2090 2078
f 2091 2092 2093
f 2093 2092 2094
f 2093 2094 2095
f 2095 2094 2096
f 2095 2096 2097
f 2084 2098 2082
f 2082 2098 2099
f 2082 2099 2080
f 2075 2091 2076
f 2076 2091 2093
f 2076 2093 2098
f 2098 2093 2095
f 2098 2095 2099
f 2099 2095 2097
f 2099 2097 2080
f 2100 2074 2079
f 2079 2074 2076
f 2079 2076 2077
f 2077 2076 2098
f 2077 2098 2088
f 2088 2098 2084
f 2088 2084 2085
f 2085 2084 2083
f 2101 2102 2103
f 2103 2104 2101
f 2101 2104 2105
f 2101 2105 2106
f 2100 2107 2108
f 2108 2107 2109
f 2108 2109 2110
f 2110 2109 2111
f 2110 2111 2112
f 2113 2114 2115
f 2115 2114 2116
f 2115 2116 2112
f 2112 2116 2117
f 2112 2117 2110
f 2118 2119 2120
f 2113 2115 2120
f 2120 2115 2121
f 2120 2121 2118
f 2102 2122 2118
f 2118 2122 2123
f 2118 2123 2119
f 2106 2124 2101
f 2101 2124 2125
f 2101 2125 2102
f 2102 2125 2126
f 2102 2126 2122
f 2121 2127 2118
f 2118 2127 2128
f 2118 2128 2102
f 2102 2128 2129
f 2102 2129 2103
f 2130 2131 2132
f 2110 2117 2133
f 2134 2135 2136
f 2137 2134 2138
f 2138 2134 2136
f 2138 2136 2139
f 2139 2136 2140
f 2135 2141 2142
f 2140 2136 2143
f 2143 2136 2135
f 2143 2135 2144
f 2144 2135 2142
f 2144 2142 2130
f 2141 2135 2145
f 2145 2135 2134
f 2145 2134 2146
f 2146 2134 2137
f 2146 2137 2147
f 2148 2120 2119
f 2148 2119 2149
f 2149 2119 2123
f 2149 2123 2122
f 2150 2126 2151
f 2151 2126 2125
f 2151 2125 2124
f 2152 2153 2154
f 2155 2150 2156
f 2156 2150 2151
f 2156 2151 2157
f 2157 2151 2124
f 2157 2124 2106
f 2156 2152 2155
f 2155 2152 2154
f 2155 2154 2158
f 2158 2154 2159
f 2158 2159 2160
f 2161 2108 2110
f 2100 2108 2074
f 2074 2108 2161
f 2074 2161 2075
f 2117 2116 2162
f 2162 2116 2114
f 2162 2114 2148
f 2148 2114 2113
f 2148 2113 2120
f 2110 2133 2161
f 2161 2133 2163
f 2161 2163 2075
f 2075 2163 2164
f 2075 2164 2091
f 2091 2164 2165
f 2091 2165 2092
f 2160 2166 2158
f 2158 2166 2167
f 2158 2167 2155
f 2094 2092 2168
f 2168 2092 2165
f 2168 2165 2169
f 2169 2165 2164
f 2169 2164 2170
f 2170 2164 2163
f 2170 2163 2171
f 2171 2163 2133
f 2166 2162 2167
f 2167 2162 2148
f 2167 2148 2155
f 2155 2148 2149
f 2155 2149 2150
f 2150 2149 2122
f 2150 2122 2126
f 2130 2132 2144
f 2144 2132 2172
f 2144 2172 2143
f 2143 2172 2173
f 2143 2173 2140
f 2153 2147 2154
f 2154 2147 2137
f 2154 2137 2159
f 2159 2137 2138
f 2159 2138 2174
f 2174 2138 2139
f 2174 2139 2175
f 2175 2139 2140
f 2175 2140 2176
f 2176 2140 2173
f 2117 2162 2133
f 2133 2162 2166
f 2133 2166 2171
f 2171 2166 2160
f 2171 2160 2170
f 2170 2160 2159
f 2170 2159 2169
f 2169 2159 2174
f 2169 2174 2168
f 2168 2174 2175
f 2168 2175 2094
f 2094 2175 2176
f 2094 2176 2096
f 2177 2131 2178
f 2178 2131 2130
f 2178 2130 2179
f 2179 2130 2142
f 2179 2142 2180
f 2180 2142 2141
f 2180 2141 2181
f 2181 2141 2145
f 2181 2145 2182
f 2182 2145 2146
f 2182 2146 2183
f 2183 2146 2147
f 2183 2147 2184
f 2184 2147 2153
f 2184 2153 2185
f 2185 2153 2152
f 2185 2152 2186
f 2186 2152 2156
f 2186 2156 2187
f 2187 2156 2157
f 2187 2157 2188
f 2188 2157 2106
f 2189 2190 2191
f 2190 2192 2193
f 2192 2194 2195
f 2196 2197 2198
f 2197 2199 2200
f 2201 2202 2177
f 2203 2204 2205
f 2205 2204 2206
f 2205 2206 2207
f 2207 2206 2200
f 2207 2200 2208
f 2208 2200 2199
f 2208 2199 2209
f 2203 2210 2204
f 2204 2210 2211
f 2204 2211 2212
f 2212 2211 2213
f 2212 2213 2214
f 2214 2213 2215
f 2214 2215 2216
f 2216 2215 2217
f 2216 2217 2218
f 2218 2217 2219
f 2219 2220 2218
f 2218 2220 2221
f 2218 2221 2222
f 2222 2221 2223
f 2222 2223 2224
f 2224 2223 2225
f 2224 2225 2226
f 2226 2225 2227
f 2226 2227 2201
f 2201 2227 2228
f 2201 2228 2202
f 2197 2200 2198
f 2198 2200 2206
f 2198 2206 2229
f 2229 2206 2204
f 2229 2204 2230
f 2230 2204 2212
f 2230 2212 2231
f 2231 2212 2214
f 2231 2214 2232
f 2232 2214 2216
f 2232 2216 2233
f 2233 2216 2218
f 2233 2218 2234
f 2234 2218 2222
f 2234 2222 2235
f 2235 2222 2224
f 2235 2224 2236
f 2236 2224 2226
f 2236 2226 2237
f 2237 2226 2201
f 2237 2201 2238
f 2177 2178 2201
f 2201 2178 2179
f 2201 2179 2238
f 2238 2179 2180
f 2238 2180 2181
f 2196 2198 2239
f 2239 2198 2229
f 2239 2229 2240
f 2240 2229 2230
f 2240 2230 2241
f 2241 2230 2231
f 2241 2231 2242
f 2242 2231 2232
f 2242 2232 2243
f 2243 2232 2233
f 2243 2233 2244
f 2244 2233 2234
f 2244 2234 2245
f 2245 2234 2235
f 2245 2235 2246
f 2246 2235 2236
f 2246 2236 2247
f 2247 2236 2237
f 2247 2237 2248
f 2248 2237 2238
f 2248 2238 2249
f 2249 2238 2181
f 2249 2181 2182
f 2182 2250 2249
f 2249 2250 2251
f 2249 2251 2248
f 2248 2251 2252
f 2248 2252 2247
f 2247 2252 2253
f 2247 2253 2246
f 2246 2253 2254
f 2246 2254 2245
f 2245 2254 2255
f 2245 2255 2244
f 2244 2255 2256
f 2244 2256 2243
f 2243 2256 2257
f 2243 2257 2242
f 2242 2257 2258
f 2242 2258 2241
f 2241 2258 2259
f 2241 2259 2240
f 2240 2259 2195
f 2240 2195 2239
f 2239 2195 2194
f 2239 2194 2196
f 2192 2195 2193
f 2193 2195 2259
f 2193 2259 2260
f 2260 2259 2258
f 2260 2258 2261
f 2261 2258 2257
f 2261 2257 2262
f 2262 2257 2256
f 2262 2256 2263
f 2263 2256 2255
f 2263 2255 2264
f 2264 2255 2254
f 2264 2254 2265
f 2265 2254 2253
f 2265 2253 2266
f 2266 2253 2252
f 2266 2252 2267
f 2267 2252 2251
f 2267 2251 2268
f 2268 2251 2250
f 2268 2250 2269
f 2182 2183 2250
f 2250 2183 2184
f 2250 2184 2269
f 2269 2184 2185
f 2269 2185 2186
f 2190 2193 2191
f 2191 2193 2260
f 2191 2260 2270
f 2270 2260 2261
f 2270 2261 2271
f 2271 2261 2262
f 2271 2262 2272
f 2272 2262 2263
f 2272 2263 2273
f 2273 2263 2264
f 2273 2264 2274
f 2274 2264 2265
f 2274 2265 2275
f 2275 2265 2266
f 2275 2266 2276
f 2276 2266 2267
f 2276 2267 2277
f 2277 2267 2268
f 2277 2268 2278
f 2278 2268 2269
f 2278 2269 2279
f 2279 2269 2186
f 2279 2186 2187
f 2189 2191 2280
f 2280 2191 2270
f 2280 2270 2281
f 2281 2270 2271
f 2281 2271 2282
f 2282 2271 2272
f 2282 2272 2283
f 2283 2272 2273
f 2283 2273 2284
f 2284 2273 2274
f 2284 2274 2285
f 2285 2274 2275
f 2285 2275 2286
f 2286 2275 2276
f 2286 2276 2287
f 2287 2276 2277
f 2287 2277 2288
f 2288 2277 2278
f 2288 2278 2289
f 2289 2278 2279
f 2289 2279 2290
f 2290 2279 2187
f 2290 2187 2188
f 2291 2292 2293
f 2294 2295 2296
f 2297 2298 2299
f 2299 2298 2300
f 2299 2300 2301
f 2301 2300 2296
f 2301 2296 2302
f 2302 2296 2295
f 2302 2295 2303
f 2297 2304 2298
f 2298 2304 2305
f 2298 2305 2306
f 2306 2305 2307
f 2306 2307 2308
f 2308 2307 2309
f 2308 2309 2310
f 2310 2309 2311
f 2310 2311 2312
f 2312 2311 2313
f 2313 2314 2312
f 2312 2314 2315
f 2312 2315 2316
f 2316 2315 2317
f 2316 2317 2318
f 2318 2317 2319
f 2318 2319 2320
f 2320 2319 2321
f 2320 2321 2322
f 2322 2321 2323
f 2323 2324 2322
f 2322 2324 2209
f 2322 2209 2199
f 2325 2326 2327
f 2327 2326 2294
f 2294 2296 2327
f 2327 2296 2300
f 2327 2300 2328
f 2328 2300 2298
f 2328 2298 2329
f 2329 2298 2306
f 2329 2306 2330
f 2330 2306 2308
f 2330 2308 2331
f 2331 2308 2310
f 2331 2310 2332
f 2332 2310 2312
f 2332 2312 2333
f 2333 2312 2316
f 2333 2316 2334
f 2334 2316 2318
f 2334 2318 2335
f 2335 2318 2320
f 2335 2320 2336
f 2336 2320 2322
f 2336 2322 2337
f 2337 2322 2199
f 2337 2199 2197
f 2292 2338 2339
f 2339 2338 2325
f 2325 2327 2339
f 2339 2327 2328
f 2339 2328 2340
f 2340 2328 2329
f 2340 2329 2341
f 2341 2329 2330
f 2341 2330 2342
f 2342 2330 2331
f 2342 2331 2343
f 2343 2331 2332
f 2343 2332 2344
f 2344 2332 2333
f 2344 2333 2345
f 2345 2333 2334
f 2345 2334 2346
f 2346 2334 2335
f 2346 2335 2347
f 2347 2335 2336
f 2347 2336 2348
f 2348 2336 2337
f 2348 2337 2349
f 2349 2337 2197
f 2349 2197 2196
f 2292 2339 2293
f 2293 2339 2340
f 2293 2340 2350
f 2350 2340 2341
f 2350 2341 2351
f 2351 2341 2342
f 2351 2342 2352
f 2352 2342 2343
f 2352 2343 2353
f 2353 2343 2344
f 2353 2344 2354
f 2354 2344 2345
f 2354 2345 2355
f 2355 2345 2346
f 2355 2346 2356
f 2356 2346 2347
f 2356 2347 2357
f 2357 2347 2348
f 2357 2348 2358
f 2358 2348 2349
f 2358 2349 2359
f 2359 2349 2196
f 2359 2196 2194
f 2360 2361 2362
f 2362 2361 2291
f 2291 2293 2362
f 2362 2293 2350
f 2362 2350 2363
f 2363 2350 2351
f 2363 2351 2364
f 2364 2351 2352
f 2364 2352 2365
f 2365 2352 2353
f 2365 2353 2366
f 2366 2353 2354
f 2366 2354 2367
f 2367 2354 2355
f 2367 2355 2368
f 2368 2355 2356
f 2368 2356 2369
f 2369 2356 2357
f 2369 2357 2370
f 2370 2357 2358
f 2370 2358 2371
f 2371 2358 2359
f 2371 2359 2372
f 2372 2359 2194
f 2372 2194 2192
f 2373 2374 2375
f 2375 2374 2360
f 2360 2362 2375
f 2375 2362 2363
f 2375 2363 2376
f 2376 2363 2364
f 2376 2364 2377
f 2377 2364 2365
f 2377 2365 2378
f 2378 2365 2366
f 2378 2366 2379
f 2379 2366 2367
f 2379 2367 2380
f 2380 2367 2368
f 2380 2368 2381
f 2381 2368 2369
f 2381 2369 2382
f 2382 2369 2370
f 2382 2370 2383
f 2383 2370 2371
f 2383 2371 2384
f 2384 2371 2372
f 2384 2372 2385
f 2385 2372 2192
f 2385 2192 2190
f 2373 2375 2386
f 2386 2375 2376
f 2386 2376 2387
f 2387 2376 2377
f 2387 2377 2388
f 2388 2377 2378
f 2388 2378 2389
f 2389 2378 2379
f 2389 2379 2390
f 2390 2379 2380
f 2390 2380 2391
f 2391 2380 2381
f 2391 2381 2392
f 2392 2381 2382
f 2392 2382 2393
f 2393 2382 2383
f 2393 2383 2394
f 2394 2383 2384
f 2394 2384 2395
f 2395 2384 2385
f 2395 2385 2396
f 2396 2385 2190
f 2396 2190 2189
f 2373 1991 2374
f 2374 1991 2065
f 2374 2065 2360
f 2360 2065 2066
f 2360 2066 2361
f 2045 2338 2068
f 2068 2338 2292
f 2068 2292 2069
f 2069 2292 2291
f 2069 2291 2071
f 2071 2291 2361
f 2071 2361 2072
f 2072 2361 2066
f 2037 2303 2038
f 2038 2303 2295
f 2038 2295 2041
f 2041 2295 2294
f 2041 2294 2043
f 2043 2294 2326
f 2043 2326 2045
f 2045 2326 2325
f 2045 2325 2338
f 2397 2398 2399
f 2400 2401 2402
f 2403 2404 2405
f 2405 2404 2406
f 2407 2408 2409
f 2410 2411 2412
f 2412 2411 2413
f 2407 2409 2414
f 2414 2409 2415
f 2414 2415 2416
f 2416 2415 2417
f 2416 2417 2418
f 2397 2419 2420
f 2398 2397 2421
f 2421 2397 2420
f 2421 2420 2422
f 2423 2424 2425
f 2425 2424 2426
f 2425 2426 2427
f 2427 2426 2428
f 2427 2428 2429
f 2430 2410 2431
f 2431 2410 2412
f 2431 2412 2432
f 2433 2430 2434
f 2434 2430 2431
f 2434 2431 2435
f 2435 2431 2432
f 2435 2432 2406
f 2400 2402 2436
f 2104 2437 2438
f 2438 2437 2418
f 2438 2418 2422
f 2422 2418 2417
f 2422 2417 2421
f 2421 2417 2415
f 2421 2415 2398
f 2398 2415 2409
f 2398 2409 2399
f 2399 2409 2408
f 2401 2403 2402
f 2402 2403 2405
f 2402 2405 2424
f 2424 2405 2406
f 2424 2406 2426
f 2426 2406 2432
f 2426 2432 2428
f 2428 2432 2412
f 2428 2412 2429
f 2429 2412 2413
f 2429 2413 2439
f 2408 2436 2399
f 2399 2436 2402
f 2399 2402 2397
f 2397 2402 2424
f 2397 2424 2419
f 2419 2424 2423
f 2419 2423 2440
f 2440 2423 2425
f 2440 2425 2441
f 2441 2425 2427
f 2441 2427 2442
f 2442 2427 2429
f 2442 2429 2443
f 2443 2429 2439
f 2443 2439 1993
f 2282 2283 2438
f 2290 2188 2283
f 2104 2438 2105
f 2105 2438 2283
f 2105 2283 2106
f 2106 2283 2188
f 2390 2391 2438
f 2290 2283 2289
f 2289 2283 2284
f 2289 2284 2285
f 1991 2438 1992
f 1992 2438 2422
f 1992 2422 2444
f 2285 2286 2289
f 2289 2286 2287
f 2289 2287 2288
f 2444 2419 1992
f 1992 2419 2440
f 1992 2440 2441
f 2441 2445 1992
f 1992 2445 2443
f 1992 2443 1993
f 1991 2373 2438
f 2438 2373 2386
f 2438 2386 2387
f 2387 2388 2438
f 2438 2388 2389
f 2438 2389 2390
f 2391 2392 2438
f 2438 2392 2393
f 2438 2393 2394
f 2394 2395 2438
f 2438 2395 2396
f 2438 2396 2189
f 2189 2280 2438
f 2438 2280 2281
f 2438 2281 2282
f 2436 2408 2446
f 2447 2448 2449
f 2450 2451 2452
f 2453 2454 2455
f 2455 2454 2433
f 2455 2433 2456
f 1887 2457 1888
f 1888 2457 2458
f 1888 2458 1889
f 1889 2458 2459
f 1889 2459 1890
f 2459 2460 1890
f 1890 2460 2461
f 1890 2461 1891
f 1891 2461 2462
f 1891 2462 1897
f 1892 2463 1893
f 1893 2463 2464
f 1893 2464 1966
f 1903 1902 2465
f 2465 1902 1964
f 2465 1964 2466
f 2467 1900 1903
f 1900 2467 1914
f 1914 2467 2468
f 1914 2468 1915
f 1915 2468 1916
f 1916 2468 2469
f 1916 2469 1906
f 1912 1911 2469
f 2469 1911 1904
f 2469 1904 1906
f 1910 1913 2470
f 2448 2447 2452
f 2452 2447 2471
f 2452 2471 2450
f 2472 2407 2473
f 2401 2400 2474
f 2401 2474 2403
f 2403 2474 2465
f 2403 2465 2404
f 2404 2465 2466
f 2404 2466 2406
f 1964 1965 2466
f 2466 1965 2475
f 2466 2475 2406
f 2406 2475 2476
f 2406 2476 2435
f 2435 2476 2456
f 2435 2456 2434
f 2434 2456 2433
f 1965 1966 2475
f 2475 1966 2464
f 2475 2464 2476
f 2476 2464 2463
f 2476 2463 2456
f 2456 2463 2477
f 2456 2477 2455
f 2455 2477 2478
f 2455 2478 2453
f 2453 2478 2479
f 2453 2479 2480
f 1903 2465 2467
f 2467 2465 2474
f 2467 2474 2468
f 2468 2474 2481
f 2468 2481 2469
f 2482 2446 2472
f 2472 2446 2408
f 2472 2408 2407
f 2400 2436 2474
f 2474 2436 2446
f 2474 2446 2481
f 2481 2446 2482
f 2481 2482 2469
f 2469 2482 2470
f 2469 2470 1912
f 1912 2470 1913
f 2473 2483 2472
f 2472 2483 2449
f 2472 2449 2482
f 2482 2449 2448
f 2482 2448 2470
f 2470 2448 2452
f 2470 2452 1910
f 1910 2452 2451
f 1910 2451 1963
f 1963 2451 2484
f 1963 2484 1962
f 1962 2484 1961
f 1892 1897 2463
f 2463 1897 2462
f 2463 2462 2477
f 2477 2462 2461
f 2477 2461 2478
f 2478 2461 2460
f 2478 2460 2479
f 2479 2460 2459
f 2479 2459 2480
f 2209 2324 2485
f 2485 2324 2486
f 2324 2323 2486
f 2486 2323 2321
f 2486 2321 2487
f 2321 2319 2487
f 2487 2319 2317
f 2487 2317 2488
f 2317 2315 2488
f 2488 2315 2314
f 2488 2314 2489
f 2314 2313 2489
f 2489 2313 2311
f 2489 2311 2490
f 2311 2309 2490
f 2490 2309 2307
f 2490 2307 2491
f 2307 2305 2491
f 2491 2305 2304
f 2491 2304 2492
f 2304 2297 2492
f 2492 2297 2299
f 2492 2299 2493
f 2303 2494 2302
f 2302 2494 2493
f 2302 2493 2301
f 2301 2493 2299
f 2209 2485 2208
f 2208 2485 2495
f 2496 2205 2495
f 2495 2205 2207
f 2495 2207 2208
f 2497 2210 2496
f 2496 2210 2203
f 2496 2203 2205
f 2498 2213 2497
f 2497 2213 2211
f 2497 2211 2210
f 2499 2217 2498
f 2498 2217 2215
f 2498 2215 2213
f 2500 2220 2499
f 2499 2220 2219
f 2499 2219 2217
f 2227 2225 2501
f 2501 2225 2223
f 2501 2223 2500
f 2500 2223 2221
f 2500 2221 2220
f 2227 2501 2228
f 2228 2501 2502
f 2228 2502 2202
f 2202 2502 2503
f 2202 2503 2177
f 2504 811 810
f 2504 810 2505
f 2505 810 809
f 2505 809 2506
f 2506 809 808
f 2506 808 2507
f 2507 808 807
f 2507 807 2508
f 2508 807 806
f 2508 806 2509
f 1016 140 1869
f 1174 1173 1862
f 1862 1173 2510
f 1862 2510 1863
f 1863 2510 2511
f 1863 2511 1864
f 1864 2511 2512
f 1864 2512 1865
f 1865 2512 2513
f 1865 2513 1866
f 1866 2513 2514
f 1866 2514 1867
f 1867 2514 2515
f 1867 2515 1868
f 1868 2515 2516
f 1868 2516 1869
f 1869 2516 2517
f 1869 2517 1016
f 2518 2519 2520
f 2521 1935 1934
f 2520 2522 2523
f 2523 2522 2524
f 2523 2524 2525
f 2525 2524 2526
f 2525 2526 2527
f 2527 2526 2528
f 2520 2519 2522
f 2522 2519 2529
f 2522 2529 2530
f 1961 2518 1917
f 1917 2518 2520
f 1917 2520 1918
f 1918 2520 2523
f 1918 2523 1934
f 1934 2523 2525
f 1934 2525 2521
f 2521 2525 2527
f 2531 2532 2533
f 2534 2535 2536
f 2533 1881 2537
f 2537 1881 1880
f 2537 1880 2536
f 2536 1880 1944
f 2536 1944 2534
f 2534 1944 1943
f 2533 2532 1881
f 1881 2532 2538
f 1881 2538 1887
f 2539 2531 2540
f 2540 2531 2533
f 2540 2533 2541
f 2541 2533 2537
f 2541 2537 2542
f 2542 2537 2536
f 2542 2536 2543
f 2543 2536 2535
f 2544 2545 2546
f 2535 2534 2547
f 1945 1947 2548
f 1190 1957 1188
f 1188 1957 1955
f 1188 1955 1186
f 1186 1955 1926
f 1190 1192 1957
f 1957 1192 1194
f 1957 1194 1196
f 1197 1199 2549
f 1157 1158 1199
f 1199 1158 1160
f 1199 1160 2549
f 1147 1150 1152
f 1147 1152 1199
f 1199 1152 1155
f 1199 1155 1157
f 1196 1197 1957
f 1957 1197 2549
f 1957 2549 1959
f 1959 2549 2550
f 1959 2550 1960
f 1947 1953 2548
f 2548 1953 1952
f 2548 1952 2550
f 2550 1952 1950
f 2550 1950 1960
f 2547 2534 2548
f 2548 2534 1943
f 2548 1943 1945
f 2535 2547 2543
f 2543 2547 2551
f 2543 2551 2552
f 2553 2554 2555
f 2555 2554 2556
f 2555 2556 2551
f 2551 2556 2557
f 2551 2557 2552
f 2545 2558 2546
f 2546 2558 2559
f 2546 2559 2555
f 2555 2559 2560
f 2555 2560 2553
f 2561 2562 2563
f 2561 2563 2546
f 2546 2563 2564
f 2546 2564 2544
f 2562 2561 2565
f 2565 2561 819
f 2565 819 818
f 2539 2566 2567
f 1603 2568 2569
f 1603 2569 1604
f 1598 2570 1593
f 1593 2570 2571
f 1593 2571 1591
f 1591 2571 2572
f 1591 2572 1590
f 1590 2572 1588
f 1588 2572 2453
f 1588 2453 2480
f 2573 2574 2458
f 2458 2574 1583
f 2458 1583 2459
f 2459 1583 1585
f 2459 1585 2480
f 2480 1585 1587
f 2480 1587 1588
f 2573 2458 2575
f 2575 2458 2457
f 2575 2457 2576
f 2457 2577 2576
f 2576 2577 2578
f 2576 2578 2579
f 2567 2580 2578
f 2578 2580 2581
f 2578 2581 2579
f 2582 2583 2566
f 2566 2583 2584
f 2566 2584 2567
f 2567 2584 2585
f 2567 2585 2580
f 2539 2567 2531
f 2531 2567 2578
f 2531 2578 2532
f 2532 2578 2577
f 2532 2577 2538
f 2538 2577 2457
f 2538 2457 1887
f 2586 2587 2588
f 2586 2588 2589
f 2590 2591 2592
f 2587 2586 2593
f 2593 2586 2594
f 2593 2594 2595
f 2595 2594 2590
f 2595 2590 2596
f 2596 2590 2592
f 2596 2592 2597
f 1594 1601 2598
f 2598 1601 1604
f 2598 1604 2599
f 2599 1604 2569
f 2599 2569 2600
f 1598 1597 2570
f 2570 1597 1595
f 2570 1595 2601
f 2601 1595 1594
f 2601 1594 2602
f 2602 1594 2598
f 2602 2598 2603
f 2603 2598 2599
f 2603 2599 2604
f 2604 2599 2600
f 2604 2600 2605
f 2433 2454 2606
f 2606 2454 2607
f 2606 2607 2608
f 2608 2607 2609
f 2588 2610 2589
f 2589 2610 2611
f 2589 2611 2612
f 2612 2611 2613
f 2612 2613 2609
f 2609 2613 2614
f 2609 2614 2608
f 2605 2591 2604
f 2604 2591 2590
f 2604 2590 2603
f 2603 2590 2594
f 2603 2594 2602
f 2602 2594 2586
f 2602 2586 2601
f 2601 2586 2589
f 2601 2589 2570
f 2570 2589 2612
f 2570 2612 2571
f 2571 2612 2609
f 2571 2609 2572
f 2572 2609 2607
f 2572 2607 2453
f 2453 2607 2454
f 2615 2616 2617
f 2618 2619 2620
f 2617 2621 2622
f 814 2623 2624
f 2624 2623 2625
f 2624 2625 2621
f 2621 2625 2626
f 2621 2626 2622
f 2616 2615 2627
f 2627 2615 2628
f 2627 2628 2629
f 2630 2631 2632
f 2632 2631 2633
f 2629 2628 2632
f 2632 2628 2634
f 2632 2634 2630
f 2557 2556 2635
f 2636 2629 2637
f 2637 2629 2632
f 2637 2632 2620
f 2620 2632 2633
f 2620 2633 2618
f 2543 2552 2636
f 2556 2554 2635
f 2635 2554 2553
f 2635 2553 2560
f 814 2624 2638
f 2638 2624 2565
f 2638 2565 818
f 2617 2544 2564
f 2617 2564 2621
f 2621 2564 2563
f 2621 2563 2624
f 2624 2563 2562
f 2624 2562 2565
f 2622 2639 2617
f 2617 2639 2640
f 2617 2640 2615
f 2615 2640 2641
f 2615 2641 2628
f 2628 2641 2642
f 2628 2642 2634
f 2543 2636 2542
f 2542 2636 2637
f 2542 2637 2541
f 2541 2637 2620
f 2541 2620 2540
f 2540 2620 2619
f 2540 2619 2539
f 2552 2557 2636
f 2636 2557 2635
f 2636 2635 2629
f 2629 2635 2560
f 2629 2560 2627
f 2627 2560 2559
f 2627 2559 2616
f 2616 2559 2558
f 2616 2558 2617
f 2617 2558 2545
f 2617 2545 2544
f 2430 2433 2606
f 1990 1989 1646
f 1646 1644 1990
f 1990 1644 1656
f 1990 1656 2019
f 1656 1655 2019
f 2019 1655 2643
f 2019 2643 2021
f 2021 2643 2022
f 2644 2022 1653
f 1653 2022 2643
f 1653 2643 1654
f 1654 2643 1655
f 2644 2645 2022
f 2022 2645 2646
f 2022 2646 2023
f 2023 2646 2024
f 2596 2597 2647
f 2647 2597 2648
f 2024 2646 2025
f 2025 2646 2647
f 2025 2647 2649
f 2649 2647 2648
f 2649 2648 2650
f 2651 1630 2652
f 2652 1630 1632
f 2652 1632 2653
f 2654 2655 2656
f 2656 2655 2657
f 2656 2657 2658
f 2658 2657 2659
f 2658 2659 2660
f 2661 2662 2663
f 2663 2662 2664
f 2663 2664 2665
f 2665 2664 2666
f 2665 2666 2667
f 2668 2669 2663
f 2663 2669 2670
f 2663 2670 2661
f 1637 1636 1971
f 1971 1636 1650
f 1971 1650 1987
f 1650 1649 1987
f 1987 1649 1648
f 1987 1648 1989
f 1989 1648 1647
f 1989 1647 1646
f 1632 1634 2653
f 2653 1634 1635
f 2653 1635 2671
f 2671 1635 1642
f 2671 1642 1997
f 1642 1641 1997
f 1997 1641 1639
f 1997 1639 1984
f 1984 1639 1637
f 1984 1637 1974
f 1974 1637 1971
f 2672 2410 2430
f 1997 1998 2671
f 2671 1998 1999
f 2671 1999 2653
f 2653 1999 2000
f 2653 2000 1994
f 2430 2606 2672
f 2672 2606 2608
f 2672 2608 2658
f 2658 2608 2614
f 2658 2614 2656
f 2656 2614 2613
f 2656 2613 2654
f 2654 2613 2611
f 2654 2611 2667
f 2667 2611 2610
f 2667 2610 2665
f 2665 2610 2588
f 2665 2588 2663
f 2663 2588 2587
f 2663 2587 2668
f 2668 2587 2593
f 2668 2593 2595
f 2596 2647 2595
f 2595 2647 2646
f 2595 2646 2668
f 2668 2646 2645
f 2668 2645 2669
f 2411 2652 2413
f 2413 2652 2653
f 2413 2653 2439
f 2439 2653 1994
f 2439 1994 1993
f 2411 2410 2652
f 2652 2410 2672
f 2652 2672 2651
f 2651 2672 2658
f 2651 2658 2673
f 2673 2658 2660
f 2619 2566 2539
f 2582 2674 2675
f 2675 2674 2676
f 2675 2676 2677
f 2591 2605 2678
f 2678 2605 2600
f 2568 2677 2569
f 2569 2677 2676
f 2569 2676 2600
f 2600 2676 2679
f 2600 2679 2678
f 2678 2679 2680
f 2678 2680 2591
f 2591 2680 2681
f 2650 2648 2682
f 2682 2648 2597
f 2682 2597 2681
f 2681 2597 2592
f 2681 2592 2591
f 2683 2684 2685
f 2686 2687 2685
f 2685 2687 2688
f 2685 2688 2683
f 2689 815 2690
f 2690 815 820
f 814 815 2623
f 2623 815 2689
f 2623 2689 2625
f 2625 2689 2626
f 2626 2689 2622
f 2622 2689 2691
f 2622 2691 2639
f 2639 2691 2692
f 2639 2692 2640
f 2640 2692 2693
f 2640 2693 2641
f 2694 2695 2696
f 2696 2695 2634
f 2696 2634 2642
f 2633 2631 2695
f 2695 2631 2630
f 2695 2630 2634
f 2697 2686 2698
f 2698 2686 2685
f 2698 2685 2699
f 2699 2685 2684
f 2642 2700 2696
f 2696 2700 2697
f 2696 2697 2694
f 2694 2697 2698
f 2699 2682 2698
f 2698 2682 2681
f 2698 2681 2694
f 2694 2681 2680
f 2694 2680 2695
f 2695 2680 2679
f 2695 2679 2633
f 2633 2679 2676
f 2633 2676 2618
f 2618 2676 2674
f 2618 2674 2619
f 2619 2674 2582
f 2619 2582 2566
f 2642 2641 2700
f 2700 2641 2693
f 2700 2693 2697
f 2697 2693 2692
f 2697 2692 2686
f 2686 2692 2691
f 2686 2691 2687
f 2687 2691 2689
f 2687 2689 2688
f 2688 2689 2690
f 2701 2702 2703
f 2704 2522 2530
f 2705 2706 2707
f 2707 2706 2708
f 2707 2708 2704
f 2704 2708 2709
f 2704 2709 2522
f 2522 2709 2524
f 2530 2710 2704
f 2704 2710 2711
f 2704 2711 2707
f 2707 2711 2712
f 2707 2712 2705
f 2713 2714 2715
f 2715 2714 2716
f 2715 2716 2702
f 2703 2717 2718
f 2703 2718 2719
f 2720 2721 2722
f 2702 2716 2703
f 2703 2716 2723
f 2703 2723 2717
f 2528 2526 2724
f 2724 2526 2725
f 2724 2725 2726
f 2722 2721 2727
f 2727 2721 2728
f 2727 2728 2729
f 2729 2728 2730
f 2729 2730 2725
f 2725 2730 2731
f 2725 2731 2726
f 864 865 2732
f 2732 865 2714
f 2732 2714 2733
f 2733 2714 2713
f 2701 2703 2734
f 2734 2703 2719
f 2734 2719 2706
f 2706 2719 2735
f 2706 2735 2708
f 865 866 2714
f 2714 866 2736
f 2714 2736 2716
f 2716 2736 2737
f 2716 2737 2723
f 2718 2720 2719
f 2719 2720 2722
f 2719 2722 2735
f 2735 2722 2727
f 2735 2727 2708
f 2708 2727 2729
f 2708 2729 2709
f 2709 2729 2725
f 2709 2725 2524
f 2524 2725 2526
f 2738 2649 2739
f 2739 2649 2650
f 2025 2649 2026
f 2026 2649 2738
f 2026 2738 2012
f 2012 2738 2739
f 2012 2739 2013
f 2739 2740 2013
f 2013 2740 2741
f 820 812 2690
f 2690 812 2741
f 2690 2741 2688
f 2688 2741 2740
f 2688 2740 2683
f 2650 2682 2739
f 2739 2682 2699
f 2739 2699 2740
f 2740 2699 2684
f 2740 2684 2683
f 2741 812 811
f 2033 2073 2504
f 2006 811 2007
f 2007 811 2504
f 2007 2504 2039
f 2039 2504 2073
f 2013 2741 2011
f 2011 2741 811
f 2011 811 2009
f 2009 811 2006
f 2303 2037 2494
f 2494 2037 2036
f 2494 2036 2504
f 2504 2036 2034
f 2504 2034 2033
f 2742 2743 2744
f 1539 1541 2745
f 2473 2407 2746
f 2747 2748 2749
f 2750 2751 2752
f 2753 2754 2755
f 1699 1700 2471
f 2471 1700 1702
f 2471 1702 2450
f 2756 2451 1705
f 1705 2451 2450
f 1705 2450 1703
f 1703 2450 1702
f 2471 2447 1699
f 1699 2447 2757
f 1699 2757 1697
f 1697 2757 1696
f 1693 1694 2749
f 2749 1694 1696
f 2749 1696 2758
f 2758 1696 2757
f 1693 2759 1691
f 1691 2759 2760
f 1691 2760 1690
f 1686 1687 2761
f 2761 1687 1688
f 2762 1682 2763
f 2763 1682 1684
f 1684 2764 2763
f 2763 2764 1811
f 2763 1811 1810
f 1811 2765 2766
f 2766 2765 2767
f 2766 2767 2768
f 2769 2770 2767
f 2767 2770 2771
f 2767 2771 2768
f 2484 2772 1961
f 1961 2772 2518
f 2518 2773 2519
f 2519 2773 2752
f 2519 2752 2529
f 2529 2752 2755
f 2529 2755 2530
f 2752 2751 2755
f 2755 2751 2774
f 2755 2774 2753
f 2518 2772 2773
f 2773 2772 2775
f 2773 2775 2752
f 2752 2775 2776
f 2752 2776 2750
f 2756 2777 2451
f 2451 2777 2778
f 2451 2778 2484
f 2484 2778 2779
f 2484 2779 2772
f 2772 2779 2780
f 2772 2780 2775
f 2781 2744 2760
f 1693 2749 2759
f 2759 2749 2748
f 2759 2748 2782
f 2782 2783 2759
f 2759 2783 2784
f 2759 2784 2760
f 2760 2784 2785
f 2760 2785 2781
f 2757 2786 2758
f 2758 2786 2787
f 2758 2787 2749
f 2749 2787 2788
f 2749 2788 2747
f 1553 1555 2483
f 2483 1555 1557
f 2483 1557 2449
f 1557 2789 2449
f 2449 2789 2790
f 2449 2790 2447
f 2447 2790 2791
f 2447 2791 2757
f 2757 2791 2792
f 2757 2792 2786
f 1553 2483 1552
f 1552 2483 2473
f 1552 2473 1550
f 1550 2473 2746
f 1550 2746 1549
f 1549 2746 2793
f 1549 2793 1547
f 2793 2794 1547
f 1547 2794 2795
f 1547 2795 1542
f 1542 2795 2796
f 2797 1546 2798
f 2798 1546 1545
f 2798 1545 2796
f 2796 1545 1543
f 2796 1543 1542
f 2781 1534 2744
f 2744 1534 1536
f 2744 1536 2745
f 2745 1536 1538
f 2745 1538 1539
f 2799 2800 2801
f 1688 1690 2761
f 2761 1690 2760
f 2761 2760 2802
f 2802 2760 2744
f 2802 2744 2799
f 2799 2744 2743
f 2799 2743 2800
f 2742 2744 2803
f 2803 2744 2745
f 2803 2745 2797
f 2797 2745 1541
f 2797 1541 1546
f 1684 1686 2764
f 2764 1686 2761
f 2764 2761 1811
f 1811 2761 2802
f 1811 2802 2765
f 2765 2802 2799
f 2765 2799 2767
f 2767 2799 2801
f 2767 2801 2769
f 88 1092 2804
f 2712 2805 2806
f 2754 2807 2808
f 2710 2530 2809
f 2809 2530 2755
f 2805 2712 2809
f 2809 2712 2711
f 2809 2711 2710
f 2734 2706 2806
f 2806 2706 2705
f 2806 2705 2712
f 2733 2713 2804
f 2804 2713 2715
f 2804 2715 2810
f 2810 2715 2702
f 2810 2702 2811
f 2733 2804 2732
f 2732 2804 1092
f 2732 1092 864
f 88 2804 1820
f 1820 2804 2810
f 1820 2810 1829
f 1829 2810 2811
f 1829 2811 1830
f 1830 2811 1837
f 1837 2811 2812
f 1837 2812 1813
f 1844 2813 1812
f 1812 2813 2763
f 1812 2763 1810
f 2808 2807 2814
f 2814 2807 2815
f 2814 2815 2762
f 1813 2812 1814
f 1814 2812 2816
f 1814 2816 1844
f 1844 2816 2814
f 1844 2814 2813
f 2813 2814 2762
f 2813 2762 2763
f 2702 2701 2811
f 2811 2701 2734
f 2811 2734 2812
f 2812 2734 2806
f 2812 2806 2816
f 2816 2806 2805
f 2816 2805 2814
f 2814 2805 2809
f 2814 2809 2808
f 2808 2809 2755
f 2808 2755 2754
f 2086 2817 2818
f 2819 2820 2770
f 2078 2090 2821
f 2821 2090 2089
f 2821 2089 2818
f 2818 2089 2087
f 2818 2087 2086
f 2079 2822 2100
f 2100 2822 2823
f 2824 2825 2803
f 2770 2769 2819
f 2819 2769 2801
f 2819 2801 2826
f 2801 2800 2826
f 2826 2800 2743
f 2826 2743 2825
f 2825 2743 2742
f 2825 2742 2803
f 2416 2418 2827
f 2418 2437 2827
f 2827 2437 2104
f 2827 2104 2103
f 2121 2115 2828
f 2828 2115 2112
f 2828 2112 2829
f 2103 2129 2827
f 2827 2129 2128
f 2827 2128 2828
f 2828 2128 2127
f 2828 2127 2121
f 2079 2078 2822
f 2822 2078 2821
f 2822 2821 2823
f 2823 2821 2830
f 2823 2830 2829
f 2829 2830 2831
f 2829 2831 2828
f 2828 2831 2832
f 2828 2832 2827
f 2827 2832 2833
f 2827 2833 2416
f 2407 2414 2746
f 2746 2414 2834
f 2746 2834 2793
f 2793 2834 2835
f 2836 2795 2835
f 2835 2795 2794
f 2835 2794 2793
f 2803 2797 2824
f 2824 2797 2798
f 2824 2798 2836
f 2836 2798 2796
f 2836 2796 2795
f 2112 2111 2829
f 2829 2111 2109
f 2829 2109 2823
f 2823 2109 2107
f 2823 2107 2100
f 2086 2820 2817
f 2817 2820 2819
f 2817 2819 2818
f 2818 2819 2826
f 2818 2826 2821
f 2821 2826 2825
f 2821 2825 2830
f 2830 2825 2824
f 2830 2824 2831
f 2831 2824 2836
f 2831 2836 2832
f 2832 2836 2835
f 2832 2835 2833
f 2833 2835 2834
f 2833 2834 2416
f 2416 2834 2414
f 2081 2837 2083
f 2083 2837 2838
f 2083 2838 2085
f 2085 2838 2820
f 2085 2820 2086
f 2131 2177 2503
f 2173 2172 2503
f 2503 2172 2132
f 2503 2132 2131
f 2097 2096 2503
f 2503 2096 2176
f 2503 2176 2173
f 2839 2081 2503
f 2503 2081 2080
f 2503 2080 2097
f 2837 2081 2840
f 2840 2081 2839
f 1092 123 864
f 864 123 865
f 88 89 1520
f 1520 89 1522
f 1263 1578 1579
f 865 123 866
f 866 123 140
f 866 140 1016
f 1528 1726 1530
f 1530 1726 1727
f 1263 1579 106
f 106 1579 1580
f 106 1580 104
f 104 1580 1581
f 104 1581 102
f 102 1581 1582
f 102 1582 100
f 88 1520 1092
f 1092 1520 2841
f 1092 2841 2842
f 98 1524 96
f 96 1524 1522
f 96 1522 94
f 94 1522 89
f 2843 1524 1582
f 1582 1524 98
f 1582 98 100
f 2842 1729 1092
f 1092 1729 1730
f 1092 1730 123
f 123 1730 2844
f 2844 2845 123
f 123 2845 2846
f 123 2846 1262
f 1262 2846 2847
f 2848 2849 1262
f 1262 2849 1576
f 1262 1576 1263
f 1263 1576 1577
f 1263 1577 1578
f 2842 2850 1729
f 1729 2850 2851
f 1729 2851 1728
f 1728 2851 2852
f 1728 2852 1727
f 1727 2852 1532
f 1727 1532 1530
f 2847 2853 1262
f 1262 2853 1724
f 1262 1724 2848
f 2848 1724 1725
f 2848 1725 2854
f 2854 1725 1726
f 2854 1726 2855
f 2855 1726 1528
f 2855 1528 2843
f 2843 1528 1526
f 2843 1526 1524
f 134 815 814
f 819 156 818
f 818 156 134
f 818 134 2638
f 2638 134 814
f 816 1678 1679
f 1244 1629 1245
f 1245 1629 2856
f 816 1679 817
f 2857 1623 2858
f 2858 1623 1624
f 2858 1624 2859
f 2859 1624 1625
f 2859 1625 1505
f 1509 1507 1244
f 1244 1507 1505
f 1625 1626 1505
f 1505 1626 1627
f 1505 1627 1244
f 1244 1627 1628
f 1244 1628 1629
f 2856 2860 1245
f 1245 2860 2861
f 1245 2861 134
f 1517 1515 2862
f 2862 1515 1513
f 2862 1513 2863
f 2858 2864 2857
f 2857 2864 134
f 2857 134 2865
f 2865 134 2861
f 820 815 2866
f 1679 1680 817
f 817 1680 1681
f 817 1681 1244
f 1244 1681 2867
f 1244 2867 1509
f 1509 2867 2863
f 1509 2863 1511
f 1511 2863 1513
f 2862 2866 1517
f 1517 2866 815
f 1517 815 2868
f 2868 815 134
f 2868 134 2869
f 2869 134 2864
f 2866 2870 820
f 820 2870 1675
f 820 1675 812
f 812 1675 1676
f 1678 816 1677
f 1677 816 810
f 1677 810 1676
f 1676 810 811
f 1676 811 812
f 808 809 807
f 807 809 810
f 807 810 806
f 806 810 816
f 156 819 1870
f 1870 819 2561
f 1870 2561 1871
f 1871 2561 2546
f 1871 2546 1872
f 1872 2546 2555
f 1872 2555 1873
f 1873 2555 2551
f 1873 2551 1874
f 1874 2551 2547
f 1874 2547 1875
f 1875 2547 2548
f 1875 2548 1876
f 1876 2548 2550
f 1876 2550 1861
f 1861 2550 2549
f 1861 2549 1159
f 1159 2549 1160
f 1237 1236 2871
f 1237 2871 2872
f 2871 2873 2872
f 2872 2873 2874
f 2872 2874 2875
f 2874 2876 2875
f 2875 2876 2877
f 2875 2877 2878
f 2878 2877 2879
f 2878 2879 2880
f 2879 2881 2880
f 2880 2881 2882
f 2880 2882 2883
f 2884 2885 2886
f 2886 2885 2883
f 2886 2883 2887
f 2887 2883 2882
f 2888 2889 2890
f 2891 2892 2893
f 2894 2895 2896
f 2897 2898 2899
f 2900 2901 2902
f 2903 2904 2905
f 2906 2907 2908
f 2909 2910 2911
f 2911 2910 2912
f 2912 2913 2911
f 2911 2913 2914
f 2911 2914 2915
f 2914 2916 2915
f 2915 2916 2917
f 2915 2917 2918
f 2918 2917 2919
f 2918 2919 2920
f 2919 2921 2920
f 2920 2921 2922
f 2920 2922 2923
f 2922 2924 2923
f 2923 2924 2925
f 2923 2925 2926
f 2926 2925 2927
f 2926 2927 2928
f 2927 2929 2928
f 2928 2929 2930
f 2928 2930 2931
f 2931 2930 2932
f 2931 2932 2933
f 2932 2934 2933
f 2933 2934 2935
f 2933 2935 2936
f 2935 2937 2936
f 2936 2937 2938
f 2936 2938 2939
f 2939 2938 2940
f 2939 2940 2941
f 2941 2940 2942
f 2942 2943 2941
f 2941 2943 2944
f 2941 2944 2945
f 2945 2944 2946
f 2945 2946 2947
f 2946 2948 2947
f 2947 2948 2949
f 2947 2949 2950
f 2949 2951 2950
f 2950 2951 2952
f 2950 2952 2953
f 2953 2952 2954
f 2953 2954 2955
f 2954 2956 2955
f 2955 2956 2957
f 2955 2957 2958
f 2958 2957 2959
f 2958 2959 2960
f 2959 2961 2960
f 2960 2961 2962
f 2960 2962 2963
f 2962 2964 2963
f 2963 2964 2965
f 2963 2965 2966
f 2966 2965 2967
f 2966 2967 2908
f 2884 2906 2968
f 2968 2906 2908
f 2968 2908 2969
f 2969 2908 2967
f 2907 2903 2908
f 2908 2903 2905
f 2908 2905 2966
f 2966 2905 2970
f 2966 2970 2963
f 2963 2970 2971
f 2963 2971 2960
f 2960 2971 2972
f 2960 2972 2958
f 2958 2972 2973
f 2958 2973 2955
f 2955 2973 2974
f 2955 2974 2953
f 2953 2974 2975
f 2953 2975 2950
f 2950 2975 2976
f 2950 2976 2947
f 2947 2976 2977
f 2947 2977 2945
f 2945 2977 2978
f 2945 2978 2941
f 2941 2978 2979
f 2941 2979 2939
f 2939 2979 2980
f 2939 2980 2936
f 2936 2980 2981
f 2936 2981 2933
f 2933 2981 2982
f 2933 2982 2931
f 2931 2982 2983
f 2931 2983 2928
f 2928 2983 2984
f 2928 2984 2926
f 2926 2984 2985
f 2926 2985 2923
f 2923 2985 2986
f 2923 2986 2920
f 2920 2986 2987
f 2920 2987 2918
f 2918 2987 2988
f 2918 2988 2915
f 2915 2988 2989
f 2915 2989 2911
f 2911 2989 2902
f 2911 2902 2909
f 2909 2902 2901
f 2904 2897 2905
f 2905 2897 2899
f 2905 2899 2970
f 2970 2899 2990
f 2970 2990 2971
f 2971 2990 2991
f 2971 2991 2972
f 2972 2991 2992
f 2972 2992 2973
f 2973 2992 2993
f 2973 2993 2974
f 2974 2993 2994
f 2974 2994 2975
f 2975 2994 2995
f 2975 2995 2976
f 2976 2995 2996
f 2976 2996 2977
f 2977 2996 2997
f 2977 2997 2978
f 2978 2997 2998
f 2978 2998 2979
f 2979 2998 2999
f 2979 2999 2980
f 2980 2999 3000
f 2980 3000 2981
f 2981 3000 3001
f 2981 3001 2982
f 2982 3001 3002
f 2982 3002 2983
f 2983 3002 3003
f 2983 3003 2984
f 2984 3003 3004
f 2984 3004 2985
f 2985 3004 3005
f 2985 3005 2986
f 2986 3005 3006
f 2986 3006 2987
f 2987 3006 3007
f 2987 3007 2988
f 2988 3007 3008
f 2988 3008 2989
f 2989 3008 3009
f 2989 3009 2902
f 2902 3009 2896
f 2902 2896 2900
f 2900 2896 2895
f 2898 2891 2899
f 2899 2891 2893
f 2899 2893 2990
f 2990 2893 3010
f 2990 3010 2991
f 2991 3010 3011
f 2991 3011 2992
f 2992 3011 3012
f 2992 3012 2993
f 2993 3012 3013
f 2993 3013 2994
f 2994 3013 3014
f 2994 3014 2995
f 2995 3014 3015
f 2995 3015 2996
f 2996 3015 3016
f 2996 3016 2997
f 2997 3016 3017
f 2997 3017 2998
f 2998 3017 3018
f 2998 3018 2999
f 2999 3018 3019
f 2999 3019 3000
f 3000 3019 3020
f 3000 3020 3001
f 3001 3020 3021
f 3001 3021 3002
f 3002 3021 3022
f 3002 3022 3003
f 3003 3022 3023
f 3003 3023 3004
f 3004 3023 3024
f 3004 3024 3005
f 3005 3024 3025
f 3005 3025 3006
f 3006 3025 3026
f 3006 3026 3007
f 3007 3026 3027
f 3007 3027 3008
f 3008 3027 3028
f 3008 3028 3009
f 3009 3028 3029
f 3009 3029 2896
f 2896 3029 3030
f 2896 3030 2894
f 2894 3030 3031
f 2892 2888 2893
f 2893 2888 2890
f 2893 2890 3010
f 3010 2890 3032
f 3010 3032 3011
f 3011 3032 3033
f 3011 3033 3012
f 3012 3033 3034
f 3012 3034 3013
f 3013 3034 3035
f 3013 3035 3014
f 3014 3035 3036
f 3014 3036 3015
f 3015 3036 3037
f 3015 3037 3016
f 3016 3037 3038
f 3016 3038 3017
f 3017 3038 3039
f 3017 3039 3018
f 3018 3039 3040
f 3018 3040 3019
f 3019 3040 3041
f 3019 3041 3020
f 3020 3041 3042
f 3020 3042 3021
f 3021 3042 3043
f 3021 3043 3022
f 3022 3043 3044
f 3022 3044 3023
f 3023 3044 3045
f 3023 3045 3024
f 3024 3045 3046
f 3024 3046 3025
f 3025 3046 3047
f 3025 3047 3026
f 3026 3047 3048
f 3026 3048 3027
f 3027 3048 3049
f 3027 3049 3028
f 3028 3049 3050
f 3028 3050 3029
f 3029 3050 3051
f 3029 3051 3030
f 3030 3051 3052
f 3030 3052 3031
f 3031 3052 3053
f 2889 1476 2890
f 2890 1476 1464
f 2890 1464 3032
f 3032 1464 1480
f 3032 1480 3033
f 3033 1480 1479
f 3033 1479 3034
f 3034 1479 1482
f 3034 1482 3035
f 3035 1482 1481
f 3035 1481 3036
f 3036 1481 1484
f 3036 1484 3037
f 3037 1484 1483
f 3037 1483 3038
f 3038 1483 1494
f 3038 1494 3039
f 3039 1494 1493
f 3039 1493 3040
f 3040 1493 1497
f 3040 1497 3041
f 3041 1497 1496
f 3041 1496 3042
f 3042 1496 1495
f 3042 1495 3043
f 3043 1495 1486
f 3043 1486 3044
f 3044 1486 1485
f 3044 1485 3045
f 3045 1485 1489
f 3045 1489 3046
f 3046 1489 1488
f 3046 1488 3047
f 3047 1488 1487
f 3047 1487 3048
f 3048 1487 1457
f 3048 1457 3049
f 3049 1457 1460
f 3049 1460 3050
f 3050 1460 1459
f 3050 1459 3051
f 3051 1459 1458
f 3051 1458 3052
f 3052 1458 1450
f 3052 1450 3053
f 3053 1450 1449
f 2506 2494 2505
f 2505 2494 2504
f 2878 2880 2507
f 2507 2880 2883
f 2507 2883 2885
f 1238 1237 3054
f 3054 1237 2872
f 1797 1807 2766
f 2766 1807 1809
f 2766 1809 1811
f 2507 2508 2878
f 2878 2508 2509
f 2878 2509 2875
f 2875 2509 3055
f 2875 3055 2872
f 2872 3055 3056
f 2872 3056 3054
f 3057 3058 1781
f 1781 3058 3059
f 1781 3059 1780
f 1780 3059 3060
f 1780 3060 3061
f 3061 3060 1234
f 3061 1234 1231
f 3062 3063 2500
f 2500 3063 2501
f 2501 3063 3064
f 2501 3064 2502
f 2502 3064 3065
f 2502 3065 2503
f 2506 2507 2494
f 2494 2507 2885
f 2494 2885 2493
f 2493 2885 3066
f 2493 3066 2492
f 2492 3066 3067
f 2492 3067 2491
f 2491 3067 3068
f 2491 3068 2490
f 2490 3068 3069
f 2500 2499 3062
f 3062 2499 2498
f 3062 2498 3070
f 3070 2498 2497
f 3070 2497 3071
f 3071 2497 2496
f 3071 2496 3072
f 3072 2496 2495
f 3072 2495 3073
f 3073 2495 2485
f 3073 2485 3074
f 3074 2485 2486
f 3074 2486 3075
f 3075 2486 2487
f 3075 2487 3076
f 3076 2487 2488
f 3076 2488 3069
f 3069 2488 2489
f 3069 2489 2490
f 3065 3077 2503
f 2503 3077 3078
f 2503 3078 2839
f 2839 3078 3079
f 2839 3079 3080
f 1797 2766 1795
f 1795 2766 2768
f 1795 2768 1793
f 1793 2768 2771
f 1793 2771 1790
f 1790 2771 2770
f 1790 2770 1788
f 2770 2820 1788
f 1788 2820 2838
f 1788 2838 2837
f 1781 1782 3057
f 3057 1782 1785
f 3057 1785 3080
f 3080 1785 1784
f 3080 1784 2839
f 2839 1784 1788
f 2839 1788 2840
f 2840 1788 2837
f 1737 3054 3056
f 1766 1764 1780
f 3081 3082 1743
f 1743 3082 1208
f 1743 1208 1744
f 1744 1208 1207
f 1744 1207 1745
f 1745 1207 1212
f 1745 1212 1733
f 1733 1212 1213
f 1733 1213 1734
f 1734 1213 1736
f 1736 1213 1737
f 1737 1213 1215
f 1737 1215 1217
f 1217 1218 1737
f 1737 1218 1220
f 1737 1220 3054
f 3054 1220 1238
f 1743 1738 3081
f 3081 1738 1740
f 3081 1740 3083
f 3083 1740 1742
f 3083 1742 3084
f 3084 1742 1754
f 3084 1754 3085
f 1754 1753 3085
f 3085 1753 1752
f 3085 1752 3086
f 3086 1752 1751
f 3086 1751 3087
f 3087 1751 1750
f 3087 1750 3088
f 1750 1748 3088
f 3088 1748 1747
f 3088 1747 1242
f 1762 3061 1231
f 1231 1222 1762
f 1762 1222 1221
f 1762 1221 1226
f 1747 1759 1242
f 1242 1759 1758
f 1242 1758 1230
f 1230 1758 1756
f 1230 1756 1228
f 1228 1756 1755
f 1228 1755 1226
f 1226 1755 1760
f 1226 1760 1762
f 3061 1762 1780
f 1780 1762 1767
f 1780 1767 1766
f 1250 1731 817
f 1250 817 3089
f 3089 817 1244
f 3089 1244 1243
f 1252 1250 1253
f 1253 1250 3089
f 1253 3089 1248
f 1248 3089 1243
f 2509 806 3055
f 3055 806 816
f 3055 816 3056
f 3056 816 817
f 3056 817 1737
f 1737 817 1731
f 2901 2900 3090
f 2895 2894 3091
f 2892 2891 3092
f 2898 2897 3093
f 2904 2903 3094
f 2907 2906 3095
f 1240 1239 3096
f 1132 3097 3098
f 1134 1131 3099
f 1232 1233 3100
f 1132 1133 3097
f 3097 1133 1137
f 3097 1137 3101
f 3101 1137 1136
f 3101 1136 1135
f 1143 1146 3102
f 3102 1146 1145
f 3102 1145 3103
f 1145 1141 3103
f 3103 1141 1140
f 3103 1140 3104
f 3104 1140 1139
f 3104 1139 3105
f 3105 1139 1138
f 3105 1138 3098
f 3098 1138 1142
f 3098 1142 1132
f 1236 1240 2871
f 2871 1240 3096
f 2871 3096 2873
f 2873 3096 3106
f 3107 2879 3108
f 3108 2879 2877
f 3108 2877 3109
f 3109 2877 2876
f 3109 2876 3106
f 3106 2876 2874
f 3106 2874 2873
f 3095 2887 3110
f 3110 2887 2882
f 3110 2882 3107
f 3107 2882 2881
f 3107 2881 2879
f 2906 2884 3095
f 3095 2884 2886
f 3095 2886 2887
f 1476 2889 1477
f 1477 2889 3111
f 1477 3111 1478
f 1478 3111 3112
f 1478 3112 1462
f 1462 3112 3113
f 1462 3113 1463
f 1463 3113 3114
f 1463 3114 1454
f 1454 3114 3115
f 1454 3115 1473
f 1473 3115 3116
f 1473 3116 1474
f 1474 3116 3117
f 1474 3117 1475
f 1475 3117 3118
f 1475 3118 1469
f 1469 3118 3119
f 1469 3119 1471
f 1471 3119 3120
f 1471 3120 1490
f 1490 3120 3121
f 1490 3121 1491
f 1491 3121 3122
f 1491 3122 1501
f 1501 3122 3123
f 1501 3123 1502
f 1502 3123 3124
f 1502 3124 1503
f 1503 3124 3125
f 1503 3125 1499
f 1499 3125 3126
f 1499 3126 1500
f 1500 3126 3127
f 1500 3127 1466
f 1466 3127 3128
f 1466 3128 1467
f 1467 3128 3129
f 1467 3129 1452
f 1452 3129 3130
f 1452 3130 1453
f 1453 3130 3131
f 1453 3131 1447
f 3131 3132 1447
f 1447 3132 3053
f 1447 3053 1449
f 3133 3134 2910
f 2910 3134 2912
f 3135 3136 3137
f 3137 3136 3138
f 3137 3138 3133
f 3133 3138 3139
f 3133 3139 3134
f 3140 3141 3142
f 3142 3141 3143
f 3142 3143 3135
f 3135 3143 3144
f 3135 3144 3136
f 3145 3146 3147
f 3147 3146 3148
f 3147 3148 3140
f 3140 3148 3149
f 3140 3149 3141
f 1233 1235 3100
f 3100 1235 3150
f 3100 3150 3151
f 3150 3152 3151
f 3151 3152 3153
f 3151 3153 3154
f 3154 3153 3155
f 3154 3155 3145
f 3145 3155 3156
f 3145 3156 3146
f 1239 1144 3096
f 3096 1144 3157
f 3096 3157 3106
f 3106 3157 3158
f 3106 3158 3109
f 3109 3158 3159
f 3109 3159 3108
f 3108 3159 3160
f 3108 3160 3107
f 3107 3160 3161
f 3107 3161 3110
f 3110 3161 3162
f 3110 3162 3095
f 3095 3162 3094
f 3095 3094 2907
f 2907 3094 2903
f 2910 2909 3133
f 3133 2909 3163
f 3133 3163 3137
f 3137 3163 3164
f 3137 3164 3135
f 3135 3164 3165
f 3135 3165 3142
f 3142 3165 3166
f 3142 3166 3140
f 3140 3166 3167
f 3140 3167 3147
f 3147 3167 3168
f 3147 3168 3145
f 3145 3168 3169
f 3145 3169 3154
f 3154 3169 3170
f 3154 3170 3151
f 3151 3170 3171
f 3151 3171 3100
f 3100 3171 3099
f 3100 3099 1232
f 1232 3099 1131
f 1144 1143 3157
f 3157 1143 3102
f 3157 3102 3158
f 3158 3102 3172
f 3158 3172 3159
f 3159 3172 3173
f 3159 3173 3160
f 3160 3173 3174
f 3160 3174 3161
f 3161 3174 3175
f 3161 3175 3162
f 3162 3175 3176
f 3162 3176 3094
f 3094 3176 3093
f 3094 3093 2904
f 2904 3093 2897
f 2909 2901 3163
f 3163 2901 3090
f 3163 3090 3164
f 3164 3090 3177
f 3164 3177 3165
f 3165 3177 3178
f 3165 3178 3166
f 3166 3178 3179
f 3166 3179 3167
f 3167 3179 3180
f 3167 3180 3168
f 3168 3180 3181
f 3168 3181 3169
f 3169 3181 3182
f 3169 3182 3170
f 3170 3182 3183
f 3170 3183 3171
f 3171 3183 3184
f 3171 3184 3099
f 3099 3184 3101
f 3099 3101 1134
f 1134 3101 1135
f 2900 2895 3090
f 3090 2895 3091
f 3090 3091 3177
f 3177 3091 3185
f 3177 3185 3178
f 3178 3185 3186
f 3178 3186 3179
f 3179 3186 3187
f 3179 3187 3180
f 3180 3187 3188
f 3180 3188 3181
f 3181 3188 3189
f 3181 3189 3182
f 3182 3189 3190
f 3182 3190 3183
f 3183 3190 3191
f 3183 3191 3184
f 3184 3191 3192
f 3184 3192 3101
f 3101 3192 3193
f 3101 3193 3097
f 3097 3193 3194
f 3097 3194 3098
f 3098 3194 3195
f 3098 3195 3105
f 3105 3195 3196
f 3105 3196 3104
f 3104 3196 3197
f 3104 3197 3103
f 3103 3197 3198
f 3103 3198 3102
f 3102 3198 3199
f 3102 3199 3172
f 3172 3199 3200
f 3172 3200 3173
f 3173 3200 3201
f 3173 3201 3174
f 3174 3201 3202
f 3174 3202 3175
f 3175 3202 3203
f 3175 3203 3176
f 3176 3203 3204
f 3176 3204 3093
f 3093 3204 3092
f 3093 3092 2898
f 2898 3092 2891
f 2894 3031 3091
f 3091 3031 3205
f 3091 3205 3185
f 3185 3205 3206
f 3185 3206 3186
f 3186 3206 3207
f 3186 3207 3187
f 3187 3207 3208
f 3187 3208 3188
f 3188 3208 3209
f 3188 3209 3189
f 3189 3209 3210
f 3189 3210 3190
f 3190 3210 3211
f 3190 3211 3191
f 3191 3211 3212
f 3191 3212 3192
f 3192 3212 3213
f 3192 3213 3193
f 3193 3213 3214
f 3193 3214 3194
f 3194 3214 3215
f 3194 3215 3195
f 3195 3215 3216
f 3195 3216 3196
f 3196 3216 3217
f 3196 3217 3197
f 3197 3217 3218
f 3197 3218 3198
f 3198 3218 3219
f 3198 3219 3199
f 3199 3219 3220
f 3199 3220 3200
f 3200 3220 3221
f 3200 3221 3201
f 3201 3221 3222
f 3201 3222 3202
f 3202 3222 3223
f 3202 3223 3203
f 3203 3223 3224
f 3203 3224 3204
f 3204 3224 3225
f 3204 3225 3092
f 3092 3225 3226
f 3092 3226 2892
f 2892 3226 2888
f 3031 3053 3205
f 3205 3053 3132
f 3205 3132 3206
f 3206 3132 3131
f 3206 3131 3207
f 3207 3131 3130
f 3207 3130 3208
f 3208 3130 3129
f 3208 3129 3209
f 3209 3129 3128
f 3209 3128 3210
f 3210 3128 3127
f 3210 3127 3211
f 3211 3127 3126
f 3211 3126 3212
f 3212 3126 3125
f 3212 3125 3213
f 3213 3125 3124
f 3213 3124 3214
f 3214 3124 3123
f 3214 3123 3215
f 3215 3123 3122
f 3215 3122 3216
f 3216 3122 3121
f 3216 3121 3217
f 3217 3121 3120
f 3217 3120 3218
f 3218 3120 3119
f 3218 3119 3219
f 3219 3119 3118
f 3219 3118 3220
f 3220 3118 3117
f 3220 3117 3221
f 3221 3117 3116
f 3221 3116 3222
f 3222 3116 3115
f 3222 3115 3223
f 3223 3115 3114
f 3223 3114 3224
f 3224 3114 3113
f 3224 3113 3225
f 3225 3113 3112
f 3225 3112 3226
f 3226 3112 3111
f 3226 3111 2888
f 2888 3111 2889
f 2884 2968 2885
f 2885 2968 3066
f 2965 3067 2967
f 2967 3067 3066
f 2967 3066 2969
f 2969 3066 2968
f 2965 2964 3067
f 3067 2964 2962
f 3067 2962 3068
f 2957 3069 2959
f 2959 3069 3068
f 2959 3068 2961
f 2961 3068 2962
f 2957 2956 3069
f 3069 2956 2954
f 3069 2954 3076
f 3076 2954 2952
f 3076 2952 3075
f 3075 2952 2951
f 3075 2951 2949
f 2949 2948 3075
f 3075 2948 2946
f 3075 2946 3074
f 3074 2946 2944
f 3074 2944 3073
f 3073 2944 2943
f 2938 3072 2940
f 2940 3072 3073
f 2940 3073 2942
f 2942 3073 2943
f 2938 2937 3072
f 3072 2937 2935
f 3072 2935 3071
f 2930 3070 2932
f 2932 3070 3071
f 2932 3071 2934
f 2934 3071 2935
f 2930 2929 3070
f 3070 2929 2927
f 3070 2927 3062
f 3062 2927 2925
f 3062 2925 3063
f 3063 2925 2924
f 3063 2924 2922
f 2922 2921 3063
f 3063 2921 2919
f 3063 2919 3064
f 3064 2919 2917
f 3064 2917 3065
f 3065 2917 2916
f 2912 3077 2913
f 2913 3077 3065
f 2913 3065 2914
f 2914 3065 2916
f 3077 2912 3078
f 3078 2912 3134
f 3134 3139 3078
f 3078 3139 3138
f 3078 3138 3079
f 3138 3136 3079
f 3079 3136 3144
f 3079 3144 3080
f 3144 3143 3080
f 3080 3143 3141
f 3080 3141 3057
f 3141 3149 3057
f 3057 3149 3148
f 3057 3148 3058
f 3148 3146 3058
f 3058 3146 3156
f 3058 3156 3059
f 3156 3155 3059
f 3059 3155 3153
f 3059 3153 3060
f 1235 1234 3150
f 3150 1234 3060
f 3150 3060 3152
f 3152 3060 3153
f 2720 2718 2516
f 1176 1178 1941
f 1166 1165 2510
f 2510 1165 1163
f 2510 1163 1162
f 1166 2510 1168
f 1168 2510 1173
f 1168 1173 1170
f 1178 1180 1941
f 1941 1180 1181
f 1941 1181 1942
f 1186 1926 1185
f 1185 1926 1942
f 1185 1942 1183
f 1183 1942 1181
f 866 1016 2736
f 2736 1016 2517
f 2718 2717 2516
f 2516 2717 2723
f 2516 2723 2517
f 2517 2723 2737
f 2517 2737 2736
f 2720 2516 2721
f 2721 2516 2515
f 2721 2515 2728
f 2728 2515 2730
f 2730 2515 2514
f 2730 2514 2731
f 2513 2527 2514
f 2514 2527 2528
f 2528 2724 2514
f 2514 2724 2726
f 2514 2726 2731
f 1938 1937 2512
f 2512 1937 1935
f 2512 1935 2513
f 2513 1935 2521
f 2513 2521 2527
f 1939 1933 2511
f 2511 1933 1931
f 2511 1931 2512
f 2512 1931 1929
f 2512 1929 1938
f 1939 2511 1940
f 1940 2511 2510
f 1940 2510 1941
f 1941 2510 1162
f 1941 1162 1176
f 1730 1718 2844
f 2844 1718 1719
f 2844 1719 2845
f 2845 1719 1721
f 2845 1721 2846
f 2846 1721 1706
f 2846 1706 2847
f 2847 1706 1708
f 2847 1708 2853
f 2853 1708 1710
f 2853 1710 1724
f 1724 1710 1712
f 2751 2750 1723
f 1711 1709 2779
f 2779 2778 1711
f 1711 2778 2777
f 1711 2777 1704
f 1704 2777 2756
f 1704 2756 1705
f 1723 2750 1707
f 2750 2776 1707
f 1707 2776 2775
f 1707 2775 1709
f 1709 2775 2780
f 1709 2780 2779
f 2807 2754 1722
f 1722 2754 2753
f 1722 2753 1723
f 1723 2753 2774
f 1723 2774 2751
f 2807 1722 2815
f 2815 1722 1720
f 2815 1720 2762
f 2762 1720 1683
f 2762 1683 1682
f 1681 1669 2867
f 2867 1669 1670
f 2867 1670 2863
f 2863 1670 1672
f 2863 1672 2862
f 2862 1672 1657
f 2862 1657 2866
f 2866 1657 1659
f 2866 1659 2870
f 2870 1659 1661
f 2870 1661 1675
f 1675 1661 1663
f 2644 1653 1652
f 1660 2670 1662
f 1662 2670 2669
f 1662 2669 1652
f 1652 2669 2645
f 1652 2645 2644
f 2666 2664 1658
f 1658 2664 2662
f 1658 2662 1660
f 1660 2662 2661
f 1660 2661 2670
f 2666 1658 2667
f 2667 1658 1674
f 2667 1674 2654
f 2660 2659 1673
f 1673 2659 2657
f 1673 2657 1674
f 1674 2657 2655
f 1674 2655 2654
f 2660 1673 2673
f 2673 1673 1671
f 2673 1671 2651
f 2651 1671 1631
f 2651 1631 1630
f 1629 1617 2856
f 2856 1617 1618
f 2856 1618 2860
f 2860 1618 1620
f 2860 1620 2861
f 2861 1620 1605
f 2861 1605 2865
f 2865 1605 1607
f 2865 1607 2857
f 2857 1607 1609
f 2857 1609 1623
f 1623 1609 1611
f 2568 1603 1602
f 2568 1602 2677
f 2677 1602 1610
f 2677 1610 2675
f 2675 1610 1608
f 2675 1608 2582
f 2580 2585 1606
f 1606 2585 2584
f 1606 2584 1608
f 1608 2584 2583
f 1608 2583 2582
f 2580 1606 2581
f 2581 1606 1622
f 2581 1622 2579
f 2579 1622 2576
f 2576 1622 1621
f 2576 1621 2575
f 2575 1621 2573
f 2573 1621 1619
f 2573 1619 2574
f 2574 1619 1584
f 2574 1584 1583
f 1582 1570 2843
f 2843 1570 1571
f 2843 1571 2855
f 2855 1571 1573
f 2855 1573 2854
f 2854 1573 1558
f 2854 1558 2848
f 2848 1558 1560
f 2848 1560 2849
f 2849 1560 1562
f 2849 1562 1576
f 1576 1562 1564
f 1557 1556 2789
f 2789 1556 1563
f 2789 1563 2790
f 2790 1563 2791
f 2791 1563 1561
f 2791 1561 2792
f 1559 2787 1561
f 1561 2787 2786
f 1561 2786 2792
f 2782 1575 2783
f 2783 1575 1574
f 2783 1574 2784
f 2782 2748 1575
f 1575 2748 2747
f 1575 2747 1559
f 1559 2747 2788
f 1559 2788 2787
f 2784 1574 2785
f 2785 1574 1572
f 2785 1572 2781
f 2781 1572 1535
f 2781 1535 1534
f 1533 3227 3228
f 3229 3227 1533
f 1531 3229 1533
f 1533 3230 1519
f 3231 3230 1533
f 3228 3231 1533
f 1531 1532 3229
f 3229 1532 2852
f 3229 2852 3227
f 3227 2852 2851
f 3227 2851 3228
f 3228 2851 2850
f 3228 2850 3231
f 3231 2850 2842
f 3231 2842 3230
f 3230 2842 2841
f 3230 2841 1519
f 1519 2841 1520
f 1518 3232 3233
f 3234 3232 1518
f 1516 3234 1518
f 1518 3235 1504
f 3236 3235 1518
f 3233 3236 1518
f 1516 1517 3234
f 3234 1517 2868
f 3234 2868 3232
f 3232 2868 2869
f 3232 2869 3233
f 3233 2869 2864
f 3233 2864 3236
f 3236 2864 2858
f 3236 2858 3235
f 3235 2858 2859
f 3235 2859 1504
f 1504 2859 1505
f 1348 1311 3237
f 3237 1311 1310
f 1310 1314 3237
f 3237 1314 1313
f 3237 1313 3238
f 3238 1313 1316
f 1319 3239 3240
f 1316 1322 3238
f 3238 1322 1321
f 3238 1321 3240
f 3240 1321 1320
f 3240 1320 1319
f 1319 1318 3239
f 3239 1318 1317
f 3239 1317 3241
f 3241 1317 1269
f 1269 1325 3241
f 3241 1325 1324
f 3241 1324 3242
f 3242 1324 1265
f 1333 1335 1330
f 1330 1335 3242
f 1330 3242 1264
f 1264 3242 1265
f 1350 1419 3243
f 3243 1419 1420
f 3243 1420 3244
f 3244 1420 3245
f 3245 1420 1422
f 3245 1422 3246
f 3246 1422 3247
f 3247 1422 1424
f 3247 1424 3248
f 3248 1424 3249
f 3249 1424 1427
f 3249 1427 3250
f 3250 1427 3251
f 3251 1427 1429
f 3251 1429 3252
f 3252 1429 3253
f 3253 1429 1413
f 3253 1413 1401
f 1401 1389 3254
f 1389 1378 3255
f 1378 1377 1411
f 1378 1411 3255
f 3255 1411 1410
f 3255 1410 3256
f 3256 1410 1409
f 3256 1409 3257
f 3257 1409 1408
f 3257 1408 3258
f 3258 1408 1402
f 3258 1402 3259
f 3259 1402 1403
f 3259 1403 3260
f 3260 1403 1404
f 3260 1404 3261
f 3261 1404 1407
f 3261 1407 3262
f 3262 1407 1406
f 3262 1406 3263
f 3263 1406 1405
f 3263 1405 3264
f 3264 1405 1412
f 3264 1412 3265
f 3265 1412 1355
f 3265 1355 1353
f 1389 3255 3254
f 3254 3255 3256
f 3254 3256 3266
f 3266 3256 3257
f 3266 3257 3267
f 3267 3257 3258
f 3267 3258 3268
f 3268 3258 3259
f 3268 3259 3269
f 3269 3259 3260
f 3269 3260 3270
f 3270 3260 3261
f 3270 3261 3271
f 3271 3261 3262
f 3271 3262 3272
f 3272 3262 3263
f 3272 3263 3273
f 3273 3263 3264
f 3273 3264 3274
f 3274 3264 3265
f 3274 3265 3275
f 3275 3265 1353
f 3275 1353 1351
f 1401 3254 3253
f 3253 3254 3266
f 3253 3266 3252
f 3252 3266 3267
f 3252 3267 3251
f 3251 3267 3268
f 3251 3268 3250
f 3250 3268 3269
f 3250 3269 3249
f 3249 3269 3270
f 3249 3270 3248
f 3248 3270 3271
f 3248 3271 3247
f 3247 3271 3272
f 3247 3272 3246
f 3246 3272 3273
f 3246 3273 3245
f 3245 3273 3274
f 3245 3274 3244
f 3244 3274 3275
f 3244 3275 3243
f 3243 3275 1351
f 3243 1351 1350
f 1349 1348 3237
f 1349 3237 1421
f 1421 3237 3238
f 1421 3238 1423
f 1423 3238 3240
f 1423 3240 1425
f 1425 3240 3239
f 1425 3239 1426
f 1426 3239 3241
f 1426 3241 1428
f 1428 3241 3242
f 1428 3242 1430
f 1430 3242 1335
f 1430 1335 1334
f 1446 1444 3276
f 3277 3278 1441
f 1448 1282 1305
f 1451 1448 3279
f 1465 1451 3280
f 1498 1465 3281
f 1461 1456 3282
f 1271 1461 3283
f 1498 3284 1492
f 1492 3284 3285
f 1492 3285 1472
f 1472 3285 3286
f 1472 3286 1470
f 1470 3286 3287
f 1470 3287 1468
f 1468 3287 3288
f 1468 3288 1455
f 1455 3288 3289
f 1455 3289 1456
f 3284 3290 3285
f 3285 3290 3291
f 3285 3291 3286
f 3286 3291 3292
f 3286 3292 3287
f 3287 3292 3293
f 3287 3293 3288
f 3288 3293 3294
f 3288 3294 3289
f 3289 3294 3295
f 3290 3278 3291
f 3291 3278 3277
f 3291 3277 3292
f 3292 3277 3296
f 3292 3296 3293
f 3293 3296 3297
f 3293 3297 3294
f 3294 3297 3298
f 3294 3298 3295
f 3295 3298 3299
f 1271 3283 1272
f 1272 3283 3300
f 1272 3300 1331
f 1331 3300 3301
f 1331 3301 1332
f 1332 3301 1431
f 1332 1431 1333
f 3302 1433 1432
f 1461 3282 3283
f 3283 3282 3303
f 3283 3303 3300
f 3300 3303 3302
f 3300 3302 3301
f 3301 3302 1432
f 3301 1432 1431
f 1456 3289 3282
f 3282 3289 3295
f 3282 3295 3303
f 3303 3295 3299
f 3303 3299 3302
f 3302 3299 1434
f 3302 1434 1433
f 1441 1440 3277
f 3277 1440 1439
f 3277 1439 3296
f 3296 1439 1435
f 3296 1435 3297
f 3297 1435 1438
f 3297 1438 3298
f 3298 1438 1437
f 3298 1437 3299
f 3299 1437 1436
f 3299 1436 1434
f 3304 1443 1442
f 1498 3281 3284
f 3284 3281 3305
f 3284 3305 3290
f 3290 3305 3304
f 3290 3304 3278
f 3278 3304 1442
f 3278 1442 1441
f 1465 3280 3281
f 3281 3280 3306
f 3281 3306 3305
f 3305 3306 3276
f 3305 3276 3304
f 3304 3276 1444
f 3304 1444 1443
f 1451 3279 3280
f 3280 3279 3307
f 3280 3307 3306
f 3306 3307 3308
f 3306 3308 3276
f 3276 3308 1445
f 3276 1445 1446
f 1448 1305 3279
f 3279 1305 1307
f 3279 1307 3307
f 3307 1307 1309
f 3307 1309 3308
f 3308 1309 1311
f 3308 1311 1445
f 1208 3082 1209
f 1209 3082 3081
f 1209 3081 1855
f 1242 1241 3088
f 3088 1241 1857
f 1856 3086 1857
f 1857 3086 3087
f 1857 3087 3088
f 3081 3083 1855
f 1855 3083 3084
f 1855 3084 1856
f 1856 3084 3085
f 1856 3085 3086
f 3309 3310 3311
f 3311 3310 3312
f 3311 3312 3313
f 3313 3312 3314
f 3313 3314 3315
f 3315 3314 3316
f 3315 3316 3317
f 3317 3316 3318
f 3317 3318 3319
f 3319 3318 3320
f 3319 3320 3321
f 3321 3320 3322
f 3323 3324 3325
f 3325 3324 3326
f 3325 3326 3327
f 3327 3326 3328
f 3327 3328 3329
f 3329 3328 3330
f 3329 3330 3331
f 3331 3330 3332
f 3331 3332 3333
f 3333 3332 3334
f 3333 3334 3335
f 3335 3334 3336
f 3337 3338 3339
f 3339 3338 3340
f 3339 3340 3341
f 3341 3340 3342
f 3341 3342 3343
f 3343 3342 3344
f 3343 3344 3345
f 3345 3344 3346
f 3345 3346 3347
f 3347 3346 3348
f 3347 3348 3349
f 3349 3348 3350
f 3351 3341 3343
f 3339 3341 3351
f 3337 3339 3351
f 3351 3347 3349
f 3345 3347 3351
f 3343 3345 3351
f 3352 3353 3354
f 3354 3353 3355
f 3354 3355 3356
f 3356 3355 3357
f 3356 3357 3358
f 3358 3357 3359
f 3358 3359 3360
f 3360 3359 3361
f 3360 3361 3362
f 3362 3361 3363
f 3362 3363 3364
f 3364 3363 3365
f 3366 3367 3368
f 3366 3368 3369
f 3369 3368 3370
f 3369 3370 3371
f 3371 3370 3372
f 3371 3372 3373
f 3373 3372 3374
f 3373 3374 3375
f 3376 3377 3378
f 3378 3377 3379
f 3380 3381 3382
f 3382 3381 3383
f 3382 3383 3384
f 3385 3386 3384
f 3384 3386 3387
f 3384 3387 3382
f 3379 3388 3378
f 3378 3388 3385
f 3378 3385 3389
f 3389 3385 3384
f 3390 3391 3392
f 3392 3393 3390
f 3390 3393 3394
f 3390 3394 3395
f 3395 3394 3396
f 3396 3394 3397
f 3396 3397 3398
f 3399 3400 3401
f 3401 3402 3399
f 3399 3402 3403
f 3399 3403 3404
f 3404 3403 3405
f 3404 3405 3406
f 3406 3405 3407
f 3406 3407 3408
f 3409 3410 3407
f 3407 3410 3411
f 3407 3411 3408
f 3412 3413 3414
f 3414 3415 3412
f 3412 3415 3416
f 3412 3416 3417
f 3417 3416 3418
f 3417 3418 3419
f 3420 3421 3422
f 3422 3421 3423
f 3422 3423 3424
f 3425 3426 3427
f 3427 3428 3425
f 3425 3428 3429
f 3425 3429 3430
f 3430 3429 3431
f 3430 3431 3432
f 3432 3431 3433
f 3432 3433 3434
f 3435 3436 3437
f 3435 3437 3438
f 3438 3437 3439
f 3438 3439 3440
f 3440 3439 3441
f 3440 3441 3442
f 3443 3444 3445
f 3443 3445 3446
f 3446 3445 3447
f 3446 3447 3448
f 3448 3447 3449
f 3448 3449 3450
f 3450 3449 3451
f 3450 3451 3452
f 3452 3451 3453
f 3452 3453 3454
f 3454 3453 3455
f 3454 3455 3456
f 3456 3455 3457
f 3456 3457 3458
f 3458 3457 3459
f 3458 3459 3460
f 3461 3462 3463
f 3463 3464 3461
f 3461 3464 3465
f 3461 3465 3466
f 3466 3465 3467
f 3466 3467 3468
f 3468 3467 3469
f 3468 3469 3470
f 3470 3469 3471
f 3470 3471 3472
f 3473 3474 3475
f 3471 3476 3472
f 3472 3476 3473
f 3472 3473 3477
f 3477 3473 3475
f 3478 3479 3480
f 3478 3480 3481
f 3481 3480 3482
f 3481 3482 3483
f 3483 3482 3484
f 3483 3484 3485
f 3485 3484 3486
f 3485 3486 3487
f 3487 3486 3488
f 3487 3488 3489
f 3489 3488 3490
f 3489 3490 3491
f 3491 3490 3492
f 3491 3492 3493
f 3493 3492 3494
f 3493 3494 3495
f 3496 3497 3498
f 3499 3500 3501
f 3498 3502 3496
f 3496 3502 3503
f 3496 3503 3504
f 3504 3503 3505
f 3504 3505 3506
f 3506 3505 3507
f 3506 3507 3508
f 3508 3507 3509
f 3508 3509 3510
f 3510 3509 3511
f 3510 3511 3512
f 3512 3511 3499
f 3512 3499 3513
f 3513 3499 3501
f 3501 3500 3514
f 3514 3500 3515
f 3514 3515 3516
f 3516 3515 3517
f 3516 3517 3518
f 3518 3517 3519
f 3518 3519 3443
f 3443 3519 3444
f 3497 3495 3498
f 3498 3495 3494
f 3475 3474 3520
f 3520 3474 3521
f 3520 3521 3522
f 3522 3521 3523
f 3522 3523 3524
f 3524 3523 3525
f 3524 3525 3478
f 3478 3525 3479
f 3462 3460 3463
f 3463 3460 3459
f 3526 3527 3528
f 3526 3528 3529
f 3529 3528 3530
f 3529 3530 3531
f 3531 3530 3532
f 3532 3530 3533
f 3532 3533 3534
f 3534 3533 3535
f 3534 3535 3536
f 3536 3535 3537
f 3536 3537 3538
f 3538 3537 3539
f 3538 3539 3540
f 3540 3539 3541
f 3540 3541 3542
f 3542 3541 3543
f 3542 3543 3544
f 3544 3543 3545
f 3544 3545 3546
f 3545 3547 3546
f 3546 3547 3548
f 3546 3548 3549
f 3548 3550 3549
f 3549 3550 3551
f 3549 3551 3552
f 3553 3554 3555
f 3556 3557 3558
f 3558 3557 3559
f 3558 3559 3560
f 3560 3559 3561
f 3560 3561 3562
f 3562 3561 3563
f 3562 3563 3564
f 3564 3563 3565
f 3564 3565 3566
f 3566 3565 3567
f 3566 3567 3568
f 3568 3567 3569
f 3568 3569 3570
f 3571 3572 3573
f 3574 3575 3576
f 3575 3574 3577
f 3577 3574 3578
f 3577 3578 3579
f 3580 3581 3582
f 3581 3580 3583
f 3584 3583 3585
f 3585 3583 3580
f 3585 3580 3586
f 3586 3580 3587
f 3586 3587 3588
f 3588 3587 3589
f 3588 3589 3590
f 3590 3589 3591
f 3590 3591 3592
f 3592 3591 3593
f 3592 3593 3594
f 3553 3555 3595
f 3556 3584 3557
f 3557 3584 3585
f 3557 3585 3559
f 3559 3585 3586
f 3559 3586 3561
f 3561 3586 3588
f 3561 3588 3563
f 3563 3588 3590
f 3563 3590 3565
f 3565 3590 3592
f 3565 3592 3567
f 3567 3592 3594
f 3567 3594 3569
f 3554 3578 3555
f 3555 3578 3574
f 3555 3574 3571
f 3571 3574 3576
f 3571 3576 3572
f 3596 3570 3573
f 3573 3570 3569
f 3573 3569 3571
f 3571 3569 3594
f 3571 3594 3555
f 3555 3594 3593
f 3555 3593 3595
f 3595 3593 3591
f 3595 3591 3597
f 3597 3591 3589
f 3597 3589 3598
f 3598 3589 3587
f 3598 3587 3599
f 3599 3587 3580
f 3599 3580 3600
f 3600 3580 3582
f 3600 3582 3601
f 3602 3603 3604
f 3605 3606 3601
f 3607 3608 3609
f 3609 3608 3610
f 3609 3610 3611
f 3612 3613 3614
f 3556 3613 3615
f 3615 3613 3612
f 3615 3612 3616
f 3606 3617 3618
f 3618 3617 3619
f 3618 3619 3620
f 3621 3604 3622
f 3622 3604 3603
f 3622 3603 3623
f 3582 3581 3624
f 3624 3581 3616
f 3624 3616 3625
f 3625 3616 3612
f 3625 3612 3607
f 3607 3612 3614
f 3607 3614 3608
f 3606 3605 3617
f 3617 3605 3626
f 3617 3626 3619
f 3619 3626 3627
f 3619 3627 3628
f 3629 3602 3628
f 3628 3602 3604
f 3628 3604 3619
f 3619 3604 3621
f 3619 3621 3620
f 3601 3582 3605
f 3605 3582 3624
f 3605 3624 3626
f 3626 3624 3625
f 3626 3625 3627
f 3627 3625 3607
f 3627 3607 3628
f 3628 3607 3609
f 3628 3609 3629
f 3629 3609 3611
f 3610 3630 3611
f 3611 3630 3631
f 3611 3631 3629
f 3629 3631 3632
f 3629 3632 3602
f 3602 3632 3603
f 3603 3632 3633
f 3603 3633 3623
f 3634 3635 3636
f 3637 3638 3639
f 3637 3639 3640
f 3641 3642 3643
f 3644 3645 3646
f 3646 3645 3647
f 3648 3649 3650
f 3636 3648 3634
f 3634 3648 3650
f 3634 3650 3651
f 3651 3650 3652
f 3651 3652 3653
f 3653 3652 3654
f 3653 3654 3655
f 3655 3654 3656
f 3655 3656 3657
f 3657 3656 3658
f 3657 3658 3659
f 3635 3634 3660
f 3660 3634 3651
f 3660 3651 3661
f 3661 3651 3653
f 3661 3653 3662
f 3662 3653 3655
f 3662 3655 3663
f 3663 3655 3657
f 3663 3657 3664
f 3664 3657 3659
f 3664 3659 3641
f 3638 3644 3639
f 3639 3644 3646
f 3639 3646 3665
f 3665 3646 3647
f 3665 3647 3642
f 3642 3641 3665
f 3665 3641 3659
f 3665 3659 3639
f 3639 3659 3658
f 3639 3658 3640
f 3640 3658 3656
f 3640 3656 3666
f 3666 3656 3654
f 3666 3654 3667
f 3667 3654 3652
f 3667 3652 3668
f 3668 3652 3650
f 3668 3650 3669
f 3669 3650 3649
f 3669 3649 3670
f 3643 3671 3641
f 3641 3671 3672
f 3641 3672 3664
f 3664 3672 3673
f 3664 3673 3663
f 3663 3673 3674
f 3663 3674 3662
f 3662 3674 3675
f 3662 3675 3661
f 3661 3675 3676
f 3661 3676 3660
f 3660 3676 3677
f 3660 3677 3635
f 3635 3677 3678
f 3635 3678 3636
f 3679 3680 3681
f 3682 3683 3684
f 3685 3686 3687
f 3687 3686 3688
f 3689 3690 3691
f 3692 3670 3693
f 3693 3670 3649
f 3693 3649 3648
f 3689 3691 3694
f 3694 3691 3695
f 3694 3695 3696
f 3697 3698 3690
f 3690 3698 3681
f 3690 3681 3691
f 3691 3681 3680
f 3691 3680 3695
f 3699 3700 3701
f 3701 3702 3699
f 3699 3702 3703
f 3699 3703 3704
f 3703 3705 3704
f 3704 3705 3706
f 3704 3706 3707
f 3686 3700 3688
f 3688 3700 3699
f 3688 3699 3708
f 3708 3699 3704
f 3708 3704 3709
f 3709 3704 3707
f 3678 3682 3636
f 3636 3682 3684
f 3636 3684 3648
f 3648 3684 3697
f 3648 3697 3693
f 3693 3697 3690
f 3693 3690 3692
f 3692 3690 3689
f 3683 3685 3684
f 3684 3685 3687
f 3684 3687 3697
f 3697 3687 3688
f 3697 3688 3698
f 3698 3688 3708
f 3698 3708 3681
f 3681 3708 3709
f 3681 3709 3679
f 3679 3709 3707
f 3706 3710 3707
f 3707 3710 3711
f 3712 3680 3711
f 3711 3680 3679
f 3711 3679 3707
f 3713 3696 3712
f 3712 3696 3695
f 3712 3695 3680
f 3714 3715 3716
f 3717 3718 3719
f 3720 3721 3722
f 3722 3721 3723
f 3722 3723 3724
f 3724 3723 3725
f 3724 3725 3726
f 3726 3725 3727
f 3726 3727 3728
f 3728 3727 3729
f 3728 3729 3730
f 3730 3729 3731
f 3730 3731 3732
f 3732 3731 3733
f 3732 3733 3734
f 3734 3733 3735
f 3734 3735 3736
f 3737 3738 3739
f 3740 3741 3714
f 3741 3740 3742
f 3714 3716 3740
f 3740 3716 3743
f 3740 3743 3744
f 3744 3743 3745
f 3744 3745 3746
f 3746 3745 3747
f 3746 3747 3748
f 3748 3747 3749
f 3748 3749 3750
f 3750 3749 3751
f 3750 3751 3752
f 3752 3751 3737
f 3752 3737 3753
f 3753 3737 3739
f 3753 3739 3754
f 3755 3742 3756
f 3756 3742 3740
f 3756 3740 3757
f 3757 3740 3744
f 3757 3744 3758
f 3758 3744 3746
f 3758 3746 3759
f 3759 3746 3748
f 3759 3748 3760
f 3760 3748 3750
f 3760 3750 3761
f 3761 3750 3752
f 3761 3752 3719
f 3719 3752 3753
f 3719 3753 3717
f 3717 3753 3754
f 3720 3755 3721
f 3721 3755 3756
f 3721 3756 3723
f 3723 3756 3757
f 3723 3757 3725
f 3725 3757 3758
f 3725 3758 3727
f 3727 3758 3759
f 3727 3759 3729
f 3729 3759 3760
f 3729 3760 3731
f 3731 3760 3761
f 3731 3761 3733
f 3733 3761 3719
f 3733 3719 3735
f 3735 3719 3718
f 3762 3763 3764
f 3765 3766 3715
f 3767 3768 3769
f 3769 3768 3770
f 3769 3770 3771
f 3772 3773 3774
f 3720 3773 3775
f 3775 3773 3772
f 3775 3772 3742
f 3766 3776 3777
f 3777 3776 3778
f 3777 3778 3779
f 3780 3764 3781
f 3781 3764 3763
f 3781 3763 3782
f 3714 3783 3784
f 3784 3783 3742
f 3784 3742 3785
f 3785 3742 3772
f 3785 3772 3767
f 3767 3772 3774
f 3767 3774 3768
f 3766 3765 3776
f 3776 3765 3786
f 3776 3786 3778
f 3778 3786 3787
f 3778 3787 3788
f 3789 3762 3788
f 3788 3762 3764
f 3788 3764 3778
f 3778 3764 3780
f 3778 3780 3779
f 3715 3714 3765
f 3765 3714 3784
f 3765 3784 3786
f 3786 3784 3785
f 3786 3785 3787
f 3787 3785 3767
f 3787 3767 3788
f 3788 3767 3769
f 3788 3769 3789
f 3789 3769 3771
f 3770 3790 3771
f 3771 3790 3791
f 3771 3791 3789
f 3789 3791 3792
f 3789 3792 3762
f 3762 3792 3763
f 3763 3792 3793
f 3763 3793 3782
f 3794 3795 3796
f 3797 3798 3799
f 3800 3801 3802
f 3800 3802 3803
f 3797 3799 3804
f 3804 3799 3805
f 3804 3805 3806
f 3807 3808 3809
f 3809 3808 3810
f 3811 3812 3813
f 3813 3812 3814
f 3815 3806 3816
f 3816 3806 3805
f 3816 3805 3817
f 3796 3817 3794
f 3794 3817 3805
f 3794 3805 3818
f 3818 3805 3799
f 3818 3799 3819
f 3819 3799 3798
f 3819 3798 3820
f 3795 3794 3821
f 3821 3794 3818
f 3821 3818 3822
f 3822 3818 3819
f 3822 3819 3823
f 3823 3819 3820
f 3823 3820 3824
f 3825 3826 3824
f 3824 3826 3827
f 3824 3827 3823
f 3823 3827 3828
f 3823 3828 3822
f 3822 3828 3829
f 3822 3829 3821
f 3821 3829 3830
f 3821 3830 3795
f 3795 3830 3831
f 3795 3831 3796
f 3832 3825 3833
f 3833 3825 3824
f 3833 3824 3834
f 3834 3824 3820
f 3834 3820 3835
f 3835 3820 3798
f 3835 3798 3836
f 3836 3798 3797
f 3801 3811 3802
f 3802 3811 3813
f 3802 3813 3837
f 3837 3813 3814
f 3837 3814 3810
f 3810 3808 3837
f 3837 3808 3838
f 3837 3838 3802
f 3802 3838 3839
f 3802 3839 3803
f 3807 3832 3808
f 3808 3832 3833
f 3808 3833 3838
f 3838 3833 3834
f 3838 3834 3839
f 3839 3834 3835
f 3839 3835 3803
f 3803 3835 3836
f 3840 3841 3842
f 3843 3844 3845
f 3845 3844 3846
f 3847 3848 3849
f 3850 3815 3851
f 3851 3815 3816
f 3851 3816 3817
f 3847 3849 3852
f 3852 3849 3853
f 3852 3853 3854
f 3855 3856 3848
f 3848 3856 3842
f 3848 3842 3849
f 3849 3842 3841
f 3849 3841 3853
f 3857 3858 3859
f 3859 3860 3857
f 3857 3860 3861
f 3857 3861 3862
f 3861 3863 3862
f 3862 3863 3864
f 3862 3864 3865
f 3844 3858 3846
f 3846 3858 3857
f 3846 3857 3866
f 3866 3857 3862
f 3866 3862 3867
f 3867 3862 3865
f 3831 3868 3796
f 3796 3868 3869
f 3796 3869 3817
f 3817 3869 3855
f 3817 3855 3851
f 3851 3855 3848
f 3851 3848 3850
f 3850 3848 3847
f 3868 3843 3869
f 3869 3843 3845
f 3869 3845 3855
f 3855 3845 3846
f 3855 3846 3856
f 3856 3846 3866
f 3856 3866 3842
f 3842 3866 3867
f 3842 3867 3840
f 3840 3867 3865
f 3864 3870 3865
f 3865 3870 3871
f 3872 3841 3871
f 3871 3841 3840
f 3871 3840 3865
f 3873 3854 3872
f 3872 3854 3853
f 3872 3853 3841
f 3874 3875 3876
f 3877 3878 3879
f 3880 3881 3882
f 3882 3881 3883
f 3882 3883 3884
f 3884 3883 3885
f 3884 3885 3886
f 3886 3885 3887
f 3886 3887 3888
f 3888 3887 3889
f 3888 3889 3890
f 3890 3889 3891
f 3890 3891 3892
f 3892 3891 3893
f 3892 3893 3894
f 3894 3893 3895
f 3894 3895 3896
f 3897 3898 3899
f 3900 3901 3874
f 3901 3900 3902
f 3874 3876 3900
f 3900 3876 3903
f 3900 3903 3904
f 3904 3903 3905
f 3904 3905 3906
f 3906 3905 3907
f 3906 3907 3908
f 3908 3907 3909
f 3908 3909 3910
f 3910 3909 3911
f 3910 3911 3912
f 3912 3911 3897
f 3912 3897 3913
f 3913 3897 3899
f 3913 3899 3914
f 3915 3902 3916
f 3916 3902 3900
f 3916 3900 3917
f 3917 3900 3904
f 3917 3904 3918
f 3918 3904 3906
f 3918 3906 3919
f 3919 3906 3908
f 3919 3908 3920
f 3920 3908 3910
f 3920 3910 3921
f 3921 3910 3912
f 3921 3912 3879
f 3879 3912 3913
f 3879 3913 3877
f 3877 3913 3914
f 3880 3915 3881
f 3881 3915 3916
f 3881 3916 3883
f 3883 3916 3917
f 3883 3917 3885
f 3885 3917 3918
f 3885 3918 3887
f 3887 3918 3919
f 3887 3919 3889
f 3889 3919 3920
f 3889 3920 3891
f 3891 3920 3921
f 3891 3921 3893
f 3893 3921 3879
f 3893 3879 3895
f 3895 3879 3878
f 3922 3923 3924
f 3925 3926 3875
f 3927 3928 3929
f 3929 3928 3930
f 3929 3930 3931
f 3932 3933 3934
f 3880 3933 3935
f 3935 3933 3932
f 3935 3932 3902
f 3926 3936 3937
f 3937 3936 3938
f 3937 3938 3939
f 3940 3924 3941
f 3941 3924 3923
f 3941 3923 3942
f 3874 3901 3943
f 3943 3901 3902
f 3943 3902 3944
f 3944 3902 3932
f 3944 3932 3927
f 3927 3932 3934
f 3927 3934 3928
f 3926 3925 3936
f 3936 3925 3945
f 3936 3945 3938
f 3938 3945 3946
f 3938 3946 3947
f 3948 3922 3947
f 3947 3922 3924
f 3947 3924 3938
f 3938 3924 3940
f 3938 3940 3939
f 3875 3874 3925
f 3925 3874 3943
f 3925 3943 3945
f 3945 3943 3944
f 3945 3944 3946
f 3946 3944 3927
f 3946 3927 3947
f 3947 3927 3929
f 3947 3929 3948
f 3948 3929 3931
f 3930 3949 3931
f 3931 3949 3950
f 3931 3950 3948
f 3948 3950 3951
f 3948 3951 3922
f 3922 3951 3923
f 3923 3951 3952
f 3923 3952 3942
f 3953 3954 3955
f 3956 3957 3958
f 3956 3958 3959
f 3960 3961 3962
f 3963 3964 3965
f 3965 3964 3966
f 3967 3968 3969
f 3955 3967 3953
f 3953 3967 3969
f 3953 3969 3970
f 3970 3969 3971
f 3970 3971 3972
f 3972 3971 3973
f 3972 3973 3974
f 3974 3973 3975
f 3974 3975 3976
f 3976 3975 3977
f 3976 3977 3978
f 3954 3953 3979
f 3979 3953 3970
f 3979 3970 3980
f 3980 3970 3972
f 3980 3972 3981
f 3981 3972 3974
f 3981 3974 3982
f 3982 3974 3976
f 3982 3976 3983
f 3983 3976 3978
f 3983 3978 3960
f 3957 3963 3958
f 3958 3963 3965
f 3958 3965 3984
f 3984 3965 3966
f 3984 3966 3961
f 3961 3960 3984
f 3984 3960 3978
f 3984 3978 3958
f 3958 3978 3977
f 3958 3977 3959
f 3959 3977 3975
f 3959 3975 3985
f 3985 3975 3973
f 3985 3973 3986
f 3986 3973 3971
f 3986 3971 3987
f 3987 3971 3969
f 3987 3969 3988
f 3988 3969 3968
f 3988 3968 3989
f 3962 3990 3960
f 3960 3990 3991
f 3960 3991 3983
f 3983 3991 3992
f 3983 3992 3982
f 3982 3992 3993
f 3982 3993 3981
f 3981 3993 3994
f 3981 3994 3980
f 3980 3994 3995
f 3980 3995 3979
f 3979 3995 3996
f 3979 3996 3954
f 3954 3996 3997
f 3954 3997 3955
f 3998 3999 4000
f 4001 4002 4003
f 4003 4002 4004
f 4005 4006 4007
f 4008 3989 4009
f 4009 3989 3968
f 4009 3968 3967
f 4005 4007 4010
f 4010 4007 4011
f 4010 4011 4012
f 4013 4014 4006
f 4006 4014 4000
f 4006 4000 4007
f 4007 4000 3999
f 4007 3999 4011
f 4015 4016 4017
f 4017 4018 4015
f 4015 4018 4019
f 4015 4019 4020
f 4019 4021 4020
f 4020 4021 4022
f 4020 4022 4023
f 4002 4016 4004
f 4004 4016 4015
f 4004 4015 4024
f 4024 4015 4020
f 4024 4020 4025
f 4025 4020 4023
f 3997 4026 3955
f 3955 4026 4027
f 3955 4027 3967
f 3967 4027 4013
f 3967 4013 4009
f 4009 4013 4006
f 4009 4006 4008
f 4008 4006 4005
f 4026 4001 4027
f 4027 4001 4003
f 4027 4003 4013
f 4013 4003 4004
f 4013 4004 4014
f 4014 4004 4024
f 4014 4024 4000
f 4000 4024 4025
f 4000 4025 3998
f 3998 4025 4023
f 4022 4028 4023
f 4023 4028 4029
f 4030 3999 4029
f 4029 3999 3998
f 4029 3998 4023
f 4031 4012 4030
f 4030 4012 4011
f 4030 4011 3999
f 4032 4033 4034
f 4035 4036 4037
f 4037 4036 4038
f 4037 4038 4039
f 4039 4038 4040
f 4039 4040 4041
f 4041 4040 4042
f 4041 4042 4043
f 4043 4042 4044
f 4043 4044 4045
f 4045 4044 4046
f 4045 4046 4047
f 4047 4046 4048
f 4047 4048 4049
f 4050 4051 4052
f 4053 4054 4055
f 4054 4053 4056
f 4056 4053 4057
f 4056 4057 4058
f 4059 4060 4061
f 4060 4059 4062
f 4063 4062 4064
f 4064 4062 4059
f 4064 4059 4065
f 4065 4059 4066
f 4065 4066 4067
f 4067 4066 4068
f 4067 4068 4069
f 4069 4068 4070
f 4069 4070 4071
f 4071 4070 4072
f 4071 4072 4073
f 4032 4034 4074
f 4035 4063 4036
f 4036 4063 4064
f 4036 4064 4038
f 4038 4064 4065
f 4038 4065 4040
f 4040 4065 4067
f 4040 4067 4042
f 4042 4067 4069
f 4042 4069 4044
f 4044 4069 4071
f 4044 4071 4046
f 4046 4071 4073
f 4046 4073 4048
f 4033 4057 4034
f 4034 4057 4053
f 4034 4053 4050
f 4050 4053 4055
f 4050 4055 4051
f 4075 4049 4052
f 4052 4049 4048
f 4052 4048 4050
f 4050 4048 4073
f 4050 4073 4034
f 4034 4073 4072
f 4034 4072 4074
f 4074 4072 4070
f 4074 4070 4076
f 4076 4070 4068
f 4076 4068 4077
f 4077 4068 4066
f 4077 4066 4078
f 4078 4066 4059
f 4078 4059 4079
f 4079 4059 4061
f 4079 4061 4080
f 4081 4082 4083
f 4084 4085 4080
f 4086 4087 4088
f 4088 4087 4089
f 4088 4089 4090
f 4091 4092 4093
f 4035 4092 4094
f 4094 4092 4091
f 4094 4091 4095
f 4085 4096 4097
f 4097 4096 4098
f 4097 4098 4099
f 4100 4083 4101
f 4101 4083 4082
f 4101 4082 4102
f 4061 4060 4103
f 4103 4060 4095
f 4103 4095 4104
f 4104 4095 4091
f 4104 4091 4086
f 4086 4091 4093
f 4086 4093 4087
f 4085 4084 4096
f 4096 4084 4105
f 4096 4105 4098
f 4098 4105 4106
f 4098 4106 4107
f 4108 4081 4107
f 4107 4081 4083
f 4107 4083 4098
f 4098 4083 4100
f 4098 4100 4099
f 4080 4061 4084
f 4084 4061 4103
f 4084 4103 4105
f 4105 4103 4104
f 4105 4104 4106
f 4106 4104 4086
f 4106 4086 4107
f 4107 4086 4088
f 4107 4088 4108
f 4108 4088 4090
f 4089 4109 4090
f 4090 4109 4110
f 4090 4110 4108
f 4108 4110 4111
f 4108 4111 4081
f 4081 4111 4082
f 4082 4111 4112
f 4082 4112 4102
f 4113 4114 4115
f 4116 4117 4118
f 4119 4120 4121
f 4119 4121 4122
f 4116 4118 4123
f 4123 4118 4124
f 4123 4124 4125
f 4126 4127 4128
f 4128 4127 4129
f 4130 4131 4132
f 4132 4131 4133
f 4134 4125 4135
f 4135 4125 4124
f 4135 4124 4136
f 4115 4136 4113
f 4113 4136 4124
f 4113 4124 4137
f 4137 4124 4118
f 4137 4118 4138
f 4138 4118 4117
f 4138 4117 4139
f 4114 4113 4140
f 4140 4113 4137
f 4140 4137 4141
f 4141 4137 4138
f 4141 4138 4142
f 4142 4138 4139
f 4142 4139 4143
f 4144 4145 4143
f 4143 4145 4146
f 4143 4146 4142
f 4142 4146 4147
f 4142 4147 4141
f 4141 4147 4148
f 4141 4148 4140
f 4140 4148 4149
f 4140 4149 4114
f 4114 4149 4150
f 4114 4150 4115
f 4151 4144 4152
f 4152 4144 4143
f 4152 4143 4153
f 4153 4143 4139
f 4153 4139 4154
f 4154 4139 4117
f 4154 4117 4155
f 4155 4117 4116
f 4120 4130 4121
f 4121 4130 4132
f 4121 4132 4156
f 4156 4132 4133
f 4156 4133 4129
f 4129 4127 4156
f 4156 4127 4157
f 4156 4157 4121
f 4121 4157 4158
f 4121 4158 4122
f 4126 4151 4127
f 4127 4151 4152
f 4127 4152 4157
f 4157 4152 4153
f 4157 4153 4158
f 4158 4153 4154
f 4158 4154 4122
f 4122 4154 4155
f 4159 4160 4161
f 4162 4163 4164
f 4165 4166 4167
f 4167 4166 4168
f 4169 4170 4171
f 4172 4134 4173
f 4173 4134 4135
f 4173 4135 4136
f 4169 4171 4174
f 4174 4171 4175
f 4174 4175 4176
f 4177 4178 4170
f 4170 4178 4161
f 4170 4161 4171
f 4171 4161 4160
f 4171 4160 4175
f 4179 4180 4181
f 4181 4182 4179
f 4179 4182 4183
f 4179 4183 4184
f 4183 4185 4184
f 4184 4185 4186
f 4184 4186 4187
f 4166 4180 4168
f 4168 4180 4179
f 4168 4179 4188
f 4188 4179 4184
f 4188 4184 4189
f 4189 4184 4187
f 4150 4162 4115
f 4115 4162 4164
f 4115 4164 4136
f 4136 4164 4177
f 4136 4177 4173
f 4173 4177 4170
f 4173 4170 4172
f 4172 4170 4169
f 4163 4165 4164
f 4164 4165 4167
f 4164 4167 4177
f 4177 4167 4168
f 4177 4168 4178
f 4178 4168 4188
f 4178 4188 4161
f 4161 4188 4189
f 4161 4189 4159
f 4159 4189 4187
f 4186 4190 4187
f 4187 4190 4191
f 4192 4160 4191
f 4191 4160 4159
f 4191 4159 4187
f 4193 4176 4192
f 4192 4176 4175
f 4192 4175 4160
f 4194 4195 4196
f 4197 4198 4199
f 4197 4199 4200
f 4201 4202 4203
f 4204 4205 4206
f 4206 4205 4207
f 4208 4209 4210
f 4196 4208 4194
f 4194 4208 4210
f 4194 4210 4211
f 4211 4210 4212
f 4211 4212 4213
f 4213 4212 4214
f 4213 4214 4215
f 4215 4214 4216
f 4215 4216 4217
f 4217 4216 4218
f 4217 4218 4219
f 4195 4194 4220
f 4220 4194 4211
f 4220 4211 4221
f 4221 4211 4213
f 4221 4213 4222
f 4222 4213 4215
f 4222 4215 4223
f 4223 4215 4217
f 4223 4217 4224
f 4224 4217 4219
f 4224 4219 4201
f 4198 4204 4199
f 4199 4204 4206
f 4199 4206 4225
f 4225 4206 4207
f 4225 4207 4202
f 4202 4201 4225
f 4225 4201 4219
f 4225 4219 4199
f 4199 4219 4218
f 4199 4218 4200
f 4200 4218 4216
f 4200 4216 4226
f 4226 4216 4214
f 4226 4214 4227
f 4227 4214 4212
f 4227 4212 4228
f 4228 4212 4210
f 4228 4210 4229
f 4229 4210 4209
f 4229 4209 4230
f 4203 4231 4201
f 4201 4231 4232
f 4201 4232 4224
f 4224 4232 4233
f 4224 4233 4223
f 4223 4233 4234
f 4223 4234 4222
f 4222 4234 4235
f 4222 4235 4221
f 4221 4235 4236
f 4221 4236 4220
f 4220 4236 4237
f 4220 4237 4195
f 4195 4237 4238
f 4195 4238 4196
f 4239 4240 4241
f 4242 4243 4244
f 4244 4243 4245
f 4246 4247 4248
f 4249 4230 4250
f 4250 4230 4209
f 4250 4209 4208
f 4246 4248 4251
f 4251 4248 4252
f 4251 4252 4253
f 4254 4255 4247
f 4247 4255 4241
f 4247 4241 4248
f 4248 4241 4240
f 4248 4240 4252
f 4256 4257 4258
f 4258 4259 4256
f 4256 4259 4260
f 4256 4260 4261
f 4260 4262 4261
f 4261 4262 4263
f 4261 4263 4264
f 4243 4257 4245
f 4245 4257 4256
f 4245 4256 4265
f 4265 4256 4261
f 4265 4261 4266
f 4266 4261 4264
f 4238 4267 4196
f 4196 4267 4268
f 4196 4268 4208
f 4208 4268 4254
f 4208 4254 4250
f 4250 4254 4247
f 4250 4247 4249
f 4249 4247 4246
f 4267 4242 4268
f 4268 4242 4244
f 4268 4244 4254
f 4254 4244 4245
f 4254 4245 4255
f 4255 4245 4265
f 4255 4265 4241
f 4241 4265 4266
f 4241 4266 4239
f 4239 4266 4264
f 4263 4269 4264
f 4264 4269 4270
f 4264 4270 4239
f 4271 4272 4273
f 4274 4275 4276
f 4277 4278 4279
f 4279 4278 4280
f 4279 4280 4281
f 4281 4280 4282
f 4281 4282 4283
f 4283 4282 4284
f 4283 4284 4285
f 4285 4284 4286
f 4285 4286 4287
f 4287 4286 4288
f 4287 4288 4289
f 4289 4288 4290
f 4289 4290 4291
f 4291 4290 4292
f 4291 4292 4293
f 4294 4295 4296
f 4297 4298 4271
f 4298 4297 4299
f 4271 4273 4297
f 4297 4273 4300
f 4297 4300 4301
f 4301 4300 4302
f 4301 4302 4303
f 4303 4302 4304
f 4303 4304 4305
f 4305 4304 4306
f 4305 4306 4307
f 4307 4306 4308
f 4307 4308 4309
f 4309 4308 4294
f 4309 4294 4310
f 4310 4294 4296
f 4310 4296 4311
f 4312 4299 4313
f 4313 4299 4297
f 4313 4297 4314
f 4314 4297 4301
f 4314 4301 4315
f 4315 4301 4303
f 4315 4303 4316
f 4316 4303 4305
f 4316 4305 4317
f 4317 4305 4307
f 4317 4307 4318
f 4318 4307 4309
f 4318 4309 4276
f 4276 4309 4310
f 4276 4310 4274
f 4274 4310 4311
f 4277 4312 4278
f 4278 4312 4313
f 4278 4313 4280
f 4280 4313 4314
f 4280 4314 4282
f 4282 4314 4315
f 4282 4315 4284
f 4284 4315 4316
f 4284 4316 4286
f 4286 4316 4317
f 4286 4317 4288
f 4288 4317 4318
f 4288 4318 4290
f 4290 4318 4276
f 4290 4276 4292
f 4292 4276 4275
f 4319 4320 4321
f 4322 4323 4272
f 4324 4325 4326
f 4326 4325 4327
f 4326 4327 4328
f 4329 4330 4331
f 4277 4330 4332
f 4332 4330 4329
f 4332 4329 4299
f 4323 4333 4334
f 4334 4333 4335
f 4334 4335 4336
f 4337 4321 4338
f 4338 4321 4320
f 4338 4320 4339
f 4271 4340 4341
f 4341 4340 4299
f 4341 4299 4342
f 4342 4299 4329
f 4342 4329 4324
f 4324 4329 4331
f 4324 4331 4325
f 4323 4322 4333
f 4333 4322 4343
f 4333 4343 4335
f 4335 4343 4344
f 4335 4344 4345
f 4346 4319 4345
f 4345 4319 4321
f 4345 4321 4335
f 4335 4321 4337
f 4335 4337 4336
f 4272 4271 4322
f 4322 4271 4341
f 4322 4341 4343
f 4343 4341 4342
f 4343 4342 4344
f 4344 4342 4324
f 4344 4324 4345
f 4345 4324 4326
f 4345 4326 4346
f 4346 4326 4328
f 4327 4347 4328
f 4328 4347 4348
f 4328 4348 4346
f 4346 4348 4349
f 4346 4349 4319
f 3566 3568 4350
f 4350 3568 3570
f 4350 3570 3596
f 4351 3556 3558
f 3610 3608 3614
f 3558 3560 4351
f 4351 3560 3562
f 4351 3562 4350
f 4350 3562 3564
f 4350 3564 3566
f 4351 3630 3556
f 3556 3630 3610
f 3556 3610 3613
f 3613 3610 3614
f 3669 3670 4352
f 3669 4352 3668
f 3637 4353 3638
f 3638 4353 3644
f 3670 3692 3689
f 3713 4352 3696
f 3696 4352 3670
f 3696 3670 4354
f 4354 3670 3689
f 3637 3640 4353
f 4353 3640 3666
f 4353 3666 4352
f 4352 3666 3667
f 4352 3667 3668
f 3573 3572 4355
f 4355 3572 3576
f 3576 3575 4355
f 4355 3575 3577
f 4355 3577 3579
f 4352 4351 4353
f 4353 4351 4350
f 4353 4350 3644
f 3644 4350 3596
f 3644 3596 3645
f 3645 3596 3573
f 3645 3573 3647
f 3647 3573 4355
f 3647 4355 3642
f 3642 4355 3643
f 3730 3732 4356
f 4356 3732 3734
f 4356 3734 3736
f 4357 3720 3722
f 3770 3768 3774
f 3722 3724 4357
f 4357 3724 3726
f 4357 3726 4356
f 4356 3726 3728
f 4356 3728 3730
f 4357 3790 3720
f 3720 3790 3770
f 3720 3770 3773
f 3773 3770 3774
f 3806 3815 4358
f 3806 4358 3804
f 3800 4359 3801
f 3801 4359 3811
f 3815 3850 3847
f 3873 4358 3854
f 3854 4358 3815
f 3854 3815 4360
f 4360 3815 3847
f 3800 3803 4359
f 4359 3803 3836
f 4359 3836 4358
f 4358 3836 3797
f 4358 3797 3804
f 3735 3718 4361
f 4361 3718 3717
f 3717 3754 4361
f 4361 3754 3739
f 4361 3739 3738
f 4358 4357 4359
f 4359 4357 4356
f 4359 4356 3811
f 3811 4356 3736
f 3811 3736 3812
f 3812 3736 3735
f 3812 3735 3814
f 3814 3735 4361
f 3814 4361 3810
f 3810 4361 3809
f 3890 3892 4362
f 4362 3892 3894
f 4362 3894 3896
f 4363 3880 3882
f 3930 3928 3934
f 3882 3884 4363
f 4363 3884 3886
f 4363 3886 4362
f 4362 3886 3888
f 4362 3888 3890
f 4363 3949 3880
f 3880 3949 3930
f 3880 3930 3933
f 3933 3930 3934
f 3988 3989 4364
f 3988 4364 3987
f 3956 4365 3957
f 3957 4365 3963
f 3989 4008 4005
f 4031 4364 4012
f 4012 4364 3989
f 4012 3989 4366
f 4366 3989 4005
f 3956 3959 4365
f 4365 3959 3985
f 4365 3985 4364
f 4364 3985 3986
f 4364 3986 3987
f 3895 3878 4367
f 4367 3878 3877
f 3877 3914 4367
f 4367 3914 3899
f 4367 3899 3898
f 4364 4363 4365
f 4365 4363 4362
f 4365 4362 3963
f 3963 4362 3896
f 3963 3896 3964
f 3964 3896 3895
f 3964 3895 3966
f 3966 3895 4367
f 3966 4367 3961
f 3961 4367 3962
f 4045 4047 4368
f 4368 4047 4049
f 4368 4049 4075
f 4369 4035 4037
f 4089 4087 4093
f 4037 4039 4369
f 4369 4039 4041
f 4369 4041 4368
f 4368 4041 4043
f 4368 4043 4045
f 4369 4109 4035
f 4035 4109 4089
f 4035 4089 4092
f 4092 4089 4093
f 4229 4230 4370
f 4229 4370 4228
f 4197 4371 4198
f 4198 4371 4204
f 4230 4249 4246
f 4372 4370 4253
f 4253 4370 4230
f 4253 4230 4373
f 4373 4230 4246
f 4197 4200 4371
f 4371 4200 4226
f 4371 4226 4370
f 4370 4226 4227
f 4370 4227 4228
f 4052 4051 4374
f 4374 4051 4055
f 4055 4054 4374
f 4374 4054 4056
f 4374 4056 4058
f 4370 4369 4371
f 4371 4369 4368
f 4371 4368 4204
f 4204 4368 4075
f 4204 4075 4205
f 4205 4075 4052
f 4205 4052 4207
f 4207 4052 4374
f 4207 4374 4202
f 4202 4374 4203
f 4287 4289 4375
f 4375 4289 4291
f 4375 4291 4293
f 4376 4277 4279
f 4327 4325 4331
f 4279 4281 4376
f 4376 4281 4283
f 4376 4283 4375
f 4375 4283 4285
f 4375 4285 4287
f 4376 4347 4277
f 4277 4347 4327
f 4277 4327 4330
f 4330 4327 4331
f 4125 4134 4377
f 4125 4377 4123
f 4119 4378 4120
f 4120 4378 4130
f 4134 4172 4169
f 4193 4377 4176
f 4176 4377 4134
f 4176 4134 4379
f 4379 4134 4169
f 4119 4122 4378
f 4378 4122 4155
f 4378 4155 4377
f 4377 4155 4116
f 4377 4116 4123
f 4292 4275 4380
f 4380 4275 4274
f 4274 4311 4380
f 4380 4311 4296
f 4380 4296 4295
f 4377 4376 4378
f 4378 4376 4375
f 4378 4375 4130
f 4130 4375 4293
f 4130 4293 4131
f 4131 4293 4292
f 4131 4292 4133
f 4133 4292 4380
f 4133 4380 4129
f 4129 4380 4128
f 4381 4382 4383
f 4384 4385 4386
f 4384 4386 4387
f 4388 4389 4390
f 4391 4392 4393
f 4393 4392 4394
f 4395 4396 4397
f 4383 4395 4381
f 4381 4395 4397
f 4381 4397 4398
f 4398 4397 4399
f 4398 4399 4400
f 4400 4399 4401
f 4400 4401 4402
f 4402 4401 4403
f 4402 4403 4404
f 4404 4403 4405
f 4404 4405 4406
f 4382 4381 4407
f 4407 4381 4398
f 4407 4398 4408
f 4408 4398 4400
f 4408 4400 4409
f 4409 4400 4402
f 4409 4402 4410
f 4410 4402 4404
f 4410 4404 4411
f 4411 4404 4406
f 4411 4406 4388
f 4385 4391 4386
f 4386 4391 4393
f 4386 4393 4412
f 4412 4393 4394
f 4412 4394 4389
f 4389 4388 4412
f 4412 4388 4406
f 4412 4406 4386
f 4386 4406 4405
f 4386 4405 4387
f 4387 4405 4403
f 4387 4403 4413
f 4413 4403 4401
f 4413 4401 4414
f 4414 4401 4399
f 4414 4399 4415
f 4415 4399 4397
f 4415 4397 4416
f 4416 4397 4396
f 4416 4396 4417
f 4390 4418 4388
f 4388 4418 4419
f 4388 4419 4411
f 4411 4419 4420
f 4411 4420 4410
f 4410 4420 4421
f 4410 4421 4409
f 4409 4421 4422
f 4409 4422 4408
f 4408 4422 4423
f 4408 4423 4407
f 4407 4423 4424
f 4407 4424 4382
f 4382 4424 4425
f 4382 4425 4383
f 4426 4427 4428
f 4429 4430 4431
f 4432 4433 4434
f 4434 4433 4435
f 4436 4437 4438
f 4439 4417 4440
f 4440 4417 4396
f 4440 4396 4395
f 4436 4438 4441
f 4441 4438 4442
f 4441 4442 4443
f 4444 4445 4437
f 4437 4445 4428
f 4437 4428 4438
f 4438 4428 4427
f 4438 4427 4442
f 4446 4447 4448
f 4448 4449 4446
f 4446 4449 4450
f 4446 4450 4451
f 4450 4452 4451
f 4451 4452 4453
f 4451 4453 4454
f 4433 4447 4435
f 4435 4447 4446
f 4435 4446 4455
f 4455 4446 4451
f 4455 4451 4456
f 4456 4451 4454
f 4425 4429 4383
f 4383 4429 4431
f 4383 4431 4395
f 4395 4431 4444
f 4395 4444 4440
f 4440 4444 4437
f 4440 4437 4439
f 4439 4437 4436
f 4430 4432 4431
f 4431 4432 4434
f 4431 4434 4444
f 4444 4434 4435
f 4444 4435 4445
f 4445 4435 4455
f 4445 4455 4428
f 4428 4455 4456
f 4428 4456 4426
f 4426 4456 4454
f 4453 4457 4454
f 4454 4457 4458
f 4459 4427 4458
f 4458 4427 4426
f 4458 4426 4454
f 4460 4443 4459
f 4459 4443 4442
f 4459 4442 4427
f 4461 4462 4463
f 4464 4465 4466
f 4467 4468 4469
f 4469 4468 4470
f 4469 4470 4471
f 4471 4470 4472
f 4471 4472 4473
f 4473 4472 4474
f 4473 4474 4475
f 4475 4474 4476
f 4475 4476 4477
f 4477 4476 4478
f 4477 4478 4479
f 4479 4478 4480
f 4479 4480 4481
f 4481 4480 4482
f 4481 4482 4483
f 4484 4485 4486
f 4487 4488 4461
f 4488 4487 4489
f 4461 4463 4487
f 4487 4463 4490
f 4487 4490 4491
f 4491 4490 4492
f 4491 4492 4493
f 4493 4492 4494
f 4493 4494 4495
f 4495 4494 4496
f 4495 4496 4497
f 4497 4496 4498
f 4497 4498 4499
f 4499 4498 4484
f 4499 4484 4500
f 4500 4484 4486
f 4500 4486 4501
f 4502 4489 4503
f 4503 4489 4487
f 4503 4487 4504
f 4504 4487 4491
f 4504 4491 4505
f 4505 4491 4493
f 4505 4493 4506
f 4506 4493 4495
f 4506 4495 4507
f 4507 4495 4497
f 4507 4497 4508
f 4508 4497 4499
f 4508 4499 4466
f 4466 4499 4500
f 4466 4500 4464
f 4464 4500 4501
f 4467 4502 4468
f 4468 4502 4503
f 4468 4503 4470
f 4470 4503 4504
f 4470 4504 4472
f 4472 4504 4505
f 4472 4505 4474
f 4474 4505 4506
f 4474 4506 4476
f 4476 4506 4507
f 4476 4507 4478
f 4478 4507 4508
f 4478 4508 4480
f 4480 4508 4466
f 4480 4466 4482
f 4482 4466 4465
f 4509 4510 4511
f 4512 4513 4462
f 4514 4515 4516
f 4516 4515 4517
f 4516 4517 4518
f 4519 4520 4521
f 4467 4520 4522
f 4522 4520 4519
f 4522 4519 4489
f 4513 4523 4524
f 4524 4523 4525
f 4524 4525 4526
f 4527 4511 4528
f 4528 4511 4510
f 4528 4510 4529
f 4461 4488 4530
f 4530 4488 4489
f 4530 4489 4531
f 4531 4489 4519
f 4531 4519 4514
f 4514 4519 4521
f 4514 4521 4515
f 4513 4512 4523
f 4523 4512 4532
f 4523 4532 4525
f 4525 4532 4533
f 4525 4533 4534
f 4535 4509 4534
f 4534 4509 4511
f 4534 4511 4525
f 4525 4511 4527
f 4525 4527 4526
f 4462 4461 4512
f 4512 4461 4530
f 4512 4530 4532
f 4532 4530 4531
f 4532 4531 4533
f 4533 4531 4514
f 4533 4514 4534
f 4534 4514 4516
f 4534 4516 4535
f 4535 4516 4518
f 4517 4536 4518
f 4518 4536 4537
f 4518 4537 4535
f 4535 4537 4538
f 4535 4538 4509
f 4509 4538 4510
f 4510 4538 4539
f 4510 4539 4529
f 4477 4479 4540
f 4540 4479 4481
f 4540 4481 4483
f 4541 4467 4469
f 4517 4515 4521
f 4469 4471 4541
f 4541 4471 4473
f 4541 4473 4540
f 4540 4473 4475
f 4540 4475 4477
f 4541 4536 4467
f 4467 4536 4517
f 4467 4517 4520
f 4520 4517 4521
f 4416 4417 4542
f 4416 4542 4415
f 4384 4543 4385
f 4385 4543 4391
f 4417 4439 4436
f 4460 4542 4443
f 4443 4542 4417
f 4443 4417 4544
f 4544 4417 4436
f 4384 4387 4543
f 4543 4387 4413
f 4543 4413 4542
f 4542 4413 4414
f 4542 4414 4415
f 4482 4465 4545
f 4545 4465 4464
f 4464 4501 4545
f 4545 4501 4486
f 4545 4486 4485
f 4542 4541 4543
f 4543 4541 4540
f 4543 4540 4391
f 4391 4540 4483
f 4391 4483 4392
f 4392 4483 4482
f 4392 4482 4394
f 4394 4482 4545
f 4394 4545 4389
f 4389 4545 4390
f 4546 4547 4548
f 4546 4548 4549
f 4549 4548 4550
f 4549 4550 4551
f 4550 4552 4551
f 4551 4552 4553
f 4551 4553 4554
f 4554 4553 4555
f 4554 4555 4556
f 4556 4555 4557
f 4557 4555 4558
f 4557 4558 4559
f 4560 4561 4562
f 4560 4562 4563
f 4562 4564 4563
f 4563 4564 4565
f 4563 4565 4566
f 4566 4565 4567
f 4566 4567 4568
f 4568 4567 4569
f 4568 4569 4570
f 4570 4569 4571
f 4571 4569 4572
f 4571 4572 4573
f 4546 4574 4547
f 4547 4574 4575
f 4560 4576 4561
f 4561 4576 4577
f 4578 4577 4576
f 4576 4579 4578
f 4578 4579 4580
f 4578 4580 4581
f 4581 4580 4582
f 4581 4582 4583
f 4583 4582 4584
f 4585 4586 4584
f 4584 4586 4587
f 4584 4587 4583
f 4575 4574 4588
f 4588 4574 4589
f 4588 4589 4590
f 4590 4589 4591
f 4590 4591 4592
f 4592 4591 4593
f 4592 4593 4594
f 4594 4593 4595
f 4594 4595 4596
f 4596 4595 4597
f 4596 4597 4598
f 4598 4597 4599
f 4598 4599 4585
f 4585 4599 4600
f 4585 4600 4586
f 4601 4602 4603
f 4601 4603 4604
f 4605 4606 4607
f 4607 4606 4604
f 4607 4604 4608
f 4608 4604 4603
f 4609 4610 4611
f 4611 4610 4612
f 4611 4612 4613
f 4613 4612 4614
f 4613 4614 4615
f 4615 4614 4616
f 4615 4616 4617
f 4617 4616 4618
f 4617 4618 4605
f 4605 4618 4606
f 4602 4601 4619
f 4619 4601 4620
f 4619 4620 4621
f 4621 4620 4622
f 4621 4622 4623
f 4623 4622 4624
f 4623 4624 4625
f 4625 4624 4626
f 4625 4626 4627
f 4627 4626 4628
f 4610 4609 4629
f 4629 4609 4630
f 4627 4628 4631
f 4631 4628 4632
f 4633 4634 4635
f 4635 4634 4636
f 4635 4636 4637
f 4637 4636 4638
f 4637 4638 4639
f 4639 4638 4640
f 4639 4640 4641
f 4641 4640 4642
f 4641 4642 4630
f 4630 4642 4629
f 4643 4644 4645
f 4645 4644 4646
f 4645 4646 4647
f 4647 4646 4648
f 4647 4648 4649
f 4649 4648 4650
f 4631 4632 4651
f 4651 4632 4652
f 4651 4652 4650
f 4650 4652 4653
f 4650 4653 4649
f 4634 4633 4654
f 4654 4633 4655
f 4655 4656 4654
f 4654 4656 4657
f 4654 4657 4658
f 4658 4657 4659
f 4658 4659 4660
f 4660 4659 4661
f 4660 4661 4662
f 4661 4663 4662
f 4662 4663 4664
f 4662 4664 4665
f 4664 4666 4665
f 4665 4666 4667
f 4665 4667 4668
f 4669 4670 4671
f 4671 4670 4672
f 4673 4674 4675
f 4675 4674 4676
f 4675 4676 4677
f 4677 4676 4678
f 4677 4678 4679
f 4679 4678 4680
f 4679 4680 4681
f 4681 4680 4682
f 4681 4682 4669
f 4669 4682 4670
f 4671 4672 4683
f 4683 4672 4684
f 4683 4684 4685
f 4685 4684 4686
f 4685 4686 4687
f 4687 4686 4688
f 4687 4688 4689
f 4689 4688 4690
f 4689 4690 4691
f 4691 4690 4692
f 4674 4673 4693
f 4693 4673 4694
f 4691 4692 4695
f 4695 4692 4696
f 4693 4694 4697
f 4697 4694 4698
f 4697 4698 4699
f 4699 4698 4700
f 4699 4700 4701
f 4701 4700 4702
f 4703 4704 4705
f 4705 4704 4706
f 4705 4706 4702
f 4702 4706 4707
f 4702 4707 4701
f 4695 4696 4708
f 4708 4696 4709
f 4708 4709 4710
f 4710 4709 4711
f 4710 4711 4712
f 4712 4711 4713
f 4712 4713 4714
f 4714 4713 4715
f 4714 4715 4716
f 4716 4715 4717
f 4718 4719 4720
f 4720 4721 4718
f 4718 4721 4722
f 4718 4722 4723
f 4722 4724 4723
f 4723 4724 4725
f 4723 4725 4726
f 4725 4727 4726
f 4726 4727 4728
f 4726 4728 4729
f 4716 4717 4730
f 4730 4717 4729
f 4730 4729 4731
f 4731 4729 4728
f 4693 4697 4632
f 4632 4697 4652
f 4652 4697 4653
f 4653 4697 4699
f 4653 4699 4649
f 4699 4701 4649
f 4649 4701 4707
f 4649 4707 4647
f 4647 4707 4706
f 4647 4706 4645
f 4645 4706 4704
f 4645 4704 4643
f 4638 4636 4715
f 4715 4636 4634
f 4715 4634 4717
f 4715 4713 4638
f 4638 4713 4711
f 4638 4711 4640
f 4640 4711 4709
f 4640 4709 4642
f 4642 4709 4696
f 4642 4696 4629
f 4610 4692 4690
f 4610 4690 4612
f 4690 4688 4612
f 4612 4688 4686
f 4612 4686 4614
f 4614 4686 4684
f 4614 4684 4616
f 4616 4684 4618
f 4618 4684 4672
f 4618 4672 4606
f 4601 4670 4682
f 4601 4682 4620
f 4682 4680 4620
f 4620 4680 4678
f 4620 4678 4622
f 4622 4678 4676
f 4622 4676 4624
f 4624 4676 4626
f 4626 4676 4674
f 4626 4674 4628
f 4606 4672 4604
f 4604 4672 4670
f 4604 4670 4601
f 4693 4632 4674
f 4674 4632 4628
f 4692 4610 4696
f 4696 4610 4629
f 4732 4733 4734
f 4734 4733 4735
f 4734 4735 4736
f 4736 4735 4737
f 4736 4737 4738
f 4738 4737 4739
f 4738 4739 4740
f 4740 4739 4741
f 4740 4741 4742
f 4742 4741 4743
f 4742 4743 4744
f 4744 4743 4745
f 4744 4745 4746
f 4746 4745 4747
f 4746 4747 4748
f 4748 4747 4749
f 4748 4749 4750
f 4750 4749 4751
f 4750 4751 4752
f 4752 4751 4753
f 4752 4753 4754
f 4754 4753 4755
f 4754 4755 4756
f 4756 4755 4757
f 4756 4757 4758
f 4758 4757 4759
f 4760 4761 4762
f 4760 4762 4763
f 4762 4764 4763
f 4763 4764 4765
f 4763 4765 4766
f 4766 4765 4767
f 4766 4767 4768
f 4768 4767 4769
f 4768 4769 4770
f 4770 4769 4771
f 4771 4769 4772
f 4771 4772 4773
f 4774 4775 4776
f 4774 4776 4777
f 4776 4778 4777
f 4777 4778 4779
f 4777 4779 4780
f 4780 4779 4781
f 4780 4781 4782
f 4782 4781 4783
f 4782 4783 4784
f 4784 4783 4785
f 4785 4783 4786
f 4785 4786 4787
f 4788 4789 4790
f 4788 4790 4791
f 4790 4792 4791
f 4791 4792 4793
f 4791 4793 4794
f 4794 4793 4795
f 4794 4795 4796
f 4796 4795 4797
f 4796 4797 4798
f 4798 4797 4799
f 4799 4797 4800
f 4799 4800 4801
f 4802 4803 4804
f 4804 4803 4805
f 4803 4806 4805
f 4805 4806 4807
f 4805 4807 4808
f 4808 4807 4809
f 4808 4809 4810
f 4810 4809 4811
f 4810 4811 4812
f 4812 4811 4813
f 4813 4811 4814
f 4813 4814 4815
f 4789 4788 4816
f 4816 4788 4817
f 4816 4817 4804
f 4804 4817 4802
f 4800 4775 4801
f 4801 4775 4774
f 4786 4783 4818
f 4818 4783 4781
f 4781 4779 4818
f 4818 4779 4778
f 4818 4778 4819
f 4819 4778 4776
f 4819 4776 4775
f 4793 4792 4775
f 4793 4775 4795
f 4795 4775 4800
f 4795 4800 4797
f 4820 4819 4760
f 4760 4819 4815
f 4812 4813 4816
f 4812 4816 4810
f 4810 4816 4808
f 4808 4816 4804
f 4808 4804 4805
f 4813 4815 4816
f 4816 4815 4819
f 4816 4819 4789
f 4789 4819 4775
f 4789 4775 4790
f 4790 4775 4792
f 4760 4763 4820
f 4820 4763 4766
f 4820 4766 4768
f 4768 4770 4820
f 4820 4770 4771
f 4820 4771 4773
f 4814 4761 4815
f 4815 4761 4760
f 4821 4822 4823
f 4823 4822 4824
f 4823 4824 4825
f 4825 4824 4826
f 4825 4826 4827
f 4827 4826 4828
f 4827 4828 4829
f 4829 4828 4830
f 4829 4830 4831
f 4831 4830 4832
f 4831 4832 4833
f 4833 4832 4834
f 4835 4823 4836
f 4836 4823 4825
f 4836 4825 4837
f 4837 4825 4827
f 4837 4827 4838
f 4838 4827 4829
f 4838 4829 4839
f 4839 4829 4831
f 4839 4831 4840
f 4840 4831 4833
f 4840 4833 4841
f 4841 4833 4842
f 4841 4842 4843
f 4843 4842 4844
f 4843 4844 4845
f 4845 4844 4846
f 4845 4846 4847
f 4847 4846 4848
f 4847 4848 4849
f 4849 4848 4850
f 4849 4850 4851
f 4851 4850 4821
f 4851 4821 4835
f 4835 4821 4823
f 4852 4851 4853
f 4853 4851 4835
f 4853 4835 4854
f 4854 4835 4836
f 4854 4836 4855
f 4855 4836 4837
f 4855 4837 4856
f 4856 4837 4838
f 4856 4838 4857
f 4857 4838 4839
f 4857 4839 4858
f 4858 4839 4840
f 4859 4860 4861
f 4861 4860 4862
f 4861 4862 4863
f 4863 4862 4864
f 4863 4864 4865
f 4865 4864 4866
f 4865 4866 4867
f 4867 4866 4868
f 4867 4868 4869
f 4869 4868 4870
f 4869 4870 4871
f 4871 4870 4872
f 4873 4874 4875
f 4875 4874 4859
f 4875 4859 4876
f 4876 4859 4861
f 4876 4861 4877
f 4877 4861 4863
f 4877 4863 4878
f 4878 4863 4865
f 4878 4865 4879
f 4879 4865 4867
f 4879 4867 4880
f 4880 4867 4869
f 4880 4869 4881
f 4881 4869 4871
f 4881 4871 4882
f 4882 4871 4883
f 4882 4883 4884
f 4884 4883 4885
f 4884 4885 4886
f 4886 4885 4887
f 4886 4887 4888
f 4888 4887 4889
f 4888 4889 4873
f 4873 4889 4874
f 4890 4875 4891
f 4891 4875 4876
f 4891 4876 4892
f 4892 4876 4877
f 4892 4877 4893
f 4893 4877 4878
f 4893 4878 4894
f 4894 4878 4879
f 4894 4879 4895
f 4895 4879 4880
f 4895 4880 4896
f 4896 4880 4881
f 4897 4898 4899
f 4899 4898 4900
f 4899 4900 4901
f 4901 4900 4902
f 4901 4902 4903
f 4903 4902 4904
f 4903 4904 4905
f 4905 4904 4906
f 4905 4906 4907
f 4907 4906 4908
f 4907 4908 4909
f 4909 4908 4910
f 4911 4912 4913
f 4913 4912 4897
f 4913 4897 4914
f 4914 4897 4899
f 4914 4899 4915
f 4915 4899 4901
f 4915 4901 4916
f 4916 4901 4903
f 4916 4903 4917
f 4917 4903 4905
f 4917 4905 4918
f 4918 4905 4907
f 4918 4907 4919
f 4919 4907 4909
f 4919 4909 4920
f 4920 4909 4921
f 4920 4921 4922
f 4922 4921 4923
f 4922 4923 4924
f 4924 4923 4925
f 4924 4925 4926
f 4926 4925 4927
f 4926 4927 4911
f 4911 4927 4912
f 4928 4913 4929
f 4929 4913 4914
f 4929 4914 4930
f 4930 4914 4915
f 4930 4915 4931
f 4931 4915 4916
f 4931 4916 4932
f 4932 4916 4917
f 4932 4917 4933
f 4933 4917 4918
f 4933 4918 4934
f 4934 4918 4919
f 4935 4936 4937
f 4937 4936 4938
f 4937 4938 4939
f 4939 4938 4940
f 4939 4940 4941
f 4941 4940 4942
f 4941 4942 4943
f 4943 4942 4944
f 4943 4944 4945
f 4945 4944 4946
f 4945 4946 4947
f 4947 4946 4948
f 4949 4947 4950
f 4950 4947 4951
f 4950 4951 4952
f 4952 4951 4953
f 4952 4953 4954
f 4954 4953 4955
f 4954 4955 4956
f 4956 4955 4957
f 4956 4957 4958
f 4958 4957 4959
f 4958 4959 4960
f 4960 4959 4935
f 4960 4935 4961
f 4961 4935 4937
f 4961 4937 4962
f 4962 4937 4939
f 4962 4939 4963
f 4963 4939 4941
f 4963 4941 4964
f 4964 4941 4943
f 4964 4943 4965
f 4965 4943 4945
f 4965 4945 4949
f 4949 4945 4947
f 4966 4960 4967
f 4967 4960 4961
f 4967 4961 4968
f 4968 4961 4962
f 4968 4962 4969
f 4969 4962 4963
f 4969 4963 4970
f 4970 4963 4964
f 4970 4964 4971
f 4971 4964 4965
f 4971 4965 4972
f 4972 4965 4949
f 4973 4974 4975
f 4975 4974 4976
f 4975 4976 4977
f 4977 4976 4978
f 4977 4978 4979
f 4979 4978 4980
f 4979 4980 4981
f 4981 4980 4982
f 4981 4982 4983
f 4983 4982 4984
f 4983 4984 4985
f 4985 4984 4986
f 4987 4988 4989
f 4989 4988 4973
f 4989 4973 4990
f 4990 4973 4975
f 4990 4975 4991
f 4991 4975 4977
f 4991 4977 4992
f 4992 4977 4979
f 4992 4979 4993
f 4993 4979 4981
f 4993 4981 4994
f 4994 4981 4983
f 4994 4983 4995
f 4995 4983 4985
f 4995 4985 4996
f 4996 4985 4997
f 4996 4997 4998
f 4998 4997 4999
f 4998 4999 5000
f 5000 4999 5001
f 5000 5001 5002
f 5002 5001 5003
f 5002 5003 4987
f 4987 5003 4988
f 5004 4989 5005
f 5005 4989 4990
f 5005 4990 5006
f 5006 4990 4991
f 5006 4991 5007
f 5007 4991 4992
f 5007 4992 5008
f 5008 4992 4993
f 5008 4993 5009
f 5009 4993 4994
f 5009 4994 5010
f 5010 4994 4995
f 5011 5012 5013
f 5013 5012 5014
f 5013 5014 5015
f 5015 5014 5016
f 5015 5016 5017
f 5017 5016 5018
f 5017 5018 5019
f 5019 5018 5020
f 5019 5020 5021
f 5021 5020 5022
f 5021 5022 5023
f 5023 5022 5024
f 5025 5017 5026
f 5026 5017 5019
f 5026 5019 5027
f 5027 5019 5021
f 5027 5021 5028
f 5028 5021 5023
f 5028 5023 5029
f 5029 5023 5030
f 5029 5030 5031
f 5031 5030 5032
f 5031 5032 5033
f 5033 5032 5034
f 5033 5034 5035
f 5035 5034 5036
f 5035 5036 5037
f 5037 5036 5038
f 5037 5038 5039
f 5039 5038 5011
f 5039 5011 5040
f 5040 5011 5013
f 5040 5013 5041
f 5041 5013 5015
f 5041 5015 5025
f 5025 5015 5017
f 5042 5039 5043
f 5043 5039 5040
f 5043 5040 5044
f 5044 5040 5041
f 5044 5041 5045
f 5045 5041 5025
f 5045 5025 5046
f 5046 5025 5026
f 5046 5026 5047
f 5047 5026 5027
f 5047 5027 5048
f 5048 5027 5028
f 5049 5050 5051
f 5051 5050 5052
f 5051 5052 5053
f 5053 5052 5054
f 5053 5054 5055
f 5055 5054 5056
f 5055 5056 5057
f 5057 5056 5058
f 5057 5058 5059
f 5059 5058 5060
f 5059 5060 5061
f 5061 5060 5062
f 5063 5055 5064
f 5064 5055 5057
f 5064 5057 5065
f 5065 5057 5059
f 5065 5059 5066
f 5066 5059 5061
f 5066 5061 5067
f 5067 5061 5068
f 5067 5068 5069
f 5069 5068 5070
f 5069 5070 5071
f 5071 5070 5072
f 5071 5072 5073
f 5073 5072 5074
f 5073 5074 5075
f 5075 5074 5076
f 5075 5076 5077
f 5077 5076 5049
f 5077 5049 5078
f 5078 5049 5051
f 5078 5051 5079
f 5079 5051 5053
f 5079 5053 5063
f 5063 5053 5055
f 5080 5077 5081
f 5081 5077 5078
f 5081 5078 5082
f 5082 5078 5079
f 5082 5079 5083
f 5083 5079 5063
f 5083 5063 5084
f 5084 5063 5064
f 5084 5064 5085
f 5085 5064 5065
f 5085 5065 5086
f 5086 5065 5066
f 5087 5088 5089
f 5089 5088 5090
f 5089 5090 5091
f 5091 5090 5092
f 5091 5092 5093
f 5093 5092 5094
f 5093 5094 5095
f 5095 5094 5096
f 5095 5096 5097
f 5097 5096 5098
f 5097 5098 5099
f 5099 5098 5100
f 5101 5102 5103
f 5103 5102 5087
f 5103 5087 5104
f 5104 5087 5089
f 5104 5089 5105
f 5105 5089 5091
f 5105 5091 5106
f 5106 5091 5093
f 5106 5093 5107
f 5107 5093 5095
f 5107 5095 5108
f 5108 5095 5097
f 5108 5097 5109
f 5109 5097 5099
f 5109 5099 5110
f 5110 5099 5111
f 5110 5111 5112
f 5112 5111 5113
f 5112 5113 5114
f 5114 5113 5115
f 5114 5115 5116
f 5116 5115 5117
f 5116 5117 5101
f 5101 5117 5102
f 5118 5103 5119
f 5119 5103 5104
f 5119 5104 5120
f 5120 5104 5105
f 5120 5105 5121
f 5121 5105 5106
f 5121 5106 5122
f 5122 5106 5107
f 5122 5107 5123
f 5123 5107 5108
f 5123 5108 5124
f 5124 5108 5109
f 5125 5126 5127
f 5127 5126 5128
f 5127 5128 5129
f 5129 5128 5130
f 5129 5130 5131
f 5131 5130 5132
f 5131 5132 5133
f 5133 5132 5134
f 5133 5134 5135
f 5135 5134 5136
f 5135 5136 5137
f 5137 5136 5138
f 5139 5137 5140
f 5140 5137 5141
f 5140 5141 5142
f 5142 5141 5143
f 5142 5143 5144
f 5144 5143 5145
f 5144 5145 5146
f 5146 5145 5147
f 5146 5147 5148
f 5148 5147 5149
f 5148 5149 5150
f 5150 5149 5125
f 5150 5125 5151
f 5151 5125 5127
f 5151 5127 5152
f 5152 5127 5129
f 5152 5129 5153
f 5153 5129 5131
f 5153 5131 5154
f 5154 5131 5133
f 5154 5133 5155
f 5155 5133 5135
f 5155 5135 5139
f 5139 5135 5137
f 5156 5150 5157
f 5157 5150 5151
f 5157 5151 5158
f 5158 5151 5152
f 5158 5152 5159
f 5159 5152 5153
f 5159 5153 5160
f 5160 5153 5154
f 5160 5154 5161
f 5161 5154 5155
f 5161 5155 5162
f 5162 5155 5139
f 5163 5164 5165
f 5165 5164 5166
f 5165 5166 5167
f 5167 5166 5168
f 5167 5168 5169
f 5169 5168 5170
f 5169 5170 5171
f 5171 5170 5172
f 5171 5172 5173
f 5173 5172 5174
f 5173 5174 5175
f 5175 5174 5176
f 5177 5175 5178
f 5178 5175 5179
f 5178 5179 5180
f 5180 5179 5181
f 5180 5181 5182
f 5182 5181 5183
f 5182 5183 5184
f 5184 5183 5185
f 5184 5185 5186
f 5186 5185 5187
f 5186 5187 5188
f 5188 5187 5163
f 5188 5163 5189
f 5189 5163 5165
f 5189 5165 5190
f 5190 5165 5167
f 5190 5167 5191
f 5191 5167 5169
f 5191 5169 5192
f 5192 5169 5171
f 5192 5171 5193
f 5193 5171 5173
f 5193 5173 5177
f 5177 5173 5175
f 5194 5188 5195
f 5195 5188 5189
f 5195 5189 5196
f 5196 5189 5190
f 5196 5190 5197
f 5197 5190 5191
f 5197 5191 5198
f 5198 5191 5192
f 5198 5192 5199
f 5199 5192 5193
f 5199 5193 5200
f 5200 5193 5177
f 5201 5202 5203
f 5203 5202 5204
f 5203 5204 5205
f 5205 5204 5206
f 5205 5206 5207
f 5207 5206 5208
f 5207 5208 5209
f 5209 5208 5210
f 5209 5210 5211
f 5211 5210 5212
f 5211 5212 5213
f 5213 5212 5214
f 5215 5213 5216
f 5216 5213 5217
f 5216 5217 5218
f 5218 5217 5219
f 5218 5219 5220
f 5220 5219 5221
f 5220 5221 5222
f 5222 5221 5223
f 5222 5223 5224
f 5224 5223 5225
f 5224 5225 5226
f 5226 5225 5201
f 5226 5201 5227
f 5227 5201 5203
f 5227 5203 5228
f 5228 5203 5205
f 5228 5205 5229
f 5229 5205 5207
f 5229 5207 5230
f 5230 5207 5209
f 5230 5209 5231
f 5231 5209 5211
f 5231 5211 5215
f 5215 5211 5213
f 5232 5226 5233
f 5233 5226 5227
f 5233 5227 5234
f 5234 5227 5228
f 5234 5228 5235
f 5235 5228 5229
f 5235 5229 5236
f 5236 5229 5230
f 5236 5230 5237
f 5237 5230 5231
f 5237 5231 5238
f 5238 5231 5215
f 5239 5240 5241
f 5241 5240 5242
f 5241 5242 5243
f 5243 5242 5244
f 5243 5244 5245
f 5245 5244 5246
f 5245 5246 5247
f 5247 5246 5248
f 5247 5248 5249
f 5249 5248 5250
f 5249 5250 5251
f 5251 5250 5252
f 5253 5251 5254
f 5254 5251 5255
f 5254 5255 5256
f 5256 5255 5257
f 5256 5257 5258
f 5258 5257 5259
f 5258 5259 5260
f 5260 5259 5261
f 5260 5261 5262
f 5262 5261 5263
f 5262 5263 5264
f 5264 5263 5239
f 5264 5239 5265
f 5265 5239 5241
f 5265 5241 5266
f 5266 5241 5243
f 5266 5243 5267
f 5267 5243 5245
f 5267 5245 5268
f 5268 5245 5247
f 5268 5247 5269
f 5269 5247 5249
f 5269 5249 5253
f 5253 5249 5251
f 5270 5264 5271
f 5271 5264 5265
f 5271 5265 5272
f 5272 5265 5266
f 5272 5266 5273
f 5273 5266 5267
f 5273 5267 5274
f 5274 5267 5268
f 5274 5268 5275
f 5275 5268 5269
f 5275 5269 5276
f 5276 5269 5253
f 5277 5278 5279
f 5279 5278 5280
f 5279 5280 5281
f 5281 5280 5282
f 5281 5282 5283
f 5283 5282 5284
f 5283 5284 5285
f 5285 5284 5286
f 5285 5286 5287
f 5287 5286 5288
f 5287 5288 5289
f 5289 5288 5290
f 5291 5289 5292
f 5292 5289 5293
f 5292 5293 5294
f 5294 5293 5295
f 5294 5295 5296
f 5296 5295 5297
f 5296 5297 5298
f 5298 5297 5299
f 5298 5299 5300
f 5300 5299 5301
f 5300 5301 5302
f 5302 5301 5277
f 5302 5277 5303
f 5303 5277 5279
f 5303 5279 5304
f 5304 5279 5281
f 5304 5281 5305
f 5305 5281 5283
f 5305 5283 5306
f 5306 5283 5285
f 5306 5285 5307
f 5307 5285 5287
f 5307 5287 5291
f 5291 5287 5289
f 5308 5302 5309
f 5309 5302 5303
f 5309 5303 5310
f 5310 5303 5304
f 5310 5304 5311
f 5311 5304 5305
f 5311 5305 5312
f 5312 5305 5306
f 5312 5306 5313
f 5313 5306 5307
f 5313 5307 5314
f 5314 5307 5291
f 5315 5316 5317
f 5317 5316 5318
f 5317 5318 5319
f 5319 5318 5320
f 5319 5320 5321
f 5321 5320 5322
f 5321 5322 5323
f 5323 5322 5324
f 5323 5324 5325
f 5325 5324 5326
f 5325 5326 5327
f 5327 5326 5328
f 5329 5321 5330
f 5330 5321 5323
f 5330 5323 5331
f 5331 5323 5325
f 5331 5325 5332
f 5332 5325 5327
f 5332 5327 5333
f 5333 5327 5334
f 5333 5334 5335
f 5335 5334 5336
f 5335 5336 5337
f 5337 5336 5338
f 5337 5338 5339
f 5339 5338 5340
f 5339 5340 5341
f 5341 5340 5342
f 5341 5342 5343
f 5343 5342 5315
f 5343 5315 5344
f 5344 5315 5317
f 5344 5317 5345
f 5345 5317 5319
f 5345 5319 5329
f 5329 5319 5321
f 5346 5343 5347
f 5347 5343 5344
f 5347 5344 5348
f 5348 5344 5345
f 5348 5345 5349
f 5349 5345 5329
f 5349 5329 5350
f 5350 5329 5330
f 5350 5330 5351
f 5351 5330 5331
f 5351 5331 5352
f 5352 5331 5332
f 5353 5354 5355
f 5355 5354 5356
f 5355 5356 5357
f 5357 5356 5358
f 5357 5358 5359
f 5359 5358 5360
f 5359 5360 5361
f 5361 5360 5362
f 5361 5362 5363
f 5363 5362 5364
f 5363 5364 5365
f 5365 5364 5366
f 5367 5359 5368
f 5368 5359 5361
f 5368 5361 5369
f 5369 5361 5363
f 5369 5363 5370
f 5370 5363 5365
f 5370 5365 5371
f 5371 5365 5372
f 5371 5372 5373
f 5373 5372 5374
f 5373 5374 5375
f 5375 5374 5376
f 5375 5376 5377
f 5377 5376 5378
f 5377 5378 5379
f 5379 5378 5380
f 5379 5380 5381
f 5381 5380 5353
f 5381 5353 5382
f 5382 5353 5355
f 5382 5355 5383
f 5383 5355 5357
f 5383 5357 5367
f 5367 5357 5359
f 5384 5381 5385
f 5385 5381 5382
f 5385 5382 5386
f 5386 5382 5383
f 5386 5383 5387
f 5387 5383 5367
f 5387 5367 5388
f 5388 5367 5368
f 5388 5368 5389
f 5389 5368 5369
f 5389 5369 5390
f 5390 5369 5370
f 5391 5392 5393
f 5393 5392 5394
f 5393 5394 5395
f 5395 5394 5396
f 5395 5396 5397
f 5397 5396 5398
f 5397 5398 5399
f 5399 5398 5400
f 5399 5400 5401
f 5401 5400 5402
f 5401 5402 5403
f 5403 5402 5404
f 5405 5393 5406
f 5406 5393 5395
f 5406 5395 5407
f 5407 5395 5397
f 5407 5397 5408
f 5408 5397 5399
f 5408 5399 5409
f 5409 5399 5401
f 5409 5401 5410
f 5410 5401 5403
f 5410 5403 5411
f 5411 5403 5412
f 5411 5412 5413
f 5413 5412 5414
f 5413 5414 5415
f 5415 5414 5416
f 5415 5416 5417
f 5417 5416 5418
f 5417 5418 5419
f 5419 5418 5420
f 5419 5420 5421
f 5421 5420 5391
f 5421 5391 5405
f 5405 5391 5393
f 5422 5421 5423
f 5423 5421 5405
f 5423 5405 5424
f 5424 5405 5406
f 5424 5406 5425
f 5425 5406 5407
f 5425 5407 5426
f 5426 5407 5408
f 5426 5408 5427
f 5427 5408 5409
f 5427 5409 5428
f 5428 5409 5410
f 5429 1532 5430
f 5430 1532 1530
f 5430 1530 5431
f 5431 1530 1528
f 5431 1528 5432
f 5432 1528 1526
f 5432 1526 5433
f 5433 1526 1524
f 5433 1524 5434
f 5434 1524 1522
f 5434 1522 5435
f 5435 1522 1520
f 5436 5431 5432
f 5430 5431 5436
f 5429 5430 5436
f 5436 5434 5435
f 5433 5434 5436
f 5432 5433 5436
f 5437 1517 5438
f 5438 1517 1515
f 5438 1515 5439
f 5439 1515 1513
f 5439 1513 5440
f 5440 1513 1511
f 5440 1511 5441
f 5441 1511 1509
f 5441 1509 5442
f 5442 1509 1507
f 5442 1507 5443
f 5443 1507 1505
f 5444 5439 5440
f 5438 5439 5444
f 5437 5438 5444
f 5444 5442 5443
f 5441 5442 5444
f 5440 5441 5444
f 5445 5446 5447
f 5448 5449 5450
f 5451 5452 5453
f 5453 5452 5454
f 5453 5454 5455
f 5456 5457 5458
f 5458 5457 5459
f 5458 5459 5460
f 5450 5455 5448
f 5448 5455 5454
f 5448 5454 5461
f 5461 5454 5460
f 5461 5460 5447
f 5447 5460 5459
f 5447 5459 5445
f 5462 5463 5464
f 5465 5466 5467
f 5468 5469 5470
f 5471 5472 5473
f 5474 5475 5476
f 5476 5475 5477
f 5476 5477 5478
f 5473 5472 5477
f 5477 5472 5479
f 5477 5479 5478
f 5471 5473 5480
f 5480 5473 5481
f 5480 5481 5482
f 5482 5481 5483
f 5483 5481 5484
f 5483 5484 5485
f 5470 5469 5484
f 5484 5469 5486
f 5484 5486 5485
f 5468 5470 5487
f 5487 5470 5488
f 5487 5488 5489
f 5489 5488 5490
f 5490 5488 5491
f 5490 5491 5492
f 5492 5491 5493
f 5493 5491 5494
f 5493 5494 5495
f 5495 5494 5496
f 5496 5494 5497
f 5496 5497 5498
f 5467 5466 5497
f 5497 5466 5499
f 5497 5499 5498
f 5465 5467 5500
f 5500 5467 5501
f 5500 5501 5502
f 5502 5501 5503
f 5503 5501 5504
f 5503 5504 5505
f 5464 5463 5504
f 5504 5463 5506
f 5504 5506 5505
f 5462 5464 5507
f 5507 5464 5508
f 5507 5508 5509
f 5509 5508 5510
f 5510 5508 5511
f 5510 5511 5512
f 5513 5514 5511
f 5511 5514 5515
f 5511 5515 5512
f 5516 5517 5518
f 5518 5517 5519
f 5516 5520 5517
f 5517 5520 5521
f 5522 5523 5524
f 5524 5523 5525
f 5524 5525 5526
f 5526 5525 5527
f 5526 5527 5528
f 5528 5527 5529
f 5528 5529 5530
f 5530 5529 5531
f 5530 5531 5520
f 5520 5531 5521
f 5532 5533 5534
f 5532 5534 5535
f 5535 5534 5536
f 5535 5536 5537
f 5537 5536 5523
f 5537 5523 5522
f 5538 5539 5540
f 5540 5539 5541
f 5540 5541 5542
f 5542 5541 5543
f 5542 5543 5544
f 5544 5543 5545
f 5538 5546 5539
f 5539 5546 5547
f 5548 5549 5550
f 5550 5549 5551
f 5550 5551 5552
f 5552 5551 5553
f 5552 5553 5554
f 5554 5553 5555
f 5554 5555 5546
f 5546 5555 5547
f 5556 5557 5558
f 5556 5558 5559
f 5559 5558 5549
f 5559 5549 5548
f 5560 5561 5562
f 5560 5562 5563
f 5563 5562 5557
f 5563 5557 5556
f 5518 5519 5560
f 5560 5519 5561
f 618 5564 159
f 159 5564 5565
f 159 5565 5566
f 5566 5565 5567
f 5566 5567 5568
f 5568 5567 5569
f 5569 638 5568
f 5568 638 5570
f 5568 5570 5571
f 5571 5570 5572
f 5571 5572 5573
f 5573 5572 5574
f 5574 632 5573
f 5573 632 5575
f 5573 5575 5576
f 5576 5575 5577
f 5576 5577 5578
f 5578 5577 5579
f 5580 5581 5582
f 5582 5581 5578
f 5582 5578 625
f 625 5578 5579
f 538 170 5583
f 5583 170 5581
f 5583 5581 5584
f 5584 5581 5580
f 504 188 5585
f 5585 188 5586
f 5585 5586 5587
f 5587 5586 5588
f 5588 5586 5589
f 5589 5586 5590
f 5589 5590 517
f 5591 524 5592
f 5592 524 5593
f 5592 5593 5594
f 5594 5593 5595
f 5594 5595 5590
f 5590 5595 5596
f 5590 5596 517
f 5591 5592 5597
f 5597 5592 5598
f 5597 5598 5599
f 5599 5598 5600
f 5599 5600 530
f 538 5601 170
f 170 5601 5602
f 170 5602 5603
f 5603 5602 5604
f 5603 5604 5600
f 5600 5604 5605
f 5600 5605 530
f 504 459 188
f 188 459 458
f 188 458 478
f 478 481 188
f 188 481 5606
f 188 5606 189
f 189 5606 406
f 189 406 415
f 415 414 189
f 189 414 412
f 189 412 410
f 189 410 5607
f 5607 410 191
f 191 410 409
f 191 409 187
f 409 404 187
f 187 404 401
f 187 401 186
f 727 724 1093
f 1101 732 733
f 401 1098 186
f 421 444 5608
f 5608 444 1095
f 5608 1095 5609
f 5609 1095 1094
f 5609 1094 5610
f 5610 1094 5611
f 185 186 5612
f 5612 186 1098
f 5612 1098 5613
f 1102 5614 1100
f 1100 5614 1078
f 1100 1078 1099
f 733 1072 1101
f 1101 1072 1071
f 1101 1071 1102
f 1102 1071 1080
f 1102 1080 5614
f 444 442 1095
f 1095 442 5615
f 1095 5615 1103
f 440 1104 438
f 438 1104 1103
f 438 1103 5616
f 5616 1103 5615
f 729 727 1105
f 1105 727 1093
f 1105 1093 1104
f 1104 1093 1106
f 1104 1106 1103
f 1103 1106 1107
f 1103 1107 1095
f 1095 1107 1108
f 1095 1108 1094
f 1094 1108 1096
f 1094 1096 5611
f 5611 1096 1097
f 5611 1097 400
f 400 1097 401
f 1058 1110 5617
f 5617 1110 1109
f 1078 5618 1099
f 1099 5618 1056
f 1099 1056 1109
f 1109 1056 1057
f 1109 1057 5617
f 401 1097 1098
f 1098 1097 1040
f 1098 1040 5613
f 451 729 450
f 450 729 1105
f 450 1105 448
f 448 1105 1104
f 448 1104 447
f 447 1104 440
f 724 732 1093
f 1093 732 1101
f 1093 1101 1106
f 1106 1101 1102
f 1106 1102 1107
f 1107 1102 1100
f 1107 1100 1108
f 1108 1100 1099
f 1108 1099 1096
f 1096 1099 1109
f 1096 1109 1097
f 1097 1109 1110
f 1097 1110 1040
f 1040 1110 1058
f 618 382 5619
f 5619 382 384
f 5619 384 655
f 655 384 386
f 655 386 5620
f 5620 386 394
f 5620 394 5621
f 394 393 5621
f 5621 393 391
f 5621 391 5622
f 391 389 5622
f 5622 389 388
f 5622 388 5623
f 5623 388 355
f 5623 355 693
f 693 355 356
f 693 356 5624
f 5624 356 398
f 5624 398 716
f 716 398 318
f 5546 5538 5625
f 5540 5542 5538
f 5538 5542 5544
f 5538 5544 5625
f 5626 5532 5548
f 5548 5532 5535
f 5548 5535 5559
f 5559 5535 5556
f 5516 5537 5522
f 5552 5554 5550
f 5550 5554 5546
f 5550 5546 5548
f 5548 5546 5625
f 5548 5625 5626
f 5516 5518 5537
f 5537 5518 5560
f 5537 5560 5535
f 5535 5560 5563
f 5535 5563 5556
f 5526 5528 5524
f 5524 5528 5530
f 5524 5530 5522
f 5522 5530 5520
f 5522 5520 5516
f 655 5620 5627
f 693 5624 5628
f 5629 5630 5631
f 5631 5630 3526
f 5631 3526 3529
f 5632 5633 5634
f 5634 5635 5632
f 5632 5635 5636
f 5632 5636 5637
f 5637 5636 5638
f 5637 5638 5639
f 5639 5638 5640
f 5639 5640 5641
f 5641 5640 5642
f 5641 5642 5643
f 5643 5642 5644
f 5644 5642 5645
f 5644 5645 5646
f 5646 5645 5628
f 5646 5628 5647
f 5647 5628 5624
f 5647 5624 716
f 5648 5623 693
f 5623 5648 5622
f 5621 5622 5649
f 5620 5621 5650
f 5651 5619 655
f 5652 5564 5651
f 5651 5564 618
f 5651 618 5619
f 5653 5567 5652
f 5652 5567 5565
f 5652 5565 5564
f 5654 5572 5655
f 5655 5572 5570
f 5655 5570 5656
f 5656 5570 638
f 5656 638 5653
f 5653 638 5569
f 5653 5569 5567
f 625 5579 5657
f 5657 5579 5577
f 5657 5577 5658
f 5658 5577 5575
f 5658 5575 5659
f 5659 5575 632
f 5659 632 5654
f 5654 632 5574
f 5654 5574 5572
f 625 5657 5582
f 5582 5657 5660
f 5582 5660 5580
f 5580 5660 5661
f 5580 5661 5584
f 5584 5661 5662
f 5584 5662 5583
f 5583 5662 5663
f 5583 5663 538
f 5633 5664 5634
f 5634 5664 5665
f 5634 5665 5666
f 5666 5665 5667
f 5666 5667 5668
f 5668 5667 5631
f 5668 5631 5669
f 5669 5631 3529
f 5669 3529 5670
f 5670 3529 3531
f 5670 3531 3532
f 3532 3534 5670
f 5670 3534 3536
f 5670 3536 5671
f 5671 3536 3538
f 5671 3538 3540
f 655 5627 5651
f 5651 5627 5672
f 5651 5672 5652
f 5652 5672 5673
f 5652 5673 5653
f 5653 5673 5674
f 5653 5674 5656
f 5656 5674 5675
f 5656 5675 5655
f 5655 5675 5676
f 5655 5676 5654
f 5654 5676 5677
f 5654 5677 5659
f 5659 5677 5678
f 5659 5678 5658
f 5658 5678 5679
f 5658 5679 5657
f 5657 5679 5680
f 5657 5680 5660
f 5660 5680 5681
f 5660 5681 5661
f 5661 5681 5682
f 5661 5682 5662
f 5662 5682 5683
f 5662 5683 5663
f 5620 5650 5627
f 5627 5650 5684
f 5627 5684 5672
f 5672 5684 5685
f 5672 5685 5673
f 5673 5685 5686
f 5673 5686 5674
f 5674 5686 5687
f 5674 5687 5675
f 5675 5687 5688
f 5675 5688 5676
f 5676 5688 5689
f 5676 5689 5677
f 5677 5689 5690
f 5677 5690 5678
f 5678 5690 5691
f 5678 5691 5679
f 5679 5691 5692
f 5679 5692 5680
f 5680 5692 5693
f 5680 5693 5681
f 5681 5693 5694
f 5681 5694 5682
f 5682 5694 5695
f 5682 5695 5683
f 5621 5649 5650
f 5650 5649 5696
f 5650 5696 5684
f 5684 5696 5697
f 5684 5697 5685
f 5685 5697 5698
f 5685 5698 5686
f 5686 5698 5699
f 5686 5699 5687
f 5687 5699 5700
f 5687 5700 5688
f 5688 5700 5701
f 5688 5701 5689
f 5689 5701 5702
f 5689 5702 5690
f 5690 5702 5703
f 5690 5703 5691
f 5691 5703 5704
f 5691 5704 5692
f 5692 5704 5705
f 5692 5705 5693
f 5693 5705 5706
f 5693 5706 5694
f 5694 5706 5707
f 5694 5707 5695
f 5622 5648 5649
f 5649 5648 5708
f 5649 5708 5696
f 5696 5708 5709
f 5696 5709 5697
f 5697 5709 5710
f 5697 5710 5698
f 5698 5710 5711
f 5698 5711 5699
f 5699 5711 5712
f 5699 5712 5700
f 5700 5712 5713
f 5700 5713 5701
f 5701 5713 5714
f 5701 5714 5702
f 5702 5714 5715
f 5702 5715 5703
f 5703 5715 5716
f 5703 5716 5704
f 5704 5716 5717
f 5704 5717 5705
f 5705 5717 5718
f 5705 5718 5706
f 5706 5718 5719
f 5706 5719 5707
f 693 5628 5648
f 5648 5628 5645
f 5648 5645 5708
f 5708 5645 5642
f 5708 5642 5709
f 5709 5642 5640
f 5709 5640 5710
f 5710 5640 5638
f 5710 5638 5711
f 5711 5638 5636
f 5711 5636 5712
f 5712 5636 5635
f 5712 5635 5713
f 5713 5635 5634
f 5713 5634 5714
f 5714 5634 5666
f 5714 5666 5715
f 5715 5666 5668
f 5715 5668 5716
f 5716 5668 5669
f 5716 5669 5717
f 5717 5669 5670
f 5717 5670 5718
f 5718 5670 5671
f 5718 5671 5719
f 499 5720 5721
f 3549 3552 5722
f 5723 5724 5725
f 5723 5725 3552
f 5722 3552 5726
f 3542 3544 5722
f 5722 3544 3546
f 5722 3546 3549
f 3540 3542 5671
f 5671 3542 5722
f 5671 5722 5719
f 5707 5719 5727
f 5695 5707 5728
f 5683 5695 5729
f 5663 5683 5730
f 5731 5601 5732
f 5732 5601 538
f 5732 538 5663
f 5733 5604 5731
f 5731 5604 5602
f 5731 5602 5601
f 5734 5597 5735
f 5735 5597 5599
f 5735 5599 5736
f 5736 5599 530
f 5736 530 5733
f 5733 530 5605
f 5733 5605 5604
f 517 5596 5737
f 5737 5596 5595
f 5737 5595 5738
f 5738 5595 5593
f 5738 5593 5739
f 5739 5593 524
f 5739 524 5734
f 5734 524 5591
f 5734 5591 5597
f 517 5737 5589
f 5589 5737 5740
f 5589 5740 5588
f 5588 5740 5741
f 5588 5741 5587
f 5587 5741 5742
f 5587 5742 5585
f 5585 5742 5743
f 5585 5743 504
f 5744 5745 506
f 3552 5725 5726
f 5726 5725 5746
f 5726 5746 5747
f 5747 5746 5748
f 5747 5748 5749
f 5749 5748 5750
f 5749 5750 5751
f 5751 5750 5752
f 5751 5752 5753
f 5753 5752 5754
f 5753 5754 5755
f 5755 5754 5756
f 5755 5756 5757
f 5757 5756 5758
f 5757 5758 5759
f 5759 5758 5760
f 5759 5760 5761
f 5761 5760 5762
f 5761 5762 5763
f 5763 5762 5764
f 5763 5764 5765
f 5765 5764 497
f 5765 497 5766
f 5663 5730 5732
f 5732 5730 5767
f 5732 5767 5731
f 5731 5767 5768
f 5731 5768 5733
f 5733 5768 5769
f 5733 5769 5736
f 5736 5769 5770
f 5736 5770 5735
f 5735 5770 5771
f 5735 5771 5734
f 5734 5771 5772
f 5734 5772 5739
f 5739 5772 5773
f 5739 5773 5738
f 5738 5773 5774
f 5738 5774 5737
f 5737 5774 5775
f 5737 5775 5740
f 5740 5775 5776
f 5740 5776 5741
f 5741 5776 5744
f 5741 5744 5742
f 5742 5744 506
f 5742 506 5743
f 5683 5729 5730
f 5730 5729 5777
f 5730 5777 5767
f 5767 5777 5778
f 5767 5778 5768
f 5768 5778 5779
f 5768 5779 5769
f 5769 5779 5780
f 5769 5780 5770
f 5770 5780 5781
f 5770 5781 5771
f 5771 5781 5782
f 5771 5782 5772
f 5772 5782 5783
f 5772 5783 5773
f 5773 5783 5784
f 5773 5784 5774
f 5774 5784 5785
f 5774 5785 5775
f 5775 5785 5786
f 5775 5786 5776
f 5776 5786 5787
f 5776 5787 5744
f 5744 5787 5788
f 5744 5788 5745
f 5695 5728 5729
f 5729 5728 5789
f 5729 5789 5777
f 5777 5789 5790
f 5777 5790 5778
f 5778 5790 5791
f 5778 5791 5779
f 5779 5791 5792
f 5779 5792 5780
f 5780 5792 5793
f 5780 5793 5781
f 5781 5793 5794
f 5781 5794 5782
f 5782 5794 5795
f 5782 5795 5783
f 5783 5795 5796
f 5783 5796 5784
f 5784 5796 5797
f 5784 5797 5785
f 5785 5797 5798
f 5785 5798 5786
f 5786 5798 5799
f 5786 5799 5787
f 5787 5799 5800
f 5787 5800 5788
f 5707 5727 5728
f 5728 5727 5801
f 5728 5801 5789
f 5789 5801 5802
f 5789 5802 5790
f 5790 5802 5803
f 5790 5803 5791
f 5791 5803 5804
f 5791 5804 5792
f 5792 5804 5805
f 5792 5805 5793
f 5793 5805 5806
f 5793 5806 5794
f 5794 5806 5807
f 5794 5807 5795
f 5795 5807 5808
f 5795 5808 5796
f 5796 5808 5809
f 5796 5809 5797
f 5797 5809 5810
f 5797 5810 5798
f 5798 5810 5721
f 5798 5721 5799
f 5799 5721 5720
f 5799 5720 5800
f 5719 5722 5727
f 5727 5722 5726
f 5727 5726 5801
f 5801 5726 5747
f 5801 5747 5802
f 5802 5747 5749
f 5802 5749 5803
f 5803 5749 5751
f 5803 5751 5804
f 5804 5751 5753
f 5804 5753 5805
f 5805 5753 5755
f 5805 5755 5806
f 5806 5755 5757
f 5806 5757 5807
f 5807 5757 5759
f 5807 5759 5808
f 5808 5759 5761
f 5808 5761 5809
f 5809 5761 5763
f 5809 5763 5810
f 5810 5763 5765
f 5810 5765 5721
f 5721 5765 5766
f 5721 5766 499
f 497 428 5766
f 5766 428 489
f 5766 489 499
f 499 489 490
f 499 490 5720
f 5720 490 491
f 5720 491 5800
f 491 466 5800
f 5800 466 496
f 5800 496 5788
f 5788 496 495
f 5788 495 5745
f 5745 495 494
f 5745 494 506
f 506 494 493
f 506 493 5743
f 5743 493 492
f 5743 492 504
f 504 492 459
f 5811 5812 452
f 457 458 459
f 5813 437 460
f 407 461 417
f 417 461 463
f 417 463 419
f 419 463 443
f 419 443 421
f 437 5814 460
f 460 5814 443
f 460 443 483
f 483 443 463
f 483 463 485
f 485 463 461
f 485 461 487
f 453 432 5815
f 5816 5817 464
f 464 5817 5818
f 464 5818 425
f 5815 5816 453
f 453 5816 464
f 453 464 469
f 469 464 470
f 469 470 467
f 467 470 471
f 467 471 465
f 465 471 472
f 465 472 473
f 473 472 474
f 473 474 475
f 475 474 476
f 475 476 457
f 457 476 477
f 457 477 458
f 458 477 478
f 406 5606 454
f 5606 481 480
f 5606 480 454
f 454 480 455
f 454 455 456
f 5812 5813 452
f 452 5813 460
f 452 460 482
f 482 460 483
f 482 483 484
f 484 483 485
f 484 485 486
f 486 485 487
f 486 487 456
f 456 487 461
f 456 461 454
f 454 461 407
f 454 407 406
f 428 432 489
f 489 432 453
f 489 453 490
f 490 453 469
f 459 492 457
f 457 492 493
f 457 493 475
f 475 493 494
f 475 494 473
f 473 494 495
f 473 495 465
f 465 495 496
f 465 496 467
f 467 496 466
f 467 466 469
f 469 466 491
f 469 491 490
f 425 5811 464
f 464 5811 452
f 464 452 470
f 470 452 482
f 470 482 471
f 471 482 484
f 471 484 472
f 472 484 486
f 472 486 474
f 474 486 456
f 474 456 476
f 476 456 455
f 476 455 477
f 477 455 480
f 477 480 478
f 478 480 481
f 399 400 401
f 402 403 399
f 401 404 399
f 399 404 405
f 399 405 402
f 409 410 411
f 411 410 412
f 411 412 413
f 413 412 414
f 413 414 415
f 419 421 5608
f 407 417 418
f 418 417 419
f 418 419 420
f 420 419 5608
f 420 5608 5609
f 400 399 5611
f 5611 399 403
f 5611 403 5610
f 406 407 408
f 408 407 418
f 408 418 402
f 402 418 420
f 402 420 403
f 403 420 5609
f 403 5609 5610
f 404 409 405
f 405 409 411
f 405 411 402
f 402 411 413
f 402 413 408
f 408 413 415
f 408 415 406
f 435 5815 429
f 429 5815 432
f 429 432 428
f 425 5818 427
f 427 5818 5817
f 427 5817 435
f 435 5817 5816
f 435 5816 5815
f 440 438 5813
f 5813 438 437
f 437 438 5616
f 437 5616 5814
f 5616 5615 5814
f 5814 5615 442
f 5814 442 443
f 443 442 444
f 443 444 421
f 429 451 435
f 435 451 450
f 435 450 427
f 427 450 448
f 427 448 425
f 425 448 447
f 425 447 5811
f 5811 447 440
f 5811 440 5812
f 5812 440 5813
f 5819 5820 4349
f 4111 4110 5821
f 3792 3791 3871
f 4349 5820 5822
f 5822 5820 5823
f 5822 5823 5824
f 5824 5823 4773
f 5824 4773 4772
f 4376 4377 4347
f 4347 4377 4193
f 4347 4193 4348
f 4348 4193 4192
f 4348 4192 4191
f 3632 3631 4743
f 4743 3631 4745
f 3792 3871 3793
f 4357 4358 3790
f 3790 4358 3873
f 3790 3873 3791
f 3791 3873 3872
f 3791 3872 3871
f 4369 4370 4109
f 4109 4370 4372
f 4109 4372 4110
f 4110 4372 5825
f 5825 5826 4110
f 4110 5826 4270
f 4110 4270 5821
f 5821 4270 4269
f 5821 4269 4786
f 4786 4269 5827
f 4786 5827 4787
f 4351 4352 3630
f 3630 4352 3713
f 3630 3713 3631
f 4541 4542 4536
f 4536 4542 4460
f 4536 4460 4537
f 4537 4460 4459
f 4537 4459 4458
f 3710 4745 3711
f 3711 4745 3631
f 3711 3631 3712
f 3712 3631 3713
f 4363 4364 3949
f 3949 4364 4031
f 3949 4031 3950
f 3950 4031 4030
f 3950 4030 4029
f 4349 4348 5819
f 5819 4348 4191
f 5819 4191 5828
f 5828 4191 4190
f 3710 5829 4745
f 4745 5829 5830
f 4745 5830 4747
f 4747 5830 5831
f 4747 5831 4749
f 4190 5832 5828
f 5828 5832 5833
f 5828 5833 5834
f 5834 5833 5835
f 5834 5835 4733
f 4733 5835 4539
f 4733 4539 4538
f 3632 4743 3633
f 3633 4743 4741
f 3633 4741 5836
f 5836 4741 4739
f 5836 4739 5837
f 5837 4739 4737
f 5837 4737 5838
f 5838 4737 4735
f 5838 4735 4457
f 4457 4735 4733
f 4457 4733 4458
f 4458 4733 4538
f 4458 4538 4537
f 4111 5821 4112
f 4112 5821 5839
f 4112 5839 5840
f 5840 5839 5841
f 5840 5841 5842
f 5842 5841 5843
f 5842 5843 5844
f 5844 5843 5845
f 5844 5845 4028
f 4028 5845 4759
f 4028 4759 4029
f 4029 4759 3951
f 4029 3951 3950
f 5831 3793 4749
f 4749 3793 3871
f 4749 3871 4751
f 4751 3871 3870
f 4751 3870 4753
f 4753 3870 5846
f 4753 5846 4755
f 4755 5846 5847
f 4755 5847 4757
f 4757 5847 5848
f 4757 5848 4759
f 4759 5848 3952
f 4759 3952 3951
f 5849 4732 5850
f 5850 4732 4734
f 5850 4734 5851
f 5851 4734 4736
f 4740 5852 4738
f 4738 5852 5853
f 4738 5853 4736
f 4736 5853 5854
f 4736 5854 5851
f 4744 5855 4742
f 4742 5855 5856
f 4742 5856 4740
f 4740 5856 5857
f 4740 5857 5852
f 4746 5858 4744
f 4744 5858 5859
f 4744 5859 5855
f 4750 5860 4748
f 4748 5860 5861
f 4748 5861 4746
f 4746 5861 5862
f 4746 5862 5858
f 4754 5863 4752
f 4752 5863 5864
f 4752 5864 4750
f 4750 5864 5865
f 4750 5865 5860
f 4756 5866 4754
f 4754 5866 5867
f 4754 5867 5863
f 4758 5868 4756
f 4756 5868 5869
f 4756 5869 5866
f 5852 5870 5853
f 5855 5871 5856
f 5860 5872 5861
f 4857 4858 5873
f 5869 5874 5866
f 5875 5876 5877
f 5194 5195 5878
f 5878 5195 5196
f 5197 5198 5849
f 5879 5880 5881
f 5881 5880 5882
f 5881 5882 5883
f 5198 5199 5849
f 5849 5199 5200
f 5849 5200 5884
f 5884 5200 5885
f 5884 5885 5879
f 5879 5885 5886
f 5879 5886 5880
f 5887 5888 5889
f 5889 5888 5890
f 5887 5889 5162
f 5162 5889 5879
f 5162 5879 5161
f 5891 5892 5893
f 5894 5156 5895
f 5156 5157 5895
f 5895 5157 5158
f 5895 5158 5881
f 5881 5158 5159
f 5881 5159 5879
f 5879 5159 5160
f 5879 5160 5161
f 5118 5119 5896
f 5119 5120 5896
f 5896 5120 5121
f 5896 5121 5893
f 5893 5121 5122
f 5893 5122 5123
f 5888 5891 5890
f 5890 5891 5893
f 5890 5893 5897
f 5897 5893 5123
f 5897 5123 5124
f 5124 5898 5897
f 5897 5898 5899
f 5897 5899 5900
f 5901 5902 5903
f 5903 5902 5900
f 5903 5900 5904
f 5904 5900 5899
f 5905 5906 5907
f 5907 5906 5908
f 5907 5908 5909
f 5909 5908 5900
f 5909 5900 5910
f 5902 5911 5083
f 5083 5911 5082
f 5083 5084 5902
f 5902 5084 5085
f 5902 5085 5900
f 5900 5085 5086
f 5900 5086 5910
f 5912 5080 5911
f 5911 5080 5081
f 5911 5081 5082
f 5913 5914 5915
f 5047 5048 5911
f 5911 5048 5906
f 5911 5906 5912
f 5912 5906 5905
f 5048 5916 5906
f 5906 5916 5917
f 5906 5917 5915
f 5915 5917 5918
f 5915 5918 5913
f 5043 5919 5042
f 5042 5919 5914
f 5042 5914 5920
f 5920 5914 5913
f 5043 5044 5919
f 5919 5044 5045
f 5919 5045 5911
f 5911 5045 5046
f 5911 5046 5047
f 5921 5914 5922
f 5922 5914 5919
f 5922 5919 5010
f 5010 5919 5009
f 5921 5923 5914
f 5914 5923 5924
f 5914 5924 5925
f 5925 5924 5926
f 5927 5928 5929
f 5929 5928 5925
f 5926 5004 5925
f 5925 5004 5005
f 5925 5005 5929
f 5929 5005 5006
f 5929 5006 5930
f 5930 5006 5007
f 5930 5007 5008
f 4972 5931 5929
f 5929 5931 5932
f 5929 5932 5927
f 5927 5932 5933
f 5927 5933 5934
f 5935 4970 4971
f 4970 5935 4969
f 4969 5935 5876
f 4969 5876 4968
f 5933 5936 5934
f 5934 5936 5937
f 5934 5937 5875
f 5875 5937 4966
f 5875 4966 5876
f 5876 4966 4967
f 5876 4967 4968
f 5868 5877 4928
f 4928 5877 5938
f 5939 4890 5868
f 5868 4890 5869
f 5940 5874 5941
f 5941 5874 5873
f 5941 5873 5942
f 5942 5873 4858
f 5864 5863 5943
f 5943 5863 4855
f 5943 4855 4856
f 5940 5944 5874
f 5874 5944 5945
f 5874 5945 5866
f 5866 5945 4852
f 5866 4852 5867
f 5867 4852 4853
f 5867 4853 5863
f 5863 4853 4854
f 5863 4854 4855
f 5946 5947 5428
f 5428 5947 5872
f 5428 5872 5427
f 5860 5425 5872
f 5872 5425 5426
f 5872 5426 5427
f 5865 5423 5860
f 5860 5423 5424
f 5860 5424 5425
f 5946 5948 5947
f 5947 5948 5949
f 5947 5949 5943
f 5943 5949 5950
f 5943 5950 5864
f 5864 5950 5951
f 5864 5951 5865
f 5865 5951 5422
f 5865 5422 5423
f 5872 5385 5861
f 5861 5385 5386
f 5861 5386 5862
f 5862 5386 5387
f 5862 5387 5858
f 5858 5348 5859
f 5859 5348 5349
f 5859 5349 5855
f 5952 5953 5954
f 5954 5953 5870
f 5954 5870 5955
f 5955 5870 5314
f 5314 5870 5852
f 5314 5852 5313
f 5313 5852 5857
f 5313 5857 5312
f 5312 5857 5856
f 5312 5856 5311
f 5952 5956 5953
f 5953 5956 5957
f 5953 5957 5871
f 5957 5308 5871
f 5871 5308 5309
f 5871 5309 5856
f 5856 5309 5310
f 5856 5310 5311
f 5958 5959 5960
f 5270 5271 5870
f 5870 5271 5272
f 5870 5272 5853
f 5853 5272 5273
f 5853 5273 5854
f 5959 5958 5961
f 5961 5958 5962
f 5961 5962 5963
f 5963 5962 5851
f 5963 5851 5964
f 5273 5274 5854
f 5854 5274 5275
f 5854 5275 5851
f 5851 5275 5276
f 5851 5276 5964
f 5850 5238 5849
f 5849 5238 5965
f 5965 5966 5849
f 5849 5966 5878
f 5849 5878 5197
f 5197 5878 5196
f 5966 5967 5878
f 5878 5967 5968
f 5878 5968 5969
f 5851 5236 5850
f 5850 5236 5237
f 5850 5237 5238
f 5232 5233 5962
f 5962 5233 5234
f 5962 5234 5851
f 5851 5234 5235
f 5851 5235 5236
f 4896 5970 5971
f 5971 5970 5972
f 5971 5972 5973
f 5973 5972 5974
f 5973 5974 5868
f 5868 5974 5975
f 5868 5975 5939
f 4890 4891 5869
f 5869 4891 4892
f 5869 4892 5874
f 5874 4892 4893
f 5874 4893 5873
f 5873 4893 4894
f 5873 4894 4895
f 5935 5976 5876
f 5876 5976 5977
f 5876 5977 5877
f 5877 5977 5978
f 5877 5978 5938
f 4928 4929 5868
f 5868 4929 4930
f 5868 4930 5973
f 5973 4930 4931
f 5973 4931 5971
f 5971 4931 4932
f 4933 4934 5935
f 5935 4934 5979
f 5935 5979 5976
f 5349 5350 5855
f 5855 5350 5351
f 5855 5351 5871
f 5871 5351 5352
f 5871 5352 5953
f 5953 5352 5980
f 5980 5981 5953
f 5953 5981 5982
f 5953 5982 5983
f 5982 5984 5983
f 5983 5984 5985
f 5983 5985 5986
f 5986 5985 5346
f 5986 5346 5858
f 5858 5346 5347
f 5858 5347 5348
f 5387 5388 5858
f 5858 5388 5389
f 5858 5389 5986
f 5986 5389 5390
f 5986 5390 5983
f 5390 5987 5983
f 5983 5987 5988
f 5983 5988 5947
f 5947 5988 5989
f 5989 5990 5947
f 5947 5990 5991
f 5947 5991 5872
f 5872 5991 5384
f 5872 5384 5385
f 5901 5118 5902
f 5902 5118 5896
f 5902 5896 5911
f 5911 5896 5992
f 5911 5992 5919
f 5919 5992 5930
f 5919 5930 5009
f 5009 5930 5008
f 5892 5894 5893
f 5893 5894 5895
f 5893 5895 5896
f 5896 5895 5993
f 5896 5993 5992
f 5992 5993 5994
f 5992 5994 5930
f 5930 5994 5995
f 5930 5995 5929
f 5929 5995 5935
f 5929 5935 4972
f 4972 5935 4971
f 5883 5194 5881
f 5881 5194 5878
f 5881 5878 5895
f 5895 5878 5996
f 5895 5996 5993
f 5993 5996 5997
f 5993 5997 5994
f 5994 5997 5998
f 5994 5998 5995
f 5995 5998 5999
f 5995 5999 5935
f 5935 5999 5971
f 5935 5971 4933
f 4933 5971 4932
f 5969 5232 5878
f 5878 5232 5962
f 5878 5962 5996
f 5996 5962 5958
f 5996 5958 5997
f 5997 5958 6000
f 5997 6000 5998
f 5998 6000 6001
f 5998 6001 5999
f 5999 6001 6002
f 5999 6002 5971
f 5971 6002 5873
f 5971 5873 4896
f 4896 5873 4895
f 5960 5270 5958
f 5958 5270 5870
f 5958 5870 6000
f 6000 5870 5953
f 6000 5953 6001
f 6001 5953 5983
f 6001 5983 6002
f 6002 5983 5947
f 6002 5947 5873
f 5873 5947 5943
f 5873 5943 4857
f 4857 5943 4856
f 6003 56 6004
f 6005 60 58
f 80 6006 63
f 63 6006 6007
f 63 6007 65
f 65 6007 66
f 65 66 67
f 6005 58 6008
f 6008 58 59
f 6008 59 6009
f 6009 59 6003
f 6003 59 68
f 6003 68 56
f 56 68 52
f 56 52 6004
f 72 6010 54
f 54 6010 6004
f 54 6004 53
f 53 6004 52
f 53 52 73
f 73 52 68
f 75 53 76
f 76 53 73
f 76 73 77
f 77 73 68
f 77 68 78
f 78 68 59
f 78 59 79
f 79 59 58
f 79 58 80
f 80 58 60
f 80 60 6006
f 6006 60 6005
f 1053 6011 1081
f 864 1092 6012
f 6012 1092 1091
f 6012 1091 868
f 6013 1090 870
f 870 1090 1089
f 870 1089 6014
f 6014 1089 6015
f 6015 1089 1088
f 6015 1088 6016
f 6016 1088 873
f 873 1088 1085
f 873 1085 6017
f 6017 1085 1083
f 6017 1083 6018
f 6018 1083 856
f 856 1083 1081
f 856 1081 6019
f 6019 1081 6011
f 6019 6011 848
f 121 67 1086
f 1086 67 6020
f 1086 6020 1087
f 1087 6020 6021
f 122 1085 114
f 114 1085 1088
f 114 1088 81
f 81 1088 1089
f 81 1089 82
f 82 1089 1090
f 82 1090 85
f 6013 868 1090
f 1090 868 1091
f 1090 1091 85
f 85 1091 1092
f 85 1092 88
f 122 121 1085
f 1085 121 1086
f 1085 1086 1083
f 1083 1086 1087
f 1083 1087 1081
f 1081 1087 6021
f 1081 6021 1053
f 836 832 837
f 837 832 834
f 837 834 838
f 834 839 838
f 838 839 6022
f 838 6022 840
f 832 833 834
f 834 833 6023
f 834 6023 839
f 839 6023 6024
f 839 6024 6022
f 841 842 6025
f 6025 842 844
f 845 6026 844
f 844 6026 6027
f 844 6027 6025
f 845 6014 871
f 848 849 6019
f 6019 849 851
f 852 6017 854
f 854 6017 6018
f 854 6018 851
f 851 6018 856
f 851 856 6019
f 6014 6015 871
f 871 6015 6016
f 871 6016 852
f 852 6016 873
f 852 873 6017
f 863 861 6028
f 6028 861 840
f 6028 840 6029
f 6029 840 6022
f 864 842 865
f 865 842 841
f 865 841 866
f 864 6012 842
f 842 6012 868
f 842 868 844
f 844 868 6013
f 844 6013 845
f 845 6013 870
f 845 870 6014
f 849 836 851
f 851 836 837
f 851 837 854
f 854 837 838
f 854 838 852
f 852 838 840
f 852 840 871
f 871 840 861
f 871 861 845
f 845 861 863
f 845 863 6026
f 6028 6029 1013
f 286 4600 6030
f 6030 4600 4599
f 6030 4599 4597
f 4597 4595 6030
f 6030 4595 4593
f 6030 4593 4591
f 4589 4574 1006
f 4556 4557 4574
f 4574 4557 4559
f 4574 4559 1006
f 4546 4549 4551
f 4546 4551 4574
f 4574 4551 4554
f 4574 4554 4556
f 4591 4589 6030
f 6030 4589 1006
f 6030 1006 220
f 220 1006 1007
f 220 1007 6031
f 6031 1007 232
f 232 1007 1008
f 232 1008 6032
f 1009 1010 1008
f 1008 1010 282
f 282 283 1008
f 1008 283 6033
f 1008 6033 6032
f 1011 833 1009
f 1009 833 1012
f 1009 1012 1010
f 6029 6022 1013
f 1013 6022 6024
f 1013 6024 1011
f 1011 6024 6023
f 1011 6023 833
f 6028 1013 863
f 863 1013 1014
f 863 1014 6026
f 6026 1014 6027
f 6027 1014 1015
f 6027 1015 6025
f 6025 1015 841
f 841 1015 1016
f 841 1016 866
f 6034 1016 6035
f 6035 1016 1015
f 6035 1015 6036
f 6036 1015 1014
f 6036 1014 6037
f 6037 1014 1013
f 6037 1013 6038
f 6038 1013 1011
f 6038 1011 6039
f 6039 1011 1009
f 6039 1009 6040
f 6040 1009 1008
f 6040 1008 6041
f 6041 1008 1007
f 6041 1007 6042
f 6042 1007 1006
f 6042 1006 4558
f 4558 1006 4559
f 382 618 159
f 811 812 813
f 6043 6044 811
f 357 6045 158
f 158 6045 360
f 158 360 159
f 159 360 6046
f 159 6046 382
f 811 6044 158
f 158 6044 350
f 158 350 357
f 813 332 811
f 811 332 330
f 811 330 6043
f 6047 6048 948
f 949 952 6049
f 6049 952 950
f 6049 950 6050
f 6050 950 818
f 953 954 955
f 956 957 6051
f 954 959 955
f 955 959 6052
f 955 6052 957
f 957 6052 6053
f 957 6053 6051
f 964 965 6054
f 966 893 965
f 965 893 6055
f 965 6055 6054
f 963 962 6056
f 6056 962 975
f 6054 6057 964
f 964 6057 6058
f 964 6058 6059
f 818 950 2638
f 2638 950 6060
f 2638 6060 814
f 912 952 948
f 948 952 949
f 948 949 6047
f 912 6061 952
f 952 6061 6062
f 952 6062 950
f 950 6062 6063
f 950 6063 6060
f 967 968 6064
f 6064 968 956
f 6064 956 970
f 970 956 6051
f 955 971 953
f 953 971 948
f 953 948 6065
f 6065 948 6048
f 973 966 974
f 974 966 965
f 974 965 975
f 975 965 964
f 975 964 6056
f 6056 964 6059
f 6056 6066 963
f 963 6066 907
f 963 907 6067
f 968 973 956
f 956 973 974
f 956 974 957
f 957 974 975
f 957 975 955
f 955 975 962
f 955 962 971
f 971 962 963
f 971 963 948
f 948 963 6067
f 948 6067 912
f 6060 6063 877
f 6068 6069 6070
f 6069 6068 828
f 828 6068 874
f 828 874 6071
f 874 879 6071
f 6071 879 880
f 6071 880 6072
f 6072 880 6073
f 6073 882 6072
f 6072 882 883
f 6072 883 822
f 6074 887 885
f 6074 889 890
f 890 889 6075
f 6055 893 894
f 903 6054 905
f 905 6054 6055
f 895 6056 899
f 899 6056 6059
f 899 6059 901
f 901 6059 6058
f 901 6058 903
f 903 6058 6057
f 903 6057 6054
f 906 907 895
f 895 907 6066
f 895 6066 6056
f 6062 6061 911
f 911 6061 912
f 911 912 906
f 906 912 6067
f 906 6067 907
f 814 6060 815
f 815 6060 877
f 815 877 820
f 887 6076 885
f 885 6076 6073
f 885 6073 915
f 915 6073 880
f 915 880 876
f 876 880 879
f 876 879 875
f 875 879 874
f 875 874 878
f 878 874 6068
f 878 6068 877
f 877 6068 6070
f 877 6070 820
f 6063 6062 877
f 877 6062 911
f 877 911 878
f 878 911 906
f 878 906 875
f 875 906 895
f 875 895 876
f 876 895 899
f 876 899 915
f 915 899 901
f 915 901 885
f 885 901 903
f 885 903 6074
f 6074 903 905
f 6074 905 889
f 889 905 6055
f 889 6055 6075
f 6075 6055 894
f 6072 822 6077
f 6072 6077 6071
f 828 827 6069
f 6069 827 813
f 6069 813 6070
f 6070 813 812
f 6070 812 820
f 828 6071 827
f 827 6071 6077
f 827 6077 813
f 813 6077 332
f 5460 5454 6078
f 6078 5454 6079
f 6080 772 6081
f 718 6082 768
f 6083 259 6084
f 6085 276 785
f 251 780 6086
f 6086 780 6087
f 6086 6087 6088
f 6089 6090 777
f 777 6090 6088
f 6089 781 6091
f 6091 781 805
f 6091 805 6092
f 6092 805 257
f 257 805 769
f 257 769 6093
f 6093 769 6094
f 6094 769 783
f 6094 783 255
f 6095 6096 784
f 784 6096 6097
f 784 6097 783
f 783 6097 6098
f 783 6098 255
f 786 6099 6100
f 787 6101 788
f 788 6101 6102
f 788 6102 281
f 274 6103 789
f 789 6103 6104
f 789 6104 790
f 790 6104 268
f 790 268 791
f 791 268 6105
f 791 6105 787
f 787 6105 6106
f 787 6106 6101
f 274 789 6084
f 6084 789 6107
f 6084 6107 6083
f 793 6108 789
f 789 6108 795
f 789 795 6107
f 793 796 6109
f 6109 796 798
f 6109 798 799
f 756 800 6110
f 6110 800 801
f 6110 801 759
f 759 801 802
f 786 6111 802
f 802 6111 6112
f 802 6112 759
f 6100 6085 786
f 786 6085 785
f 786 785 6111
f 6111 785 6082
f 718 768 6113
f 6113 768 803
f 6113 803 6114
f 6115 733 775
f 775 733 731
f 777 772 778
f 778 772 6080
f 778 6080 775
f 775 6080 779
f 775 779 6115
f 6088 6087 777
f 777 6087 6116
f 777 6116 772
f 772 6116 771
f 772 771 6081
f 756 799 800
f 800 799 798
f 800 798 801
f 801 798 804
f 801 804 802
f 805 803 769
f 769 803 768
f 769 768 783
f 783 768 6082
f 783 6082 784
f 784 6082 785
f 784 785 6095
f 6095 785 276
f 6089 777 781
f 781 777 778
f 781 778 805
f 805 778 775
f 805 775 803
f 803 775 731
f 803 731 6114
f 793 789 796
f 796 789 790
f 796 790 798
f 798 790 791
f 798 791 804
f 804 791 787
f 804 787 802
f 802 787 788
f 802 788 786
f 786 788 281
f 786 281 6099
f 1065 1059 1061
f 6117 185 5612
f 1026 1045 1044
f 6021 1049 1064
f 66 1043 67
f 67 1043 1049
f 67 1049 6020
f 6020 1049 6021
f 1026 848 1045
f 1045 848 6011
f 1045 6011 1053
f 1046 1023 1027
f 6118 6119 1048
f 1048 6119 6117
f 6117 5612 1048
f 1048 5612 5613
f 1048 5613 1042
f 5617 1037 1058
f 1058 1037 1042
f 1058 1042 1040
f 1040 1042 5613
f 1065 1061 1064
f 1064 1049 1065
f 1065 1049 1043
f 1065 1043 1059
f 1059 1043 66
f 1059 66 6120
f 251 1023 780
f 780 1023 1046
f 780 1046 6087
f 6087 1046 1069
f 6087 1069 6116
f 1045 1063 1044
f 1044 1063 1062
f 1044 1062 1066
f 1070 6116 1068
f 1068 6116 1069
f 1068 1069 1066
f 1066 1069 1046
f 1066 1046 1044
f 1044 1046 1027
f 1044 1027 1026
f 1053 6021 1045
f 1045 6021 1064
f 1045 1064 1063
f 1063 1064 1061
f 1063 1061 1062
f 1062 1061 1039
f 1062 1039 1066
f 1066 1039 1067
f 1066 1067 1068
f 1068 1067 1075
f 1068 1075 1070
f 1070 1075 1036
f 1070 1036 6116
f 6116 1036 771
f 779 6080 1036
f 1036 6080 6081
f 1036 6081 771
f 733 6115 1072
f 1072 6115 1073
f 1072 1073 1071
f 1071 1073 1077
f 1071 1077 1080
f 5617 1057 1037
f 1037 1057 1056
f 1037 1056 1038
f 1038 1056 5618
f 1038 5618 1076
f 1076 5618 1078
f 1076 1078 1077
f 1077 1078 5614
f 1077 5614 1080
f 66 6118 6120
f 6120 6118 1048
f 6120 1048 1059
f 1059 1048 1042
f 1059 1042 1061
f 1061 1042 1037
f 1061 1037 1039
f 1039 1037 1038
f 1039 1038 1067
f 1067 1038 1076
f 1067 1076 1075
f 1075 1076 1077
f 1075 1077 1036
f 1036 1077 1073
f 1036 1073 779
f 779 1073 6115
f 172 160 159
f 159 160 157
f 159 157 158
f 5508 6121 5511
f 5511 6121 5545
f 5511 5545 5513
f 5464 5533 5508
f 5508 5533 6122
f 5508 6122 6121
f 66 6007 6118
f 6118 6007 6006
f 166 172 6123
f 6123 172 159
f 6123 159 6124
f 6124 159 5566
f 6124 5566 6125
f 6125 5566 5568
f 6125 5568 6126
f 6126 5568 5571
f 6126 5571 6127
f 6127 5571 5573
f 6127 5573 6128
f 6128 5573 5576
f 6128 5576 6129
f 6129 5576 5578
f 6129 5578 6130
f 6130 5578 5581
f 6130 5581 5475
f 5475 5581 170
f 5475 170 5477
f 5477 170 5603
f 5477 5603 5473
f 5473 5603 5600
f 5473 5600 5481
f 5481 5600 5598
f 5481 5598 5484
f 5484 5598 5592
f 5484 5592 5470
f 5470 5592 5594
f 5470 5594 5488
f 5488 5594 5590
f 5488 5590 5491
f 5491 5590 5586
f 5491 5586 5494
f 5494 5586 188
f 5494 188 5497
f 188 5529 5497
f 5497 5529 5527
f 5497 5527 5467
f 5467 5527 5525
f 5467 5525 5501
f 5501 5525 5523
f 5501 5523 5504
f 5504 5523 5536
f 5504 5536 5464
f 5464 5536 5534
f 5464 5534 5533
f 6123 6131 166
f 166 6131 6132
f 166 6132 168
f 168 6132 6133
f 168 6133 182
f 6009 6003 5547
f 5547 6003 6004
f 6009 5547 6008
f 6008 5547 5555
f 6008 5555 6005
f 6117 6119 5553
f 5553 6119 6118
f 5553 6118 5555
f 5555 6118 6006
f 5555 6006 6005
f 5558 185 5549
f 5549 185 6117
f 5549 6117 5551
f 5551 6117 5553
f 182 6133 181
f 181 6133 6134
f 181 6134 180
f 180 6134 6135
f 180 6135 179
f 179 6135 6136
f 179 6136 178
f 178 6136 6137
f 178 6137 177
f 177 6137 5513
f 177 5513 176
f 5558 5557 185
f 185 5557 5562
f 185 5562 186
f 186 5562 5561
f 186 5561 187
f 187 5561 5519
f 187 5519 191
f 191 5519 5607
f 5607 5519 5517
f 5607 5517 189
f 189 5517 5521
f 189 5521 188
f 188 5521 5531
f 188 5531 5529
f 49 5539 72
f 72 5539 5547
f 72 5547 6010
f 6010 5547 6004
f 176 5513 51
f 51 5513 5545
f 51 5545 50
f 50 5545 5543
f 50 5543 49
f 49 5543 5541
f 49 5541 5539
f 358 325 324
f 386 384 385
f 396 6138 318
f 357 359 6045
f 6045 359 381
f 6045 381 360
f 360 381 385
f 360 385 6046
f 6046 385 384
f 6046 384 382
f 6139 6140 395
f 395 6140 6141
f 372 373 371
f 371 373 354
f 371 354 353
f 318 398 396
f 396 398 356
f 396 356 354
f 354 356 355
f 354 355 353
f 353 355 388
f 353 388 389
f 366 370 368
f 368 370 369
f 368 369 363
f 366 372 370
f 370 372 371
f 370 371 369
f 369 371 353
f 369 353 390
f 390 353 389
f 390 389 391
f 351 301 374
f 374 301 6142
f 374 6142 352
f 352 6142 6143
f 364 342 367
f 367 342 375
f 367 375 351
f 393 394 387
f 387 394 386
f 391 393 392
f 386 385 387
f 387 385 381
f 387 381 380
f 380 381 359
f 380 359 378
f 378 359 357
f 378 357 358
f 358 357 350
f 358 350 325
f 342 292 375
f 375 292 296
f 375 296 351
f 351 296 6144
f 351 6144 301
f 6143 308 352
f 352 308 6145
f 352 6145 395
f 395 6145 6146
f 395 6146 6139
f 393 387 392
f 392 387 380
f 392 380 379
f 379 380 378
f 379 378 377
f 377 378 358
f 377 358 364
f 364 358 324
f 364 324 342
f 391 392 390
f 390 392 379
f 390 379 369
f 369 379 377
f 369 377 363
f 363 377 364
f 363 364 368
f 368 364 367
f 368 367 366
f 366 367 351
f 366 351 372
f 372 351 374
f 372 374 373
f 373 374 352
f 373 352 354
f 354 352 395
f 354 395 396
f 396 395 6141
f 396 6141 6138
f 6138 6141 312
f 292 293 296
f 296 293 295
f 296 295 6144
f 6144 295 297
f 6144 297 301
f 297 6147 301
f 301 6147 299
f 301 299 6142
f 6142 299 304
f 6142 304 6143
f 306 6145 308
f 6141 6140 312
f 312 6140 6139
f 312 6139 306
f 306 6139 6146
f 306 6146 6145
f 318 6138 6148
f 6148 6138 316
f 6138 312 316
f 316 312 319
f 316 319 315
f 6143 304 308
f 308 304 309
f 308 309 306
f 306 309 320
f 306 320 312
f 312 320 322
f 312 322 319
f 721 720 916
f 882 917 883
f 883 917 6149
f 883 6149 822
f 919 918 349
f 349 918 6150
f 6150 918 346
f 346 918 920
f 346 920 6151
f 344 921 292
f 292 921 922
f 292 922 293
f 923 924 925
f 882 926 917
f 917 926 927
f 917 927 928
f 928 927 929
f 928 929 924
f 924 929 930
f 924 930 925
f 735 734 931
f 734 742 931
f 931 742 315
f 931 315 319
f 304 299 932
f 932 299 933
f 319 322 931
f 931 322 320
f 931 320 932
f 932 320 309
f 932 309 304
f 344 6151 921
f 921 6151 920
f 921 920 922
f 922 920 934
f 922 934 933
f 933 934 935
f 933 935 932
f 932 935 936
f 932 936 931
f 931 936 937
f 931 937 735
f 756 721 938
f 938 721 916
f 938 916 939
f 939 916 940
f 925 941 923
f 923 941 942
f 923 942 943
f 943 942 944
f 943 944 940
f 940 944 945
f 940 945 939
f 299 6147 933
f 933 6147 297
f 933 297 922
f 922 297 295
f 922 295 293
f 349 6149 919
f 919 6149 917
f 919 917 918
f 918 917 928
f 918 928 920
f 920 928 924
f 920 924 934
f 934 924 923
f 934 923 935
f 935 923 943
f 935 943 936
f 936 943 940
f 936 940 937
f 937 940 916
f 937 916 735
f 735 916 720
f 748 750 765
f 740 739 758
f 750 748 6152
f 739 740 738
f 756 6110 722
f 742 734 736
f 736 734 735
f 736 735 737
f 737 735 720
f 737 720 722
f 722 720 721
f 722 721 756
f 738 6153 6154
f 6153 738 6155
f 6155 738 740
f 6155 740 751
f 6156 6157 748
f 748 6157 747
f 748 747 6152
f 726 727 729
f 746 753 726
f 726 753 725
f 726 725 727
f 727 725 724
f 752 6114 730
f 730 6114 731
f 730 731 732
f 732 731 733
f 6152 6158 750
f 750 6158 751
f 750 751 765
f 765 751 740
f 765 740 760
f 760 740 758
f 760 758 759
f 315 742 6154
f 6154 742 736
f 6154 736 738
f 738 736 737
f 738 737 739
f 739 737 722
f 739 722 758
f 758 722 6110
f 758 6110 759
f 6112 6111 762
f 762 6111 6082
f 762 6082 719
f 719 6082 718
f 719 718 752
f 752 718 6113
f 752 6113 6114
f 732 724 730
f 730 724 725
f 730 725 752
f 752 725 753
f 752 753 719
f 719 753 746
f 759 6112 760
f 760 6112 762
f 760 762 765
f 765 762 719
f 765 719 748
f 748 719 746
f 748 746 6156
f 6156 746 726
f 6156 726 6159
f 6159 726 729
f 6159 729 451
f 326 327 328
f 330 332 331
f 331 332 333
f 331 333 334
f 334 333 335
f 6044 6043 338
f 338 6043 339
f 338 339 328
f 344 292 341
f 341 292 342
f 341 342 323
f 323 342 324
f 323 324 325
f 6151 327 346
f 346 327 326
f 346 326 6150
f 349 6150 335
f 335 6150 326
f 335 326 334
f 334 326 328
f 334 328 331
f 331 328 339
f 331 339 330
f 330 339 6043
f 350 6044 325
f 325 6044 338
f 325 338 323
f 323 338 328
f 323 328 341
f 341 328 327
f 341 327 344
f 344 327 6151
f 1010 1012 1022
f 1023 251 250
f 1012 833 1022
f 1022 833 832
f 1022 832 1024
f 1024 832 836
f 1024 836 1025
f 1025 836 849
f 1025 849 1026
f 1026 849 848
f 1023 250 1027
f 282 1010 234
f 234 1010 1022
f 234 1022 235
f 235 1022 1024
f 235 1024 250
f 250 1024 1025
f 250 1025 1027
f 1027 1025 1026
f 198 199 200
f 220 6031 229
f 210 209 204
f 210 204 206
f 206 204 205
f 206 205 6160
f 216 213 201
f 201 213 212
f 201 212 202
f 202 212 211
f 6161 6162 216
f 216 6162 290
f 216 290 213
f 6161 216 214
f 214 216 201
f 214 201 6160
f 6160 201 202
f 6160 202 206
f 206 202 211
f 206 211 210
f 224 226 241
f 241 226 221
f 229 6031 231
f 231 6031 232
f 231 232 233
f 234 235 236
f 236 235 237
f 236 237 233
f 233 237 238
f 233 238 231
f 231 238 239
f 231 239 229
f 229 239 240
f 6096 6095 223
f 223 6095 276
f 223 276 277
f 220 221 6030
f 6030 221 226
f 6030 226 225
f 225 226 224
f 225 224 223
f 223 224 6097
f 223 6097 6096
f 6092 243 6091
f 6091 243 244
f 6091 244 6089
f 6089 244 246
f 6089 246 6090
f 6090 246 6088
f 6088 246 249
f 6088 249 6086
f 6086 249 250
f 6086 250 251
f 220 229 221
f 221 229 240
f 221 240 241
f 241 240 255
f 241 255 224
f 224 255 6098
f 224 6098 6097
f 6092 257 243
f 243 257 6093
f 243 6093 6094
f 259 260 6084
f 6084 260 262
f 279 6100 6099
f 279 6099 263
f 6101 265 6102
f 6102 265 263
f 6102 263 281
f 281 263 6099
f 6101 6106 265
f 265 6106 6105
f 265 6105 267
f 267 6105 268
f 267 268 270
f 270 268 6104
f 270 6104 272
f 272 6104 6103
f 272 6103 262
f 262 6103 274
f 262 274 6084
f 277 276 279
f 279 276 6085
f 279 6085 6100
f 282 234 283
f 283 234 236
f 283 236 6033
f 6033 236 233
f 6033 233 6032
f 6032 233 232
f 286 198 287
f 287 198 200
f 287 200 6163
f 6163 200 289
f 6163 289 290
f 290 289 291
f 290 291 213
f 235 250 237
f 237 250 249
f 237 249 238
f 238 249 246
f 238 246 239
f 239 246 244
f 239 244 240
f 240 244 243
f 240 243 255
f 255 243 6094
f 260 209 262
f 262 209 210
f 262 210 272
f 272 210 211
f 272 211 270
f 270 211 212
f 270 212 267
f 267 212 213
f 267 213 265
f 265 213 291
f 265 291 263
f 263 291 289
f 263 289 279
f 279 289 200
f 279 200 277
f 277 200 199
f 277 199 223
f 223 199 198
f 223 198 225
f 225 198 286
f 225 286 6030
f 986 893 966
f 1017 205 204
f 1018 1017 1019
f 1019 1017 204
f 1019 204 1020
f 1020 204 209
f 1020 209 1021
f 1021 209 260
f 1021 260 985
f 985 260 259
f 986 966 982
f 967 1018 968
f 968 1018 1019
f 968 1019 973
f 973 1019 1020
f 973 1020 966
f 966 1020 1021
f 966 1021 982
f 982 1021 985
f 6076 887 976
f 6075 894 977
f 978 979 980
f 982 983 977
f 984 985 259
f 982 977 986
f 986 977 894
f 986 894 893
f 989 981 939
f 799 756 981
f 981 756 938
f 981 938 939
f 990 991 984
f 984 991 983
f 984 983 985
f 985 983 982
f 978 980 992
f 992 6083 6107
f 6109 979 793
f 793 979 978
f 793 978 6108
f 6108 978 992
f 6108 992 795
f 795 992 6107
f 6074 890 993
f 993 890 994
f 993 994 995
f 995 994 996
f 890 6075 994
f 994 6075 977
f 994 977 996
f 996 977 983
f 996 983 997
f 997 983 991
f 259 6083 984
f 984 6083 992
f 984 992 990
f 990 992 980
f 990 980 991
f 991 980 998
f 991 998 997
f 997 998 999
f 997 999 996
f 996 999 1000
f 996 1000 995
f 995 1000 1001
f 995 1001 993
f 993 1001 976
f 993 976 6074
f 6074 976 887
f 882 6073 926
f 926 6073 1002
f 926 1002 927
f 927 1002 1003
f 1004 930 1003
f 1003 930 929
f 1003 929 927
f 939 945 989
f 989 945 944
f 989 944 988
f 988 944 942
f 988 942 987
f 987 942 941
f 987 941 1004
f 1004 941 925
f 1004 925 930
f 6109 799 979
f 979 799 981
f 979 981 980
f 980 981 989
f 980 989 998
f 998 989 988
f 998 988 999
f 999 988 987
f 999 987 1000
f 1000 987 1004
f 1000 1004 1001
f 1001 1004 1003
f 1001 1003 976
f 976 1003 1002
f 976 1002 6076
f 6076 1002 6073
f 830 6077 6149
f 6149 6077 822
f 332 6077 333
f 333 6077 830
f 333 830 335
f 335 830 6149
f 335 6149 349
f 5453 5455 6164
f 6164 5455 6165
f 5453 6164 5451
f 5451 6164 6166
f 5451 6166 5452
f 5452 6166 6167
f 5452 6167 5454
f 5454 6167 6079
f 5448 6168 5449
f 5449 6168 6169
f 5449 6169 5450
f 5450 6169 6170
f 5450 6170 5455
f 5455 6170 6165
f 5448 5461 6168
f 6168 5461 6171
f 5445 6172 5446
f 5446 6172 6173
f 5446 6173 5447
f 5447 6173 6174
f 5447 6174 5461
f 5461 6174 6171
f 6175 6172 5459
f 5459 6172 5445
f 5460 6078 5458
f 5458 6078 6176
f 168 806 807
f 168 807 166
f 166 807 808
f 166 808 172
f 172 808 809
f 172 809 160
f 160 809 810
f 160 810 157
f 157 810 811
f 157 811 158
f 6177 6178 4585
f 4585 4584 6177
f 6177 4584 4582
f 6177 4582 4580
f 4579 4576 6179
f 4570 4571 4576
f 4576 4571 4573
f 4576 4573 6179
f 4560 4563 4566
f 4560 4566 4576
f 4576 4566 4568
f 4576 4568 4570
f 6180 6181 6182
f 6182 6181 6183
f 6182 6183 6184
f 6184 6183 6185
f 6184 6185 6186
f 6186 6185 6187
f 6186 6187 6188
f 6188 6187 6189
f 6188 6189 6190
f 6190 6189 6191
f 6190 6191 6192
f 6192 6191 6193
f 6192 6193 6194
f 6194 6193 6195
f 6194 6195 6179
f 6179 6195 6177
f 6179 6177 4579
f 4579 6177 4580
f 6196 6197 1775
f 1764 6198 6199
f 6199 6198 6200
f 6196 1775 6201
f 6201 1775 6202
f 6201 6202 6203
f 6203 6202 6204
f 6203 6204 6200
f 6200 6204 6205
f 6200 6205 6199
f 3446 3448 6206
f 3522 6207 3520
f 3520 6207 6208
f 3520 6208 3475
f 3475 6208 6209
f 3475 6209 3477
f 3454 3456 6200
f 6206 3448 6210
f 6210 3448 3450
f 6210 3450 6198
f 6198 3450 6200
f 6200 3450 3452
f 6200 3452 3454
f 3458 3460 6211
f 3460 3462 6211
f 6211 3462 3461
f 6211 3461 3466
f 3466 3468 6211
f 6211 3468 3470
f 6211 3470 6209
f 6209 3470 3472
f 6209 3472 3477
f 3446 6206 3443
f 3443 6206 6212
f 3443 6212 3518
f 6212 6213 3518
f 3518 6213 6214
f 3518 6214 3516
f 6201 6211 6196
f 6196 6211 6215
f 6196 6215 6197
f 3456 3458 6200
f 6200 3458 6211
f 6200 6211 6203
f 6203 6211 6201
f 6216 6217 6218
f 6218 6219 6216
f 6216 6219 6220
f 6216 6220 6215
f 6215 6220 6221
f 6215 6221 6197
f 6222 6223 6224
f 6224 6223 6225
f 6224 6225 6217
f 6217 6225 6226
f 6217 6226 6218
f 6227 6228 6222
f 6222 6228 6229
f 6222 6229 6223
f 6230 6231 6232
f 6232 6231 6233
f 6232 6233 6227
f 6227 6233 6234
f 6227 6234 6228
f 6235 6236 6237
f 6236 6238 6237
f 6237 6238 6239
f 6237 6239 6240
f 6240 6239 6241
f 6240 6241 6232
f 6232 6241 6242
f 6232 6242 6230
f 6237 6243 6235
f 6235 6243 6244
f 6235 6244 6245
f 6243 6237 6246
f 6247 6248 6217
f 6207 6249 6250
f 6207 6250 6208
f 6251 6252 6253
f 6253 6252 6254
f 6253 6254 6255
f 6211 6256 6257
f 6256 6211 6258
f 6258 6211 6209
f 6258 6209 6259
f 6260 6261 6262
f 6259 6209 6263
f 6263 6209 6208
f 6263 6208 6264
f 6248 6265 6266
f 6265 6267 6266
f 6266 6267 6268
f 6266 6268 6262
f 6262 6268 6269
f 6262 6269 6270
f 6257 6260 6211
f 6211 6260 6262
f 6211 6262 6215
f 6215 6262 6270
f 6216 6271 6217
f 6217 6271 6272
f 6217 6272 6247
f 6270 6273 6215
f 6215 6273 6274
f 6215 6274 6216
f 6216 6274 6275
f 6216 6275 6271
f 6276 6277 6278
f 6232 6227 6279
f 6279 6227 6280
f 6222 6281 6227
f 6227 6281 6282
f 6227 6282 6280
f 6248 6266 6217
f 6217 6266 6276
f 6217 6276 6224
f 6224 6276 6278
f 6224 6278 6283
f 6283 6284 6224
f 6224 6284 6285
f 6224 6285 6222
f 6222 6285 6286
f 6222 6286 6281
f 6280 6287 6279
f 6279 6287 6288
f 6279 6288 6276
f 6276 6288 6289
f 6276 6289 6277
f 6237 6240 6246
f 6246 6240 6290
f 6246 6290 6291
f 6232 6292 6240
f 6240 6292 6293
f 6240 6293 6290
f 6294 6295 6279
f 6279 6295 6296
f 6279 6296 6232
f 6232 6296 6297
f 6232 6297 6292
f 6291 6298 6246
f 6246 6298 6299
f 6246 6299 6300
f 6300 6299 6301
f 6300 6301 6302
f 6303 6304 6305
f 6305 6304 6244
f 6306 6307 6308
f 6305 6309 6303
f 6303 6309 6310
f 6303 6310 6311
f 6311 6310 6312
f 6311 6312 6313
f 6306 6308 6314
f 6307 6315 6308
f 6308 6315 6316
f 6308 6316 6305
f 6305 6316 6317
f 6305 6317 6309
f 6318 6319 6320
f 6321 6322 6323
f 6322 6324 6323
f 6323 6324 6325
f 6323 6325 6320
f 6320 6325 6326
f 6320 6326 6327
f 6313 6318 6311
f 6311 6318 6320
f 6311 6320 6328
f 6328 6320 6327
f 6329 6330 6331
f 6331 6330 6332
f 6331 6332 6333
f 6327 6334 6328
f 6328 6334 6335
f 6328 6335 6329
f 6329 6335 6336
f 6329 6336 6330
f 6337 6338 6339
f 6339 6338 6340
f 6339 6340 6331
f 6331 6340 6341
f 6331 6341 6329
f 6342 6343 6344
f 6345 6346 6347
f 6347 6346 6348
f 6347 6348 6342
f 6342 6348 6349
f 6342 6349 6343
f 6350 6351 6339
f 6339 6351 6352
f 6339 6352 6337
f 6352 6353 6337
f 6337 6353 6354
f 6337 6354 6355
f 6355 6354 6356
f 6357 6358 6347
f 6347 6358 6359
f 6249 6360 6361
f 6356 6345 6355
f 6355 6345 6347
f 6355 6347 6362
f 6362 6347 6359
f 6362 6359 6363
f 6361 6364 6249
f 6249 6364 6365
f 6249 6365 6250
f 6250 6365 6366
f 6250 6366 6367
f 6363 6368 6362
f 6362 6368 6369
f 6362 6369 6360
f 6360 6369 6370
f 6360 6370 6361
f 6371 6372 6250
f 6250 6372 6253
f 6250 6253 6208
f 6208 6253 6255
f 6208 6255 6264
f 6373 6374 6375
f 6372 6376 6377
f 6372 6377 6378
f 6377 6379 6378
f 6378 6379 6380
f 6378 6380 6381
f 6375 6382 6373
f 6373 6382 6383
f 6373 6383 6371
f 6371 6383 6384
f 6371 6384 6385
f 6385 6386 6371
f 6371 6386 6387
f 6371 6387 6372
f 6372 6387 6388
f 6372 6388 6376
f 6344 6350 6342
f 6342 6350 6339
f 6342 6339 6323
f 6323 6339 6331
f 6323 6331 6321
f 6321 6331 6333
f 6261 6251 6262
f 6262 6251 6253
f 6262 6253 6266
f 6266 6253 6372
f 6266 6372 6276
f 6276 6372 6378
f 6276 6378 6279
f 6279 6378 6300
f 6279 6300 6294
f 6294 6300 6302
f 6367 6357 6250
f 6250 6357 6347
f 6250 6347 6371
f 6371 6347 6342
f 6371 6342 6373
f 6373 6342 6323
f 6373 6323 6308
f 6308 6323 6320
f 6308 6320 6314
f 6314 6320 6319
f 6381 6374 6378
f 6378 6374 6373
f 6378 6373 6300
f 6300 6373 6308
f 6300 6308 6246
f 6246 6308 6305
f 6246 6305 6243
f 6243 6305 6244
f 6389 6374 6390
f 6390 6374 6381
f 6390 6381 6391
f 6391 6381 6380
f 6391 6380 6392
f 6392 6380 6379
f 6392 6379 6393
f 6393 6379 6377
f 6393 6377 6394
f 6394 6377 6376
f 6394 6376 6395
f 6395 6376 6388
f 6395 6388 6396
f 6396 6388 6387
f 6397 6248 6398
f 6398 6248 6247
f 6398 6247 6399
f 6399 6247 6272
f 6399 6272 6400
f 6400 6272 6271
f 6400 6271 6401
f 6401 6271 6275
f 6401 6275 6402
f 6402 6275 6274
f 6402 6274 6403
f 6403 6274 6273
f 6404 6252 6405
f 6405 6252 6251
f 6405 6251 6406
f 6406 6251 6261
f 6406 6261 6407
f 6407 6261 6260
f 6407 6260 6408
f 6408 6260 6257
f 6408 6257 6409
f 6409 6257 6256
f 6409 6256 6410
f 6410 6256 6258
f 6411 6290 6412
f 6412 6290 6293
f 6412 6293 6413
f 6413 6293 6292
f 6413 6292 6414
f 6414 6292 6297
f 6414 6297 6415
f 6415 6297 6296
f 6415 6296 6416
f 6416 6296 6295
f 6416 6295 6417
f 6417 6295 6294
f 6418 6280 6419
f 6419 6280 6282
f 6419 6282 6420
f 6420 6282 6281
f 6420 6281 6421
f 6421 6281 6286
f 6421 6286 6422
f 6422 6286 6285
f 6422 6285 6423
f 6423 6285 6284
f 6423 6284 6424
f 6424 6284 6283
f 6425 6334 6426
f 6426 6334 6327
f 6426 6327 6427
f 6427 6327 6326
f 6427 6326 6428
f 6428 6326 6325
f 6428 6325 6429
f 6429 6325 6324
f 6429 6324 6430
f 6430 6324 6322
f 6430 6322 6431
f 6431 6322 6321
f 6432 6310 6433
f 6433 6310 6309
f 6433 6309 6434
f 6434 6309 6317
f 6434 6317 6435
f 6435 6317 6316
f 6435 6316 6436
f 6436 6316 6315
f 6436 6315 6437
f 6437 6315 6307
f 6437 6307 6438
f 6438 6307 6306
f 6439 6357 6440
f 6440 6357 6367
f 6440 6367 6441
f 6441 6367 6366
f 6441 6366 6442
f 6442 6366 6365
f 6442 6365 6443
f 6443 6365 6364
f 6443 6364 6444
f 6444 6364 6361
f 6444 6361 6445
f 6445 6361 6370
f 6446 6350 6447
f 6447 6350 6344
f 6447 6344 6448
f 6448 6344 6343
f 6448 6343 6449
f 6449 6343 6349
f 6449 6349 6450
f 6450 6349 6348
f 6450 6348 6451
f 6451 6348 6346
f 6451 6346 6452
f 6452 6346 6345
f 4643 4704 6453
f 6453 4704 6454
f 6453 6454 6455
f 6455 6454 6456
f 4717 4634 4729
f 4729 4634 4654
f 4729 4654 4726
f 4654 4658 4726
f 4726 4658 4660
f 4726 4660 4723
f 4723 4660 4662
f 4723 4662 4718
f 4718 4662 4665
f 4718 4665 4719
f 4719 4665 4668
f 4719 4668 6457
f 6457 4668 6458
f 6457 6458 6459
f 6459 6458 6460
f 6459 6460 6461
f 6461 6460 6462
f 6461 6462 6463
f 6463 6462 6464
f 6463 6464 6465
f 6465 6464 6466
f 6465 6466 6467
f 6467 6466 6468
f 6467 6468 6469
f 6469 6468 6470
f 6469 6470 6471
f 6471 6470 6472
f 6471 6472 6473
f 6473 6472 6474
f 6473 6474 6475
f 6475 6474 6476
f 6475 6476 6477
f 6477 6476 6478
f 6477 6478 6479
f 6479 6478 6480
f 6479 6480 6481
f 6481 6480 6482
f 6481 6482 6483
f 6483 6482 6484
f 6483 6484 6456
f 6456 6484 6485
f 6456 6485 6455
f 6486 4720 6487
f 6487 4720 6488
f 6487 6488 6489
f 6489 6488 6490
f 6489 6490 6491
f 6491 6490 6492
f 6491 6492 6493
f 6493 6492 6494
f 6493 6494 6495
f 6495 6494 6496
f 6496 6494 6497
f 6496 6497 6498
f 6498 6497 6499
f 6498 6499 6500
f 6500 6499 6501
f 6500 6501 6502
f 6502 6501 6503
f 6502 6503 6504
f 6504 6503 6505
f 6504 6505 6506
f 6506 6505 6507
f 6506 6507 6508
f 6509 6510 6511
f 6511 6510 6512
f 6511 6512 6507
f 6507 6512 6513
f 6507 6513 6508
f 6498 6500 6514
f 6512 6515 6513
f 6516 6517 6518
f 6518 6517 6519
f 6431 6520 6521
f 6522 6520 6523
f 6524 6525 6526
f 6526 6525 6527
f 6528 6529 6530
f 6444 6445 6531
f 6531 6445 6532
f 6531 6532 6533
f 6533 6532 6534
f 6533 6534 6528
f 6528 6534 6535
f 6528 6535 6529
f 6535 6536 6529
f 6529 6536 6537
f 6529 6537 6538
f 6538 6537 6439
f 6538 6439 6440
f 6440 6441 6538
f 6538 6441 6442
f 6538 6442 6531
f 6531 6442 6443
f 6531 6443 6444
f 6539 6526 6540
f 6540 6526 6527
f 6540 6527 6541
f 6541 6527 6530
f 6541 6530 6542
f 6539 6543 6526
f 6526 6543 6446
f 6526 6446 6544
f 6544 6446 6447
f 6544 6447 6448
f 6449 6450 6529
f 6529 6450 6451
f 6529 6451 6530
f 6530 6451 6452
f 6530 6452 6542
f 6431 6545 6520
f 6520 6545 6546
f 6520 6546 6523
f 6547 6548 6549
f 6549 6548 6425
f 6549 6425 6426
f 6427 6428 6521
f 6428 6429 6521
f 6521 6429 6430
f 6521 6430 6431
f 6546 6550 6523
f 6523 6550 6551
f 6523 6551 6548
f 6548 6551 6552
f 6548 6552 6425
f 6553 6554 6555
f 6555 6554 6547
f 6555 6547 6556
f 6556 6547 6549
f 6556 6549 6438
f 6438 6549 6557
f 6435 6436 6557
f 6557 6436 6437
f 6557 6437 6438
f 6553 6558 6554
f 6554 6558 6559
f 6554 6559 6519
f 6519 6559 6432
f 6519 6432 6518
f 6518 6432 6433
f 6518 6433 6434
f 6515 6512 6518
f 6518 6512 6510
f 6518 6510 6516
f 6560 6561 6562
f 6504 6506 6563
f 6563 6506 6414
f 6414 6415 6563
f 6563 6415 6416
f 6563 6416 6560
f 6560 6416 6417
f 6560 6417 6561
f 6564 6565 6515
f 6515 6565 6566
f 6515 6566 6513
f 6513 6566 6411
f 6513 6411 6508
f 6508 6411 6412
f 6508 6412 6506
f 6506 6412 6413
f 6506 6413 6414
f 6422 6423 6500
f 6500 6423 6424
f 6500 6424 6514
f 6514 6424 6567
f 6514 6567 6568
f 6504 6419 6502
f 6502 6419 6420
f 6502 6420 6500
f 6500 6420 6421
f 6500 6421 6422
f 6569 6570 6563
f 6563 6570 6571
f 6563 6571 6504
f 6504 6571 6418
f 6504 6418 6419
f 6491 6493 6572
f 6572 6493 6403
f 6572 6403 6573
f 6574 6575 6576
f 6576 6575 6577
f 6577 6578 6576
f 6576 6578 6397
f 6576 6397 6496
f 6496 6397 6398
f 6398 6399 6496
f 6496 6399 6400
f 6496 6400 6495
f 6495 6400 6401
f 6495 6401 6493
f 6493 6401 6402
f 6493 6402 6403
f 6487 6579 6580
f 6581 6582 6583
f 6580 6581 6487
f 6487 6581 6583
f 6487 6583 6486
f 6486 6583 6538
f 6486 6538 6584
f 6584 6538 6531
f 6491 6408 6489
f 6489 6408 6409
f 6489 6409 6487
f 6487 6409 6410
f 6487 6410 6579
f 6582 6585 6583
f 6583 6585 6404
f 6583 6404 6572
f 6404 6405 6572
f 6572 6405 6406
f 6572 6406 6491
f 6491 6406 6407
f 6491 6407 6408
f 6586 6587 6588
f 6588 6587 6589
f 6589 6590 6588
f 6588 6590 6389
f 6588 6389 6591
f 6591 6389 6390
f 6591 6390 6391
f 6393 6394 6592
f 6393 6592 6392
f 6394 6395 6592
f 6592 6395 6396
f 6592 6396 6593
f 6593 6396 6594
f 6593 6594 6595
f 6391 6392 6591
f 6591 6392 6592
f 6591 6592 6514
f 6514 6592 6576
f 6514 6576 6498
f 6498 6576 6496
f 6562 6564 6560
f 6560 6564 6515
f 6560 6515 6557
f 6557 6515 6518
f 6557 6518 6435
f 6435 6518 6434
f 6573 6574 6572
f 6572 6574 6576
f 6572 6576 6583
f 6583 6576 6592
f 6583 6592 6538
f 6538 6592 6593
f 6538 6593 6529
f 6529 6593 6544
f 6529 6544 6449
f 6449 6544 6448
f 6568 6569 6514
f 6514 6569 6563
f 6514 6563 6591
f 6591 6563 6560
f 6591 6560 6588
f 6588 6560 6557
f 6588 6557 6521
f 6521 6557 6549
f 6521 6549 6427
f 6427 6549 6426
f 6595 6586 6593
f 6593 6586 6588
f 6593 6588 6544
f 6544 6588 6521
f 6544 6521 6526
f 6526 6521 6520
f 6526 6520 6524
f 6524 6520 6522
f 6596 3434 6597
f 6597 3434 3433
f 6598 3419 3418
f 6599 3427 3426
f 6598 3418 6600
f 6600 3418 6601
f 6600 6601 6602
f 6603 6604 6605
f 6605 6604 6606
f 6605 6606 6607
f 6607 6608 6605
f 6605 6608 6609
f 6605 6609 6601
f 6601 6609 6610
f 6601 6610 6602
f 3426 6611 6599
f 6599 6611 6612
f 6599 6612 6603
f 6603 6612 6613
f 6603 6613 6604
f 3421 3420 6614
f 6614 3420 6615
f 6616 6617 6615
f 6615 6617 6618
f 6615 6618 6614
f 6619 6620 6621
f 6621 6620 6622
f 6621 6622 6616
f 6616 6622 6623
f 6616 6623 6617
f 6624 6625 6626
f 6626 6627 6624
f 6624 6627 6628
f 6624 6628 6621
f 6621 6628 6629
f 6621 6629 6619
f 6625 6624 6630
f 6630 6624 6631
f 6630 6631 6632
f 6632 6631 6633
f 6633 6631 3381
f 6633 3381 3380
f 6634 6635 3414
f 3414 6635 3376
f 3376 6635 6636
f 3376 6636 6637
f 3377 3313 6638
f 6638 3313 3315
f 6638 3315 3413
f 3315 3317 3413
f 3413 3317 3319
f 3413 3319 3414
f 3414 3319 3321
f 3414 3321 6634
f 6637 6639 3376
f 3376 6639 3309
f 3376 3309 3377
f 3377 3309 3311
f 3377 3311 3313
f 3426 3425 6640
f 6640 3425 3430
f 6641 6642 6596
f 6596 6642 6640
f 6596 6640 3434
f 3434 6640 3430
f 3434 3430 3432
f 6643 6644 3424
f 6641 6643 6642
f 6642 6643 3424
f 6642 3424 6640
f 6640 3424 3423
f 6640 3423 3426
f 3426 3423 3421
f 3426 3421 6611
f 6611 3421 6614
f 6611 6614 6612
f 6623 6607 6606
f 6606 6604 6623
f 6623 6604 6613
f 6623 6613 6617
f 6617 6613 6612
f 6617 6612 6618
f 6618 6612 6614
f 6602 6610 6628
f 6628 6610 6609
f 6628 6609 6629
f 6629 6609 6608
f 6623 6622 6607
f 6607 6622 6620
f 6607 6620 6608
f 6608 6620 6619
f 6608 6619 6629
f 6627 6598 6628
f 6628 6598 6600
f 6628 6600 6602
f 6627 6626 6598
f 6598 6626 6625
f 6598 6625 3419
f 3419 6625 6630
f 3419 6630 3417
f 3417 6630 3412
f 3382 3387 3380
f 3380 3387 3386
f 3380 3386 6633
f 6633 3386 3385
f 6633 3385 3388
f 3388 3379 6633
f 6633 3379 3377
f 6633 3377 6632
f 6632 3377 6638
f 6632 6638 6630
f 6630 6638 3413
f 6630 3413 3412
f 3362 3364 3400
f 6645 3441 6646
f 6646 3441 3401
f 6646 3401 6647
f 6647 3401 6648
f 6649 6650 3333
f 3442 3352 3354
f 6645 6651 3441
f 3441 6651 3323
f 3441 3323 3442
f 3442 3323 3325
f 3442 3325 3327
f 3354 3356 3442
f 3442 3356 3358
f 3442 3358 3400
f 3400 3358 3360
f 3400 3360 3362
f 3352 3442 6652
f 6652 3442 3327
f 6652 3327 6653
f 6648 3401 3335
f 3335 3401 3400
f 3335 3400 3333
f 3333 3400 3364
f 3333 3364 6649
f 6653 3327 6654
f 6654 3327 3329
f 6654 3329 6650
f 6650 3329 3331
f 6650 3331 3333
f 3406 3408 3411
f 3411 3410 3406
f 3406 3410 6655
f 3406 6655 6656
f 6657 6658 6659
f 6659 6658 6660
f 6661 3435 3438
f 6660 6658 6662
f 6662 6658 6663
f 6662 6663 6661
f 6661 6663 6664
f 6661 6664 3435
f 3400 6665 3442
f 3442 6665 6661
f 3442 6661 3440
f 3440 6661 3438
f 3406 6656 3404
f 3404 6656 6665
f 3404 6665 3399
f 3399 6665 3400
f 6665 6666 6667
f 3410 3409 6655
f 6655 3409 6666
f 6655 6666 6656
f 6656 6666 6665
f 6668 6662 6667
f 6667 6662 6661
f 6667 6661 6665
f 6669 6659 6668
f 6668 6659 6660
f 6668 6660 6662
f 6670 6671 6669
f 6669 6671 6657
f 6669 6657 6659
f 6672 6673 6674
f 6674 6675 6672
f 6672 6675 6676
f 6672 6676 6669
f 6669 6676 6677
f 6669 6677 6670
f 6678 6679 6680
f 6679 6681 6680
f 6680 6681 6682
f 6680 6682 6683
f 6684 3436 3435
f 3435 6664 6684
f 6684 6664 6663
f 6684 6663 6680
f 6680 6663 6658
f 6680 6658 6678
f 3398 3397 6685
f 6685 3397 6683
f 6685 6683 6686
f 6686 6683 6682
f 6678 6658 6657
f 6677 6682 6670
f 6670 6682 6681
f 6670 6681 6671
f 6671 6681 6657
f 6657 6681 6679
f 6657 6679 6678
f 6682 6677 6686
f 6686 6677 6676
f 6686 6676 6685
f 6685 6676 6675
f 6685 6675 3398
f 3398 6675 3396
f 3396 6675 6674
f 3396 6674 3395
f 6687 3366 3369
f 3366 6687 6674
f 3371 3373 3375
f 3390 3395 3391
f 3391 3395 6674
f 3391 6674 3375
f 3375 6674 6687
f 3375 6687 3371
f 3371 6687 3369
f 3374 3392 3375
f 3375 3392 3391
f 81 82 83
f 6688 6689 92
f 85 88 86
f 86 88 89
f 86 89 93
f 93 89 94
f 93 94 95
f 95 94 96
f 95 96 97
f 97 96 98
f 97 98 99
f 99 98 100
f 99 100 101
f 101 100 102
f 101 102 103
f 103 102 104
f 103 104 6690
f 6690 104 106
f 82 85 83
f 83 85 86
f 83 86 107
f 107 86 93
f 107 93 108
f 108 93 95
f 108 95 109
f 109 95 97
f 109 97 110
f 110 97 99
f 110 99 111
f 111 99 101
f 111 101 112
f 112 101 103
f 112 103 113
f 113 103 6690
f 114 81 115
f 115 81 83
f 115 83 116
f 116 83 107
f 116 107 117
f 117 107 108
f 117 108 118
f 118 108 109
f 118 109 119
f 119 109 110
f 119 110 120
f 120 110 111
f 120 111 92
f 92 111 112
f 92 112 6688
f 6688 112 113
f 65 115 63
f 63 115 116
f 63 116 80
f 80 116 117
f 80 117 79
f 79 117 118
f 79 118 78
f 78 118 119
f 78 119 77
f 77 119 120
f 77 120 76
f 76 120 92
f 76 92 75
f 75 92 6689
f 65 67 121
f 65 121 115
f 115 121 122
f 115 122 114
f 6689 6688 6228
f 6690 106 4
f 6691 1775 6197
f 6228 6688 6229
f 6229 6688 113
f 6229 113 6223
f 6223 113 6690
f 6223 6690 6225
f 6225 6690 4
f 6225 4 6226
f 49 72 6228
f 6228 72 54
f 54 53 6228
f 6228 53 75
f 6228 75 6689
f 6226 4 6218
f 6218 4 6692
f 6218 6692 6219
f 6219 6692 6693
f 6219 6693 6220
f 6220 6693 6694
f 6220 6694 6221
f 6221 6694 6695
f 6221 6695 6197
f 6197 6695 6696
f 6197 6696 6691
f 6242 51 6230
f 6230 51 50
f 6230 50 6231
f 6231 50 6233
f 6233 50 6234
f 6234 50 49
f 6234 49 6228
f 6697 6698 3416
f 3407 3405 6699
f 3416 3415 6697
f 6697 3415 3414
f 6697 3414 47
f 47 3414 6181
f 3422 6700 6178
f 6701 3429 24
f 24 3429 3428
f 24 3428 6702
f 3384 6185 3389
f 3389 6185 6183
f 3389 6183 3378
f 3378 6183 6181
f 3378 6181 3376
f 3376 6181 3414
f 6178 6700 6703
f 6700 6704 6703
f 6703 6704 3370
f 6703 3370 3368
f 6699 3405 6705
f 6705 3405 3403
f 6705 3403 6706
f 3393 3392 6707
f 6707 3392 3374
f 6707 3374 6704
f 6704 3374 3372
f 6704 3372 3370
f 3403 3402 6706
f 6706 3402 3401
f 6706 3401 5
f 5 3401 3441
f 5 3441 6708
f 6708 3441 3439
f 6708 3439 6709
f 6701 6710 3429
f 3429 6710 3397
f 3429 3397 3431
f 3431 3397 3394
f 3431 3394 3433
f 3433 3394 3393
f 3433 3393 6597
f 6597 3393 6707
f 3439 3437 6709
f 6709 3437 3436
f 6709 3436 6711
f 6711 3436 6684
f 6711 6684 6712
f 6712 6684 6680
f 6712 6680 6710
f 6710 6680 6683
f 6710 6683 3397
f 3428 3427 6702
f 6702 3427 6599
f 6702 6599 6713
f 6713 6599 6603
f 6713 6603 6714
f 6714 6603 6605
f 6714 6605 6715
f 6715 6605 6601
f 6715 6601 6698
f 6698 6601 3418
f 6698 3418 3416
f 3368 3367 6703
f 6703 3367 6673
f 6703 6673 6716
f 6716 6673 6672
f 6716 6672 6717
f 6717 6672 6669
f 6717 6669 6718
f 6718 6669 6668
f 6718 6668 6719
f 6719 6668 6667
f 6719 6667 6720
f 6720 6667 6666
f 6720 6666 6699
f 6699 6666 3409
f 6699 3409 3407
f 3384 3383 6185
f 6185 3383 3381
f 6185 3381 6187
f 6187 3381 6631
f 6187 6631 6189
f 6189 6631 6624
f 6189 6624 6191
f 6191 6624 6621
f 6191 6621 6193
f 6193 6621 6616
f 6193 6616 6195
f 6195 6616 6615
f 6195 6615 6177
f 6177 6615 6178
f 6178 6615 3420
f 6178 3420 3422
f 6713 6721 6702
f 6702 6721 6722
f 6702 6722 24
f 6714 6723 6713
f 6713 6723 6724
f 6713 6724 6721
f 6715 6725 6714
f 6714 6725 6726
f 6714 6726 6723
f 6698 6727 6715
f 6715 6727 6728
f 6715 6728 6725
f 4603 4602 6729
f 4623 4625 6729
f 6729 4625 4627
f 6729 4627 4603
f 4602 4619 6729
f 6729 4619 4621
f 6729 4621 4623
f 4631 4651 6697
f 6697 4651 4650
f 6697 4650 4648
f 4648 4646 6697
f 6697 4646 4644
f 6697 4644 6698
f 6698 4644 6730
f 6698 6730 6727
f 4633 4635 6731
f 6731 4635 4637
f 4637 4639 6731
f 6731 4639 4641
f 6731 4641 4630
f 4630 4609 6732
f 4609 4611 6732
f 6732 4611 4613
f 6732 4613 4615
f 6733 4657 6734
f 6734 4657 4656
f 6731 6735 4633
f 4633 6735 6736
f 4633 6736 4655
f 4655 6736 6737
f 4655 6737 4656
f 4656 6737 6738
f 4656 6738 6734
f 6733 6739 4657
f 4657 6739 6740
f 4657 6740 4659
f 4659 6740 6741
f 3507 3505 6741
f 6741 3505 3503
f 6741 3503 3502
f 3502 3498 6741
f 6741 3498 4661
f 6741 4661 4659
f 3498 3494 4661
f 4661 3494 3492
f 4661 3492 3490
f 3486 3484 4664
f 3490 3488 4661
f 4661 3488 3486
f 4661 3486 4663
f 4663 3486 4664
f 3484 3482 4664
f 4664 3482 3480
f 4664 3480 4666
f 4666 3480 3479
f 3479 3525 4666
f 4666 3525 3523
f 4666 3523 4667
f 3515 3500 6742
f 3499 6743 3500
f 3500 6743 6744
f 3500 6744 6742
f 6741 6745 3507
f 3507 6745 6746
f 3507 6746 3509
f 3509 6746 6743
f 3509 6743 3511
f 3511 6743 3499
f 6742 6747 3515
f 3515 6747 6748
f 3515 6748 3517
f 4627 4631 4603
f 4603 4631 6697
f 4603 6697 4608
f 4608 6697 47
f 4608 47 4607
f 4615 4617 6732
f 6732 4617 4605
f 6732 4605 4630
f 4630 4605 4607
f 4630 4607 6731
f 6731 4607 47
f 6731 47 6749
f 6749 47 48
f 6750 6751 178
f 6210 6198 1764
f 6731 180 6735
f 6735 180 6736
f 806 168 816
f 816 168 182
f 816 182 817
f 817 182 181
f 817 181 48
f 48 181 180
f 48 180 6749
f 6749 180 6731
f 6752 180 6753
f 6753 180 179
f 6753 179 6754
f 6752 6755 180
f 180 6755 6756
f 180 6756 6757
f 6757 6758 180
f 180 6758 6759
f 180 6759 6760
f 6760 6761 180
f 180 6761 6762
f 180 6762 6736
f 6736 6762 6763
f 6736 6763 6764
f 6764 6765 6736
f 6736 6765 6766
f 6736 6766 6737
f 6737 6766 6767
f 6737 6767 6738
f 6738 6767 6768
f 6738 6768 6734
f 6734 6768 6769
f 6734 6769 6733
f 6733 6769 6770
f 6733 6770 6739
f 6739 6770 6771
f 6739 6771 6740
f 6771 6772 6740
f 6740 6772 6773
f 6740 6773 6741
f 6741 6773 6774
f 6741 6774 6745
f 6745 6774 6775
f 6745 6775 6746
f 6746 6775 6776
f 6746 6776 6743
f 6743 6776 6777
f 6743 6777 6744
f 6744 6777 6778
f 6744 6778 6742
f 6742 6778 6779
f 6742 6779 6747
f 6747 6779 6780
f 6747 6780 6748
f 6748 6780 6214
f 6748 6214 6781
f 6781 6214 6213
f 6781 6213 6782
f 6782 6213 6212
f 6782 6212 6783
f 6783 6212 6206
f 6783 6206 6784
f 6784 6206 6210
f 6784 6210 6785
f 6785 6210 1764
f 178 6751 179
f 179 6751 6786
f 179 6786 6754
f 177 176 6236
f 6236 6235 177
f 177 6235 6245
f 177 6245 178
f 178 6245 6787
f 178 6787 6750
f 6242 6241 51
f 51 6241 6239
f 51 6239 176
f 176 6239 6238
f 176 6238 6236
f 6706 1092 864
f 3359 3357 4
f 1016 6034 866
f 866 6034 6706
f 866 6706 865
f 865 6706 864
f 100 98 3365
f 2851 3334 2852
f 2852 3334 3332
f 2852 3332 1532
f 1532 3332 3330
f 6788 1522 1524
f 3365 98 6788
f 6788 98 96
f 6788 96 1522
f 3359 4 3361
f 3361 4 106
f 3361 106 3363
f 3363 106 104
f 3363 104 3365
f 3365 104 102
f 3365 102 100
f 6789 6790 5
f 5 6790 6791
f 5 6791 6706
f 6706 6791 6792
f 6706 6792 6793
f 3357 3355 4
f 4 3355 3353
f 4 3353 5
f 5 3353 6794
f 5 6794 6795
f 96 94 1522
f 1522 94 89
f 1522 89 1520
f 1520 89 88
f 1520 88 2841
f 2841 88 1092
f 2841 1092 2842
f 2842 1092 6706
f 2842 6706 2850
f 2850 6706 6793
f 2850 6793 2851
f 2851 6793 3336
f 2851 3336 3334
f 6796 3328 6795
f 6795 3328 3326
f 6795 3326 5
f 5 3326 3324
f 5 3324 6789
f 1524 1526 6788
f 6788 1526 1528
f 6788 1528 6797
f 6797 1528 1530
f 6797 1530 6796
f 6796 1530 1532
f 6796 1532 3328
f 3328 1532 3330
f 4573 4572 6179
f 6179 4572 1032
f 6179 1032 6194
f 6194 1032 1033
f 6194 1033 6192
f 6192 1033 1034
f 6192 1034 6190
f 6190 1034 1035
f 6190 1035 6188
f 6188 1035 1028
f 6188 1028 6186
f 6186 1028 1029
f 6186 1029 6184
f 6184 1029 1030
f 6184 1030 6182
f 6182 1030 1031
f 6182 1031 6180
f 6180 1031 819
f 3620 3621 6798
f 3622 3623 6799
f 4432 4430 6800
f 6800 4430 4429
f 6800 4429 4425
f 4449 4448 6801
f 6801 4448 4447
f 6801 4447 4433
f 4453 4452 6802
f 6803 6804 6802
f 6802 6804 6805
f 6802 6805 4453
f 6806 6807 6808
f 6808 6807 6809
f 6808 6809 6803
f 6803 6809 6810
f 6803 6810 6804
f 3621 3622 6798
f 6798 3622 6799
f 6798 6799 6806
f 6806 6799 6811
f 6806 6811 6807
f 4433 4432 6801
f 6801 4432 6800
f 6801 6800 6812
f 6812 6800 6813
f 6812 6813 6814
f 6814 6813 6815
f 6814 6815 6816
f 6816 6815 6817
f 6816 6817 6818
f 6818 6817 6819
f 6818 6819 3606
f 3606 6819 3601
f 6802 6820 6803
f 6803 6820 6821
f 6803 6821 6808
f 6808 6821 6822
f 6808 6822 6806
f 6806 6822 6823
f 6806 6823 6798
f 6798 6823 6824
f 6798 6824 3620
f 3620 6824 3618
f 4452 4450 6802
f 6802 4450 4449
f 6802 4449 6820
f 6820 4449 6801
f 6820 6801 6821
f 6821 6801 6812
f 6821 6812 6822
f 6822 6812 6814
f 6822 6814 6823
f 6823 6814 6816
f 6823 6816 6824
f 6824 6816 6818
f 6824 6818 3618
f 3618 6818 3606
f 3623 3633 6799
f 6799 3633 5836
f 6799 5836 6811
f 6811 5836 6807
f 6807 5836 5837
f 6807 5837 6809
f 6809 5837 6810
f 6810 5837 5838
f 6810 5838 6804
f 6804 5838 6805
f 6805 5838 4457
f 6805 4457 4453
f 4162 4150 6825
f 4526 4527 6826
f 4528 4529 6827
f 6828 6825 6829
f 6829 6825 6830
f 6829 6830 6831
f 6831 6830 6832
f 6831 6832 6833
f 6833 6832 6834
f 6833 6834 6835
f 6835 6834 6836
f 6835 6836 4513
f 4513 6836 4462
f 4181 4180 6828
f 4181 6828 4182
f 4180 4166 6828
f 6828 4166 4165
f 6828 4165 6825
f 6825 4165 4163
f 6825 4163 4162
f 4186 4185 6837
f 6838 6839 6837
f 6837 6839 6840
f 6837 6840 4186
f 4527 4528 6826
f 6826 4528 6827
f 6826 6827 6841
f 6827 6842 6841
f 6841 6842 6843
f 6841 6843 6844
f 6844 6843 6845
f 6844 6845 6838
f 6838 6845 6846
f 6838 6846 6839
f 6837 6847 6838
f 6838 6847 6848
f 6838 6848 6844
f 6844 6848 6849
f 6844 6849 6841
f 6841 6849 6850
f 6841 6850 6826
f 6826 6850 6851
f 6826 6851 4526
f 4526 6851 4524
f 4185 4183 6837
f 6837 4183 4182
f 6837 4182 6847
f 6847 4182 6828
f 6847 6828 6848
f 6848 6828 6829
f 6848 6829 6849
f 6849 6829 6831
f 6849 6831 6850
f 6850 6831 6833
f 6850 6833 6851
f 6851 6833 6835
f 6851 6835 4524
f 4524 6835 4513
f 4529 4539 6827
f 6827 4539 5835
f 6827 5835 6842
f 6842 5835 6843
f 6843 5835 5833
f 6843 5833 6845
f 6845 5833 6846
f 6846 5833 5832
f 6846 5832 6839
f 6839 5832 6840
f 6840 5832 4190
f 6840 4190 4186
f 4336 4337 6852
f 4338 4339 6853
f 4243 4242 6854
f 6854 4242 4267
f 6854 4267 4238
f 4258 4257 6855
f 4258 6855 4259
f 4263 4262 6856
f 6856 4262 6857
f 6856 6857 6858
f 6858 6857 6859
f 6860 6861 6862
f 6862 6861 6863
f 6862 6863 6859
f 6859 6863 6864
f 6859 6864 6858
f 4337 4338 6852
f 6852 4338 6853
f 6852 6853 6860
f 6860 6853 6865
f 6860 6865 6861
f 4257 4243 6855
f 6855 4243 6854
f 6855 6854 6866
f 6866 6854 6867
f 6866 6867 6868
f 6868 6867 6869
f 6868 6869 6870
f 6870 6869 6871
f 6870 6871 6872
f 6872 6871 6873
f 6872 6873 4323
f 4323 6873 4272
f 4262 4260 6857
f 6857 4260 6874
f 6857 6874 6859
f 6859 6874 6875
f 6859 6875 6862
f 6862 6875 6876
f 6862 6876 6860
f 6860 6876 6877
f 6860 6877 6852
f 6852 6877 6878
f 6852 6878 4336
f 4336 6878 4334
f 4260 4259 6874
f 6874 4259 6855
f 6874 6855 6875
f 6875 6855 6866
f 6875 6866 6876
f 6876 6866 6868
f 6876 6868 6877
f 6877 6868 6870
f 6877 6870 6878
f 6878 6870 6872
f 6878 6872 4334
f 4334 6872 4323
f 4798 4799 4817
f 4798 4817 4796
f 4796 4817 4794
f 4794 4817 4788
f 4794 4788 4791
f 4777 6863 4774
f 4774 6863 4817
f 4774 4817 4801
f 4801 4817 4799
f 4777 4780 6863
f 6863 4780 4782
f 6863 4782 6864
f 6864 4782 4784
f 4784 4785 6864
f 6864 4785 4787
f 6864 4787 6858
f 6858 4787 5827
f 6858 5827 6856
f 6856 5827 4269
f 6856 4269 4263
f 5824 4772 6861
f 6861 4772 6863
f 4772 4769 6863
f 6863 4769 4767
f 6863 4767 4765
f 4765 4764 6863
f 6863 4764 4762
f 6863 4762 4817
f 4817 4762 4761
f 4817 4761 4802
f 4807 4806 4761
f 4761 4806 4803
f 4761 4803 4802
f 4807 4761 4809
f 4809 4761 4814
f 4809 4814 4811
f 4339 5822 6853
f 6853 5822 5824
f 6853 5824 6865
f 6865 5824 6861
f 4099 4100 6879
f 4101 4102 6880
f 4002 4001 6881
f 6881 4001 4026
f 6881 4026 3997
f 4017 4016 6882
f 4017 6882 4018
f 4022 4021 6883
f 6883 4021 6884
f 6883 6884 6885
f 6885 6884 6886
f 6887 6888 6889
f 6889 6888 6890
f 6889 6890 6886
f 6886 6890 6891
f 6886 6891 6885
f 4100 4101 6879
f 6879 4101 6880
f 6879 6880 6887
f 6887 6880 6892
f 6887 6892 6888
f 4016 4002 6882
f 6882 4002 6881
f 6882 6881 6893
f 6893 6881 6894
f 6893 6894 6895
f 6895 6894 6896
f 6895 6896 6897
f 6897 6896 6898
f 6897 6898 6899
f 6899 6898 6900
f 6899 6900 4085
f 4085 6900 4080
f 4021 4019 6884
f 6884 4019 6901
f 6884 6901 6886
f 6886 6901 6902
f 6886 6902 6889
f 6889 6902 6903
f 6889 6903 6887
f 6887 6903 6904
f 6887 6904 6879
f 6879 6904 6905
f 6879 6905 4099
f 4099 6905 4097
f 4019 4018 6901
f 6901 4018 6882
f 6901 6882 6902
f 6902 6882 6893
f 6902 6893 6903
f 6903 6893 6895
f 6903 6895 6904
f 6904 6895 6897
f 6904 6897 6905
f 6905 6897 6899
f 6905 6899 4097
f 4097 6899 4085
f 4102 4112 6880
f 6880 4112 5840
f 6880 5840 6892
f 6892 5840 6888
f 6888 5840 5842
f 6888 5842 6890
f 6890 5842 6891
f 6891 5842 5844
f 6891 5844 6885
f 6885 5844 6883
f 6883 5844 4028
f 6883 4028 4022
f 3939 3940 6906
f 3941 3942 6907
f 3844 3843 6908
f 6908 3843 3868
f 6908 3868 3831
f 3859 3858 6909
f 3859 6909 3860
f 3864 3863 6910
f 6910 3863 6911
f 6910 6911 6912
f 6912 6911 6913
f 6914 6915 6916
f 6916 6915 6917
f 6916 6917 6913
f 6913 6917 6918
f 6913 6918 6912
f 3940 3941 6906
f 6906 3941 6907
f 6906 6907 6914
f 6914 6907 6919
f 6914 6919 6915
f 3858 3844 6909
f 6909 3844 6908
f 6909 6908 6920
f 6920 6908 6921
f 6920 6921 6922
f 6922 6921 6923
f 6922 6923 6924
f 6924 6923 6925
f 6924 6925 6926
f 6926 6925 6927
f 6926 6927 3926
f 3926 6927 3875
f 3863 3861 6911
f 6911 3861 6928
f 6911 6928 6913
f 6913 6928 6929
f 6913 6929 6916
f 6916 6929 6930
f 6916 6930 6914
f 6914 6930 6931
f 6914 6931 6906
f 6906 6931 6932
f 6906 6932 3939
f 3939 6932 3937
f 3861 3860 6928
f 6928 3860 6909
f 6928 6909 6929
f 6929 6909 6920
f 6929 6920 6930
f 6930 6920 6922
f 6930 6922 6931
f 6931 6922 6924
f 6931 6924 6932
f 6932 6924 6926
f 6932 6926 3937
f 3937 6926 3926
f 3942 3952 6907
f 6907 3952 5848
f 6907 5848 6919
f 6919 5848 6915
f 6915 5848 5847
f 6915 5847 6917
f 6917 5847 6918
f 6918 5847 5846
f 6918 5846 6912
f 6912 5846 6910
f 6910 5846 3870
f 6910 3870 3864
f 3685 3683 6933
f 6933 3683 3682
f 6933 3682 3678
f 3702 3701 6934
f 6934 3701 3700
f 6934 3700 3686
f 6935 3706 6936
f 6936 3706 3705
f 6935 6936 6937
f 6937 6936 6938
f 6937 6938 6939
f 6940 6941 6938
f 6938 6941 6942
f 6938 6942 6939
f 6939 6942 6943
f 6939 6943 6944
f 3527 6945 6946
f 6947 3533 3530
f 3686 3685 6934
f 6934 3685 6933
f 6934 6933 6948
f 6948 6933 6947
f 6948 6947 3528
f 3528 6947 3530
f 6936 6949 6938
f 6938 6949 6946
f 6938 6946 6940
f 6940 6946 6945
f 3705 3703 6936
f 6936 3703 3702
f 6936 3702 6949
f 6949 3702 6934
f 6949 6934 6946
f 6946 6934 6948
f 6946 6948 3527
f 3527 6948 3528
f 3782 3793 6950
f 6950 3793 5831
f 6950 5831 6951
f 6951 5831 6952
f 6952 5831 5830
f 6952 5830 6944
f 4033 4032 6953
f 4074 4076 6954
f 4078 4079 6955
f 3995 3994 6956
f 3992 3991 6957
f 3909 3907 6958
f 3903 3876 6959
f 3829 3828 6960
f 3826 3825 6961
f 3832 3807 6962
f 3543 3541 6963
f 5472 5471 6964
f 3898 3897 6965
f 5466 5465 6966
f 6966 5465 6967
f 4058 4057 6968
f 5509 5510 6969
f 5512 5515 6970
f 5515 5514 6971
f 5512 6970 5510
f 6972 5507 5509
f 6973 5505 6968
f 6968 5505 5506
f 6968 5506 4058
f 4058 5506 5463
f 4058 5463 4374
f 4374 5463 5462
f 4374 5462 4203
f 4203 5462 5507
f 4203 5507 4231
f 4231 5507 6972
f 4231 6972 6974
f 5465 5500 6967
f 6967 5500 5502
f 6967 5502 6973
f 6973 5502 5503
f 6973 5503 5505
f 5466 6966 5499
f 5499 6966 6975
f 5499 6975 5498
f 5498 6975 6976
f 5498 6976 5496
f 6976 3990 5496
f 5496 3990 3962
f 5496 3962 5495
f 3962 4367 5495
f 5495 4367 3898
f 5495 3898 5493
f 5493 3898 6965
f 5493 6965 5492
f 5492 6965 5490
f 5490 6965 6977
f 5490 6977 5489
f 5489 6977 6978
f 5489 6978 5487
f 5487 6978 5468
f 5468 6978 6979
f 5468 6979 5469
f 5469 6979 6980
f 5469 6980 5486
f 6962 5483 6980
f 6980 5483 5485
f 6980 5485 5486
f 6962 3807 5483
f 5483 3807 3809
f 5483 3809 5482
f 5478 5479 6981
f 6981 5479 5472
f 6982 5476 5478
f 5476 6982 5474
f 3547 3545 6983
f 3547 6983 3548
f 5474 6982 6984
f 6984 6982 6985
f 6984 6985 6986
f 6986 6985 6987
f 6986 6987 6988
f 6988 6987 6989
f 6988 6989 6990
f 6990 6989 6983
f 6990 6983 6963
f 6963 6983 3545
f 6963 3545 3543
f 6991 3715 6992
f 6993 3745 6994
f 6994 3745 3743
f 6994 3743 6991
f 6991 3743 3716
f 6991 3716 3715
f 6964 3751 6995
f 6995 3751 3749
f 6995 3749 6993
f 6993 3749 3747
f 6993 3747 3745
f 5482 3809 5480
f 5480 3809 4361
f 5480 4361 5471
f 5471 4361 3738
f 5471 3738 6964
f 6964 3738 3737
f 6964 3737 3751
f 6908 3831 3830
f 3830 6996 6908
f 6908 6996 6997
f 6908 6997 6921
f 6921 6997 6998
f 6921 6998 6923
f 6923 6998 6999
f 6923 6999 6925
f 6999 7000 6925
f 6925 7000 6959
f 6925 6959 6927
f 6927 6959 3876
f 6927 3876 3875
f 6881 3997 3996
f 3996 7001 6881
f 6881 7001 7002
f 6881 7002 6894
f 7002 7003 6894
f 6894 7003 7004
f 6894 7004 6896
f 6896 7004 7005
f 6896 7005 6898
f 6898 7005 6955
f 6898 6955 6900
f 6900 6955 4079
f 6900 4079 4080
f 4234 4233 6974
f 6974 4233 4232
f 6974 4232 4231
f 6974 7006 4234
f 4234 7006 7007
f 4234 7007 4235
f 7008 4237 7007
f 7007 4237 4236
f 7007 4236 4235
f 7009 6869 6867
f 5515 6971 6970
f 6970 6971 7010
f 6970 7010 7011
f 7011 7010 7012
f 7011 7012 7013
f 7013 7012 7014
f 7013 7014 7015
f 7015 7014 7009
f 7015 7009 7016
f 7016 7009 6867
f 7016 6867 6854
f 3996 3995 7001
f 7001 3995 6956
f 7001 6956 7002
f 7002 6956 7017
f 7002 7017 7003
f 7003 7017 7018
f 7003 7018 7004
f 7004 7018 7019
f 7004 7019 7005
f 7005 7019 7020
f 7005 7020 6955
f 6955 7020 7021
f 6955 7021 4078
f 4078 7021 4077
f 3830 3829 6996
f 6996 3829 6960
f 6996 6960 6997
f 6997 6960 7022
f 6997 7022 6998
f 6998 7022 7023
f 6998 7023 6999
f 6999 7023 7024
f 6999 7024 7000
f 7000 7024 7025
f 7000 7025 6959
f 6959 7025 7026
f 6959 7026 3903
f 3903 7026 3905
f 3994 3993 6956
f 6956 3993 7027
f 6956 7027 7017
f 7017 7027 7028
f 7017 7028 7018
f 7018 7028 7029
f 7018 7029 7019
f 7019 7029 7030
f 7019 7030 7020
f 7020 7030 7031
f 7020 7031 7021
f 7021 7031 6954
f 7021 6954 4077
f 4077 6954 4076
f 3828 3827 6960
f 6960 3827 7032
f 6960 7032 7022
f 7022 7032 7033
f 7022 7033 7023
f 7023 7033 7034
f 7023 7034 7024
f 7024 7034 7035
f 7024 7035 7025
f 7025 7035 7036
f 7025 7036 7026
f 7026 7036 6958
f 7026 6958 3905
f 3905 6958 3907
f 3993 3992 7027
f 7027 3992 6957
f 7027 6957 7028
f 7028 6957 7037
f 7028 7037 7029
f 7029 7037 7038
f 7029 7038 7030
f 7030 7038 7039
f 7030 7039 7031
f 7031 7039 7040
f 7031 7040 6954
f 6954 7040 6953
f 6954 6953 4074
f 4074 6953 4032
f 3827 3826 7032
f 7032 3826 6961
f 7032 6961 7033
f 7033 6961 7041
f 7033 7041 7034
f 7034 7041 7042
f 7034 7042 7035
f 7035 7042 7043
f 7035 7043 7036
f 7036 7043 7044
f 7036 7044 6958
f 6958 7044 7045
f 6958 7045 3909
f 3909 7045 3911
f 5510 6970 6969
f 6969 6970 7011
f 6969 7011 7046
f 7046 7011 7013
f 7046 7013 7047
f 7047 7013 7015
f 7047 7015 7048
f 7048 7015 7016
f 7048 7016 7049
f 7049 7016 6854
f 7049 6854 4238
f 5509 6969 6972
f 6972 6969 7046
f 6972 7046 6974
f 6974 7046 7047
f 6974 7047 7006
f 7006 7047 7048
f 7006 7048 7007
f 7007 7048 7049
f 7007 7049 7008
f 7008 7049 4238
f 7008 4238 4237
f 3991 3990 6957
f 6957 3990 6976
f 6957 6976 7037
f 7037 6976 6975
f 7037 6975 7038
f 7038 6975 6966
f 7038 6966 7039
f 7039 6966 6967
f 7039 6967 7040
f 7040 6967 6973
f 7040 6973 6953
f 6953 6973 6968
f 6953 6968 4033
f 4033 6968 4057
f 3825 3832 6961
f 6961 3832 6962
f 6961 6962 7041
f 7041 6962 6980
f 7041 6980 7042
f 7042 6980 6979
f 7042 6979 7043
f 7043 6979 6978
f 7043 6978 7044
f 7044 6978 6977
f 7044 6977 7045
f 7045 6977 6965
f 7045 6965 3911
f 3911 6965 3897
f 5472 6964 6981
f 6981 6964 6995
f 6981 6995 7050
f 7050 6995 6993
f 7050 6993 7051
f 7051 6993 6994
f 7051 6994 7052
f 7052 6994 6991
f 7052 6991 7053
f 7053 6991 6992
f 7053 6992 7054
f 5478 6981 6982
f 6982 6981 7050
f 6982 7050 6985
f 6985 7050 7051
f 6985 7051 6987
f 6987 7051 7052
f 6987 7052 6989
f 6989 7052 7053
f 6989 7053 6983
f 6983 7053 7054
f 6983 7054 3548
f 6951 6952 7055
f 3782 6950 3781
f 3781 6950 7056
f 3781 7056 3780
f 3780 7056 3779
f 3779 7056 7057
f 3779 7057 3777
f 3777 7057 7058
f 3777 7058 3766
f 3715 3766 6992
f 6992 3766 7058
f 6992 7058 7054
f 7059 7060 7061
f 7061 7060 7062
f 7061 7062 7063
f 7063 7062 3551
f 7063 3551 7054
f 7054 3551 3550
f 7054 3550 3548
f 7059 7061 7064
f 7064 7061 7055
f 7064 7055 7065
f 7065 7055 7066
f 7066 7055 6952
f 7066 6952 6944
f 7054 7058 7063
f 7063 7058 7057
f 7063 7057 7061
f 7061 7057 7056
f 7061 7056 7055
f 7055 7056 6950
f 7055 6950 6951
f 5280 5278 7067
f 4938 4936 7068
f 5092 5090 7069
f 5204 5202 7070
f 5100 5098 7071
f 4986 4984 7072
f 429 7073 451
f 5358 5356 7074
f 5725 5724 5360
f 5724 7075 5360
f 5360 7075 7076
f 5360 7076 5362
f 5362 7076 7077
f 5362 7077 5364
f 7074 7078 5748
f 5360 5358 5725
f 5725 5358 7074
f 5725 7074 5746
f 5746 7074 5748
f 7079 5754 7080
f 7080 5754 5752
f 7080 5752 7078
f 7078 5752 5750
f 7078 5750 5748
f 5762 5760 7081
f 7081 5760 5758
f 7081 5758 7079
f 7079 5758 5756
f 7079 5756 5754
f 4898 428 4900
f 4900 428 497
f 4900 497 4902
f 4902 497 7082
f 4902 7082 4904
f 4978 4976 7083
f 7083 4976 4974
f 451 7073 6159
f 6159 7073 7083
f 6159 7083 6156
f 6156 7083 4974
f 6156 4974 7084
f 7084 7085 6156
f 6156 7085 7086
f 6156 7086 6157
f 6157 7086 7087
f 6157 7087 7088
f 5014 5012 7072
f 7072 5012 6157
f 7072 6157 4986
f 4986 6157 7088
f 5024 5022 7089
f 5012 7090 6157
f 6157 7090 7091
f 6157 7091 747
f 747 7091 7092
f 747 7092 6152
f 6152 7092 7093
f 6152 7093 6158
f 6158 7093 7094
f 5022 5020 7089
f 7089 5020 5018
f 7089 5018 7072
f 7072 5018 5016
f 7072 5016 5014
f 5052 5050 7089
f 7089 5050 6158
f 7089 6158 5024
f 5024 6158 7094
f 5062 5060 7069
f 5060 5058 7069
f 7069 5058 5056
f 7069 5056 7089
f 7089 5056 5054
f 7089 5054 5052
f 5050 7095 6158
f 6158 7095 7096
f 6158 7096 751
f 751 7096 7097
f 751 7097 6155
f 6155 7097 7098
f 6155 7098 7099
f 5100 7071 7100
f 5090 5088 7069
f 7069 5088 6155
f 7069 6155 5062
f 5062 6155 7099
f 5088 7101 6155
f 6155 7101 7102
f 6155 7102 6153
f 7102 7103 6153
f 6153 7103 7104
f 6153 7104 7100
f 7100 7071 6153
f 6153 7071 7105
f 6153 7105 6154
f 7106 7107 7108
f 7106 7108 316
f 7108 7109 316
f 316 7109 7110
f 316 7110 6148
f 6148 7110 5138
f 6148 5138 5136
f 7111 5164 7112
f 5170 5168 7113
f 7113 5168 5166
f 7113 5166 5164
f 6148 7114 318
f 318 7114 5176
f 318 5176 716
f 716 5176 5174
f 716 5174 5172
f 7112 7115 7111
f 7111 7115 7116
f 7111 7116 6148
f 6148 7116 7117
f 6148 7117 7114
f 5202 7118 7113
f 7113 7118 7119
f 7119 7120 7113
f 7113 7120 716
f 7113 716 5170
f 5170 716 5172
f 5204 7070 5206
f 7120 7121 716
f 716 7121 7122
f 716 7122 5647
f 5647 7122 5214
f 5647 5214 5646
f 5646 5214 5212
f 5646 5212 5644
f 5644 5212 5210
f 5644 5210 5208
f 7123 5644 7070
f 7070 5644 5208
f 7070 5208 5206
f 7123 7124 5644
f 5644 7124 7125
f 5644 7125 5643
f 5643 7125 5252
f 5643 5252 5641
f 5641 5252 5250
f 5641 5250 5639
f 5250 5248 5639
f 5639 5248 7126
f 5639 7126 5637
f 5637 7126 5632
f 5631 5667 7067
f 7067 5667 5665
f 7067 5665 7127
f 7127 5665 5664
f 7127 5664 5633
f 5318 7128 5320
f 5320 7128 7129
f 5320 7129 5322
f 5322 7129 7130
f 7130 7131 5322
f 5322 7131 5629
f 5322 5629 5324
f 5324 5629 5631
f 5324 5631 5326
f 5326 5631 7067
f 5326 7067 5328
f 4872 4870 7132
f 7082 7133 7134
f 7134 7133 7135
f 7134 7135 7136
f 4870 4868 7132
f 7132 4868 4866
f 7132 4866 7081
f 7081 4866 4864
f 7081 4864 5762
f 5762 4864 4862
f 5762 4862 5764
f 5764 4862 4860
f 5764 4860 497
f 497 4860 7137
f 497 7137 7082
f 7082 7137 7138
f 7082 7138 7133
f 7139 4910 7140
f 7141 7142 7068
f 7068 7142 7143
f 7068 7143 7140
f 7140 7143 7144
f 7140 7144 7139
f 4904 7082 4906
f 4906 7082 7134
f 4906 7134 4908
f 4978 7145 4980
f 4980 7145 7146
f 4980 7146 4982
f 5136 5134 6148
f 6148 5134 5132
f 6148 5132 7111
f 7111 5132 5130
f 7111 5130 7147
f 7147 5130 5128
f 7147 5128 5126
f 7107 7106 7148
f 7148 7106 7149
f 7148 7149 5126
f 5248 5246 7126
f 7126 5246 5244
f 7126 5244 7150
f 7150 5244 5242
f 5242 5240 7151
f 7151 5240 7152
f 7151 7152 7070
f 7070 7152 7153
f 7070 7153 7123
f 5354 7154 7155
f 7077 7129 5364
f 5364 7129 7128
f 5364 7128 5366
f 5366 7128 7156
f 7154 7157 7155
f 7155 7157 7158
f 7155 7158 7159
f 7159 7158 7160
f 5318 5316 7128
f 7128 5316 7159
f 7128 7159 7156
f 7156 7159 7160
f 7161 7162 7163
f 7163 7162 7159
f 7163 7159 7164
f 7164 7159 5316
f 7161 7165 7162
f 7162 7165 7166
f 7162 7166 5328
f 7149 5096 7167
f 7167 5096 5094
f 7167 5094 5092
f 4978 7083 7145
f 7145 7083 7073
f 7145 7073 7168
f 7168 7073 429
f 7168 429 428
f 7140 4948 4946
f 4898 7141 428
f 428 7141 7068
f 428 7068 7168
f 7168 7068 4936
f 7168 4936 7169
f 7169 7170 7168
f 7168 7170 7171
f 7168 7171 7145
f 7145 7171 7172
f 7145 7172 7173
f 4946 4944 7140
f 7140 4944 4942
f 7140 4942 7068
f 7068 4942 4940
f 7068 4940 4938
f 7174 7175 7132
f 7132 7175 4834
f 7174 7132 7176
f 7176 7132 7081
f 7176 7081 7177
f 7079 4828 4826
f 4826 4824 7079
f 7079 4824 4822
f 7079 4822 7081
f 7081 4822 7178
f 7081 7178 7177
f 4828 7079 4830
f 4830 7079 7080
f 4830 7080 4832
f 7179 7180 7155
f 5404 5402 7074
f 7080 7181 7155
f 7155 7181 7182
f 7155 7182 7179
f 5356 5354 7074
f 7074 5354 7155
f 7074 7155 5404
f 5404 7155 7180
f 5396 7078 5398
f 5398 7078 7074
f 5398 7074 5400
f 5400 7074 5402
f 5396 5394 7078
f 7078 5394 5392
f 7078 5392 7080
f 7080 5392 7183
f 7080 7183 7181
f 5092 7069 7167
f 7167 7069 7089
f 7167 7089 7184
f 7184 7089 7072
f 7184 7072 7146
f 7146 7072 4984
f 7146 4984 4982
f 5126 7149 7147
f 7147 7149 7167
f 7147 7167 7185
f 7185 7167 7184
f 7185 7184 7186
f 7186 7184 7146
f 7186 7146 7187
f 7187 7146 7145
f 7187 7145 7140
f 7140 7145 7173
f 7140 7173 4948
f 5242 7151 7150
f 7150 7151 7188
f 7150 7188 7162
f 7162 7188 7189
f 7162 7189 7159
f 7159 7189 7190
f 7159 7190 7155
f 7155 7190 7132
f 7155 7132 7080
f 7080 7132 4834
f 7080 4834 4832
f 5328 7067 7162
f 7162 7067 5278
f 7162 5278 7191
f 7191 7192 7162
f 7162 7192 7193
f 7162 7193 7150
f 7150 7193 7194
f 7150 7194 7195
f 7127 5290 5288
f 5288 5286 7127
f 7127 5286 5284
f 7127 5284 7067
f 7067 5284 5282
f 7067 5282 5280
f 5632 7126 5633
f 5633 7126 7150
f 5633 7150 7127
f 7127 7150 7195
f 7127 7195 5290
f 315 6154 316
f 316 6154 7105
f 316 7105 7106
f 7106 7105 7071
f 7106 7071 7149
f 7149 7071 5098
f 7149 5098 5096
f 5164 7111 7113
f 7113 7111 7147
f 7113 7147 7196
f 7196 7147 7185
f 7196 7185 7197
f 7197 7185 7186
f 7197 7186 7198
f 7198 7186 7187
f 7198 7187 7199
f 7199 7187 7140
f 7199 7140 7134
f 7134 7140 4910
f 7134 4910 4908
f 5202 7113 7070
f 7070 7113 7196
f 7070 7196 7151
f 7151 7196 7197
f 7151 7197 7188
f 7188 7197 7198
f 7188 7198 7189
f 7189 7198 7199
f 7189 7199 7190
f 7190 7199 7134
f 7190 7134 7132
f 7132 7134 7136
f 7132 7136 4872
f 815 6181 814
f 814 6181 2638
f 3316 3314 2869
f 2638 6181 818
f 818 6181 6180
f 818 6180 819
f 7200 3322 47
f 3314 3312 2869
f 2869 3312 3310
f 2869 3310 6181
f 6181 3310 7201
f 817 3350 3348
f 816 3344 3342
f 6170 6169 3318
f 6171 48 6168
f 6168 48 47
f 6168 47 6169
f 6167 6166 815
f 817 3348 816
f 816 3348 3346
f 816 3346 3344
f 3316 2869 3318
f 3318 2869 2864
f 3318 2864 2858
f 6171 6174 48
f 48 6174 6173
f 48 6173 817
f 47 3322 6169
f 6169 3322 3320
f 6169 3320 3318
f 6164 1513 6166
f 6166 1513 1515
f 6166 1515 815
f 815 1515 1517
f 815 1517 6181
f 6181 1517 2868
f 6181 2868 2869
f 3350 817 7202
f 7202 817 6173
f 7202 6173 7203
f 7203 6173 6172
f 7203 6172 7204
f 7204 6172 6175
f 7204 6175 7205
f 7205 6175 7206
f 7205 7206 7207
f 7207 7206 7208
f 7207 7208 3338
f 7201 7209 6181
f 6181 7209 7210
f 6181 7210 47
f 47 7210 7211
f 47 7211 7200
f 809 808 810
f 810 808 807
f 810 807 806
f 806 816 810
f 810 816 3342
f 810 3342 811
f 811 3342 3340
f 811 3340 812
f 812 3340 3338
f 812 3338 820
f 820 3338 7208
f 2858 2859 3318
f 3318 2859 1505
f 3318 1505 6170
f 6170 1505 1507
f 6170 1507 6165
f 6165 1507 1509
f 6165 1509 6164
f 6164 1509 1511
f 6164 1511 1513
f 7208 6176 820
f 820 6176 6078
f 820 6078 815
f 815 6078 6079
f 815 6079 6167
f 7212 7213 7214
f 7215 7216 7217
f 7218 7219 7220
f 7220 7219 7221
f 7222 7223 7224
f 3579 3578 7225
f 3554 3553 7226
f 3595 3597 7227
f 3599 3600 7228
f 4423 4422 7229
f 4420 4419 7230
f 4496 4494 7231
f 4490 4463 7232
f 4148 4147 7233
f 4145 4144 7234
f 7235 7236 4300
f 4300 7236 4302
f 4302 7236 7237
f 4302 7237 4304
f 4304 7237 4306
f 4306 7237 7238
f 4306 7238 4308
f 4308 7238 7214
f 4308 7214 4294
f 4126 4128 7239
f 4294 7214 4295
f 4295 7214 7213
f 4295 7213 4380
f 4380 7213 7240
f 4380 7240 4128
f 4128 7240 7241
f 4128 7241 7239
f 6825 4150 4149
f 4149 7242 6825
f 6825 7242 7243
f 6825 7243 6830
f 6830 7243 7244
f 6830 7244 6832
f 6832 7244 7245
f 6832 7245 6834
f 7245 7246 6834
f 6834 7246 7232
f 6834 7232 6836
f 6836 7232 4463
f 6836 4463 4462
f 4484 7217 4485
f 4485 7217 7216
f 4485 7216 7247
f 7248 4390 7247
f 7247 4390 4545
f 7247 4545 4485
f 6800 4425 4424
f 4424 7249 6800
f 6800 7249 7250
f 6800 7250 6813
f 7250 7251 6813
f 6813 7251 7252
f 6813 7252 6815
f 6815 7252 7253
f 6815 7253 6817
f 6817 7253 7228
f 6817 7228 6819
f 6819 7228 3600
f 6819 3600 3601
f 3674 3673 7254
f 7254 3673 3672
f 7254 3672 3671
f 7254 7255 3674
f 3674 7255 7256
f 3674 7256 3675
f 7257 3677 7256
f 7256 3677 3676
f 7256 3676 3675
f 7258 6947 6933
f 6963 3541 3539
f 3533 6947 3535
f 3535 6947 7258
f 3535 7258 3537
f 3537 7258 3539
f 3539 7258 6963
f 6963 7258 7259
f 6963 7259 6990
f 6990 7259 7260
f 6990 7260 6988
f 6988 7260 7261
f 6988 7261 6986
f 6986 7261 7262
f 6986 7262 6984
f 5474 6984 7263
f 7263 6984 7262
f 7263 7262 7264
f 7264 7262 7223
f 7265 7266 7222
f 7267 7268 7225
f 7225 7268 7269
f 7225 7269 3579
f 3579 7269 7270
f 3579 7270 4355
f 4355 7270 7271
f 4355 7271 3643
f 3643 7271 7266
f 3643 7266 3671
f 3671 7266 7265
f 3671 7265 7254
f 7219 7272 7221
f 7221 7272 7273
f 7221 7273 7267
f 7267 7273 7274
f 7267 7274 7268
f 7218 7220 7275
f 7275 7220 7276
f 7275 7276 7277
f 7277 7276 7278
f 7277 7278 7248
f 7248 7278 4418
f 7248 4418 4390
f 7215 7217 7279
f 7279 7217 7280
f 7279 7280 7281
f 7281 7280 7282
f 7281 7282 7283
f 7283 7282 7284
f 7284 7282 7285
f 7284 7285 7286
f 7286 7285 7287
f 7286 7287 7288
f 4151 4126 7289
f 7289 4126 7239
f 7289 7239 7287
f 7287 7239 7290
f 7287 7290 7288
f 7291 7292 7212
f 7293 7294 7295
f 7294 7293 5514
f 5514 7293 6971
f 6971 7293 7296
f 6971 7296 7010
f 7010 7296 7297
f 7010 7297 7012
f 7012 7297 7298
f 7012 7298 7014
f 7014 7298 7299
f 7014 7299 7009
f 4300 4273 7235
f 7235 4273 4272
f 7235 4272 6873
f 4424 4423 7249
f 7249 4423 7229
f 7249 7229 7250
f 7250 7229 7300
f 7250 7300 7251
f 7251 7300 7301
f 7251 7301 7252
f 7252 7301 7302
f 7252 7302 7253
f 7253 7302 7303
f 7253 7303 7228
f 7228 7303 7304
f 7228 7304 3599
f 3599 7304 3598
f 4149 4148 7242
f 7242 4148 7233
f 7242 7233 7243
f 7243 7233 7305
f 7243 7305 7244
f 7244 7305 7306
f 7244 7306 7245
f 7245 7306 7307
f 7245 7307 7246
f 7246 7307 7308
f 7246 7308 7232
f 7232 7308 7309
f 7232 7309 4490
f 4490 7309 4492
f 4422 4421 7229
f 7229 4421 7310
f 7229 7310 7300
f 7300 7310 7311
f 7300 7311 7301
f 7301 7311 7312
f 7301 7312 7302
f 7302 7312 7313
f 7302 7313 7303
f 7303 7313 7314
f 7303 7314 7304
f 7304 7314 7227
f 7304 7227 3598
f 3598 7227 3597
f 4147 4146 7233
f 7233 4146 7315
f 7233 7315 7305
f 7305 7315 7316
f 7305 7316 7306
f 7306 7316 7317
f 7306 7317 7307
f 7307 7317 7318
f 7307 7318 7308
f 7308 7318 7319
f 7308 7319 7309
f 7309 7319 7231
f 7309 7231 4492
f 4492 7231 4494
f 4421 4420 7310
f 7310 4420 7230
f 7310 7230 7311
f 7311 7230 7320
f 7311 7320 7312
f 7312 7320 7321
f 7312 7321 7313
f 7313 7321 7322
f 7313 7322 7314
f 7314 7322 7323
f 7314 7323 7227
f 7227 7323 7226
f 7227 7226 3595
f 3595 7226 3553
f 4146 4145 7315
f 7315 4145 7234
f 7315 7234 7316
f 7316 7234 7324
f 7316 7324 7317
f 7317 7324 7325
f 7317 7325 7318
f 7318 7325 7326
f 7318 7326 7319
f 7319 7326 7327
f 7319 7327 7231
f 7231 7327 7328
f 7231 7328 4496
f 4496 7328 4498
f 7223 7262 7224
f 7224 7262 7261
f 7224 7261 7329
f 7329 7261 7260
f 7329 7260 7330
f 7330 7260 7259
f 7330 7259 7331
f 7331 7259 7258
f 7331 7258 7332
f 7332 7258 6933
f 7332 6933 3678
f 7222 7224 7265
f 7265 7224 7329
f 7265 7329 7254
f 7254 7329 7330
f 7254 7330 7255
f 7255 7330 7331
f 7255 7331 7256
f 7256 7331 7332
f 7256 7332 7257
f 7257 7332 3678
f 7257 3678 3677
f 4419 4418 7230
f 7230 4418 7278
f 7230 7278 7320
f 7320 7278 7276
f 7320 7276 7321
f 7321 7276 7220
f 7321 7220 7322
f 7322 7220 7221
f 7322 7221 7323
f 7323 7221 7267
f 7323 7267 7226
f 7226 7267 7225
f 7226 7225 3554
f 3554 7225 3578
f 4144 4151 7234
f 7234 4151 7289
f 7234 7289 7324
f 7324 7289 7287
f 7324 7287 7325
f 7325 7287 7285
f 7325 7285 7326
f 7326 7285 7282
f 7326 7282 7327
f 7327 7282 7280
f 7327 7280 7328
f 7328 7280 7217
f 7328 7217 4498
f 4498 7217 4484
f 7212 7214 7291
f 7291 7214 7238
f 7291 7238 7333
f 7333 7238 7237
f 7333 7237 7334
f 7334 7237 7236
f 7334 7236 7335
f 7335 7236 7235
f 7335 7235 7336
f 7336 7235 6873
f 7336 6873 6871
f 6869 7009 6871
f 6871 7009 7299
f 6871 7299 7336
f 7336 7299 7298
f 7336 7298 7335
f 7335 7298 7297
f 7335 7297 7334
f 7334 7297 7296
f 7334 7296 7333
f 7333 7296 7293
f 7333 7293 7291
f 7291 7293 7295
f 7291 7295 7292
f 6944 5830 6939
f 6939 5830 5829
f 6939 5829 6937
f 6937 5829 6935
f 6935 5829 3710
f 6935 3710 3706
f 6692 4 5
f 6708 7337 5
f 5 7337 7338
f 5 7338 6692
f 6692 7338 7339
f 6692 7339 6693
f 6693 7339 7340
f 6693 7340 6694
f 6694 7340 7341
f 6694 7341 6695
f 6695 7341 7342
f 6695 7342 6696
f 6204 6202 7343
f 7343 6202 1775
f 7343 1775 7342
f 7342 1775 6691
f 7342 6691 6696
f 6204 7343 6205
f 6205 7343 7344
f 6205 7344 6199
f 7344 3465 3464
f 3464 3463 7344
f 7344 3463 3459
f 7344 3459 6199
f 6199 3459 3457
f 6199 3457 3455
f 3449 6784 3451
f 3451 6784 6785
f 3455 3453 6199
f 6199 3453 3451
f 6199 3451 1764
f 1764 3451 6785
f 6782 3445 3444
f 6782 3444 6781
f 3449 3447 6784
f 6784 3447 3445
f 6784 3445 6783
f 6783 3445 6782
f 3444 3519 6781
f 6781 3519 3517
f 6781 3517 6748
f 3473 3476 7345
f 7345 3476 3471
f 7345 3471 7346
f 7346 3471 3469
f 7346 3469 7344
f 7344 3469 3467
f 7344 3467 3465
f 3473 7345 3474
f 3474 7345 7347
f 3474 7347 3521
f 3521 7347 4667
f 3521 4667 3523
f 6701 24 6722
f 6722 7348 6701
f 6701 7348 7349
f 6701 7349 6710
f 6710 7349 7350
f 6710 7350 6712
f 7350 7351 6712
f 6712 7351 7352
f 6712 7352 6711
f 7352 7353 6711
f 6711 7353 7354
f 6711 7354 6709
f 7354 7355 6709
f 6709 7355 7356
f 6709 7356 6708
f 6708 7356 7357
f 6708 7357 7337
f 4720 6486 4721
f 4721 6486 6584
f 4721 6584 6531
f 6530 4727 6528
f 6528 4727 4725
f 6528 4725 6533
f 6533 4725 4724
f 6533 4724 6531
f 6531 4724 4722
f 6531 4722 4721
f 4689 4691 7358
f 4689 7358 4687
f 4671 4683 7358
f 7358 4683 4685
f 7358 4685 4687
f 4695 4708 6524
f 6524 4708 4710
f 6524 4710 4712
f 4712 4714 6524
f 6524 4714 4716
f 6524 4716 6525
f 6525 4716 4730
f 6525 4730 6527
f 6527 4730 4731
f 6527 4731 6530
f 6530 4731 4728
f 6530 4728 4727
f 4703 4705 6522
f 6522 4705 4702
f 4702 4700 6522
f 6522 4700 4698
f 6522 4698 4694
f 4681 4669 7359
f 4675 4677 7359
f 7359 4677 4679
f 7359 4679 4681
f 4703 6522 7360
f 7360 6522 6523
f 7360 6523 7361
f 7361 6523 6548
f 7361 6548 7362
f 7362 6548 6547
f 7362 6547 7363
f 7363 6547 6554
f 7363 6554 7364
f 6519 7365 6554
f 6554 7365 7366
f 6554 7366 7364
f 6519 6517 7365
f 7365 6517 6516
f 7365 6516 7367
f 7367 6516 6510
f 7367 6510 6509
f 4691 4695 7358
f 7358 4695 6524
f 7358 6524 4671
f 4671 6524 6522
f 4671 6522 4669
f 4669 6522 4694
f 4669 4694 7359
f 7359 4694 4673
f 7359 4673 4675
f 6452 6345 6542
f 6542 6345 6356
f 6542 6356 6541
f 6541 6356 6354
f 6541 6354 6540
f 6540 6354 6353
f 6540 6353 6539
f 6539 6353 6352
f 6539 6352 6543
f 6543 6352 6351
f 6543 6351 6446
f 6446 6351 6350
f 6445 6370 6532
f 6532 6370 6369
f 6532 6369 6534
f 6534 6369 6368
f 6534 6368 6535
f 6535 6368 6363
f 6535 6363 6536
f 6536 6363 6359
f 6536 6359 6537
f 6537 6359 6358
f 6537 6358 6439
f 6439 6358 6357
f 6438 6306 6556
f 6556 6306 6314
f 6556 6314 6555
f 6555 6314 6319
f 6555 6319 6553
f 6553 6319 6318
f 6553 6318 6558
f 6558 6318 6313
f 6558 6313 6559
f 6559 6313 6312
f 6559 6312 6432
f 6432 6312 6310
f 6431 6321 6545
f 6545 6321 6333
f 6545 6333 6546
f 6546 6333 6332
f 6546 6332 6550
f 6550 6332 6330
f 6550 6330 6551
f 6551 6330 6336
f 6551 6336 6552
f 6552 6336 6335
f 6552 6335 6425
f 6425 6335 6334
f 6424 6283 6567
f 6567 6283 6278
f 6567 6278 6568
f 6568 6278 6277
f 6568 6277 6569
f 6569 6277 6289
f 6569 6289 6570
f 6570 6289 6288
f 6570 6288 6571
f 6571 6288 6287
f 6571 6287 6418
f 6418 6287 6280
f 6417 6294 6561
f 6561 6294 6302
f 6561 6302 6562
f 6562 6302 6301
f 6562 6301 6564
f 6564 6301 6299
f 6564 6299 6565
f 6565 6299 6298
f 6565 6298 6566
f 6566 6298 6291
f 6566 6291 6411
f 6411 6291 6290
f 6410 6258 6579
f 6579 6258 6259
f 6579 6259 6580
f 6580 6259 6263
f 6580 6263 6581
f 6581 6263 6264
f 6581 6264 6582
f 6582 6264 6255
f 6582 6255 6585
f 6585 6255 6254
f 6585 6254 6404
f 6404 6254 6252
f 6403 6273 6573
f 6573 6273 6270
f 6573 6270 6574
f 6574 6270 6269
f 6574 6269 6575
f 6575 6269 6268
f 6575 6268 6577
f 6577 6268 6267
f 6577 6267 6578
f 6578 6267 6265
f 6578 6265 6397
f 6397 6265 6248
f 6396 6387 6594
f 6594 6387 6386
f 6594 6386 6595
f 6595 6386 6385
f 6595 6385 6586
f 6586 6385 6384
f 6586 6384 6587
f 6587 6384 6383
f 6587 6383 6589
f 6589 6383 6382
f 6589 6382 6590
f 6590 6382 6375
f 6590 6375 6389
f 6389 6375 6374
f 6768 6767 6337
f 6765 6764 6338
f 3481 3483 6360
f 3512 3513 6777
f 3516 6214 3514
f 3514 6214 6780
f 3514 6780 3501
f 3501 6780 6779
f 3501 6779 3513
f 3513 6779 6778
f 3513 6778 6777
f 3487 3489 6362
f 6360 3483 6362
f 6362 3483 3485
f 6362 3485 3487
f 3489 3491 6362
f 6362 3491 3493
f 6362 3493 3495
f 3497 3496 6774
f 6774 3496 3504
f 6776 3508 6777
f 6777 3508 3510
f 6777 3510 3512
f 3504 3506 6774
f 6774 3506 3508
f 6774 3508 6775
f 6775 3508 6776
f 6207 3522 6249
f 6249 3522 3524
f 6249 3524 6360
f 6360 3524 3478
f 6360 3478 3481
f 6245 6244 6787
f 6787 6244 6304
f 6787 6304 6750
f 6750 6304 6303
f 6311 6786 6303
f 6303 6786 6751
f 6303 6751 6750
f 6755 6752 6328
f 6328 6752 6753
f 6328 6753 6311
f 6311 6753 6754
f 6311 6754 6786
f 6755 6328 6756
f 6756 6328 6329
f 6756 6329 6757
f 6757 6329 6758
f 6758 6329 6341
f 6758 6341 6759
f 6759 6341 6340
f 6759 6340 6760
f 6764 6763 6338
f 6338 6763 6762
f 6338 6762 6340
f 6340 6762 6761
f 6340 6761 6760
f 6337 6767 6338
f 6338 6767 6766
f 6338 6766 6765
f 3495 3497 6362
f 6362 3497 6774
f 6362 6774 6355
f 6355 6774 6773
f 6355 6773 6772
f 6772 6771 6355
f 6355 6771 6770
f 6355 6770 6337
f 6337 6770 6769
f 6337 6769 6768
f 4547 4575 6042
f 4552 4550 6042
f 6042 4550 4548
f 6042 4548 4547
f 4552 6042 4553
f 4553 6042 4558
f 4553 4558 4555
f 4588 4590 6703
f 6703 4590 4592
f 6703 4592 4594
f 4585 6178 4598
f 4598 6178 6703
f 4598 6703 4596
f 4596 6703 4594
f 4575 4588 6042
f 6042 4588 6703
f 6042 6703 6041
f 6041 6703 6716
f 6041 6716 6040
f 6040 6716 6717
f 6040 6717 6039
f 6039 6717 6718
f 6039 6718 6038
f 6038 6718 6719
f 6038 6719 6037
f 6037 6719 6720
f 6037 6720 6036
f 6036 6720 6699
f 6036 6699 6035
f 6035 6699 6705
f 6035 6705 6034
f 6034 6705 6706
f 5458 6176 5456
f 5456 6176 7208
f 5456 7208 5457
f 5457 7208 7206
f 5457 7206 5459
f 5459 7206 6175
f 4577 4578 6163
f 4565 4564 1032
f 1032 4564 4562
f 1032 4562 4561
f 4565 1032 4567
f 4567 1032 4572
f 4567 4572 4569
f 4578 4581 6163
f 6163 4581 4583
f 6163 4583 287
f 4600 286 4586
f 4586 286 287
f 4586 287 4587
f 4587 287 4583
f 818 819 6050
f 6050 819 1031
f 953 6065 1030
f 1030 6065 6048
f 6048 6047 1030
f 1030 6047 949
f 1030 949 1031
f 1031 949 6049
f 1031 6049 6050
f 6053 6052 1029
f 1029 6052 959
f 1029 959 1030
f 1030 959 954
f 1030 954 953
f 1028 6064 970
f 1028 970 1029
f 1029 970 6051
f 1029 6051 6053
f 1035 1018 1028
f 1028 1018 967
f 1028 967 6064
f 1034 205 1035
f 1035 205 1017
f 1035 1017 1018
f 6162 6161 1033
f 1033 6161 214
f 1033 214 1034
f 1034 214 6160
f 1034 6160 205
f 6162 1033 290
f 290 1033 1032
f 290 1032 6163
f 6163 1032 4561
f 6163 4561 4577
f 5868 4758 5877
f 5877 4758 7368
f 5877 7368 5875
f 5875 7368 7369
f 7370 5928 7371
f 7371 5928 5927
f 7371 5927 7369
f 7369 5927 5934
f 7369 5934 5875
f 7372 5906 7373
f 7373 5906 5915
f 7373 5915 7374
f 7374 5915 5914
f 7374 5914 7370
f 7370 5914 5925
f 7370 5925 5928
f 7375 5879 7376
f 7376 5879 5889
f 7376 5889 7377
f 7377 5889 5890
f 7377 5890 7378
f 7378 5890 5897
f 7378 5897 7379
f 7379 5897 5900
f 7379 5900 7372
f 7372 5900 5908
f 7372 5908 5906
f 4732 5849 7375
f 7375 5849 5884
f 7375 5884 5879
f 5544 5545 5625
f 5625 5545 6121
f 5625 6121 5626
f 5626 6121 6122
f 5626 6122 5532
f 5532 6122 5533
f 5514 5513 7294
f 7294 5513 6137
f 7294 6137 7295
f 7241 7240 6135
f 6135 7240 7213
f 6135 7213 6136
f 6136 7213 7212
f 6136 7212 6137
f 6137 7212 7292
f 6137 7292 7295
f 7241 6135 7239
f 7239 6135 6134
f 7239 6134 7290
f 7281 7283 6132
f 6132 7283 7284
f 6132 7284 6133
f 6133 7284 7286
f 6133 7286 6134
f 6134 7286 7288
f 6134 7288 7290
f 7281 6132 7279
f 7279 6132 6131
f 7279 6131 7215
f 7215 6131 7216
f 7216 6131 6123
f 7216 6123 7247
f 7247 6123 7248
f 7248 6123 6124
f 7248 6124 7277
f 7273 7272 6126
f 6126 7272 7219
f 6126 7219 6125
f 6125 7219 7218
f 6125 7218 6124
f 6124 7218 7275
f 6124 7275 7277
f 7273 6126 7274
f 7274 6126 6127
f 7274 6127 7268
f 7222 7266 6129
f 6129 7266 7271
f 6129 7271 6128
f 6128 7271 7270
f 6128 7270 6127
f 6127 7270 7269
f 6127 7269 7268
f 7222 6129 7223
f 7223 6129 6130
f 7223 6130 7264
f 5475 5474 6130
f 6130 5474 7263
f 6130 7263 7264
f 5444 7380 7381
f 7382 7380 5444
f 5443 7382 5444
f 5444 7383 5437
f 7384 7383 5444
f 7381 7384 5444
f 5443 1505 7382
f 7382 1505 2859
f 7382 2859 7380
f 7380 2859 2858
f 7380 2858 7381
f 7381 2858 2864
f 7381 2864 7384
f 7384 2864 2869
f 7384 2869 7383
f 7383 2869 2868
f 7383 2868 5437
f 5437 2868 1517
f 5436 7385 7386
f 7387 7385 5436
f 5435 7387 5436
f 5436 7388 5429
f 7389 7388 5436
f 7386 7389 5436
f 5435 1520 7387
f 7387 1520 2841
f 7387 2841 7385
f 7385 2841 2842
f 7385 2842 7386
f 7386 2842 2850
f 7386 2850 7389
f 7389 2850 2851
f 7389 2851 7388
f 7388 2851 2852
f 7388 2852 5429
f 5429 2852 1532
f 5428 5410 5946
f 5946 5410 5411
f 5946 5411 5948
f 5948 5411 5413
f 5948 5413 5949
f 5949 5413 5415
f 5949 5415 5950
f 5950 5415 5417
f 5950 5417 5951
f 5951 5417 5419
f 5951 5419 5422
f 5422 5419 5421
f 5403 5404 5412
f 5412 5404 7180
f 5412 7180 5414
f 5414 7180 7179
f 5414 7179 5416
f 5416 7179 7182
f 5416 7182 5418
f 5418 7182 7181
f 5418 7181 5420
f 5420 7181 7183
f 5420 7183 5391
f 5391 7183 5392
f 5390 5370 5987
f 5987 5370 5371
f 5987 5371 5988
f 5988 5371 5373
f 5988 5373 5989
f 5989 5373 5375
f 5989 5375 5990
f 5990 5375 5377
f 5990 5377 5991
f 5991 5377 5379
f 5991 5379 5384
f 5384 5379 5381
f 5365 5366 5372
f 5372 5366 7156
f 5372 7156 5374
f 5374 7156 7160
f 5374 7160 5376
f 5376 7160 7158
f 5376 7158 5378
f 5378 7158 7157
f 5378 7157 5380
f 5380 7157 7154
f 5380 7154 5353
f 5353 7154 5354
f 5352 5332 5980
f 5980 5332 5333
f 5980 5333 5981
f 5981 5333 5335
f 5981 5335 5982
f 5982 5335 5337
f 5982 5337 5984
f 5984 5337 5339
f 5984 5339 5985
f 5985 5339 5341
f 5985 5341 5346
f 5346 5341 5343
f 5327 5328 5334
f 5334 5328 7166
f 5334 7166 5336
f 5336 7166 7165
f 5336 7165 5338
f 5338 7165 7161
f 5338 7161 5340
f 5340 7161 7163
f 5340 7163 5342
f 5342 7163 7164
f 5342 7164 5315
f 5315 7164 5316
f 5314 5291 5955
f 5955 5291 5292
f 5955 5292 5954
f 5954 5292 5294
f 5954 5294 5952
f 5952 5294 5296
f 5952 5296 5956
f 5956 5296 5298
f 5956 5298 5957
f 5957 5298 5300
f 5957 5300 5308
f 5308 5300 5302
f 5289 5290 5293
f 5293 5290 7195
f 5293 7195 5295
f 5295 7195 7194
f 5295 7194 5297
f 5297 7194 7193
f 5297 7193 5299
f 5299 7193 7192
f 5299 7192 5301
f 5301 7192 7191
f 5301 7191 5277
f 5277 7191 5278
f 5276 5253 5964
f 5964 5253 5254
f 5964 5254 5963
f 5963 5254 5256
f 5963 5256 5961
f 5961 5256 5258
f 5961 5258 5959
f 5959 5258 5260
f 5959 5260 5960
f 5960 5260 5262
f 5960 5262 5270
f 5270 5262 5264
f 5251 5252 5255
f 5255 5252 7125
f 5255 7125 5257
f 5257 7125 7124
f 5257 7124 5259
f 5259 7124 7123
f 5259 7123 5261
f 5261 7123 7153
f 5261 7153 5263
f 5263 7153 7152
f 5263 7152 5239
f 5239 7152 5240
f 5238 5215 5965
f 5965 5215 5216
f 5965 5216 5966
f 5966 5216 5218
f 5966 5218 5967
f 5967 5218 5220
f 5967 5220 5968
f 5968 5220 5222
f 5968 5222 5969
f 5969 5222 5224
f 5969 5224 5232
f 5232 5224 5226
f 5213 5214 5217
f 5217 5214 7122
f 5217 7122 5219
f 5219 7122 7121
f 5219 7121 5221
f 5221 7121 7120
f 5221 7120 5223
f 5223 7120 7119
f 5223 7119 5225
f 5225 7119 7118
f 5225 7118 5201
f 5201 7118 5202
f 5200 5177 5885
f 5885 5177 5178
f 5885 5178 5886
f 5886 5178 5180
f 5886 5180 5880
f 5880 5180 5182
f 5880 5182 5882
f 5882 5182 5184
f 5882 5184 5883
f 5883 5184 5186
f 5883 5186 5194
f 5194 5186 5188
f 5175 5176 5179
f 5179 5176 7114
f 5179 7114 5181
f 5181 7114 7117
f 5181 7117 5183
f 5183 7117 7116
f 5183 7116 5185
f 5185 7116 7115
f 5185 7115 5187
f 5187 7115 7112
f 5187 7112 5163
f 5163 7112 5164
f 5162 5139 5887
f 5887 5139 5140
f 5887 5140 5888
f 5888 5140 5142
f 5888 5142 5891
f 5891 5142 5144
f 5891 5144 5892
f 5892 5144 5146
f 5892 5146 5894
f 5894 5146 5148
f 5894 5148 5156
f 5156 5148 5150
f 5137 5138 5141
f 5141 5138 7110
f 5141 7110 5143
f 5143 7110 7109
f 5143 7109 5145
f 5145 7109 7108
f 5145 7108 5147
f 5147 7108 7107
f 5147 7107 5149
f 5149 7107 7148
f 5149 7148 5125
f 5125 7148 5126
f 5124 5109 5898
f 5898 5109 5110
f 5898 5110 5899
f 5899 5110 5112
f 5899 5112 5904
f 5904 5112 5114
f 5904 5114 5903
f 5903 5114 5116
f 5903 5116 5901
f 5901 5116 5101
f 5901 5101 5118
f 5118 5101 5103
f 5099 5100 5111
f 5111 5100 7100
f 5111 7100 5113
f 5113 7100 7104
f 5113 7104 5115
f 5115 7104 7103
f 5115 7103 5117
f 5117 7103 7102
f 5117 7102 5102
f 5102 7102 7101
f 5102 7101 5087
f 5087 7101 5088
f 5086 5066 5910
f 5910 5066 5067
f 5910 5067 5909
f 5909 5067 5069
f 5909 5069 5907
f 5907 5069 5071
f 5907 5071 5905
f 5905 5071 5073
f 5905 5073 5912
f 5912 5073 5075
f 5912 5075 5080
f 5080 5075 5077
f 5061 5062 5068
f 5068 5062 7099
f 5068 7099 5070
f 5070 7099 7098
f 5070 7098 5072
f 5072 7098 7097
f 5072 7097 5074
f 5074 7097 7096
f 5074 7096 5076
f 5076 7096 7095
f 5076 7095 5049
f 5049 7095 5050
f 5048 5028 5916
f 5916 5028 5029
f 5916 5029 5917
f 5917 5029 5031
f 5917 5031 5918
f 5918 5031 5033
f 5918 5033 5913
f 5913 5033 5035
f 5913 5035 5920
f 5920 5035 5037
f 5920 5037 5042
f 5042 5037 5039
f 5023 5024 5030
f 5030 5024 7094
f 5030 7094 5032
f 5032 7094 7093
f 5032 7093 5034
f 5034 7093 7092
f 5034 7092 5036
f 5036 7092 7091
f 5036 7091 5038
f 5038 7091 7090
f 5038 7090 5011
f 5011 7090 5012
f 5010 4995 5922
f 5922 4995 4996
f 5922 4996 5921
f 5921 4996 4998
f 5921 4998 5923
f 5923 4998 5000
f 5923 5000 5924
f 5924 5000 5002
f 5924 5002 5926
f 5926 5002 4987
f 5926 4987 5004
f 5004 4987 4989
f 4985 4986 4997
f 4997 4986 7088
f 4997 7088 4999
f 4999 7088 7087
f 4999 7087 5001
f 5001 7087 7086
f 5001 7086 5003
f 5003 7086 7085
f 5003 7085 4988
f 4988 7085 7084
f 4988 7084 4973
f 4973 7084 4974
f 4972 4949 5931
f 5931 4949 4950
f 5931 4950 5932
f 5932 4950 4952
f 5932 4952 5933
f 5933 4952 4954
f 5933 4954 5936
f 5936 4954 4956
f 5936 4956 5937
f 5937 4956 4958
f 5937 4958 4966
f 4966 4958 4960
f 4947 4948 4951
f 4951 4948 7173
f 4951 7173 4953
f 4953 7173 7172
f 4953 7172 4955
f 4955 7172 7171
f 4955 7171 4957
f 4957 7171 7170
f 4957 7170 4959
f 4959 7170 7169
f 4959 7169 4935
f 4935 7169 4936
f 4934 4919 5979
f 5979 4919 4920
f 5979 4920 5976
f 5976 4920 4922
f 5976 4922 5977
f 5977 4922 4924
f 5977 4924 5978
f 5978 4924 4926
f 5978 4926 5938
f 5938 4926 4911
f 5938 4911 4928
f 4928 4911 4913
f 4909 4910 4921
f 4921 4910 7139
f 4921 7139 4923
f 4923 7139 7144
f 4923 7144 4925
f 4925 7144 7143
f 4925 7143 4927
f 4927 7143 7142
f 4927 7142 4912
f 4912 7142 7141
f 4912 7141 4897
f 4897 7141 4898
f 4896 4881 5970
f 5970 4881 4882
f 5970 4882 5972
f 5972 4882 4884
f 5972 4884 5974
f 5974 4884 4886
f 5974 4886 5975
f 5975 4886 4888
f 5975 4888 5939
f 5939 4888 4873
f 5939 4873 4890
f 4890 4873 4875
f 4871 4872 4883
f 4883 4872 7136
f 4883 7136 4885
f 4885 7136 7135
f 4885 7135 4887
f 4887 7135 7133
f 4887 7133 4889
f 4889 7133 7138
f 4889 7138 4874
f 4874 7138 7137
f 4874 7137 4859
f 4859 7137 4860
f 4858 4840 5942
f 5942 4840 4841
f 5942 4841 5941
f 5941 4841 4843
f 5941 4843 5940
f 5940 4843 4845
f 5940 4845 5944
f 5944 4845 4847
f 5944 4847 5945
f 5945 4847 4849
f 5945 4849 4852
f 4852 4849 4851
f 4833 4834 4842
f 4842 4834 7175
f 4842 7175 4844
f 4844 7175 7174
f 4844 7174 4846
f 4846 7174 7176
f 4846 7176 4848
f 4848 7176 7177
f 4848 7177 4850
f 4850 7177 7178
f 4850 7178 4821
f 4821 7178 4822
f 4733 4732 5834
f 5834 4732 7375
f 5834 7375 5828
f 5828 7375 7376
f 5828 7376 5819
f 5819 7376 7377
f 5819 7377 5820
f 5820 7377 7378
f 5820 7378 5823
f 5823 7378 7379
f 5823 7379 4773
f 4773 7379 7372
f 4773 7372 4820
f 4820 7372 4819
f 4819 7372 7373
f 4819 7373 4818
f 4758 4759 7368
f 7368 4759 5845
f 7368 5845 7369
f 7369 5845 5843
f 7369 5843 7371
f 7371 5843 5841
f 7371 5841 7370
f 7370 5841 5839
f 7370 5839 7374
f 7374 5839 5821
f 7374 5821 7373
f 7373 5821 4786
f 7373 4786 4818
f 4720 4719 6488
f 6488 4719 6457
f 6488 6457 6490
f 6490 6457 6459
f 6490 6459 6492
f 6492 6459 6461
f 6492 6461 6494
f 6494 6461 6463
f 6494 6463 6497
f 6497 6463 6465
f 6497 6465 6499
f 6499 6465 6467
f 6499 6467 6501
f 6501 6467 6469
f 6501 6469 6503
f 6503 6469 6471
f 6503 6471 6505
f 6505 6471 6473
f 6505 6473 6507
f 6507 6473 6475
f 6507 6475 6511
f 6511 6475 6477
f 6511 6477 6509
f 6509 6477 6479
f 6454 4704 7360
f 7360 4704 4703
f 7364 6483 6456
f 7360 7361 6454
f 6454 7361 7362
f 6454 7362 6456
f 6456 7362 7363
f 6456 7363 7364
f 6509 6479 7367
f 7367 6479 6481
f 7367 6481 7365
f 7365 6481 6483
f 7365 6483 7366
f 7366 6483 7364
f 6484 6482 6721
f 6721 6482 6480
f 6721 6480 6722
f 6721 6724 6484
f 6484 6724 6723
f 6484 6723 6485
f 6485 6723 6726
f 4644 4643 6730
f 6730 4643 6453
f 6730 6453 6727
f 6727 6453 6455
f 6727 6455 6728
f 6728 6455 6485
f 6728 6485 6725
f 6725 6485 6726
f 4668 4667 7347
f 4668 7347 6458
f 6458 7347 7345
f 6458 7345 6460
f 7345 7346 6460
f 6460 7346 7344
f 6460 7344 6462
f 7344 7343 6462
f 6462 7343 7342
f 6462 7342 6464
f 7342 7341 6464
f 6464 7341 7340
f 6464 7340 6466
f 7357 6470 6468
f 7340 7339 6466
f 6466 7339 7338
f 6466 7338 6468
f 6468 7338 7337
f 6468 7337 7357
f 7353 6474 6472
f 7357 7356 6470
f 6470 7356 7355
f 6470 7355 6472
f 6472 7355 7354
f 6472 7354 7353
f 7353 7352 6474
f 6474 7352 7351
f 6474 7351 6476
f 6476 7351 7350
f 6476 7350 6478
f 6478 7350 7349
f 7349 7348 6478
f 6478 7348 6722
f 6478 6722 6480
f 4319 4349 4320
f 4320 4349 5822
f 4320 5822 4339
f 4239 4270 4240
f 4240 4270 5826
f 4240 5826 4252
f 4252 5826 5825
f 4252 5825 4253
f 4253 5825 4372
f 7062 7060 7075
f 7129 7077 7066
f 7075 7060 7076
f 7060 7059 7076
f 7076 7059 7064
f 7076 7064 7077
f 7077 7064 7065
f 7077 7065 7066
f 5723 3552 3551
f 7062 7075 3551
f 3551 7075 5724
f 3551 5724 5723
f 3526 5630 3527
f 3527 5630 5629
f 3527 5629 6945
f 6945 5629 7131
f 6945 7131 6940
f 6940 7131 7130
f 6940 7130 6941
f 6941 7130 6942
f 6942 7130 7129
f 6942 7129 6943
f 6943 7129 7066
f 6943 7066 6944
f 6641 6596 6597
f 6597 6707 6641
f 6641 6707 6704
f 6641 6704 6643
f 6643 6704 6700
f 6643 6700 6644
f 6644 6700 3422
f 6644 3422 3424
f 3367 3366 6673
f 6673 3366 6674
f 3364 3365 6649
f 6649 3365 6788
f 6649 6788 6650
f 6650 6788 6797
f 6650 6797 6654
f 6654 6797 6796
f 6654 6796 6653
f 6653 6796 6795
f 6653 6795 6652
f 6652 6795 6794
f 6652 6794 3352
f 3352 6794 3353
f 3351 7390 7391
f 7392 7390 3351
f 3349 7392 3351
f 3351 7393 3337
f 7394 7393 3351
f 7391 7394 3351
f 3349 3350 7392
f 7392 3350 7202
f 7392 7202 7390
f 7390 7202 7203
f 7390 7203 7391
f 7391 7203 7204
f 7391 7204 7394
f 7394 7204 7205
f 7394 7205 7393
f 7393 7205 7207
f 7393 7207 3337
f 3337 7207 3338
f 3335 3336 6648
f 6648 3336 6793
f 6648 6793 6647
f 6647 6793 6792
f 6647 6792 6646
f 6646 6792 6791
f 6646 6791 6645
f 6645 6791 6790
f 6645 6790 6651
f 6651 6790 6789
f 6651 6789 3323
f 3323 6789 3324
f 3321 3322 6634
f 6634 3322 7200
f 6634 7200 6635
f 6635 7200 7211
f 6635 7211 6636
f 6636 7211 7210
f 6636 7210 6637
f 6637 7210 7209
f 6637 7209 6639
f 6639 7209 7201
f 6639 7201 3309
f 3309 7201 3310
