mtllib converted_body_Link3_cad1eeff.mtl
usemtl material
v -0.05218949913978577 0.009319812059402466 0.05878329277038574
v -0.052205897867679596 0.007871617563068867 0.05733158439397812
v -0.05133955180644989 0.009309928864240646 0.059011030942201614
v -0.050631001591682434 0.007853304035961628 0.057753581553697586
v -0.05071735009551048 0.00930215697735548 0.05963326618075371
v -0.04947809875011444 0.007838903926312923 0.058906543999910355
v -0.05048961192369461 0.009298579767346382 0.06048326939344406
v -0.04905610904097557 0.00783227663487196 0.06048154458403587
v -0.05071735382080078 0.009300156496465206 0.06133326515555382
v -0.04947810247540474 0.00783519633114338 0.062056541442871094
v -0.05133955925703049 0.009306462481617928 0.06195551156997681
v -0.05063101276755333 0.007846882566809654 0.06320953369140625
v -0.052189502865076065 0.009315810166299343 0.06218328699469566
v -0.05220590904355049 0.007864202372729778 0.0636315792798996
v -0.05218327417969704 0.009869778528809547 0.058783937245607376
v -0.05133333057165146 0.009859895333647728 0.05901167914271355
v -0.05071112886071205 0.009852123446762562 0.05963391438126564
v -0.05048338696360588 0.009848546236753464 0.060483917593955994
v -0.05071113258600235 0.009850122034549713 0.06133390963077545
v -0.051333338022232056 0.00985642895102501 0.06195615977048874
v -0.052183281630277634 0.009865776635706425 0.062183935195207596
v 0.052803780883550644 0.008132010698318481 0.058782074600458145
v 0.052787378430366516 0.00668381666764617 0.05733036622405052
v 0.05365372821688652 0.008122127503156662 0.05900981277227402
v 0.054362278431653976 0.006665502674877644 0.05775236338376999
v 0.05427592992782593 0.008114355616271496 0.05963204801082611
v 0.05551518499851227 0.006651103030890226 0.058905329555273056
v 0.0545036718249321 0.008110778406262398 0.06048205494880676
v 0.05593717470765114 0.006644474808126688 0.060480330139398575
v 0.05427592620253563 0.008112355135381222 0.06133204698562622
v 0.05551517754793167 0.006647394970059395 0.062055326998233795
v 0.05365372449159622 0.008118661120533943 0.06195429712533951
v 0.05436227098107338 0.00665908120572567 0.06320831924676895
v 0.05280377343297005 0.008128008805215359 0.062182072550058365
v 0.05278736725449562 0.006676401477307081 0.0636303648352623
v 0.052810002118349075 0.008681977167725563 0.05878272280097008
v 0.05365994945168495 0.008672093972563744 0.05901046097278595
v 0.05428215116262436 0.008664322085678577 0.05963269621133804
v 0.05450989305973053 0.00866074487566948 0.0604826994240284
v 0.05428215116262436 0.008662320673465729 0.06133269518613815
v 0.05365994572639465 0.008668627589941025 0.06195494532585144
v 0.05280999466776848 0.00867797527462244 0.06218271702528
v 0.052803885191679 0.008202632889151573 -0.0012178929755464196
v 0.05278748273849487 0.006754438858479261 -0.002669593319296837
v 0.05365383252501488 0.008192749693989754 -0.0009901461889967322
v 0.05436238273978233 0.006736125331372023 -0.0022475961595773697
v 0.054276034235954285 0.008184977807104588 -0.0003679111832752824
v 0.055515289306640625 0.006721725221723318 -0.0010946254478767514
v 0.054503776133060455 0.008181401528418064 0.0004820925241801888
v 0.055937279015779495 0.00671509699895978 0.0004803691408596933
v 0.054276030510663986 0.008182977326214314 0.0013320940779522061
v 0.05551528185606003 0.006718017626553774 0.0020553660579025745
v 0.05365382879972458 0.008189283311367035 0.0019543436355888844
v 0.054362375289201736 0.006729703396558762 0.003208363428711891
v 0.052803877741098404 0.00819863099604845 0.0021821099799126387
v 0.05278747156262398 0.006747023668140173 0.003630397142842412
v 0.05281010642647743 0.008752599358558655 -0.0012172457063570619
v 0.05366005375981331 0.008742716163396835 -0.0009894989198073745
v 0.054282255470752716 0.00873494427651167 -0.00036726382677443326
v 0.05450999736785889 0.008731367066502571 0.0004827398806810379
v 0.05428225174546242 0.008732943795621395 0.0013327414635568857
v 0.05366005003452301 0.008739249780774117 0.001954990904778242
v 0.052810098975896835 0.008748597465455532 0.0021827572491019964
v 0.05280398949980736 0.008273255079984665 -0.06121785193681717
v 0.05278758704662323 0.006825061049312353 -0.06266956031322479
v 0.053653936833143234 0.008263371884822845 -0.0609901025891304
v 0.05436248704791069 0.006806747522205114 -0.06224755197763443
v 0.05427613854408264 0.00825559999793768 -0.06036786362528801
v 0.05551539361476898 0.00679234741255641 -0.06109458580613136
v 0.05450388044118881 0.008252023719251156 -0.05951786786317825
v 0.05593738332390785 0.006785719655454159 -0.05951959267258644
v 0.05427613481879234 0.008253599517047405 -0.0586678683757782
v 0.055515386164188385 0.006788639817386866 -0.05794459208846092
v 0.053653933107852936 0.008259906433522701 -0.05804561823606491
v 0.05436247959733009 0.006800325587391853 -0.05679159611463547
v 0.05280398204922676 0.008269253186881542 -0.05781785026192665
v 0.052787575870752335 0.006817645858973265 -0.056369561702013016
v 0.05281021073460579 0.008823221549391747 -0.06121720373630524
v 0.053660158067941666 0.008813338354229927 -0.06098945438861847
v 0.05428235977888107 0.008805566467344761 -0.06036721542477608
v 0.054510101675987244 0.008801989257335663 -0.05951721966266632
v 0.054282356053590775 0.008803565986454487 -0.058667220175266266
v 0.05366015434265137 0.008809871971607208 -0.05804497003555298
v 0.05281020328402519 0.008819219656288624 -0.05781720206141472
v -0.05218939483165741 0.009390434250235558 -0.0012166771339252591
v -0.05220579355955124 0.007942240685224533 -0.0026683774776756763
v -0.05133944749832153 0.009380551055073738 -0.0009889303473755717
v -0.05063089728355408 0.00792392622679472 -0.002246380317956209
v -0.050717245787382126 0.009372779168188572 -0.0003666953125502914
v -0.049477994441986084 0.007909526117146015 -0.001093409606255591
v -0.050489507615566254 0.009369202889502048 0.00048330839490517974
v -0.049056004732847214 0.007902898825705051 0.0004815849824808538
v -0.050717249512672424 0.009370778687298298 0.0013333099195733666
v -0.04947799816727638 0.007905818521976471 0.002056581899523735
v -0.05133945494890213 0.00937708467245102 0.001955559477210045
v -0.05063090845942497 0.007917504757642746 0.0032095792703330517
v -0.05218939855694771 0.009386432357132435 0.002183325821533799
v -0.052205804735422134 0.00793482456356287 0.0036316129844635725
v -0.05218317359685898 0.00994040071964264 -0.0012160298647359014
v -0.0513332262635231 0.00993051752448082 -0.000988283078186214
v -0.050711024552583694 0.009922745637595654 -0.0003660479560494423
v -0.05048328638076782 0.009919168427586555 0.00048395575140602887
v -0.05071102827787399 0.00992074515670538 0.0013339573051780462
v -0.0513332337141037 0.009927051141858101 0.0019562067463994026
v -0.05218317732214928 0.009936398826539516 0.0021839733235538006
v -0.05218929052352905 0.00946105644106865 -0.06121663376688957
v -0.05220568925142288 0.008012862876057625 -0.0626683384180069
v -0.051339343190193176 0.00945117324590683 -0.0609888881444931
v -0.05063079297542572 0.007994548417627811 -0.06224633753299713
v -0.05071714147925377 0.009443401359021664 -0.06036664918065071
v -0.04947789013385773 0.007980148307979107 -0.061093371361494064
v -0.0504894033074379 0.00943982508033514 -0.059516653418540955
v -0.04905590042471886 0.007973521016538143 -0.059518374502658844
v -0.05071714520454407 0.00944140087813139 -0.0586666502058506
v -0.049477893859148026 0.007976440712809563 -0.057943373918533325
v -0.05133935064077377 0.009447707794606686 -0.058044400066137314
v -0.050630804151296616 0.007988126948475838 -0.05679038166999817
v -0.05218929424881935 0.009457054547965527 -0.05781663581728935
v -0.05220570042729378 0.008005446754395962 -0.05636834353208542
v -0.05218306928873062 0.010011022910475731 -0.06121598556637764
v -0.051333121955394745 0.010001139715313911 -0.06098823994398117
v -0.05071092024445534 0.009993367828428745 -0.06036600098013878
v -0.050483182072639465 0.009989790618419647 -0.05951600521802902
v -0.050710923969745636 0.009991367347538471 -0.05866600200533867
v -0.05133312940597534 0.009997673332691193 -0.05804375559091568
v -0.05218307301402092 0.010007021017372608 -0.05781598761677742
v 0.051787663251161575 0.006841493770480156 -0.06701954454183578
v 0.051810286939144135 0.008841360919177532 -0.06701719015836716
v 0.05431012809276581 0.00881229154765606 -0.06634734570980072
v 0.05428750067949295 0.006812424398958683 -0.06634970009326935
v 0.05614013224840164 0.008789434097707272 -0.06451723724603653
v 0.05611750856041908 0.006789566949009895 -0.06451959162950516
v 0.056809958070516586 0.008778913877904415 -0.06201724708080292
v 0.05678733065724373 0.006779046729207039 -0.062019601464271545
v -0.05620543658733368 0.008057347498834133 -0.062018293887376785
v -0.05618280917406082 0.01005721464753151 -0.06201593950390816
v -0.055933307856321335 0.008056183345615864 -0.0636453777551651
v -0.05551297962665558 0.010052579455077648 -0.06451594084501266
v -0.05553560331463814 0.008052711375057697 -0.06451829522848129
v -0.05368296429514885 0.010034030303359032 -0.06634609401226044
v -0.05370559170842171 0.008034163154661655 -0.06634844839572906
v -0.051183123141527176 0.010006537660956383 -0.06701599806547165
v -0.051205746829509735 0.008006670512259007 -0.06701835244894028
v -0.05120598152279854 0.007847770117223263 0.06798155605792999
v -0.05118335783481598 0.009847637265920639 0.06798391044139862
v -0.05368319898843765 0.009876706637442112 0.06731407344341278
v -0.05370582267642021 0.007876839488744736 0.06731171905994415
v -0.055513203144073486 0.0098995640873909 0.06548396497964859
v -0.055535830557346344 0.007899696938693523 0.06548161059617996
v -0.055933527648448944 0.007905223406851292 0.06460869312286377
v -0.05618302896618843 0.009910084307193756 0.06298397481441498
v -0.05620565265417099 0.00791021715849638 0.06298162788152695
v 0.05678711459040642 0.006631916854530573 0.06298031657934189
v 0.05680973827838898 0.008631784468889236 0.06298267096281052
v 0.056139908730983734 0.008636419661343098 0.06548267602920532
v 0.056117281317710876 0.006636552046984434 0.0654803216457367
v 0.054309893399477005 0.00865496788173914 0.0673128217458725
v 0.054287269711494446 0.006655101198703051 0.06731046736240387
v 0.05181005224585533 0.008682460524141788 0.06798271834850311
v 0.05178742855787277 0.006682593375444412 0.06798036396503448
v -0.05503310263156891 0.009894603863358498 0.06508395820856094
v 0.0003133521822746843 0.009268462657928467 0.06508331000804901
v 0.0003135163860861212 0.009379810653626919 -0.029516613110899925
v -0.055032938718795776 0.010005950927734375 -0.02951597236096859
v -0.053033020347356796 0.010016905143857002 -0.05804373323917389
v -0.053655222058296204 0.010024676099419594 -0.05866596847772598
v -0.053882963955402374 0.010028253309428692 -0.05951596423983574
v -0.053655222058296204 0.010026677511632442 -0.06036596745252609
v -0.0530330166220665 0.010020370595157146 -0.06098822131752968
v 0.00031358146225102246 0.00942394882440567 -0.0670165941119194
v 0.05133805796504021 0.00883687473833561 -0.05866718664765358
v 0.051110316067934036 0.008840451948344707 -0.059517182409763336
v 0.051338061690330505 0.008838876150548458 -0.06036718189716339
v 0.05196026340126991 0.008832569234073162 -0.06098943576216698
v 0.05680989846587181 0.008740659803152084 -0.029517266899347305
v 0.05281015485525131 0.008785909973084927 -0.029517220333218575
v 0.051960259675979614 0.008829103782773018 -0.058044951409101486
v 0.056809794157743454 0.008670037612318993 0.030482687056064606
v 0.0003133471473120153 0.009265049360692501 0.06798331439495087
v 0.05280999094247818 0.008674561977386475 0.06508270651102066
v 0.0519600510597229 0.00868785846978426 0.06195496395230293
v 0.05133784934878349 0.008695630356669426 0.06133272871375084
v 0.05111010745167732 0.008699207566678524 0.06048274040222168
v 0.05133785307407379 0.0086976308375597 0.05963272973895073
v 0.000313412252580747 0.009309188462793827 0.030483340844511986
v 0.0519600585103035 0.008691324852406979 0.05901048332452774
v 0.052810050547122955 0.008715287782251835 0.030482731759548187
v 0.05133795365691185 0.008766252547502518 0.0013327754568308592
v 0.05111021175980568 0.008769829757511616 0.00048277925816364586
v 0.05133795738220215 0.008768253959715366 -0.0003672297461889684
v 0.051960159093141556 0.00876194704324007 -0.0009894792456179857
v 0.05196015536785126 0.008758481591939926 0.001955010462552309
v -0.053033120930194855 0.009949748404324055 -0.0009882632875815034
v -0.05503304302692413 0.009935328736901283 0.03048398159444332
v -0.05303312465548515 0.00994628295302391 0.001956226537004113
v -0.05365532636642456 0.009954053908586502 0.0013339914148673415
v -0.05388306826353073 0.0099576311185956 0.00048399509978480637
v -0.05365532636642456 0.00995605532079935 -0.00036601387546397746
v -0.0561828687787056 0.010018960572779179 -0.029515959322452545
v -0.056182973086833954 0.009948338381946087 0.030483994632959366
v -0.05303322896361351 0.009875659830868244 0.06195617839694023
v -0.05365543067455292 0.009885432198643684 0.059633947908878326
v -0.05388317257165909 0.009887008927762508 0.06048395484685898
v -0.05365543067455292 0.00988343171775341 0.06133394315838814
v -0.05303322523832321 0.009879126213490963 0.05901169776916504
v 0.0002907223824877292 0.0072651817463338375 0.06798096001148224
v 0.00029072616598568857 0.0072677419520914555 0.06580595672130585
v 0.05678727477788925 0.006740792654454708 -0.029519621282815933
v 0.05121269077062607 0.0068423813208937645 -0.062247518450021744
v 0.00029095669742673635 0.007424082141369581 -0.06701894849538803
v 0.05005978047847748 0.0068540675565600395 -0.06109452247619629
v 0.04963778704404831 0.006856987718492746 -0.05951951816678047
v 0.05005977675318718 0.006850359495729208 -0.05794452875852585
v 0.0002908916212618351 0.007379943039268255 -0.029518967494368553
v 0.05121268332004547 0.0068359593860805035 -0.05679156258702278
v 0.05278753116726875 0.006786042358726263 -0.029519574716687202
v -0.05378058925271034 0.008030182681977749 -0.06224630028009415
v -0.05493350699543953 0.00803816132247448 -0.05794331058859825
v -0.05578051880002022 0.008014285936951637 -0.02951831743121147
v -0.0553554967045784 0.008044788613915443 -0.05951830372214317
v -0.05493349954485893 0.008041868917644024 -0.06109330803155899
v -0.05378060042858124 0.008023761212825775 -0.056790344417095184
v -0.055780623108148575 0.007943662814795971 0.03048163652420044
v -0.053780797868967056 0.007888938300311565 0.05775361880660057
v 0.0002907874877564609 0.0073093208484351635 0.030480986461043358
v -0.054933708161115646 0.00790062453597784 0.05890660732984543
v -0.055355701595544815 0.00790354423224926 0.06048161908984184
v -0.054933711886405945 0.007896916009485722 0.06205660477280617
v -0.05378080904483795 0.007882516831159592 0.06320957094430923
v 0.05278736352920532 0.006673841271549463 0.0658053532242775
v 0.056787170469760895 0.006670170463621616 0.030480332672595978
v 0.052787426859140396 0.006715420167893171 0.03048037923872471
v 0.05121247470378876 0.00669471500441432 0.06320835649967194
v 0.050059568136930466 0.0067091151140630245 0.06205539032816887
v 0.051212482154369354 0.006701136939227581 0.057752400636672974
v 0.05005957558751106 0.006712822709232569 0.05890539288520813
v 0.049637578427791595 0.006715742871165276 0.060480404645204544
v 0.05005967617034912 0.0067834449000656605 -0.0010945623507723212
v 0.04963768273591995 0.006786365061998367 0.00048044207505881786
v 0.05005967244505882 0.006779737304896116 0.0020554291550070047
v 0.051212579011917114 0.006765337195247412 0.003208399983122945
v 0.05121258646249771 0.006771759130060673 -0.002247559605166316
v -0.0537806935608387 0.007959560491144657 -0.0022463437635451555
v -0.05493360385298729 0.007971246726810932 -0.0010933463927358389
v -0.05535559728741646 0.007974166423082352 0.00048165794578380883
v -0.05493360757827759 0.007967539131641388 0.0020566449966281652
v -0.053780704736709595 0.007953139021992683 0.0032096158247441053
v -0.05620559677481651 0.00794847123324871 0.030481640249490738
v -0.056205492466688156 0.008019093424081802 -0.029518311843276024
v -0.053039245307445526 0.00946693867444992 -0.05804438143968582
v -0.053661447018384933 0.009474709630012512 -0.058666616678237915
v -0.053889185190200806 0.00947828684002161 -0.05951661244034767
v -0.053661443293094635 0.009476711042225361 -0.060366615653038025
v -0.05303923785686493 0.009470404125750065 -0.06098886951804161
v -0.05303934961557388 0.009396316483616829 0.001955579034984112
v -0.05366155132651329 0.00940408743917942 0.001333344029262662
v -0.05388928949832916 0.009407664649188519 0.0004833477723877877
v -0.05366154760122299 0.00940608885139227 -0.00036666120286099613
v -0.053039342164993286 0.009399781934916973 -0.000988910673186183
v 0.05195403844118118 0.008279137313365936 -0.05804559588432312
v 0.051331836730241776 0.008286908268928528 -0.058667831122875214
v 0.051104094833135605 0.008290485478937626 -0.05951783061027527
v 0.051331840455532074 0.008288909681141376 -0.060367830097675323
v 0.05195404216647148 0.00828260276466608 -0.06099008396267891
v 0.051953934133052826 0.008208515122532845 0.0019543631933629513
v 0.05133173242211342 0.008216286078095436 0.0013321281876415014
v 0.05110399052500725 0.008219863288104534 0.00048213190166279674
v 0.05133173614740372 0.008218287490308285 -0.0003678770735859871
v 0.051953937858343124 0.008211980573832989 -0.0009901265148073435
v 0.05195382982492447 0.008137892931699753 0.061954315751791
v 0.05133162811398506 0.008145663887262344 0.06133208051323891
v 0.05110388621687889 0.008149241097271442 0.06048209220170975
v 0.05133163183927536 0.008147665299475193 0.059632085263729095
v 0.05195383355021477 0.008141358382999897 0.05900983512401581
v -0.05303945392370224 0.009325694292783737 0.0619555339217186
v -0.05366165563464165 0.009333465248346329 0.061333298683166504
v -0.05388939380645752 0.009337042458355427 0.060483310371637344
v -0.05366165190935135 0.009335466660559177 0.059633299708366394
v -0.05303944647312164 0.009329159744083881 0.05901104956865311
v -0.0329887680709362 -0.051843322813510895 0.06741134077310562
v -0.032988786697387695 -0.051857445389032364 0.07941132038831711
v -0.03098941780626774 -0.047096818685531616 0.06741692870855331
v -0.03098943829536438 -0.047110944986343384 0.0794169157743454
v -0.030268512666225433 -0.04199710860848427 0.06742293387651443
v -0.030268533155322075 -0.04201123118400574 0.07942292094230652
v -0.03578706830739975 -0.011983582749962807 0.07945825159549713
v -0.03578704595565796 -0.011969458311796188 0.06745826452970505
v -0.0326557531952858 -0.01616140455007553 0.07945334166288376
v -0.032655734568834305 -0.016147280111908913 0.06745335459709167
v -0.030712442472577095 -0.021007316187024117 0.07944764196872711
v -0.030712420120835304 -0.020993191748857498 0.06744765490293503
v -0.03008955903351307 -0.026191066950559616 0.07944153994321823
v -0.030089538544416428 -0.026176942512392998 0.06744155287742615
v 0.029727647081017494 -0.04267585277557373 0.06742223352193832
v 0.029727624729275703 -0.0426899753510952 0.07942222058773041
v 0.03033299371600151 -0.04779056832194328 0.0674162209033966
v 0.03033297322690487 -0.04780469089746475 0.0794162005186081
v 0.03222445026040077 -0.05258108675479889 0.06741058081388474
v 0.03222442790865898 -0.05259520933032036 0.07941056787967682
v 0.02990660071372986 -0.02686981111764908 0.07944084703922272
v 0.0299066212028265 -0.02685568667948246 0.06744085997343063
v 0.03064659796655178 -0.021701479330658913 0.07944692671298981
v 0.03064662031829357 -0.021687354892492294 0.06744693964719772
v 0.03269904479384422 -0.016900772228837013 0.07945258170366287
v 0.032699067145586014 -0.016886647790670395 0.06745259463787079
v 0.035924073308706284 -0.012794858776032925 0.07945742458105087
v 0.035924091935157776 -0.012780734337866306 0.06745743751525879
v -0.03308956325054169 -0.07036153227090836 0.06738954037427902
v -0.03308958560228348 -0.07037565857172012 0.0793895274400711
v -0.03276878967881203 -0.07161524146795273 0.06738806515932083
v -0.03276880830526352 -0.0716293677687645 0.07938805222511292
v -0.03186413645744324 -0.07254059612751007 0.06738697737455368
v -0.03186415880918503 -0.07255472242832184 0.07938696444034576
v -0.030618004500865936 -0.07288964837789536 0.06738656759262085
v -0.030618024989962578 -0.07290377467870712 0.07938655465841293
v -0.029364297166466713 -0.072568878531456 0.06738694757223129
v -0.029364317655563354 -0.07258300483226776 0.07938693463802338
v -0.02843894064426422 -0.0716642215847969 0.06738801300525665
v -0.028438961133360863 -0.07167834788560867 0.07938800007104874
v -0.02808988466858864 -0.0704180970788002 0.06738948076963425
v -0.02808990515768528 -0.07043221592903137 0.07938946783542633
v 0.02690659649670124 -0.07104028016328812 0.06738884747028351
v 0.0269065760076046 -0.07105439901351929 0.07938883453607559
v 0.02722737193107605 -0.07229398190975189 0.06738737225532532
v 0.027227351441979408 -0.07230810821056366 0.0793873593211174
v 0.02813202515244484 -0.07321934401988983 0.06738628447055817
v 0.028132004663348198 -0.073233462870121 0.07938627153635025
v 0.02937815524637699 -0.07356839627027512 0.06738587468862534
v 0.02937813475728035 -0.07358251512050629 0.07938586175441742
v 0.030631864443421364 -0.07324761897325516 0.06738625466823578
v 0.030631843954324722 -0.07326174527406693 0.07938624173402786
v 0.031557220965623856 -0.07234296947717667 0.06738732010126114
v 0.031557198613882065 -0.07235708832740784 0.07938730716705322
v 0.03190627694129944 -0.07109683752059937 0.06738878786563873
v 0.03190625458955765 -0.07111096382141113 0.07938877493143082
v -0.05608123540878296 0.018895499408245087 0.07489455491304398
v -0.056081246584653854 0.018890084698796272 0.07949455827474594
v -0.05556799843907356 0.01688956283032894 0.07489219307899475
v -0.05556800588965416 0.016884148120880127 0.07949219644069672
v -0.05412055179476738 0.015408995561301708 0.07489045709371567
v -0.05412055924534798 0.015403580851852894 0.07949045300483704
v -0.05212674289941788 0.014850507490336895 0.07488980144262314
v -0.052126750349998474 0.01484509278088808 0.0794898048043251
v -0.05012081190943718 0.01536374632269144 0.07489041239023209
v -0.050120819360017776 0.015358331613242626 0.07949040830135345
v -0.04864023998379707 0.01681118831038475 0.07489211857318878
v -0.04864024743437767 0.016805773600935936 0.07949211448431015
v -0.04808175191283226 0.018804999068379402 0.07489446550607681
v -0.04808175936341286 0.018799586221575737 0.07949446141719818
v -0.04983163997530937 0.018824797123670578 0.074894480407238
v -0.050120335072278976 0.019953133538365364 0.07489581406116486
v -0.048594988882541656 0.0208109300583601 0.07489681988954544
v -0.05093452334403992 0.020785953849554062 0.07489679008722305
v -0.05004243552684784 0.022291503846645355 0.07489856332540512
v -0.05205604061484337 0.021100103855133057 0.0748971551656723
v -0.05203624442219734 0.02284999191761017 0.07489921897649765
v -0.053184378892183304 0.020811406895518303 0.07489681243896484
v -0.05404217541217804 0.022336753085255623 0.0748986080288887
v -0.05401719734072685 0.01999722048640251 0.07489585876464844
v -0.055522747337818146 0.02088930457830429 0.074896901845932
v -0.05433134734630585 0.01887570135295391 0.07489453256130219
v -0.05404265224933624 0.017747364938259125 0.07489320635795593
v -0.0532284639775753 0.016914544627070427 0.07489223033189774
v -0.05210694670677185 0.016600394621491432 0.07489185780286789
v -0.050978612154722214 0.016889091581106186 0.07489220052957535
v -0.05014578998088837 0.017703279852867126 0.07489316165447235
v -0.05433133617043495 0.018884412944316864 0.06749454885721207
v -0.05404263734817505 0.01775607466697693 0.06749322265386581
v -0.05322844907641411 0.01692325435578823 0.06749224662780762
v -0.05210693180561066 0.016609104350209236 0.06749187409877777
v -0.05097859725356102 0.01689780130982399 0.06749221682548523
v -0.05014577507972717 0.01771198958158493 0.06749317795038223
v -0.04983162507414818 0.018833506852388382 0.06749449670314789
v 0.04891204461455345 0.017707698047161102 0.07489334046840668
v 0.048912037163972855 0.017702283337712288 0.07949334383010864
v 0.049425285309553146 0.015701761469244957 0.07489097863435745
v 0.04942527413368225 0.015696346759796143 0.07949098199605942
v 0.05087272822856903 0.014221194200217724 0.07488924264907837
v 0.050872720777988434 0.01421577949076891 0.07948923856019974
v 0.05286653712391853 0.01366270612925291 0.07488858699798584
v 0.052866529673337936 0.013657291419804096 0.07948858290910721
v 0.05487247183918953 0.014175944961607456 0.07488919049501419
v 0.05487246438860893 0.014170530252158642 0.07948919385671616
v 0.056353043764829636 0.015623386017978191 0.07489089667797089
v 0.05635303258895874 0.015617971308529377 0.07949090003967285
v 0.05691153183579445 0.017617197707295418 0.07489325106143951
v 0.05691152438521385 0.017611784860491753 0.07949324697256088
v 0.05516164377331734 0.017636995762586594 0.07489326596260071
v 0.054872944951057434 0.01876533217728138 0.07489459216594696
v 0.056398291140794754 0.019623128697276115 0.07489560544490814
v 0.054058756679296494 0.019598152488470078 0.07489557564258575
v 0.05495084449648857 0.02110370248556137 0.07489734888076782
v 0.05293723940849304 0.019912302494049072 0.074895940721035
v 0.05295703560113907 0.021662190556526184 0.07489800453186035
v 0.051808904856443405 0.01962360553443432 0.07489559799432755
v 0.05095110461115837 0.02114895172417164 0.0748973935842514
v 0.05097608268260956 0.018809419125318527 0.07489463686943054
v 0.049470532685518265 0.019701503217220306 0.07489568740129471
v 0.05066193267703056 0.017687901854515076 0.07489331811666489
v 0.050950631499290466 0.01655956357717514 0.07489199191331863
v 0.05176481977105141 0.015726743265986443 0.07489101588726044
v 0.05288633331656456 0.015412592329084873 0.07489064335823059
v 0.054014671593904495 0.0157012902200222 0.07489098608493805
v 0.05484749376773834 0.016515478491783142 0.07489194720983505
v 0.05066194385290146 0.01769661158323288 0.06749333441257477
v 0.05095064267516136 0.016568273305892944 0.06749200820922852
v 0.0517648309469223 0.015735452994704247 0.06749102473258972
v 0.052886344492435455 0.015421302989125252 0.06749065965414047
v 0.05401468276977539 0.015709999948740005 0.06749100238084793
v 0.05484750494360924 0.016524188220500946 0.06749196350574493
v 0.05516165494918823 0.017645705491304398 0.06749328225851059
v -0.05591154843568802 0.0338958241045475 0.07381220906972885
v -0.055911559611558914 0.03388911485671997 0.07951220870018005
v -0.0552700012922287 0.03138840198516846 0.07380925863981247
v -0.055270012468099594 0.03138169273734093 0.07950925827026367
v -0.05346069484949112 0.02953769452869892 0.07380708307027817
v -0.053460706025362015 0.02953098528087139 0.07950708270072937
v -0.05096843093633652 0.028839582577347755 0.0738062635064125
v -0.05096844211220741 0.028832873329520226 0.0795062705874443
v -0.04846101254224777 0.029481133446097374 0.07380702346563339
v -0.04846102371811867 0.029474424198269844 0.07950703054666519
v -0.04661029949784279 0.031290434300899506 0.07380915433168411
v -0.046610310673713684 0.031283725053071976 0.07950916141271591
v -0.04591219127178192 0.033782701939344406 0.0738120898604393
v -0.04591220244765282 0.033775992691516876 0.0795120969414711
v -0.05327773466706276 0.03524111211299896 0.073813796043396
v -0.05521344020962715 0.036388080567121506 0.07381514459848404
v -0.05366169288754463 0.03387037292122841 0.07381217926740646
v -0.053308844566345215 0.0324912890791893 0.07381056249141693
v -0.05231372267007828 0.03147340193390846 0.07380936294794083
v -0.050942979753017426 0.031089438125491142 0.07380891591310501
v -0.049563899636268616 0.03144229203462601 0.07380933314561844
v -0.04854600504040718 0.03243740648031235 0.07381050288677216
v -0.04816204309463501 0.0338081531226635 0.07381211966276169
v -0.048514898866415024 0.03518722951412201 0.07381374388933182
v -0.04655373841524124 0.036290112882852554 0.07381504029035568
v -0.04951001703739166 0.036205124109983444 0.07381493598222733
v -0.04836304485797882 0.038140829652547836 0.07381721585988998
v -0.050880759954452515 0.03658907860517502 0.07381538301706314
v -0.05085530877113342 0.038838934153318405 0.07381803542375565
v -0.052259840071201324 0.0362362340092659 0.07381496578454971
v -0.05336272716522217 0.038197390735149384 0.07381727546453476
v -0.053661685436964035 0.03387543186545372 0.06951218843460083
v -0.05330883711576462 0.03249634802341461 0.0695105642080307
v -0.05231371521949768 0.031478460878133774 0.0695093646645546
v -0.05094297230243683 0.031094498932361603 0.06950891762971878
v -0.04956389218568802 0.03144735097885132 0.06950933486223221
v -0.048545997589826584 0.03244246542453766 0.06951051205396652
v -0.04816203564405441 0.03381321579217911 0.06951212137937546
v -0.035912830382585526 0.03366957604885101 0.07381197810173035
v -0.03591283783316612 0.03366286680102348 0.07951197773218155
v -0.03527127951383591 0.03116215579211712 0.07380902767181396
v -0.035271286964416504 0.03115544654428959 0.07950902730226517
v -0.033461976796388626 0.029311446473002434 0.07380685210227966
v -0.03346198424696922 0.029304737225174904 0.07950685173273087
v -0.030969712883234024 0.028613334521651268 0.073806032538414
v -0.03096972219645977 0.028606625273823738 0.0795060396194458
v -0.02846229262650013 0.029254885390400887 0.07380679249763489
v -0.028462301939725876 0.029248176142573357 0.07950679957866669
v -0.026611579582095146 0.031064186245203018 0.07380892336368561
v -0.026611588895320892 0.03105747699737549 0.07950893044471741
v -0.02591346949338913 0.03355645388364792 0.0738118588924408
v -0.025913478806614876 0.03354974463582039 0.0795118659734726
v -0.029565177857875824 0.03121604397892952 0.07380910217761993
v -0.028547286987304688 0.03221115842461586 0.07381027191877365
v -0.028163326904177666 0.03358190506696701 0.07381188869476318
v -0.028516177088022232 0.03496098145842552 0.07381350547075272
v -0.0265550184994936 0.03606386482715607 0.07381480932235718
v -0.02951129525899887 0.03597887605428696 0.07381470501422882
v -0.02836432494223118 0.03791458159685135 0.07381698489189148
v -0.03088204190135002 0.03636283054947853 0.07381515204906464
v -0.03085658885538578 0.03861268609762192 0.07381780445575714
v -0.03226112201809883 0.03600998595356941 0.07381473481655121
v -0.033364009112119675 0.037971142679452896 0.07381704449653625
v -0.03327901288866997 0.035014864057302475 0.07381356507539749
v -0.03521471843123436 0.03616183251142502 0.07381491363048553
v -0.03366297110915184 0.03364412486553192 0.07381194829940796
v -0.03331012278795242 0.03226504102349281 0.07381032407283783
v -0.032315004616975784 0.031247152015566826 0.07380913197994232
v -0.030944259837269783 0.030863190069794655 0.0738086849451065
v -0.03366296365857124 0.03364918380975723 0.06951195746660233
v -0.033310115337371826 0.032270099967718124 0.0695103332400322
v -0.03231499716639519 0.031252212822437286 0.06950913369655609
v -0.030944252386689186 0.030868250876665115 0.06950868666172028
v -0.029565170407295227 0.03122110478579998 0.0695091038942337
v -0.02854727953672409 0.03221621736884117 0.06951027363538742
v -0.02816331945359707 0.03358696773648262 0.06951189041137695
v 0.02708313800394535 0.03295689448714256 0.07381124794483185
v 0.027083128690719604 0.03295018523931503 0.07951124757528305
v 0.02772468701004982 0.03044947423040867 0.07380829751491547
v 0.027724677696824074 0.03044276498258114 0.07950829714536667
v 0.0295339934527874 0.028598766773939133 0.07380612194538116
v 0.029533984139561653 0.028592057526111603 0.07950612157583237
v 0.032026257365942 0.027900654822587967 0.0738053023815155
v 0.032026246190071106 0.027893945574760437 0.0795053094625473
v 0.034533675760030746 0.028542203828692436 0.07380606234073639
v 0.03453366830945015 0.028535494580864906 0.07950606942176819
v 0.03638438507914543 0.030351506546139717 0.07380819320678711
v 0.036384377628564835 0.030344797298312187 0.07950820028781891
v 0.0370824970304966 0.03284377232193947 0.0738111287355423
v 0.037082489579916 0.03283706307411194 0.0795111358165741
v 0.032113928347826004 0.03565014898777008 0.07381442189216614
v 0.032139383256435394 0.03790000453591347 0.07381707429885864
v 0.030734848231077194 0.03529730439186096 0.07381400465965271
v 0.0296319629997015 0.037258461117744446 0.07381631433963776
v 0.02971695549786091 0.034302182495594025 0.07381283491849899
v 0.027781249955296516 0.035449154675006866 0.07381418347358704
v 0.029332995414733887 0.03293144330382347 0.07381121814250946
v 0.029685847461223602 0.03155235946178436 0.07380960136651993
v 0.03068096563220024 0.030534472316503525 0.07380840182304382
v 0.03205171227455139 0.030150510370731354 0.07380795478820801
v 0.0334307923913002 0.03050336241722107 0.07380837202072144
v 0.03444868326187134 0.03149847686290741 0.07380954176187515
v 0.03483264148235321 0.03286922350525856 0.07381115853786469
v 0.03447979316115379 0.03424829989671707 0.07381278276443481
v 0.03644094988703728 0.035351186990737915 0.07381407916545868
v 0.033484674990177155 0.035266194492578506 0.07381397485733032
v 0.0346316434442997 0.0372019000351429 0.07381625473499298
v 0.029333002865314484 0.03293650224804878 0.06951122730970383
v 0.0296858549118042 0.03155742213129997 0.0695096030831337
v 0.030680973082780838 0.030539533123373985 0.06950840353965759
v 0.03205171972513199 0.030155571177601814 0.06950795650482178
v 0.0334307998418808 0.03050842322409153 0.0695083737373352
v 0.034448690712451935 0.03150353953242302 0.06950955092906952
v 0.03483264893293381 0.03287428617477417 0.06951116025447845
v 0.04708186164498329 0.032730646431446075 0.07381101697683334
v 0.047081850469112396 0.032723937183618546 0.07951101660728455
v 0.04772340878844261 0.03022322617471218 0.07380806654691696
v 0.047723397612571716 0.03021651692688465 0.07950806617736816
v 0.04953271523118019 0.028372518718242645 0.07380589097738266
v 0.049532704055309296 0.028365809470415115 0.07950589060783386
v 0.05202497914433479 0.02767440676689148 0.073805071413517
v 0.0520249679684639 0.02766769751906395 0.0795050784945488
v 0.05453239753842354 0.02831595577299595 0.07380583137273788
v 0.05453238636255264 0.02830924652516842 0.07950583845376968
v 0.05638311058282852 0.03012525849044323 0.0738079622387886
v 0.056383099406957626 0.0301185492426157 0.0795079693198204
v 0.05708121880888939 0.03261752426624298 0.07381089776754379
v 0.057081207633018494 0.03261081501841545 0.07951090484857559
v 0.04971567541360855 0.03407593443989754 0.07381260395050049
v 0.04777996987104416 0.03522290661931038 0.07381395250558853
v 0.04933171346783638 0.032705195248126984 0.07381098717451096
v 0.049684565514326096 0.031326111406087875 0.07380936294794083
v 0.050679683685302734 0.030308224260807037 0.07380817085504532
v 0.052050430327653885 0.029924262315034866 0.0738077238202095
v 0.053429510444402695 0.030277114361524582 0.07380814105272293
v 0.05444740131497383 0.03127222880721092 0.07380931079387665
v 0.054831363260746 0.03264297544956207 0.07381092756986618
v 0.05447851121425629 0.034022051841020584 0.07381254434585571
v 0.05643967166543007 0.03512493893504143 0.07381384819746017
v 0.05348339304327965 0.03503994643688202 0.07381374388933182
v 0.05463036522269249 0.03697565197944641 0.07381602376699448
v 0.052112650126218796 0.03542390093207359 0.07381419092416763
v 0.05213810130953789 0.03767375648021698 0.07381684333086014
v 0.05073356628417969 0.035071056336164474 0.0738137736916542
v 0.04963068291544914 0.03703221678733826 0.07381608337163925
v 0.04933172091841698 0.032710254192352295 0.06951099634170532
v 0.04968457296490669 0.031331174075603485 0.06950937211513519
v 0.05067969113588333 0.030313285067677498 0.06950817257165909
v 0.05205043777823448 0.029929323121905327 0.06950772553682327
v 0.05342951789498329 0.030282175168395042 0.0695081427693367
v 0.05444740876555443 0.03127729147672653 0.06950931251049042
v 0.0548313707113266 0.03264803811907768 0.06951092928647995
v -0.03317607566714287 -0.05888674035668373 0.07370303571224213
v -0.03317608684301376 -0.05889344960451126 0.07940304279327393
v -0.03253452479839325 -0.06139415502548218 0.07370008528232574
v -0.032534535974264145 -0.06140086427330971 0.07940009236335754
v -0.03072522021830082 -0.06324487179517746 0.07369790971279144
v -0.030725229531526566 -0.06325157731771469 0.07939791679382324
v -0.028232956305146217 -0.06394298374652863 0.07369709759950638
v -0.028232965618371964 -0.06394968926906586 0.07939709722995758
v -0.02572553977370262 -0.06330142915248871 0.07369785755872726
v -0.025725549086928368 -0.06330814212560654 0.07939785718917847
v -0.023874826729297638 -0.06149212270975113 0.07369998842477798
v -0.023874836042523384 -0.06149883195757866 0.07939998805522919
v -0.023176714777946472 -0.058999862521886826 0.07370292395353317
v -0.023176725953817368 -0.059006571769714355 0.07940292358398438
v -0.02542657032608986 -0.058974411338567734 0.07370294630527496
v -0.025779424235224724 -0.05759533494710922 0.07370457053184509
v -0.02381826378405094 -0.05649245157837868 0.07370587438344955
v -0.026774542406201363 -0.05657744035124779 0.0737057700753212
v -0.02562757022678852 -0.054641734808683395 0.07370804995298386
v -0.028145285323262215 -0.056193478405475616 0.07370621711015701
v -0.028119832277297974 -0.05394362285733223 0.07370886206626892
v -0.029524365440011024 -0.05654633045196533 0.07370579987764359
v -0.030627252534031868 -0.05458517372608185 0.07370810955762863
v -0.03054225817322731 -0.05754145234823227 0.07370463013648987
v -0.0324779637157917 -0.05639448016881943 0.07370597124099731
v -0.030926218256354332 -0.05891219154000282 0.07370301336050034
v -0.030573368072509766 -0.060291267931461334 0.0737013891339302
v -0.029578248038887978 -0.06130916252732277 0.0737001970410347
v -0.028207503259181976 -0.06169312447309494 0.07369974255561829
v -0.026828425005078316 -0.061340272426605225 0.07370015978813171
v -0.02581053227186203 -0.06034515053033829 0.07370133697986603
v -0.030926207080483437 -0.058904778212308884 0.06740302592515945
v -0.03057335689663887 -0.060283854603767395 0.06740140914916992
v -0.02957823872566223 -0.06130174919962883 0.06740020960569382
v -0.02820749208331108 -0.061685711145401 0.067399762570858
v -0.02682841382920742 -0.061332859098911285 0.06740017980337143
v -0.025810521095991135 -0.06033773720264435 0.06740134954452515
v -0.025426559150218964 -0.058966994285583496 0.06740296632051468
v -0.03343581780791283 -0.08184625953435898 0.07367601245641708
v -0.03343582898378372 -0.0818529725074768 0.07937601953744888
v -0.032794270664453506 -0.08435367047786713 0.0736730620265007
v -0.0327942781150341 -0.08436038345098495 0.0793730691075325
v -0.030984964221715927 -0.08620437979698181 0.0736708864569664
v -0.030984973534941673 -0.08621109277009964 0.0793708935379982
v -0.028492700308561325 -0.08690249919891357 0.07367007434368134
v -0.02849270962178707 -0.0869092121720314 0.07937007397413254
v -0.02598528377711773 -0.08626094460487366 0.07367082685232162
v -0.025985293090343475 -0.08626765757799149 0.07937083393335342
v -0.024134570732712746 -0.08445164561271667 0.07367296516895294
v -0.024134580045938492 -0.0844583511352539 0.07937296479940414
v -0.02343645878136158 -0.08195938169956207 0.07367590069770813
v -0.023436469957232475 -0.0819660946726799 0.07937590032815933
v -0.025686314329504967 -0.08193393051624298 0.07367592304944992
v -0.02603916823863983 -0.08055485785007477 0.07367754727602005
v -0.02407800778746605 -0.07945197075605392 0.07367885112762451
v -0.02703428640961647 -0.07953695952892303 0.07367873936891556
v -0.02588731423020363 -0.07760125398635864 0.07368102669715881
v -0.028405029326677322 -0.07915300130844116 0.07367919385433197
v -0.02837957628071308 -0.07690314203500748 0.07368183881044388
v -0.029784109443426132 -0.07950585335493088 0.07367877662181854
v -0.030886996537446976 -0.0775446966290474 0.07368107885122299
v -0.030802002176642418 -0.08050097525119781 0.07367759943008423
v -0.03273770585656166 -0.07935400307178497 0.07367894798517227
v -0.03118596225976944 -0.08187171071767807 0.07367599010467529
v -0.030833112075924873 -0.08325079083442688 0.07367436587810516
v -0.029837992042303085 -0.08426868170499802 0.07367316633462906
v -0.028467247262597084 -0.08465264737606049 0.07367271929979324
v -0.027088169008493423 -0.08429979532957077 0.07367313653230667
v -0.026070276275277138 -0.08330467343330383 0.07367430627346039
v -0.031185951083898544 -0.08186429738998413 0.06737600266933441
v -0.030833100900053978 -0.08324337750673294 0.06737437844276428
v -0.02983798272907734 -0.08426126837730408 0.06737318634986877
v -0.02846723608672619 -0.08464523404836655 0.06737273931503296
v -0.027088157832622528 -0.08429237455129623 0.06737315654754639
v -0.026070265099406242 -0.0832972526550293 0.0673743262887001
v -0.02568630315363407 -0.08192651718854904 0.06737594306468964
v -0.017384642735123634 -0.09826476126909256 0.07365671545267105
v -0.01738465204834938 -0.09827146679162979 0.07935672253370285
v -0.016743091866374016 -0.10077217221260071 0.07365376502275467
v -0.01674310304224491 -0.10077887773513794 0.07935377210378647
v -0.014933786354959011 -0.10262288898229599 0.07365158945322037
v -0.014933796599507332 -0.10262959450483322 0.07935159653425217
v -0.012441524304449558 -0.10332100838422775 0.0736507698893547
v -0.012441533617675304 -0.10332771390676498 0.0793507769703865
v -0.009934106841683388 -0.10267944633960724 0.07365152984857559
v -0.009934116154909134 -0.10268615931272507 0.07935153692960739
v -0.00808339286595583 -0.10087013989686966 0.07365366816520691
v -0.00808340311050415 -0.10087685286998749 0.07935366779565811
v -0.0073852818459272385 -0.09837788343429565 0.0736566036939621
v -0.007385291624814272 -0.09838458895683289 0.0793566033244133
v -0.009987990371882915 -0.09697335958480835 0.07365825027227402
v -0.008026830852031708 -0.09587046504020691 0.07365955412387848
v -0.010983108542859554 -0.09595546871423721 0.07365944236516953
v -0.009836138226091862 -0.09401975572109222 0.07366172969341278
v -0.012353852391242981 -0.09557150304317474 0.07365989685058594
v -0.012328400276601315 -0.09332165122032166 0.07366254180669785
v -0.01373293250799179 -0.09592435508966446 0.07365947961807251
v -0.014835817739367485 -0.09396319091320038 0.07366178184747696
v -0.014750824309885502 -0.0969194769859314 0.0736583024263382
v -0.01668653078377247 -0.09577249735593796 0.07365965098142624
v -0.015134786255657673 -0.09829021245241165 0.07365669310092926
v -0.014781934209167957 -0.09966929256916046 0.07365506887435913
v -0.013786815106868744 -0.1006871908903122 0.07365386933088303
v -0.012416071258485317 -0.10107114911079407 0.07365342229604721
v -0.011036991141736507 -0.10071829706430435 0.07365383952856064
v -0.010019099339842796 -0.09972317516803741 0.07365500926971436
v -0.009635137394070625 -0.09835243225097656 0.07365662604570389
v -0.015134775079786777 -0.09828279912471771 0.06735670566558838
v -0.014781923033297062 -0.09966187924146652 0.06735508143901825
v -0.013786803930997849 -0.10067977756261826 0.06735388934612274
v -0.012416060082614422 -0.10106373578310013 0.06735344231128693
v -0.011036979965865612 -0.10071088373661041 0.06735385954380035
v -0.010019088163971901 -0.09971576184034348 0.06735502928495407
v -0.009635127149522305 -0.09834501147270203 0.0673566460609436
v 0.005574894603341818 -0.09852450340986252 0.07365644723176956
v 0.005574884824454784 -0.09853120893239975 0.07935645431280136
v 0.006216443609446287 -0.10103191435337067 0.07365349680185318
v 0.006216433830559254 -0.1010386273264885 0.07935350388288498
v 0.008025750517845154 -0.10288263112306595 0.07365132868289948
v 0.008025741204619408 -0.10288934409618378 0.07935132831335068
v 0.010518012568354607 -0.10358075052499771 0.07365050911903381
v 0.010518002323806286 -0.10358746349811554 0.07935050874948502
v 0.013025430962443352 -0.1029391959309578 0.0736512690782547
v 0.013025420717895031 -0.10294590145349503 0.0793512687087059
v 0.01487614307552576 -0.10112988203763962 0.07365339994430542
v 0.01487613283097744 -0.10113659501075745 0.07935339957475662
v 0.015574255026876926 -0.09863762557506561 0.07365633547306061
v 0.01557424571365118 -0.09864433854818344 0.07935633510351181
v 0.012940437532961369 -0.09998292475938797 0.07365474849939346
v 0.013324398547410965 -0.09861217439174652 0.0736563578248024
v 0.01297154650092125 -0.09723310172557831 0.07365798205137253
v 0.014932705089449883 -0.09613021463155746 0.07365928590297699
v 0.011976427398622036 -0.09621521085500717 0.07365918159484863
v 0.013123398646712303 -0.09427949786186218 0.07366146147251129
v 0.01060568355023861 -0.0958312451839447 0.07365962862968445
v 0.01063113659620285 -0.09358139336109161 0.07366228103637695
v 0.0092266034334898 -0.09618409723043442 0.07365921139717102
v 0.00812371913343668 -0.09422293305397034 0.07366152107715607
v 0.008208711631596088 -0.09717921912670135 0.0736580416560173
v 0.006273005623370409 -0.09603224694728851 0.07365938276052475
v 0.007824750617146492 -0.09854995459318161 0.07365642488002777
v 0.008177602663636208 -0.09992904216051102 0.07365480065345764
v 0.009172720834612846 -0.10094693303108215 0.07365360856056213
v 0.010543465614318848 -0.10133089870214462 0.07365315407514572
v 0.011922544799745083 -0.10097803920507431 0.07365357130765915
v 0.007824761793017387 -0.09854254126548767 0.06735644489526749
v 0.008177613839507103 -0.09992162138223648 0.06735482066869736
v 0.009172732010483742 -0.10093951970338821 0.06735362112522125
v 0.010543475858867168 -0.10132347792387009 0.06735317409038544
v 0.011922555975615978 -0.10097062587738037 0.06735359132289886
v 0.01294044777750969 -0.09997550398111343 0.06735476106405258
v 0.01332440972328186 -0.09860476106405258 0.06735637784004211
v 0.021993406116962433 -0.08247333765029907 0.07367537170648575
v 0.021993396803736687 -0.0824800431728363 0.07937537133693695
v 0.022634955123066902 -0.08498074859380722 0.07367242127656937
v 0.022634943947196007 -0.08498746156692505 0.07937242835760117
v 0.02444426156580448 -0.0868314579129219 0.07367024570703506
v 0.024444252252578735 -0.08683817088603973 0.07937025278806686
v 0.026936523616313934 -0.08752957731485367 0.0736694261431694
v 0.02693651244044304 -0.0875362902879715 0.0793694332242012
v 0.02944394201040268 -0.08688802272081375 0.07367018610239029
v 0.029443932697176933 -0.08689472824335098 0.07937019318342209
v 0.03129465505480766 -0.08507871627807617 0.0736723244190216
v 0.03129464387893677 -0.085085429251194 0.07937232404947281
v 0.03199276700615883 -0.08258645981550217 0.0736752524971962
v 0.03199275583028793 -0.08259317278862 0.079375259578228
v 0.029742909595370293 -0.08256100863218307 0.07367528229951859
v 0.029390057548880577 -0.08118193596601486 0.07367690652608871
v 0.03135121613740921 -0.08007904887199402 0.07367820292711258
v 0.02839493937790394 -0.08016403764486313 0.07367809861898422
v 0.02954190969467163 -0.07822833210229874 0.07368037849664688
v 0.027024194598197937 -0.07978007197380066 0.07367855310440063
v 0.027049647644162178 -0.07753022015094757 0.07368119806051254
v 0.025645114481449127 -0.08013293147087097 0.07367813587188721
v 0.024542229250073433 -0.07817176729440689 0.07368043810129166
v 0.02462722361087799 -0.08112805336713791 0.0736769586801529
v 0.02269151620566845 -0.07998108118772507 0.07367830723524094
v 0.02424326166510582 -0.08249878883361816 0.07367534935474396
v 0.024596113711595535 -0.08387786895036697 0.07367372512817383
v 0.025591231882572174 -0.08489575982093811 0.07367252558469772
v 0.026961974799633026 -0.08527972549200058 0.07367207854986191
v 0.028341056779026985 -0.08492687344551086 0.07367249578237534
v 0.02935894764959812 -0.08393175154924393 0.07367366552352905
v 0.024243270978331566 -0.08249137550592422 0.06737536191940308
v 0.02459612488746643 -0.08387044817209244 0.06737373769283295
v 0.02559124305844307 -0.08488834649324417 0.06737254559993744
v 0.02696198597550392 -0.08527230471372604 0.06737209111452103
v 0.02834106795489788 -0.08491945266723633 0.06737250834703445
v 0.029358958825469017 -0.08392433077096939 0.06737368553876877
v 0.02974291890859604 -0.08255359530448914 0.0673753023147583
v 0.02225315012037754 -0.059513818472623825 0.07370239496231079
v 0.022253140807151794 -0.059520527720451355 0.07940240204334259
v 0.02289469912648201 -0.06202122941613197 0.07369944453239441
v 0.022894687950611115 -0.0620279386639595 0.07939945161342621
v 0.02470400556921959 -0.06387194991111755 0.07369726896286011
v 0.024703996255993843 -0.06387865543365479 0.0793972760438919
v 0.027196267619729042 -0.06457006186246872 0.07369645684957504
v 0.027196256443858147 -0.06457676738500595 0.07939645648002625
v 0.029703686013817787 -0.0639285072684288 0.07369721680879593
v 0.02970367670059204 -0.06393522024154663 0.07939721643924713
v 0.03155439719557762 -0.06211920082569122 0.07369934767484665
v 0.031554386019706726 -0.062125906348228455 0.07939934730529785
v 0.03225250914692879 -0.05962694063782692 0.07370228320360184
v 0.03225250169634819 -0.05963364988565445 0.07940228283405304
v 0.0300026535987854 -0.05960148945450783 0.07370230555534363
v 0.029649801552295685 -0.058222413063049316 0.07370392978191376
v 0.03161095827817917 -0.05711952596902847 0.07370523363351822
v 0.028654683381319046 -0.05720451846718788 0.07370512932538986
v 0.02980165369808674 -0.05526881292462349 0.07370740920305252
v 0.027283938601613045 -0.05682055652141571 0.07370557636022568
v 0.027309391647577286 -0.054570700973272324 0.07370822131633759
v 0.025904858484864235 -0.057173408567905426 0.07370515912771225
v 0.02480197325348854 -0.05521225184202194 0.0737074613571167
v 0.0248869676142931 -0.05816853046417236 0.07370398193597794
v 0.022951260209083557 -0.05702155828475952 0.07370533049106598
v 0.024503005668520927 -0.05953926965594292 0.073702372610569
v 0.024855857715010643 -0.06091834604740143 0.07370074838399887
v 0.025850975885987282 -0.06193624064326286 0.07369954884052277
v 0.027221720665693283 -0.062320202589035034 0.07369910180568695
v 0.028600800782442093 -0.06196735054254532 0.07369951903820038
v 0.02961869351565838 -0.06097222864627838 0.07370069622993469
v 0.024503014981746674 -0.05953185632824898 0.06740238517522812
v 0.02485586889088154 -0.06091092899441719 0.06740076839923859
v 0.025850987061858177 -0.061928827315568924 0.06739956885576248
v 0.02722172997891903 -0.062312789261341095 0.06739912182092667
v 0.02860081195831299 -0.06195993348956108 0.0673995390534401
v 0.029618702828884125 -0.060964811593294144 0.06740070879459381
v 0.030002664774656296 -0.05959407240152359 0.06740232557058334
v 0.0062019722536206245 -0.04309532046318054 0.07372169196605682
v 0.006201962474733591 -0.04310202971100807 0.07942169904708862
v 0.006843521259725094 -0.04560273513197899 0.07371874153614044
v 0.00684351148083806 -0.04560944437980652 0.07941874861717224
v 0.008652828633785248 -0.04745345190167427 0.07371656596660614
v 0.008652818389236927 -0.0474601611495018 0.07941657304763794
v 0.011145089752972126 -0.04815155640244484 0.07371575385332108
v 0.01114508043974638 -0.04815826565027237 0.07941575348377228
v 0.013652508147060871 -0.04751001298427582 0.07371651381254196
v 0.013652498833835125 -0.04751672223210335 0.07941651344299316
v 0.01550322026014328 -0.04570070281624794 0.07371864467859268
v 0.015503210946917534 -0.04570741206407547 0.07941864430904388
v 0.016201332211494446 -0.043208446353673935 0.07372158020734787
v 0.0162013228982687 -0.043215155601501465 0.07942157983779907
v 0.013951475732028484 -0.043182991445064545 0.07372160255908966
v 0.013598623685538769 -0.041803907603025436 0.07372322678565979
v 0.015559782274067402 -0.04070102423429489 0.07372453063726425
v 0.01260350551456213 -0.0407860204577446 0.0737244263291359
v 0.013750476762652397 -0.038850314915180206 0.07372670620679855
v 0.011232761666178703 -0.04040205851197243 0.07372487336397171
v 0.01125821378082037 -0.03815220296382904 0.07372751832008362
v 0.009853681549429893 -0.04075491055846214 0.07372445613145828
v 0.0087507963180542 -0.03879375383257866 0.07372675836086273
v 0.008835789747536182 -0.04175002500414848 0.07372327893972397
v 0.006900083273649216 -0.04060305655002594 0.07372462749481201
v 0.008451827801764011 -0.04312077537178993 0.07372166961431503
v 0.008804679848253727 -0.044499848037958145 0.0737200453877449
v 0.00979979895055294 -0.04551774635910988 0.0737188458442688
v 0.011170542798936367 -0.04590170085430145 0.07371839880943298
v 0.012549622915685177 -0.045548852533102036 0.07371881604194641
v 0.013567514717578888 -0.0445537306368351 0.07371999323368073
v 0.008451838977634907 -0.043113358318805695 0.06742168217897415
v 0.008804691024124622 -0.044492434710264206 0.06742006540298462
v 0.009799810126423836 -0.04551032930612564 0.06741886585950851
v 0.011170553974807262 -0.045894283801317215 0.0674184188246727
v 0.012549634091556072 -0.045541439205408096 0.06741883605718613
v 0.013567525893449783 -0.04454631730914116 0.06742000579833984
v 0.01395148690789938 -0.043175578117370605 0.06742162257432938
v -0.01675756461918354 -0.042835578322410583 0.07372196018695831
v -0.016757575795054436 -0.04284228757023811 0.07942195981740952
v -0.01611601561307907 -0.04534298926591873 0.07371900975704193
v -0.016116024926304817 -0.04534969851374626 0.07941900938749313
v -0.014306709170341492 -0.047193706035614014 0.07371683418750763
v -0.014306718483567238 -0.047200415283441544 0.07941683381795883
v -0.011814446188509464 -0.04789181053638458 0.07371601462364197
v -0.011814456433057785 -0.04789851978421211 0.07941602170467377
v -0.009307028725743294 -0.04725026711821556 0.07371677458286285
v -0.009307038970291615 -0.04725697636604309 0.07941678166389465
v -0.007456315215677023 -0.04544096067547798 0.07371891289949417
v -0.007456324994564056 -0.04544766992330551 0.07941891252994537
v -0.006758204195648432 -0.04294870048761368 0.07372184097766876
v -0.006758213974535465 -0.04295540973544121 0.07942184805870056
v -0.010409913957118988 -0.04528911039233208 0.0737190842628479
v -0.009392021223902702 -0.04429398849606514 0.07372025400400162
v -0.009008060209453106 -0.042923249304294586 0.07372187077999115
v -0.009360912255942822 -0.04154416546225548 0.07372349500656128
v -0.007399753201752901 -0.040441278368234634 0.07372479140758514
v -0.010356031358242035 -0.04052627831697464 0.07372468709945679
v -0.009209061041474342 -0.03859057277441025 0.07372696697711945
v -0.011726775206625462 -0.04014231637120247 0.0737251415848732
v -0.01170132216066122 -0.03789246082305908 0.07372778654098511
v -0.013105855323374271 -0.040495168417692184 0.07372472435235977
v -0.014208740554749966 -0.0385340079665184 0.07372702658176422
v -0.014123747125267982 -0.041490282863378525 0.07372354716062546
v -0.016059452667832375 -0.04034331068396568 0.0737248957157135
v -0.014507708139717579 -0.042861029505729675 0.07372193038463593
v -0.014154856093227863 -0.04424010589718819 0.07372031360864639
v -0.013159737922251225 -0.04525800049304962 0.07371911406517029
v -0.011788993142545223 -0.045641954988241196 0.07371866703033447
v -0.014507696963846684 -0.042853616178035736 0.06742195039987564
v -0.014154844917356968 -0.04423268884420395 0.06742032617330551
v -0.013159726746380329 -0.04525058716535568 0.06741913408041
v -0.011788981966674328 -0.045634541660547256 0.06741867959499359
v -0.010409902781248093 -0.04528169333934784 0.06741909682750702
v -0.009392010048031807 -0.0442865714430809 0.06742027401924133
v -0.00900804903358221 -0.04291583225131035 0.06742188334465027
v 0.020538313314318657 0.029035745188593864 0.06950661540031433
v 0.020538315176963806 0.029038099572062492 0.06750663369894028
v 0.021535221487283707 0.028758851811289787 0.06750630587339401
v 0.020538294687867165 0.029023975133895874 0.07950661331415176
v 0.022515563294291496 0.027015600353479385 0.06750425696372986
v 0.022515542805194855 0.027001475915312767 0.07950423657894135
v 0.022258944809436798 0.028018567711114883 0.06750543415546417
v 0.022258922457695007 0.028004443272948265 0.07950542122125626
v 0.021535199135541916 0.02874472737312317 0.0795062929391861
v -0.019459126517176628 0.02948824129998684 0.06950708478689194
v -0.01945914514362812 0.02947647124528885 0.07950708270072937
v -0.02046211250126362 0.029219847172498703 0.0795067772269249
v -0.01945912465453148 0.029490595683455467 0.06750709563493729
v -0.020462092012166977 0.02923397161066532 0.06750679016113281
v -0.02120237611234188 0.02851025201380253 0.06750594079494476
v -0.02120239846408367 0.02849612757563591 0.07950592041015625
v -0.021481620147824287 0.027513345703482628 0.06750476360321045
v -0.021481642499566078 0.02749922126531601 0.07950475066900253
v -0.02122500166296959 0.026510383933782578 0.06750358641147614
v -0.02122502215206623 0.02649625949561596 0.07950356602668762
v -0.020501278340816498 0.025770094245672226 0.0675027146935463
v -0.02050129882991314 0.025755969807505608 0.07950270175933838
v -0.019504373893141747 0.025490853935480118 0.06750238686800003
v -0.019504394382238388 0.0254767294973135 0.07950237393379211
v -0.01850140653550625 0.025747468695044518 0.0675026923418045
v -0.01850142702460289 0.0257333442568779 0.07950267940759659
v -0.017761122435331345 0.026471197605133057 0.06750354170799255
v -0.017761142924427986 0.02645707316696644 0.07950352877378464
v -0.01748187653720379 0.02746809646487236 0.06750471889972687
v -0.01748189702630043 0.027453972026705742 0.07950470596551895
v -0.05695672705769539 0.02991480939090252 0.06750752776861191
v -0.05695673078298569 0.02991245500743389 0.06950751692056656
v -0.03094158135354519 0.029620498418807983 0.06750722974538803
v -0.025691917166113853 0.029561107978224754 0.06750716269016266
v -0.019368628039956093 0.03748772665858269 0.06951649487018585
v -0.056866228580474854 0.03791194036602974 0.06951693445444107
v -0.019368624314665794 0.03749007731676102 0.0675165131688118
v -0.056866224855184555 0.03791429474949837 0.06751694530248642
v -0.03327900543808937 0.035019926726818085 0.06951356679201126
v -0.032261114567518234 0.036015044897794724 0.06951474398374557
v -0.028516169637441635 0.03496604412794113 0.06951351463794708
v -0.029511287808418274 0.035983938723802567 0.06951470673084259
v -0.030882034450769424 0.03636789321899414 0.069515161216259
v -0.05225983262062073 0.03624129295349121 0.06951497495174408
v -0.05088075250387192 0.03659414127469063 0.06951539218425751
v -0.05327772721648216 0.03524617478251457 0.06951379776000977
v -0.04851489141583443 0.03519229218363762 0.06951374560594559
v -0.049510009586811066 0.036210186779499054 0.06951494514942169
v 0.050733573734760284 0.035076119005680084 0.06951378285884857
v 0.04971568286418915 0.03408099710941315 0.06951260566711426
v 0.020628811791539192 0.03703523054718971 0.06951603293418884
v 0.05211265757679939 0.0354289636015892 0.069514200091362
v 0.05812641233205795 0.03661101311445236 0.06951560080051422
v 0.053483400493860245 0.03504500910639763 0.06951374560594559
v 0.03447980061173439 0.03425336256623268 0.06951278448104858
v 0.029716962948441505 0.034307245165109634 0.06951283663511276
v 0.05803591385483742 0.028611531481146812 0.06950618326663971
v 0.054478518664836884 0.034027114510536194 0.06951255351305008
v 0.03348468244075775 0.035271257162094116 0.06951398402452469
v 0.0321139357984066 0.03565521165728569 0.0695144310593605
v 0.03073485568165779 0.03530236706137657 0.06951401382684708
v 0.05812641605734825 0.03661336749792099 0.06751561164855957
v 0.02062881551682949 0.03703758493065834 0.06751604378223419
v 0.02677110955119133 0.028967587277293205 0.06750655919313431
v 0.058035917580127716 0.02861388400197029 0.06750619411468506
v 0.04191194847226143 0.028796296566724777 0.06750638037919998
v 0.032020773738622665 0.028908196836709976 0.06750649958848953
v -0.005482658743858337 0.027322931215167046 0.07550455629825592
v -0.005482644774019718 0.027332346886396408 0.06750457733869553
v 0.01851581782102585 0.027060849592089653 0.06750430166721344
v 0.00651658745482564 0.027196597307920456 0.06750443577766418
v 0.018515797331929207 0.027046725153923035 0.07950428873300552
v 0.0065165734849870205 0.027187181636691093 0.07550442218780518
v 0.0005169503856450319 0.027250347658991814 0.07950449734926224
v 0.02065141871571541 0.039023324847221375 0.0795183852314949
v 0.02065143920481205 0.03903745114803314 0.06751839816570282
v 0.020645761862397194 0.0385233573615551 0.07951779663562775
v -0.019346000626683235 0.03948994725942612 0.06751886755228043
v -0.019351676106452942 0.038975853472948074 0.07951825857162476
v -0.019346021115779877 0.03947582095861435 0.07951884716749191
v -0.008699414320290089 -0.05811861902475357 0.07540398836135864
v -0.00869940035045147 -0.05810920149087906 0.06740400195121765
v -0.007027392741292715 -0.056323882192373276 0.06740611046552658
v -0.007027406711131334 -0.05633329972624779 0.07540608942508698
v -0.006402305793017149 -0.05395909771323204 0.06740888953208923
v -0.006402319762855768 -0.05396851524710655 0.07540887594223022
v 0.00559691246598959 -0.054104264825582504 0.07540873438119888
v 0.005596926435828209 -0.05409484729170799 0.06740875542163849
v 0.00616835430264473 -0.05647316947579384 0.06740595400333405
v 0.00616834033280611 -0.05648258328437805 0.07540593296289444
v 0.007799543906003237 -0.05829585716128349 0.06740381568670273
v 0.0077995299361646175 -0.058305274695158005 0.07540379464626312
v 0.013620841316878796 -0.07553493231534958 0.07538352161645889
v 0.011443082243204117 -0.07969208806753159 0.07537862658500671
v 0.011370970867574215 -0.061688993126153946 0.07539981603622437
v 0.013655508868396282 -0.06604624539613724 0.07539469003677368
v 0.008087278343737125 -0.08297280967235565 0.07537475973367691
v 0.0038819194305688143 -0.08505596220493317 0.07537230104207993
v -0.0007613438065163791 -0.08573763072490692 0.07537148892879486
v -0.005387997254729271 -0.08495109528303146 0.07537240535020828
v -0.009545151144266129 -0.08277332782745361 0.07537496089935303
v -0.012825875543057919 -0.07941753417253494 0.0753789097070694
v 0.014407382346689701 -0.07090828567743301 0.07538896799087524
v -0.014729021117091179 -0.06572513282299042 0.07539501786231995
v -0.012346492148935795 -0.06142067536711693 0.07540009170770645
v -0.015590697526931763 -0.07056891918182373 0.0753893181681633
v -0.014909028075635433 -0.07521217316389084 0.07538385689258575
v -0.006369554437696934 -0.051064133644104004 0.06741230189800262
v -0.005928260739892721 -0.012056909501552582 0.06745821237564087
v -0.005509512033313513 0.024957500398159027 0.06750178337097168
v 0.006489720195531845 0.024821752682328224 0.06750164180994034
v 0.006070971488952637 -0.01219265814870596 0.06745807826519012
v 0.005629677791148424 -0.051199883222579956 0.06741216033697128
v 0.011370984837412834 -0.06167957931756973 0.06739983707666397
v 0.013655522838234901 -0.06603683531284332 0.06739471107721329
v 0.01440739631652832 -0.0708988681435585 0.06738898903131485
v -0.057006217539310455 0.02554008923470974 0.06750237941741943
v -0.057182975113391876 0.009916100651025772 0.06748399138450623
v -0.05718299373984337 0.009901976212859154 0.07948397845029831
v -0.05684362351894379 0.0399000383913517 0.07951928675174713
v -0.056843601167201996 0.03991416096687317 0.06751929968595505
v -0.05684927850961685 0.039400067180395126 0.07951869815587997
v -0.0570019967854023 0.02590094320476055 0.07950280606746674
v 0.025259317830204964 0.038971196860075 0.07951833307743073
v 0.03325880691409111 0.03888069838285446 0.07951824367046356
v 0.03525867685675621 0.038858070969581604 0.07951822131872177
v 0.05814904347062111 0.03861323744058609 0.0675179660320282
v 0.042150042951107025 0.03878010809421539 0.0795181393623352
v 0.05814902111887932 0.03859911113977432 0.07951795309782028
v 0.03484825789928436 -0.058485183864831924 0.07940363883972168
v 0.034848276525735855 -0.05847105756402016 0.0674036517739296
v 0.036424290388822556 -0.06473758071660995 0.07939628511667252
v 0.036424312740564346 -0.06472345441579819 0.06739629805088043
v 0.036905936896800995 -0.07116752117872238 0.07938871532678604
v 0.036905959248542786 -0.07115340232849121 0.06738872826099396
v 0.041503287851810455 -0.007326363120228052 0.06746386736631393
v 0.05780966952443123 0.008615175262093544 0.06748265773057938
v 0.05780964717268944 0.008601050823926926 0.07948264479637146
v 0.03643002733588219 -0.012300222180783749 0.07945800572633743
v 0.041629672050476074 -0.007216911297291517 0.07946399599313736
v 0.05798642709851265 0.02423916384577751 0.06750104576349258
v 0.05799064785242081 0.024600017815828323 0.07950147241353989
v 0.05814336612820625 0.03809914365410805 0.07951736450195312
v -0.03395327925682068 0.03964107483625412 0.07951901853084564
v -0.040844645351171494 0.03971903771162033 0.07951910048723221
v -0.026345573365688324 0.039555009454488754 0.07951892912387848
v -0.023953918367624283 0.039527952671051025 0.07951890677213669
v 0.03155253455042839 -0.012480934150516987 0.06745778024196625
v 0.03111123852431774 -0.051488157361745834 0.067411869764328
v 0.025861576199531555 -0.051428768783807755 0.06741192936897278
v 0.03095305524766445 -0.06547044962644577 0.0673954114317894
v -0.025997688993811607 -0.09831145405769348 0.0673566535115242
v -0.027044862508773804 -0.09002959728240967 0.06736639887094498
v -0.02041053958237171 -0.09010465443134308 0.06736632436513901
v -0.030991073697805405 0.025245776399970055 0.06750208139419556
v -0.015590683557093143 -0.07055950164794922 0.0673893392086029
v -0.014909014105796814 -0.07520275563001633 0.06738387048244476
v -0.020252356305718422 -0.07612236589193344 0.06738278269767761
v 0.018772440031170845 0.026057887822389603 0.06750311702489853
v 0.019496161490678787 0.02531759813427925 0.06750225275754929
v 0.02049306593835354 0.025038357824087143 0.06750192493200302
v 0.026721619069576263 0.024592867121100426 0.06750141084194183
v 0.021496033295989037 0.025294972583651543 0.0675022229552269
v 0.02223631925880909 0.026018701493740082 0.06750307977199554
v 0.026302868500351906 -0.012421544641256332 0.06745783984661102
v 0.013598634861409664 -0.0417964942753315 0.0674232468008995
v 0.012603516690433025 -0.04077860713005066 0.06742443889379501
v 0.011232771910727024 -0.04039464518427849 0.06742488592863083
v 0.009853692725300789 -0.040747497230768204 0.0674244686961174
v 0.008835799992084503 -0.041742611676454544 0.06742329895496368
v 0.02590486966073513 -0.05716599151492119 0.06740517169237137
v 0.024886978790163994 -0.058161113411188126 0.06740400195121765
v 0.025703391060233116 -0.06541106104850769 0.06739547103643417
v 0.01362085435539484 -0.07552552223205566 0.0673835426568985
v -0.005387983284890652 -0.08494167774915695 0.06737242639064789
v -0.0007613298948854208 -0.08572821319103241 0.06737150996923447
v -0.0008133493247441947 -0.09032636135816574 0.0673660933971405
v 0.0038819334004074335 -0.08504655212163925 0.06737232208251953
v 0.024627234786748886 -0.08112063258886337 0.06737697869539261
v 0.011443096213042736 -0.07968267053365707 0.06737864762544632
v -0.00954513717442751 -0.0827639102935791 0.06737498193979263
v -0.0128258615732193 -0.07940811663866043 0.067378930747509
v -0.019967129454016685 -0.05091030150651932 0.06741245836019516
v -0.01472900714725256 -0.0657157152891159 0.06739503890275955
v -0.020125312730669975 -0.06489259749650955 0.06739600002765656
v -0.012346478179097176 -0.061411257833242416 0.06740011274814606
v -0.014123735949397087 -0.04148286581039429 0.06742356717586517
v -0.013105844147503376 -0.04048775136470795 0.06742473691701889
v -0.019525835290551186 -0.01190307829529047 0.0674583688378334
v -0.011726764030754566 -0.04013489931821823 0.06742515414953232
v -0.01035602018237114 -0.0405188612639904 0.0674247071146965
v -0.009360901080071926 -0.04153674840927124 0.0674235075712204
v -0.019107086583971977 0.025111332535743713 0.06750193983316422
v -0.02574140951037407 0.025186387822031975 0.06750201433897018
v -0.05318436399102211 0.020820118486881256 0.06749682873487473
v -0.05401718616485596 0.020005930215120316 0.06749586760997772
v -0.03140982240438461 -0.011768633499741554 0.06745851039886475
v -0.05012032389640808 0.019961845129728317 0.06749582290649414
v -0.05093451216816902 0.020794665440917015 0.06749680638313293
v -0.052056025713682175 0.02110881544649601 0.06749717146158218
v -0.026160158216953278 -0.011828023940324783 0.06745845079421997
v -0.026601452380418777 -0.050835248082876205 0.06741253286600113
v -0.03185111656785011 -0.05077585577964783 0.0674125924706459
v -0.03574517369270325 -0.05767242610454559 0.06740447133779526
v -0.037358030676841736 -0.07811042666435242 0.06738041341304779
v -0.03213634341955185 -0.07598792016506195 0.06738291680812836
v -0.035019952803850174 -0.08559327572584152 0.06737160682678223
v -0.03229452669620514 -0.08997020870447159 0.06736645847558975
v -0.031177187338471413 -0.09242650866508484 0.06736357510089874
v -0.00998797919601202 -0.09696594625711441 0.06735826283693314
v -0.010983097366988659 -0.09594804793596268 0.06735946238040924
v -0.01235384214669466 -0.0955640897154808 0.06735990941524506
v -0.013732921332120895 -0.09591694176197052 0.06735949218273163
v -0.014750814065337181 -0.09691206365823746 0.06735832244157791
v -0.019707825034856796 -0.10299092531204224 0.06735115498304367
v -0.012582492083311081 -0.10626041144132614 0.06734732538461685
v -0.004933101590722799 -0.107976995408535 0.06734531372785568
v -0.0010158588411286473 -0.10822675377130508 0.067345030605793
v 0.01297155674546957 -0.09722568839788437 0.06735800206661224
v 0.011976438574492931 -0.09620779752731323 0.06735919415950775
v 0.02541816420853138 -0.09062311798334122 0.06736579537391663
v 0.010605694726109505 -0.09582383185625076 0.06735964864492416
v 0.009226614609360695 -0.09617668390274048 0.06735923141241074
v 0.02418389357626438 -0.09887916594743729 0.06735607236623764
v 0.017789775505661964 -0.10341513901948929 0.06735072284936905
v 0.029495203867554665 -0.09311290085315704 0.06736286729574203
v 0.030667828395962715 -0.0906825065612793 0.06736573576927185
v 0.033491577953100204 -0.08636835962533951 0.06737081706523895
v 0.00808729138225317 -0.08296339213848114 0.06737478077411652
v 0.008208722807466984 -0.09717180579900742 0.06735805422067642
v 0.002906031673774123 -0.10806567966938019 0.06734522432088852
v 0.01059229951351881 -0.1065225899219513 0.06734704971313477
v 0.05487295985221863 0.018774043768644333 0.06749460846185684
v 0.05405877158045769 0.01960686407983303 0.06749558448791504
v 0.05293725058436394 0.019921014085412025 0.06749595701694489
v 0.04186245799064636 0.024421576410531998 0.06750123202800751
v 0.0518089160323143 0.01963231712579727 0.06749561429023743
v 0.05097609758377075 0.01881812885403633 0.06749465316534042
v -0.029315313324332237 -0.06823903322219849 0.06739204376935959
v -0.03056144341826439 -0.0678899809718132 0.06739245355129242
v -0.0320092998445034 -0.06475815176963806 0.0673961341381073
v -0.03181515261530876 -0.06821075081825256 0.06739207357168198
v -0.0374622568488121 -0.0638875663280487 0.06739715486764908
v -0.032740507274866104 -0.06911540031433105 0.06739100813865662
v -0.038089245557785034 -0.07030496746301651 0.0673895999789238
v -0.026886679232120514 -0.07604730874300003 0.06738285720348358
v -0.028410660102963448 -0.06916438788175583 0.06739095598459244
v -0.026759635657072067 -0.06481754034757614 0.06739607453346252
v 0.02943471632897854 -0.06856872141361237 0.0673917606472969
v 0.028181008994579315 -0.06888949126005173 0.06739138066768646
v 0.027255652472376823 -0.06979414820671082 0.0673903152346611
v 0.02557634748518467 -0.07664082944393158 0.06738225370645523
v 0.030826011672616005 -0.07670022547245026 0.06738219410181046
v 0.03599834442138672 -0.07894031703472137 0.06737956404685974
v 0.03158549964427948 -0.06984312832355499 0.06739026308059692
v 0.03068084828555584 -0.06891777366399765 0.06739135086536407
v 0.025645125657320023 -0.08012551069259644 0.06737814843654633
v -0.02814527414739132 -0.05618606135249138 0.06740623712539673
v -0.02952435612678528 -0.056538913398981094 0.0674058198928833
v -0.030542246997356415 -0.05753403529524803 0.06740464270114899
v -0.02577941305935383 -0.057587917894124985 0.06740459054708481
v -0.026774531230330467 -0.05657002329826355 0.06740578263998032
v -0.030801991000771523 -0.08049355447292328 0.06737761944532394
v -0.029784100130200386 -0.07949843257665634 0.06737878918647766
v -0.028405018150806427 -0.07914558053016663 0.06737920641899109
v -0.026039157062768936 -0.08054743707180023 0.06737755984067917
v -0.027034275233745575 -0.0795295462012291 0.06737875938415527
v 0.02964981272816658 -0.05821499601006508 0.06740394979715347
v 0.02865469455718994 -0.057197101414203644 0.06740514189004898
v 0.02728394977748394 -0.05681313946843147 0.0674055889248848
v 0.029390068724751472 -0.08117451518774033 0.06737691909074783
v 0.028394950553774834 -0.08015662431716919 0.06737811863422394
v 0.027024205774068832 -0.07977265864610672 0.06737856566905975
v 0.0319712832570076 0.024533476680517197 0.06750135123729706
v -0.019967149943113327 -0.050924427807331085 0.07941244542598724
v 0.023964157328009605 -0.07551164925098419 0.07938358187675476
v 0.03396351635456085 -0.07562477141618729 0.07938346266746521
v 0.03406510874629021 -0.06664485484361649 0.07939403504133224
v 0.03206523507833481 -0.06662222743034363 0.07939405739307404
v 0.02406574971973896 -0.06653173267841339 0.0793941468000412
v -0.025627581402659416 -0.054648444056510925 0.07940804958343506
v -0.02497657760977745 -0.050867754966020584 0.07941250503063202
v -0.02736823260784149 -0.050840698182582855 0.07941252738237381
v -0.034531816840171814 -0.01149742305278778 0.0794588252902031
v -0.037462275475263596 -0.06390169262886047 0.07939714193344116
v -0.03514684736728668 -0.06586185097694397 0.07939483970403671
v -0.03574519604444504 -0.05768655240535736 0.07940445840358734
v 0.029495183378458023 -0.09312702715396881 0.07936285436153412
v 0.02379324845969677 -0.09061885625123978 0.0793657973408699
v 0.02418387308716774 -0.09889329224824905 0.07935605943202972
v 0.034680139273405075 -0.012280425988137722 0.07945802807807922
v 0.032680269330739975 -0.012257800437510014 0.07945805042982101
v 0.041991669684648514 0.024781016632914543 0.07950165867805481
v 0.04947052523493767 0.019696088507771492 0.07949569076299667
v 0.050951097160577774 0.021143537014722824 0.07949739694595337
v 0.05295702815055847 0.02165677584707737 0.07949800044298172
v 0.054950837045907974 0.021098287776112556 0.07949734479188919
v 0.05639828369021416 0.0196177139878273 0.07949560880661011
v 0.0351003035902977 0.024858979508280754 0.07950174063444138
v 0.02468078024685383 -0.012167301960289478 0.07945813983678818
v 0.024236658588051796 -0.05142451077699661 0.07941193133592606
v 0.02730938047170639 -0.054577410221099854 0.07940822839736938
v 0.029801644384860992 -0.05527552217245102 0.07940740883350372
v 0.03161095082759857 -0.057126235216856 0.07940523326396942
v 0.03599832206964493 -0.07895444333553314 0.07937955111265182
v 0.014932694844901562 -0.0961369201540947 0.07935928553342819
v 0.017789755016565323 -0.10342926532030106 0.07935070991516113
v 0.0062729958444833755 -0.09603895246982574 0.07935938984155655
v 0.008123708888888359 -0.09422964602708817 0.07936152070760727
v -0.0008133701048791409 -0.09034048020839691 0.07936608046293259
v 0.01063112635165453 -0.09358809888362885 0.07936228066682816
v 0.013123389333486557 -0.09428620338439941 0.0793614611029625
v 0.010592279024422169 -0.10653670877218246 0.07934703677892685
v 0.002906010951846838 -0.10807980597019196 0.0793452113866806
v -0.0010158796794712543 -0.10824088007211685 0.07934501022100449
v -0.016686540096998215 -0.09577921032905579 0.07935965061187744
v -0.020410560071468353 -0.09011878073215485 0.07936631143093109
v -0.009836148470640182 -0.09402646124362946 0.07936172932386398
v -0.01232840958982706 -0.09332835674285889 0.07936254888772964
v -0.014835827983915806 -0.09396989643573761 0.07936178892850876
v -0.020606182515621185 -0.10245557874441147 0.07935179024934769
v -0.019707847386598587 -0.103005051612854 0.07935114204883575
v -0.012582513503730297 -0.10627453029155731 0.07934730499982834
v -0.004933122545480728 -0.10799112170934677 0.07934530079364777
v -0.008026841096580029 -0.09587717801332474 0.07935955375432968
v -0.027811642736196518 -0.09003505110740662 0.07936639338731766
v -0.02599770948290825 -0.09832558035850525 0.07935664057731628
v -0.025419987738132477 -0.09006210416555405 0.07936637103557587
v -0.035019971430301666 -0.08560740202665329 0.07937159389257431
v -0.031177207827568054 -0.0924406349658966 0.07936356216669083
v -0.03524843975901604 -0.07484176754951477 0.07938426733016968
v -0.03735805302858353 -0.07812455296516418 0.07938040047883987
v -0.038089267909526825 -0.07031909376382828 0.07938958704471588
v -0.02692411094903946 -0.011583489365875721 0.07945873588323593
v -0.05552275478839874 0.020883889868855476 0.07949690520763397
v -0.041003018617630005 0.02571994438767433 0.07950261980295181
v -0.04859499633312225 0.020805515348911285 0.0794968232512474
v -0.054042186588048935 0.02233133837580681 0.07949861139059067
v -0.05203625187277794 0.022844577208161354 0.07949921488761902
v -0.050042442977428436 0.02228608913719654 0.07949856668710709
v -0.023959575220942497 0.03902798146009445 0.07951831817626953
v -0.024112293496727943 0.025528859347105026 0.07950242608785629
v 0.0004943255917169154 0.025250481441617012 0.07950214296579361
v -0.01910286583006382 0.025472186505794525 0.07950236648321152
v 0.018772419542074203 0.026043763384222984 0.07950310409069061
v 0.019496141001582146 0.025303473696112633 0.07950223237276077
v 0.020493045449256897 0.025024233385920525 0.0795019119977951
v 0.02525366097688675 0.03847122937440872 0.07951774448156357
v 0.025100944563746452 0.024972103536128998 0.07950185239315033
v 0.021496012806892395 0.025280848145484924 0.07950221002101898
v 0.022236298769712448 0.026004577055573463 0.07950306683778763
v -0.020138060674071312 -0.06603164970874786 0.07939466089010239
v -0.025147488340735435 -0.06597497314214706 0.07939472049474716
v -0.023818273097276688 -0.05649916082620621 0.07940587401390076
v -0.0324779711663723 -0.05640118941664696 0.07940597832202911
v -0.030627261847257614 -0.05459188297390938 0.07940810918807983
v -0.02811984159052372 -0.05395033210515976 0.07940886914730072
v -0.027539141476154327 -0.06594792008399963 0.07939475029706955
v -0.032737717032432556 -0.0793607085943222 0.07937895506620407
v -0.030887005850672722 -0.07755140215158463 0.07938108593225479
v -0.027640733867883682 -0.07492783665657043 0.07938417792320251
v -0.028379585593938828 -0.0769098550081253 0.07938184589147568
v -0.025887325406074524 -0.07760796695947647 0.07938102632761002
v 0.029541900381445885 -0.07823504507541656 0.07938038557767868
v 0.031351204961538315 -0.08008575439453125 0.07937821000814438
v 0.03196364641189575 -0.07560214400291443 0.079383485019207
v 0.033491555601358414 -0.08638248592615128 0.07937080413103104
v 0.027049636468291283 -0.0775369331240654 0.07938120514154434
v 0.024542219936847687 -0.07817848026752472 0.07938044518232346
v 0.022691506892442703 -0.0799877867102623 0.07937830686569214
v -0.0006424602470360696 -0.07523326575756073 0.07938386499881744
v -0.0005408692522905767 -0.06625334918498993 0.07939443737268448
v -0.00036995927803218365 -0.05114613100886345 0.07941221445798874
v 0.02295125089585781 -0.05702826753258705 0.07940533757209778
v 0.024801963940262794 -0.05521896108984947 0.0794074684381485
v 0.04214438423514366 0.03828014060854912 0.07951755076646805
v 0.035253021866083145 0.03835810348391533 0.07951763272285461
v 0.0346316359937191 0.03719519078731537 0.07951626181602478
v 0.03325314819812775 0.03838072717189789 0.0795176550745964
v 0.0321393720805645 0.03789329528808594 0.07951707392930984
v 0.029631951823830605 0.037251751869916916 0.07951631397008896
v 0.0331004299223423 0.024881605058908463 0.07950176298618317
v 0.02778123877942562 0.03544244542717934 0.07951418310403824
v 0.03644093871116638 0.035344477742910385 0.07951408624649048
v -0.02635123021900654 0.03905503824353218 0.07951834052801132
v -0.033958934247493744 0.039141107350587845 0.07951842993497849
v -0.030856598168611526 0.03860597684979439 0.07951780408620834
v -0.03411165252327919 0.02564198151230812 0.07950253784656525
v -0.04085030034184456 0.039219070225954056 0.07951851189136505
v -0.03521472588181496 0.03615512698888779 0.07951491326093674
v -0.03336401656270027 0.037964433431625366 0.07951704412698746
v -0.028364334255456924 0.03790787234902382 0.07951699197292328
v -0.026555027812719345 0.03605715557932854 0.07951481640338898
v -0.026503946632146835 0.025555916130542755 0.07950245589017868
v 0.047779958695173264 0.03521619737148285 0.07951395213603973
v 0.04963067173957825 0.03702550753951073 0.07951608300209045
v 0.05213809013366699 0.03766704723238945 0.07951684296131134
v 0.054630354046821594 0.03696894273161888 0.07951603084802628
v 0.056439660489559174 0.0351182296872139 0.07951385527849197
v 0.027255631983280182 -0.06980827450752258 0.07939030230045319
v 0.028180988505482674 -0.0689036175608635 0.07939136773347855
v 0.029434695839881897 -0.06858284771442413 0.07939174771308899
v 0.030680827796459198 -0.06893189996480942 0.07939133793115616
v 0.03158548101782799 -0.06985725462436676 0.07939025014638901
v 0.006900073494762182 -0.04060976579785347 0.07942463457584381
v 7.416264998028055e-05 -0.011888924054801464 0.07945842295885086
v 0.015559772960841656 -0.04070773348212242 0.07942453026771545
v 0.008750787004828453 -0.03880046308040619 0.07942676544189453
v 0.011258204467594624 -0.03815891221165657 0.07942752540111542
v 0.013750466518104076 -0.038857024163007736 0.07942670583724976
v -0.020239651203155518 -0.07501156628131866 0.07938409596681595
v -0.01605946198105812 -0.04035001993179321 0.0794248953461647
v -0.014208750799298286 -0.03854071721434593 0.07942703366279602
v -0.019523028284311295 -0.011667218990623951 0.07945865392684937
v -0.011701332405209541 -0.03789917007088661 0.0794277936220169
v -0.009209070354700089 -0.03859728202223778 0.07942697405815125
v -0.0073997629806399345 -0.040447987616062164 0.07942479848861694
v -0.02524907886981964 -0.07495488971471786 0.07938414812088013
v -0.024532455950975418 -0.01161054614931345 0.07945871353149414
v -0.02931533381342888 -0.06825315207242966 0.07939203083515167
v -0.02841068059206009 -0.0691785141825676 0.07939094305038452
v -0.032740529626607895 -0.06912952661514282 0.0793909952044487
v -0.031815171241760254 -0.06822487711906433 0.07939206063747406
v -0.03056146390736103 -0.06790409982204437 0.0793924406170845
v -0.024078017100691795 -0.07945867627859116 0.07937885075807571
v -0.05521345138549805 0.036381371319293976 0.07951514422893524
v -0.04655374586582184 0.036283403635025024 0.07951504737138748
v -0.05336273834109306 0.038190681487321854 0.07951727509498596
v -0.05085531622171402 0.038832224905490875 0.07951803505420685
v -0.048363056033849716 0.038134120404720306 0.07951722294092178
v -0.0007613298948854208 -0.08572821319103241 0.06737150996923447
v 0.05291181802749634 0.0176842138171196 0.05640188977122307
v 0.05375293269753456 0.019102560356259346 0.057394981384277344
v 0.05293048173189163 0.01933293789625168 0.05739524960517883
v 0.054349999874830246 0.018491823226213455 0.05739426240324974
v 0.054561711847782135 0.017664380371570587 0.05739329010248184
v 0.051492299884557724 0.018524153158068657 0.05739429593086243
v 0.05126192420721054 0.017701711505651474 0.05739332735538483
v 0.052103035151958466 0.01912122592329979 0.057395000010728836
v 0.05456169322133064 0.017652492970228195 0.06749328970909119
v 0.054349981248378754 0.018479935824871063 0.06749426573514938
v 0.05375291407108307 0.019090672954916954 0.06749498099088669
v 0.05293046310544014 0.019321048632264137 0.06749524921178818
v 0.05210301652550697 0.019109338521957397 0.06749499589204788
v 0.05149228498339653 0.018512265756726265 0.06749429553747177
v 0.05126190558075905 0.017689824104309082 0.06749332696199417
v 0.052912015467882156 0.017817003652453423 -0.056415192782878876
v 0.052103232592344284 0.0192563496530056 -0.05740492045879364
v 0.05293067917227745 0.01946806162595749 -0.057404667139053345
v 0.05149250105023384 0.018659276887774467 -0.05740562453866005
v 0.05126212164759636 0.017836835235357285 -0.05740659311413765
v 0.05435020104050636 0.018626946955919266 -0.05740565434098244
v 0.05456191301345825 0.017799504101276398 -0.057406630367040634
v 0.05375313013792038 0.019237684085965157 -0.05740493908524513
v 0.05126214027404785 0.017848724499344826 -0.0675065889954567
v 0.051492515951395035 0.01867116428911686 -0.0675056204199791
v 0.052103251218795776 0.01926823891699314 -0.06750491261482239
v 0.05293069779872894 0.01947994902729988 -0.06750466674566269
v 0.05375314876437187 0.019249573349952698 -0.06750493496656418
v 0.05435021594166756 0.018638836219906807 -0.06750565022230148
v 0.054561927914619446 0.01781139336526394 -0.06750662624835968
v 0.053653284907341 0.008669938892126083 0.06090535223484039
v 0.05330159142613411 0.016076210886240005 0.061173006892204285
v 0.05358218401670456 0.016171075403690338 0.06103556603193283
v 0.0531880185008049 0.0160527341067791 0.06120619177818298
v 0.05311540514230728 0.008675683289766312 0.061194829642772675
v 0.05270576849579811 0.016042010858654976 0.061227235943078995
v 0.05250459164381027 0.008682592771947384 0.06119483336806297
v 0.052584998309612274 0.016062168404459953 0.06120273098349571
v 0.052481915801763535 0.01608649082481861 0.06117163226008415
v 0.05196671932935715 0.00868901889771223 0.060905370861291885
v 0.05220750346779823 0.016186626628041267 0.061035580933094025
v 0.05164492502808571 0.016194220632314682 0.05999155342578888
v 0.05167507380247116 0.016193557530641556 0.060264453291893005
v 0.05156008154153824 0.008694705553352833 0.05998272821307182
v 0.05163022503256798 0.008693425916135311 0.06039557605981827
v 0.05414476618170738 0.01616594009101391 0.05999152362346649
v 0.05405992269515991 0.008666424080729485 0.059982698410749435
v 0.05408329516649246 0.01616617850959301 0.060378704220056534
v 0.05398977920413017 0.008666731417179108 0.06039554998278618
v 0.053867094218730927 0.016168156638741493 0.06077708676457405
v 0.053738124668598175 0.016169453039765358 0.06091418117284775
v 0.05171506479382515 0.01619294099509716 0.06040440499782562
v 0.05190762132406235 0.01619034633040428 0.06075821444392204
v 0.05205155909061432 0.01618853397667408 0.06091419979929924
v 0.05375165864825249 0.01626013219356537 0.059297434985637665
v 0.05358218774199486 0.016173532232642174 0.05894751101732254
v 0.053738128393888474 0.01617162488400936 0.05906888097524643
v 0.053867097944021225 0.01617000624537468 0.05920596793293953
v 0.05408329516649246 0.016167091205716133 0.05960436537861824
v 0.05384524166584015 0.01631985418498516 0.05967530980706215
v 0.05386893078684807 0.016335956752300262 0.05999172478914261
v 0.05414487048983574 0.016236562281847 -8.42820736579597e-06
v 0.05406002700328827 0.008737046271562576 -1.725557740428485e-05
v 0.05397740751504898 0.016237720847129822 0.0006165726808831096
v 0.05389256775379181 0.008738205768167973 0.0006077453144825995
v 0.05351990833878517 0.016242356970906258 0.0010741103906184435
v 0.0534350648522377 0.008742842823266983 0.0010652829660102725
v 0.052894946187734604 0.01624923013150692 0.0012415841920301318
v 0.052810102701187134 0.008749715983867645 0.0012327568838372827
v 0.052269987761974335 0.01625649817287922 0.00107412482611835
v 0.052185144275426865 0.00875698309391737 0.0010652975179255009
v 0.051812488585710526 0.01626221276819706 0.0006165977683849633
v 0.051727645099163055 0.00876269768923521 0.0006077704019844532
v 0.051645029336214066 0.016264842823147774 -8.399258149438538e-06
v 0.051560185849666595 0.008765327744185925 -1.7226628187927417e-05
v 0.054012928158044815 0.01631789281964302 -8.332706784131005e-06
v 0.05386326462030411 0.016318928450345993 0.000550238648429513
v 0.05345438793301582 0.016323072835803032 0.0009591458947397768
v 0.05289584770798683 0.016329215839505196 0.0011088195024058223
v 0.05233731493353844 0.016335710883140564 0.0009591588168404996
v 0.05192843824625015 0.016340816393494606 0.0005502610583789647
v 0.051778778433799744 0.016343167051672935 -8.306834388349671e-06
v 0.05365348979830742 0.008811183273792267 -0.059094566851854324
v 0.053301796317100525 0.01621745526790619 -0.05882691591978073
v 0.05358239263296127 0.01631231978535652 -0.05896435305476189
v 0.053188227117061615 0.016193978488445282 -0.05879373103380203
v 0.053115613758563995 0.008816927671432495 -0.05880509689450264
v 0.052705977112054825 0.01618325524032116 -0.05877268314361572
v 0.052504800260066986 0.008823838084936142 -0.05880508944392204
v 0.05258520692586899 0.016203412786126137 -0.05879718065261841
v 0.05248212441802025 0.016227735206484795 -0.058828286826610565
v 0.05196692422032356 0.008830263279378414 -0.059094544500112534
v 0.05220771208405495 0.01632787100970745 -0.05896433815360069
v 0.05164513364434242 0.016335465013980865 -0.06000835821032524
v 0.051675282418727875 0.01633480191230774 -0.05973546579480171
v 0.05156029015779495 0.008835949935019016 -0.060017187148332596
v 0.05163042992353439 0.008834670297801495 -0.05960433930158615
v 0.054144974797964096 0.016307184472680092 -0.06000838801264763
v 0.054060131311416626 0.008807668462395668 -0.060017216950654984
v 0.054083503782749176 0.016307422891259193 -0.05962121859192848
v 0.05398998782038689 0.008807976730167866 -0.05960436537861824
v 0.05386730283498764 0.016309401020407677 -0.05922282487154007
v 0.05373833328485489 0.01631069928407669 -0.05908573791384697
v 0.05171527341008186 0.016334185376763344 -0.059595514088869095
v 0.05190782994031906 0.016331590712070465 -0.059241704642772675
v 0.05205176770687103 0.016329778358340263 -0.05908571928739548
v 0.0537518672645092 0.016401376575231552 -0.06070248782634735
v 0.05358239635825157 0.016314776614308357 -0.061052411794662476
v 0.05373833701014519 0.016312871128320694 -0.06093103438615799
v 0.05386730656027794 0.016311250627040863 -0.06079394370317459
v 0.054083503782749176 0.016308335587382317 -0.060395561158657074
v 0.05384545028209686 0.016461098566651344 -0.06032460927963257
v 0.05386913940310478 0.016477201133966446 -0.06000818684697151
v 0.05124949291348457 0.016610488295555115 0.04999203979969025
v 0.0513637475669384 0.02670983597636223 0.05000392720103264
v 0.05147053673863411 0.016607018187642097 0.050817038863897324
v 0.051584791392087936 0.026706364005804062 0.050828926265239716
v 0.05207443609833717 0.016599474474787712 0.051420968025922775
v 0.052188690751791 0.026698820292949677 0.05143285542726517
v 0.05289938300848007 0.016589881852269173 0.05164201557636261
v 0.0530136376619339 0.026689227670431137 0.051653902977705
v 0.05372433364391327 0.01658080890774727 0.05142094939947128
v 0.053838588297367096 0.026680154725909233 0.051432836800813675
v 0.05432823672890663 0.016574688255786896 0.05081700533628464
v 0.05444249138236046 0.02667403407394886 0.05082889273762703
v 0.05454928055405617 0.016573159024119377 0.049991998821496964
v 0.054663535207509995 0.02667250484228134 0.050003886222839355
v 0.0528881698846817 0.015600468963384628 0.04999085143208504
v 0.05124957859516144 0.016669340431690216 -7.923834346001968e-06
v 0.051363833248615265 0.02676868811249733 3.96369023292209e-06
v 0.051470622420310974 0.01666586846113205 0.0008170683868229389
v 0.0515848770737648 0.026765216141939163 0.0008289559045806527
v 0.05207452178001404 0.016658326610922813 0.0014210049994289875
v 0.05218878015875816 0.026757672429084778 0.0014328925171867013
v 0.05289946869015694 0.016648733988404274 0.0016420540632680058
v 0.053013723343610764 0.02674807980656624 0.0016539415810257196
v 0.053724419325590134 0.01663966104388237 0.0014209859073162079
v 0.05383867397904396 0.026739006862044334 0.0014328734250739217
v 0.054328322410583496 0.016633540391921997 0.0008170352666638792
v 0.05444257706403732 0.02673288621008396 0.000828922784421593
v 0.05454936996102333 0.01663200929760933 -7.962046765896957e-06
v 0.05466362461447716 0.026731356978416443 3.92547735827975e-06
v 0.0512496680021286 0.016728192567825317 -0.0500078909099102
v 0.05136392265558243 0.02682754024863243 -0.04999600350856781
v 0.05147070810198784 0.01672472059726715 -0.04918289557099342
v 0.051584966480731964 0.026824068278074265 -0.04917100816965103
v 0.0520746111869812 0.016717178747057915 -0.048578958958387375
v 0.05218886584043503 0.02681652456521988 -0.04856707155704498
v 0.0528995543718338 0.016707586124539375 -0.04835791140794754
v 0.05301381275057793 0.02680693194270134 -0.04834602400660515
v 0.053724505007267 0.01669851318001747 -0.04857897758483887
v 0.053838763386011124 0.026797858998179436 -0.048567090183496475
v 0.05432840809226036 0.0166923925280571 -0.04918292909860611
v 0.05444266274571419 0.026791738346219063 -0.04917104169726372
v 0.054549455642700195 0.01669086143374443 -0.05000792816281319
v 0.05466371029615402 0.026790209114551544 -0.049996040761470795
v 0.05288834497332573 0.01571817323565483 -0.05000907927751541
v 0.05680996552109718 0.008785387501120567 -0.0675172433257103
v 0.05701358988881111 0.026784222573041916 -0.06749606132507324
v 0.05680973082780838 0.008626487106084824 0.06748266518115997
v 0.05701335519552231 0.026625322178006172 0.06750385463237762
v 0.049014102667570114 0.02687472105026245 -0.06749596446752548
v 0.048810482025146484 0.008875886909663677 -0.06751715391874313
v 0.04901386797428131 0.026715820655226707 0.06750394403934479
v 0.04881024733185768 0.008716986514627934 0.06748276203870773
v 0.05389256775379181 0.00873967632651329 -0.0006422526203095913
v 0.053435068577528 0.008745390921831131 -0.001099779736250639
v 0.05281010642647743 0.008752658031880856 -0.0012672465527430177
v 0.052504803985357285 0.00882669072598219 -0.06122931092977524
v 0.053115617483854294 0.008819781243801117 -0.061229314655065536
v 0.05365349352359772 0.00881335511803627 -0.060939859598875046
v 0.05398998782038689 0.00880894809961319 -0.06043006479740143
v 0.05196692794561386 0.008832435123622417 -0.06093984097242355
v 0.05163043364882469 0.008835642598569393 -0.06043003872036934
v 0.051727645099163055 0.008764168247580528 -0.0006422275328077376
v 0.05218514800071716 0.008759531192481518 -0.0010997651843354106
v 0.05398977920413017 0.008667703717947006 0.05956984683871269
v 0.05250459536910057 0.008685446344316006 0.05877061188220978
v 0.05311540886759758 0.008678535930812359 0.05877060443162918
v 0.053653284907341 0.008672110736370087 0.059060052037239075
v 0.05196671932935715 0.008691190741956234 0.059060074388980865
v 0.05163022503256798 0.008694397285580635 0.05956987291574478
v 0.05329706892371178 0.01622561179101467 -0.06750849634408951
v 0.05401139333844185 0.01659964956343174 -0.06750805675983429
v 0.052490800619125366 0.016234733164310455 -0.06750848889350891
v 0.051785122603178024 0.01662483625113964 -0.0675080269575119
v 0.05134856328368187 0.017302745953202248 -0.06750722974538803
v 0.05446317791938782 0.017267510294914246 -0.06750726699829102
v 0.0515848807990551 0.026767157018184662 -0.0008210410596802831
v 0.05218878388404846 0.02676103636622429 -0.0014249917585402727
v 0.05301373079419136 0.026751963421702385 -0.0016460597980767488
v 0.05383868142962456 0.026742370799183846 -0.0014250108506530523
v 0.054442666471004486 0.02679368108510971 -0.05082103982567787
v 0.05383876711130142 0.026801222935318947 -0.05142497271299362
v 0.051584966480731964 0.026826009154319763 -0.050821006298065186
v 0.05218886956572533 0.02681988850235939 -0.05142495408654213
v 0.053013816475868225 0.026810815557837486 -0.051646020263433456
v 0.05444258078932762 0.02673482894897461 -0.0008210741798393428
v 0.051584795117378235 0.02670830674469471 0.04917892813682556
v 0.0521886982023716 0.026702184230089188 0.04857497662305832
v 0.053013645112514496 0.026693111285567284 0.04835391044616699
v 0.053838592022657394 0.026683518663048744 0.04857495799660683
v 0.05444249510765076 0.026675976812839508 0.049178894609212875
v 0.05249056592583656 0.01607583276927471 0.06749142706394196
v 0.05178488790988922 0.016465935856103897 0.06749188899993896
v 0.053296834230422974 0.016066711395978928 0.06749141961336136
v 0.054011158645153046 0.016440749168395996 0.06749185919761658
v 0.054462943226099014 0.017108609899878502 0.06749264895915985
v 0.051348328590393066 0.017143845558166504 0.06749268621206284
v 0.05195201188325882 0.01647893525660038 -0.05966610834002495
v 0.05195749178528786 0.016475863754749298 -0.06038285791873932
v 0.051675282418727875 0.016335444524884224 -0.06028125435113907
v 0.05171527713537216 0.016335157677531242 -0.060421209782361984
v 0.05190783366560936 0.01633339561522007 -0.0607750229537487
v 0.05205177143216133 0.016331950202584267 -0.0609310120344162
v 0.052207715809345245 0.016330329701304436 -0.06105239689350128
v 0.051951803267002106 0.016337690874934196 0.06033381074666977
v 0.05195728316903114 0.016334619373083115 0.0596170611679554
v 0.05167507380247116 0.01619420014321804 0.05971866846084595
v 0.05171506851911545 0.01619391329586506 0.059578701853752136
v 0.051907625049352646 0.016192151233553886 0.05922490358352661
v 0.05205156281590462 0.016190705820918083 0.05906889960169792
v 0.05220750719308853 0.016189085319638252 0.05894752964377403
v 0.053724512457847595 0.016701877117156982 -0.051436860114336014
v 0.0528995618224144 0.016711469739675522 -0.05165790766477585
v 0.05432841181755066 0.016694333404302597 -0.050832927227020264
v 0.05147071182727814 0.0167266633361578 -0.05083289369940758
v 0.0520746149122715 0.016720542684197426 -0.05143684148788452
v 0.05386326462030411 0.01632024347782135 -0.00056690804194659
v 0.054328326135873795 0.016635481268167496 -0.0008329616975970566
v 0.05345439165830612 0.01632535085082054 -0.0009758058004081249
v 0.05372442305088043 0.01664302498102188 -0.0014368983684107661
v 0.05289585143327713 0.01633184403181076 -0.0011254665441811085
v 0.052899476140737534 0.01665261760354042 -0.0016579474322497845
v 0.052337318658828735 0.016337987035512924 -0.0009757928783074021
v 0.052074529230594635 0.016661690548062325 -0.0014368792762979865
v 0.05192844197154045 0.016342131420969963 -0.0005668856319971383
v 0.05147062614560127 0.016667811200022697 -0.0008329286356456578
v 0.05372433736920357 0.01658417284488678 0.048563070595264435
v 0.05289938673377037 0.01659376546740532 0.0483420230448246
v 0.05432823672890663 0.016576629132032394 0.04916700720787048
v 0.05147054046392441 0.016608959063887596 0.04916704073548317
v 0.05207443982362747 0.016602838411927223 0.04856308922171593
v 0.05383586138486862 0.016453731805086136 -0.05963357537984848
v 0.05248609557747841 0.01622946560382843 -0.06119006872177124
v 0.05259910225868225 0.0162035021930933 -0.061223309487104416
v 0.05308099091053009 0.01618192158639431 -0.06124439463019371
v 0.05320218577980995 0.016199283301830292 -0.06121985241770744
v 0.053305793553590775 0.016221195459365845 -0.06118869408965111
v 0.051812488585710526 0.016263684257864952 -0.0006334001664072275
v 0.05226999148726463 0.016259046271443367 -0.0010909378761425614
v 0.0528949499130249 0.016252173110842705 -0.0012584191281348467
v 0.05351991206407547 0.016244906932115555 -0.001090952311642468
v 0.05397741124033928 0.016239192336797714 -0.0006334252539090812
v 0.05383565276861191 0.016312487423419952 0.06036634370684624
v 0.052485886961221695 0.016088219359517097 0.058809857815504074
v 0.05259889364242554 0.016062257811427116 0.0587766133248806
v 0.053080782294273376 0.016040677204728127 0.05875551700592041
v 0.05320197716355324 0.01605803892016411 0.058780066668987274
v 0.05330558493733406 0.01607995107769966 0.05881122127175331
v 0.05433153361082077 0.016977056860923767 -0.057407598942518234
v 0.052490781992673874 0.016222843900322914 -0.05740848928689957
v 0.05207090452313423 0.01639864780008793 -0.05740828439593315
v 0.05178510397672653 0.0166129469871521 -0.057408031076192856
v 0.054011378437280655 0.016587762162089348 -0.057408057153224945
v 0.05372080206871033 0.016379982233047485 -0.057408303022384644
v 0.053297050297260284 0.01621372252702713 -0.057408496737480164
v 0.05289335176348686 0.016168279573321342 -0.05740855261683464
v 0.05147383362054825 0.01700938493013382 -0.05740756541490555
v 0.05147363618016243 0.01687426120042801 0.05739235132932663
v 0.051784902811050415 0.01647782325744629 0.05739188566803932
v 0.05401117727160454 0.016452638432383537 0.05739185959100723
v 0.053296852856874466 0.01607859879732132 0.057391420006752014
v 0.05372060090303421 0.016244858503341675 0.05739161744713783
v 0.052070703357458115 0.016263524070382118 0.057391636073589325
v 0.052490584552288055 0.016087720170617104 0.05739142745733261
v 0.052893150597810745 0.016033153980970383 0.05739136412739754
v 0.05433133617043495 0.016841931268572807 0.05739232152700424
v -0.04134020954370499 0.0478057824075222 0.011028571985661983
v -0.041328899562358856 0.04880454018712044 0.012029742822051048
v -0.049564991146326065 0.047898828983306885 0.011028666980564594
v -0.049553681164979935 0.04889759048819542 0.012029837816953659
v -0.040888018906116486 0.048799674957990646 0.011927291750907898
v -0.04053747281432152 0.048796046525239944 0.011640932410955429
v -0.0403490886092186 0.048794399946928024 0.011229345574975014
v -0.04036146029829979 0.04879507049918175 0.010776865296065807
v -0.05033925175666809 0.048906926065683365 0.011648556217551231
v -0.05053054168820381 0.048909567296504974 0.011243448592722416
v -0.04999028146266937 0.04890264570713043 0.01192949153482914
v -0.04103607311844826 0.048806268721818924 0.007747469004243612
v -0.0420306958258152 0.04781724140048027 0.007927896454930305
v -0.04148782044649124 0.04881499335169792 0.0046769133768975735
v -0.042493075132369995 0.047826170921325684 0.004785092547535896
v -0.041714295744895935 0.04882119968533516 0.0015815668739378452
v -0.04272487759590149 0.04783252254128456 0.0016169166192412376
v -0.04171428829431534 0.04882485419511795 -0.0015220523346215487
v -0.04272487387061119 0.04783626273274422 -0.0015597330639138818
v -0.04148780554533005 0.048825934529304504 -0.004617396742105484
v -0.0424930565059185 0.04783736914396286 -0.004727906547486782
v -0.04103604704141617 0.04882443696260452 -0.007687962613999844
v -0.04203066974878311 0.04783583804965019 -0.007870725356042385
v -0.040361423045396805 0.0488203689455986 -0.01071737427264452
v -0.041340172290802 0.04783167690038681 -0.010971416719257832
v -0.05120242014527321 0.048921529203653336 0.007537800818681717
v -0.05022406950592995 0.04791056364774704 0.007393606007099152
v -0.0516069270670414 0.04893051087856293 0.0037935262080281973
v -0.05062087997794151 0.0479193776845932 0.003720648353919387
v -0.05174199119210243 0.048936471343040466 2.987709012813866e-05
v -0.05075336992740631 0.04792521893978119 2.8688524253084324e-05
v -0.0516069121658802 0.04893937334418297 -0.0037337751127779484
v -0.05062086507678032 0.04792806878685951 -0.0036632816772907972
v -0.05120239406824112 0.04893920198082924 -0.007478066720068455
v -0.05022404342889786 0.04792790114879608 -0.007336248643696308
v -0.05053050071001053 0.048935964703559875 -0.01118372194468975
v -0.04956495389342308 0.047924723476171494 -0.01097132172435522
v -0.040349047631025314 0.04882076382637024 -0.011169862933456898
v -0.040537431836128235 0.04882337898015976 -0.01158144511282444
v -0.0408879779279232 0.04882768169045448 -0.011867793276906013
v -0.04132885858416557 0.048832789063453674 -0.011970236897468567
v -0.04999024048447609 0.048930659890174866 -0.011869777925312519
v -0.04955364018678665 0.048925839364528656 -0.011970141902565956
v -0.05033921077847481 0.04893427714705467 -0.01158884260803461
v -0.04669705778360367 0.05288141593337059 -0.0014654748374596238
v -0.046753622591495514 0.04788173735141754 -0.0014713597483932972
v -0.046123068779706955 0.052874788641929626 -0.0013513014419004321
v -0.0461796298623085 0.04787511005997658 -0.0013571863528341055
v -0.04563646763563156 0.05286889895796776 -0.0010261490242555737
v -0.04569302871823311 0.04786922037601471 -0.001032034051604569
v -0.0453113317489624 0.05286464840173721 -0.0005395184853114188
v -0.04536789283156395 0.047864969819784164 -0.0005454034544527531
v -0.04519715905189514 0.052862681448459625 3.450975418672897e-05
v -0.04525372013449669 0.04786300286650658 2.8624835977097973e-05
v -0.0453113317489624 0.05286329612135887 0.0006085332133807242
v -0.04536789283156395 0.04786361753940582 0.0006026483024470508
v -0.04563647136092186 0.05286640301346779 0.001095171319320798
v -0.04569303244352341 0.04786672443151474 0.0010892864083871245
v -0.04612307623028755 0.052871525287628174 0.0014203349128365517
v -0.0461796373128891 0.047871846705675125 0.0014144500019028783
v -0.046697065234184265 0.05287788435816765 0.0015345216961577535
v -0.04675362631678581 0.0478782057762146 0.00152863678522408
v -0.046686865389347076 0.05378087982535362 3.5587923775892705e-05
v -0.040402330458164215 0.05459648743271828 0.011545180343091488
v -0.04047217220067978 0.05469364672899246 0.011649737134575844
v -0.04029924422502518 0.05429471284151077 0.01078333891928196
v -0.040274880826473236 0.05430244281888008 0.01090769749134779
v -0.04027044028043747 0.05435585230588913 0.011130145750939846
v -0.040278032422065735 0.05437978729605675 0.011192691512405872
v -0.04031176120042801 0.05445178225636482 0.011338740587234497
v -0.04055125638842583 0.05479646846652031 0.011741187423467636
v -0.040861569344997406 0.054799728095531464 0.011953547596931458
v -0.04126102477312088 0.05480415001511574 0.012036805041134357
v -0.04029920697212219 0.05432001128792763 -0.010710900649428368
v -0.04026775807142258 0.0543435662984848 -0.010921661742031574
v -0.04033735394477844 0.05452333763241768 -0.011338790878653526
v -0.040281742811203 0.05441538989543915 -0.011141197755932808
v -0.040551215410232544 0.054824020713567734 -0.011667574755847454
v -0.04044785350561142 0.05468812584877014 -0.01154380477964878
v -0.0412609837949276 0.054832398891448975 -0.011963175609707832
v -0.04086152836680412 0.05482778325676918 -0.01187992375344038
v -0.0504683218896389 0.0544092059135437 0.011249922215938568
v -0.05039927735924721 0.05443137139081955 0.011453967541456223
v -0.0502840094268322 0.05449974909424782 0.011644418351352215
v -0.050140053033828735 0.054603345692157745 0.011795898899435997
v -0.04994391277432442 0.05476066470146179 0.01192686427384615
v -0.04978127032518387 0.05490059405565262 0.011992252431809902
v -0.04948580637574196 0.05489719659090042 0.012036900036036968
v -0.05000869184732437 0.054735101759433746 -0.011817024089396
v -0.04990101978182793 0.05482491850852966 -0.01187345664948225
v -0.049781229346990585 0.0549287386238575 -0.011918425559997559
v -0.049485765397548676 0.05492544546723366 -0.011963079683482647
v -0.050468284636735916 0.0544356033205986 -0.011177249252796173
v -0.050431348383426666 0.05444392189383507 -0.011304755695164204
v -0.05033114179968834 0.05449645593762398 -0.01150547619909048
v -0.050288718193769455 0.05452379956841469 -0.011565804481506348
v -0.05019545555114746 0.05458945408463478 -0.011671838350594044
v -0.04671289026737213 0.05148562416434288 -0.004967120010405779
v -0.04667442664504051 0.05488540232181549 -0.004963118117302656
v -0.04586774483323097 0.05147620663046837 -0.0050886524841189384
v -0.04582928493618965 0.05487598478794098 -0.005084650591015816
v -0.04509107396006584 0.051467835903167725 -0.005443379282951355
v -0.04505261033773422 0.054867614060640335 -0.00543937785550952
v -0.04444578289985657 0.05146119371056557 -0.006002563983201981
v -0.04440732300281525 0.05486097186803818 -0.005998562090098858
v -0.04398416727781296 0.05145682021975517 -0.006720905192196369
v -0.04394570365548134 0.05485659837722778 -0.0067169032990932465
v -0.04374361410737038 0.0514550618827343 -0.007540206890553236
v -0.04370515048503876 0.05485484004020691 -0.007536204997450113
v -0.04374361038208008 0.05145606771111488 -0.008394095115363598
v -0.04370515048503876 0.054855845868587494 -0.008390093222260475
v -0.04398416355252266 0.05145975202322006 -0.009213394485414028
v -0.04394569993019104 0.05485953018069267 -0.009209392592310905
v -0.04444577917456627 0.05146582052111626 -0.009931725449860096
v -0.04440731555223465 0.05486559867858887 -0.009927723556756973
v -0.045091062784194946 0.05147377774119377 -0.010490894317626953
v -0.045052602887153625 0.05487355589866638 -0.010486893355846405
v -0.045867737382650375 0.05148298293352127 -0.010845603421330452
v -0.045829273760318756 0.05488276109099388 -0.010841602459549904
v -0.046712879091501236 0.051492687314748764 -0.010967116802930832
v -0.046674419194459915 0.054892465472221375 -0.01096311490982771
v -0.04791489243507385 0.05150134116411209 -0.006765022873878479
v -0.04833471029996872 0.05150453373789787 -0.00544334203004837
v -0.04736340790987015 0.05149466544389725 -0.006396516226232052
v -0.04755803197622299 0.051495328545570374 -0.0050886329263448715
v -0.04671288654208183 0.05148715525865555 -0.006267118733376265
v -0.046062368899583817 0.051479946821928024 -0.006396531593054533
v -0.04828337952494621 0.05150768905878067 -0.008617660030722618
v -0.04968215897679329 0.051523249596357346 -0.008394026197493076
v -0.04841277375817299 0.05150838568806648 -0.007967096753418446
v -0.04968216270208359 0.05152224376797676 -0.0075401379726827145
v -0.04828338325023651 0.051506157964468 -0.007316536270081997
v -0.049441609531641006 0.05151855945587158 -0.006720841862261295
v -0.0489799939095974 0.05151249095797539 -0.006002511363476515
v -0.04551088437438011 0.05147414281964302 -0.0067650508135557175
v -0.04514239355921745 0.051470622420310974 -0.007316572591662407
v -0.04501299560070038 0.05146992579102516 -0.00796713586896658
v -0.045142389833927155 0.05147215351462364 -0.008617696352303028
v -0.04551088064908981 0.05147697404026985 -0.009169213473796844
v -0.04736340418457985 0.05149836465716362 -0.009537705220282078
v -0.04833470284938812 0.05151047557592392 -0.010490857064723969
v -0.047914884984493256 0.051504168659448624 -0.009169185534119606
v -0.0489799864590168 0.05151711776852608 -0.009931672364473343
v -0.04944160580635071 0.05152149125933647 -0.009213331155478954
v -0.04606236144900322 0.0514836460351944 -0.009537720121443272
v -0.046712882816791534 0.051491156220436096 -0.009667118079960346
v -0.047558024525642395 0.051502104848623276 -0.010845583863556385
v -0.04675361141562462 0.04788738489151001 -0.006271355785429478
v -0.046103090047836304 0.047880180180072784 -0.006400768645107746
v -0.0455516092479229 0.04787437245249748 -0.006769287865608931
v -0.04518311843276024 0.047870855778455734 -0.00732080964371562
v -0.045053720474243164 0.04787015542387962 -0.00797137338668108
v -0.04518311470746994 0.0478723868727684 -0.008621933870017529
v -0.0455516055226326 0.04787720367312431 -0.009173450991511345
v -0.046103086322546005 0.04788387566804886 -0.009541957639157772
v -0.04675360769033432 0.047891389578580856 -0.009671354666352272
v -0.04671291634440422 0.051466792821884155 0.011032871901988983
v -0.0466744564473629 0.054866570979356766 0.011036873795092106
v -0.04586777463555336 0.051457375288009644 0.010911335237324238
v -0.04582931101322174 0.054857153445482254 0.01091533713042736
v -0.04509110003709793 0.051449004560709 0.01055661216378212
v -0.04505263641476631 0.05484878271818161 0.010560614056885242
v -0.044445812702178955 0.05144236236810684 0.009997423738241196
v -0.044407349079847336 0.05484214052557945 0.010001425631344318
v -0.043984197080135345 0.05143798515200615 0.009279086254537106
v -0.043945733457803726 0.05483776330947876 0.009283088147640228
v -0.043743640184402466 0.051436230540275574 0.008459781296551228
v -0.043705180287361145 0.054836008697748184 0.00846378318965435
v -0.043743640184402466 0.05143723264336586 0.007605893071740866
v -0.04370517656207085 0.05483701080083847 0.007609894499182701
v -0.04398418962955475 0.05144092068076134 0.006786593236029148
v -0.04394572973251343 0.05484069883823395 0.006790595129132271
v -0.04444580525159836 0.05144698917865753 0.006068265996873379
v -0.04440734162926674 0.05484676733613014 0.0060722678899765015
v -0.045091092586517334 0.051454946398735046 0.005509092938154936
v -0.045052628964185715 0.05485472455620766 0.0055130948312580585
v -0.045867763459682465 0.051464151591062546 0.0051543875597417355
v -0.045829303562641144 0.054863929748535156 0.005158389452844858
v -0.046712908893823624 0.05147385597229004 0.005032870918512344
v -0.046674445271492004 0.05487363412976265 0.005036872811615467
v -0.04791491851210594 0.05148250609636307 0.009234964847564697
v -0.04833473637700081 0.05148569867014885 0.010556649416685104
v -0.047363437712192535 0.05147583410143852 0.009603471495211124
v -0.04755806177854538 0.05147649720311165 0.010911354795098305
v -0.04671291634440422 0.05146832391619682 0.009732873179018497
v -0.046062394976615906 0.0514611154794693 0.00960345659404993
v -0.0482834093272686 0.051488857716321945 0.007382331416010857
v -0.04968218877911568 0.05150441825389862 0.0076059615239501
v -0.04841280356049538 0.05148955434560776 0.00803289469331503
v -0.04968218877911568 0.051503412425518036 0.008459850214421749
v -0.0482834093272686 0.05148732289671898 0.008683447726070881
v -0.049441639333963394 0.05149972811341286 0.00927914958447218
v -0.048980019986629486 0.05149365961551666 0.009997476823627949
v -0.04514241963624954 0.05145179107785225 0.008683411404490471
v -0.04501302167773247 0.05145109072327614 0.008032855577766895
v -0.04514241963624954 0.05145332217216492 0.007382295094430447
v -0.0455109067261219 0.05145813897252083 0.00683077797293663
v -0.0455109104514122 0.051455311477184296 0.009234936907887459
v -0.04736343026161194 0.0514795295894146 0.006462286226451397
v -0.04833472892642021 0.051491640508174896 0.005509130656719208
v -0.04791491478681564 0.0514853373169899 0.006830805912613869
v -0.04898001253604889 0.051498282700777054 0.0060683186165988445
v -0.049441635608673096 0.05150265991687775 0.006786656565964222
v -0.04606239125132561 0.051464810967445374 0.006462271325290203
v -0.046712908893823624 0.05147232487797737 0.00633286964148283
v -0.047558050602674484 0.05148327350616455 0.005154407117515802
v -0.046753641217947006 0.047868553549051285 0.009728635661303997
v -0.04610311985015869 0.04786134511232376 0.00959921907633543
v -0.04555163532495499 0.04785554111003876 0.009230700321495533
v -0.04518314450979233 0.04785202071070671 0.00867917388677597
v -0.04505374655127525 0.0478513240814209 0.008028618060052395
v -0.04518314450979233 0.04785355180501938 0.0073780580423772335
v -0.04555163159966469 0.04785837233066559 0.006826540920883417
v -0.046103112399578094 0.047865044325590134 0.00645803427323699
v -0.04675363376736641 0.04787255451083183 0.006328632589429617
v -0.044449254870414734 0.06285896897315979 -0.003453725017607212
v -0.04441548138856888 0.06235915422439575 -0.00395431462675333
v -0.044704485684633255 0.06261181831359863 -0.0034318731632083654
v -0.04495970159769058 0.062364667654037476 -0.0034100585617125034
v -0.04444926604628563 0.06285072863101959 0.003546269377693534
v -0.0449560284614563 0.062356434762477875 0.0035500230733305216
v -0.04436559975147247 0.062349170446395874 0.00404568063095212
v -0.0419415645301342 0.0628223642706871 0.003546240506693721
v -0.04190124571323395 0.062321290373802185 0.004045652225613594
v -0.04508969187736511 0.06236207112669945 4.569109296426177e-05
v -0.044584065675735474 0.06285637617111206 4.627378802979365e-05
v -0.04194720834493637 0.06233122944831848 -0.003954343032091856
v -0.041941553354263306 0.0628306046128273 -0.003453754121437669
v -0.04449466988444328 0.05535959079861641 -0.003962553571909666
v -0.04503889009356499 0.05536510795354843 -0.0034182975068688393
v -0.04516886919736862 0.055362481623888016 6.181558273965493e-05
v -0.045035213232040405 0.05535687506198883 0.0035417841281741858
v -0.04444478452205658 0.05534961074590683 0.004037441685795784
v -0.04198043420910835 0.05532173067331314 0.004037413280457258
v -0.04169187322258949 0.06256948411464691 0.0035664024762809277
v -0.04144216701388359 0.062316637486219406 0.0035865348763763905
v -0.04206947982311249 0.06282925605773926 -0.001079798093996942
v -0.04206601902842522 0.06282641738653183 0.0012976060388609767
v -0.04202639311552048 0.05533166602253914 -0.003962581977248192
v -0.04144889861345291 0.06232495605945587 -0.0034136532340198755
v -0.04450032487511635 0.05486021935939789 -0.004463142715394497
v -0.04193861782550812 0.054831236600875854 -0.004463172517716885
v -0.04554310068488121 0.05487082898616791 -0.003456438658758998
v -0.04567449539899826 0.0548681765794754 6.149365799501538e-05
v -0.045539386570453644 0.054862506687641144 0.0035792887210845947
v -0.04445044323801994 0.054849062114953995 0.004536846652626991
v -0.04193863272666931 0.05482064560055733 0.004536817315965891
v -0.04144706949591637 0.05431511253118515 0.00448389770463109
v -0.04114259034395218 0.054308969527482986 0.0067763617262244225
v -0.0416305772960186 0.054814428091049194 0.006856252439320087
v -0.04042797163128853 0.054545626044273376 0.011260411702096462
v -0.04063490405678749 0.054300129413604736 0.009405418299138546
v -0.04111691936850548 0.054805487394332886 0.009516236372292042
v -0.040973857045173645 0.05430591106414795 0.007753942161798477
v -0.041521355509757996 0.05531707778573036 0.0035782959312200546
v -0.04148651659488678 0.05481718108057976 0.004032491240650415
v -0.04157191887497902 0.06232081726193428 0.001282460754737258
v -0.04156157001852989 0.06232398375868797 -0.001506163040176034
v -0.04157533496618271 0.06232362240552902 -0.0010672941571101546
v -0.04152808338403702 0.05532539263367653 -0.0034218921791762114
v -0.04144705459475517 0.05432558059692383 -0.004411441273987293
v -0.041490308940410614 0.054826896637678146 -0.0039183152839541435
v -0.04163055121898651 0.054830484092235565 -0.006782614625990391
v -0.040427934378385544 0.05457204952836037 -0.011187386699020863
v -0.04111688584089279 0.05482780188322067 -0.009442606009542942
v -0.04114256799221039 0.054324835538864136 -0.006703912280499935
v -0.04097382724285126 0.05432407930493355 -0.007681489456444979
v -0.0406348742544651 0.05432218685746193 -0.009332976303994656
v -0.047404155135154724 0.04787976294755936 0.006458049174398184
v -0.04795563966035843 0.04788556694984436 0.006826568394899368
v -0.048453498631715775 0.04790861904621124 -0.007971334271132946
v -0.0483241081237793 0.047906387597322464 -0.00732077332213521
v -0.04795561358332634 0.04790157079696655 -0.006769259925931692
v -0.04732761159539223 0.047888096421957016 -0.0013571730814874172
v -0.048324104398489 0.04790791869163513 -0.008621897548437119
v -0.04795560985803604 0.047904402017593384 -0.009173423051834106
v -0.04740413278341293 0.04789489880204201 -0.006400753743946552
v -0.04781421646475792 0.0478932186961174 -0.0010320094879716635
v -0.04813935235142708 0.04789632186293602 -0.0005453713238239288
v -0.04825352877378464 0.047896940261125565 2.8659575036726892e-05
v -0.04813935607671738 0.04789497330784798 0.0006026803748682141
v -0.04781422019004822 0.04789072275161743 0.00108931097202003
v -0.047327615320682526 0.04788483306765556 0.0014144633896648884
v -0.048324134200811386 0.04788908734917641 0.0073780943639576435
v -0.04845352843403816 0.04788978397846222 0.008028658106923103
v -0.048324134200811386 0.04788755625486374 0.00867921020835638
v -0.04795564338564873 0.04788273945450783 0.009230727329850197
v -0.047404129058122635 0.04789859429001808 -0.009541941806674004
v -0.04740416258573532 0.047876063734292984 0.009599233977496624
v -0.05012611672282219 0.054654914885759354 0.011623530648648739
v -0.05029204860329628 0.05490921810269356 0.009574628435075283
v -0.050126075744628906 0.05468219146132469 -0.011550284922122955
v -0.050789158791303635 0.05443736910820007 -0.009593074209988117
v -0.050292015075683594 0.05493167042732239 -0.009500782005488873
v -0.05085599794983864 0.0549335852265358 -0.0057065365836024284
v -0.05114017426967621 0.054438844323158264 -0.0074715930968523026
v -0.05135856568813324 0.054439302533864975 -0.00576234282925725
v -0.05113876610994339 0.054932281374931335 -0.0018810390029102564
v -0.05154469609260559 0.054439011961221695 -0.00372730172239244
v -0.05164404958486557 0.05443798750638962 -0.0019000619649887085
v -0.05167977139353752 0.05443610996007919 3.635048778960481e-05
v -0.05113877356052399 0.0549277663230896 0.0019548970740288496
v -0.05164405703544617 0.0544334277510643 0.001972754718735814
v -0.051544707268476486 0.05443015322089195 0.003799999598413706
v -0.05085602030158043 0.05492006242275238 0.005780391860753298
v -0.05135858431458473 0.05442565307021141 0.005835032556205988
v -0.0511402003467083 0.05442116782069206 0.007544273976236582
v -0.05078919231891632 0.05441470071673393 0.009665747173130512
v -0.04964372515678406 0.05490419641137123 0.007609963417053223
v -0.049403171986341476 0.05490243807435036 0.006790657993406057
v -0.04894155263900757 0.054898060858249664 0.006072320509701967
v -0.04829626530408859 0.05489141866564751 0.0055131325498223305
v -0.04751959070563316 0.05488305166363716 0.005158409010618925
v -0.04829627647995949 0.05488547682762146 0.010560651309788227
v -0.04894155636429787 0.05489343777298927 0.010001478716731071
v -0.0482962466776371 0.05490431189537048 -0.005439340136945248
v -0.04894153028726578 0.054912269115448 -0.005998509470373392
v -0.04751959815621376 0.05487627536058426 0.010915356688201427
v -0.04751957207918167 0.054895106703042984 -0.005084631033241749
v -0.049643728882074356 0.054903190582990646 0.008463851176202297
v -0.049403175711631775 0.05489950627088547 0.009283151477575302
v -0.049403149634599686 0.05491833761334419 -0.00671684043481946
v -0.04964369907975197 0.05492202192544937 -0.007536136079579592
v -0.0482962392270565 0.05491025373339653 -0.010486855171620846
v -0.04894152283668518 0.05491689592599869 -0.009927671402692795
v -0.04940314590930939 0.05492126941680908 -0.009209329262375832
v -0.04964369907975197 0.054923027753829956 -0.008390024304389954
v -0.047519560903310776 0.054901883006095886 -0.010841582901775837
v -0.04727105423808098 0.05288451164960861 0.0014203483005985618
v -0.04775765538215637 0.05289040133357048 0.0010951958829537034
v -0.04819696396589279 0.05289661884307861 3.454449324635789e-05
v -0.04808279126882553 0.05289600417017937 -0.0005394864128902555
v -0.04808279126882553 0.052894651889801025 0.0006085652858018875
v -0.04727105051279068 0.052887775003910065 -0.0013512881705537438
v -0.047757651656866074 0.05289289727807045 -0.0010261244606226683
v 0.024921266362071037 0.043709900230169296 -0.03481617569923401
v 0.024869229644536972 0.03911019489169121 -0.034821588546037674
v 0.025868309661746025 0.04369741305708885 -0.03330887854099274
v 0.02581627294421196 0.039097707718610764 -0.0333142951130867
v 0.02606760896742344 0.04369307681918144 -0.031539905816316605
v 0.026015570387244225 0.039093367755413055 -0.03154532238841057
v 0.025479691103100777 0.043697748333215714 -0.0298596303910017
v 0.02542765438556671 0.039098042994737625 -0.029865045100450516
v 0.02422100119292736 0.043710507452487946 -0.028600849211215973
v 0.024168964475393295 0.03911080211400986 -0.028606263920664787
v 0.02254083752632141 0.043728820979595184 -0.028012875467538834
v 0.022488800808787346 0.039129115641117096 -0.028018290176987648
v 0.020771976560354233 0.043749067932367325 -0.0282121729105711
v 0.020719939842820168 0.039149362593889236 -0.028217585757374763
v 0.019264763221144676 0.043767236173152924 -0.029159260913729668
v 0.01921272650361061 0.03916752710938454 -0.029164675623178482
v 0.023290008306503296 0.04372278228402138 -0.03008260577917099
v 0.022344915196299553 0.04373308643698692 -0.029751870781183243
v 0.02134993113577366 0.04374447464942932 -0.02986397221684456
v 0.02050212398171425 0.043754693120718 -0.030396711081266403
v 0.01991982012987137 0.04376246780157089 -0.03140535205602646
v 0.01822955720126629 0.04378105700016022 -0.030952397733926773
v 0.019919821992516518 0.043763838708400726 -0.03257003799080849
v 0.018229560926556587 0.04378349334001541 -0.03302295133471489
v 0.020502129569649696 0.04375843703746796 -0.03357869014143944
v 0.019264772534370422 0.043773893266916275 -0.034816108644008636
v 0.021510714665055275 0.043747711926698685 -0.0341610461473465
v 0.021057812497019768 0.04375482723116875 -0.035851407796144485
v 0.022675326094031334 0.04373453930020332 -0.03416105732321739
v 0.02312823198735714 0.04373140260577202 -0.035851430147886276
v 0.023683905601501465 0.04372244328260422 -0.033578723669052124
v 0.02421661838889122 0.04371541738510132 -0.03273086994886398
v 0.024328723549842834 0.043712977319955826 -0.031735826283693314
v 0.023998020216822624 0.04371560737490654 -0.030790667980909348
v 0.023722369223833084 0.04712222144007683 -0.033574722707271576
v 0.02425508014857769 0.04711519554257393 -0.032726868987083435
v 0.024367187172174454 0.047112755477428436 -0.031731825321912766
v 0.024036481976509094 0.04711538553237915 -0.03078666515648365
v 0.023328470066189766 0.04712256044149399 -0.030078602954745293
v 0.022383376955986023 0.047132864594459534 -0.029747869819402695
v 0.02138839289546013 0.04714425280690193 -0.02985996939241886
v 0.02054058574140072 0.04715447127819061 -0.030392710119485855
v 0.04246244579553604 0.04347928613424301 -0.007487366441637278
v 0.042410410940647125 0.03887958079576492 -0.007492780685424805
v 0.04192658141255379 0.04348299652338028 -0.005487361457198858
v 0.04187454283237457 0.03888328745961189 -0.005492775700986385
v 0.040462568402290344 0.04349783435463905 -0.004023246932774782
v 0.04041053354740143 0.038898129016160965 -0.004028661176562309
v 0.038462694734334946 0.04351982846856117 -0.003487326204776764
v 0.03841065987944603 0.038920123130083084 -0.0034927402157336473
v 0.036462828516960144 0.04354308545589447 -0.004023200366646051
v 0.03641078993678093 0.03894337639212608 -0.0040286146104335785
v 0.0349988229572773 0.04356136918067932 -0.005487281363457441
v 0.034946784377098083 0.03896166384220123 -0.005492695607244968
v 0.03446296229958534 0.04356978461146355 -0.007487274240702391
v 0.03441092371940613 0.03897007927298546 -0.0074926880188286304
v 0.04041113331913948 0.04350116848945618 -0.006362343207001686
v 0.03958762809634209 0.04350951686501503 -0.0055387807078659534
v 0.038462698459625244 0.04352188855409622 -0.005237324628978968
v 0.037337776273489 0.04353496804833412 -0.005538754630833864
v 0.036514271050691605 0.043545253574848175 -0.006362298037856817
v 0.036212850362062454 0.04354998841881752 -0.007487294264137745
v 0.0365142747759819 0.04354790225625038 -0.008612297475337982
v 0.034998830407857895 0.04356607794761658 -0.009487278759479523
v 0.0373377799987793 0.04353955760598183 -0.0094358641654253
v 0.03646283969283104 0.0435512401163578 -0.010951397940516472
v 0.03846270591020584 0.043527185916900635 -0.009737319312989712
v 0.03846270963549614 0.043529246002435684 -0.011487318202853203
v 0.039587635546922684 0.043514102697372437 -0.00943589024245739
v 0.04046257957816124 0.043505989015102386 -0.010951443575322628
v 0.04041113704442978 0.04350381717085838 -0.008612342178821564
v 0.041926588863134384 0.04348770156502724 -0.009487359784543514
v 0.04071256145834923 0.04349908232688904 -0.007487346418201923
v 0.04075102135539055 0.04689886048436165 -0.007483344525098801
v 0.0404495969414711 0.04690094664692879 -0.006358341313898563
v 0.039626091718673706 0.04690929502248764 -0.005534778814762831
v 0.03850116208195686 0.04692166671156883 -0.005233323201537132
v 0.03737623617053032 0.04693474620580673 -0.0055347527377307415
v 0.036552734673023224 0.046945031732320786 -0.006358296610414982
v 0.036251310259103775 0.04694976657629013 -0.007483292371034622
v 0.03554261103272438 0.04352022334933281 0.024241551756858826
v 0.035490572452545166 0.03892051801085472 0.02423613704741001
v 0.033749572932720184 0.043539293110370636 0.025276845321059227
v 0.03369753435254097 0.03893958404660225 0.025271430611610413
v 0.03167915344238281 0.043562714010477066 0.025276867672801018
v 0.0316271148622036 0.03896300867199898 0.025271454825997353
v 0.029886117205023766 0.04358421638607979 0.02424161694943905
v 0.0298340804874897 0.0389845110476017 0.024236202239990234
v 0.028850911185145378 0.04359804093837738 0.022448476403951645
v 0.028798872604966164 0.03899833559989929 0.02244306169450283
v 0.028850914910435677 0.043600477278232574 0.020377924665808678
v 0.028798876330256462 0.039000771939754486 0.020372509956359863
v 0.02988612838089466 0.04359087720513344 0.018584759905934334
v 0.029834089800715446 0.03899117186665535 0.01857934519648552
v 0.034887563437223434 0.04353164881467819 0.0208307895809412
v 0.03657782822847366 0.04351305961608887 0.020377835258841515
v 0.034887563437223434 0.04353027790784836 0.02199547179043293
v 0.036577824503183365 0.04351062327623367 0.022448386996984482
v 0.03430525213479996 0.04353567957878113 0.02300412952899933
v 0.03329667076468468 0.0435464046895504 0.02358647808432579
v 0.03213205933570862 0.04355958104133606 0.023586491122841835
v 0.031123477965593338 0.043571677058935165 0.023004166781902313
v 0.030541174113750458 0.043579451739788055 0.02199552208185196
v 0.030541175976395607 0.04358082264661789 0.02083083987236023
v 0.031123483553528786 0.04357542097568512 0.01982218213379383
v 0.032132066786289215 0.04356469586491585 0.01923983357846737
v 0.031679168343544006 0.04357181116938591 0.017549466341733932
v 0.033296678215265274 0.04355151951313019 0.019239820539951324
v 0.03374958410859108 0.04354838654398918 0.017549442127346992
v 0.034305259585380554 0.04353942349553108 0.019822144880890846
v 0.03554261848330498 0.04352688416838646 0.01858469471335411
v 0.03434371575713158 0.04693545773625374 0.023008130490779877
v 0.033335134387016296 0.04694618284702301 0.02359047904610634
v 0.03217052295804024 0.04695935919880867 0.023590493947267532
v 0.031161939725279808 0.046971455216407776 0.02300816774368286
v 0.030579635873436928 0.046979229897260666 0.021999523043632507
v 0.030579637736082077 0.0469806008040905 0.020834842696785927
v 0.031161945313215256 0.04697519913315773 0.01982618309557438
v 0.008215298876166344 0.04380873218178749 0.04178420454263687
v 0.008163261227309704 0.0392090268433094 0.04177878797054291
v 0.006215427536517382 0.04383198916912079 0.04124832898378372
v 0.006163390353322029 0.0392322838306427 0.04124291613698006
v 0.004751422442495823 0.04385027661919594 0.03978424891829491
v 0.00469938525930047 0.03925056755542755 0.03977883234620094
v 0.00421556131914258 0.043858692049980164 0.03778425231575966
v 0.0041635241359472275 0.039258986711502075 0.037778835743665695
v 0.0047514294274151325 0.043854981660842896 0.035784248262643814
v 0.00469939224421978 0.03925527632236481 0.03577883541584015
v 0.006215439643710852 0.04384014382958412 0.03432013466954231
v 0.006163402460515499 0.03924043849110603 0.03431472182273865
v 0.008215312846004963 0.043818149715662 0.03378421440720558
v 0.008163275197148323 0.039218444377183914 0.033778801560401917
v 0.010163736529648304 0.043790075927972794 0.0389091819524765
v 0.011679181829094887 0.0437719002366066 0.03978416696190834
v 0.009340230375528336 0.04379842057824135 0.03973274677991867
v 0.010215171612799168 0.04378673806786537 0.04124828055500984
v 0.008215301670134068 0.04381079226732254 0.040034204721450806
v 0.007090373896062374 0.04382387548685074 0.03973277285695076
v 0.006266871467232704 0.04383416101336479 0.03890922665596008
v 0.005965449381619692 0.04383889585733414 0.03778422996401787
v 0.006266875192523003 0.043836809694767 0.03665923699736595
v 0.007090380880981684 0.043828461319208145 0.035835668444633484
v 0.008215309120714664 0.04381608963012695 0.03553421422839165
v 0.009340236894786358 0.04380301013588905 0.035835642367601395
v 0.010215183719992638 0.043794892728328705 0.03432008996605873
v 0.010163740254938602 0.043792724609375 0.03665919229388237
v 0.011679188348352909 0.043776609003543854 0.035784170031547546
v 0.010465161874890327 0.043787989765405655 0.03778417780995369
v 0.01221504993736744 0.04376819357275963 0.0377841591835022
v 0.008253763429820538 0.04721057042479515 0.040038205683231354
v 0.0071288361214101315 0.04722365364432335 0.039736777544021606
v 0.006305333226919174 0.0472339391708374 0.03891322761774063
v 0.006003911606967449 0.04723867401480675 0.037788234651088715
v 0.00630533741787076 0.04723658785223961 0.0366632379591465
v 0.007128843106329441 0.047228239476680756 0.03583966940641403
v 0.008253771811723709 0.047215867787599564 0.035538215190172195
v -0.02351151779294014 0.044175807386636734 0.03486435115337372
v -0.023563554510474205 0.039576102048158646 0.034858934581279755
v -0.024546725675463676 0.044189631938934326 0.03307121619582176
v -0.02459876239299774 0.03958992287516594 0.0330658033490181
v -0.024546721950173378 0.04419206827878952 0.031000664457678795
v -0.024598758667707443 0.03959236294031143 0.03099524974822998
v -0.023511508479714394 0.044182468205690384 0.02920749969780445
v -0.02356354519724846 0.039582759141922 0.029202084988355637
v -0.021718468517065048 0.044163402169942856 0.02817220613360405
v -0.021770507097244263 0.03956369310617447 0.028166793286800385
v -0.019648050889372826 0.04413997754454613 0.02817218378186226
v -0.01970008760690689 0.03954027220606804 0.028166769072413445
v -0.01785501465201378 0.044118475168943405 0.029207434505224228
v -0.017907051369547844 0.03951876983046532 0.029202019795775414
v -0.01948627270758152 0.044131357222795486 0.03394100442528725
v -0.018555279821157455 0.044119082391262054 0.03542276471853256
v -0.020431365817785263 0.04414166137576103 0.034271739423274994
v -0.020235445350408554 0.04413739591836929 0.036010731011629105
v -0.021426349878311157 0.04415304958820343 0.034159641712903976
v -0.022004306316375732 0.044157642871141434 0.035811442881822586
v -0.022274157032370567 0.04416326805949211 0.033626899123191833
v -0.022856460884213448 0.044171042740345 0.032618261873722076
v -0.0228564590215683 0.044172413647174835 0.03145357966423035
v -0.02227415144443512 0.044167011976242065 0.030444921925663948
v -0.02126557007431984 0.044156286865472794 0.02986256591975689
v -0.02010095864534378 0.044143110513687134 0.029862552881240845
v -0.01909237541258335 0.04413101449608803 0.030444884672760963
v -0.018559664487838745 0.04412399232387543 0.031292740255594254
v -0.01690797321498394 0.04410598427057266 0.0307147353887558
v -0.01844755932688713 0.044121552258729935 0.03228778392076492
v -0.016708673909306526 0.04410164803266525 0.03248370811343193
v -0.018778260797262192 0.04412418231368065 0.03323294594883919
v -0.01729658991098404 0.04410632327198982 0.034163981676101685
v -0.022235695272684097 0.04756304621696472 0.03363090008497238
v -0.022817999124526978 0.04757082089781761 0.032622262835502625
v -0.02281799726188183 0.047572191804647446 0.031457580626010895
v -0.02223568968474865 0.047566790133714676 0.030448922887444496
v -0.02122710645198822 0.047556065022945404 0.029866566881537437
v -0.02006249502301216 0.047542888671159744 0.029866553843021393
v -0.01905391365289688 0.04753079265356064 0.03044888749718666
v -0.04105269908905029 0.04440642148256302 0.007535543758422136
v -0.04110473766922951 0.03980671614408493 0.007530129514634609
v -0.04051683098077774 0.04440271481871605 0.005535542499274015
v -0.040568869560956955 0.03980300948023796 0.005530128255486488
v -0.039052821695804596 0.04438787326216698 0.004071420524269342
v -0.03910485655069351 0.03978816792368889 0.004066006280481815
v -0.0370529480278492 0.04436587914824486 0.0035354995634406805
v -0.03710498288273811 0.03976617380976677 0.003530085552483797
v -0.0350530780851841 0.04434262588620186 0.004071373958140612
v -0.03510511666536331 0.03974292054772377 0.0040659597143530846
v -0.03358907252550125 0.04432433843612671 0.005535461939871311
v -0.033641111105680466 0.03972463309764862 0.005530048161745071
v -0.033053211867809296 0.044315923005342484 0.007535451091825962
v -0.03310525044798851 0.039716217666864395 0.007530036848038435
v -0.035104528069496155 0.04433780536055565 0.008660474792122841
v -0.03358907997608185 0.04431962966918945 0.009535452350974083
v -0.03592803329229355 0.0443461537361145 0.009484040550887585
v -0.03505309298634529 0.044334471225738525 0.010999574325978756
v -0.03705295920372009 0.044358525425195694 0.00978549662977457
v -0.03705296292901039 0.044356465339660645 0.011535495519638062
v -0.03817788511514664 0.044371604919433594 0.009484066627919674
v -0.03905283287167549 0.044379718601703644 0.010999620892107487
v -0.03900139033794403 0.04438189044594765 0.008660519495606422
v -0.04051683843135834 0.04439800605177879 0.0095355324447155
v -0.03930281102657318 0.04438662528991699 0.007535523734986782
v -0.03900138661265373 0.044384539127349854 0.006410520523786545
v -0.03817787766456604 0.044376190751791 0.005586954299360514
v -0.037052951753139496 0.04436381906270981 0.005285498220473528
v -0.03592802584171295 0.04435073956847191 0.0055869282223284245
v -0.035104524344205856 0.044340454041957855 0.006410475354641676
v -0.03480309993028641 0.04433571919798851 0.007535471580922604
v -0.03926434740424156 0.0477864034473896 0.0075395251624286175
v -0.03896292299032211 0.047784317284822464 0.00641452195122838
v -0.03813941776752472 0.04777596890926361 0.005590955726802349
v -0.03701448813080788 0.04776359722018242 0.005289500113576651
v -0.03588956221938133 0.04775051772594452 0.00559092964977026
v -0.03506606072187424 0.047740232199430466 0.006414477247744799
v -0.03476464003324509 0.04773549735546112 0.007539473008364439
v -0.034132860600948334 0.04436548426747322 -0.024193374440073967
v -0.03418489918112755 0.03976577892899513 -0.02419878914952278
v -0.03233982250094414 0.04434641823172569 -0.025228671729564667
v -0.03239186108112335 0.039746712893247604 -0.025234084576368332
v -0.030269404873251915 0.044322993606328964 -0.025228695943951607
v -0.03032144159078598 0.039723288267850876 -0.025234108790755272
v -0.028476368635892868 0.04430149123072624 -0.02419343963265419
v -0.028528407216072083 0.039701785892248154 -0.024198854342103004
v -0.02744116261601448 0.04428767040371895 -0.022400299087166786
v -0.027493199333548546 0.03968796133995056 -0.0224057137966156
v -0.02744116634130478 0.044285230338573456 -0.020329751074314117
v -0.027493203058838844 0.03968552500009537 -0.020335165783762932
v -0.028476379811763763 0.04429483413696289 -0.018536586314439774
v -0.02852841652929783 0.039695125073194504 -0.018542001023888588
v -0.03175245597958565 0.04433054476976395 -0.01739012822508812
v -0.03343261778354645 0.04435024410486221 -0.017978060990571976
v -0.03289550915360451 0.04434628412127495 -0.019773971289396286
v -0.034691303968429565 0.04436596855521202 -0.019236812368035316
v -0.033477816730737686 0.04435405880212784 -0.02078261226415634
v -0.03527921438217163 0.04437459632754326 -0.020917078480124474
v -0.03347781300544739 0.04435542970895767 -0.02194729819893837
v -0.03507990762591362 0.04437442496418953 -0.022686053067445755
v -0.03289550542831421 0.0443500280380249 -0.02295595221221447
v -0.03188692405819893 0.04433930292725563 -0.02353830449283123
v -0.03072231262922287 0.04432613030076027 -0.023538317531347275
v -0.02971372939646244 0.04431403428316116 -0.022955989465117455
v -0.02913142554461956 0.04430625960230827 -0.0219473484903574
v -0.02913142740726471 0.04430488869547844 -0.02078266255557537
v -0.029713734984397888 0.04431028664112091 -0.01977400854229927
v -0.030722320079803467 0.04432101175189018 -0.01919165626168251
v -0.02998359501361847 0.04431077092885971 -0.017589466646313667
v -0.031886931508779526 0.04433418810367584 -0.019191643223166466
v -0.03285704180598259 0.04774980619549751 -0.022951951250433922
v -0.03184846043586731 0.04773908108472824 -0.023534303531050682
v -0.0306838508695364 0.04772590473294258 -0.023534316569566727
v -0.02967526763677597 0.047713812440633774 -0.022951986640691757
v -0.02909296378493309 0.047706037759780884 -0.0219433456659317
v -0.02909296564757824 0.04770466685295105 -0.020778661593794823
v -0.029675273224711418 0.04771006479859352 -0.019770007580518723
v -0.02351139672100544 0.04425782337784767 -0.03481561690568924
v -0.023563433438539505 0.03965811803936958 -0.034821029752492905
v -0.021718358621001244 0.04423875734210014 -0.03585091233253479
v -0.02177039533853531 0.039639052003622055 -0.035856325179338455
v -0.019647939130663872 0.04421533644199371 -0.03585093468427658
v -0.019699975848197937 0.039615631103515625 -0.035856351256370544
v -0.017854902893304825 0.04419383034110069 -0.03481568023562431
v -0.01790694147348404 0.039594125002622604 -0.03482109308242798
v -0.016819698736071587 0.0441800095140934 -0.03302254527807236
v -0.016871735453605652 0.03958030417561531 -0.03302795812487602
v -0.016819702461361885 0.044177573174238205 -0.03095199167728424
v -0.01687173917889595 0.03957786783576012 -0.030957406386733055
v -0.01785491406917572 0.04418717324733734 -0.029158830642700195
v -0.017906950786709785 0.03958746790885925 -0.02916424535214901
v -0.020100854337215424 0.04421335458755493 -0.029813896864652634
v -0.019647952169179916 0.04420623928308487 -0.028123535215854645
v -0.021265465766191483 0.04422652721405029 -0.02981388382613659
v -0.021718371659517288 0.0442296639084816 -0.028123511001467705
v -0.022274047136306763 0.0442386232316494 -0.030396215617656708
v -0.023511406034231186 0.04425116628408432 -0.029158765450119972
v -0.022856350988149643 0.04424639791250229 -0.03140485659241676
v -0.024546613916754723 0.044264987111091614 -0.030951902270317078
v -0.022856349125504494 0.04424776881933212 -0.03256954252719879
v -0.024546610191464424 0.044267427176237106 -0.033022455871105194
v -0.022274041548371315 0.04424237087368965 -0.03357819467782974
v -0.021265458315610886 0.04423164576292038 -0.0341605506837368
v -0.020100846886634827 0.04421846941113472 -0.0341605618596077
v -0.019092263653874397 0.044206373393535614 -0.03357822820544243
v -0.018509959802031517 0.044198598712682724 -0.03256959095597267
v -0.018509961664676666 0.04419722780585289 -0.03140490874648094
v -0.019092269241809845 0.04420262947678566 -0.030396252870559692
v -0.022235579788684845 0.04764214903116226 -0.033574189990758896
v -0.021226996555924416 0.04763142392039299 -0.034156545996665955
v -0.020062385126948357 0.04761824756860733 -0.03415656089782715
v -0.019053801894187927 0.047606151551008224 -0.03357422724366188
v -0.018471498042345047 0.047598376870155334 -0.03256558999419212
v -0.018471499904990196 0.0475970059633255 -0.031400904059410095
v -0.019053807482123375 0.04760240763425827 -0.030392251908779144
v -0.041052673012018204 0.04442410171031952 -0.007486399728804827
v -0.04110471159219742 0.03982439637184143 -0.0074918135069310665
v -0.04051680490374565 0.04442039504647255 -0.009486404247581959
v -0.040568843483924866 0.03982068970799446 -0.009491818957030773
v -0.03905279561877251 0.044405557215213776 -0.010950523428618908
v -0.03910483047366142 0.03980584815144539 -0.010955937206745148
v -0.03705292195081711 0.044383563101291656 -0.011486443690955639
v -0.037104956805706024 0.03978385776281357 -0.011491857469081879
v -0.03505305200815201 0.04436030611395836 -0.010950569063425064
v -0.03510509058833122 0.03976060077548027 -0.010955983772873878
v -0.03358904644846916 0.04434201866388321 -0.00948648527264595
v -0.033641085028648376 0.03974231332540512 -0.00949189905077219
v -0.033053185790777206 0.044333603233098984 -0.007486491929739714
v -0.03310522437095642 0.039733897894620895 -0.007491906173527241
v -0.035104501992464066 0.04435548558831215 -0.006361468695104122
v -0.03358905389904976 0.04433731362223625 -0.005486486945301294
v -0.03592800721526146 0.044363833963871 -0.0055379061959683895
v -0.0350530669093132 0.044352151453495026 -0.004022372420877218
v -0.037052933126688004 0.044376205652952194 -0.005236450117081404
v -0.0370529368519783 0.044374145567417145 -0.0034864516928792
v -0.03817785903811455 0.044389285147190094 -0.0055378801189363
v -0.0390528067946434 0.04439740255475044 -0.0040223258547484875
v -0.03900136426091194 0.04439957067370415 -0.006361423525959253
v -0.04051681235432625 0.044415686279535294 -0.005486406851559877
v -0.03930278494954109 0.04440430551767349 -0.007486419752240181
v -0.03900136053562164 0.044402219355106354 -0.008611422963440418
v -0.03817785158753395 0.0443938747048378 -0.009434989653527737
v -0.03705292567610741 0.04438150301575661 -0.009736444801092148
v -0.03592799976468086 0.04436841979622841 -0.009435015730559826
v -0.03510449826717377 0.044358134269714355 -0.008611467666924
v -0.03480307385325432 0.04435339942574501 -0.0074864719063043594
v -0.03926432132720947 0.0478040836751461 -0.007482417859137058
v -0.038962896913290024 0.047801997512578964 -0.008607421070337296
v -0.03813939169049263 0.04779365286231041 -0.009430987760424614
v -0.03701446205377579 0.04778128117322922 -0.0097324438393116
v -0.03588953614234924 0.04776819795370102 -0.009431013837456703
v -0.03506603464484215 0.047757912427186966 -0.008607466705143452
v -0.034764613956213 0.04775317758321762 -0.007482470013201237
v -0.0341329462826252 0.04430847242474556 0.024242358282208443
v -0.034184981137514114 0.03970876708626747 0.02423694357275963
v -0.035079989582300186 0.044320959597826004 0.022735057398676872
v -0.0351320244371891 0.039721254259347916 0.022729644551873207
v -0.0352792851626873 0.04432529956102371 0.02096608467400074
v -0.035331323742866516 0.039725590497255325 0.020960671827197075
v -0.03469137102365494 0.04432062432169914 0.019285809248685837
v -0.034743405878543854 0.039720918983221054 0.01928039640188217
v -0.03343268111348152 0.04430786520242691 0.01802702806890011
v -0.03348471596837044 0.03970815986394882 0.018021613359451294
v -0.03175251558423042 0.04428955167531967 0.01743905432522297
v -0.03180455416440964 0.03968984633684158 0.017433639615774155
v -0.029983656480908394 0.04426930472254753 0.017638351768255234
v -0.03003569319844246 0.03966959938406944 0.01763293705880642
v -0.028476443141698837 0.04425114020705223 0.018585436046123505
v -0.028528479859232903 0.039651431143283844 0.01858002133667469
v -0.03056160919368267 0.044273898005485535 0.019290151074528694
v -0.02971380390226841 0.044263679534196854 0.01982288621366024
v -0.02913150005042553 0.044255904853343964 0.020831530913710594
v -0.02744123712182045 0.04423731565475464 0.02037857659161091
v -0.02913150191307068 0.04425453394651413 0.021996213123202324
v -0.0274412389844656 0.044234879314899445 0.022449128329753876
v -0.029713809490203857 0.0442599356174469 0.023004870861768723
v -0.028476454317569733 0.04424447938799858 0.02424229308962822
v -0.030722394585609436 0.04427066072821617 0.023587219417095184
v -0.03026949241757393 0.04426354542374611 0.02527758665382862
v -0.031887006014585495 0.04428383708000183 0.02358723245561123
v -0.0323399119079113 0.04428697004914284 0.02527761086821556
v -0.03289558365941048 0.04429592937231064 0.023004908114671707
v -0.03342830017209053 0.04430295526981354 0.02215704508125782
v -0.033540401607751846 0.04430539533495903 0.02116200141608715
v -0.033209700137376785 0.044302765280008316 0.020216846838593483
v -0.03250168636441231 0.04429559037089348 0.019508780911564827
v -0.031556595116853714 0.04428528621792793 0.019178053364157677
v -0.032857123762369156 0.04769570752978325 0.023008909076452255
v -0.03338983654975891 0.04770273342728615 0.022161047905683517
v -0.033501941710710526 0.04770517349243164 0.0211660023778677
v -0.033171236515045166 0.047702543437480927 0.02022084780037403
v -0.03246322646737099 0.04769536852836609 0.019512781873345375
v -0.031518131494522095 0.04768506437540054 0.019182054325938225
v -0.0305231474339962 0.047673676162958145 0.019294152036309242
v -0.02967534214258194 0.047663457691669464 0.019826889038085938
v -0.006805695127695799 0.04397866874933243 0.0417843759059906
v -0.006857731845229864 0.03937896341085434 0.041778963059186935
v -0.008805565536022186 0.04400192201137543 0.04124850407242775
v -0.008857603184878826 0.03940221667289734 0.041243087500333786
v -0.010269571095705032 0.04402020946145058 0.039784420281648636
v -0.010321607813239098 0.03942050412297249 0.03977900743484497
v -0.010805432684719563 0.0440286248922348 0.03778442367911339
v -0.010857469402253628 0.039428919553756714 0.03777901083230972
v -0.01026956457644701 0.04402491822838783 0.03578442335128784
v -0.010321601293981075 0.039425212889909744 0.03577901050448418
v -0.008805553428828716 0.04401007667183876 0.03432030975818634
v -0.008857591077685356 0.03941037133336067 0.034314896911382675
v -0.00680568115785718 0.04398808255791664 0.03378438949584961
v -0.006857718341052532 0.03938837721943855 0.033778972923755646
v -0.00485725374892354 0.04396265745162964 0.0366593636572361
v -0.0033418049570173025 0.04394654184579849 0.035784345120191574
v -0.004555832128971815 0.043957922607660294 0.03778435289859772
v -0.0028059440664947033 0.04393812641501427 0.037784334272146225
v -0.004857257939875126 0.04396000877022743 0.03890935704112053
v -0.0033418117091059685 0.04394183307886124 0.03978434205055237
v -0.005680763628333807 0.043968357145786285 0.0397329218685627
v -0.004805821925401688 0.04395667463541031 0.04124845564365387
v -0.006805691868066788 0.04398072883486748 0.04003437981009483
v -0.007930619642138481 0.04399380832910538 0.03973294794559479
v -0.008754123002290726 0.04400409385561943 0.03890940174460411
v -0.00905554462224245 0.044008828699588776 0.037784405052661896
v -0.008754118345677853 0.04400674253702164 0.03665940836071968
v -0.007930612191557884 0.04399839788675308 0.03583584353327751
v -0.0068056839518249035 0.04398602619767189 0.03553438559174538
v -0.005680756643414497 0.04397294297814369 0.03583581745624542
v -0.004805810283869505 0.04396482929587364 0.03432026132941246
v -0.00676722964271903 0.04738050699234009 0.04003838077187538
v -0.007892156951129436 0.04739358648657799 0.039736948907375336
v -0.008715660311281681 0.04740387201309204 0.03891340270638466
v -0.009017081931233406 0.047408606857061386 0.037788406014442444
v -0.008715656585991383 0.04740652069449425 0.03666341304779053
v -0.007892150431871414 0.04739817604422569 0.03583984449505806
v -0.0067672221921384335 0.0473858043551445 0.03553839027881622
v 0.024921145290136337 0.04362788423895836 0.03486378863453865
v 0.024869108572602272 0.03902817890048027 0.034858375787734985
v 0.02312810719013214 0.04364695027470589 0.0358990877866745
v 0.023076070472598076 0.0390472449362278 0.035893674939870834
v 0.02105768769979477 0.043670374900102615 0.03589911386370659
v 0.021005650982260704 0.03907066583633423 0.035893697291612625
v 0.019264651462435722 0.04369187727570534 0.03486385568976402
v 0.019212614744901657 0.03909217193722725 0.03485843911767006
v 0.018229447305202484 0.04370569810271263 0.03307072073221207
v 0.01817740872502327 0.03910599276423454 0.0330653078854084
v 0.018229451030492783 0.043708134442567825 0.0310001689940691
v 0.018177412450313568 0.03910842910408974 0.030994754284620285
v 0.019264662638306618 0.04369853436946869 0.029207004234194756
v 0.019212624058127403 0.0390988290309906 0.02920159138739109
v 0.02328990399837494 0.04365190863609314 0.030130255967378616
v 0.02422090247273445 0.04364312067627907 0.028648482635617256
v 0.023997914046049118 0.04364306852221489 0.03083830513060093
v 0.02547958679497242 0.04362739995121956 0.029907234013080597
v 0.02432861365377903 0.043638214468955994 0.03178345039486885
v 0.026067499071359634 0.04361877217888832 0.031587496399879456
v 0.024216504767537117 0.043638311326503754 0.03277850151062012
v 0.025868194177746773 0.04361894354224205 0.033356472849845886
v 0.023683790117502213 0.04364334046840668 0.03362636640667915
v 0.022675206884741783 0.04365406557917595 0.03420872241258621
v 0.021510595455765724 0.04366723820567131 0.034208737313747406
v 0.020502012223005295 0.043679334223270416 0.03362640365958214
v 0.019919708371162415 0.043687108904123306 0.03261776641011238
v 0.019919710233807564 0.04368847981095314 0.03145308420062065
v 0.020502017810940742 0.04368308186531067 0.030444426462054253
v 0.021349826827645302 0.04367411509156227 0.029911670833826065
v 0.020771879702806473 0.04368259757757187 0.02825988456606865
v 0.022344810888171196 0.043662991374731064 0.02979954332113266
v 0.02254074066877365 0.043662820011377335 0.0280605461448431
v 0.023722251877188683 0.04704311862587929 0.0336303673684597
v 0.022713668644428253 0.04705384001135826 0.03421272337436676
v 0.021549057215452194 0.04706701636314392 0.034212738275527954
v 0.020540473982691765 0.04707911238074303 0.033630404621362686
v 0.019958170130848885 0.04708688706159592 0.03262176737189293
v 0.019958171993494034 0.04708825796842575 0.0314570851624012
v 0.020540479570627213 0.04708285629749298 0.0304484274238348
v 0.04246241971850395 0.04346160590648651 0.007534576579928398
v 0.042410384863615036 0.03886190056800842 0.007529162336140871
v 0.0419265553355217 0.04346531257033348 0.009534577839076519
v 0.041874516755342484 0.03886560723185539 0.00952916406095028
v 0.040462542325258255 0.04348015412688255 0.010998699814081192
v 0.04041050747036934 0.038880448788404465 0.010993286035954952
v 0.038462668657302856 0.04350214824080467 0.011534621007740498
v 0.03841063380241394 0.038902439177036285 0.011529206298291683
v 0.036462802439928055 0.04352540150284767 0.010998746380209923
v 0.03641076385974884 0.03892569616436958 0.010993332602083683
v 0.03499879688024521 0.04354368895292282 0.009534657932817936
v 0.034946758300065994 0.03894398361444473 0.009529244154691696
v 0.03446293622255325 0.043552104383707047 0.007534669246524572
v 0.03441089764237404 0.03895239904522896 0.007529255002737045
v 0.04041110724210739 0.043483488261699677 0.008659600280225277
v 0.03958760201931 0.04349183663725853 0.00948316603899002
v 0.038462672382593155 0.04350420832633972 0.009784622117877007
v 0.03733775019645691 0.04351728782057762 0.00948319211602211
v 0.036514244973659515 0.043527573347091675 0.008659644983708858
v 0.036212824285030365 0.04353230819106102 0.007534649223089218
v 0.036514248698949814 0.04353022202849388 0.006409646011888981
v 0.034998804330825806 0.04354839771986008 0.0055346679873764515
v 0.03733775392174721 0.04352187365293503 0.00558607978746295
v 0.03646281361579895 0.043533556163311005 0.0040705460123717785
v 0.03846267983317375 0.043509501963853836 0.005284623708575964
v 0.03846268355846405 0.043511562049388885 0.0035346250515431166
v 0.039587609469890594 0.043496422469615936 0.0055860537104308605
v 0.04046255350112915 0.043488308787345886 0.004070499446243048
v 0.04041111096739769 0.04348613694310188 0.006409600842744112
v 0.041926562786102295 0.04347002133727074 0.005534587427973747
v 0.04071253538131714 0.04348140209913254 0.00753459706902504
v 0.04075099527835846 0.04688118025660515 0.007538598496466875
v 0.04044957086443901 0.04688326641917229 0.0086636021733284
v 0.03962606564164162 0.04689161479473114 0.009487167932093143
v 0.038501136004924774 0.04690398648381233 0.00978862401098013
v 0.03737621009349823 0.04691706597805023 0.009487194009125233
v 0.036552708595991135 0.046927351504564285 0.008663646876811981
v 0.036251284182071686 0.04693208634853363 0.0075386506505310535
v 0.03554269298911095 0.04357723519206047 -0.024194180965423584
v 0.03549065813422203 0.03897752985358238 -0.0241995956748724
v 0.036489736288785934 0.043564748018980026 -0.022686881944537163
v 0.03643770143389702 0.03896504268050194 -0.022692294791340828
v 0.03668903559446335 0.04356041178107262 -0.02091791108250618
v 0.036636997014284134 0.03896070644259453 -0.020923325791954994
v 0.036101117730140686 0.04356508329510689 -0.019237631931900978
v 0.03604908287525177 0.0389653779566288 -0.019243046641349792
v 0.03484242781996727 0.04357784241437912 -0.01797885075211525
v 0.034790392965078354 0.03897813707590103 -0.017984265461564064
v 0.03316226601600647 0.04359615966677666 -0.01739088073372841
v 0.033110227435827255 0.03899645060300827 -0.017396295443177223
v 0.03139340505003929 0.0436164028942585 -0.017590178176760674
v 0.03134136646986008 0.03901669755578041 -0.01759559102356434
v 0.029886191710829735 0.0436345711350441 -0.018537262454628944
v 0.02983415499329567 0.03903486579656601 -0.01854267716407776
v 0.034619446843862534 0.043582942336797714 -0.020168673247098923
v 0.033911436796188354 0.04359011724591255 -0.019460607320070267
v 0.03296634182333946 0.0436004213988781 -0.019129876047372818
v 0.03197135776281357 0.043611809611320496 -0.019241977483034134
v 0.031123552471399307 0.04362202808260918 -0.01977471262216568
v 0.030541248619556427 0.04362980276346207 -0.020783353596925735
v 0.028850983828306198 0.04364839196205139 -0.02033040300011635
v 0.030541250482201576 0.0436311736702919 -0.021948039531707764
v 0.028850987553596497 0.043650828301906586 -0.022400951012969017
v 0.031123558059334755 0.04362577199935913 -0.022956693544983864
v 0.02988620288670063 0.04364122822880745 -0.02419411577284336
v 0.032132141292095184 0.04361504688858986 -0.023539045825600624
v 0.03167923912405968 0.04362216219305992 -0.02522941306233406
v 0.03329675272107124 0.0436018742620945 -0.02353905886411667
v 0.03374965861439705 0.04359873756766319 -0.025229437276721
v 0.03430533409118652 0.04358977824449539 -0.02295673079788685
v 0.03483804687857628 0.04358275234699249 -0.02210887335240841
v 0.03495015203952789 0.043580312281847 -0.02111382782459259
v 0.034343793988227844 0.046989556401968 -0.02295272797346115
v 0.0348765105009079 0.0469825305044651 -0.022104870527982712
v 0.034988611936569214 0.04698009043931961 -0.021109825000166893
v 0.03465791046619415 0.046982720494270325 -0.020164670422673225
v 0.033949900418519974 0.04698989540338516 -0.01945660449564457
v 0.03300480544567108 0.04700019955635071 -0.01912587508559227
v 0.03200982138514519 0.047011587768793106 -0.019237974658608437
v 0.031162014231085777 0.04702180624008179 -0.019770711660385132
v 0.008215443231165409 0.0439070388674736 -0.04173620045185089
v 0.008163406513631344 0.039307333528995514 -0.041741617023944855
v 0.010215314105153084 0.0438837856054306 -0.04120032861828804
v 0.010163277387619019 0.039284080266952515 -0.041205741465091705
v 0.01167931966483593 0.043865498155355453 -0.03973624110221863
v 0.011627282947301865 0.039265792816877365 -0.03974165767431259
v 0.012215180322527885 0.04385708272457123 -0.03773625195026398
v 0.01216314360499382 0.03925737738609314 -0.03774166479706764
v 0.011679313145577908 0.0438607893884182 -0.03573625162243843
v 0.011627275496721268 0.03926108404994011 -0.035741664469242096
v 0.010215301997959614 0.04387563094496727 -0.03427213057875633
v 0.010163265280425549 0.03927592560648918 -0.034277547150850296
v 0.00821542926132679 0.04389762505888939 -0.0337362103164196
v 0.008163392543792725 0.0392979197204113 -0.033741626888513565
v 0.008215432986617088 0.04389968514442444 -0.03548621013760567
v 0.007090505212545395 0.04391276463866234 -0.035787638276815414
v 0.006215558387339115 0.04392087832093239 -0.03427208587527275
v 0.006267002318054438 0.04392305016517639 -0.03661118447780609
v 0.004751553293317556 0.04393916577100754 -0.035736169666051865
v 0.005965580698102713 0.04392778500914574 -0.03773617744445801
v 0.004215692635625601 0.04394758120179176 -0.037736158818006516
v 0.006267006509006023 0.0439256988465786 -0.03886118158698082
v 0.004751560278236866 0.043943874537944794 -0.03973616287112236
v 0.007090511731803417 0.04391735419631004 -0.03968474641442299
v 0.006215570494532585 0.04392903298139572 -0.04120028018951416
v 0.008215440437197685 0.04390498250722885 -0.039986204355955124
v 0.009340368211269379 0.04389189928770065 -0.03968477249145508
v 0.010163871571421623 0.0438816137611866 -0.0388612262904644
v 0.010465293191373348 0.043876878917217255 -0.037736229598522186
v 0.01016386691480875 0.04387896507978439 -0.03661122918128967
v 0.009340360760688782 0.043887313455343246 -0.035787664353847504
v 0.008253902196884155 0.04730475693941116 -0.03998219966888428
v 0.009378829970955849 0.047291677445173264 -0.03968077152967453
v 0.010202333331108093 0.04728139191865921 -0.03885722532868385
v 0.010503754951059818 0.047276657074689865 -0.03773222863674164
v 0.010202329605817795 0.047278743237257004 -0.036607228219509125
v 0.009378823451697826 0.04728709161281586 -0.035783663392066956
v 0.008253894746303558 0.04729946330189705 -0.03548220917582512
v -0.006805549841374159 0.04407697543501854 -0.04173602908849716
v -0.006857587024569511 0.03947727009654045 -0.04174144193530083
v -0.004805678967386484 0.04405371844768524 -0.04120015352964401
v -0.004857716150581837 0.03945401310920715 -0.04120556637644768
v -0.0033416738733649254 0.04403543472290039 -0.0397360697388649
v -0.0033937108237296343 0.0394357293844223 -0.039741482585668564
v -0.002805812982842326 0.04402701556682587 -0.03773607686161995
v -0.002857849933207035 0.03942731022834778 -0.037741489708423615
v -0.0033416806254535913 0.044030725955963135 -0.0357360765337944
v -0.003393717808648944 0.039431020617485046 -0.03574148938059807
v -0.004805691074579954 0.04404556378722191 -0.0342719592154026
v -0.004857728257775307 0.03944585844874382 -0.03427737206220627
v -0.006805563811212778 0.04406755790114403 -0.03373603895306587
v -0.006857600994408131 0.03946785256266594 -0.03374145179986954
v -0.004857122898101807 0.04405154660344124 -0.038861051201820374
v -0.004555700812488794 0.04404681548476219 -0.03773605450987816
v -0.004857126623392105 0.04404889792203903 -0.036611057817935944
v -0.005680632311850786 0.044057246297597885 -0.035787492990493774
v -0.006805561017245054 0.04406961798667908 -0.03548603504896164
v -0.00793048832565546 0.044082701206207275 -0.035787466913461685
v -0.00880543515086174 0.044090814888477325 -0.03427191078662872
v -0.008753991685807705 0.04409298673272133 -0.03661101311445236
v -0.010269439779222012 0.044109098613262177 -0.035735998302698135
v -0.00905541330575943 0.044097717851400375 -0.03773600235581398
v -0.010805301368236542 0.0441175177693367 -0.03773598372936249
v -0.008753987960517406 0.044095635414123535 -0.03886100649833679
v -0.01026943325996399 0.04411380738019943 -0.03973598778247833
v -0.007930481806397438 0.04408728703856468 -0.03968457505106926
v -0.00880542304366827 0.04409896954894066 -0.04120010882616043
v -0.00680555310100317 0.04407491534948349 -0.039986029267311096
v -0.005680625792592764 0.04406183212995529 -0.03968460112810135
v -0.006767090875655413 0.0474746935069561 -0.03998202830553055
v -0.0056421635672450066 0.0474616102874279 -0.0396805964410305
v -0.004818660672754049 0.04745132476091385 -0.038857050240039825
v -0.004517239052802324 0.0474465936422348 -0.03773205354809761
v -0.004818664398044348 0.04744867607951164 -0.0366070531308651
v -0.005642170086503029 0.047457024455070496 -0.035783492028713226
v -0.006767098791897297 0.04746939614415169 -0.03548203408718109
v -0.04684412479400635 0.0398787222802639 0.001519220881164074
v -0.046094175428152084 0.039870474487543106 0.001318255322985351
v -0.04600367695093155 0.047869957983493805 0.0013276711106300354
v -0.04554516822099686 0.039864908903837204 0.0007692085928283632
v -0.04545466974377632 0.0478643923997879 0.0007786244386807084
v -0.045344218611717224 0.03986351937055588 1.9208973753848113e-05
v -0.04554516449570656 0.039866674691438675 -0.0007307933992706239
v -0.04545466601848602 0.047866158187389374 -0.0007213775534182787
v -0.046094171702861786 0.03987353295087814 -0.0012798199895769358
v -0.04600367322564125 0.04787301644682884 -0.0012704040855169296
v -0.04684412106871605 0.03988225385546684 -0.0014807756524533033
v -0.046844109892845154 0.03988843038678169 -0.0067307716235518456
v -0.046753622591495514 0.0478869192302227 -0.006721356883645058
v -0.046219151467084885 0.03988155722618103 -0.006898245308548212
v -0.046128664165735245 0.04788004606962204 -0.006888830568641424
v -0.04576164856553078 0.039876922965049744 -0.007355783134698868
v -0.04567115753889084 0.047875408083200455 -0.00734636839479208
v -0.04559418931603432 0.03987576439976692 -0.007980783469974995
v -0.04550370201468468 0.04787424951791763 -0.007971369661390781
v -0.04576164484024048 0.039878394454717636 -0.008605781011283398
v -0.04567115753889084 0.04787687957286835 -0.00859636627137661
v -0.046219147741794586 0.03988410905003548 -0.009063308127224445
v -0.046128660440444946 0.04788259416818619 -0.009053893387317657
v -0.046844106167554855 0.03989137336611748 -0.009230771102011204
v -0.046753618866205215 0.04788985848426819 -0.009221356362104416
v -0.04684413969516754 0.03986959904432297 0.00926921982318163
v -0.0467536523938179 0.04786808416247368 0.009278634563088417
v -0.046219177544116974 0.039862725883722305 0.009101739153265953
v -0.046128690242767334 0.047861211001873016 0.009111153893172741
v -0.045761674642562866 0.03985808789730072 0.008644208312034607
v -0.045671187341213226 0.04785657301545143 0.008653623051941395
v -0.045594219118356705 0.0398569293320179 0.00801920797675848
v -0.045503731817007065 0.04785541445016861 0.008028622716665268
v -0.045761674642562866 0.03985955938696861 0.00739420298486948
v -0.04567118361592293 0.047858044505119324 0.007403617724776268
v -0.046219173818826675 0.03986527398228645 0.006936683319509029
v -0.046128686517477036 0.047863759100437164 0.006946098059415817
v -0.04684413596987724 0.03987254202365875 0.0067692166194319725
v -0.046753644943237305 0.047871027141809464 0.00677863135933876
v -0.04528146982192993 0.04787273332476616 -0.008821371011435986
v -0.04590367153286934 0.04788050800561905 -0.009443609043955803
v -0.046753618866205215 0.04789039120078087 -0.009671356528997421
v -0.047378577291965485 0.04789673164486885 -0.009053878486156464
v -0.04760356247425079 0.04789973795413971 -0.009443589486181736
v -0.04783608391880989 0.047901369631290436 -0.008596341125667095
v -0.0482257679104805 0.047906044870615005 -0.008821336552500725
v -0.04800353944301605 0.04790252819657326 -0.007971339859068394
v -0.04845350980758667 0.047907620668411255 -0.00797133520245552
v -0.04783608391880989 0.04789989814162254 -0.007346343249082565
v -0.0482257716357708 0.04790404438972473 -0.007121338974684477
v -0.04737858101725578 0.0478941835463047 -0.006888816133141518
v -0.04760356992483139 0.04789627343416214 -0.006499103736132383
v -0.046753622591495514 0.04788638651371002 -0.006271356716752052
v -0.045903678983449936 0.04787703976035118 -0.00649912329390645
v -0.04528147354722023 0.047870732843875885 -0.00712137296795845
v -0.04505373165011406 0.047869157046079636 -0.007971374318003654
v 0.0007376367575488985 0.0468132384121418 0.025027485564351082
v 0.00074329215567559 0.04731261730194092 0.02552807331085205
v 0.0063003054820001125 0.04675104469060898 0.02440061792731285
v 0.006417213939130306 0.04724917933344841 0.024888666346669197
v 0.011584040708839893 0.04669344425201416 0.022551577538251877
v 0.011806623078882694 0.04719042778015137 0.02300264872610569
v 0.016323894262313843 0.04664332792162895 0.019573096185922623
v 0.016641274094581604 0.04713930934667587 0.01996459811925888
v 0.020282190293073654 0.04660320654511452 0.015614506788551807
v 0.02067873626947403 0.04709838703274727 0.015926837921142578
v 0.023260440677404404 0.046575091779232025 0.010874327272176743
v 0.023716552183032036 0.04706970974802971 0.011091848835349083
v 0.02510930970311165 0.04656039550900459 0.005590238142758608
v 0.025602396577596664 0.0470547191798687 0.005702080670744181
v 0.02573608048260212 0.046559855341911316 2.721418786677532e-05
v 0.02624170482158661 0.047054167836904526 2.7796892027254216e-05
v 0.02510932832956314 0.046573493629693985 -0.005535799078643322
v 0.025602417066693306 0.04706807807087898 -0.005646479316055775
v 0.02326047793030739 0.04660062864422798 -0.010819844901561737
v 0.02371659129858017 0.047095756977796555 -0.011036204174160957
v 0.020282244309782982 0.04663990065455437 -0.015559960156679153
v 0.020678792148828506 0.047135815024375916 -0.015871118754148483
v 0.016323961317539215 0.046689338982105255 -0.019518453627824783
v 0.016641343012452126 0.047186244279146194 -0.019908785820007324
v 0.011584118939936161 0.04674647003412247 -0.02249682880938053
v 0.011806703172624111 0.047244515269994736 -0.02294672653079033
v 0.0063003902323544025 0.04680842161178589 -0.024345744401216507
v 0.0064173005521297455 0.04730770364403725 -0.024832621216773987
v 0.0007377235451713204 0.0468720905482769 -0.02497248165309429
v 0.0007433806313201785 0.04737264662981033 -0.025471894070506096
v 0.000658450007904321 0.03981368988752365 0.025019245222210884
v 0.006221118848770857 0.03975149616599083 0.024392379447817802
v 0.011504854075610638 0.03969389945268631 0.02254333905875683
v 0.016244707629084587 0.0396437831223011 0.019564857706427574
v 0.0202030036598444 0.03960366174578667 0.015606268309056759
v 0.023181254044175148 0.039575546979904175 0.01086608786135912
v 0.025030121207237244 0.03956085070967674 0.005581999197602272
v 0.025656893849372864 0.03956030681729317 1.897531001304742e-05
v 0.025030141696333885 0.039573945105075836 -0.005544038023799658
v 0.023181291297078133 0.03960108011960983 -0.01082808431237936
v 0.020203057676553726 0.03964035585522652 -0.015568198636174202
v 0.01624477468430996 0.039689794182777405 -0.019526692107319832
v 0.011504932306706905 0.03974692150950432 -0.02250506728887558
v 0.0062212031334638596 0.03980887308716774 -0.024353982880711555
v 0.0006585367955267429 0.03987254202365875 -0.02498072013258934
v 0.03153682127594948 0.039030108600854874 -0.030867569148540497
v 0.02609599009156227 0.03909166157245636 -0.030867505818605423
v 0.026096008718013763 0.03910447657108307 -0.04175384342670441
v 0.014446218498051167 0.03921705111861229 -0.025426197797060013
v 0.003908161539584398 0.039336271584033966 -0.025426074862480164
v 0.003908170852810144 0.03934267535805702 -0.03086724877357483
v 0.0315367765724659 0.03899979218840599 -0.005112169776111841
v 0.02609594538807869 0.03906134516000748 -0.005112106911838055
v 0.026095960289239883 0.039071545004844666 -0.013775830157101154
v -0.04111674800515175 0.03981274366378784 0.002524646930396557
v -0.045336365699768066 0.03986047953367233 0.002524695824831724
v -0.04533635452389717 0.039866380393505096 -0.0024862780701369047
v -0.013140547089278698 0.0394676998257637 0.026774605736136436
v -0.02217920683324337 0.039569955319166183 0.026774710044264793
v -0.022179201245307922 0.039574574679136276 0.02285238355398178
v 0.026095863431692123 0.03900614008307457 0.04179060831665993
v 0.017385153099894524 0.03910468518733978 0.041790708899497986
v 0.017385156825184822 0.03910808265209198 0.03890436142683029
v 0.017010673880577087 0.039208509027957916 -0.042815763503313065
v 0.017385296523571014 0.03920302167534828 -0.04175374284386635
v 0.01444624736905098 0.039236269891262054 -0.04175370931625366
v -0.022320378571748734 0.039616070687770844 -0.011045088060200214
v -0.0221791360527277 0.039617687463760376 -0.01377527043223381
v -0.019282562658190727 0.039587393403053284 -0.015880072489380836
v -0.0221791323274374 0.03962114453315735 -0.016714507713913918
v -0.015245100483298302 0.03954647108912468 -0.01991783268749714
v -0.026101231575012207 0.03965185955166817 -0.005111502483487129
v -0.024845531210303307 0.039631616324186325 1.8971590179717168e-05
v -0.026101235300302505 0.03964877128601074 -0.0024865008890628815
v -0.02610124461352825 0.03964287042617798 0.0025244730059057474
v -0.019282618537545204 0.03954996541142464 0.015917884185910225
v -0.02217918448150158 0.039585214108228683 0.013813151977956295
v -0.022320417687296867 0.039590023458004 0.011082964949309826
v -0.010410529561340809 0.039441268891096115 0.022993488237261772
v -0.013140539638698101 0.039472319185733795 0.022852279245853424
v -0.015245169401168823 0.03949953615665436 0.019955549389123917
v 0.020588237792253494 0.03909890353679657 0.015917422249913216
v 0.026095911860466003 0.03903907164931297 0.013812593184411526
v 0.02609589695930481 0.039028432220220566 0.02285182476043701
v 0.023626090958714485 0.039096273481845856 -0.01104561984539032
v 0.020588291808962822 0.03913633152842522 -0.015880534425377846
v -0.005021040327847004 0.03943660110235214 -0.024841906502842903
v -0.0026023988611996174 0.03940992429852486 -0.025426000356674194
v 0.0006528814556077123 0.039373163133859634 -0.02548130974173546
v -0.0026023895479738712 0.03941632807254791 -0.03086717426776886
v 0.03153679519891739 0.03901344910264015 -0.01671512983739376
v -0.02217908762395382 0.03965061530470848 -0.04175328463315964
v -0.0235634446144104 0.03965146094560623 -0.029164180159568787
v -0.021770408377051353 0.03962995857000351 -0.02812892384827137
v -0.022179117426276207 0.039631400257349014 -0.025425773113965988
v 0.033697549253702164 0.03894868120551109 0.017544029280543327
v 0.03162712976336479 0.03897210210561752 0.017544053494930267
v 0.03153674304485321 0.03897751867771149 0.013812529854476452
v 0.039536260068416595 0.03890620544552803 -0.0024872608482837677
v -0.050703685730695724 0.0399145744740963 0.008153853937983513
v -0.04821905866265297 0.03987980633974075 0.01381345372647047
v -0.04879896342754364 0.03988368809223175 0.016088120639324188
v -0.022953078150749207 0.03966474160552025 -0.04631336033344269
v -0.026101164519786835 0.039696600288152695 -0.04312312602996826
v -0.029909968376159668 0.039738427847623825 -0.0420498251914978
v 0.017779283225536346 0.03920318931341171 -0.04568442329764366
v 0.017010677605867386 0.039210978895425797 -0.044915761798620224
v 0.01672077737748623 0.039219580590724945 -0.04943641647696495
v 0.03742010146379471 0.038970474153757095 -0.03675128147006035
v 0.03153683990240097 0.03904292359948158 -0.04175390675663948
v 0.031215786933898926 0.03904690220952034 -0.04205053299665451
v 0.03741997480392456 0.03888391703367233 0.03678777813911438
v 0.035042084753513336 0.03890819102525711 0.03902111575007439
v 0.03153670206665993 0.03894798457622528 0.03890419751405716
v -0.002602526918053627 0.039323192089796066 0.04826081916689873
v -0.002347053261473775 0.0393211767077446 0.04751867800951004
v -0.0019451577682048082 0.039314862340688705 0.04901866614818573
v 0.0032506620045751333 0.03925608471035957 0.049018606543540955
v 0.003652562852948904 0.03925330191850662 0.04751860722899437
v 0.003908033948391676 0.039249539375305176 0.04826074093580246
v -0.007481323555111885 0.03937471657991409 0.0513785295188427
v -0.0008471538312733173 0.03930114954710007 0.05011673644185066
v 0.0006527469377033412 0.0392819419503212 0.05201864242553711
v 0.0006527494988404214 0.03928370773792267 0.050518639385700226
v 0.008786819875240326 0.03919067606329918 0.051378343254327774
v 0.002152654342353344 0.03926721215248108 0.05011669918894768
v 0.020647594705224037 0.03906405344605446 0.04495268687605858
v 0.02092892676591873 0.03906210884451866 0.043902687728405
v 0.020647598430514336 0.03906652703881264 0.04285268858075142
v 0.014446090906858444 0.0391303189098835 0.04826062172651291
v 0.0167206060141325 0.03910316154360771 0.049473389983177185
v 0.01738514006137848 0.03909707069396973 0.048260584473609924
v 0.024258751422166824 0.039021555334329605 0.04635070636868477
v 0.01882905699312687 0.039083391427993774 0.04600270837545395
v 0.019878990948200226 0.03907184675335884 0.045721348375082016
v 0.019878998398780823 0.039076127111911774 0.042084045708179474
v 0.018829064443707466 0.03908833488821983 0.04180271551012993
v 0.01777913235127926 0.039099883288145065 0.042084068059921265
v 0.01701052486896515 0.03910767287015915 0.042852733284235
v 0.031215641647577286 0.03894786909222603 0.04208717867732048
v 0.03155715391039848 0.0389443002641201 0.041836902499198914
v 0.03953620791435242 0.03887176141142845 0.02677399478852749
v 0.039536215364933014 0.038876380771398544 0.022851670160889626
v 0.04698217287659645 0.0387912318110466 0.023625623434782028
v 0.043484341353178024 0.03883505240082741 0.020014280453324318
v 0.04453426972031593 0.03882284462451935 0.02029561623930931
v 0.04348434507846832 0.03883933648467064 0.016376975923776627
v 0.03953623026609421 0.03888702020049095 0.013812437653541565
v 0.04453427717089653 0.03882778808474541 0.016095615923404694
v 0.05077817663550377 0.03875980153679848 0.013842921704053879
v 0.04558420926332474 0.03881558030843735 0.016376951709389687
v 0.04271573945879936 0.03884712606668472 0.017145639285445213
v 0.04243440926074982 0.03884907439351082 0.018195636570453644
v 0.042715735733509064 0.038844652473926544 0.019245635718107224
v 0.04558420553803444 0.038811296224594116 0.020014256238937378
v 0.0463528111577034 0.03880350664258003 0.01924559287726879
v 0.05010458454489708 0.03876478224992752 0.01608697511255741
v 0.046634141355752945 0.038801562041044235 0.018195588141679764
v 0.0463528148829937 0.03880598023533821 0.01714559644460678
v 0.045584265142679214 0.03885408863425255 -0.016340643167495728
v 0.050104640424251556 0.0388026088476181 -0.01605077274143696
v 0.04453433305025101 0.03886563703417778 -0.016059286892414093
v 0.03953627869486809 0.038919493556022644 -0.013775985687971115
v 0.04558427259325981 0.03885836899280548 -0.01997794769704342
v 0.044534340500831604 0.03887058049440384 -0.02025928534567356
v 0.04698225483298302 0.038846805691719055 -0.023589350283145905
v 0.03953630104660988 0.03893320634961128 -0.025426488369703293
v 0.0434844084084034 0.03888212516903877 -0.01997792348265648
v 0.042715802788734436 0.038889918476343155 -0.01920926570892334
v 0.046352874487638474 0.038846299052238464 -0.017109306529164314
v 0.04663420468568802 0.03884435072541237 -0.018159307539463043
v 0.04635287821292877 0.038848768919706345 -0.019209306687116623
v 0.04243447259068489 0.03889186307787895 -0.018159259110689163
v 0.039536286145448685 0.03892295062541962 -0.016715222969651222
v 0.04271579906344414 0.038887444883584976 -0.017109263688325882
v 0.0434844046831131 0.03887784481048584 -0.016340618953108788
v 0.024258911609649658 0.03913062438368797 -0.04631390795111656
v 0.020647751167416573 0.039169833064079285 -0.04491580277681351
v 0.01987914927303791 0.03917943313717842 -0.04568444564938545
v 0.018829217180609703 0.03919164463877678 -0.045965783298015594
v 0.01672934740781784 0.03921292722225189 -0.043865758925676346
v 0.014446249231696129 0.03923788294196129 -0.04312359541654587
v -0.002346888417378068 0.03943299502134323 -0.04748125746846199
v -0.0019449929241091013 0.03942668437957764 -0.045981261879205704
v -0.002602368127554655 0.039430756121873856 -0.04312339797616005
v -0.001944987685419619 0.03943021222949028 -0.048981260508298874
v -0.0074811456725001335 0.039495620876550674 -0.051340989768505096
v -0.0008469889289699495 0.0394129678606987 -0.04488319903612137
v 0.0006529144011437893 0.0393955260515213 -0.044481296092271805
v 0.003908192273229361 0.03935709968209267 -0.04312347248196602
v 0.002152819186449051 0.03937903046607971 -0.044883232563734055
v 0.0032508268486708403 0.039367903023958206 -0.04598132520914078
v 0.008786997757852077 0.03931158035993576 -0.05134117975831032
v 0.003652727697044611 0.039365120232105255 -0.04748132824897766
v 0.0032508322037756443 0.03937143459916115 -0.04898132011294365
v 0.0021528282668441534 0.039385147392749786 -0.050079382956027985
v 0.0006529274396598339 0.039404354989528656 -0.05198129266500473
v 0.0006529248203150928 0.039402589201927185 -0.050481293350458145
v -0.0008469799067825079 0.039419084787368774 -0.0500793494284153
v -0.01647345721721649 0.03958641365170479 -0.042046722024679184
v -0.01570485159754753 0.039578624069690704 -0.04281538352370262
v -0.013140425086021423 0.039549972862005234 -0.0431232750415802
v -0.015423520468175411 0.03957667574286461 -0.0438653863966465
v -0.015414931811392307 0.03958313539624214 -0.049436043947935104
v -0.015704847872257233 0.039581093937158585 -0.04491538181900978
v -0.02217908576130867 0.039652228355407715 -0.04312317073345184
v -0.01934192143380642 0.039622243493795395 -0.0449153408408165
v -0.019623251631855965 0.03962418809533119 -0.04386533796787262
v -0.016473451629281044 0.03959069401025772 -0.045684024691581726
v -0.017523381859064102 0.03960290551185608 -0.04596536234021187
v -0.018573317676782608 0.03961445018649101 -0.045684002339839935
v -0.03611430153250694 0.03980237990617752 -0.036750428378582
v -0.04111668840050697 0.039852045476436615 -0.030866727232933044
v -0.04141330346465111 0.039855025708675385 -0.03054565191268921
v -0.04111669957637787 0.03984564170241356 -0.02542555332183838
v -0.04567649960517883 0.03989506512880325 -0.023588277399539948
v -0.04217866435647011 0.039851244539022446 -0.019976932555437088
v -0.043228596448898315 0.039863452315330505 -0.02025826834142208
v -0.04427852854132652 0.03987500071525574 -0.019976906478405
v -0.04504713416099548 0.03988279029726982 -0.01920824870467186
v -0.042178671807050705 0.039846960455179214 -0.016339628025889397
v -0.041410066187381744 0.03983917087316513 -0.017108289524912834
v -0.04111671447753906 0.03983538970351219 -0.01671428792178631
v -0.0411287359893322 0.039837222546339035 -0.018158292397856712
v -0.041410062462091446 0.03984164446592331 -0.019208291545510292
v -0.04821900650858879 0.03991573676466942 -0.016714205965399742
v -0.04879890754818916 0.03992151468992233 -0.01604962721467018
v -0.04821901023387909 0.039912279695272446 -0.01377496961504221
v -0.05070365592837334 0.03993372619152069 -0.008115319535136223
v -0.04821902513504028 0.03990207985043526 -0.00511124636977911
v -0.04821903258562088 0.03989899158477783 -0.002486244775354862
v -0.05128291994333267 0.039933666586875916 -0.0024969379883259535
v -0.04533639922738075 0.03983655199408531 0.02285265177488327
v -0.041116781532764435 0.03978881612420082 0.02285260334610939
v -0.0456765815615654 0.0398394912481308 0.023626696318387985
v -0.04111678898334503 0.03978420048952103 0.026774929836392403
v -0.04388287290930748 0.03981539607048035 0.02685796096920967
v -0.041413407772779465 0.03978307172656059 0.030583972111344337
v -0.03611442819237709 0.03971582278609276 0.03678863123059273
v -0.030231140553951263 0.03966104984283447 0.026774803176522255
v -0.03373654559254646 0.03968629240989685 0.03902191296219826
v -0.015705004334449768 0.03947531804442406 0.044953107833862305
v -0.015423673205077648 0.03947336971759796 0.043903108686208725
v -0.013140573166310787 0.0394500270485878 0.04179105907678604
v -0.01570500060915947 0.03947778791189194 0.042853109538555145
v -0.017523542046546936 0.039494652301073074 0.046003129333257675
v -0.01647360995411873 0.03948310762643814 0.04572176933288574
v -0.013140584342181683 0.03944241255521774 0.04826093837618828
v -0.018573468551039696 0.039511144161224365 0.04208448901772499
v -0.02217923291027546 0.03955228254199028 0.0417911671102047
v -0.01752353459596634 0.03949959576129913 0.041803136467933655
v -0.01647360436618328 0.039487387984991074 0.0420844666659832
v -0.019342074170708656 0.03951893374323845 0.04285315424203873
v -0.02295323833823204 0.03955567255616188 0.04635125398635864
v -0.026101311668753624 0.03959665447473526 0.04179121181368828
v -0.029910113662481308 0.039639394730329514 0.04208788648247719
v -0.030231166630983353 0.03964337334036827 0.04179126024246216
v -0.030251624062657356 0.0396435521543026 0.04183761775493622
v -0.0196234043687582 0.039520882070064545 0.043903157114982605
v -0.019342077895998955 0.03951646387577057 0.04495314881205559
v -0.018401160836219788 0.03950176015496254 0.04840172827243805
v -0.018573476001620293 0.03950686380267143 0.04572179540991783
v -0.015415104106068611 0.03946671634912491 0.04947376251220703
v 0.018177520483732224 0.03918135166168213 -0.030957812443375587
v 0.017385268583893776 0.03918380290269852 -0.0254262313246727
v 0.026095980778336525 0.039085257798433304 -0.025426331907510757
v 0.023076193407177925 0.03913169726729393 -0.03585684671998024
v 0.021005773916840553 0.03915512189269066 -0.03585682064294815
v 0.019212735816836357 0.03917418792843819 -0.0348215252161026
v 0.038410671055316925 0.0389295369386673 -0.011492731980979443
v 0.03641080483794212 0.038951531052589417 -0.010956811718642712
v 0.03153679147362709 0.03900999203324318 -0.013775892555713654
v 0.03494679182767868 0.03896637260913849 -0.009492693468928337
v 0.0315367728471756 0.038996703922748566 -0.0024871681816875935
v 0.03153672069311142 0.038962263613939285 0.02677408792078495
v 0.03652578592300415 0.038910917937755585 0.022442972287535667
v 0.03652578964829445 0.03891335427761078 0.0203724205493927
v 0.03549058362841606 0.03892717882990837 0.018579280003905296
v 0.026095889508724213 0.03902381658554077 0.026774151250720024
v 0.014446128159761429 0.03915560990571976 0.02677428536117077
v 0.014446106739342213 0.03914133086800575 0.03890439495444298
v 0.0121630122885108 0.03916848823428154 0.03777874633669853
v 0.011627151630818844 0.039176903665065765 0.03577875718474388
v 0.010163146071135998 0.039195187389850616 0.03431467339396477
v 0.003908071201294661 0.039274830371141434 0.026774408295750618
v 0.003908049780875444 0.03926055133342743 0.03890451788902283
v 0.003908045124262571 0.03925715386867523 0.04179086163640022
v 0.01444610208272934 0.039137937128543854 0.04179074242711067
v 0.010163133963942528 0.03918703272938728 0.04124286770820618
v 0.011627144180238247 0.03917219489812851 0.039778754115104675
v -0.01860731653869152 0.03951937332749367 0.0354173518717289
v -0.01314056757837534 0.039453424513339996 0.038904715329408646
v -0.02028748206794262 0.039537690579891205 0.03600531816482544
v -0.02217922918498516 0.03955568000674248 0.038904819637537
v -0.022056343033909798 0.039557937532663345 0.03580602630972862
v -0.017348626628518105 0.039506617933511734 0.03415856882929802
v -0.01676071062684059 0.039501942694187164 0.03247829154133797
v -0.016960009932518005 0.039506278932094574 0.030709320679306984
v -0.026101287454366684 0.03961432725191116 0.026774754747748375
v -0.026101307943463326 0.03960005193948746 0.038904864341020584
v -0.026101211085915565 0.03966551646590233 -0.016714463010430336
v -0.02610119618475437 0.039675768464803696 -0.025425726547837257
v -0.03023104928433895 0.039722491055727005 -0.025425679981708527
v -0.035131946206092834 0.03977471590042114 -0.02269146591424942
v -0.03533124923706055 0.03977489098906517 -0.020922493189573288
v -0.03474333882331848 0.039766259491443634 -0.01924222707748413
v -0.03348465636372566 0.039750538766384125 -0.01798347383737564
v -0.03180449455976486 0.03973083943128586 -0.017395542934536934
v -0.030231064185500145 0.03971223905682564 -0.016714414581656456
v -0.030035631731152534 0.039711061865091324 -0.01759488135576248
v -0.013140455819666386 0.03952914476394653 -0.025425877422094345
v -0.01969998888671398 0.03960653394460678 -0.02812894806265831
v -0.01314044650644064 0.03953554853796959 -0.03086705133318901
v -0.026101168245077133 0.03969498723745346 -0.041753239929676056
v -0.024598650634288788 0.039665281772613525 -0.030957316979765892
v -0.026101186871528625 0.03968217596411705 -0.030866900458931923
v -0.02459864690899849 0.03966771811246872 -0.03302786871790886
v -0.013140427879989147 0.039548359811306 -0.041753388941287994
v -0.04111671820282936 0.03983192890882492 -0.013775051571428776
v -0.030231069773435593 0.03970877826213837 -0.013775177299976349
v -0.030231084674596786 0.039698582142591476 -0.0051114545203745365
v -0.03910484537482262 0.039797693490982056 -0.0040277400985360146
v -0.03710497170686722 0.039774440228939056 -0.0034918657038360834
v -0.04111674055457115 0.03981864079833031 -0.002486326964572072
v -0.04056885093450546 0.039815980941057205 -0.0054918210953474045
v -0.030231088399887085 0.03969549015164375 -0.0024864529259502888
v -0.03510510176420212 0.03975244611501694 -0.004027786664664745
v -0.03364109247922897 0.03973760828375816 -0.005491901189088821
v -0.026101280003786087 0.03961894288659096 0.022852430120110512
v -0.027493273839354515 0.03963761031627655 0.020373161882162094
v -0.026101263239979744 0.039629582315683365 0.013813197612762451
v -0.03239194676280022 0.03968726471066475 0.025272196158766747
v -0.030321529135107994 0.03966384008526802 0.025272171944379807
v -0.028528491035103798 0.03964477404952049 0.024236878380179405
v -0.027493277564644814 0.039635173976421356 0.02244371362030506
v -0.04111676663160324 0.03979945555329323 0.013813371770083904
v -0.030231118202209473 0.039676304906606674 0.013813245110213757
v -0.00485784700140357 0.039365123957395554 0.034314848482608795
v -0.0026024894323199987 0.039348483085632324 0.026774482801556587
v -0.002602515509352088 0.03933080658316612 0.04179093986749649
v -0.00485785910859704 0.03935696929693222 0.041243042796850204
v -0.003393848892301321 0.03934212774038315 0.0397789292037487
v -0.0026025106199085712 0.03933420404791832 0.038904592394828796
v -0.002857981016859412 0.03933842107653618 0.03777891770005226
v -0.0033938419073820114 0.039346836507320404 0.03577892854809761
v 0.05264950916171074 0.038754902780056 1.8074168110615574e-05
v 0.040410518646240234 0.0388886034488678 0.004065085202455521
v 0.039536252617836 0.038900308310985565 0.002523713046684861
v 0.038410644978284836 0.0389118567109108 0.003529211040586233
v 0.0315367616713047 0.0389908067882061 0.0025238057132810354
v 0.036410778760910034 0.038933850824832916 0.004065131768584251
v 0.03494676575064659 0.03894868865609169 0.005529253743588924
v 0.05200933292508125 0.03875257074832916 0.008152664639055729
v 0.04187452420592308 0.03887031599879265 0.0055291736498475075
v 0.028798947110772133 0.0390486866235733 -0.020335817709565163
v 0.02609596587717533 0.03907500207424164 -0.016715066507458687
v 0.02879895083606243 0.0390511229634285 -0.02240636572241783
v 0.03369762375950813 0.038999032229185104 -0.025234850123524666
v 0.03153681010007858 0.03902370482683182 -0.02542639523744583
v 0.03162720426917076 0.03902245685458183 -0.025234825909137726
v 0.029834164306521416 0.03904152289032936 -0.024199530482292175
v -0.05134383589029312 0.039931394159793854 1.927845187310595e-05
v -0.04814307764172554 0.03989606350660324 -0.0007307633641175926
v -0.04759407415986061 0.03989050164818764 -0.0012798026436939836
v -0.04814308136701584 0.03989430144429207 0.0007692386861890554
v -0.04759407788515091 0.0398874431848526 0.0013182726688683033
v -0.04821904003620148 0.03989309445023537 0.0025247291196137667
v 0.002152663189917803 0.039273329079151154 0.04492054879665375
v 0.000652759918011725 0.03929077088832855 0.044518645852804184
v -0.0008471448090858757 0.03930726647377014 0.04492058604955673
v -0.001945152529515326 0.03931839391589165 0.04601867124438286
v 0.0032506671268492937 0.03925961256027222 0.04601861163973808
v 0.02551191858947277 0.039068594574928284 -0.0056558954529464245
v 0.02562851831316948 0.03906664252281189 -0.005118333734571934
v 0.026026077568531036 0.03905906900763512 -0.0025048144161701202
v 0.02609594166278839 0.03905825689435005 -0.002487105317413807
v 0.026146378368139267 0.039055321365594864 -0.00047786449431441724
v 0.026151204481720924 0.03905468061566353 1.8381027985014953e-05
v 0.01738518476486206 0.03912697732448578 0.02285192534327507
v 0.01655077561736107 0.039139825850725174 0.019955182448029518
v 0.014446134679019451 0.03916022554039955 0.022851960733532906
v 0.011716124601662159 0.03919094428420067 0.02299323119223118
v 0.006326714996248484 0.03924969583749771 0.024879250675439835
v 0.0006527929217554629 0.03931313380599022 0.02551865763962269
v -0.024206243455410004 0.03961770236492157 0.0056932405568659306
v -0.010410449467599392 0.039495352655649185 -0.022955887019634247
v -0.04532846808433533 0.03988473489880562 -0.018158243969082832
v -0.04504713788628578 0.03988031670451164 -0.01710824854671955
v -0.04533633217215538 0.03988312557339668 -0.01671423949301243
v -0.04427853599190712 0.039870716631412506 -0.016339603811502457
v -0.04533633589744568 0.03987966477870941 -0.013775002211332321
v -0.019341925159096718 0.039619769901037216 -0.04281534254550934
v -0.018573323264718056 0.03961016982793808 -0.04204669967293739
v -0.0175233893096447 0.03959796205163002 -0.04176536574959755
v 0.0177792776376009 0.03919890895485878 -0.04204712063074112
v 0.018829209730029106 0.03918670117855072 -0.041765786707401276
v 0.019879143685102463 0.03917515277862549 -0.04204714298248291
v 0.026096010580658913 0.039106085896492004 -0.04312372952699661
v 0.020647747442126274 0.039167363196611404 -0.04281580448150635
v 0.02092907950282097 0.03916541486978531 -0.043865807354450226
v 0.016729194670915604 0.039109621196985245 0.04390273615717888
v 0.01701052114367485 0.03910520300269127 0.04495272785425186
v 0.017779124900698662 0.03909560292959213 0.045721374452114105
v 0.031584955751895905 0.03894400969147682 0.041816335171461105
v 0.03153669461607933 0.038944587111473083 0.041790544986724854
v 0.02609586901962757 0.03900953754782677 0.03890426084399223
v -0.030231161043047905 0.03964677080512047 0.038904912769794464
v 0.020719842985272408 0.03908289223909378 0.028254471719264984
v 0.017385179176926613 0.039122361689805984 0.026774251833558083
v 0.02601546235382557 0.03901906684041023 0.03158208355307579
v 0.025427550077438354 0.03902769461274147 0.029901821166276932
v 0.024168865755200386 0.03904341533780098 0.028643067926168442
v 0.022488703951239586 0.039063114672899246 0.028055133298039436
v 0.025816157460212708 0.03901923820376396 0.03335106000304222
v 0.042718976736068726 0.03883127123117447 0.03058299794793129
v -0.030279427766799927 0.03964389115571976 0.04181705415248871
v -0.005021126940846443 0.039378076791763306 0.02487938292324543
v -0.04217873513698578 0.03980417177081108 0.020015273243188858
v -0.043228667229413986 0.039815716445446014 0.02029663324356079
v -0.044278599321842194 0.03982792794704437 0.020015297457575798
v -0.04217872768640518 0.039808452129364014 0.016377968713641167
v -0.04533638432621956 0.03984719514846802 0.013813420198857784
v -0.04322865977883339 0.03982065990567207 0.016096632927656174
v -0.0442785918712616 0.039832208305597305 0.016377992928028107
v -0.04504719749093056 0.03983999788761139 0.017146656289696693
v -0.0453285314142704 0.039841946214437485 0.018196653574705124
v -0.045047201216220856 0.03983752802014351 0.019246652722358704
v -0.04141012951731682 0.0397963784635067 0.01924660988152027
v -0.04112879931926727 0.0397944338619709 0.018196605145931244
v -0.04141012579202652 0.03979885205626488 0.01714661344885826
v 0.026095932349562645 0.03905235975980759 0.002523868577554822
v -0.04056887701153755 0.039798300713300705 0.00953011866658926
v -0.03510512784123421 0.03973476588726044 0.010994160547852516
v -0.03710499778389931 0.039756760001182556 0.011530080810189247
v -0.039104871451854706 0.039780013263225555 0.010994207113981247
v -0.03364111855626106 0.039719924330711365 0.009530038572847843
v -0.03023109771311283 0.03968959301710129 0.00252452096901834
v -0.04809405654668808 0.03988521173596382 0.008019236847758293
v -0.04792659729719162 0.039884053170681 0.007394228130578995
v -0.04746909439563751 0.039879415184259415 0.006936698220670223
v -0.04792660102248192 0.03988258168101311 0.008644233457744122
v -0.04746909812092781 0.03987686708569527 0.009101753123104572
v -0.04834402725100517 0.039897456765174866 1.9243712813477032e-05
v -0.04605180770158768 0.03984462097287178 0.022875288501381874
v 0.0236260537058115 0.03907022625207901 0.01108243316411972
v 0.02551189810037613 0.039055235683918 0.005692664533853531
v 0.05239465832710266 0.03876383975148201 -0.005124127492308617
v 0.05200935900211334 0.038771722465753555 -0.008116508834064007
v 0.04187455028295517 0.03888799622654915 -0.009492773562669754
v 0.040410544723272324 0.0389062836766243 -0.010956858284771442
v -0.026101216673851013 0.03966205567121506 -0.013775225728750229
v -0.04322860389947891 0.039858508855104446 -0.016058269888162613
v -0.041116733103990555 0.03982173278927803 -0.005111328791826963
v -0.04746906831860542 0.03989824652671814 -0.009063293226063251
v -0.04792657122015953 0.039902884513139725 -0.008605755865573883
v -0.04809402674436569 0.039904043078422546 -0.007980754598975182
v -0.04792657122015953 0.03990141302347183 -0.007355757988989353
v -0.04746907204389572 0.03989569842815399 -0.0068982308730483055
v -0.04533635079860687 0.03986946865916252 -0.005111279897391796
v -0.024206222966313362 0.039631061255931854 -0.005655319429934025
v 0.039536308497190475 0.03893961012363434 -0.03086766041815281
v 0.04271908104419708 0.03890322521328926 -0.030546626076102257
v 0.018177524209022522 0.03918378800153732 -0.033028364181518555
v 0.017385277897119522 0.03919020667672157 -0.030867405235767365
v 0.014446227811276913 0.039223454892635345 -0.03086737170815468
v 0.01655084453523159 0.039186760783195496 -0.019918201491236687
v 0.004163655452430248 0.039347875863313675 -0.03774157166481018
v 0.004699516110122204 0.03933946043252945 -0.03574158623814583
v 0.00616352166980505 0.0393211729824543 -0.034277498722076416
v 0.003908189944922924 0.03935549035668373 -0.04175358638167381
v 0.00616353377699852 0.03932932764291763 -0.041205696761608124
v 0.0046995230950415134 0.039344169199466705 -0.039741575717926025
v -0.0026023706886917353 0.03942914307117462 -0.041753511875867844
v -0.008857459761202335 0.03949926421046257 -0.041205521672964096
v 0.011716203764081001 0.03924502804875374 -0.02295614220201969
v 0.006326801143586636 0.03930822014808655 -0.02484203688800335
v -0.010321469977498055 0.039514102041721344 -0.039741404354572296
v -0.010857338085770607 0.039517808705568314 -0.03774139657616615
v -0.010321477428078651 0.03950939327478409 -0.0357414111495018
v -0.008857471868395805 0.03949110954999924 -0.03427732735872269
v -0.030231039971113205 0.03972889482975006 -0.030866853892803192
v -0.030231021344661713 0.03974170982837677 -0.041753191500902176
v -0.015563947148621082 0.03996787220239639 0.04994988813996315
v -0.0075538805685937405 0.03987498953938484 0.05187295749783516
v 0.0006584022776223719 0.039781320840120316 0.05251922458410263
v -0.03019833192229271 0.04014221206307411 0.042492982000112534
v -0.02317456342279911 0.04005768150091171 0.04679734632372856
v -0.0418122336268425 0.04028727114200592 0.03087846003472805
v -0.03646230325102806 0.040219374001026154 0.03714277595281601
v -0.04611639678478241 0.0403442308306694 0.023854287341237068
v -0.04926880821585655 0.04038885608315468 0.016243217512965202
v -0.05119184032082558 0.0404200404882431 0.008232664316892624
v -0.05183814465999603 0.040437016636133194 1.9872733901138417e-05
v -0.05119181424379349 0.04043937101960182 -0.008192941546440125
v -0.049268752336502075 0.04042704403400421 -0.016203539445996284
v -0.046116311103105545 0.040400341153144836 -0.02381468191742897
v -0.04181212559342384 0.04035991430282593 -0.030838951468467712
v -0.036462172865867615 0.04030676186084747 -0.03710338845849037
v -0.03019818291068077 0.04024219512939453 -0.042453739792108536
v -0.023174401372671127 0.04016780108213425 -0.046758268028497696
v -0.01556377299129963 0.04008541256189346 -0.049910981208086014
v -0.007553700357675552 0.03999705612659454 -0.05183424428105354
v 0.000658584525808692 0.03990491107106209 -0.052480701357126236
v -0.046753644943237305 0.047871556133031845 0.006328631658107042
v -0.04737860709428787 0.047877900302410126 0.006946112494915724
v -0.04760359227657318 0.047880906611680984 0.00655639823526144
v -0.04783610999584198 0.04788253828883171 0.007403642870485783
v -0.04822579398751259 0.04788720980286598 0.007178647443652153
v -0.04800356924533844 0.04788369685411453 0.008028651587665081
v -0.04845353960990906 0.04788878932595253 0.008028656244277954
v -0.04783611372113228 0.04788106679916382 0.00865364819765091
v -0.04822579771280289 0.04788520932197571 0.008878652937710285
v -0.04737861081957817 0.04787535220384598 0.00911116786301136
v -0.04760359600186348 0.047877438366413116 0.009500888176262379
v -0.0467536523938179 0.0478675551712513 0.009728634729981422
v -0.045903705060482025 0.047858208417892456 0.009500867687165737
v -0.04528150334954262 0.04785190150141716 0.008878618478775024
v -0.04505375772714615 0.04785032570362091 0.00802861712872982
v -0.04528149962425232 0.047853901982307434 0.0071786134503781796
v -0.04590370133519173 0.047861672937870026 0.006556378211826086
v -0.034140344709157944 0.04773329570889473 0.003408978693187237
v -0.03414032980799675 0.047741252928972244 -0.0033519938588142395
v -0.042159032076597214 0.04783197119832039 -0.0033519009593874216
v -0.042159028351306915 0.04783479496836662 -0.005751898977905512
v -0.04835351184010506 0.04790487512946129 -0.0057518272660672665
v 0.025311535224318504 0.04709361121058464 -0.024541907012462616
v 0.025311538949608803 0.04709721356630325 -0.027602965012192726
v 0.015192675404250622 0.04721168801188469 -0.027602847665548325
v 0.025311516597867012 0.04708169773221016 -0.01442240085452795
v 0.015192585065960884 0.04715024679899216 0.024597635492682457
v -0.03415309637784958 0.047708868980407715 0.02428412064909935
v -0.034140363335609436 0.04772026836872101 0.014478701166808605
v -0.03758193179965019 0.047754596918821335 0.018392564728856087
v -0.013735517859458923 0.047459401190280914 0.03998555615544319
v -0.013706015422940254 0.04746503755450249 0.03491413965821266
v -0.01894538104534149 0.047521039843559265 0.037692029029130936
v 0.02199191227555275 0.04705892130732536 0.03683389723300934
v 0.015192567370831966 0.04713810235261917 0.0349138081073761
v 0.015278193168342113 0.047131188213825226 0.03996483236551285
v 0.04324061796069145 0.046861857175827026 2.7600037356023677e-05
v 0.03562701493501663 0.04695196822285652 -0.0033528017811477184
v 0.03562700375914574 0.04694401100277901 0.003408170770853758
v 0.03329818695783615 0.04700649157166481 -0.027290742844343185
v 0.028372405096888542 0.04706258326768875 -0.02760300040245056
v 0.028372399508953094 0.04705898091197014 -0.02454194240272045
v -0.023408669978380203 0.04765702784061432 -0.034940920770168304
v -0.013705894351005554 0.04754716157913208 -0.034857627004384995
v -0.018945250660181046 0.04760970547795296 -0.03763539344072342
v -0.020062392577528954 0.04761313274502754 -0.029809895902872086
v -0.013705906458199024 0.047538623213768005 -0.027602512389421463
v -0.03758186846971512 0.04779782518744469 -0.018335500732064247
v -0.040024735033512115 0.04781797155737877 -0.011971428990364075
v -0.03414031118154526 0.047754283994436264 -0.01442171260714531
v -0.05110697075724602 0.047938887029886246 -0.008184113539755344
v -0.05143294110894203 0.0479397252202034 -0.005762382410466671
v -0.04835350066423416 0.047912195324897766 -0.01197133306413889
v -0.05036354809999466 0.04793493449687958 -0.011971309781074524
v -0.04215901717543602 0.0478421151638031 -0.011971404775977135
v -0.03414032608270645 0.04774408042430878 -0.005751991644501686
v -0.03343935310840607 0.04775383695960045 -0.020778611302375793
v -0.03414154052734375 0.047765858471393585 -0.024243630468845367
v -0.034153010696172714 0.04776597023010254 -0.02422713115811348
v -0.026885641738772392 0.04768412187695503 -0.024541301652789116
v -0.026885660365223885 0.04767221212387085 -0.014421796426177025
v -0.030683858320116997 0.04772078990936279 -0.019187655299901962
v -0.031848467886447906 0.04773396626114845 -0.01918764039874077
v -0.03285704925656319 0.04774606227874756 -0.019769970327615738
v -0.03391878306865692 0.04776371270418167 -0.024560732766985893
v -0.03343935310840607 0.04775520786643028 -0.021943295374512672
v -0.02982637844979763 0.04772322252392769 -0.029494745656847954
v -0.031478166580200195 0.047739773988723755 -0.02768232487142086
v -0.026885636150836945 0.047687724232673645 -0.027602359652519226
v -0.022817885503172874 0.04764754697680473 -0.03256554156541824
v -0.024713274091482162 0.04767068102955818 -0.03400282934308052
v -0.022817889228463173 0.0476461760699749 -0.031400855630636215
v -0.022235585376620293 0.04763840138912201 -0.03039221465587616
v -0.021227004006505013 0.0476263053715229 -0.02980988100171089
v 0.0007433969294652343 0.04738369584083557 -0.034857794642448425
v -0.012670698575675488 0.04754185304045677 -0.04029899463057518
v -0.007892019115388393 0.04748706519603729 -0.03968057036399841
v -0.006051043514162302 0.0474688783288002 -0.041925106197595596
v 0.0007434101426042616 0.04739265516400337 -0.042471881955862045
v -0.00789202656596899 0.047482479363679886 -0.03578346595168114
v -0.00871552899479866 0.04749276489019394 -0.036607008427381516
v -0.00901695154607296 0.047497496008872986 -0.03773200139403343
v -0.008715525269508362 0.047495413571596146 -0.038857005536556244
v 0.007128967437893152 0.04731254279613495 -0.035783637315034866
v 0.015278331935405731 0.04722520336508751 -0.039908986538648605
v 0.008122984319925308 0.047308411449193954 -0.04182629659771919
v 0.006305464543402195 0.047322828322649 -0.03660718351602554
v 0.00600404292345047 0.04732756316661835 -0.03773217648267746
v 0.015192688442766666 0.047220226377248764 -0.03485795855522156
v 0.0063054682686924934 0.04732547700405121 -0.03885718062520027
v 0.0071289739571511745 0.047317128628492355 -0.03968074545264244
v 0.01995828188955784 0.0471622459590435 -0.03140135109424591
v 0.019958283752202988 0.04716361686587334 -0.03256603702902794
v 0.020540591329336166 0.04715821519494057 -0.03357468545436859
v 0.021992040798068047 0.04714556783437729 -0.03677821159362793
v 0.021549176424741745 0.047147490084171295 -0.03415704146027565
v 0.022713787853717804 0.047134317457675934 -0.034157056361436844
v 0.028060119599103928 0.0470719151198864 -0.03252909332513809
v 0.02837238274514675 0.047047071158885956 -0.014422436244785786
v 0.030579710379242897 0.04702958092093468 -0.020779352635145187
v 0.035627033561468124 0.04696499928832054 -0.014422520063817501
v 0.032170604914426804 0.04701482504606247 -0.023535044863820076
v 0.031162019819021225 0.04702555015683174 -0.022952692583203316
v 0.030579712241888046 0.04703095182776451 -0.021944036707282066
v 0.03333521634340286 0.04700165241956711 -0.02353505790233612
v 0.03754710033535957 0.046951279044151306 -0.021222321316599846
v 0.0406777448952198 0.04690795764327049 -0.014508219435811043
v 0.037376243621110916 0.04693933576345444 -0.009431862272322178
v 0.03850116953253746 0.046926964074373245 -0.009733317419886589
v 0.03562701866030693 0.046954791992902756 -0.005752799566835165
v 0.03655273839831352 0.04694768041372299 -0.00860829558223486
v 0.04259499907493591 0.046877846121788025 -0.007352436892688274
v 0.0404496006667614 0.046903595328330994 -0.008608341217041016
v 0.039626095443964005 0.04691388085484505 -0.009431888349354267
v 0.035626985132694244 0.04693097993731499 0.014477892778813839
v 0.040677692741155624 0.04687374085187912 0.01456347107887268
v 0.042594972997903824 0.046860471367836 0.007407648488879204
v 0.03655271232128143 0.04693000018596649 0.006413647439330816
v 0.03737621754407883 0.04692165181040764 0.005590081214904785
v 0.03850114345550537 0.04690928012132645 0.005288625601679087
v 0.039626069366931915 0.04689620062708855 0.005590055137872696
v 0.04044957458972931 0.04688591510057449 0.006413602735847235
v 0.03333514183759689 0.0469512976706028 0.019243821501731873
v 0.034343719482421875 0.04693920165300369 0.019826147705316544
v 0.028060005977749825 0.04699527472257614 0.03258463740348816
v 0.03329809382557869 0.04694218188524246 0.027346165850758553
v 0.02837231568992138 0.04700114205479622 0.02459748275578022
v 0.028372332453727722 0.0470130518078804 0.014477976597845554
v 0.032170530408620834 0.04696447402238846 0.019243834540247917
v 0.037547025829553604 0.04690125584602356 0.021277645602822304
v 0.034926027059555054 0.0469314269721508 0.020834792405366898
v 0.034926023334264755 0.04693005606532097 0.021999472752213478
v 0.0243670754134655 0.047037992626428604 0.0317874550819397
v 0.024254966527223587 0.047038089483976364 0.032782502472400665
v 0.02138829044997692 0.04707389324903488 0.029915671795606613
v 0.022383272647857666 0.047062769532203674 0.029803544282913208
v 0.02531144954264164 0.04703576862812042 0.024597518146038055
v 0.02332836575806141 0.04705168679356575 0.030134256929159164
v 0.024036375805735588 0.0470428466796875 0.030842307955026627
v -0.006051189266145229 0.04737011715769768 0.041981443762779236
v 0.0007432626443915069 0.04729260876774788 0.04252805933356285
v 0.0007432647980749607 0.047294072806835175 0.04128317907452583
v 0.008122839033603668 0.047209881246089935 0.04188230633735657
v 0.0007432758575305343 0.04730157181620598 0.03491397202014923
v 0.009378692135214806 0.04719819873571396 0.03973675146698952
v 0.010202198289334774 0.047189854085445404 0.03891318291425705
v 0.009378698654472828 0.047202788293361664 0.03583964332938194
v 0.010202202014625072 0.04719250276684761 0.03666319325566292
v 0.010503623634576797 0.047187767922878265 0.037788182497024536
v -0.01267083827406168 0.04744692146778107 0.040355484932661057
v -0.00564229441806674 0.0473727211356163 0.03583981841802597
v -0.004818791523575783 0.04736243560910225 0.03666336461901665
v -0.004517369903624058 0.047357700765132904 0.037788353860378265
v -0.0048187957145273685 0.04735978692770004 0.03891335800290108
v -0.00564230140298605 0.047368135303258896 0.039736922830343246
v -0.02697422355413437 0.047618284821510315 0.032244715839624405
v -0.024713391438126564 0.04759057238698006 0.03405959904193878
v -0.021387888118624687 0.04755282774567604 0.034163642674684525
v -0.020392904058098793 0.04754143953323364 0.03427574038505554
v -0.026885727420449257 0.04762628301978111 0.024598123505711555
v -0.013705997727811337 0.047477178275585175 0.02459797076880932
v -0.018521202728152275 0.04752377048134804 0.0312967412173748
v -0.01840909570455551 0.047521330416202545 0.03229178488254547
v -0.018739799037575722 0.04752396047115326 0.033236946910619736
v -0.01944781094789505 0.0475311353802681 0.033945005387067795
v -0.02909304015338421 0.04765431210398674 0.022000214084982872
v -0.029675347730517387 0.04765971377491951 0.02300887182354927
v -0.02909303829073906 0.047655683010816574 0.02083553373813629
v -0.029826480895280838 0.04765372350811958 0.029551634564995766
v -0.026885710656642914 0.047638192772865295 0.01447861734777689
v -0.030683932825922966 0.04767043888568878 0.023591220378875732
v -0.031848542392253876 0.04768361151218414 0.023591235280036926
v -0.0400247760117054 0.04778972268104553 0.01202855072915554
v -0.03896292671561241 0.04778166860342026 0.008664521388709545
v -0.0421590581536293 0.047813866287469864 0.01202857494354248
v -0.04215904325246811 0.047824013978242874 0.0034090715926140547
v -0.035066064447164536 0.04773758351802826 0.008664476685225964
v -0.03588956966996193 0.04774593189358711 0.009488042443990707
v -0.037014495581388474 0.047758303582668304 0.009789498522877693
v -0.038139425218105316 0.047771383076906204 0.009488068521022797
v -0.04835352674126625 0.04789409041404724 0.0034091433044523
v -0.048353541642427444 0.04788394644856453 0.012028646655380726
v -0.05036358907818794 0.04790668562054634 0.012028669938445091
v -0.05110699683427811 0.04791955277323723 0.00824149139225483
v -0.05175330117344856 0.04793653264641762 2.8700103939627297e-05
v -0.048353515565395355 0.047902051359415054 -0.003351829247549176
v -0.035066038370132446 0.04775526374578476 -0.0063574668020009995
v -0.03588954359292984 0.04776361212134361 -0.005533904302865267
v -0.037014469504356384 0.047775983810424805 -0.005232448689639568
v -0.03813939914107323 0.047789063304662704 -0.005533878225833178
v -0.03896290063858032 0.04779934883117676 -0.006357422098517418
v 0.025311466306447983 0.047047682106494904 0.014478012919425964
v 0.028372351080179214 0.04702608287334442 0.003408254822716117
v 0.02837236411869526 0.047034040093421936 -0.0033527177292853594
v 0.028372367843985558 0.04703686758875847 -0.00575271574780345
v 0.015192669816315174 0.04720808565616608 -0.024541789665818214
v -0.013705912046134472 0.047535017132759094 -0.024541454389691353
v -0.004930541384965181 0.04743608459830284 -0.02483249083161354
v 0.000743384356610477 0.0473751537501812 -0.027602680027484894
v -0.024115724489092827 0.04763054475188255 -0.005645903758704662
v -0.022229880094528198 0.04761555418372154 -0.011035671457648277
v -0.019192064180970192 0.04758687689900398 -0.015870656818151474
v -0.015154601074755192 0.04754595458507538 -0.019908417016267776
v -0.010319950990378857 0.047494836151599884 -0.022946471348404884
v -0.02688567526638508 0.047662004828453064 -0.005752075929194689
v -0.026885678991675377 0.04765918105840683 -0.0033520779106765985
v -0.024755030870437622 0.047631099820137024 2.8387454221956432e-05
v -0.026885690167546272 0.047651223838329315 0.0034088946413248777
v -0.015154669992625713 0.047499023377895355 0.01996496506035328
v -0.01919211819767952 0.047549448907375336 0.015927299857139587
v -0.022229917347431183 0.0475895069539547 0.011092380620539188
v -0.02411574497818947 0.04761718586087227 0.005702656228095293
v -0.010320030152797699 0.047440752387046814 0.023002903908491135
v -0.004930627532303333 0.047377560287714005 0.024888798594474792
v -0.047503575682640076 0.047889985144138336 -0.0012703867396339774
v -0.047503579407930374 0.0478869266808033 0.0013276885729283094
v -0.048052579164505005 0.04789378494024277 0.0007786545320414007
v -0.048052579164505005 0.04789555072784424 -0.0007213474600575864
v -0.039951205253601074 0.054317548871040344 -0.011963779106736183
v -0.04020886495709419 0.05457044765353203 -0.01196348201483488
v -0.04046646133065224 0.054823409765958786 -0.011963184922933578
v -0.047464728355407715 0.054902583360672 -0.011963102966547012
v -0.05029001459479332 0.05443451181054115 -0.011963658966124058
v -0.050030358135700226 0.05468161031603813 -0.011963368393480778
v -0.04977066069841385 0.054928671568632126 -0.011963076889514923
v -0.01735369674861431 0.05460193380713463 -0.04594770818948746
v -0.016303764656186104 0.05458972603082657 -0.045666370540857315
v -0.015535161830484867 0.05458012595772743 -0.04489772766828537
v -0.015253834426403046 0.054575707763433456 -0.04384773224592209
v -0.015535165555775166 0.054577652364969254 -0.04279772937297821
v -0.0163037721067667 0.054585445672273636 -0.04202906787395477
v -0.017353704199194908 0.05459699034690857 -0.04174771159887314
v 0.018998902291059494 0.05419067293405533 -0.045948129147291183
v 0.02004883624613285 0.05417846515774727 -0.04566679149866104
v 0.020817438140511513 0.05416886508464813 -0.044898148626089096
v 0.02109876461327076 0.054164446890354156 -0.043848153203725815
v 0.020817434415221214 0.054166391491889954 -0.04279815033078194
v 0.020048828795552254 0.054174184799194336 -0.0420294888317585
v 0.018998894840478897 0.05418572947382927 -0.041748132556676865
v 0.044704027473926544 0.05386960878968239 -0.020241629332304
v 0.04575395956635475 0.05385740101337433 -0.019960293546319008
v 0.046522561460733414 0.05384780094027519 -0.019191652536392212
v 0.04680389165878296 0.053843382745981216 -0.018141653388738632
v 0.046522557735443115 0.053845327347517014 -0.017091652378439903
v 0.045753952115774155 0.053853120654821396 -0.016322989016771317
v 0.04470402002334595 0.05386466532945633 -0.016041632741689682
v -0.043058909475803375 0.054862480610609055 -0.02024061419069767
v -0.042008981108665466 0.054850272834300995 -0.019959276542067528
v -0.041240375488996506 0.05484067276120186 -0.019190635532140732
v -0.04095904901623726 0.05483625456690788 -0.018140636384487152
v -0.041240379214286804 0.05483820289373398 -0.017090635374188423
v -0.042008984833955765 0.05484599247574806 -0.016321973875164986
v -0.04305891692638397 0.054857537150382996 -0.016040615737438202
v 0.0008226108038797975 0.054401617497205734 -0.050463639199733734
v 0.0023225140757858753 0.054384179413318634 -0.050061728805303574
v 0.0034205180127173662 0.0543704628944397 -0.04896366596221924
v 0.0038224137388169765 0.0543641522526741 -0.04746367037296295
v 0.003420512890443206 0.054366931319236755 -0.04596366733312607
v 0.0023225052282214165 0.05437806248664856 -0.044865578413009644
v 0.000822600384708494 0.05439455807209015 -0.044463641941547394
v -0.017353849485516548 0.05449862778186798 0.041820790618658066
v -0.01630391739308834 0.05448642000555992 0.04210212081670761
v -0.01553531363606453 0.054476819932460785 0.042870763689279556
v -0.015253987163305283 0.05447240173816681 0.043920762836933136
v -0.015535317361354828 0.054474346339702606 0.044970761984586716
v -0.01630392298102379 0.05448213592171669 0.04573942348361015
v -0.017353856936097145 0.05449368432164192 0.046020783483982086
v 0.018998749554157257 0.05408736690878868 0.04182036966085434
v 0.020048683509230614 0.05407515913248062 0.042101699858903885
v 0.020817285403609276 0.054065559059381485 0.04287034273147583
v 0.021098611876368523 0.05406113713979721 0.04392034187912941
v 0.020817281678318977 0.054063085466623306 0.04497034102678299
v 0.020048677921295166 0.05407087504863739 0.04573900252580643
v 0.01899874210357666 0.05408242344856262 0.04602036252617836
v 0.04470396414399147 0.053826820105314255 0.016113270074129105
v 0.04575389623641968 0.0538146086037159 0.016394607722759247
v 0.04652249813079834 0.05380500853061676 0.01716325245797634
v 0.046803828328847885 0.053800590336322784 0.018213242292404175
v 0.04652249440550804 0.05380253866314888 0.01926324889063835
v 0.04575388878583908 0.053810328245162964 0.02003191038966179
v 0.04470395669341087 0.053821876645088196 0.02031327225267887
v -0.04305897280573845 0.05481969192624092 0.016114287078380585
v -0.04200904071331024 0.05480748042464256 0.016395622864365578
v -0.04124043881893158 0.054797880351543427 0.017164267599582672
v -0.04095911234617233 0.05479346215724945 0.018214259296655655
v -0.04124044254422188 0.054795410484075546 0.019264264032244682
v -0.04200904816389084 0.05480320006608963 0.02003292739391327
v -0.043058980256319046 0.05481474846601486 0.020314287394285202
v 0.0008224459597840905 0.0542897991836071 0.044536300003528595
v 0.0023223492316901684 0.0542723573744297 0.04493820667266846
v 0.0034203531686216593 0.054258644580841064 0.046036265790462494
v 0.0038222488947212696 0.05425233393907547 0.04753626137971878
v 0.003420348046347499 0.05425511300563812 0.049036260694265366
v 0.002322340151295066 0.05426624417304993 0.05013435706496239
v 0.000822435540612787 0.054282739758491516 0.05053629353642464
v -0.04761069267988205 0.05486784130334854 0.018955817446112633
v -0.047464769333601 0.05487433448433876 0.012036876752972603
v -0.04977070167660713 0.05490042269229889 0.012036902830004692
v -0.006937725469470024 0.054369449615478516 0.05145401135087013
v -0.008715681731700897 0.05439330264925957 0.04827854409813881
v -0.014524063095450401 0.05445731803774834 0.049720022827386856
v 0.01689029298722744 0.05410218983888626 0.049491044133901596
v 0.01036056037992239 0.05417748913168907 0.0482783243060112
v 0.008956505917012691 0.05418970435857773 0.051395997405052185
v 0.008956683799624443 0.05431060865521431 -0.05132352560758591
v 0.01036072801798582 0.05429105460643768 -0.048205889761447906
v 0.01689046435058117 0.05421861261129379 -0.04941876232624054
v -0.014523889869451523 0.05457427352666855 -0.049647007137537
v -0.008715514093637466 0.05450686812400818 -0.04820566624403
v -0.006937547121196985 0.05449049174785614 -0.05138117074966431
v -0.047610629349946976 0.05491237714886665 -0.018882041797041893
v 0.030476151034235954 0.05397005379199982 0.031173506751656532
v 0.031851354986429214 0.05395461991429329 0.03106682188808918
v 0.031958021223545074 0.05395503342151642 0.029691524803638458
v -0.044877514243125916 0.05483902990818024 0.017164310440421104
v -0.044108904898166656 0.054831236600875854 0.016395647078752518
v -0.04046650230884552 0.05479516088962555 0.012036795727908611
v -0.03813302144408226 0.05476146563887596 0.018237696960568428
v -0.04515884444117546 0.054840974509716034 0.018214307725429535
v -0.044877517968416214 0.05483655631542206 0.019264306873083115
v -0.034688401967287064 0.05471538007259369 0.024281637743115425
v -0.04410891234874725 0.05482695624232292 0.02003295160830021
v -0.04424493387341499 0.05482150614261627 0.02597268670797348
v -0.03020641580224037 0.05465668812394142 0.031067539006471634
v -0.030314303934574127 0.05465952679514885 0.029690958559513092
v -0.02512521483004093 0.05459536984562874 0.03432409092783928
v -0.0288509801030159 0.054641250520944595 0.031155351549386978
v -0.030214067548513412 0.05465827137231827 0.029795868322253227
v -0.021766651421785355 0.054542604833841324 0.04687315970659256
v -0.018403789028525352 0.05450589209794998 0.04573944956064224
v -0.019172390922904015 0.05451549217104912 0.04497080296278
v -0.028503263369202614 0.054623402655124664 0.04297720640897751
v -0.01945371925830841 0.054519910365343094 0.043920811265707016
v -0.03458300605416298 0.054697901010513306 0.038119420409202576
v -0.019172387197613716 0.0545179657638073 0.04287080839276314
v -0.018403783440589905 0.05451017618179321 0.0421021431684494
v -0.012863125652074814 0.05444902554154396 0.04080018401145935
v -0.006111080292612314 0.05437066778540611 0.042473629117012024
v -0.039869703352451324 0.05476443096995354 0.03240860626101494
v -0.0192569550126791 0.054524585604667664 0.03805976361036301
v -0.0006774587673135102 0.05430629476904869 0.04493824020028114
v 0.0008224485209211707 0.05429156497120857 0.04303630068898201
v 0.008288843557238579 0.05420786514878273 0.042382944375276566
v 0.024428438395261765 0.05402058735489845 0.04636836424469948
v 0.022321082651615143 0.05405513197183609 0.03727514669299126
v 0.017948811873793602 0.05409463122487068 0.045739028602838516
v 0.01718020811676979 0.05410423129796982 0.04497038200497627
v 0.016898881644010544 0.054108649492263794 0.04392039030790329
v 0.015528378076851368 0.054128248244524 0.04044291004538536
v 0.01718021184206009 0.054106704890728 0.04287038743495941
v 0.01794881746172905 0.054098911583423615 0.042101722210645676
v 0.028460565954446793 0.05399073287844658 0.032975900918245316
v 0.0375896617770195 0.05388294905424118 0.03680543228983879
v 0.031385328620672226 0.053946901112794876 0.04210483282804489
v 0.042524561285972595 0.05383383855223656 0.031095657497644424
v 0.042888663709163666 0.05383030325174332 0.0306006520986557
v 0.04715185984969139 0.05379026383161545 0.02364327758550644
v 0.03805919736623764 0.053895607590675354 0.021535884588956833
v 0.033760279417037964 0.05393701791763306 0.027675796300172806
v 0.043654024600982666 0.053834084421396255 0.02003193460404873
v 0.042885422706604004 0.05384368449449539 0.019263289868831635
v 0.04260409623384476 0.05384810268878937 0.018213292583823204
v 0.041226692497730255 0.05386777222156525 0.014742718078196049
v 0.05027426779270172 0.05376381054520607 0.01610463112592697
v 0.052179016172885895 0.05375160276889801 0.008170319721102715
v 0.05281919613480568 0.05375393480062485 3.572890636860393e-05
v 0.03805927187204361 0.053946223109960556 -0.021464087069034576
v 0.042885489761829376 0.053888946771621704 -0.01919160969555378
v 0.04365409538149834 0.05388115718960762 -0.019960269331932068
v 0.041226744651794434 0.05390239134430885 -0.014670995064079762
v 0.04316655918955803 0.05387192592024803 -0.007431029342114925
v 0.04381977394223213 0.05385574698448181 3.5833123547490686e-05
v 0.0502743236720562 0.05380163714289665 -0.016033116728067398
v 0.04715194180607796 0.0538458377122879 -0.023571696132421494
v 0.04365408793091774 0.05387687683105469 -0.016322964802384377
v 0.04288548603653908 0.053886476904153824 -0.01709160953760147
v 0.04260415956377983 0.0538908950984478 -0.018141604959964752
v 0.033760372549295425 0.05400208383798599 -0.02760390006005764
v 0.03758978843688965 0.05396950617432594 -0.03673362359404564
v 0.03195812553167343 0.054024845361709595 -0.029619591310620308
v 0.03185146301984787 0.05402766913175583 -0.030994880944490433
v 0.03047625906765461 0.054043352603912354 -0.031101536005735397
v 0.05217904597520828 0.053770750761032104 -0.008098853752017021
v 0.04316653683781624 0.05385434627532959 0.007502702996134758
v 0.04365403205156326 0.05383836477994919 0.016394631937146187
v 0.0428854264318943 0.05384615808725357 0.017163293436169624
v 0.04288876801729202 0.05390225350856781 -0.030528971925377846
v 0.01552851777523756 0.05422336980700493 -0.04037059471011162
v 0.02232121303677559 0.054142795503139496 -0.03720298781991005
v 0.01794896461069584 0.05419793725013733 -0.04202946275472641
v 0.017180360853672028 0.054207537323236465 -0.042798109352588654
v 0.008288990706205368 0.05430755391716957 -0.04231046140193939
v 0.01689903251826763 0.05421195924282074 -0.043848104774951935
v 0.017180364578962326 0.054210010915994644 -0.044898103922605515
v 0.031385473906993866 0.05404593423008919 -0.0420328788459301
v 0.0244285985827446 0.05412965640425682 -0.04629625380039215
v 0.03188043832778931 0.054039906710386276 -0.041668761521577835
v 0.028460679575800896 0.05406827852129936 -0.03290387988090515
v 0.017948970198631287 0.05420222133398056 -0.04566676914691925
v 0.0008225978235714138 0.05439279228448868 -0.04296364262700081
v -0.006110933143645525 0.054470568895339966 -0.04240081086754799
v -0.012862984091043472 0.05454498529434204 -0.04072720557451248
v -0.019256822764873505 0.05461409315466881 -0.0379866361618042
v -0.02512509562075138 0.05467608571052551 -0.034250833094120026
v -0.018403638154268265 0.05460920184850693 -0.042029041796922684
v -0.019172238186001778 0.054618801921606064 -0.04279768839478493
v -0.03986959159374237 0.054840635508298874 -0.032335009425878525
v -0.030206307768821716 0.05472973734140396 -0.03099416196346283
v -0.03458287566900253 0.05478755012154579 -0.03804594278335571
v -0.028850872069597244 0.05471450462937355 -0.03108200989663601
v -0.028503114357590675 0.05472448840737343 -0.04290387034416199
v -0.019453566521406174 0.05462322011590004 -0.04384768381714821
v -0.02176648937165737 0.0546528622508049 -0.046799980103969574
v -0.01917223446071148 0.054621271789073944 -0.04489768296480179
v -0.018403630703687668 0.05461348220705986 -0.045666348189115524
v -0.04424484074115753 0.054882559925317764 -0.02589898742735386
v -0.04487745091319084 0.05488181859254837 -0.01919059455394745
v -0.04410884156823158 0.054874029010534286 -0.019959252327680588
v -0.0346883162856102 0.054772455245256424 -0.024208156391978264
v -0.03031420148909092 0.054729338735342026 -0.029617581516504288
v -0.030213963240385056 0.054728325456380844 -0.029722491279244423
v -0.04410884901881218 0.054869748651981354 -0.016321947798132896
v -0.04487745463848114 0.05487934872508049 -0.01709059253334999
v -0.04515878111124039 0.054883766919374466 -0.018140587955713272
v -0.038132958114147186 0.05480431020259857 -0.01816413924098015
v -0.0006773029454052448 0.05441199988126755 -0.04486554488539696
v -0.0017753068823367357 0.054425712674856186 -0.04596360772848129
v -0.0021772023756057024 0.05443202704191208 -0.04746360331773758
v -0.0017753016436472535 0.05442924425005913 -0.04896360635757446
v -0.0006772939232178032 0.054418113082647324 -0.05006169527769089
v 0.0008226134232245386 0.054403383284807205 -0.05196363851428032
v -0.0017754717264324427 0.05431389436125755 0.04903632402420044
v -0.0021773672197014093 0.05432020500302315 0.04753633216023445
v -0.0017754666041582823 0.054317425936460495 0.04603632539510727
v 0.0008224329212680459 0.054280973970890045 0.05203629657626152
v -0.0006774677895009518 0.054300181567668915 0.05013439059257507
v -0.04911043494939804 0.05438794940710068 0.01625969633460045
v -0.0502900592982769 0.054406262934207916 0.012036320753395557
v -0.007017819676548243 0.05399194732308388 -0.05187615752220154
v 0.0008169580833055079 0.05390400439500809 -0.05246422067284584
v -0.014677108265459538 0.05407653748989105 -0.05012531578540802
v -0.015405399724841118 0.05408450588583946 -0.04989450424909592
v -0.02198934555053711 0.054155878722667694 -0.04725091904401779
v -0.023016028106212616 0.054166894406080246 -0.0467417910695076
v -0.028790747746825218 0.05422819405794144 -0.04331734776496887
v -0.03003980964422226 0.05424128845334053 -0.04243726283311844
v -0.03492897003889084 0.05429186299443245 -0.038412708789110184
v -0.0363037995994091 0.05430585518479347 -0.037086911499500275
v -0.04026651754975319 0.05434546247124672 -0.03264686092734337
v -0.04165375232696533 0.05435900762677193 -0.030822472646832466
v -0.04468383640050888 0.054387785494327545 -0.026148952543735504
v -0.045957937836647034 0.054399434477090836 -0.023798203095793724
v -0.04808198660612106 0.054417893290519714 -0.019064538180828094
v -0.049110379070043564 0.05442613735795021 -0.016187060624361038
v -0.048082053661346436 0.05437292531132698 0.019137147814035416
v -0.0459580235183239 0.0543433241546154 0.023870764300227165
v -0.04468392953276634 0.054326143115758896 0.026221487671136856
v -0.04165386036038399 0.05428636446595192 0.030894938856363297
v -0.04026662930846214 0.054268524050712585 0.032719291746616364
v -0.03630392998456955 0.05421846732497215 0.03715925291180611
v -0.03492910414934158 0.05420135334134102 0.03848501667380333
v -0.03003995679318905 0.05414130166172981 0.04250946268439293
v -0.028790898621082306 0.054126136004924774 0.043389517813920975
v -0.0230161901563406 0.05405677482485771 0.04681382328271866
v -0.02198950946331024 0.054044563323259354 0.04732293263077736
v -0.015405572950839996 0.05396696552634239 0.04996636509895325
v -0.01467728242278099 0.053958453238010406 0.05019715800881386
v -0.007017999887466431 0.05386974290013313 0.05194782093167305
v 0.0008167758351191878 0.053780414164066315 0.05253570154309273
v -0.05003039911389351 0.054653361439704895 0.012036612257361412
v -0.03995124623179436 0.05428929999470711 0.012036200612783432
v -0.03768570348620415 0.0542566180229187 0.018025469034910202
v -0.03428114205598831 0.054211072623729706 0.02399912104010582
v -0.029957905411720276 0.0541558712720871 0.029345553368330002
v -0.02482915297150612 0.05409245938062668 0.03392481058835983
v -0.019029129296541214 0.054022494703531265 0.0376170389354229
v -0.012709645554423332 0.053947813808918 0.0403255932033062
v -0.006036113016307354 0.053870368748903275 0.041979581117630005
v 0.00081679318100214 0.053792186081409454 0.04253571107983589
v -0.040208905935287476 0.05454219877719879 0.012036497704684734
v 0.02813364937901497 0.053571492433547974 -0.03252144157886505
v 0.022065570577979088 0.053645145148038864 -0.03677055984735489
v 0.015351862646639347 0.053724780678749084 -0.03990133851766586
v 0.008196515031158924 0.05380798876285553 -0.04181864485144615
v 0.0008169407374225557 0.05389223247766495 -0.042464230209589005
v 0.03337172046303749 0.053506068885326385 -0.027283092960715294
v 0.03337162360548973 0.05344175919890404 0.027353817597031593
v 0.037620555609464645 0.053400833159685135 0.021285295486450195
v 0.040751222521066666 0.053373318165540695 0.014571121893823147
v 0.042668506503105164 0.05336005240678787 0.007415298838168383
v 0.04331414774060249 0.0533614344894886 3.525042120600119e-05
v 0.04266853258013725 0.0533774234354496 -0.0073447865433990955
v 0.040751274675130844 0.053407538682222366 -0.014500568620860577
v 0.037620630115270615 0.05345085635781288 -0.021214671432971954
v 0.028133535757660866 0.05349485203623772 0.0325922891497612
v 0.008196369744837284 0.05370945855975151 0.04188995808362961
v 0.01535172387957573 0.0536307692527771 0.03997248411178589
v 0.02206544391810894 0.05355849862098694 0.03684154897928238
v -0.037685640156269073 0.054298967123031616 -0.017953095957636833
v -0.034281060099601746 0.054267484694719315 -0.023926831781864166
v -0.029957802966237068 0.05422486737370491 -0.02927335910499096
v -0.006035967264324427 0.05396910756826401 -0.04190794378519058
v -0.01270950585603714 0.05404265969991684 -0.04025379940867424
v -0.019028998911380768 0.05411096289753914 -0.037545096129179
v -0.024829035624861717 0.05417223274707794 -0.03385273367166519
v 0.00902906060218811 0.05368826910853386 0.051889244467020035
v 0.017039133235812187 0.05359991639852524 0.0499659888446331
v 0.024649761617183685 0.053517524152994156 0.046813271939754486
v 0.03167354315519333 0.05344313010573387 0.042508747428655624
v 0.03793753311038017 0.05337856337428093 0.03715839236974716
v 0.0432874858379364 0.053325410932302475 0.030893955379724503
v 0.0475916713476181 0.053284987807273865 0.023869680240750313
v 0.05074411258101463 0.05325828120112419 0.016258539631962776
v 0.052667174488306046 0.05324595421552658 0.008247940801084042
v 0.05331350490450859 0.05324830859899521 3.513462434057146e-05
v 0.052667200565338135 0.0532652884721756 -0.008177664130926132
v 0.05074416846036911 0.05329647287726402 -0.01618821732699871
v 0.04759175702929497 0.053341094404459 -0.023799287155270576
v 0.04328759387135506 0.05339805781841278 -0.03082345612347126
v 0.03793766349554062 0.05346595495939255 -0.03708776831626892
v 0.03167369216680527 0.05354311689734459 -0.04243797808885574
v 0.02464992366731167 0.05362764373421669 -0.04674234241247177
v 0.017039306461811066 0.05371745303273201 -0.04989488050341606
v 0.009029241278767586 0.05381033569574356 -0.05181795731186867
v 0.008870687335729599 0.03968917578458786 0.05187276750802994
v 0.016880759969353676 0.03960082307457924 0.049949511885643005
v 0.024491388350725174 0.03951843082904816 0.04679679498076439
v 0.03151516988873482 0.03944403678178787 0.04249227046966553
v 0.03777915984392166 0.03937947005033493 0.037141915410757065
v 0.04312911257147789 0.039326321333646774 0.030877476558089256
v 0.04743329808115959 0.039285894483327866 0.023853203281760216
v 0.05058573931455612 0.03925918787717819 0.01624206081032753
v 0.052508797496557236 0.03924686089158058 0.008231463842093945
v 0.05315513163805008 0.03924921527504921 1.8656870452105068e-05
v 0.05250882729887962 0.0392661951482296 -0.008194142021238804
v 0.0505857951939106 0.039297379553318024 -0.016204696148633957
v 0.047433383762836456 0.039342001080513 -0.023815764114260674
v 0.043129220604896545 0.03939896449446678 -0.030839934945106506
v 0.03777929022908211 0.03946686163544655 -0.037104249000549316
v 0.031515318900346756 0.03954402357339859 -0.04245445504784584
v 0.024491550400853157 0.03962855041027069 -0.04675882309675217
v 0.016880933195352554 0.03971836343407631 -0.04991135746240616
v 0.0088708670809865 0.03981124609708786 -0.051834434270858765
v -0.0049042166210711 0.039877358824014664 0.0243925079703331
v -0.010187945328652859 0.039939310401678085 0.022543590515851974
v -0.014927788637578487 0.0399964414536953 0.019565217196941376
v -0.01888607069849968 0.040045879781246185 0.015606720931828022
v -0.021864304319024086 0.04008515179157257 0.010866609402000904
v -0.02371315471827984 0.04011228680610657 0.005582564044743776
v -0.024339906871318817 0.040125928819179535 1.9554294340196066e-05
v -0.023713136091828346 0.04012538492679596 -0.005543473642319441
v -0.0218642670661211 0.04011068865656853 -0.010827561840415001
v -0.018886016681790352 0.040082573890686035 -0.015567746013402939
v -0.01492772065103054 0.0400424525141716 -0.01952633075416088
v -0.010187867097556591 0.03999233618378639 -0.022504815831780434
v -0.00490413187071681 0.039934735745191574 -0.02435385435819626
v -0.0048249452374875546 0.04693428426980972 -0.02434561401605606
v -0.010108680464327335 0.04699188098311424 -0.022496577352285385
v -0.014848534017801285 0.04704199731349945 -0.019518092274665833
v -0.018806830048561096 0.047082118690013885 -0.01555950753390789
v -0.021785080432891846 0.04711023345589638 -0.010819323360919952
v -0.02363394759595394 0.04712492972612381 -0.005535234697163105
v -0.02426072023808956 0.047125473618507385 2.7793172193923965e-05
v -0.023633968085050583 0.047111835330724716 0.005590802989900112
v -0.02178511768579483 0.04708470031619072 0.010874848812818527
v -0.018806884065270424 0.047045428305864334 0.01561495941132307
v -0.014848601073026657 0.04699598625302315 0.019573457539081573
v -0.010108758695423603 0.046938858926296234 0.022551828995347023
v -0.004825029522180557 0.04687690734863281 0.024400746449828148
v -0.052081458270549774 0.018872015178203583 0.05640310421586037
v -0.05124035105109215 0.02029036171734333 0.05739619582891464
v -0.05206279456615448 0.020520739257335663 0.05739646404981613
v -0.050643280148506165 0.01967962458729744 0.05739547684788704
v -0.050431568175554276 0.01885218173265457 0.05739450454711914
v -0.053500980138778687 0.01971195451915264 0.057395510375499725
v -0.05373135954141617 0.01888951286673546 0.057394541800022125
v -0.05289024859666824 0.020309027284383774 0.057396214455366135
v -0.05043158680200577 0.01884029433131218 0.06749450415372849
v -0.05064329877495766 0.019667737185955048 0.06749548017978668
v -0.05124036967754364 0.02027847431600094 0.06749619543552399
v -0.05206281319260597 0.02050884999334812 0.06749646365642548
v -0.05289026349782944 0.020297139883041382 0.06749621778726578
v -0.05350099876523018 0.01970006711781025 0.06749550998210907
v -0.05373137444257736 0.018877625465393066 0.06749454140663147
v -0.052081264555454254 0.019004805013537407 -0.05641397833824158
v -0.052890047430992126 0.020444151014089584 -0.05740370228886604
v -0.05206259712576866 0.020655862987041473 -0.057403452694416046
v -0.05350078269839287 0.019847078248858452 -0.05740440636873245
v -0.05373115837574005 0.01902463659644127 -0.05740537494421005
v -0.050643082708120346 0.01981474831700325 -0.05740443989634514
v -0.05043137073516846 0.018987305462360382 -0.05740541219711304
v -0.05124014988541603 0.02042548544704914 -0.057403720915317535
v -0.05373113974928856 0.01903652586042881 -0.0675053745508194
v -0.053500764071941376 0.019858965650200844 -0.0675044059753418
v -0.052890028804540634 0.020456040278077126 -0.06750369817018509
v -0.05206257849931717 0.020667750388383865 -0.06750345230102539
v -0.05124013498425484 0.020437374711036682 -0.06750372052192688
v -0.050643064081668854 0.01982663758099079 -0.06750443577766418
v -0.050431352108716965 0.018999194726347923 -0.06750541180372238
v -0.051339998841285706 0.009857740253210068 0.06090656667947769
v -0.0516916923224926 0.01726401224732399 0.06117422133684158
v -0.05141109600663185 0.017358876764774323 0.06103678047657013
v -0.05180525779724121 0.017240535467863083 0.06120740994811058
v -0.05187787488102913 0.009863484650850296 0.06119604408740997
v -0.0522875152528286 0.01722981221973896 0.06122845038771629
v -0.05248868465423584 0.009870394133031368 0.06119605153799057
v -0.052408281713724136 0.017249969765543938 0.06120394915342331
v -0.052511364221572876 0.017274292185902596 0.06117284670472145
v -0.05302656441926956 0.009876820258796215 0.06090658903121948
v -0.052785780280828476 0.017374427989125252 0.06103679910302162
v -0.053348358720541 0.017382021993398666 0.059992771595716476
v -0.05331820622086525 0.01738135889172554 0.060265667736530304
v -0.05343320220708847 0.009882506914436817 0.05998394265770912
v -0.05336305871605873 0.009881227277219296 0.060396794229745865
v -0.05084851756691933 0.017353741452097893 0.05999274179339409
v -0.0509333573281765 0.009854225441813469 0.059983912855386734
v -0.05090998485684395 0.017353979870676994 0.06037991866469383
v -0.05100350081920624 0.009854532778263092 0.06039676442742348
v -0.051126185804605484 0.017355957999825478 0.06077830493450165
v -0.051255155354738235 0.017357254400849342 0.060915395617485046
v -0.05327821522951126 0.017380742356181145 0.06040561944246292
v -0.05308566242456436 0.017378147691488266 0.06075943261384964
v -0.05294172093272209 0.017376335337758064 0.06091541424393654
v -0.05124162137508392 0.017447933554649353 0.05929864943027496
v -0.05141109228134155 0.017361333593726158 0.05894872918725014
v -0.05125515162944794 0.017359426245093346 0.05907009541988373
v -0.051126182079315186 0.017357807606458664 0.059207186102867126
v -0.05090998113155365 0.017354892566800117 0.05960557982325554
v -0.05114803835749626 0.017507655546069145 0.05967652425169945
v -0.05112434923648834 0.017523758113384247 0.05999293923377991
v -0.05084841325879097 0.017424363642930984 -7.212343462015269e-06
v -0.05093325674533844 0.00992484763264656 -1.60397139552515e-05
v -0.05101587250828743 0.017425522208213806 0.000617788580711931
v -0.0511007159948349 0.009926007129251957 0.0006089612143114209
v -0.05147337168455124 0.017430158331990242 0.001075326232239604
v -0.05155821517109871 0.009930644184350967 0.0010664989240467548
v -0.05209833383560181 0.017437031492590904 0.0012428000336512923
v -0.05218317732214928 0.00993751734495163 0.0012339727254584432
v -0.052723295986652374 0.017444299533963203 0.0010753407841548324
v -0.052808139473199844 0.009944784455001354 0.0010665133595466614
v -0.053180795162916183 0.017450014129281044 0.0006178136100061238
v -0.053265638649463654 0.009950499050319195 0.0006089862436056137
v -0.05334825441241264 0.017452644184231758 -7.183394245657837e-06
v -0.053433097898960114 0.009953129105269909 -1.6010764738894068e-05
v -0.050980355590581894 0.017505694180727005 -7.116842880350305e-06
v -0.0511300191283226 0.017506729811429977 0.0005514545482583344
v -0.051538895815610886 0.017510874196887016 0.0009603617363609374
v -0.05209742859005928 0.01751701720058918 0.0011100353440269828
v -0.05265596881508827 0.01752351224422455 0.0009603746584616601
v -0.05306484177708626 0.01752861775457859 0.0005514769582077861
v -0.05321450158953667 0.01753096841275692 -7.09097048456897e-06
v -0.05133979022502899 0.009998984634876251 -0.05909334868192673
v -0.051691483706235886 0.017405256628990173 -0.058825697749853134
v -0.051410891115665436 0.017500121146440506 -0.05896313861012459
v -0.0518050491809845 0.017381779849529266 -0.058792516589164734
v -0.051877666264772415 0.01000472903251648 -0.05880388244986534
v -0.052287306636571884 0.017371056601405144 -0.058771464973688126
v -0.052488476037979126 0.010011639446020126 -0.058803874999284744
v -0.05240807309746742 0.01739121414721012 -0.05879596620798111
v -0.05251115560531616 0.01741553656756878 -0.05882706865668297
v -0.05302635580301285 0.010018064640462399 -0.059093330055475235
v -0.05278557166457176 0.017515672370791435 -0.058963123708963394
v -0.053348150104284286 0.01752326637506485 -0.06000714376568794
v -0.053317997604608536 0.017522603273391724 -0.05973425135016441
v -0.05343299359083176 0.010023751296103 -0.060015968978405
v -0.05336285009980202 0.010022471658885479 -0.05960312485694885
v -0.05084830895066261 0.017494985833764076 -0.06000717356801033
v -0.05093315243721008 0.009995469823479652 -0.060015998780727386
v -0.050909776240587234 0.017495224252343178 -0.059620004147291183
v -0.05100329592823982 0.00999577809125185 -0.05960315093398094
v -0.05112597718834877 0.01749720238149166 -0.05922161042690277
v -0.05125494673848152 0.017498498782515526 -0.05908452346920967
v -0.05327800661325455 0.017521986737847328 -0.0595942959189415
v -0.05308545380830765 0.01751939207315445 -0.059240490198135376
v -0.05294151231646538 0.017517579719424248 -0.05908450111746788
v -0.05124141275882721 0.017589177936315536 -0.060701269656419754
v -0.05141088739037514 0.01750257797539234 -0.06105119735002518
v -0.05125494301319122 0.01750067248940468 -0.06092981621623039
v -0.05112597718834877 0.017499051988124847 -0.06079272925853729
v -0.050909772515296936 0.0174961369484663 -0.06039434298872948
v -0.05114782974123955 0.01764889992773533 -0.06032339110970497
v -0.05112414062023163 0.01766500249505043 -0.06000697240233421
v -0.05374378710985184 0.0177982896566391 0.049993254244327545
v -0.05362953245639801 0.027897637337446213 0.05000514164566994
v -0.0535227470099926 0.017794819548726082 0.05081825330853462
v -0.05340849235653877 0.027894165366888046 0.050830140709877014
v -0.05291884392499924 0.017787275835871696 0.051422182470560074
v -0.05280458927154541 0.02788662165403366 0.051434069871902466
v -0.05209389701485634 0.017777683213353157 0.05164323374629021
v -0.05197963863611221 0.02787702903151512 0.0516551211476326
v -0.05126895010471344 0.017768610268831253 0.05142216384410858
v -0.05115469545125961 0.027867956086993217 0.051434051245450974
v -0.05066504701972008 0.01776248961687088 0.050818219780921936
v -0.05055079236626625 0.027861835435032845 0.05083010718226433
v -0.05044399946928024 0.01776096038520336 0.04999321699142456
v -0.050329744815826416 0.027860306203365326 0.05000510439276695
v -0.05210510641336441 0.016788270324468613 0.049992069602012634
v -0.05374370142817497 0.0178571417927742 -6.707969987473916e-06
v -0.053629446774721146 0.027956489473581314 5.179554136702791e-06
v -0.053522657603025436 0.017853669822216034 0.0008182842284440994
v -0.05340840294957161 0.027953017503023148 0.0008301717462018132
v -0.05291875824332237 0.017846127972006798 0.001422220841050148
v -0.052804503589868546 0.027945473790168762 0.0014341083588078618
v -0.052093807607889175 0.01783653534948826 0.0016432699048891664
v -0.05197955295443535 0.027935881167650223 0.0016551574226468801
v -0.05126886069774628 0.017827462404966354 0.0014222017489373684
v -0.05115460604429245 0.02792680822312832 0.0014340892666950822
v -0.050664957612752914 0.01782134175300598 0.0008182511664927006
v -0.05055070295929909 0.027920687571167946 0.0008301386842504144
v -0.05044391378760338 0.017819810658693314 -6.746182862116257e-06
v -0.05032965913414955 0.027919158339500427 5.14134126206045e-06
v -0.05374361574649811 0.017915993928909302 -0.0500066764652729
v -0.05362936109304428 0.028015341609716415 -0.04999478906393051
v -0.05352257192134857 0.017912521958351135 -0.049181681126356125
v -0.053408317267894745 0.02801186963915825 -0.04916979372501373
v -0.05291867256164551 0.0179049801081419 -0.048577744513750076
v -0.05280441790819168 0.028004325926303864 -0.048565857112407684
v -0.05209372192621231 0.01789538748562336 -0.04835669323801994
v -0.051979467272758484 0.027994733303785324 -0.04834480583667755
v -0.05126877501606941 0.017886314541101456 -0.04857776314020157
v -0.051154520362615585 0.02798566035926342 -0.04856587573885918
v -0.05066487193107605 0.017880193889141083 -0.04918171465396881
v -0.05055061727762222 0.027979539707303047 -0.04916982725262642
v -0.050443828105926514 0.017878662794828415 -0.05000671371817589
v -0.05032956972718239 0.02797801047563553 -0.049994826316833496
v -0.05210493505001068 0.016905974596738815 -0.050007861107587814
v -0.04818331450223923 0.009973188862204552 -0.067516028881073
v -0.0479796938598156 0.0279720239341259 -0.06749484688043594
v -0.04818354919552803 0.009814288467168808 0.06748388707637787
v -0.0479799285531044 0.027813123539090157 0.06750506907701492
v -0.055979177355766296 0.028062522411346436 -0.06749475002288818
v -0.056182801723480225 0.010063688270747662 -0.06751593947410583
v -0.0559794120490551 0.027903622016310692 0.06750516593456268
v -0.05618303641676903 0.009904787875711918 0.06748397648334503
v -0.0511007122695446 0.009927477687597275 -0.0006410367204807699
v -0.05155821144580841 0.009933192282915115 -0.0010985637782141566
v -0.05218316987156868 0.00994045939296484 -0.0012660305947065353
v -0.05248847231268883 0.010014492087066174 -0.06122809275984764
v -0.05187766253948212 0.010007582604885101 -0.06122810021042824
v -0.05133978649973869 0.010001156479120255 -0.06093864515423775
v -0.051003292202949524 0.009996749460697174 -0.06042885035276413
v -0.05302635207772255 0.010020236484706402 -0.060938626527786255
v -0.05336285009980202 0.010023443959653378 -0.06042882427573204
v -0.053265634924173355 0.009951969608664513 -0.0006410116911865771
v -0.052808135747909546 0.009947332553565502 -0.00109854934271425
v -0.05100350081920624 0.00985550507903099 0.05957106500864029
v -0.05248868092894554 0.00987324770539999 0.058771826326847076
v -0.05187787115573883 0.009866337291896343 0.05877181887626648
v -0.05133999511599541 0.009859912097454071 0.05906127020716667
v -0.05302656069397926 0.009878992103040218 0.059061288833618164
v -0.05336305871605873 0.00988219864666462 0.05957109108567238
v -0.051696211099624634 0.017413413152098656 -0.06750728189945221
v -0.05098188668489456 0.017787450924515724 -0.0675068348646164
v -0.052502479404211044 0.01742253452539444 -0.06750726699829102
v -0.053208157420158386 0.017812637612223625 -0.0675068125128746
v -0.05364472046494484 0.018490547314286232 -0.06750601530075073
v -0.05053010210394859 0.01845531165599823 -0.06750605255365372
v -0.05340839922428131 0.027954958379268646 -0.0008198252180591226
v -0.05280449986457825 0.027948837727308273 -0.0014237759169191122
v -0.05197954922914505 0.02793976478278637 -0.0016448439564555883
v -0.05115460231900215 0.02793017216026783 -0.0014237950090318918
v -0.050550613552331924 0.027981482446193695 -0.050819821655750275
v -0.05115451663732529 0.02798902429640293 -0.051423754543066025
v -0.053408313542604446 0.028013810515403748 -0.05081978812813759
v -0.052804410457611084 0.028007689863443375 -0.05142373591661453
v -0.05197945982217789 0.02799861691892147 -0.05164480581879616
v -0.05055070295929909 0.027922630310058594 -0.0008198583382181823
v -0.053408488631248474 0.027896108105778694 0.04918014630675316
v -0.05280458554625511 0.027889985591173172 0.048576194792985916
v -0.051979634910821915 0.027880912646651268 0.04835512489080429
v -0.051154688000679016 0.02787132002413273 0.048576176166534424
v -0.05055078864097595 0.027863778173923492 0.04918011277914047
v -0.05250271409749985 0.017263634130358696 0.06749264150857925
v -0.05320839211344719 0.01765373721718788 0.06749310344457626
v -0.05169644579291344 0.017254512757062912 0.06749263405799866
v -0.050982121378183365 0.01762855052947998 0.06749307364225388
v -0.050530336797237396 0.018296411260962486 0.06749386340379715
v -0.05364495515823364 0.01833164691925049 0.06749390065670013
v -0.05304127186536789 0.017666736617684364 -0.05966489017009735
v -0.05303578823804855 0.017663665115833282 -0.06038163974881172
v -0.053317997604608536 0.01752324588596821 -0.06028003990650177
v -0.05327800661325455 0.017522959038615227 -0.060419995337724686
v -0.05308545008301735 0.017521196976304054 -0.060773808509111404
v -0.05294150859117508 0.01751975156366825 -0.0609297975897789
v -0.052785567939281464 0.01751813106238842 -0.061051178723573685
v -0.0530414804816246 0.01752549223601818 0.06033502519130707
v -0.05303599685430527 0.0175224207341671 0.0596182756125927
v -0.05331820622086525 0.017382001504302025 0.059719886630773544
v -0.05327821522951126 0.017381714656949043 0.059579916298389435
v -0.05308565869927406 0.01737995259463787 0.05922611802816391
v -0.05294171720743179 0.017378507182002068 0.05907011404633522
v -0.05278577655553818 0.017376886680722237 0.05894874408841133
v -0.051268771290779114 0.017889678478240967 -0.05143564194440842
v -0.052093714475631714 0.017899271100759506 -0.05165669322013855
v -0.05066486820578575 0.01788213476538658 -0.05083170905709267
v -0.05352256819605827 0.017914464697241783 -0.05083167552947998
v -0.05291866511106491 0.01790834404528141 -0.051435623317956924
v -0.0511300154030323 0.017508044838905334 -0.0005656922003254294
v -0.050664957612752914 0.01782328262925148 -0.0008317458559758961
v -0.05153889209032059 0.017513152211904526 -0.0009745899587869644
v -0.05126885697245598 0.017830826342105865 -0.0014356825267896056
v -0.05209742486476898 0.017519645392894745 -0.0011242505861446261
v -0.05209380388259888 0.017840418964624405 -0.0016567314742133021
v -0.052655965089797974 0.01752578839659691 -0.0009745770366862416
v -0.052918754518032074 0.01784949190914631 -0.001435663434676826
v -0.05306484177708626 0.017529932782053947 -0.0005656697903759778
v -0.053522657603025436 0.017855612561106682 -0.0008317127358168364
v -0.05126894265413284 0.017771974205970764 0.04856428876519203
v -0.05209388956427574 0.017781566828489304 0.0483432374894619
v -0.05066504329442978 0.01776443049311638 0.04916822537779808
v -0.0535227432847023 0.01779676042497158 0.04916825890541077
v -0.05291884019970894 0.017790639773011208 0.048564307391643524
v -0.05115742236375809 0.01764153316617012 -0.05963235720992088
v -0.0525071881711483 0.017417266964912415 -0.06118885055184364
v -0.05239417776465416 0.017391303554177284 -0.06122209131717682
v -0.05191228911280632 0.017369722947478294 -0.06124318018555641
v -0.05179109424352646 0.017387084662914276 -0.061218634247779846
v -0.051687490195035934 0.01740899682044983 -0.06118747591972351
v -0.053180791437625885 0.017451485618948936 -0.000632184324786067
v -0.052723292261362076 0.01744684763252735 -0.001089722034521401
v -0.05209833011031151 0.01743997447192669 -0.0012572032865136862
v -0.05147336795926094 0.01743270829319954 -0.0010897364700213075
v -0.05101587250828743 0.0174269936978817 -0.0006322093540802598
v -0.0511576309800148 0.017500288784503937 0.060367558151483536
v -0.052507396787405014 0.017276020720601082 0.05881107226014137
v -0.05239438638091087 0.0172500591725111 0.0587778277695179
v -0.051912497729063034 0.01722847856581211 0.05875673145055771
v -0.05179130285978317 0.017245840281248093 0.05878128111362457
v -0.05168769881129265 0.017267752438783646 0.05881243571639061
v -0.05066174641251564 0.01816485822200775 -0.05740638077259064
v -0.05250249803066254 0.0174106452614069 -0.05740727484226227
v -0.05292237922549248 0.017586449161171913 -0.057407066226005554
v -0.05320817604660988 0.017800748348236084 -0.05740681663155556
v -0.050981905311346054 0.017775563523173332 -0.057406842708587646
v -0.05127248167991638 0.01756778359413147 -0.057407084852457047
v -0.051696229726076126 0.017401523888111115 -0.057407282292842865
v -0.05209992825984955 0.017356080934405327 -0.05740733817219734
v -0.05351944640278816 0.018197186291217804 -0.05740635097026825
v -0.05351964756846428 0.018062062561511993 0.05739356949925423
v -0.0532083734869957 0.017665624618530273 0.05739310383796692
v -0.05098210275173187 0.01764043979346752 0.05739307776093483
v -0.051696427166461945 0.017266400158405304 0.05739263445138931
v -0.0512726791203022 0.01743265986442566 0.05739283189177513
v -0.052922576665878296 0.017451325431466103 0.057392850518226624
v -0.052502699196338654 0.017275521531701088 0.05739264562726021
v -0.05210012570023537 0.017220955342054367 0.057392582297325134
v -0.05066194757819176 0.01802973262965679 0.05739353597164154
v 0.0025168475694954395 0.02724478952586651 0.06500447541475296
v 0.0026525964494794607 0.03924401476979256 0.06501860171556473
v 0.0022489172406494617 0.02724899910390377 0.06400448828935623
v 0.002384666120633483 0.03924822434782982 0.064018614590168
v 0.0015169145772233605 0.027258140966296196 0.06327243894338608
v 0.0016526634572073817 0.039257366210222244 0.06328655779361725
v 0.0005169790238142014 0.027269769459962845 0.0630045086145401
v 0.0006527278455905616 0.03926899656653404 0.06301863491535187
v -0.00048295751912519336 0.027280766516923904 0.06327246129512787
v -0.0003472086973488331 0.0392799936234951 0.06328658014535904
v -0.0012149626854807138 0.02728818543255329 0.06400453299283981
v -0.0010792139219120145 0.03928741067647934 0.06401865184307098
v -0.0014828966232016683 0.027290040627121925 0.06500452011823654
v -0.001347147743217647 0.039289265871047974 0.06501864641904831
v 0.057097095996141434 0.034045446664094925 0.05001256987452507
v 0.05714913457632065 0.038645144551992416 0.050017982721328735
v 0.05656123533844948 0.03405386582016945 0.04801258072257042
v 0.05661327391862869 0.03865356370806694 0.048017993569374084
v 0.05509722977876663 0.0340721495449543 0.04654849320650101
v 0.05514926835894585 0.03867184743285179 0.04655390605330467
v 0.05309735983610153 0.0340954065322876 0.04601261764764786
v 0.05314939469099045 0.03869510442018509 0.04601803421974182
v 0.05109748989343643 0.03411740064620972 0.04654853790998459
v 0.051149528473615646 0.03871709853410721 0.04655395448207855
v 0.04963347688317299 0.03413223847746849 0.048012662678956985
v 0.0496855154633522 0.03873193636536598 0.04801807552576065
v 0.049097612500190735 0.03413594886660576 0.05001266300678253
v 0.04914964735507965 0.03873564675450325 0.0500180758535862
v 0.05202242359519005 0.034105051308870316 0.0481506772339344
v 0.05123551934957504 0.03411302715539932 0.04893764108419418
v 0.05094749107956886 0.034115020185709 0.05001264065504074
v 0.051235515624284744 0.03411049395799637 0.051087636500597
v 0.04963347315788269 0.034127529710531235 0.05201265960931778
v 0.05202241986989975 0.034100666642189026 0.05187458172440529
v 0.051097478717565536 0.034109245985746384 0.053476739674806595
v 0.05309734866023064 0.034088168293237686 0.05216261371970177
v 0.05309734493494034 0.034085988998413086 0.054012615233659744
v 0.05417228490114212 0.03407634422183037 0.0518745556473732
v 0.05509721860289574 0.03406399488449097 0.05347669497132301
v 0.054959189146757126 0.03406836837530136 0.05108759552240372
v 0.05656123161315918 0.03404915705323219 0.05201257765293121
v 0.055247217416763306 0.034066375344991684 0.05001259222626686
v 0.054959192872047424 0.03407089784741402 0.0489375963807106
v 0.05417228862643242 0.03408072888851166 0.04815065488219261
v 0.053097356110811234 0.034093227237463 0.047862619161605835
v 0.05516350641846657 0.026666847988963127 0.05000388249754906
v 0.05487547814846039 0.02667137235403061 0.0489288866519928
v 0.05408857762813568 0.0266812015324831 0.04814194515347481
v 0.053013645112514496 0.02669369988143444 0.04785390943288803
v 0.05193871259689331 0.02670552209019661 0.0481419675052166
v 0.051151808351278305 0.026713497936725616 0.04892893135547638
v 0.050863780081272125 0.026715490967035294 0.05000393092632294
v 0.05709727108478546 0.03416315093636513 -0.04998736083507538
v 0.05714930593967438 0.03876284882426262 -0.049981944262981415
v 0.056561410427093506 0.03417156636714935 -0.05198735371232033
v 0.05661344900727272 0.03877126798033714 -0.05198194086551666
v 0.05509740486741066 0.0341898538172245 -0.05345143377780914
v 0.055149439722299576 0.038789551705121994 -0.05344602093100548
v 0.05309753119945526 0.0342131108045578 -0.05398731306195259
v 0.053149569779634476 0.03881280869245529 -0.053981900215148926
v 0.05109766498208046 0.03423510491847992 -0.05345138907432556
v 0.051149699836969376 0.03883480280637741 -0.0534459725022316
v 0.04963365197181702 0.03424994274973869 -0.05198727175593376
v 0.04968569055199623 0.038849640637636185 -0.051981858909130096
v 0.049097783863544464 0.03425364941358566 -0.04998726770281792
v 0.04914982244372368 0.03885335102677345 -0.04998185485601425
v 0.052022598683834076 0.03422275558114052 -0.051849253475666046
v 0.05123569443821907 0.034230731427669525 -0.051062289625406265
v 0.05094766616821289 0.0342327244579792 -0.04998729005455971
v 0.05123569071292877 0.03422819823026657 -0.04891229420900345
v 0.04963364452123642 0.03424523398280144 -0.04798727482557297
v 0.05202259123325348 0.03421837091445923 -0.04812534525990486
v 0.051097650080919266 0.034226950258016586 -0.046523191034793854
v 0.053097523748874664 0.03420587256550789 -0.04783731698989868
v 0.053097520023584366 0.03420369327068329 -0.045987315475940704
v 0.05417245626449585 0.03419404849410057 -0.04812537133693695
v 0.055097393691539764 0.03418169915676117 -0.046523235738277435
v 0.054959360510110855 0.034186072647571564 -0.04891233518719673
v 0.05656140297651291 0.034166861325502396 -0.047987353056669235
v 0.05524739250540733 0.03418407961726189 -0.04998733848333359
v 0.054959364235401154 0.03418860211968422 -0.05106233432888985
v 0.05417246371507645 0.03419843316078186 -0.05184927582740784
v 0.05309753119945526 0.0342109315097332 -0.052137311547994614
v 0.0551636777818203 0.02678455226123333 -0.04999604821205139
v 0.054875653237104416 0.026789076626300812 -0.05107104405760765
v 0.05408875271677971 0.026798903942108154 -0.05185798555612564
v 0.053013816475868225 0.026811404153704643 -0.05214602127671242
v 0.05193888768553734 0.026823226362466812 -0.05185796320438385
v 0.05115198343992233 0.02683120220899582 -0.05107099935412407
v 0.050863951444625854 0.026833195239305496 -0.04999599978327751
v 0.0570971854031086 0.034104298800230026 1.2607943972398061e-05
v 0.05714922025799751 0.03870399668812752 1.8022059521172196e-05
v 0.05656132474541664 0.03411271795630455 -0.001987388590350747
v 0.05661335960030556 0.03871241584420204 -0.00198197434656322
v 0.055097319185733795 0.0341310016810894 -0.0034514693543314934
v 0.05514935404062271 0.03873069956898689 -0.0034460551105439663
v 0.0530974455177784 0.0341542586684227 -0.003987343516200781
v 0.05314948409795761 0.03875395655632019 -0.003981929738074541
v 0.051097575575113297 0.03417625278234482 -0.0034514230210334063
v 0.05114961415529251 0.03877595067024231 -0.003446008777245879
v 0.04963356629014015 0.03419109061360359 -0.0019873082637786865
v 0.04968560114502907 0.03879078850150108 -0.001981894252821803
v 0.0490976981818676 0.03419479727745056 1.2700581464741845e-05
v 0.049149736762046814 0.03879449889063835 1.811469701351598e-05
v 0.05495927855372429 0.03412974998354912 -0.0010623661801218987
v 0.05417237803339958 0.03413958102464676 -0.0018493166426196694
v 0.0530974417924881 0.0341520793735981 -0.0021373433992266655
v 0.05202251300215721 0.03416390344500542 -0.0018492917297407985
v 0.051235608756542206 0.034171879291534424 -0.0010623229900375009
v 0.05094757676124573 0.0341738723218441 1.2679159226536285e-05
v 0.05123560503125191 0.03416934609413147 0.0010876746382564306
v 0.049633558839559555 0.034186381846666336 0.002012689597904682
v 0.052022505551576614 0.03415951877832413 0.0018746176501736045
v 0.0510975643992424 0.034168098121881485 0.0034767703618854284
v 0.0530974343419075 0.03414702042937279 0.0021626518573611975
v 0.0530974306166172 0.03414484113454819 0.0040126522071659565
v 0.054172370582818985 0.03413519635796547 0.0018745927372947335
v 0.0550973042845726 0.03412284702062607 0.0034767240285873413
v 0.05495927482843399 0.03412722051143646 0.0010876315645873547
v 0.056561317294836044 0.034108009189367294 0.0020126092713326216
v 0.05524730309844017 0.034125227481126785 1.2629366210603621e-05
v 0.05516359210014343 0.02672570012509823 3.919687515008263e-06
v 0.05487556755542755 0.02673022449016571 -0.0010710757924243808
v 0.054088663309812546 0.026740053668618202 -0.0018580262549221516
v 0.05301373079419136 0.026752552017569542 -0.0021460531279444695
v 0.051938798278570175 0.02676437422633171 -0.0018580013420432806
v 0.05115189775824547 0.026772350072860718 -0.0010710327187553048
v 0.05086386576294899 0.026774343103170395 3.969480076193577e-06
v -0.04789609834551811 0.03529210016131401 1.3823807421431411e-05
v -0.0478440597653389 0.0398917980492115 1.9237922970205545e-05
v -0.04843195900321007 0.035300519317388535 -0.0019861727487295866
v -0.04837992042303085 0.039900217205286026 -0.0019807585049420595
v -0.049895964562892914 0.035318803042173386 -0.003450253279879689
v -0.0498439259827137 0.03991850093007088 -0.003444839268922806
v -0.051895830780267715 0.03534206002950668 -0.00398612767457962
v -0.0518437959253788 0.039941757917404175 -0.003980713430792093
v -0.053895704448223114 0.0353640541434288 -0.003450206946581602
v -0.0538436695933342 0.039963752031326294 -0.0034447929356247187
v -0.05535971745848656 0.035378891974687576 -0.001986092422157526
v -0.05530767887830734 0.03997858986258507 -0.0019806784112006426
v -0.05589558184146881 0.035382598638534546 1.3916444913775194e-05
v -0.055843546986579895 0.039982300251722336 1.933056046254933e-05
v -0.05003400519490242 0.0353175513446331 -0.0010611502220854163
v -0.05082090571522713 0.03532738238573074 -0.001848100684583187
v -0.051895834505558014 0.03533988073468208 -0.002136127557605505
v -0.0529707707464695 0.0353517048060894 -0.001848075888119638
v -0.0537576749920845 0.03535968065261841 -0.0010611071484163404
v -0.05404570326209068 0.035361673682928085 1.3895022675569635e-05
v -0.0537576787173748 0.035357147455215454 0.0010888904798775911
v -0.055359724909067154 0.03537418320775032 0.0020139054395258427
v -0.052970778197050095 0.03534732013940811 0.001875833491794765
v -0.05389571562409401 0.03535589948296547 0.003477986203506589
v -0.05189584195613861 0.03533482179045677 0.002163867698982358
v -0.05189584568142891 0.03533264249563217 0.004013868048787117
v -0.050820909440517426 0.035322997719049454 0.001875808578915894
v -0.04989597573876381 0.03531064838171005 0.003477939870208502
v -0.05003400892019272 0.03531502187252045 0.0010888474062085152
v -0.048431966453790665 0.03529581055045128 0.0020138253457844257
v -0.04974597692489624 0.03531302884221077 1.3845230569131672e-05
v -0.04982968792319298 0.027913501486182213 5.135551418788964e-06
v -0.05011771619319916 0.027918025851249695 -0.0010698599508032203
v -0.050904616713523865 0.027927853167057037 -0.001856810413300991
v -0.05197954550385475 0.027940353378653526 -0.002144837286323309
v -0.053054481744766235 0.027952175587415695 -0.00185678550042212
v -0.05384138599038124 0.027960151433944702 -0.0010698167607188225
v -0.05412941426038742 0.02796214446425438 5.185343979974277e-06
v -0.04789601266384125 0.03535095229744911 -0.04998614266514778
v -0.04784397408366203 0.0399506501853466 -0.049980729818344116
v -0.048431869596242905 0.03535936772823334 -0.05198613926768303
v -0.04837983474135399 0.03995906934142113 -0.051980722695589066
v -0.04989587888121605 0.03537765517830849 -0.053450219333171844
v -0.049843840301036835 0.03997735306620598 -0.05344480276107788
v -0.05189574509859085 0.035400912165641785 -0.053986094892024994
v -0.051843706518411636 0.040000610053539276 -0.05398068204522133
v -0.05389561876654625 0.035422906279563904 -0.053450170904397964
v -0.053843580186367035 0.040022604167461395 -0.0534447580575943
v -0.055359628051519394 0.03543774411082268 -0.05198605731129646
v -0.05530759319663048 0.04003744199872017 -0.0519806444644928
v -0.055895496159791946 0.03544145077466965 -0.04998605325818062
v -0.05584346130490303 0.04004115238785744 -0.049980636686086655
v -0.05297068506479263 0.0354105569422245 -0.05184803530573845
v -0.05375758558511734 0.03541853278875351 -0.05106107518076897
v -0.05404561758041382 0.03542052581906319 -0.04998607188463211
v -0.05375758931040764 0.035415999591350555 -0.04891107603907585
v -0.05535963550209999 0.03543303534388542 -0.04798606038093567
v -0.05297068879008293 0.03540617227554321 -0.04812413081526756
v -0.053895629942417145 0.03541475161910057 -0.04652197286486626
v -0.051895756274461746 0.035393670201301575 -0.047836098819971085
v -0.051895759999752045 0.03539149463176727 -0.045986101031303406
v -0.05082082375884056 0.035381849855184555 -0.04812415689229965
v -0.049895890057086945 0.035369500517845154 -0.04652202129364014
v -0.050033919513225555 0.03537387400865555 -0.04891112074255943
v -0.0484318770468235 0.03535466268658638 -0.04798613861203194
v -0.049745891243219376 0.03537188097834587 -0.04998612403869629
v -0.05003391578793526 0.035376403480768204 -0.05106111988425255
v -0.050820816308259964 0.035386234521865845 -0.05184806138277054
v -0.05189574882388115 0.035398732870817184 -0.052136097103357315
v -0.04982960224151611 0.027972353622317314 -0.04999483376741409
v -0.05011763051152229 0.027976877987384796 -0.05106982961297035
v -0.050904531031847 0.02798670530319214 -0.05185677111148834
v -0.05197945982217789 0.027999205514788628 -0.05214480683207512
v -0.05305439606308937 0.028011027723550797 -0.05185674503445625
v -0.053841300308704376 0.028019003570079803 -0.05106978490948677
v -0.054129328578710556 0.02802099660038948 -0.049994781613349915
v -0.04789618402719498 0.03523324802517891 0.05001378804445267
v -0.04784414917230606 0.0398329459130764 0.05001920089125633
v -0.04843204468488693 0.03524166718125343 0.048013798892498016
v -0.04838000610470772 0.039841365069150925 0.04801921173930168
v -0.04989605024456978 0.035259950906038284 0.046549707651138306
v -0.04984401538968086 0.039859648793935776 0.04655512422323227
v -0.05189592018723488 0.03528320789337158 0.046013835817575455
v -0.051843881607055664 0.039882905781269073 0.04601924866437912
v -0.05389579012989998 0.0353052020072937 0.046549756079912186
v -0.05384375527501106 0.03990489989519119 0.04655516892671585
v -0.05535980314016342 0.035320039838552475 0.048013877123594284
v -0.05530776455998421 0.039919737726449966 0.04801928997039795
v -0.055895671248435974 0.03532375022768974 0.05001387745141983
v -0.05584363266825676 0.039923448115587234 0.050019294023513794
v -0.05297085642814636 0.0352928526699543 0.048151895403862
v -0.05375776067376137 0.03530082851648331 0.04893885552883148
v -0.054045792669057846 0.035302821546792984 0.05001385882496834
v -0.053757764399051666 0.03529829531908035 0.0510888546705246
v -0.05535981059074402 0.03531533107161522 0.05201387405395508
v -0.05297086387872696 0.03528846800327301 0.05187579616904259
v -0.05389580503106117 0.03529704734683037 0.05347795784473419
v -0.051895927637815475 0.03527596965432167 0.052163831889629364
v -0.051895931363105774 0.03527379035949707 0.05401382967829704
v -0.05082099884748459 0.03526414558291435 0.0518757700920105
v -0.049896061420440674 0.03525179624557495 0.05347790941596031
v -0.05003409460186958 0.035256169736385345 0.051088809967041016
v -0.04843205213546753 0.03523695841431618 0.05201379582285881
v -0.049746062606573105 0.03525417670607567 0.05001380667090416
v -0.050034090876579285 0.035258699208498 0.0489388108253479
v -0.05082099139690399 0.03526853024959564 0.04815186932682991
v -0.05189592018723488 0.03528102859854698 0.047863833606243134
v -0.04982977733016014 0.02785464935004711 0.050005096942186356
v -0.05011780187487602 0.027859173715114594 0.048930101096630096
v -0.05090470239520073 0.027869002893567085 0.048143159598112106
v -0.051979634910821915 0.027881501242518425 0.04785512387752533
v -0.0530545674264431 0.027893323451280594 0.048143185675144196
v -0.053841471672058105 0.0279012992978096 0.04893014580011368
v -0.054129503667354584 0.027903292328119278 0.050005149096250534
v 0.0035394388251006603 0.029253950342535973 0.04750683903694153
v 0.0031375433318316936 0.029260262846946716 0.04600683972239494
v 0.0020395393949002028 0.029273977503180504 0.044908780604600906
v 0.0005396359483711421 0.029291419312357903 0.04450687766075134
v 0.000652759918011725 0.03929077088832855 0.044518645852804184
v -0.0009602687787264585 0.029307914897799492 0.04490881413221359
v -0.002058276440948248 0.029319044202566147 0.04600689932703972
v -0.0024601772893220186 0.02932182513177395 0.0475069060921669
v 0.0005192391690798104 0.027485419064760208 0.04750475287437439
v 0.0035396036691963673 0.029365768656134605 -0.0474930964410305
v 0.0031377081759274006 0.02937208116054535 -0.04899309203028679
v 0.0020397042389959097 0.029385795816779137 -0.050091154873371124
v 0.00053980085067451 0.029403237625956535 -0.050493061542510986
v 0.0006529248203150928 0.039402589201927185 -0.050481293350458145
v -0.0009601038764230907 0.029419733211398125 -0.05009112134575844
v -0.002058111596852541 0.02943086251616478 -0.048993028700351715
v -0.0024600124452263117 0.02943364344537258 -0.04749302566051483
v 0.0005194040713831782 0.02759723737835884 -0.04749518260359764
v -0.021129967644810677 0.03333667293190956 -0.040337204933166504
v -0.021194448694586754 0.027637040242552757 -0.040343910455703735
v -0.02242397703230381 0.03335395082831383 -0.04257862642407417
v -0.022488458082079887 0.027654318138957024 -0.0425853356719017
v -0.02242397330701351 0.03335699439048767 -0.04516681656241417
v -0.02248845435678959 0.027657365426421165 -0.0451735258102417
v -0.021129954606294632 0.033344995230436325 -0.047408267855644226
v -0.02119443565607071 0.02764536440372467 -0.047414977103471756
v -0.01888865791261196 0.033321160823106766 -0.048702389001846313
v -0.01895313896238804 0.02762152999639511 -0.04870909824967384
v -0.016300633549690247 0.033291883766651154 -0.0487024188041687
v -0.016365114599466324 0.0275922529399395 -0.04870912805199623
v -0.014059341512620449 0.03326500207185745 -0.04740834981203079
v -0.014123821631073952 0.027565373107790947 -0.04741505905985832
v -0.0149614866822958 0.0332706980407238 -0.04357610270380974
v -0.012626413255929947 0.033243972808122635 -0.04331301152706146
v -0.01535098161548376 0.03327379375696182 -0.042462918907403946
v -0.013361308723688126 0.03324981406331062 -0.041212670505046844
v -0.016184864565730095 0.03328224644064903 -0.04162897914648056
v -0.01493467204272747 0.03326576203107834 -0.0396391898393631
v -0.01729797199368477 0.03329438343644142 -0.04123944416642189
v -0.017034877091646194 0.033288657665252686 -0.03890422731637955
v -0.01846984215080738 0.033307794481515884 -0.041371479630470276
v -0.019245952367782593 0.03331396356225014 -0.03915334492921829
v -0.01946837268769741 0.033319830894470215 -0.04199892282485962
v -0.02015419490635395 0.033328987658023834 -0.04318687692284584
v -0.0201541930437088 0.03333060070872307 -0.04455861821770668
v -0.019468365237116814 0.033324241638183594 -0.045746587216854095
v -0.018280476331710815 0.03331160917878151 -0.04643246904015541
v -0.01690882258117199 0.033296093344688416 -0.0464324876666069
v -0.01572093926370144 0.0332818441092968 -0.04574662819504738
v -0.01509352307766676 0.03327357396483421 -0.04474804550409317
v -0.012875537388026714 0.0332493931055069 -0.045524224638938904
v -0.019397104158997536 0.03961942344903946 -0.04199150949716568
v -0.020082926377654076 0.03962858021259308 -0.0431794635951519
v -0.020082924515008926 0.03963019698858261 -0.04455120116472244
v -0.01939709670841694 0.03962383419275284 -0.04573917016386986
v -0.01820920780301094 0.03961120545864105 -0.04642505571246147
v -0.016837555915117264 0.03959568589925766 -0.046425070613622665
v -0.015649670735001564 0.03958144038915634 -0.04573921486735344
v -0.043299876153469086 0.03355550020933151 -0.013165687210857868
v -0.04336435720324516 0.027855869382619858 -0.013172395527362823
v -0.04579971730709076 0.03358456864953041 -0.013835531659424305
v -0.04586419835686684 0.027884937822818756 -0.013842240907251835
v -0.04762972518801689 0.03360742703080177 -0.015665637329220772
v -0.04769420623779297 0.02790779620409012 -0.015672344714403152
v -0.04829954728484154 0.03361794725060463 -0.018165623769164085
v -0.048364028334617615 0.027918316423892975 -0.018172333016991615
v -0.047629714012145996 0.03361331298947334 -0.02066563256084919
v -0.04769419506192207 0.02791368030011654 -0.02067233994603157
v -0.045799702405929565 0.0335947647690773 -0.022495778277516365
v -0.04586418345570564 0.027895132079720497 -0.022502487525343895
v -0.04329986125230789 0.03356727212667465 -0.023165682330727577
v -0.04336434230208397 0.027867639437317848 -0.023172389715909958
v -0.045371588319540024 0.0335867665708065 -0.019817905500531197
v -0.045883260667324066 0.03359130397439003 -0.01875533163547516
v -0.045883264392614365 0.033589918166399 -0.017575973644852638
v -0.04537159204483032 0.03358287736773491 -0.016513410955667496
v -0.044449590146541595 0.03357158228754997 -0.015778105705976486
v -0.04329987242817879 0.03355826810002327 -0.015515684150159359
v -0.04080003499984741 0.033528007566928864 -0.013835589401423931
v -0.041974958032369614 0.03354369476437569 -0.01587073504924774
v -0.03897002711892128 0.03350945934653282 -0.01566573604941368
v -0.041005052626132965 0.033533863723278046 -0.016840709373354912
v -0.03830019012093544 0.033504825085401535 -0.018165741115808487
v -0.04065003991127014 0.03353140875697136 -0.01816571317613125
v -0.038970015943050385 0.03351534530520439 -0.020665733143687248
v -0.04100504890084267 0.03353698179125786 -0.01949070766568184
v -0.04080002009868622 0.033538199961185455 -0.02249583601951599
v -0.04197495058178902 0.033549096435308456 -0.020460665225982666
v -0.04329986497759819 0.033564504235982895 -0.020815681666135788
v -0.044449582695961 0.03357720375061035 -0.020553236827254295
v -0.04322860389947891 0.039857860654592514 -0.01550826895982027
v -0.04437832161784172 0.039871178567409515 -0.015770690515637398
v -0.04530032351613045 0.03988247364759445 -0.016505995765328407
v -0.04581199586391449 0.039889510720968246 -0.01756855845451355
v -0.04581199213862419 0.03989090025424957 -0.01874791644513607
v -0.04530031979084015 0.039886362850666046 -0.019810490310192108
v -0.044378314167261124 0.039876796305179596 -0.020545821636915207
v -0.043228596448898315 0.03986410051584244 -0.0208082664757967
v -0.03976462781429291 0.03347443789243698 0.02172471024096012
v -0.039829108864068985 0.027774807065725327 0.02171800099313259
v -0.04200592637062073 0.03349826857447624 0.02301882579922676
v -0.042070407420396805 0.027798639610409737 0.02301211655139923
v -0.04459395259618759 0.03352754935622215 0.02301885560154915
v -0.04465843364596367 0.027827918529510498 0.02301214635372162
v -0.04683524742722511 0.033554427325725555 0.021724792197346687
v -0.04689972847700119 0.0278547964990139 0.021718082949519157
v -0.048129256814718246 0.03357170522212982 0.01948336698114872
v -0.048193734139204025 0.027872074395418167 0.01947665959596634
v -0.04812924936413765 0.033574752509593964 0.016895178705453873
v -0.04819373041391373 0.02787512168288231 0.016888471320271492
v -0.04683523625135422 0.03356274962425232 0.014653725549578667
v -0.046899713575839996 0.027863120660185814 0.014647017233073711
v -0.04593310132622719 0.033548034727573395 0.018485955893993378
v -0.0455436110496521 0.033542316406965256 0.019599126651883125
v -0.04470973089337349 0.033531904220581055 0.020433053374290466
v -0.043596621602773666 0.033518850803375244 0.0208225566893816
v -0.042424753308296204 0.033505748957395554 0.020690497010946274
v -0.041426222771406174 0.03349519148468971 0.02006302773952484
v -0.038470614701509476 0.03346243500709534 0.019483255222439766
v -0.04074039310216904 0.03348883241415024 0.018875055015087128
v -0.03847060725092888 0.03346548229455948 0.01689506694674492
v -0.04074039310216904 0.03349044546484947 0.017503313720226288
v -0.03976461663842201 0.033482760190963745 0.014653644524514675
v -0.04142621532082558 0.03349960222840309 0.016315365210175514
v -0.042005911469459534 0.03350963816046715 0.013359579257667065
v -0.042614102363586426 0.03351384773850441 0.015629509463906288
v -0.0445939339697361 0.03353891894221306 0.013359609991312027
v -0.0439857542514801 0.0335293672978878 0.015629524365067482
v -0.04517364129424095 0.03354199603199959 0.016315408051013947
v -0.045801062136888504 0.03354791924357414 0.017314009368419647
v -0.0413549542427063 0.039794787764549255 0.02007044106721878
v -0.04235348477959633 0.039805345237255096 0.020697910338640213
v -0.04352535307407379 0.03981844708323479 0.020829971879720688
v -0.044638462364673615 0.0398314967751503 0.020440468564629555
v -0.045472342520952225 0.0398419126868248 0.019606541842222214
v -0.04586183279752731 0.03984763100743294 0.018493371084332466
v -0.04572979360818863 0.039847515523433685 0.017321424558758736
v -0.04510237276554108 0.03984159231185913 0.016322823241353035
v -0.012595126405358315 0.03314096853137016 0.0438956618309021
v -0.012659607455134392 0.02744133770465851 0.04388895258307457
v -0.013264961540699005 0.03314560279250145 0.04639566317200661
v -0.013329442590475082 0.027445973828434944 0.04638895392417908
v -0.015094975009560585 0.03316415473818779 0.04822581633925438
v -0.015159455128014088 0.027464522048830986 0.04821910709142685
v -0.01759481616318226 0.03319164738059044 0.048895709216594696
v -0.017659295350313187 0.027492014691233635 0.048888999968767166
v -0.020094653591513634 0.03322071582078934 0.048225872218608856
v -0.02015913464128971 0.027521083131432533 0.048219162970781326
v -0.021924661472439766 0.0332435704767704 0.046395763754844666
v -0.021989140659570694 0.027543941512703896 0.046389054507017136
v -0.02259448729455471 0.033254094421863556 0.04389577731490135
v -0.022658968344330788 0.027554461732506752 0.04388906806707382
v -0.019889624789357185 0.03322505205869675 0.04257074370980263
v -0.02192465215921402 0.03324945643544197 0.04139576479792595
v -0.018919717520475388 0.033215221017599106 0.04160077124834061
v -0.02009463869035244 0.03323090821504593 0.03956562280654907
v -0.017594801262021065 0.03320065140724182 0.0412457212805748
v -0.017594797536730766 0.03320341557264328 0.03889571875333786
v -0.01626988686621189 0.03318524360656738 0.04160074144601822
v -0.015094960108399391 0.03317434713244438 0.0395655632019043
v -0.015299984253942966 0.033173128962516785 0.04257068783044815
v -0.013264953158795834 0.03315148875117302 0.04139566421508789
v -0.014944976195693016 0.03316755220293999 0.04389568790793419
v -0.01529998891055584 0.03317001089453697 0.04522068798542023
v -0.016269896179437637 0.03317984193563461 0.046190667897462845
v -0.01759481057524681 0.0331944115459919 0.04654571786522865
v -0.018919726833701134 0.033209819346666336 0.04619069769978523
v -0.019889628514647484 0.033221933990716934 0.045220740139484406
v -0.02024463750422001 0.03322750702500343 0.04389575123786926
v -0.014873707666993141 0.03946714848279953 0.04390310123562813
v -0.015228720381855965 0.039469603449106216 0.045228101313114166
v -0.016198627650737762 0.03947943449020386 0.046198081225156784
v -0.017523543909192085 0.03949400782585144 0.04655313119292259
v -0.01884845830500126 0.03950941190123558 0.04619811102747917
v -0.019818361848592758 0.03952152654528618 0.04522815719246864
v -0.020173368975520134 0.039527103304862976 0.0439031645655632
v 0.022293105721473694 0.032750435173511505 0.04035972058773041
v 0.022228624671697617 0.02705080434679985 0.04035301133990288
v 0.023587115108966827 0.03273315727710724 0.042601145803928375
v 0.0235226359218359 0.027033526450395584 0.042594436556100845
v 0.02358711138367653 0.0327301099896431 0.04518933221697807
v 0.02352263033390045 0.02703048102557659 0.04518262296915054
v 0.02229309268295765 0.03274211287498474 0.04743078723549843
v 0.02222861349582672 0.027042482048273087 0.0474240779876709
v 0.02005179598927498 0.0327659472823143 0.048724908381700516
v 0.0199873149394989 0.027066314592957497 0.048718199133872986
v 0.017463771626353264 0.03279522433876991 0.0487249381840229
v 0.017399290576577187 0.027095593512058258 0.04871823266148567
v 0.015222479589283466 0.032822102308273315 0.047430869191884995
v 0.015157998539507389 0.02712247334420681 0.047424159944057465
v 0.018071969971060753 0.03279704228043556 0.04133560135960579
v 0.017463788390159607 0.03280659392476082 0.039065685123205185
v 0.01944362372159958 0.03278152272105217 0.041335586458444595
v 0.02005181275308132 0.03277731314301491 0.0390656553208828
v 0.020631510764360428 0.03276727721095085 0.04202144220471382
v 0.021317332983016968 0.03275812044739723 0.04320939630270004
v 0.02131733112037182 0.032756507396698 0.04458113759756088
v 0.02063150331377983 0.03276286646723747 0.045769102871418
v 0.019443614408373833 0.03277549892663956 0.04645498842000961
v 0.018071960657835007 0.03279101476073265 0.04645500332117081
v 0.016884077340364456 0.03280526027083397 0.04576914757490158
v 0.016198251396417618 0.03281441703438759 0.04458119720220566
v 0.013928471133112907 0.03283938020467758 0.04518944397568703
v 0.016198255121707916 0.03281603381037712 0.04320945590734482
v 0.01392847578972578 0.032842427492141724 0.04260125756263733
v 0.016884082928299904 0.03280967101454735 0.042021483182907104
v 0.015222491696476936 0.03283042460680008 0.040359802544116974
v 0.020702777430415154 0.039066873490810394 0.04202885553240776
v 0.021388601511716843 0.039057716727256775 0.04321681335568428
v 0.021388597786426544 0.03905609995126724 0.04458855465054512
v 0.020702771842479706 0.039062462747097015 0.04577651992440224
v 0.019514882937073708 0.0390750914812088 0.04646240174770355
v 0.01814322918653488 0.039090611040592194 0.046462416648864746
v 0.01695534586906433 0.03910485655069351 0.04577656090259552
v 0.04446301609277725 0.032531607896089554 0.013188205659389496
v 0.044398535043001175 0.02683197520673275 0.01318149734288454
v 0.046962857246398926 0.03250253573060036 0.013858051039278507
v 0.04689837619662285 0.02680290676653385 0.013851341791450977
v 0.04879286140203476 0.03247968107461929 0.015688151121139526
v 0.04872838035225868 0.02678005024790764 0.015681443735957146
v 0.049462687224149704 0.03246916085481644 0.01818813942372799
v 0.04939820617437363 0.026769528165459633 0.01818143017590046
v 0.04879285395145416 0.03247379511594772 0.020688150078058243
v 0.048728372901678085 0.02677416428923607 0.020681442692875862
v 0.04696284234523773 0.032492343336343765 0.02251829393208027
v 0.046898361295461655 0.02679271250963211 0.02251158468425274
v 0.04446299746632576 0.032519835978746414 0.023188196122646332
v 0.04439851641654968 0.02682020515203476 0.02318148873746395
v 0.040554095059633255 0.03256627544760704 0.021305689588189125
v 0.03958867862820625 0.03257955610752106 0.01930086314678192
v 0.04181317612528801 0.03255569934844971 0.018188228830695152
v 0.03958868235349655 0.032582174986600876 0.01707565225660801
v 0.04216819256544113 0.03255324438214302 0.016863228753209114
v 0.04055410623550415 0.03257361426949501 0.015070803463459015
v 0.04313809424638748 0.03254341334104538 0.015893248841166496
v 0.0422937348484993 0.03255556523799896 0.013683388940989971
v 0.044463012367486954 0.0325288400053978 0.015538199804723263
v 0.04578792676329613 0.03251343593001366 0.01589321903884411
v 0.046757832169532776 0.03250132128596306 0.016863176599144936
v 0.047112837433815 0.03249574452638626 0.018188167363405228
v 0.04675782471895218 0.03249819949269295 0.019513174891471863
v 0.04578791931271553 0.03250803053379059 0.02048315294086933
v 0.04446300119161606 0.03252260386943817 0.020838195458054543
v 0.043138086795806885 0.03253800794482231 0.02048318460583687
v 0.042293719947338104 0.03254495933651924 0.02269306406378746
v 0.042168185114860535 0.03255012258887291 0.01951322704553604
v 0.04453428089618683 0.03882843628525734 0.015545614063739777
v 0.045859195291996 0.0388130284845829 0.015900634229183197
v 0.04682910069823265 0.0388009138405323 0.016870589926838875
v 0.04718410596251488 0.038795337080955505 0.018195582553744316
v 0.046829093247652054 0.03879779577255249 0.019520588219165802
v 0.045859187841415405 0.03880762681365013 0.02049056813120842
v 0.04453426972031593 0.038822196424007416 0.02084561064839363
v 0.040927767753601074 0.032612670212984085 -0.02170219086110592
v 0.040863286703825 0.02691303938627243 -0.02170890010893345
v 0.043169066309928894 0.032588835805654526 -0.022996310144662857
v 0.04310458526015282 0.02688920684158802 -0.023003019392490387
v 0.04575708881020546 0.032559558749198914 -0.022996339946985245
v 0.04569261148571968 0.02685992792248726 -0.023003049194812775
v 0.04799838364124298 0.03253268077969551 -0.021702272817492485
v 0.047933902591466904 0.026833048090338707 -0.021708982065320015
v 0.049292393028736115 0.032515402883291245 -0.019460849463939667
v 0.04922791197896004 0.02681577019393444 -0.019467556849122047
v 0.049292389303445816 0.0325123555958271 -0.01687266118824482
v 0.04922790825366974 0.026812724769115448 -0.0168793685734272
v 0.047998372465372086 0.03252435475587845 -0.014631210826337337
v 0.04793389141559601 0.026824725791811943 -0.014637919142842293
v 0.047096237540245056 0.03253907337784767 -0.018463436514139175
v 0.046706750988960266 0.03254478797316551 -0.019576609134674072
v 0.04587286710739136 0.03255520388484001 -0.020410533994436264
v 0.04475976154208183 0.03256825730204582 -0.020800037309527397
v 0.04358789324760437 0.03258135914802551 -0.02066797763109207
v 0.04258935898542404 0.032591916620731354 -0.020040512084960938
v 0.039633750915527344 0.03262466937303543 -0.019460737705230713
v 0.0419035330414772 0.03259827569127083 -0.018852539360523224
v 0.039633747190237045 0.03262162581086159 -0.016872549429535866
v 0.041903529316186905 0.032596662640571594 -0.017480799928307533
v 0.04092775657773018 0.03260434791445732 -0.014631128869950771
v 0.04258935526013374 0.032587505877017975 -0.016292845830321312
v 0.0431690476834774 0.03257746621966362 -0.013337060809135437
v 0.043777238577604294 0.032573260366916656 -0.015606990084052086
v 0.045757073909044266 0.03254818916320801 -0.013337090611457825
v 0.04514889046549797 0.032557740807533264 -0.015607005916535854
v 0.04633677750825882 0.03254510834813118 -0.016292890533804893
v 0.04696419835090637 0.032539188861846924 -0.017291489988565445
v 0.04266062751412392 0.0388915091753006 -0.02003309689462185
v 0.043659161776304245 0.03888095170259476 -0.020660562440752983
v 0.04483102634549141 0.038867849856615067 -0.02079262211918831
v 0.04594413563609123 0.038854800164699554 -0.020403118804097176
v 0.04677801579236984 0.038844384253025055 -0.019569193944334984
v 0.04716750606894493 0.038838665932416916 -0.018456023186445236
v 0.04703546687960625 0.03883878141641617 -0.017284074798226357
v 0.046408046036958694 0.03884470462799072 -0.016285475343465805
v 0.013758264482021332 0.0329461395740509 -0.0438731387257576
v 0.013693784363567829 0.0272465068846941 -0.04387984797358513
v 0.014428099617362022 0.03294150158762932 -0.0463731475174427
v 0.014363618567585945 0.027241872623562813 -0.04637985676527023
v 0.016258113086223602 0.032922953367233276 -0.04820329323410988
v 0.016193632036447525 0.02722332254052162 -0.04821000248193741
v 0.018757954239845276 0.03289546072483063 -0.04887319356203079
v 0.0186934731900692 0.027195829898118973 -0.04887990280985832
v 0.02125779166817665 0.03286639228463173 -0.048203352838754654
v 0.021193310618400574 0.027166761457920074 -0.048210062086582184
v 0.023087799549102783 0.03284353390336037 -0.04637324810028076
v 0.023023318499326706 0.02714390493929386 -0.04637995734810829
v 0.023757625371217728 0.03283301368355751 -0.04387325420975685
v 0.02369314432144165 0.027133382856845856 -0.04387996345758438
v 0.021407775580883026 0.032859597355127335 -0.04387322813272476
v 0.021052762866020203 0.03286205604672432 -0.042548224329948425
v 0.023087790235877037 0.0328376479446888 -0.041373249143362045
v 0.020082855597138405 0.03287188708782196 -0.041578248143196106
v 0.021257776767015457 0.03285619989037514 -0.03954310342669487
v 0.018757939338684082 0.032886456698179245 -0.0412231981754303
v 0.018757935613393784 0.032883692532777786 -0.038873203098773956
v 0.01743302494287491 0.032901864498853683 -0.04157821834087372
v 0.01625809818506241 0.032912760972976685 -0.03954304754734039
v 0.01646312326192856 0.03291397914290428 -0.04254817217588425
v 0.01442809123545885 0.03293561935424805 -0.04137314856052399
v 0.016108114272356033 0.03291955590248108 -0.04387316852807999
v 0.016463126987218857 0.032917097210884094 -0.04519817233085632
v 0.017433034256100655 0.03290726616978645 -0.04616814851760864
v 0.018757948651909828 0.03289269655942917 -0.04652319476008415
v 0.02008286491036415 0.03287728875875473 -0.04616818204522133
v 0.0210527665913105 0.03286517411470413 -0.0451982244849205
v 0.016179382801055908 0.039219148457050323 -0.04386575147509575
v 0.01653439551591873 0.03921669349074364 -0.045190755277872086
v 0.01750430092215538 0.039206862449645996 -0.0461607351899147
v 0.018829217180609703 0.03919228911399841 -0.04651578143239021
v 0.020154131576418877 0.03917688503861427 -0.04616076499223709
v 0.021124035120010376 0.039164770394563675 -0.045190807431936264
v 0.0214790441095829 0.03915919363498688 -0.04386581480503082
v -0.016481824219226837 0.027536233887076378 4.749369963974459e-06
v -0.015478857792913914 0.027792856097221375 5.053165750723565e-06
v -0.015235800296068192 0.02778683602809906 0.002783414674922824
v -0.01473857183009386 0.028516577556729317 5.906298611080274e-06
v -0.014506636187434196 0.02851083315908909 0.002657153643667698
v -0.01445932686328888 0.029513483867049217 7.080180694174487e-06
v -0.01423146203160286 0.029507840052247047 0.0026117986999452114
v -0.01355478260666132 0.029497211799025536 0.0051373643800616264
v -0.013817869126796722 0.028500014916062355 0.005227832589298487
v -0.012449849396944046 0.0294819213449955 0.007507051806896925
v -0.012693198397755623 0.02848445251584053 0.007639846298843622
v -0.010950234718620777 0.029462436214089394 0.009648843668401241
v -0.011166796088218689 0.02846461720764637 0.00981990434229374
v -0.009101503528654575 0.029439345002174377 0.011497675441205502
v -0.009285039268434048 0.028441114351153374 0.011701763607561588
v -0.006959829479455948 0.02941334992647171 0.012997361831367016
v -0.007105108350515366 0.028414655476808548 0.013228234834969044
v -0.004590285010635853 0.029385242611169815 0.014102344401180744
v -0.004693236202001572 0.02838604524731636 0.014352953061461449
v -0.00206486857496202 0.02935587614774704 0.01477904338389635
v -0.002122707199305296 0.028356153517961502 0.015041744336485863
v 0.000539687171112746 0.029326140880584717 0.015006897039711475
v 0.00052837427938357 0.028325889259576797 0.015273665077984333
v 0.0031442437320947647 0.02929694391787052 0.014778982847929
v 0.0031794565729796886 0.028296170756220818 0.015041682869195938
v 0.005669662728905678 0.02926917001605034 0.014102226123213768
v 0.005749987903982401 0.02826789952814579 0.014352831989526749
v 0.008039210923016071 0.02924366481602192 0.012997188605368137
v 0.00816186424344778 0.02824193798005581 0.013228057883679867
v 0.010180890560150146 0.029221201315522194 0.011497451923787594
v 0.01034180074930191 0.02821907214820385 0.011701536364853382
v 0.012029627338051796 0.02920246124267578 0.009648578241467476
v 0.012223563157022 0.028199998661875725 0.009819633327424526
v 0.013529249466955662 0.029188016429543495 0.007506750989705324
v 0.01374997291713953 0.028185296803712845 0.007639540359377861
v 0.014634191989898682 0.029178306460380554 0.005137037951499224
v 0.014874652959406376 0.028175411745905876 0.005227500107139349
v 0.015310879796743393 0.029173623770475388 0.002611456671729684
v 0.015563428401947021 0.028170647099614143 0.0026568053290247917
v 0.015538753010332584 0.029174111783504486 6.732791007380001e-06
v 0.015795374289155006 0.02817114256322384 5.5527029871882405e-06
v -0.014514009468257427 0.02777549996972084 0.0054773553274571896
v -0.013335414230823517 0.027759190648794174 0.008005023933947086
v -0.011735824868083 0.027738405391573906 0.01028960570693016
v -0.00976384524255991 0.027713775634765625 0.012261690571904182
v -0.007479392923414707 0.027686048299074173 0.013861354440450668
v -0.004951878916472197 0.027656065300107002 0.015039999037981033
v -0.0022581007797271013 0.027624741196632385 0.015761809423565865
v 0.0005200917948968709 0.02759302593767643 0.01600485108792782
v 0.003298285184428096 0.02756188064813614 0.01576174423098564
v 0.005992065649479628 0.02753225527703762 0.015039872378110886
v 0.008519584313035011 0.027505049481987953 0.01386116910725832
v 0.010804042220115662 0.027481088414788246 0.012261452153325081
v 0.012776028364896774 0.02746110036969185 0.010289321653544903
v 0.014375625178217888 0.02744569256901741 0.008004703558981419
v 0.015554229728877544 0.027435334399342537 0.005477007478475571
v 0.016276029869914055 0.0274303387850523 0.0027830498293042183
v 0.01651909574866295 0.027430860325694084 4.682617145590484e-06
v -0.01622357778251171 0.02752983756363392 0.0029567612800747156
v -0.015456674620509148 0.027517791837453842 0.005819069687277079
v -0.014204416424036026 0.027500463649630547 0.008504712022840977
v -0.012504852376878262 0.027478380128741264 0.010932082310318947
v -0.010409624315798283 0.02745220996439457 0.01302742026746273
v -0.007982393726706505 0.027422748506069183 0.01472706999629736
v -0.005296909715980291 0.027390893548727036 0.015979383140802383
v -0.0024347708094865084 0.027357611805200577 0.01674630492925644
v 0.0005170588265173137 0.02732391282916069 0.01700453832745552
v 0.0034688895102590322 0.027290822938084602 0.016746237874031067
v 0.006331030745059252 0.02725934609770775 0.01597924903035164
v 0.009016519412398338 0.027230437844991684 0.014726873487234116
v 0.011443755589425564 0.027204979211091995 0.01302716787904501
v 0.01353899110108614 0.027183741331100464 0.010931780561804771
v 0.015238563530147076 0.027167372405529022 0.008504371158778667
v 0.016490831971168518 0.027156366035342216 0.005818699952214956
v 0.017257744446396828 0.027151059359312057 0.0029563733842223883
v 0.01751600205898285 0.02715161256492138 4.3556615310080815e-06
v -0.01436882745474577 0.03751296550035477 1.649604382691905e-05
v -0.014625447802245617 0.038515929132699966 1.767612229741644e-05
v -0.014393512159585953 0.03851018473505974 0.0026689234655350447
v -0.015349171124398708 0.03925621882081032 1.8546217688708566e-05
v -0.01510611455887556 0.039250198751688004 0.002796907676383853
v -0.016346076503396034 0.039535459131002426 1.8873164663091302e-05
v -0.01608782820403576 0.03952906280755997 0.002970885019749403
v -0.01532092597335577 0.03951701894402504 0.00583319365978241
v -0.014384322799742222 0.039238862693309784 0.005490848794579506
v -0.014068667776882648 0.039499688893556595 0.00851883552968502
v -0.013205727562308311 0.03922255337238312 0.008018516935408115
v -0.012369103729724884 0.03947760537266731 0.01094620581716299
v -0.011606138199567795 0.0392017662525177 0.01030309870839119
v -0.010273875668644905 0.03945143520832062 0.013041544705629349
v -0.009634158574044704 0.03917713835835457 0.012275183573365211
v -0.007846645079553127 0.03942197561264038 0.014741193503141403
v -0.007349706254899502 0.039149411022663116 0.013874847441911697
v -0.0051611606031656265 0.03939012065529823 0.015993507578969002
v -0.004822192247956991 0.039119429886341095 0.015053492039442062
v -0.002299021929502487 0.039356838911771774 0.016760429367423058
v -0.0021284143440425396 0.03908810392022133 0.015775302425026894
v 0.000652807648293674 0.03932313993573189 0.01701866090297699
v 0.0006497782887890935 0.039056386798620224 0.016018345952033997
v 0.0036046381574124098 0.03929004818201065 0.016760360449552536
v 0.003427971852943301 0.03902524337172508 0.01577523723244667
v 0.006466779857873917 0.039258573204278946 0.015993373468518257
v 0.006121752317994833 0.03899561986327171 0.015053365379571915
v 0.009152268059551716 0.03922966495156288 0.01474099699407816
v 0.008649270050227642 0.03896841034293175 0.013874662108719349
v 0.011579505167901516 0.03920420631766319 0.013041291385889053
v 0.010933728888630867 0.03894444927573204 0.01227494515478611
v 0.013674739748239517 0.03918296843767166 0.010945904068648815
v 0.01290571503341198 0.03892446309328079 0.010302814655005932
v 0.015374312177300453 0.03916659951210022 0.008518494665622711
v 0.014505311846733093 0.038909055292606354 0.008018196560442448
v 0.01662657968699932 0.039155591279268265 0.005832823459059
v 0.015683915466070175 0.03889869526028633 0.0054905004799366
v 0.01739349216222763 0.039150286465883255 0.0029704973567277193
v 0.01640571653842926 0.03889370337128639 0.0027965428307652473
v 0.017651749774813652 0.03915083780884743 1.8479455320630223e-05
v 0.016648782417178154 0.03889422118663788 1.8175667719333433e-05
v -0.013704745098948479 0.038499366492033005 0.005239602643996477
v -0.01258007436990738 0.03848380222916603 0.007651616353541613
v -0.011053672060370445 0.03846396878361702 0.00983167439699173
v -0.009171916171908379 0.03844046592712402 0.011713533662259579
v -0.006991984322667122 0.03841400519013405 0.013240004889667034
v -0.004580112174153328 0.03838539496064186 0.014364723116159439
v -0.002009583404287696 0.0383555069565773 0.015053514391183853
v 0.0006414982490241528 0.0383252389729023 0.015285434201359749
v 0.0032925806008279324 0.03829552233219147 0.015053452923893929
v 0.005863111931830645 0.03826725110411644 0.014364602044224739
v 0.008274988271296024 0.03824128955602646 0.013239827938377857
v 0.010454924777150154 0.0382184237241745 0.011713306419551373
v 0.012336687184870243 0.038199350237846375 0.009831403382122517
v 0.013863096944987774 0.038184646517038345 0.007651309948414564
v 0.014987776055932045 0.038174763321876526 0.005239270161837339
v 0.015676552429795265 0.03816999867558479 0.0026685751508921385
v 0.0159084964543581 0.03817049413919449 1.732252712827176e-05
v -0.01414096262305975 0.0375073216855526 0.0026212146040052176
v -0.013464284129440784 0.037496693432331085 0.005146780516952276
v -0.012359349988400936 0.0374814048409462 0.007516467943787575
v -0.010859735310077667 0.03746191784739494 0.009658260270953178
v -0.00901100505143404 0.037438828498125076 0.011507091112434864
v -0.006869330070912838 0.03741283342242241 0.013006778433918953
v -0.00449978606775403 0.037384726107120514 0.014111760072410107
v -0.0019743693992495537 0.03735535964369774 0.014788459055125713
v 0.0006301864050328732 0.037325624376535416 0.015016312710940838
v 0.003234742907807231 0.03729642927646637 0.014788399450480938
v 0.0057601616717875 0.03726865351200104 0.01411164179444313
v 0.008129709400236607 0.03724314644932747 0.0130066042765975
v 0.010271389968693256 0.037220682948827744 0.011506868526339531
v 0.012120126746594906 0.03720194473862648 0.009657993912696838
v 0.013619748875498772 0.03718750178813934 0.007516167126595974
v 0.014724690467119217 0.03717778995633125 0.0051464540883898735
v 0.015401379205286503 0.037173107266426086 0.00262087257578969
v 0.015629252418875694 0.037173595279455185 1.614865323062986e-05
v -0.053011704236269 0.03388267382979393 0.0571121945977211
v -0.05301172658801079 0.033868081867694855 0.06951118260622025
v -0.052742257714271545 0.03282955661416054 0.05711095407605171
v -0.05274227634072304 0.03281496465206146 0.06950993835926056
v -0.051982346922159195 0.03205225616693497 0.05711004137992859
v -0.051982369273900986 0.03203766420483589 0.06950902938842773
v -0.050935596227645874 0.031759049743413925 0.05710969865322113
v -0.050935618579387665 0.03174445405602455 0.06950868666172028
v -0.04988248273730278 0.032028499990701675 0.0571100153028965
v -0.04988250508904457 0.0320139080286026 0.06950900703668594
v -0.04910518229007721 0.032788410782814026 0.05711091309785843
v -0.049105204641819 0.03277381509542465 0.06950990110635757
v -0.04881197586655617 0.03383516147732735 0.05711214616894722
v -0.04881199821829796 0.03382056951522827 0.06951113045215607
v -0.05091184005141258 0.033860404044389725 0.05585036054253578
v -0.04908144846558571 0.03487367928028107 0.06951236724853516
v -0.04984135553240776 0.03565097972750664 0.06951328366994858
v -0.05088810622692108 0.03594418615102768 0.06951362639665604
v -0.051941219717264175 0.03567473590373993 0.06951330602169037
v -0.052718520164489746 0.03491482511162758 0.06951241195201874
v -0.033012986183166504 0.03365642577409744 0.057111963629722595
v -0.033013004809617996 0.03364183381199837 0.06951095163822174
v -0.032743535935878754 0.03260330855846405 0.05711072310805321
v -0.032743558287620544 0.032588716596364975 0.06950970739126205
v -0.0319836251437664 0.03182600811123848 0.057109810411930084
v -0.031983647495508194 0.031811416149139404 0.06950879842042923
v -0.03093687817454338 0.03153280168771744 0.057109467685222626
v -0.030936898663640022 0.031518206000328064 0.06950845569372177
v -0.02988376095890999 0.03180225193500519 0.057109784334897995
v -0.02988378144800663 0.03178765997290611 0.06950876861810684
v -0.029106462374329567 0.03256216272711754 0.057110682129859924
v -0.029106484726071358 0.032547567039728165 0.06950967013835907
v -0.028813255950808525 0.03360891342163086 0.05711191147565842
v -0.028813276439905167 0.033594321459531784 0.06951089948415756
v -0.03091311827301979 0.03363415598869324 0.05585012957453728
v -0.029082728549838066 0.03464743122458458 0.06951213628053665
v -0.029842635616660118 0.03542473167181015 0.06951305270195007
v -0.03088938631117344 0.03571793809533119 0.06951339542865753
v -0.03194250166416168 0.03544848784804344 0.06951307505369186
v -0.03271980211138725 0.03468857705593109 0.06951218098402023
v 0.029982982203364372 0.03294374421238899 0.0571112334728241
v 0.02998296171426773 0.03292915225028992 0.06951022148132324
v 0.03025243431329727 0.0318906269967556 0.05710999295115471
v 0.03025241196155548 0.031876035034656525 0.06950897723436356
v 0.031012341380119324 0.03111332841217518 0.057109080255031586
v 0.031012319028377533 0.031098734587430954 0.06950806826353073
v 0.032059092074632645 0.030820120126008987 0.05710873752832413
v 0.032059069722890854 0.030805526301264763 0.06950772553682327
v 0.03311220556497574 0.031089572235941887 0.057109054177999496
v 0.033112186938524246 0.031074978411197662 0.06950804591178894
v 0.03388950601220131 0.03184948116540909 0.057109951972961426
v 0.03388948738574982 0.03183488920331001 0.06950893998146057
v 0.03418271243572235 0.03289623558521271 0.05711118504405022
v 0.03418269008398056 0.032881639897823334 0.06951016932725906
v 0.032082851976156235 0.03292147442698479 0.05584939941763878
v 0.03391324356198311 0.03393474966287613 0.06951140612363815
v 0.03315333276987076 0.0347120501101017 0.06951232254505157
v 0.03210658207535744 0.03500525653362274 0.06951266527175903
v 0.031053466722369194 0.03473580628633499 0.06951234489679337
v 0.030276168137788773 0.03397589549422264 0.06951145082712173
v 0.04998170584440231 0.0327174998819828 0.05711100250482559
v 0.04998168349266052 0.03270290419459343 0.06950999051332474
v 0.050251152366399765 0.03166437894105911 0.057109761983156204
v 0.05025113373994827 0.03164978697896004 0.06950874626636505
v 0.051011063158512115 0.03088708035647869 0.05710884928703308
v 0.051011040806770325 0.030872486531734467 0.06950783729553223
v 0.052057813853025436 0.0305938720703125 0.05710850656032562
v 0.052057791501283646 0.030579278245568275 0.06950749456882477
v 0.05311092734336853 0.0308633241802454 0.05710882321000099
v 0.05311090499162674 0.030848730355501175 0.06950780749320984
v 0.0538882277905941 0.0316232331097126 0.05710972100496292
v 0.05388820543885231 0.031608641147613525 0.06950870901346207
v 0.054181430488824844 0.03266998752951622 0.057110950350761414
v 0.05418141186237335 0.032655391842126846 0.06950993835926056
v 0.05208157002925873 0.0326952263712883 0.055849168449640274
v 0.0539119616150856 0.03370850160717964 0.06951117515563965
v 0.05315205082297325 0.03448580205440521 0.06951209157705307
v 0.05210530385375023 0.03477901220321655 0.06951243430376053
v 0.05105218663811684 0.034509558230638504 0.06951211392879486
v 0.050274886190891266 0.033749647438526154 0.06951121985912323
v 0.05418163165450096 0.03280440345406532 -0.0570879690349102
v 0.054181650280952454 0.0328189991414547 -0.06948795914649963
v 0.05388842523097992 0.031757649034261703 -0.05708920210599899
v 0.05388844758272171 0.03177224472165108 -0.06948919594287872
v 0.05311112478375435 0.03099774196743965 -0.057090096175670624
v 0.05311114713549614 0.031012335792183876 -0.06949009001255035
v 0.052058011293411255 0.030728287994861603 -0.05709041655063629
v 0.052058033645153046 0.030742883682250977 -0.06949041038751602
v 0.051011260598897934 0.031021498143672943 -0.05709007382392883
v 0.051011282950639725 0.031036091968417168 -0.06949006766080856
v 0.05025135353207588 0.031798798590898514 -0.05708916112780571
v 0.050251372158527374 0.03181339055299759 -0.06948915123939514
v 0.04998190328478813 0.032851915806531906 -0.05708792060613632
v 0.04998192563652992 0.03286651149392128 -0.06948791444301605
v 0.05208176374435425 0.03282667323946953 -0.05582613870501518
v 0.03418290987610817 0.03303065150976181 -0.0570877380669117
v 0.03418293222784996 0.033045247197151184 -0.06948772817850113
v 0.033889707177877426 0.03198389708995819 -0.05708897113800049
v 0.03388972580432892 0.031998492777347565 -0.06948896497488022
v 0.033112406730651855 0.03122399002313614 -0.05708986520767212
v 0.03311242535710335 0.031238583847880363 -0.06948985904455185
v 0.03205928951501846 0.03095453605055809 -0.05709018558263779
v 0.032059311866760254 0.030969131737947464 -0.06949017941951752
v 0.031012538820505142 0.03124774619936943 -0.05708984285593033
v 0.031012561172246933 0.031262341886758804 -0.06948983669281006
v 0.03025263175368309 0.032025046646595 -0.05708892643451691
v 0.03025265410542488 0.03203963860869408 -0.06948892027139664
v 0.02998318150639534 0.033078163862228394 -0.05708768963813782
v 0.02998320199549198 0.03309275954961777 -0.06948768347501755
v 0.032083045691251755 0.033052921295166016 -0.05582590773701668
v -0.028813056647777557 0.03374333307147026 -0.0570870079100132
v -0.028813036158680916 0.033757925033569336 -0.06948699802160263
v -0.02910626493394375 0.03269657865166664 -0.05708824098110199
v -0.029106242582201958 0.032711174339056015 -0.06948823481798172
v -0.02988356165587902 0.03193667158484459 -0.05708913505077362
v -0.02988354116678238 0.031951263546943665 -0.06948912888765335
v -0.030936678871512413 0.03166721761226654 -0.05708945542573929
v -0.03093665838241577 0.031681813299655914 -0.06948944926261902
v -0.031983427703380585 0.03196042776107788 -0.05708911269903183
v -0.031983405351638794 0.031975019723176956 -0.06948910653591156
v -0.032743338495492935 0.03273772448301315 -0.05708820000290871
v -0.032743316143751144 0.03275232017040253 -0.06948819011449814
v -0.033012788742780685 0.033790841698646545 -0.05708695948123932
v -0.033012766391038895 0.03380543738603592 -0.06948695331811905
v -0.03091292455792427 0.033765602856874466 -0.05582517758011818
v -0.04881177842617035 0.03396958112716675 -0.057086776942014694
v -0.04881175607442856 0.03398417308926582 -0.06948676705360413
v -0.04910498484969139 0.03292282670736313 -0.057088010013103485
v -0.0491049624979496 0.0329374223947525 -0.06948800384998322
v -0.04988228529691696 0.03216291964054108 -0.057088904082775116
v -0.04988226294517517 0.03217751160264015 -0.06948889791965485
v -0.050935398787260056 0.03189346566796303 -0.057089224457740784
v -0.050935376435518265 0.0319080613553524 -0.06948921829462051
v -0.051982149481773376 0.03218667581677437 -0.057088881731033325
v -0.051982127130031586 0.032201267778873444 -0.06948887556791306
v -0.05274205654859543 0.03296397253870964 -0.057087965309619904
v -0.052742037922143936 0.032978568226099014 -0.06948795914649963
v -0.05301150679588318 0.03401708975434303 -0.057086728513240814
v -0.05301148444414139 0.03403168544173241 -0.06948672235012054
v -0.05091164633631706 0.03399185091257095 -0.055824946612119675
v 0.04933196306228638 0.032873861491680145 -0.06948790699243546
v 0.050275128334760666 0.033913254737854004 -0.06948667764663696
v 0.04971592500805855 0.034244604408741 -0.06948629021644592
v 0.05105242878198624 0.034673165529966354 -0.06948578357696533
v 0.050733815878629684 0.035239726305007935 -0.0694851204752922
v 0.05210554599761963 0.034942615777254105 -0.06948546320199966
v 0.052112895995378494 0.03559257090091705 -0.06948470324277878
v 0.05315229296684265 0.03464940935373306 -0.06948580592870712
v 0.053483642637729645 0.03520861640572548 -0.0694851502776146
v 0.053912203758955 0.03387210890650749 -0.06948672235012054
v 0.054478760808706284 0.034190721809864044 -0.0694863498210907
v 0.0548316091299057 0.03281164541840553 -0.06948796659708023
v 0.05444765090942383 0.03144089877605438 -0.06948958337306976
v 0.05342976003885269 0.030445782467722893 -0.06949075311422348
v 0.05205067992210388 0.030092930421233177 -0.0694911777973175
v 0.05067993327975273 0.030476892367005348 -0.06949072331190109
v 0.04968481510877609 0.031494781374931335 -0.06948953121900558
v 0.03205195814371109 0.030319178476929665 -0.0694909393787384
v 0.03068121336400509 0.030703140422701836 -0.06949049234390259
v 0.02968609519302845 0.031721025705337524 -0.06948930025100708
v 0.029333245009183884 0.03310010954737663 -0.06948767602443695
v 0.030276410281658173 0.03413950279355049 -0.06948644667863846
v 0.029717205092310905 0.034470852464437485 -0.06948605924844742
v 0.031053707003593445 0.03489941358566284 -0.06948555260896683
v 0.030735095962882042 0.03546597436070442 -0.0694848895072937
v 0.03210682421922684 0.03516886383295059 -0.06948523223400116
v 0.032114177942276 0.03581881895661354 -0.06948447227478027
v 0.03315357491374016 0.03487565740942955 -0.06948557496070862
v 0.03348492085933685 0.03543486446142197 -0.06948491930961609
v 0.03391348198056221 0.03409835696220398 -0.06948649138212204
v 0.03448004275560379 0.03441696986556053 -0.0694861188530922
v 0.03483289107680321 0.03303789347410202 -0.06948773562908173
v 0.034448932856321335 0.03166714310646057 -0.06948935240507126
v 0.0334310382604599 0.03067203052341938 -0.06949052214622498
v -0.03366272523999214 0.03381279110908508 -0.06948694586753845
v -0.03271955996751785 0.03485218435525894 -0.06948571652173996
v -0.03327876701951027 0.035183534026145935 -0.06948532909154892
v -0.03194225952029228 0.035612091422080994 -0.06948482245206833
v -0.032260872423648834 0.036178652197122574 -0.0694841593503952
v -0.030889146029949188 0.03588154539465904 -0.06948450207710266
v -0.030881792306900024 0.03653150051832199 -0.06948374211788177
v -0.029842393472790718 0.0355883352458477 -0.06948484480381012
v -0.029511047527194023 0.03614754602313042 -0.06948418915271759
v -0.029082486405968666 0.03481103852391243 -0.06948576122522354
v -0.028515929356217384 0.03512965142726898 -0.0694853886961937
v -0.02816307730972767 0.03375057503581047 -0.06948700547218323
v -0.02854703739285469 0.03237982466816902 -0.06948862224817276
v -0.029564930126070976 0.03138471022248268 -0.06948979198932648
v -0.030944010242819786 0.031031858175992966 -0.0694902166724205
v -0.03231475502252579 0.03141582012176514 -0.06948976218700409
v -0.033309873193502426 0.032433707267045975 -0.06948857009410858
v -0.053661443293094635 0.03403903916478157 -0.06948671489953995
v -0.052718281745910645 0.03507843241095543 -0.06948548555374146
v -0.05327748507261276 0.035409778356552124 -0.06948509812355042
v -0.051940981298685074 0.03583833947777748 -0.06948459148406982
v -0.052259594202041626 0.03640490025281906 -0.0694839283823967
v -0.05088786408305168 0.03610779345035553 -0.06948427110910416
v -0.050880514085292816 0.03675774857401848 -0.06948351114988327
v -0.04984111711382866 0.03581458330154419 -0.06948461383581161
v -0.049509767442941666 0.036373794078826904 -0.06948395818471909
v -0.04908120632171631 0.03503728657960892 -0.06948553025722504
v -0.04851464927196503 0.03535589575767517 -0.06948515772819519
v -0.04816179722547531 0.03397682309150696 -0.06948677450418472
v -0.04854575917124748 0.03260607272386551 -0.06948839128017426
v -0.04956365004181862 0.03161095827817917 -0.06948956102132797
v -0.05094273015856743 0.03125810623168945 -0.0694899782538414
v -0.05231347680091858 0.031642068177461624 -0.06948953121900558
v -0.05330859497189522 0.03265995532274246 -0.06948833912611008
v -0.023458868265151978 0.029535844922065735 0.06750714033842087
v -0.023368369787931442 0.037535328418016434 0.06751655787229538
v -0.023458871990442276 0.029533490538597107 0.06950712949037552
v -0.02336837351322174 0.037532974034547806 0.06951654702425003
v -0.019481748342514038 0.02749072015285492 0.06750474125146866
v -0.019749678671360016 0.027494927868247032 0.06650473922491074
v -0.019613929092884064 0.03949415311217308 0.0665188655257225
v -0.02048168145120144 0.027504071593284607 0.06577270478010178
v -0.020345933735370636 0.039503298699855804 0.06578682363033295
v -0.021481618285179138 0.027515700086951256 0.0655047595500946
v -0.021345868706703186 0.039514925330877304 0.06551888585090637
v -0.022481553256511688 0.027526697143912315 0.06577272713184357
v -0.022345805540680885 0.039525922387838364 0.06578684598207474
v -0.02321355976164341 0.027534116059541702 0.06650478392839432
v -0.023077810183167458 0.0395333431661129 0.06651890277862549
v -0.023345744237303734 0.039535194635391235 0.06751891225576401
v -0.023481493815779686 0.027535969391465187 0.06750478595495224
v 0.024538056924939156 0.028990495949983597 0.06950657069683075
v 0.02462855540215969 0.036989979445934296 0.06951598823070526
v 0.024538060650229454 0.028992850333452225 0.0675065815448761
v 0.02462855912744999 0.036992333829402924 0.06751599907875061
v 0.024651184678077698 0.038992200046777725 0.06751835346221924
v 0.02438325434923172 0.03899640962481499 0.06651835888624191
v 0.024515435099601746 0.026992974802851677 0.06750422716140747
v 0.024247504770755768 0.02699718251824379 0.06650423258543015
v 0.023515501990914345 0.027006326243281364 0.06577219069004059
v 0.023651251569390297 0.03900555148720741 0.06578631699085236
v 0.022515567019581795 0.027017954736948013 0.06550425291061401
v 0.022651314735412598 0.03901717811822891 0.06551837176084518
v 0.021515630185604095 0.027028951793909073 0.06577221304178238
v 0.021651379764080048 0.03902817517518997 0.06578633934259415
v 0.020783623680472374 0.02703637070953846 0.06650426983833313
v 0.020919373258948326 0.03903559595346451 0.0665183961391449
v 0.020515691488981247 0.027038224041461945 0.06750427931547165
v -0.02336813509464264 0.03769422695040703 -0.06748335808515549
v -0.02334550954401493 0.03969409689307213 -0.06748100370168686
v -0.023077579215168953 0.039689887315034866 -0.06648100912570953
v -0.023458633571863174 0.02969474531710148 -0.06749277561903
v -0.023481259122490883 0.02769486978650093 -0.06749513000249863
v -0.023213328793644905 0.027690662071108818 -0.0664951279759407
v -0.022481326013803482 0.027681518346071243 -0.06576308608055115
v -0.02234557643532753 0.03968074545264244 -0.06574896723031998
v -0.021481391042470932 0.027669891715049744 -0.06549514830112457
v -0.02134564146399498 0.03966911882162094 -0.0654810220003128
v -0.020481454208493233 0.027658894658088684 -0.06576311588287354
v -0.02034570463001728 0.03965812176465988 -0.06574898958206177
v -0.01974944770336151 0.027651473879814148 -0.06649517267942429
v -0.01961369812488556 0.039650700986385345 -0.06648104637861252
v -0.019481513649225235 0.027649620547890663 -0.06749517470598221
v -0.019345765933394432 0.03964884579181671 -0.06748104840517044
v -0.02336813136935234 0.037696581333875656 -0.06948335468769073
v -0.023458629846572876 0.029697099700570107 -0.06949277222156525
v 0.02051592618227005 0.02719712443649769 -0.06749563664197922
v 0.020651673898100853 0.03919634968042374 -0.06748151034116745
v 0.02078385464847088 0.027192916721105576 -0.06649564206600189
v 0.02091960422694683 0.03919214382767677 -0.06648151576519012
v 0.02151585929095745 0.027183772996068 -0.06576360017061234
v 0.021651607006788254 0.03918299823999405 -0.06574947386980057
v 0.02251579426229 0.0271721463650465 -0.06549565494060516
v 0.022651543840765953 0.03917137160897255 -0.06548153609037399
v 0.0235157310962677 0.02716114930808544 -0.06576362252235413
v 0.023651478812098503 0.03916037455201149 -0.06574949622154236
v 0.024247735738754272 0.027153728529810905 -0.06649567931890488
v 0.024383485317230225 0.039152953773736954 -0.06648155301809311
v 0.0246514193713665 0.03915110230445862 -0.06748156249523163
v 0.024628793820738792 0.03715123236179352 -0.06748391687870026
v 0.024538295343518257 0.02915175072848797 -0.06749332696199417
v 0.02451566979289055 0.02715187519788742 -0.0674956813454628
v 0.02462879754602909 0.037153586745262146 -0.06948390603065491
v 0.024538299068808556 0.029154103249311447 -0.06949332356452942
v -0.017346147447824478 0.03945319727063179 0.07951882481575012
v -0.019346017390489578 0.03947817534208298 0.07751885056495667
v -0.01948176510632038 0.02747895009815693 0.0775047242641449
v 0.020515672862529755 0.027026453986763954 0.07750426232814789
v 0.01865154691040516 0.03904595226049423 0.0795184075832367
v 0.020651422441005707 0.03902567923069 0.07751838117837906
v 0.05803615599870682 0.028775138780474663 -0.06949371099472046
v 0.05812665447592735 0.03677462413907051 -0.06948430091142654
v 0.058126650750637054 0.03677226975560188 -0.0674843043088913
v 0.05803615227341652 0.028772784397006035 -0.06749371439218521
v -0.05686599016189575 0.03807554766535759 -0.0694829672574997
v -0.05695648863911629 0.03007606416940689 -0.0694923847913742
v -0.05686599388718605 0.03807319328188896 -0.06748297065496445
v -0.056956492364406586 0.030073709785938263 -0.06749238818883896
v -0.01934574730694294 0.03966061770915985 -0.07748103886842728
v -0.017345871776342392 0.03964034467935562 -0.07948105782270432
v -0.019481496885418892 0.027661390602588654 -0.07749516516923904
v -0.017481621354818344 0.027641119435429573 -0.07949518412351608
v 0.020515942946076393 0.02720889449119568 -0.07749562710523605
v 0.018516073003411293 0.027233874425292015 -0.07949560135602951
v 0.020651690661907196 0.039208121597766876 -0.07748150825500488
v 0.018651822581887245 0.03923309966921806 -0.07948147505521774
v 0.008105196058750153 0.027164502069354057 0.07950440794229507
v -0.0018471407238394022 0.039277855306863785 0.0795186460018158
v -0.007071295753121376 0.02733619511127472 0.0795045793056488
v 0.0031525392550975084 0.03922129422426224 0.07951858639717102
v 0.00991583801805973 0.03914478048682213 0.07951851189136505
v -0.0070710196159780025 0.0275233443826437 -0.07949530333280563
v -0.0018468648195266724 0.039465002715587616 -0.07948123663663864
v 0.008105472661554813 0.027351651340723038 -0.07949548214673996
v 0.009916113689541817 0.03933192789554596 -0.07948137819766998
v 0.0031528151594102383 0.03940844163298607 -0.07948129624128342
v 0.015310889109969139 0.029179755598306656 -0.002597985789179802
v 0.015401387587189674 0.037179239094257355 -0.002588569885119796
v 0.0146342096850276 0.029190383851528168 -0.005123558919876814
v 0.01472470909357071 0.03718986734747887 -0.005114143248647451
v 0.013529275543987751 0.029205672442913055 -0.007493242621421814
v 0.013619774952530861 0.037205155938863754 -0.0074838269501924515
v 0.012029660865664482 0.02922515943646431 -0.009635034948587418
v 0.012120160274207592 0.03722464293241501 -0.009625619277358055
v 0.010180930607020855 0.029248250648379326 -0.011483866721391678
v 0.01027142908424139 0.037247736006975174 -0.01147445011883974
v 0.008039255626499653 0.029274243861436844 -0.012983553111553192
v 0.008129755035042763 0.03727372735738754 -0.01297413744032383
v 0.005669711623340845 0.029302353039383888 -0.01408853568136692
v 0.005760210566222668 0.03730183467268944 -0.014079119078814983
v 0.0031442949548363686 0.029331719502806664 -0.014765230938792229
v 0.003234794130548835 0.03733120113611221 -0.014755814336240292
v 0.0005397392087616026 0.029361452907323837 -0.014993083663284779
v 0.0006302384426817298 0.037360936403274536 -0.014983667992055416
v -0.0020648171193897724 0.029390649870038033 -0.014765170402824879
v -0.001974317943677306 0.03739013522863388 -0.014755754731595516
v -0.0045902361162006855 0.029418423771858215 -0.01408841647207737
v -0.004499737173318863 0.037417907267808914 -0.014079000800848007
v -0.006959784310311079 0.029443930834531784 -0.012983378954231739
v -0.006869284901767969 0.03744341433048248 -0.012973963283002377
v -0.009101463481783867 0.02946639433503151 -0.01148364320397377
v -0.009010965004563332 0.03746587783098221 -0.011474227532744408
v -0.010950201191008091 0.029485132545232773 -0.009634768590331078
v -0.010859701782464981 0.03748461604118347 -0.009625352919101715
v -0.012449823319911957 0.02949957735836506 -0.007492941804230213
v -0.012359323911368847 0.03749906271696091 -0.007483526133000851
v -0.013554764911532402 0.02950928919017315 -0.005123232491314411
v -0.013464266434311867 0.0375087708234787 -0.005113816820085049
v -0.014231453649699688 0.029513971880078316 -0.0025976435281336308
v -0.014140954241156578 0.037513453513383865 -0.0025882278569042683
v -0.056979116052389145 0.028073836117982864 -0.06749474257230759
v -0.05697915703058243 0.028045430779457092 -0.04336189478635788
v -0.0568435862660408 0.039924755692481995 0.05851930007338524
v -0.056843407452106476 0.040046870708465576 -0.04523062705993652
v -0.05684336647391319 0.04007305949926376 -0.06748061627149582
v -0.05697932094335556 0.027934925630688667 0.05052231624722481
v -0.05684356763958931 0.039936505258083344 0.04853644594550133
v -0.056979309767484665 0.027943341061472893 0.04337232932448387
v -0.05684356018900871 0.0399431549012661 0.04288645088672638
v -0.056979287415742874 0.027957860380411148 0.031036067754030228
v -0.05684353783726692 0.039957087486982346 0.031050192192196846
v -0.05697924643754959 0.027985364198684692 0.007668939884752035
v -0.05684350058436394 0.03998211771249771 0.009783067740499973
v -0.0569792203605175 0.028003405779600143 -0.007658510468900204
v -0.05684346705675125 0.04000510275363922 -0.00974438339471817
v -0.05697917938232422 0.028030909597873688 -0.031025635078549385
v -0.05684342980384827 0.040030136704444885 -0.031011510640382767
v -0.056843411177396774 0.040044065564870834 -0.04284776747226715
v -0.05697935074567795 0.02791493572294712 0.06750517338514328
v -0.056979332119226456 0.027926618233323097 0.05758017301559448
v -0.05684357509016991 0.03993210941553116 0.05226930230855942
v 0.05801329389214516 0.026614010334014893 0.06750383973121643
v 0.05801330879330635 0.02662569284439087 0.05757884308695793
v 0.05801352858543396 0.026772910729050636 -0.06749606877565384
v 0.05814923718571663 0.0387459471821785 -0.045231956988573074
v 0.058149274438619614 0.038772135972976685 -0.06748194992542267
v 0.05801348388195038 0.026744505390524864 -0.04336322471499443
v 0.05814923346042633 0.038743142038583755 -0.042849101126194
v 0.058013465255498886 0.02672998420894146 -0.031026966869831085
v 0.05814921110868454 0.03872920945286751 -0.031012842431664467
v 0.0580134242773056 0.026702480390667915 -0.007659842260181904
v 0.058149177581071854 0.03870417922735214 -0.00974571518599987
v 0.058013398200273514 0.026684438809752464 0.007667608093470335
v 0.05814914032816887 0.03868119418621063 0.009781735949218273
v 0.05801335722208023 0.02665693499147892 0.031034735962748528
v 0.05814910680055618 0.03865616023540497 0.031048860400915146
v 0.05801333487033844 0.026642415672540665 0.04337099567055702
v 0.05814908444881439 0.03864223137497902 0.04288512095808983
v 0.058013323694467545 0.02663400024175644 0.05052098631858826
v 0.0581490583717823 0.03862382844090462 0.05851797014474869
v 0.0581490695476532 0.03863118588924408 0.05226797237992287
v 0.0581490732729435 0.038635578006505966 0.04853511601686478
v -0.05634339898824692 0.0400674045085907 -0.06748062372207642
v -0.04686114564538002 0.03996013104915619 -0.06748073548078537
v -0.030375931411981583 0.03977363184094429 -0.06748092174530029
v -0.030511679127812386 0.027774406597018242 -0.06749504804611206
v -0.04909675568342209 0.027984661981463432 -0.06749483197927475
v -0.05555420741438866 0.02805771492421627 -0.06749475747346878
v 0.031681839376688004 0.03907156363129616 -0.0674816444516182
v 0.04816705361008644 0.03888506442308426 -0.06748183071613312
v 0.03154608979821205 0.02707234025001526 -0.06749576330184937
v 0.050131168216466904 0.02686208486557007 -0.06749597936868668
v -0.007071257568895817 0.027362002059817314 0.05757959559559822
v -0.03051191382110119 0.027615506201982498 0.0675048679113388
v -0.030511721968650818 0.02774600125849247 -0.043362200260162354
v 0.05013112723827362 0.026833679527044296 -0.04336313530802727
v 0.05193888023495674 0.02681884355843067 -0.048134054988622665
v 0.05301380902528763 0.026806343346834183 -0.047846026718616486
v 0.05408874526619911 0.026794521138072014 -0.048134081065654755
v 0.05487564951181412 0.026786545291543007 -0.048921044915914536
v 0.051151979714632034 0.026828670874238014 -0.04892100393772125
v 0.00810540933161974 0.027309121564030647 -0.04336264729499817
v 0.03154604882001877 0.027043934911489487 -0.04336291924118996
v -0.013425789773464203 0.02755018323659897 -0.041219376027584076
v -0.01269089337438345 0.02754434198141098 -0.04331972077488899
v -0.007071082480251789 0.02748081460595131 -0.04336247220635414
v -0.012940017506480217 0.027549762278795242 -0.045530933886766434
v -0.05305439978837967 0.028006644919514656 -0.04813284054398537
v -0.051979467272758484 0.027994144707918167 -0.04784480854868889
v -0.04909680038690567 0.02795625664293766 -0.04336198419332504
v -0.0509045347571373 0.027982322499155998 -0.048132866621017456
v -0.05011763423681259 0.02797434665262699 -0.04891983047127724
v -0.05555424839258194 0.0280293095856905 -0.043361909687519073
v -0.053841304033994675 0.028016472235322 -0.048919785767793655
v -0.05555443838238716 0.027898814529180527 0.06750515848398209
v -0.030511897057294846 0.027627188712358475 0.05757986754179001
v -0.0490969754755497 0.027837444096803665 0.05758008360862732
v -0.04909699037671089 0.02782576158642769 0.06750508397817612
v -0.05555442348122597 0.027910497039556503 0.05758015811443329
v 0.03154587373137474 0.026925120502710342 0.057579148560762405
v 0.008105234242975712 0.027190307155251503 0.05757942050695419
v 0.05013095214962959 0.0267148669809103 0.057578932493925095
v 0.0501309335231781 0.026703184470534325 0.06750393658876419
v 0.03154585510492325 0.026913439854979515 0.0675041526556015
v 0.050130974501371384 0.026731589809060097 0.043371088802814484
v 0.05115180462598801 0.02671096846461296 0.051078926771879196
v 0.051938705146312714 0.02670113928616047 0.051865871995687485
v 0.0530136376619339 0.02668863907456398 0.05215390399098396
v 0.054088570177555084 0.02667681686580181 0.051865845918655396
v 0.05487547442317009 0.026668841019272804 0.05107888579368591
v -0.04909694939851761 0.02785416692495346 0.04337223619222641
v -0.05555439740419388 0.0279272198677063 0.04337231069803238
v -0.05555441230535507 0.027918804436922073 0.050522301346063614
v -0.053841475397348404 0.027898769825696945 0.05108014494180679
v -0.0530545748770237 0.027888940647244453 0.05186708644032478
v -0.05197964236140251 0.027876440435647964 0.05215512216091156
v -0.050904709845781326 0.027864618226885796 0.051867060363292694
v -0.03051174245774746 0.027731480076909065 -0.03102594055235386
v -0.01931043341755867 0.027614332735538483 -0.03916005417704582
v -0.007071103900671005 0.027466293424367905 -0.031026212498545647
v -0.01709935814142227 0.02758902497589588 -0.03891093283891678
v -0.014999153092503548 0.027566131204366684 -0.03964589908719063
v -0.0305118840187788 0.027635496109724045 0.050522010773420334
v -0.007071245461702347 0.027370309457182884 0.050521738827228546
v -0.017659278586506844 0.027503784745931625 0.03888900950551033
v -0.020159119740128517 0.027531277388334274 0.03955891355872154
v -0.030511850491166115 0.027658430859446526 0.031035760417580605
v -0.013329433277249336 0.027451857924461365 0.04138895496726036
v -0.007071211468428373 0.027393244206905365 0.031035490334033966
v -0.015159440226852894 0.027474716305732727 0.03955885395407677
v 0.01386399008333683 0.027139749377965927 0.0451827347278595
v 0.008105246350169182 0.027198614552617073 0.05052156373858452
v 0.013863994739949703 0.02714279666543007 0.0425945483148098
v 0.031545884907245636 0.026933427900075912 0.05052129179239273
v 0.019987331703305244 0.027077684178948402 0.03905894607305527
v 0.01739930734038353 0.027106963098049164 0.039058975875377655
v 0.008105280809104443 0.027221551164984703 0.03103531338274479
v 0.03154591843485832 0.026956364512443542 0.03103504329919815
v 0.014363610185682774 0.027235986664891243 -0.04137985780835152
v 0.008105387911200523 0.027294600382447243 -0.031026389449834824
v 0.01619361713528633 0.02721313014626503 -0.03954975679516792
v 0.018693454563617706 0.027184059843420982 -0.038879912346601486
v 0.02119329571723938 0.027156567201018333 -0.0395498126745224
v 0.03154602646827698 0.027029413729906082 -0.031026659533381462
v 0.02302330918610096 0.02713801898062229 -0.041379958391189575
v -0.016223566606640816 0.0275367870926857 -0.0029472759924829006
v -0.03051180951297283 0.02768593467772007 0.007668633479624987
v -0.012504815123975277 0.027504103258252144 -0.010922679677605629
v -0.030511783435940742 0.02770397625863552 -0.007658816874027252
v -0.014204386621713638 0.027520474046468735 -0.008495273068547249
v -0.015456654131412506 0.02753147855401039 -0.005809602327644825
v -0.002434712601825595 0.027397023513913155 -0.016737135127186775
v -0.005296854302287102 0.02742850035429001 -0.015970148146152496
v -0.007982342503964901 0.027457406744360924 -0.014717771671712399
v -0.010409579612314701 0.027482865378260612 -0.013018069788813591
v 0.009016570635139942 0.027265096083283424 -0.014717969112098217
v 0.006331086158752441 0.027296951040625572 -0.01597028225660324
v 0.003468947485089302 0.02733023464679718 -0.016737204045057297
v 0.00051711784908548 0.027363931760191917 -0.016995441168546677
v 0.01144380122423172 0.027235636487603188 -0.013018323108553886
v 0.031545959413051605 0.026983868330717087 0.0076679144985973835
v 0.031545985490083694 0.027001909911632538 -0.007659535855054855
v 0.017257753759622574 0.027158008888363838 -0.0029476636555045843
v 0.01649085059762001 0.027170052751898766 -0.005809972062706947
v 0.015238593332469463 0.02718738093972206 -0.008495614863932133
v 0.013539029285311699 0.027209466323256493 -0.010922981426119804
v 0.05013110488653183 0.02681915834546089 -0.031026875600218773
v 0.05013106390833855 0.026791654527187347 -0.0076597509905695915
v 0.053013723343610764 0.02674749121069908 0.0021539421286433935
v 0.05408865958452225 0.026735669001936913 0.0018658831249922514
v 0.05013103783130646 0.026773612946271896 0.007667699363082647
v 0.05193879455327988 0.02675999142229557 0.0018659080378711224
v 0.05487556383013725 0.026727693155407906 0.0010789218358695507
v 0.05115189403295517 0.026769820600748062 0.0010789650259539485
v 0.050130996853113174 0.026746109127998352 0.03103482723236084
v 0.0408632755279541 0.026904715225100517 -0.014637838117778301
v 0.04310457035899162 0.026877837255597115 -0.013343769125640392
v 0.04569259285926819 0.026848558336496353 -0.013343799859285355
v 0.039569269865751266 0.026925040408968925 -0.019467445090413094
v 0.03956926614046097 0.026921993121504784 -0.016879256814718246
v 0.04222925379872322 0.026855934411287308 0.013676679693162441
v 0.04048962518572807 0.026873981580138206 0.015064094215631485
v 0.039524201303720474 0.02688254415988922 0.01706894300878048
v 0.039524197578430176 0.026879925280809402 0.01929415389895439
v 0.04048961400985718 0.026866642758250237 0.021298982203006744
v 0.04222923889756203 0.026845330372452736 0.02268635481595993
v 0.03154589980840683 0.026941845193505287 0.043371304869651794
v 0.05013096332550049 0.02672317437827587 0.05052107572555542
v 0.015158010646700859 0.027130795642733574 0.040353093296289444
v 0.008105259388685226 0.027207031846046448 0.043371573090553284
v -0.0070712328888475895 0.02737872488796711 0.04337175190448761
v 0.0005169720971025527 0.02726506069302559 0.0670045018196106
v -0.00048296351451426744 0.027276689186692238 0.06673655658960342
v -0.0012149661779403687 0.027285831049084663 0.06600452214479446
v 0.0015169086400419474 0.02725406363606453 0.06673653423786163
v 0.002248913748189807 0.027246644720435143 0.06600447744131088
v -0.04909681901335716 0.027941735461354256 -0.031025726348161697
v -0.049096859991550446 0.02791423164308071 -0.007658601738512516
v -0.04086451604962349 0.02782837674021721 -0.013842298649251461
v -0.040864501148462296 0.02783857099711895 -0.02250254526734352
v -0.03903450444340706 0.027809828519821167 -0.01567244529724121
v -0.03836467117071152 0.02780519239604473 -0.018172448500990868
v -0.03903449699282646 0.027815712615847588 -0.02067244052886963
v -0.049096886068582535 0.02789619006216526 0.007668848615139723
v -0.04909692704677582 0.027868686243891716 0.031035976484417915
v -0.038535088300704956 0.027765851467847824 0.016888359561562538
v -0.03982909768819809 0.02778312936425209 0.014646935276687145
v -0.04207039251923561 0.027810009196400642 0.01335287094116211
v -0.044658415019512177 0.027839288115501404 0.013352900743484497
v -0.038535092025995255 0.02776280604302883 0.019476547837257385
v -0.021989133208990097 0.027549825608730316 0.04138905555009842
v -0.030511872842907906 0.02764391154050827 0.0433720201253891
v -0.049096960574388504 0.027845751494169235 0.050522226840257645
v -0.05011780560016632 0.02785664238035679 0.05108010023832321
v -0.05197955295443535 0.027935292571783066 0.0021551582030951977
v -0.05090462416410446 0.027923470363020897 0.001867098966613412
v -0.050117719918489456 0.02791549451649189 0.0010801376774907112
v -0.05555427074432373 0.028014790266752243 -0.031025651842355728
v -0.055554307997226715 0.0279872864484787 -0.007658527232706547
v -0.0555543377995491 0.027969244867563248 0.007668923120945692
v -0.05384138971567154 0.027957621961832047 0.001080180867575109
v -0.05305448919534683 0.027947792783379555 0.0018671238794922829
v -0.05555437505245209 0.027941741049289703 0.031036050990223885
v -0.030376166105270386 0.039614733308553696 0.06751899421215057
v -0.04686138033866882 0.039801232516765594 0.0675191804766655
v -0.05634363368153572 0.039908505976200104 0.06751929223537445
v 0.0316816046833992 0.03891266509890556 0.06751827150583267
v 0.04816681891679764 0.038726165890693665 0.06751808524131775
v 0.031681738793849945 0.039003606885671616 -0.009745408780872822
v 0.03168170526623726 0.038980621844530106 0.009782042354345322
v 0.048166919499635696 0.03879412263631821 0.009781851433217525
v 0.0031525755766779184 0.03924601152539253 0.058518607169389725
v -0.04686133563518524 0.039830226451158524 0.04288633540272713
v -0.04686134681105614 0.03982357308268547 0.048536330461502075
v -0.0303761325776577 0.03963707387447357 0.048536140471696854
v -0.05634357035160065 0.03995142877101898 0.0310501866042614
v -0.05634358897805214 0.03993749991059303 0.04288644716143608
v 0.016269519925117493 0.03911401331424713 0.044588614255189896
v 0.01626952365040779 0.039115626364946365 0.043216872960329056
v 0.009915901347994804 0.039187896996736526 0.0428856797516346
v -0.001846924307756126 0.03942469134926796 -0.04523126408457756
v 0.009915892034769058 0.03918124735355377 0.048535674810409546
v -0.0018470934592187405 0.03930993005633354 0.05226866528391838
v 0.05114951357245445 0.038708943873643875 0.05348215252161026
v 0.049685508012771606 0.038727227598428726 0.052018072456121445
v 0.04816684499382973 0.038744114339351654 0.05226808786392212
v -0.05634361878037453 0.03991909697651863 0.05851929634809494
v 0.031681619584560394 0.03892325982451439 0.05851827561855316
v 0.00991587433964014 0.03916949778795242 0.05851852893829346
v -0.01825978420674801 0.03948825225234032 0.05851885303854942
v -0.030376149341464043 0.03962532430887222 0.058518994599580765
v -0.04686136171221733 0.03981182351708412 0.058519184589385986
v -0.0563434362411499 0.04004121571779251 -0.04523063451051712
v -0.048379842191934586 0.03995436057448387 -0.04798072576522827
v -0.046861182898283005 0.039933942258358 -0.045230742543935776
v -0.04984385147690773 0.039969198405742645 -0.04651660472154617
v -0.05184372141957283 0.039991192519664764 -0.04598068445920944
v -0.055307600647211075 0.04003273323178291 -0.047980643808841705
v -0.05384359508752823 0.04001444950699806 -0.04651656001806259
v -0.030375970527529716 0.0397474430501461 -0.045230932533741
v 0.03168180212378502 0.03904537484049797 -0.0452316515147686
v 0.048167016357183456 0.03885887563228607 -0.04523184150457382
v 0.05314955487847328 0.03880339115858078 -0.04598190262913704
v 0.05114968866109848 0.03882664814591408 -0.04651777446269989
v 0.05661344155669212 0.03876655921339989 -0.04798194020986557
v 0.05514942854642868 0.03878139704465866 -0.04651782289147377
v 0.049685683101415634 0.03884493187069893 -0.0479818619787693
v 0.04816683381795883 0.03873676061630249 0.05851808562874794
v 0.05314938351511955 0.03868568688631058 0.05401802808046341
v 0.05514925718307495 0.03866369277238846 0.05348210781812668
v 0.056613266468048096 0.038648854941129684 0.05201799422502518
v 0.048166852444410324 0.03874851018190384 0.04853523150086403
v 0.04816685989499092 0.038755159825086594 0.04288523644208908
v -0.04984402656555176 0.03985149413347244 0.05348332226276398
v -0.05184389650821686 0.03987348824739456 0.054019246250391006
v -0.05384376645088196 0.03989674523472786 0.05348337069153786
v -0.05634360760450363 0.03992645442485809 0.05226929858326912
v -0.055307772010564804 0.03991502895951271 0.05201929062604904
v -0.056343600153923035 0.03993084654211998 0.04853644222021103
v -0.0018470771610736847 0.03932097181677818 0.04288581386208534
v -0.015228716656565666 0.03947272524237633 0.04257810488343239
v -0.018259774893522263 0.03949560597538948 0.0522688552737236
v 0.003152602817863226 0.039264410734176636 0.042885757982730865
v 0.0006529144011437893 0.0393955260515213 -0.044481296092271805
v -0.0018469283822923899 0.03942188620567322 -0.04284840449690819
v 0.009916054084897041 0.039291612803936005 -0.045231398195028305
v -0.015022254548966885 0.03957316651940346 -0.04474062845110893
v -0.017226703464984894 0.039593975991010666 -0.04123203083872795
v -0.018259629607200623 0.03959363326430321 -0.031011957675218582
v -0.01611359603703022 0.039581842720508575 -0.04162156209349632
v -0.0018469489878043532 0.03940795361995697 -0.031012147665023804
v -0.01527971401810646 0.039573390036821365 -0.04245550557971001
v -0.014890218153595924 0.039570294320583344 -0.0435686893761158
v -0.01752353459596634 0.039500243961811066 0.04125313460826874
v -0.016198620200157166 0.03948483616113663 0.04160815477371216
v -0.0018470566719770432 0.03933490440249443 0.03104955516755581
v -0.018259737640619278 0.03952058404684067 0.03104974515736103
v -0.018848448991775513 0.03951481729745865 0.041608184576034546
v -0.018259767442941666 0.039500001817941666 0.04853599891066551
v -0.030376123264431953 0.039643727242946625 0.042886145412921906
v 0.01695535145699978 0.03910926729440689 0.04202890023589134
v 0.009915921837091446 0.039201829582452774 0.031049419194459915
v 0.018143238499760628 0.039096634835004807 0.04134301468729973
v 0.031681668013334274 0.03895559161901474 0.03104916587471962
v 0.019514892250299454 0.03908111900091171 0.041342999786138535
v 0.03168164938688278 0.03894165903329849 0.0428854264318943
v 0.03168163821101189 0.03893500939011574 0.04853542149066925
v 0.009916050359606743 0.03928881138563156 -0.04284854233264923
v 0.009916029870510101 0.039274878799915314 -0.031012283638119698
v 0.017504293471574783 0.039201460778713226 -0.04157080501317978
v 0.016534389927983284 0.039213571697473526 -0.04254075884819031
v 0.03168179839849472 0.03904256969690323 -0.042848795652389526
v 0.021124031394720078 0.039161648601293564 -0.042540811002254486
v 0.03168177604675293 0.03902864083647728 -0.031012536957859993
v 0.02015412412583828 0.039171479642391205 -0.04157083481550217
v 0.018829207867383957 0.03918605297803879 -0.04121578484773636
v -0.018259700387716293 0.03954561427235603 0.009782620705664158
v -0.018259666860103607 0.03956859931349754 -0.009744830429553986
v -0.016087818890810013 0.0395360104739666 -0.0029331520199775696
v -0.015320905484259129 0.03953070566058159 -0.005795478355139494
v 0.0031526233069598675 0.03927834331989288 0.031049497425556183
v 0.015374341979622841 0.03918660804629326 -0.008481490425765514
v 0.016626600176095963 0.039169277995824814 -0.005795848555862904
v 0.017393503338098526 0.039157234132289886 -0.002933539915829897
v 0.0036046963650733232 0.03932945802807808 -0.01672307960689068
v 0.006466835271567106 0.03929617628455162 -0.015956157818436623
v 0.00915231928229332 0.03926432132720947 -0.014703844673931599
v 0.011579549871385098 0.039234861731529236 -0.013004199601709843
v 0.013674777932465076 0.03920869156718254 -0.010908856987953186
v -0.01406863797456026 0.039519697427749634 -0.008481149561703205
v -0.012369065545499325 0.03950332850217819 -0.01090855523943901
v -0.010273830033838749 0.03948209062218666 -0.013003946281969547
v -0.0022989639546722174 0.0393962487578392 -0.016723012551665306
v -0.005161105189472437 0.03942772373557091 -0.015956023707985878
v -0.007846593856811523 0.03945663198828697 -0.014703648164868355
v -0.05634346231818199 0.04002447798848152 -0.031011516228318214
v -0.056343499571084976 0.039999447762966156 -0.009744388982653618
v -0.04686124622821808 0.03989217430353165 -0.009744498878717422
v -0.0563434399664402 0.04003841057419777 -0.04284777492284775
v -0.0468611866235733 0.03993113711476326 -0.0428478829562664
v -0.046861208975315094 0.03991720452904701 -0.03101162612438202
v -0.030375994741916656 0.039730705320835114 -0.03101181797683239
v -0.046861279755830765 0.03986918926239014 0.009782952256500721
v -0.04837992787361145 0.03989550843834877 0.002019239356741309
v -0.05634353309869766 0.039976462721824646 0.009783062152564526
v -0.05530768632888794 0.03997388109564781 0.0020193196833133698
v -0.04984394088387489 0.039910346269607544 0.0034833538811653852
v -0.051843807101249695 0.03993234038352966 0.004019282292574644
v -0.05384368076920509 0.03995559737086296 0.0034834002144634724
v -0.04686131700873375 0.03984415531158447 0.031050076708197594
v -0.030375974252820015 0.03974463790655136 -0.04284807667136192
v -0.018398575484752655 0.03960739076137543 -0.04136406257748604
v -0.04093378037214279 0.0398365780711174 -0.01948329247534275
v -0.03037603199481964 0.03970567509531975 -0.009744689799845219
v -0.04057877138257027 0.039831001311540604 -0.01815829798579216
v -0.04093378409743309 0.03983346000313759 -0.016833294183015823
v -0.04190368950366974 0.03984329104423523 -0.015863319858908653
v -0.04190368205308914 0.039848692715168 -0.020453250035643578
v -0.030376065522432327 0.03968269005417824 0.009782761335372925
v -0.04391448572278023 0.039828959852457047 0.01563693955540657
v -0.04254283383488655 0.03981344401836395 0.015636924654245377
v -0.0413549467921257 0.039799198508262634 0.016322780400514603
v -0.04066912457346916 0.039790041744709015 0.017510728910565376
v -0.030376102775335312 0.039657656103372574 0.031049884855747223
v -0.04066912457346916 0.03978842496871948 0.018882470205426216
v -0.01981835626065731 0.03952464833855629 0.04257815703749657
v -0.030376138165593147 0.039632681757211685 0.052268996834754944
v -0.046861354261636734 0.039819180965423584 0.052269186824560165
v -0.048380013555288315 0.03983665630221367 0.052019208669662476
v 0.0006528666708618402 0.039363157004117966 -0.01698131673038006
v 0.0031527311075478792 0.03935139253735542 -0.03101220540702343
v 0.0031527515966445208 0.03936532512307167 -0.04284846410155296
v 0.0031527557875961065 0.03936813026666641 -0.04523131996393204
v 0.002384662628173828 0.03924586996436119 0.06601860374212265
v 0.0016526574036106467 0.03925329074263573 0.0667506605386734
v 0.0006527209188789129 0.039264287799596786 0.06701862066984177
v -0.00034721469273790717 0.039275914430618286 0.06675068289041519
v -0.0010792172979563475 0.03928505629301071 0.06601864099502563
v -0.0018471042858436704 0.03930257260799408 0.0585186630487442
v 0.045220158994197845 0.03885733708739281 -0.015599590726196766
v 0.04816695302724838 0.03881710767745972 -0.009745599702000618
v 0.04384850710630417 0.0388728529214859 -0.015599574893712997
v 0.04266062378883362 0.03888709843158722 -0.016285430639982224
v 0.04197479784488678 0.03889625519514084 -0.017473384737968445
v 0.04197480157017708 0.03889787197113037 -0.018845124170184135
v 0.04816699028015137 0.03884214162826538 -0.031012726947665215
v 0.04816700890660286 0.03885607048869133 -0.04284898564219475
v 0.04816688224673271 0.03876909241080284 0.031048975884914398
v 0.04320935532450676 0.038837604224681854 0.020490599796175957
v 0.04223945364356041 0.03884971886873245 0.01952064223587513
v 0.041884444653987885 0.03885529562830925 0.01819564402103424
v 0.04223945736885071 0.038852836936712265 0.016870643943548203
v 0.04320936277508736 0.038843005895614624 0.015900664031505585
v 0.03168163076043129 0.03893061354756355 0.05226827785372734
v 0.009915885515511036 0.03917685151100159 0.052268531173467636
v 0.00315258651971817 0.039253368973731995 0.052268609404563904
v 0.0006527494988404214 0.03928370773792267 0.050518639385700226
v 0.05661335214972496 0.038707707077264786 0.0020180235151201487
v 0.04968559369444847 0.03878607973456383 0.0020181036088615656
v 0.055149342864751816 0.03872254490852356 0.0034821380395442247
v 0.05314946919679642 0.03874453902244568 0.004018066450953484
v 0.051149602979421616 0.038767796009778976 0.003482184372842312
v -0.051940999925136566 0.03582374379038811 -0.057084597647190094
v -0.05088788643479347 0.036093197762966156 -0.057084280997514725
v -0.05271830037236214 0.035063836723566055 -0.05708549544215202
v -0.0490812286734581 0.03502269089221954 -0.057085536420345306
v -0.04984113574028015 0.035799987614154816 -0.05708462372422218
v -0.03194228187203407 0.03559749573469162 -0.0570848323404789
v -0.03088916651904583 0.03586694970726967 -0.05708451196551323
v -0.032719582319259644 0.03483758866786957 -0.05708572641015053
v -0.029082508757710457 0.034796442836523056 -0.05708576738834381
v -0.02984241582453251 0.03557373955845833 -0.05708485469222069
v 0.031053686514496803 0.03488481789827347 -0.0570855587720871
v 0.032106801867485046 0.03515426814556122 -0.05708524212241173
v 0.030276387929916382 0.03412490710616112 -0.057086456567049026
v 0.03391346335411072 0.034083761274814606 -0.05708649754524231
v 0.03315355256199837 0.034861061722040176 -0.057085584849119186
v 0.051052406430244446 0.03465856984257698 -0.0570857934653759
v 0.05210552364587784 0.03492802008986473 -0.05708547309041023
v 0.050275105983018875 0.03389865905046463 -0.05708668753504753
v 0.05391218140721321 0.03385751321911812 -0.057086728513240814
v 0.05315227061510086 0.03463481366634369 -0.05708581581711769
v 0.05315207317471504 0.034500397741794586 0.057113103568553925
v 0.05210532620549202 0.03479360416531563 0.05711345002055168
v 0.05391198396682739 0.033723097294569016 0.0571121908724308
v 0.05027490854263306 0.03376424312591553 0.057112231850624084
v 0.05105220898985863 0.03452415019273758 0.057113129645586014
v 0.03315335512161255 0.034726642072200775 0.05711333826184273
v 0.03210660442709923 0.035019852221012115 0.057113680988550186
v 0.0339132621884346 0.0339493453502655 0.057112421840429306
v 0.030276190489530563 0.033990491181612015 0.05711246654391289
v 0.031053487211465836 0.03475039824843407 0.05711336061358452
v -0.029842613264918327 0.035439323633909225 0.05711406469345093
v -0.030889365822076797 0.035732533782720566 0.057114407420158386
v -0.029082706198096275 0.034662023186683655 0.057113151997327805
v -0.03271977975964546 0.034703172743320465 0.05711319297552109
v -0.03194247931241989 0.03546307981014252 0.05711409077048302
v -0.04984133690595627 0.03566557168960571 0.05711429938673973
v -0.05088808387517929 0.03595878183841705 0.05711464211344719
v -0.04908142611384392 0.03488827124238014 0.05711338296532631
v -0.052718501538038254 0.03492942079901695 0.05711342766880989
v -0.05194120109081268 0.035689327865839005 0.05711432173848152
v 0.01567656174302101 0.03817623853683472 -0.0026339248288422823
v 0.016405725851655006 0.03890024125576019 -0.0027601933106780052
v 0.015683935955166817 0.03891157731413841 -0.0054541341960430145
v 0.014505339786410332 0.03892788663506508 -0.007981794886291027
v 0.012905750423669815 0.038948673754930496 -0.010266376659274101
v 0.010933770798146725 0.038973305374383926 -0.012238461524248123
v 0.008649318479001522 0.03900103271007538 -0.013838129118084908
v 0.0061218044720590115 0.0390310138463974 -0.015016777440905571
v 0.00342802656814456 0.03906233608722687 -0.015738587826490402
v 0.0006498338188976049 0.03909405320882797 -0.015981631353497505
v -0.002128359628841281 0.039125196635723114 -0.01573852263391018
v -0.004822140093892813 0.03915482386946678 -0.015016650781035423
v -0.007349658291786909 0.03918202966451645 -0.013837943784892559
v -0.009634116664528847 0.039205990731716156 -0.012238223105669022
v -0.01160610280930996 0.039225976914167404 -0.010266092605888844
v -0.013205699622631073 0.03924138471484184 -0.00798147451132536
v -0.01438430417329073 0.039251744747161865 -0.005453785881400108
v -0.01510610431432724 0.0392567403614521 -0.002759828232228756
v 0.014987794682383537 0.03818705677986145 -0.005204610992223024
v 0.013863123953342438 0.038202621042728424 -0.007616625167429447
v 0.012336721643805504 0.038222454488277435 -0.009796679019927979
v 0.010454964824020863 0.03824595734477043 -0.011678535491228104
v 0.00827503390610218 0.03827241435647011 -0.013205013237893581
v 0.0058631617575883865 0.038301024585962296 -0.014329731464385986
v 0.003292632754892111 0.038330916315317154 -0.015018519014120102
v 0.0006415512762032449 0.03836118057370186 -0.01525044348090887
v -0.0020095310173928738 0.03839090093970299 -0.015018457546830177
v -0.004580062348395586 0.038419172167778015 -0.014329611323773861
v -0.006991938687860966 0.038445133715867996 -0.013204836286604404
v -0.009171875193715096 0.038467999547719955 -0.011678308248519897
v -0.011053637601435184 0.03848707303404808 -0.00979640893638134
v -0.012580047361552715 0.03850177302956581 -0.007616318762302399
v -0.013704727403819561 0.03851165995001793 -0.005204278975725174
v -0.014393502846360207 0.03851642459630966 -0.002633576514199376
v 0.0162760391831398 0.0274368803948164 -0.0027736863121390343
v 0.015563437715172768 0.028176886960864067 -0.002645694650709629
v 0.014874670654535294 0.0281877052038908 -0.005216381046921015
v 0.013749999925494194 0.028203267604112625 -0.00762839475646615
v 0.01222359761595726 0.028223102912306786 -0.009808449074625969
v 0.010341841727495193 0.028246605768799782 -0.01169030461460352
v 0.008161909878253937 0.028273064643144608 -0.013216783292591572
v 0.005750037729740143 0.028301674872636795 -0.014341501519083977
v 0.0031795089598745108 0.028331566601991653 -0.015030289068818092
v 0.0005284273065626621 0.028361830860376358 -0.015262213535606861
v -0.0021226550452411175 0.028391549363732338 -0.015030227601528168
v -0.00469318637624383 0.028419820591807365 -0.014341380447149277
v -0.0071050627157092094 0.028445782139897346 -0.013216606341302395
v -0.00928499922156334 0.028468646109104156 -0.011690077371895313
v -0.011166761629283428 0.02848771959543228 -0.009808178059756756
v -0.012693171389400959 0.02850242331624031 -0.007628088817000389
v -0.013817851431667805 0.02851230651140213 -0.005216048564761877
v -0.01450662687420845 0.028517073020339012 -0.002645346336066723
v 0.015554248355329037 0.027448216453194618 -0.005467627197504044
v 0.014375653117895126 0.027464525774121284 -0.007995287887752056
v 0.01277606375515461 0.027485311031341553 -0.01027986966073513
v 0.01080408412963152 0.027509940788149834 -0.012251954525709152
v 0.008519631810486317 0.027537668123841286 -0.013851622119545937
v 0.005992117803543806 0.027567649260163307 -0.0150302704423666
v 0.0032983398996293545 0.027598975226283073 -0.01575208082795143
v 0.0005201473250053823 0.02763069048523903 -0.015995124354958534
v -0.0022580462973564863 0.02766183391213417 -0.015752015635371208
v -0.004951826762408018 0.02769145928323269 -0.015030143782496452
v -0.0074793449603021145 0.027718666940927505 -0.013851436786353588
v -0.009763802401721478 0.027742628008127213 -0.01225171610713005
v -0.011735789477825165 0.02776261605322361 -0.010279585607349873
v -0.013335386291146278 0.02777802385389805 -0.007994967512786388
v -0.014513990841805935 0.027788382023572922 -0.005467278882861137
v -0.015235790982842445 0.02779337763786316 -0.0027733214665204287
v -0.0009601128986105323 0.0294136181473732 -0.04489497095346451
v 0.0005397904315032065 0.0293961763381958 -0.044493064284324646
v -0.002058116951957345 0.029427330940961838 -0.04599303379654884
v 0.0031377028208225965 0.029368551447987556 -0.04599309340119362
v 0.002039695158600807 0.02937968075275421 -0.044895004481077194
v -0.0009602778009139001 0.029301797971129417 0.05010496452450752
v 0.0005396255291998386 0.02928435616195202 0.050506871193647385
v -0.002058281796053052 0.029315512627363205 0.04900689795613289
v 0.0031375379767268896 0.029256731271743774 0.04900683835148811
v 0.0020395303145051003 0.02926786057651043 0.050104930996894836
v 0.032224684953689575 -0.052422188222408295 -0.06758933514356613
v 0.03222470358014107 -0.05240806192159653 -0.07958932220935822
v 0.030333228409290314 -0.04763166606426239 -0.06758369505405426
v 0.030333248898386955 -0.04761754348874092 -0.07958368211984634
v 0.029727879911661148 -0.04251695051789284 -0.06757767498493195
v 0.02972790226340294 -0.04250282794237137 -0.07957766205072403
v 0.03592434898018837 -0.012607709504663944 -0.07954246550798416
v 0.03592432662844658 -0.012621833942830563 -0.06754247844219208
v 0.03269932046532631 -0.016713622957468033 -0.07954730093479156
v 0.03269930183887482 -0.01672774739563465 -0.06754732131958008
v 0.030646875500679016 -0.021514330059289932 -0.07955295592546463
v 0.030646853148937225 -0.02152845449745655 -0.06755296885967255
v 0.029906876385211945 -0.026682661846280098 -0.07955904304981232
v 0.029906855896115303 -0.026696786284446716 -0.06755905598402023
v -0.03026827983558178 -0.041838206350803375 -0.06757698208093643
v -0.03026825748383999 -0.041824083775281906 -0.07957696914672852
v -0.030989183112978935 -0.04693792015314102 -0.06758298724889755
v -0.030989162623882294 -0.046923793852329254 -0.07958297431468964
v -0.0329885333776474 -0.05168442055583 -0.06758857518434525
v -0.03298851102590561 -0.05167029798030853 -0.07958856225013733
v -0.030089283362030983 -0.026003917679190636 -0.0795583501458168
v -0.030089303851127625 -0.026018042117357254 -0.06755836308002472
v -0.03071216493844986 -0.020820166915655136 -0.07955224812030792
v -0.03071218729019165 -0.020834291353821754 -0.06755226105451584
v -0.03265547752380371 -0.01597425527870655 -0.07954654842615128
v -0.0326554998755455 -0.01598837971687317 -0.06754656136035919
v -0.035786788910627365 -0.011796433478593826 -0.0795416384935379
v -0.035786811262369156 -0.011810557916760445 -0.06754165142774582
v 0.03190650790929794 -0.07093793898820877 -0.06761112809181213
v 0.031906530261039734 -0.070923812687397 -0.07961111515760422
v 0.03155745193362236 -0.07218407094478607 -0.06761259585618973
v 0.03155747428536415 -0.0721699446439743 -0.07961258292198181
v 0.030632099136710167 -0.07308872044086456 -0.06761366128921509
v 0.03063211962580681 -0.0730745941400528 -0.07961364835500717
v 0.029378389939665794 -0.07340949028730392 -0.06761404126882553
v 0.029378410428762436 -0.07339537143707275 -0.07961402833461761
v 0.028132259845733643 -0.07306043803691864 -0.0676136314868927
v 0.028132280334830284 -0.07304631918668747 -0.07961361855268478
v 0.027227606624364853 -0.0721350833773613 -0.06761254370212555
v 0.027227627113461494 -0.07212095707654953 -0.07961253076791763
v 0.026906831189990044 -0.07088137418031693 -0.06761106848716736
v 0.026906851679086685 -0.07086725533008575 -0.07961105555295944
v -0.028089649975299835 -0.07025919109582901 -0.06761043518781662
v -0.028089629486203194 -0.07024507224559784 -0.0796104148030281
v -0.028438705950975418 -0.07150532305240631 -0.06761190295219421
v -0.028438685461878777 -0.07149119675159454 -0.0796118825674057
v -0.02936406247317791 -0.0724099799990654 -0.06761296838521957
v -0.02936404198408127 -0.07239585369825363 -0.07961295545101166
v -0.030617769807577133 -0.07273074984550476 -0.06761334836483002
v -0.03061774931848049 -0.072716623544693 -0.0796133354306221
v -0.031863901764154434 -0.07238169759511948 -0.06761293858289719
v -0.03186387941241264 -0.07236757129430771 -0.07961292564868927
v -0.032768554985523224 -0.07145634293556213 -0.06761185079813004
v -0.03276853263378143 -0.07144221663475037 -0.07961183786392212
v -0.033089328557252884 -0.07020263373851776 -0.06761037558317184
v -0.03308930620551109 -0.070188507437706 -0.07961036264896393
v 0.05691178888082504 0.01779351942241192 -0.07490664720535278
v 0.05691180005669594 0.017798934131860733 -0.07950664311647415
v 0.05635330080986023 0.015799706801772118 -0.07490899413824081
v 0.056353308260440826 0.015805121511220932 -0.07950899004936218
v 0.05487273260951042 0.014352264814078808 -0.07491070032119751
v 0.05487274006009102 0.014357679523527622 -0.07951069623231888
v 0.052866797894239426 0.013839026913046837 -0.07491131126880646
v 0.05286680534482002 0.013844440691173077 -0.07951129972934723
v 0.05087298899888992 0.014397514052689075 -0.07491065561771393
v 0.05087299644947052 0.01440292876213789 -0.0795106440782547
v 0.04942554235458374 0.01587808132171631 -0.07490891218185425
v 0.04942554980516434 0.015883496031165123 -0.07950890809297562
v 0.048912305384874344 0.017884017899632454 -0.07490655779838562
v 0.04891231283545494 0.01788943260908127 -0.07950654625892639
v 0.050662193447351456 0.017864221706986427 -0.07490657269954681
v 0.05097634345293045 0.01898573897778988 -0.07490525394678116
v 0.04947079345583916 0.019877823069691658 -0.07490420341491699
v 0.0518091656267643 0.01979992724955082 -0.07490429282188416
v 0.05095136538147926 0.02132527157664299 -0.0749024972319603
v 0.052937500178813934 0.020088624209165573 -0.0749039500951767
v 0.05295729637145996 0.021838510408997536 -0.07490189373493195
v 0.054059017449617386 0.01977447420358658 -0.07490432262420654
v 0.054951105266809464 0.021280022338032722 -0.07490254938602448
v 0.054873205721378326 0.01894165389239788 -0.07490529865026474
v 0.056398551911115646 0.019799448549747467 -0.07490428537130356
v 0.05516190454363823 0.017813315615057945 -0.07490662485361099
v 0.054847750812768936 0.016691798344254494 -0.07490794360637665
v 0.05401493236422539 0.015877610072493553 -0.07490890473127365
v 0.05288659408688545 0.0155889131128788 -0.07490924745798111
v 0.051765076816082 0.015903063118457794 -0.07490888237953186
v 0.05095088854432106 0.016735883429646492 -0.07490789890289307
v 0.055161889642477036 0.01780460588634014 -0.06750663369894028
v 0.05484773963689804 0.01668308861553669 -0.06750795245170593
v 0.054014917463064194 0.01586890034377575 -0.06750891357660294
v 0.05288657918572426 0.015580203384160995 -0.0675092563033104
v 0.051765065640211105 0.01589435338973999 -0.06750888377428055
v 0.050950877368450165 0.016727173700928688 -0.06750790774822235
v 0.05066217854619026 0.017855511978268623 -0.0675065815448761
v -0.04808149114251137 0.018981320783495903 -0.07490543276071548
v -0.04808148369193077 0.018986733630299568 -0.07950542122125626
v -0.04863997921347618 0.016987508162856102 -0.07490777969360352
v -0.048639971762895584 0.016992922872304916 -0.07950776815414429
v -0.05012055113911629 0.015540066175162792 -0.07490948587656021
v -0.05012054368853569 0.015545480884611607 -0.07950947433710098
v -0.052126482129096985 0.015026827342808247 -0.07491008937358856
v -0.05212647467851639 0.015032242052257061 -0.07951008528470993
v -0.05412029102444649 0.01558531541377306 -0.07490944117307663
v -0.05412028357386589 0.015590730123221874 -0.0795094296336174
v -0.05556773766875267 0.017065882682800293 -0.07490769773721695
v -0.05556773021817207 0.017071297392249107 -0.07950769364833832
v -0.056080978363752365 0.01907181926071644 -0.07490533590316772
v -0.05608096718788147 0.019077233970165253 -0.07950533181428909
v -0.05433109030127525 0.01905202306807041 -0.07490535825490952
v -0.05401694029569626 0.020173540338873863 -0.07490403950214386
v -0.05552249029278755 0.021065624430775642 -0.0749029889702797
v -0.05318411812186241 0.020987728610634804 -0.07490307837724686
v -0.054041918367147446 0.022513072937726974 -0.074901282787323
v -0.052055779844522476 0.021276425570249557 -0.0749027356505394
v -0.05203598365187645 0.02302631177008152 -0.07490067929029465
v -0.05093426629900932 0.020962275564670563 -0.07490310072898865
v -0.05004217475652695 0.022467823699116707 -0.07490132749080658
v -0.05012007802724838 0.020129455253481865 -0.07490408420562744
v -0.04859473183751106 0.02098724991083145 -0.07490307092666626
v -0.04983137920498848 0.01900111697614193 -0.0749054104089737
v -0.050145529210567474 0.017879599705338478 -0.07490672916173935
v -0.05097835138440132 0.017065411433577538 -0.07490769028663635
v -0.05210668593645096 0.016776714473962784 -0.07490803301334381
v -0.05322820320725441 0.01709086447954178 -0.07490766793489456
v -0.05404239147901535 0.017923684790730476 -0.07490668445825577
v -0.049831390380859375 0.018992407247424126 -0.06750541925430298
v -0.05014554038643837 0.017870889976620674 -0.06750673800706863
v -0.05097836256027222 0.017056701704859734 -0.06750769913196564
v -0.052106697112321854 0.01676800474524498 -0.0675080418586731
v -0.053228218108415604 0.017082154750823975 -0.06750766932964325
v -0.054042406380176544 0.017914975062012672 -0.06750669330358505
v -0.05433110147714615 0.019043313339352608 -0.0675053671002388
v 0.05708147585391998 0.03279125317931175 -0.07378898561000824
v 0.05708148330450058 0.03279796242713928 -0.07948898524045944
v 0.056383367627859116 0.03029898926615715 -0.07379192113876343
v 0.05638337507843971 0.03030569851398468 -0.07949192076921463
v 0.05453265458345413 0.02848968654870987 -0.07379405945539474
v 0.05453266203403473 0.0284963957965374 -0.07949405163526535
v 0.05202523246407509 0.0278481375426054 -0.07379481941461563
v 0.052025243639945984 0.02785484679043293 -0.07949481159448624
v 0.049532968550920486 0.028546249493956566 -0.07379399985074997
v 0.04953297972679138 0.028552958741784096 -0.07949399203062057
v 0.04772366210818291 0.0303969569504261 -0.07379182428121567
v 0.0477236732840538 0.03040366619825363 -0.07949181646108627
v 0.04708211496472359 0.032904379069805145 -0.07378887385129929
v 0.04708212614059448 0.032911088317632675 -0.07948886603116989
v 0.05447876825928688 0.034195784479379654 -0.07378733903169632
v 0.05643992871046066 0.0352986678481102 -0.07378603518009186
v 0.0548316165804863 0.03281670808792114 -0.07378896325826645
v 0.054447658360004425 0.031445957720279694 -0.07379058003425598
v 0.05342976748943329 0.030450845137238503 -0.0737917497754097
v 0.05205068737268448 0.030097993090748787 -0.07379216700792313
v 0.05067994073033333 0.030481955036520958 -0.07379171997308731
v 0.04968482255935669 0.03149984031915665 -0.0737905204296112
v 0.049331970512866974 0.032878924161195755 -0.07378889620304108
v 0.049715932458639145 0.03424966707825661 -0.07378728687763214
v 0.04778022691607475 0.03539663553237915 -0.0737859383225441
v 0.05073382332921028 0.035244788974523544 -0.07378610968589783
v 0.049630939960479736 0.03720594570040703 -0.07378380745649338
v 0.05211290344595909 0.03559763357043266 -0.0737856924533844
v 0.05213835835456848 0.03784748911857605 -0.07378304749727249
v 0.05348365008831024 0.03521367907524109 -0.07378614693880081
v 0.054630622267723083 0.03714938461780548 -0.07378386706113815
v 0.0548316091299057 0.03281164541840553 -0.06948896497488022
v 0.05444765090942383 0.03144089877605438 -0.06949058175086975
v 0.05342976003885269 0.030445784330368042 -0.06949175149202347
v 0.05205067992210388 0.030092930421233177 -0.06949217617511749
v 0.05067993327975273 0.030476892367005348 -0.06949172168970108
v 0.04968481510877609 0.031494781374931335 -0.06949052959680557
v 0.04933196306228638 0.032873865216970444 -0.06948890537023544
v 0.03708275407552719 0.03301750123500824 -0.07378875464200974
v 0.03708276525139809 0.03302421048283577 -0.07948875427246094
v 0.036384642124176025 0.030525237321853638 -0.07379169017076492
v 0.03638465330004692 0.030531946569681168 -0.07949168980121613
v 0.03453393280506134 0.028715934604406357 -0.07379382848739624
v 0.034533943980932236 0.028722643852233887 -0.07949382066726685
v 0.032026514410972595 0.028074385598301888 -0.07379458099603653
v 0.03202652186155319 0.028081094846129417 -0.07949458062648773
v 0.029534250497817993 0.028772497549653053 -0.07379376888275146
v 0.02953425981104374 0.028779206797480583 -0.07949376106262207
v 0.027724944055080414 0.03062320500612259 -0.07379159331321716
v 0.02772495336830616 0.03062991425395012 -0.07949158549308777
v 0.027083395048975945 0.03313062712550163 -0.07378864288330078
v 0.02708340436220169 0.03313733637332916 -0.07948863506317139
v 0.030681220814585686 0.030708203092217445 -0.0737914890050888
v 0.029686102643609047 0.031726088374853134 -0.0737902894616127
v 0.02933325245976448 0.03310517221689224 -0.07378866523504257
v 0.029717212542891502 0.034475915133953094 -0.07378705590963364
v 0.02778150513768196 0.03562288358807564 -0.0737857073545456
v 0.03073510341346264 0.03547103703022003 -0.07378587871789932
v 0.029632218182086945 0.037432193756103516 -0.07378357648849487
v 0.0321141853928566 0.03582388162612915 -0.0737854614853859
v 0.03213963657617569 0.03807373717427254 -0.07378281652927399
v 0.03348492830991745 0.035439927130937576 -0.07378591597080231
v 0.03463190048933029 0.03737563267350197 -0.07378362864255905
v 0.03448005020618439 0.03442203253507614 -0.07378710806369781
v 0.03644120320677757 0.035524915903806686 -0.07378580421209335
v 0.034832898527383804 0.03304295614361763 -0.07378873229026794
v 0.03444894030690193 0.03167220577597618 -0.07379034906625748
v 0.0334310457110405 0.03067709319293499 -0.0737915188074112
v 0.03205196559429169 0.030324241146445274 -0.07379193603992462
v 0.03483289107680321 0.03303789347410202 -0.06948873400688171
v 0.034448932856321335 0.03166714683175087 -0.06949035078287125
v 0.0334310382604599 0.03067203238606453 -0.06949152052402496
v 0.03205195814371109 0.030319178476929665 -0.06949193775653839
v 0.03068121336400509 0.030703140422701836 -0.06949149072170258
v 0.02968609519302845 0.03172102943062782 -0.06949029862880707
v 0.029333245009183884 0.03310011327266693 -0.06948867440223694
v -0.025913212448358536 0.03373018279671669 -0.07378802448511124
v -0.02591320313513279 0.03373689204454422 -0.07948802411556244
v -0.0266113243997097 0.03123791702091694 -0.07379096001386642
v -0.026611313223838806 0.03124462626874447 -0.07949095964431763
v -0.028462037444114685 0.029428616166114807 -0.07379309833049774
v -0.02846202626824379 0.029435325413942337 -0.07949309051036835
v -0.03096945583820343 0.02878706529736519 -0.07379385828971863
v -0.030969446524977684 0.02879377454519272 -0.07949385046958923
v -0.03346171975135803 0.029485177248716354 -0.07379303872585297
v -0.03346170857548714 0.029491886496543884 -0.07949303090572357
v -0.03527102246880531 0.03133588656783104 -0.07379086315631866
v -0.03527101129293442 0.03134259581565857 -0.07949085533618927
v -0.03591257333755493 0.03384330868721008 -0.07378791272640228
v -0.035912562161684036 0.03385001793503761 -0.07948790490627289
v -0.030881784856319427 0.0365365631878376 -0.0737847313284874
v -0.030856331810355186 0.03878641873598099 -0.07378208637237549
v -0.029511040076613426 0.03615260869264603 -0.07378518581390381
v -0.028364067897200584 0.03808831423521042 -0.07378290593624115
v -0.028515921905636787 0.03513471037149429 -0.07378637790679932
v -0.026554761454463005 0.03623759746551514 -0.07378507405519485
v -0.028163069859147072 0.03375563770532608 -0.07378800213336945
v -0.028547029942274094 0.03238488733768463 -0.07378961890935898
v -0.02956492267549038 0.03138977289199829 -0.0737907886505127
v -0.03094400279223919 0.031036920845508575 -0.07379120588302612
v -0.03231474757194519 0.031420882791280746 -0.07379075884819031
v -0.03330986574292183 0.032438769936561584 -0.0737895593047142
v -0.033662717789411545 0.03381785377860069 -0.07378793507814407
v -0.03327875956892967 0.035188592970371246 -0.07378632575273514
v -0.035214461386203766 0.03633556514978409 -0.0737849771976471
v -0.03226086497306824 0.036183714866638184 -0.07378514856100082
v -0.03336375206708908 0.038144875317811966 -0.07378284633159637
v -0.02816307730972767 0.03375057503581047 -0.06948800384998322
v -0.02854703739285469 0.03237982839345932 -0.06948962062597275
v -0.029564930126070976 0.03138471394777298 -0.06949079036712646
v -0.030944010242819786 0.031031860038638115 -0.06949121505022049
v -0.03231475502252579 0.03141582012176514 -0.06949076056480408
v -0.033309873193502426 0.03243371099233627 -0.06948956847190857
v -0.03366272523999214 0.03381279110908508 -0.06948794424533844
v -0.04591193422675133 0.03395643085241318 -0.07378779351711273
v -0.04591192305088043 0.03396314010024071 -0.07948779314756393
v -0.046610042452812195 0.031464166939258575 -0.07379072904586792
v -0.0466100350022316 0.031470876187086105 -0.07949072867631912
v -0.04846075549721718 0.029654864221811295 -0.07379286736249924
v -0.04846074804663658 0.029661573469638824 -0.07949285954236984
v -0.05096817761659622 0.029013313353061676 -0.07379361987113953
v -0.05096816644072533 0.029020022600889206 -0.07949361950159073
v -0.053460437804460526 0.029711425304412842 -0.07379280775785446
v -0.05346043035387993 0.02971813455224037 -0.07949279993772507
v -0.0552697479724884 0.03156213462352753 -0.07379063218832016
v -0.05526973679661751 0.03156884387135506 -0.07949062436819077
v -0.055911291390657425 0.03406955674290657 -0.07378768175840378
v -0.05591128394007683 0.0340762622654438 -0.07948767393827438
v -0.04851464182138443 0.03536095842719078 -0.07378614693880081
v -0.04655348137021065 0.036463845521211624 -0.07378484308719635
v -0.048161789774894714 0.03398188203573227 -0.07378777116537094
v -0.048545751720666885 0.03261113539338112 -0.07378938794136047
v -0.04956364259123802 0.03161602094769478 -0.07379055768251419
v -0.05094272270798683 0.03126316890120506 -0.07379097491502762
v -0.05231346935033798 0.031647130846977234 -0.0737905278801918
v -0.05330858752131462 0.03266501799225807 -0.0737893283367157
v -0.05366143584251404 0.03404410183429718 -0.07378770411014557
v -0.053277477622032166 0.035414841026067734 -0.07378609478473663
v -0.05521318316459656 0.036561813205480576 -0.07378474622964859
v -0.05225958675146103 0.03640996292233467 -0.07378491759300232
v -0.053362470120191574 0.03837112337350845 -0.07378261536359787
v -0.05088050663471222 0.03676281124353409 -0.07378450036048889
v -0.05085505172610283 0.039012663066387177 -0.07378185540437698
v -0.04950975999236107 0.036378856748342514 -0.0737849548459053
v -0.04836278781294823 0.03831455856561661 -0.07378266751766205
v -0.04816179722547531 0.03397682309150696 -0.06948777288198471
v -0.04854575917124748 0.03260607644915581 -0.06948938965797424
v -0.04956365004181862 0.03161096200346947 -0.06949055939912796
v -0.05094273015856743 0.03125810623168945 -0.06949097663164139
v -0.05231347680091858 0.031642068177461624 -0.06949052959680557
v -0.05330859497189522 0.03265995904803276 -0.06948933750391006
v -0.053661443293094635 0.03403903916478157 -0.06948771327733994
v 0.03225276619195938 -0.05945321172475815 -0.07389760762453079
v 0.032252777367830276 -0.05944650247693062 -0.0795975998044014
v 0.031554654240608215 -0.06194546818733215 -0.07390054315328598
v 0.03155466169118881 -0.06193875893950462 -0.07960053533315659
v 0.02970394305884838 -0.06375477463006973 -0.0739026740193367
v 0.029703952372074127 -0.0637480691075325 -0.0796026736497879
v 0.027196522802114487 -0.06439632922410965 -0.07390343397855759
v 0.027196532115340233 -0.06438961625099182 -0.07960343360900879
v 0.024704260751605034 -0.06369821727275848 -0.07390261441469193
v 0.02470427192747593 -0.06369150429964066 -0.07960261404514313
v 0.022894954308867455 -0.0618475005030632 -0.07390043884515762
v 0.0228949636220932 -0.06184079125523567 -0.07960043847560883
v 0.022253405302762985 -0.059340085834264755 -0.07389748841524124
v 0.02225341647863388 -0.059333376586437225 -0.07959748804569244
v 0.024503260850906372 -0.059365540742874146 -0.07389751821756363
v 0.024887222796678543 -0.05799479782581329 -0.0738959014415741
v 0.02295151725411415 -0.05684782937169075 -0.07389456033706665
v 0.02590511552989483 -0.056999675929546356 -0.07389473170042038
v 0.024802230298519135 -0.05503851920366287 -0.07389242202043533
v 0.02728419378399849 -0.05664682388305664 -0.07389431446790695
v 0.02730964682996273 -0.054396968334913254 -0.07389166206121445
v 0.02865493856370449 -0.05703078582882881 -0.07389476150274277
v 0.029801910743117332 -0.05509508028626442 -0.07389248162508011
v 0.02965005859732628 -0.05804868042469025 -0.07389596104621887
v 0.03161121532320976 -0.0569457970559597 -0.07389465719461441
v 0.030002908781170845 -0.05942775681614876 -0.0738975778222084
v 0.029618948698043823 -0.06079849600791931 -0.07389919459819794
v 0.028601055964827538 -0.06179361790418625 -0.07390037178993225
v 0.027221975848078728 -0.06214647367596626 -0.07390078902244568
v 0.025851232931017876 -0.06176251173019409 -0.07390033453702927
v 0.024856114760041237 -0.06074461340904236 -0.07389914244413376
v 0.03000289760529995 -0.059435173869132996 -0.06759759038686752
v 0.029618937522172928 -0.06080591306090355 -0.06759920716285706
v 0.02860104665160179 -0.061801034957170486 -0.06760037690401077
v 0.027221964672207832 -0.0621538870036602 -0.0676007941365242
v 0.02585122175514698 -0.06176992505788803 -0.06760034710168839
v 0.02485610358417034 -0.060752030462026596 -0.06759914755821228
v 0.024503249675035477 -0.059372954070568085 -0.06759753078222275
v 0.031993020325899124 -0.0824127271771431 -0.07392463088035583
v 0.03199303150177002 -0.08240602165460587 -0.07962463051080704
v 0.03129490837454796 -0.0849049910902977 -0.07392756640911102
v 0.031294919550418854 -0.08489827811717987 -0.07962756603956223
v 0.029444199055433273 -0.08671429008245468 -0.07392969727516174
v 0.02944420836865902 -0.08670758455991745 -0.07962969690561295
v 0.02693677879869938 -0.0873558521270752 -0.07393045723438263
v 0.026936788111925125 -0.08734913915395737 -0.07963045686483383
v 0.024444516748189926 -0.08665773272514343 -0.07392964512109756
v 0.02444452792406082 -0.0866510197520256 -0.07962963730096817
v 0.022635210305452347 -0.08480702340602875 -0.07392746955156326
v 0.022635219618678093 -0.08480031043291092 -0.07962746173143387
v 0.021993661299347878 -0.08229960501194 -0.07392451912164688
v 0.021993672475218773 -0.08229289948940277 -0.07962451130151749
v 0.024243516847491264 -0.0823250561952591 -0.07392454147338867
v 0.024627478793263435 -0.08095432072877884 -0.07392292469739914
v 0.022691773250699043 -0.079807348549366 -0.0739215835928917
v 0.02564537152647972 -0.0799591988325119 -0.07392175495624542
v 0.024542486295104027 -0.07799804210662842 -0.07391944527626038
v 0.02702444978058338 -0.07960634678602219 -0.073921337723732
v 0.027049902826547623 -0.0773564875125885 -0.07391869276762009
v 0.028395194560289383 -0.07999030500650406 -0.07392178475856781
v 0.029542166739702225 -0.07805459946393967 -0.07391950488090515
v 0.02939031459391117 -0.08100820332765579 -0.07392298430204391
v 0.031351473182439804 -0.07990531623363495 -0.07392168045043945
v 0.029743164777755737 -0.082387275993824 -0.07392460852861404
v 0.029359204694628716 -0.08375801891088486 -0.07392621785402298
v 0.02834131196141243 -0.0847531408071518 -0.0739273950457573
v 0.02696223184466362 -0.08510599285364151 -0.07392781227827072
v 0.025591488927602768 -0.08472202718257904 -0.07392735779285431
v 0.02459637075662613 -0.0837041363120079 -0.0739261656999588
v 0.029743153601884842 -0.08239469677209854 -0.06762461364269257
v 0.02935919351875782 -0.0837654322385788 -0.0676262304186821
v 0.028341302648186684 -0.08476055413484573 -0.06762740015983582
v 0.026962220668792725 -0.08511340618133545 -0.06762781739234924
v 0.025591477751731873 -0.08472944796085358 -0.06762737035751343
v 0.024596359580755234 -0.08371154963970184 -0.06762617081403732
v 0.02424350567162037 -0.08233247697353363 -0.06762455403804779
v 0.015574511140584946 -0.09846389293670654 -0.07394355535507202
v 0.015574521385133266 -0.09845718741416931 -0.07964354753494263
v 0.01487639918923378 -0.10095615684986115 -0.07394649088382721
v 0.0148764094337821 -0.10094944387674332 -0.07964648306369781
v 0.013025687076151371 -0.10276546329259872 -0.07394862174987793
v 0.013025697320699692 -0.1027587503194809 -0.07964861392974854
v 0.010518268682062626 -0.10340701788663864 -0.07394938170909882
v 0.010518278926610947 -0.10340031236410141 -0.07964937388896942
v 0.008026006631553173 -0.10270889848470688 -0.07394856214523315
v 0.008026016876101494 -0.10270219296216965 -0.07964856177568436
v 0.006216699723154306 -0.1008581817150116 -0.07394638657569885
v 0.00621670950204134 -0.10085147619247437 -0.07964638620615005
v 0.005575150717049837 -0.09835077077150345 -0.07394343614578247
v 0.005575160495936871 -0.09834406524896622 -0.07964343577623367
v 0.008208967745304108 -0.09700549393892288 -0.07394184917211533
v 0.006273261737078428 -0.09585851430892944 -0.07394050061702728
v 0.009226859547197819 -0.09601037204265594 -0.07394067943096161
v 0.008123975247144699 -0.09404920041561127 -0.07393836975097656
v 0.010605939663946629 -0.09565751999616623 -0.07394026219844818
v 0.01063139270991087 -0.09340766072273254 -0.07393760979175568
v 0.011976683512330055 -0.0960414782166481 -0.073940709233284
v 0.013123655691742897 -0.09410576522350311 -0.07393842935562134
v 0.012971802614629269 -0.09705937653779984 -0.0739419013261795
v 0.014932961203157902 -0.0959564819931984 -0.07394060492515564
v 0.013324654661118984 -0.09843844175338745 -0.07394352555274963
v 0.012940693646669388 -0.0998091921210289 -0.07394514232873917
v 0.011922800913453102 -0.10080431401729584 -0.07394631206989288
v 0.010543721728026867 -0.10115716606378555 -0.07394672930240631
v 0.009172976948320866 -0.10077320039272308 -0.0739462822675705
v 0.008177858777344227 -0.09975530952215195 -0.07394508272409439
v 0.007825006730854511 -0.09837622195482254 -0.07394346594810486
v 0.013324643485248089 -0.09844585508108139 -0.06764353811740875
v 0.012940682470798492 -0.09981660544872284 -0.06764514744281769
v 0.011922790668904781 -0.10081172734498978 -0.067646324634552
v 0.010543710552155972 -0.10116457939147949 -0.06764674186706543
v 0.009172966703772545 -0.10078062117099762 -0.06764629483222961
v 0.008177847601473331 -0.09976272284984589 -0.06764509528875351
v 0.007824995554983616 -0.09838364273309708 -0.06764347106218338
v -0.007385025732219219 -0.09820415079593658 -0.07394328713417053
v -0.007385015953332186 -0.09819744527339935 -0.07964328676462173
v -0.00808313675224781 -0.10069640725851059 -0.07394622266292572
v -0.00808312650769949 -0.10068970173597336 -0.07964621484279633
v -0.009933850727975368 -0.10250572115182877 -0.07394835352897644
v -0.009933840483427048 -0.10249900817871094 -0.07964835315942764
v -0.012441268190741539 -0.10314727574586868 -0.07394911348819733
v -0.012441257946193218 -0.10314057022333145 -0.07964911311864853
v -0.014933530241250992 -0.10244915634393692 -0.07394829392433167
v -0.014933519996702671 -0.10244245082139969 -0.07964829355478287
v -0.01674283668398857 -0.10059843957424164 -0.07394612580537796
v -0.016742825508117676 -0.1005917340517044 -0.07964611798524857
v -0.01738438569009304 -0.09809102863073349 -0.07394317537546158
v -0.017384376376867294 -0.09808431565761566 -0.07964316755533218
v -0.014781677164137363 -0.09949556738138199 -0.0739448219537735
v -0.015134530141949654 -0.09811647981405258 -0.07394319772720337
v -0.014750568196177483 -0.09674574434757233 -0.07394158095121384
v -0.016686273738741875 -0.09559877216815948 -0.07394023984670639
v -0.013732676394283772 -0.09575062245130539 -0.07394041121006012
v -0.014835561625659466 -0.09378945827484131 -0.07393810153007507
v -0.012353596277534962 -0.09539777040481567 -0.07393999397754669
v -0.012328144162893295 -0.09314791858196259 -0.07393734157085419
v -0.010982852429151535 -0.09578173607587814 -0.07394044101238251
v -0.009835882112383842 -0.09384602308273315 -0.07393816113471985
v -0.009987734258174896 -0.09679962694644928 -0.07394164055585861
v -0.008026574738323689 -0.09569673985242844 -0.07394033670425415
v -0.009634881280362606 -0.09817869961261749 -0.07394326478242874
v -0.010018843226134777 -0.09954944998025894 -0.07394487410783768
v -0.011036735028028488 -0.10054456442594528 -0.07394605129957199
v -0.012415815144777298 -0.1008974239230156 -0.07394646853208542
v -0.013786558993160725 -0.10051345825195312 -0.073946014046669
v -0.009634892456233501 -0.09818611294031143 -0.06764326989650726
v -0.010018853470683098 -0.09955686330795288 -0.0676448866724968
v -0.011036746203899384 -0.10055198520421982 -0.06764605641365051
v -0.012415825389325619 -0.10090483725070953 -0.06764647364616394
v -0.01378657016903162 -0.10052087157964706 -0.06764602661132812
v -0.014781688340008259 -0.09950298070907593 -0.06764482706785202
v -0.015134540386497974 -0.09812389314174652 -0.06764321029186249
v -0.023436203598976135 -0.0817856565117836 -0.0739239901304245
v -0.02343619428575039 -0.08177894353866577 -0.0796239823102951
v -0.024134313687682152 -0.0842779129743576 -0.07392692565917969
v -0.024134304374456406 -0.08427120000123978 -0.07962691783905029
v -0.025985026732087135 -0.08608721196651459 -0.07392905652523041
v -0.02598501741886139 -0.08608050644397736 -0.07962905615568161
v -0.02849244512617588 -0.0867287740111351 -0.0739298164844513
v -0.028492433950304985 -0.08672206103801727 -0.0796298161149025
v -0.030984707176685333 -0.08603065460920334 -0.07392899692058563
v -0.030984697863459587 -0.08602394163608551 -0.07962899655103683
v -0.03279401361942291 -0.08417994529008865 -0.07392682135105133
v -0.03279400244355202 -0.08417323231697083 -0.07962682098150253
v -0.03343556448817253 -0.08167252689599991 -0.07392387092113495
v -0.033435553312301636 -0.08166582137346268 -0.07962387055158615
v -0.031185707077383995 -0.0816979855298996 -0.07392390072345734
v -0.030801746994256973 -0.08032724261283875 -0.0739222839474678
v -0.032737452536821365 -0.0791802704334259 -0.07392094284296036
v -0.029783854261040688 -0.07933212071657181 -0.07392111420631409
v -0.030886739492416382 -0.07737096399068832 -0.07391880452632904
v -0.028404774144291878 -0.07897926867008209 -0.07392069697380066
v -0.028379321098327637 -0.07672940939664841 -0.07391804456710815
v -0.027034029364585876 -0.07936322689056396 -0.07392114400863647
v -0.025887059047818184 -0.07742752134799957 -0.07391886413097382
v -0.026038911193609238 -0.0803811252117157 -0.07392234355211258
v -0.024077752605080605 -0.07927823811769485 -0.07392103970050812
v -0.025686059147119522 -0.08176019787788391 -0.07392396777868271
v -0.026070021092891693 -0.08313094079494476 -0.07392557710409164
v -0.02708791196346283 -0.0841260626912117 -0.07392675429582596
v -0.02846699208021164 -0.08447891473770142 -0.07392717152833939
v -0.02983773685991764 -0.08409495651721954 -0.07392671704292297
v -0.03083285503089428 -0.08307705819606781 -0.07392552495002747
v -0.025686068460345268 -0.08176761865615845 -0.06762397289276123
v -0.02607003226876259 -0.0831383541226387 -0.06762558966875076
v -0.027087923139333725 -0.08413347601890564 -0.06762675940990448
v -0.028467003256082535 -0.08448632806539536 -0.06762717664241791
v -0.029837748035788536 -0.08410236984491348 -0.06762672960758209
v -0.030832866206765175 -0.08308447152376175 -0.06762553006410599
v -0.03118571825325489 -0.08170539885759354 -0.06762391328811646
v -0.023176459595561028 -0.058826133608818054 -0.07389696687459946
v -0.02317645028233528 -0.058819424360990524 -0.07959695905447006
v -0.023874569684267044 -0.06131839007139206 -0.07389990240335464
v -0.023874560371041298 -0.06131168082356453 -0.07959989458322525
v -0.025725282728672028 -0.06312770396471024 -0.07390203326940536
v -0.02572527341544628 -0.06312099099159241 -0.07960202544927597
v -0.028232701122760773 -0.06376925110816956 -0.07390279322862625
v -0.028232689946889877 -0.06376253813505173 -0.07960278540849686
v -0.030724963173270226 -0.06307113915681839 -0.07390197366476059
v -0.03072495386004448 -0.06306442618370056 -0.07960197329521179
v -0.032534267753362656 -0.06122042238712311 -0.07389979809522629
v -0.03253426030278206 -0.06121371313929558 -0.07959979772567749
v -0.033175818622112274 -0.05871300771832466 -0.0738968476653099
v -0.03317581117153168 -0.05870629847049713 -0.07959684729576111
v -0.030925963073968887 -0.05873846262693405 -0.0738968774676323
v -0.030542002990841866 -0.0573677197098732 -0.07389526069164276
v -0.03247770667076111 -0.056220751255750656 -0.07389391213655472
v -0.02952411025762558 -0.05637260153889656 -0.07389409095048904
v -0.030626995489001274 -0.05441144108772278 -0.073891781270504
v -0.02814503014087677 -0.05601974576711655 -0.07389367371797562
v -0.02811957709491253 -0.05376989394426346 -0.07389102131128311
v -0.02677428536117077 -0.05640370771288872 -0.07389412075281143
v -0.025627315044403076 -0.054468005895614624 -0.07389184087514877
v -0.02577916719019413 -0.05742160230875015 -0.07389532029628754
v -0.023818008601665497 -0.05631871894001961 -0.07389401644468307
v -0.025426315143704414 -0.058800678700208664 -0.07389693707227707
v -0.025810277089476585 -0.060171421617269516 -0.0738985538482666
v -0.026828167960047722 -0.06116654351353645 -0.07389972358942032
v -0.02820724807679653 -0.06151939556002617 -0.07390014082193375
v -0.029577992856502533 -0.061135433614254 -0.07389969378709793
v -0.030573111027479172 -0.06011753901839256 -0.07389850169420242
v -0.02542632445693016 -0.0588080957531929 -0.06759694963693619
v -0.02581028826534748 -0.060178834944963455 -0.06759856641292572
v -0.026828179135918617 -0.06117395684123039 -0.06759973615407944
v -0.028207259252667427 -0.06152680888772011 -0.06760015338659286
v -0.02957800403237343 -0.06114284694194794 -0.06759970635175705
v -0.030573122203350067 -0.0601249523460865 -0.06759850680828094
v -0.030925972387194633 -0.05874587595462799 -0.06759688258171082
v -0.0067579480819404125 -0.04277497157454491 -0.07387804239988327
v -0.006757938303053379 -0.04276826232671738 -0.07957804203033447
v -0.007456059101969004 -0.04526722803711891 -0.07388097792863846
v -0.00745604932308197 -0.04526051878929138 -0.07958097755908966
v -0.009306772612035275 -0.04707653820514679 -0.07388310879468918
v -0.009306762367486954 -0.04706982895731926 -0.07958310842514038
v -0.011814190074801445 -0.04771808162331581 -0.07388386875391006
v -0.011814179830253124 -0.04771137237548828 -0.07958386838436127
v -0.014306453056633472 -0.04701997712254524 -0.073883056640625
v -0.014306442812085152 -0.04701326787471771 -0.0795830488204956
v -0.016115758568048477 -0.04516926035284996 -0.0738808810710907
v -0.01611574925482273 -0.04516255110502243 -0.0795808732509613
v -0.016757309436798096 -0.042661845684051514 -0.07387793064117432
v -0.0167572982609272 -0.042655136436223984 -0.07957792282104492
v -0.01450745202600956 -0.042687300592660904 -0.07387795299291611
v -0.014123491011559963 -0.041316550225019455 -0.07387634366750717
v -0.01605919562280178 -0.04016958177089691 -0.07387499511241913
v -0.013105599209666252 -0.040321435779333115 -0.07387516647577286
v -0.014208484441041946 -0.03836027905344963 -0.07387286424636841
v -0.011726519092917442 -0.0399685837328434 -0.07387474924325943
v -0.011701066046953201 -0.03771872818470001 -0.07387210428714752
v -0.010355774313211441 -0.04035254567861557 -0.07387519627809525
v -0.009208803996443748 -0.03841684013605118 -0.07387291640043259
v -0.009360656142234802 -0.04137043282389641 -0.07387639582157135
v -0.007399497088044882 -0.04026754945516586 -0.07387509196996689
v -0.009007804095745087 -0.042749516665935516 -0.07387802004814148
v -0.009391765110194683 -0.04412025585770607 -0.07387962937355042
v -0.010409656912088394 -0.04511537775397301 -0.07388080656528473
v -0.011788737028837204 -0.045468226075172424 -0.07388122379779816
v -0.013159481808543205 -0.04508427157998085 -0.07388077676296234
v -0.014154599979519844 -0.04406637325882912 -0.07387957721948624
v -0.009007815271615982 -0.042756933718919754 -0.06757802516222
v -0.009391776286065578 -0.04412767291069031 -0.06757964193820953
v -0.01040966808795929 -0.045122794806957245 -0.06758081167936325
v -0.0117887482047081 -0.045475639402866364 -0.06758122891187668
v -0.013159492053091526 -0.04509168490767479 -0.06758078187704086
v -0.01415461115539074 -0.044073790311813354 -0.06757958978414536
v -0.014507463201880455 -0.04269471392035484 -0.06757796555757523
v 0.01620158925652504 -0.043034713715314865 -0.07387831062078476
v 0.016201598569750786 -0.043028004467487335 -0.07957830280065536
v 0.0155034763738513 -0.04552697390317917 -0.07388124614953995
v 0.01550348661839962 -0.04552026465535164 -0.07958123832941055
v 0.01365276426076889 -0.04733628034591675 -0.07388337701559067
v 0.013652774505317211 -0.04732957109808922 -0.07958337664604187
v 0.01114534679800272 -0.04797782376408577 -0.07388413697481155
v 0.011145356111228466 -0.04797111451625824 -0.07958412915468216
v 0.008653084747493267 -0.0472797192633152 -0.07388331741094589
v 0.008653094992041588 -0.04727301001548767 -0.0795833170413971
v 0.006843777373433113 -0.04542900249361992 -0.07388114184141159
v 0.0068437871523201466 -0.04542229324579239 -0.07958114147186279
v 0.006202228367328644 -0.04292159155011177 -0.07387819141149521
v 0.006202238146215677 -0.04291488230228424 -0.07957819104194641
v 0.00980005506426096 -0.04534401372075081 -0.07388103753328323
v 0.00880493689328432 -0.044326119124889374 -0.07387984544038773
v 0.00845208391547203 -0.04294704273343086 -0.0738782212138176
v 0.008836045861244202 -0.04157629609107971 -0.07387660443782806
v 0.006900339387357235 -0.04042932391166687 -0.07387526333332062
v 0.009853937663137913 -0.04058118164539337 -0.07387543469667435
v 0.008751053363084793 -0.03862002119421959 -0.0738731250166893
v 0.011233017779886723 -0.040228329598903656 -0.07387501746416092
v 0.011258469894528389 -0.03797847405076027 -0.07387236505746841
v 0.01260376162827015 -0.04061229154467583 -0.07387546449899673
v 0.013750732876360416 -0.038676586002111435 -0.07387318462133408
v 0.013598879799246788 -0.041630178689956665 -0.07387666404247284
v 0.015560038387775421 -0.04052729159593582 -0.07387536019086838
v 0.013951732777059078 -0.04300926253199577 -0.07387828081846237
v 0.013567770831286907 -0.04438000172376633 -0.0738798975944519
v 0.012549879029393196 -0.045375123620033264 -0.07388107478618622
v 0.011170798912644386 -0.04572796821594238 -0.07388149201869965
v 0.013951721601188183 -0.04301667585968971 -0.06757829338312149
v 0.013567760586738586 -0.044387415051460266 -0.06757991015911102
v 0.0125498678535223 -0.0453825369477272 -0.06758107990026474
v 0.011170788668096066 -0.04573538526892662 -0.06758149713277817
v 0.009800043888390064 -0.045351430773735046 -0.06758105009794235
v 0.008804925717413425 -0.04433353617787361 -0.06757985055446625
v 0.00845207367092371 -0.0429544597864151 -0.06757822632789612
v -0.019458886235952377 0.02965184859931469 -0.06949281692504883
v -0.019458889961242676 0.02964949607849121 -0.06749282032251358
v -0.020461857318878174 0.029392872005701065 -0.06749312579631805
v -0.019458869472146034 0.02966362051665783 -0.07949280738830566
v -0.021481387317180634 0.02767224609851837 -0.06749515235424042
v -0.021481364965438843 0.02768637053668499 -0.0794951394200325
v -0.021202143281698227 0.028669152408838272 -0.0674939751625061
v -0.021202120929956436 0.02868327684700489 -0.07949396222829819
v -0.020461836829781532 0.029406996443867683 -0.07949311286211014
v 0.020538553595542908 0.029199354350566864 -0.06949327886104584
v 0.02053857035934925 0.029211124405264854 -0.07949326932430267
v 0.02153547666966915 0.02893187664449215 -0.07949359714984894
v 0.02053854987025261 0.029196999967098236 -0.06749328225851059
v 0.02153545431792736 0.02891775220632553 -0.06749361008405685
v 0.022259177640080452 0.028177468106150627 -0.0674944818019867
v 0.022259199991822243 0.028191592544317245 -0.07949446886777878
v 0.0225157979875803 0.02717450074851513 -0.06749565899372101
v 0.02251581847667694 0.027188625186681747 -0.07949564605951309
v 0.022236553952097893 0.026177601888775826 -0.06749683618545532
v 0.022236574441194534 0.026191726326942444 -0.0794968232512474
v 0.02149626798927784 0.025453872978687286 -0.06749768555164337
v 0.02149628847837448 0.025467997416853905 -0.07949767261743546
v 0.02049330063164234 0.025197258219122887 -0.06749799102544785
v 0.020493321120738983 0.025211382657289505 -0.07949797809123993
v 0.01949639618396759 0.025476498529314995 -0.06749766319990158
v 0.019496416673064232 0.025490622967481613 -0.07949765026569366
v 0.018772674724459648 0.026216788217425346 -0.06749679148197174
v 0.01877269521355629 0.026230912655591965 -0.07949677854776382
v 0.01851605251431465 0.027219749987125397 -0.06749561429023743
v 0.03202100843191147 0.02906709723174572 -0.06749341636896133
v 0.026771344244480133 0.02912648767232895 -0.06749335676431656
v 0.020629052072763443 0.03719883784651756 -0.06948386132717133
v 0.020629050210118294 0.037196483463048935 -0.06748386472463608
v 0.03448004275560379 0.03441696986556053 -0.06948711723089218
v 0.03348492085933685 0.03543486446142197 -0.06948591768741608
v 0.029717205092310905 0.034470852464437485 -0.0694870576262474
v 0.030735095962882042 0.03546597436070442 -0.06948588788509369
v 0.032114177942276 0.03581881895661354 -0.06948547065258026
v 0.053483642637729645 0.03520861640572548 -0.06948614865541458
v 0.052112895995378494 0.03559257090091705 -0.06948570162057877
v 0.054478760808706284 0.034190721809864044 -0.06948734819889069
v 0.04971592500805855 0.034244604408741 -0.06948728859424591
v 0.050733815878629684 0.035239726305007935 -0.0694861188530922
v -0.049509767442941666 0.036373794078826904 -0.06948495656251907
v -0.04851464927196503 0.03535589948296547 -0.06948615610599518
v -0.019368385896086693 0.03765133395791054 -0.06948339939117432
v -0.050880514085292816 0.03675774857401848 -0.06948450952768326
v -0.052259594202041626 0.03640490397810936 -0.06948492676019669
v -0.03327876701951027 0.035183534026145935 -0.06948632746934891
v -0.028515929356217384 0.03512965142726898 -0.06948638707399368
v -0.05327748507261276 0.03540978208184242 -0.0694860965013504
v -0.032260872423648834 0.03617865592241287 -0.06948515772819519
v -0.030881792306900024 0.03653150051832199 -0.06948474049568176
v -0.029511047527194023 0.03614754602313042 -0.06948518753051758
v -0.01936838962137699 0.03764897957444191 -0.06748340278863907
v -0.0256916843354702 0.029720008373260498 -0.06749274581670761
v -0.0408325232565403 0.029891297221183777 -0.06749257445335388
v -0.030941346660256386 0.029779396951198578 -0.06749268621206284
v 0.006516835652291775 0.02736491523683071 -0.07549546658992767
v 0.0065168216824531555 0.0273554977029562 -0.06749547272920609
v -0.017481641843914986 0.027626994997262955 -0.067495197057724
v -0.005482410546392202 0.027491247281432152 -0.06749533861875534
v -0.005482396576553583 0.027500662952661514 -0.07549532502889633
v 0.0005172263481654227 0.027437496930360794 -0.0794953927397728
v -0.01934574544429779 0.03966297209262848 -0.07948103547096252
v -0.019351400434970856 0.039163000881671906 -0.07948162406682968
v 0.02064603939652443 0.03871050477027893 -0.07948208600282669
v 0.020651694387197495 0.039210475981235504 -0.07948149740695953
v 0.007799792103469372 -0.05812754109501839 -0.07559608668088913
v 0.0077997781336307526 -0.0581369586288929 -0.06759610027074814
v 0.006168588530272245 -0.056314267218112946 -0.06759396195411682
v 0.006168602500110865 -0.05630485340952873 -0.07559394836425781
v 0.005597160663455725 -0.0539359487593174 -0.06759116053581238
v 0.005597174633294344 -0.053926531225442886 -0.07559114694595337
v -0.006402057595551014 -0.053790781646966934 -0.07559101283550262
v -0.006402071565389633 -0.053800199180841446 -0.06759101897478104
v -0.007027158513665199 -0.05616498365998268 -0.06759380549192429
v -0.00702714454382658 -0.05615556612610817 -0.07559379190206528
v -0.008699165657162666 -0.057950302958488464 -0.06759590655565262
v -0.008699151687324047 -0.05794088542461395 -0.0755959004163742
v -0.014908766373991966 -0.07503443956375122 -0.0756160318851471
v -0.012825612910091877 -0.07923980057239532 -0.07562097907066345
v -0.012346230447292328 -0.06124294176697731 -0.0755997896194458
v -0.014728759415447712 -0.0655473992228508 -0.0756048634648323
v -0.009544889442622662 -0.082595594227314 -0.07562492042779922
v -0.005387735087424517 -0.08477336168289185 -0.07562747597694397
v -0.0007610816974192858 -0.0855598971247673 -0.07562839239835739
v 0.0038821815978735685 -0.08487822860479355 -0.07562758028507233
v 0.008087540045380592 -0.08279507607221603 -0.07562512159347534
v 0.011443343944847584 -0.07951435446739197 -0.07562125474214554
v -0.015590435825288296 -0.07039118558168411 -0.07561056315898895
v 0.013655771501362324 -0.06586851924657822 -0.07560519129037857
v 0.011371233500540257 -0.061511263251304626 -0.07560006529092789
v 0.014407644048333168 -0.0707305520772934 -0.07561091333627701
v 0.013621103018522263 -0.07535719871520996 -0.07561635971069336
v 0.00562991201877594 -0.05104098096489906 -0.06758775562047958
v 0.0060712057165801525 -0.01203375868499279 -0.06754183769226074
v 0.006489954888820648 0.024980653077363968 -0.06749827414751053
v -0.00550927734002471 0.02511640079319477 -0.06749813258647919
v -0.005928026512265205 -0.011898009106516838 -0.06754170358181
v -0.006369320210069418 -0.05090523138642311 -0.06758761405944824
v -0.012346244417130947 -0.06125235930085182 -0.06759980320930481
v -0.014728773385286331 -0.06555681675672531 -0.06760487705469131
v -0.015590449795126915 -0.07040060311555862 -0.06761057674884796
v 0.05798666179180145 0.024398064240813255 -0.06749887019395828
v 0.05780990421772003 0.008774074725806713 -0.06751725822687149
v 0.05780992656946182 0.008788199163973331 -0.07951724529266357
v 0.058149296790361404 0.038786258548498154 -0.07948193699121475
v 0.05814364179968834 0.03828629106283188 -0.07948252558708191
v 0.05799092352390289 0.024787167087197304 -0.07949841022491455
v -0.023953642696142197 0.03971510007977486 -0.07948098331689835
v -0.031953129917383194 0.03980559855699539 -0.07948089390993118
v -0.03395300358533859 0.03982822597026825 -0.07948087155818939
v -0.04084436595439911 0.03990618884563446 -0.07948078960180283
v -0.0568433478474617 0.04008718580007553 -0.0794806033372879
v -0.03574492037296295 -0.05749940127134323 -0.07959543168544769
v -0.035744938999414444 -0.057513527572155 -0.06759544461965561
v -0.03746199980378151 -0.06371454149484634 -0.07960274815559387
v -0.0374620221555233 -0.06372866779565811 -0.06760276108980179
v -0.03808899223804474 -0.07013194262981415 -0.07961030304431915
v -0.03808901086449623 -0.07014606893062592 -0.06761031597852707
v -0.04124118387699127 -0.0062313624657690525 -0.06753509491682053
v -0.05718274042010307 0.010075000114738941 -0.06751592457294464
v -0.05718271806836128 0.01008912455290556 -0.07951591163873672
v -0.03628142923116684 -0.011290476657450199 -0.07954104244709015
v -0.04136473685503006 -0.006090833805501461 -0.07953493297100067
v -0.05700598284602165 0.025698989629745483 -0.06749753654003143
v -0.05700172111392021 0.026088092476129532 -0.0794970840215683
v -0.056849002838134766 0.039587218314409256 -0.07948119193315506
v 0.035258952528238297 0.039045222103595734 -0.07948166877031326
v 0.04215031862258911 0.03896725922822952 -0.07948175072669983
v 0.02765124849975109 0.0391312874853611 -0.0794815793633461
v 0.02525959350168705 0.03915834426879883 -0.07948155701160431
v -0.03140958771109581 -0.011609734036028385 -0.06754140555858612
v -0.03185088187456131 -0.05061695724725723 -0.06758731603622437
v -0.026601217687129974 -0.05067634582519531 -0.06758738309144974
v -0.0320090651512146 -0.06459924578666687 -0.06760377436876297
v 0.024184128269553185 -0.09872026741504669 -0.06764384359121323
v 0.025418398901820183 -0.09046421945095062 -0.06763412058353424
v 0.01878407597541809 -0.09038916230201721 -0.06763404607772827
v 0.031971514225006104 0.02469237707555294 -0.06749856472015381
v 0.014407630078494549 -0.07073996961116791 -0.06761092692613602
v 0.013621089048683643 -0.07536661624908447 -0.06761637330055237
v 0.01894225925207138 -0.07640687376260757 -0.06761758774518967
v -0.01776088774204254 0.0266300980001688 -0.06749637424945831
v -0.018501171842217445 0.02590636909008026 -0.06749722361564636
v -0.019504139199852943 0.025649752467870712 -0.06749752908945084
v -0.025741174817085266 0.02534528821706772 -0.06749789416790009
v -0.020501043647527695 0.02592899277806282 -0.06749720126390457
v -0.021224766969680786 0.02666928432881832 -0.06749632954597473
v -0.026159923523664474 -0.01166912354528904 -0.0675414651632309
v -0.014123501256108284 -0.04132396727800369 -0.0675763487815857
v -0.013105609454214573 -0.04032885283231735 -0.06757517904043198
v -0.011726530268788338 -0.03997600078582764 -0.06757476180791855
v -0.010355785489082336 -0.04035996273159981 -0.06757520884275436
v -0.009360667318105698 -0.041377849876880646 -0.06757640838623047
v -0.026774296537041664 -0.056411124765872955 -0.06759413331747055
v -0.025779178366065025 -0.05742901936173439 -0.06759532541036606
v -0.026759400963783264 -0.06465864181518555 -0.06760383397340775
v -0.014908780343830585 -0.07504385709762573 -0.0676160380244255
v 0.0038821676280349493 -0.08488764613866806 -0.06762759387493134
v -0.0007610956090502441 -0.08556931465864182 -0.0676284059882164
v -0.0008131149807013571 -0.09016745537519455 -0.06763381510972977
v -0.005387749057263136 -0.08478277921676636 -0.06762748956680298
v -0.026038922369480133 -0.08038853853940964 -0.0676223486661911
v -0.012825626879930496 -0.07924921810626984 -0.06762098520994186
v 0.008087526075541973 -0.08280449360609055 -0.06762513518333435
v 0.011443329975008965 -0.07952377200126648 -0.06762126833200455
v 0.019227486103773117 -0.05119481310248375 -0.06758791208267212
v 0.013655757531523705 -0.06587792932987213 -0.06760520488023758
v 0.019069302827119827 -0.06517710536718369 -0.06760437041521072
v 0.011371219530701637 -0.06152067705988884 -0.0676000788807869
v 0.013598869554698467 -0.041637592017650604 -0.06757666915655136
v 0.012603750452399254 -0.040619704872369766 -0.06757547706365585
v 0.019668780267238617 -0.012187588959932327 -0.06754199415445328
v 0.011233006604015827 -0.040235742926597595 -0.06757502257823944
v 0.009853926487267017 -0.04058859497308731 -0.06757543981075287
v 0.008836034685373306 -0.04158370941877365 -0.06757661700248718
v 0.020087528973817825 0.02482682093977928 -0.06749843060970306
v 0.026721851900219917 0.02475176751613617 -0.06749850511550903
v 0.05405900254845619 0.019765764474868774 -0.06750432401895523
v 0.05487319082021713 0.018932942301034927 -0.06750530749559402
v 0.031552765518426895 -0.012322033755481243 -0.06754213571548462
v 0.05097632855176926 0.018977029249072075 -0.06750526279211044
v 0.051809150725603104 0.019791215658187866 -0.06750430166721344
v 0.05293748527765274 0.02007991448044777 -0.06750395894050598
v 0.02630310319364071 -0.012262644246220589 -0.06754207611083984
v 0.02586180903017521 -0.05126986652612686 -0.06758798658847809
v 0.031111473217606544 -0.05132925882935524 -0.06758804619312286
v 0.03484851121902466 -0.05831215903162956 -0.06759626418352127
v 0.03599857911467552 -0.07878141850233078 -0.06762035191059113
v 0.030826246365904808 -0.07654131948947906 -0.06761772185564041
v 0.03349180892109871 -0.08620946109294891 -0.06762909889221191
v 0.030668063089251518 -0.0905236080288887 -0.06763418018817902
v 0.029495438560843468 -0.09295400232076645 -0.06763704121112823
v 0.008208956569433212 -0.09701290726661682 -0.06764186173677444
v 0.009226849302649498 -0.09601778537034988 -0.06764068454504013
v 0.010605928488075733 -0.09566493332386017 -0.0676402673125267
v 0.011976673267781734 -0.09604889154434204 -0.06764071434736252
v 0.012971791438758373 -0.09706678986549377 -0.06764191389083862
v 0.017790010198950768 -0.1032562404870987 -0.06764919310808182
v 0.010592534206807613 -0.1063636839389801 -0.0676528587937355
v 0.0029062661342322826 -0.1079067811369896 -0.06765469163656235
v -0.0010156244970858097 -0.10806785523891449 -0.06765488535165787
v -0.014750579372048378 -0.09675316512584686 -0.06764159351587296
v -0.013732687570154667 -0.09575804322957993 -0.06764042377471924
v -0.02704462967813015 -0.08987069875001907 -0.06763351708650589
v -0.012353607453405857 -0.09540519118309021 -0.06763999909162521
v -0.01098286360502243 -0.09578914940357208 -0.06764045357704163
v -0.025997454300522804 -0.09815255552530289 -0.06764326244592667
v -0.019707592204213142 -0.10283202677965164 -0.0676487535238266
v -0.03117695264518261 -0.09226761013269424 -0.06763634085655212
v -0.032294292002916336 -0.089811310172081 -0.06763345003128052
v -0.03501971811056137 -0.08543437719345093 -0.06762830913066864
v -0.009544902481138706 -0.08260501176118851 -0.06762493401765823
v -0.009987744502723217 -0.09680704772472382 -0.06764164566993713
v -0.0049328673630952835 -0.10781809687614441 -0.06765460222959518
v -0.012582258321344852 -0.10610150545835495 -0.06765259057283401
v -0.054016951471567154 0.02016483061015606 -0.06750404089689255
v -0.05318412929773331 0.02097901701927185 -0.06750308722257614
v -0.05205579102039337 0.021267715841531754 -0.06750274449586868
v -0.040882013738155365 0.025516577064990997 -0.06749772280454636
v -0.05093427747488022 0.02095356583595276 -0.06750310957431793
v -0.05012008920311928 0.020120743662118912 -0.06750409305095673
v 0.02818124368786812 -0.06873059272766113 -0.0676085352897644
v 0.02943495102226734 -0.06840982288122177 -0.06760815531015396
v 0.030953289940953255 -0.06531155109405518 -0.06760450452566147
v 0.030681082978844643 -0.06875887513160706 -0.06760856509208679
v 0.03642454743385315 -0.06456455588340759 -0.06760361790657043
v 0.03158573433756828 -0.0696842297911644 -0.06760965287685394
v 0.03690619394183159 -0.07099450379610062 -0.06761118769645691
v 0.025576582178473473 -0.07648193091154099 -0.06761766225099564
v 0.027255887165665627 -0.06963524967432022 -0.06760960072278976
v 0.02570362575352192 -0.0652521625161171 -0.0676044449210167
v -0.030561208724975586 -0.06773107498884201 -0.06760746240615845
v -0.029315078631043434 -0.0680801272392273 -0.06760787218809128
v -0.028410425409674644 -0.06900548934936523 -0.06760895997285843
v -0.02688644640147686 -0.07588841021060944 -0.06761705875396729
v -0.032136108726263046 -0.07582902163267136 -0.06761699169874191
v -0.03735779598355293 -0.07795152813196182 -0.06761950254440308
v -0.0327402725815773 -0.06895650178194046 -0.06760890781879425
v -0.03181491792201996 -0.06805185228586197 -0.06760784238576889
v -0.027034040540456772 -0.0793706476688385 -0.0676211565732956
v 0.027284182608127594 -0.05665424093604088 -0.06759431958198547
v 0.028654929250478745 -0.05703820288181305 -0.06759477406740189
v 0.029650047421455383 -0.058056097477674484 -0.0675959661602974
v 0.024887211620807648 -0.05800221487879753 -0.06759591400623322
v 0.025905104354023933 -0.057007092982530594 -0.0675947368144989
v 0.029390303418040276 -0.08101561665534973 -0.06762298941612244
v 0.028395183384418488 -0.079997718334198 -0.06762179732322693
v 0.027024438604712486 -0.07961376011371613 -0.06762135028839111
v 0.02462746761739254 -0.08096173405647278 -0.06762293726205826
v 0.025645360350608826 -0.07996661216020584 -0.06762176752090454
v -0.03054201230406761 -0.05737513676285744 -0.06759527325630188
v -0.029524121433496475 -0.0563800148665905 -0.06759409606456757
v -0.028145039454102516 -0.056027162820100784 -0.06759367883205414
v -0.03080175630748272 -0.08033465594053268 -0.06762229651212692
v -0.029783865436911583 -0.07933953404426575 -0.06762111932039261
v -0.028404783457517624 -0.07898668199777603 -0.06762070208787918
v -0.0309908390045166 0.0254046767950058 -0.06749783456325531
v 0.019227508455514908 -0.05118068680167198 -0.0795878991484642
v -0.025248803198337555 -0.07476773858070374 -0.07961573451757431
v -0.03524816408753395 -0.07465461641550064 -0.07961562275886536
v -0.035146571695804596 -0.06567469984292984 -0.07960505038499832
v -0.0331466980278492 -0.0656973272562027 -0.07960507273674011
v -0.0251472108066082 -0.06578782200813293 -0.07960516959428787
v 0.02480223961174488 -0.05503180995583534 -0.07959242165088654
v 0.024236934259533882 -0.05123735964298248 -0.07958795130252838
v 0.026628589257597923 -0.05126441642642021 -0.07958798110485077
v 0.03468041867017746 -0.012093276716768742 -0.07954186201095581
v 0.03642456606030464 -0.06455042958259583 -0.07960360497236252
v 0.03406538441777229 -0.06645770370960236 -0.07960585504770279
v 0.03484853357076645 -0.05829803645610809 -0.07959624379873276
v -0.031176932156085968 -0.09225348383188248 -0.07963632792234421
v -0.02541971206665039 -0.08987495303153992 -0.07963351905345917
v -0.025997433811426163 -0.09813842922449112 -0.07964324951171875
v -0.03453154116868973 -0.0113102737814188 -0.07954105734825134
v -0.03253166750073433 -0.011332898400723934 -0.07954108715057373
v -0.04100274294614792 0.025907093659043312 -0.07949726283550262
v -0.04859472066164017 0.020992664620280266 -0.07950306683778763
v -0.05004216730594635 0.02247323840856552 -0.07950132340192795
v -0.05203597620129585 0.023031726479530334 -0.07950066775083542
v -0.05404191091656685 0.02251848764717579 -0.07950127869844437
v -0.055522479116916656 0.021071039140224457 -0.07950298488140106
v -0.034111376851797104 0.0258291307836771 -0.07949734479188919
v -0.024532180279493332 -0.011423397809267044 -0.0795411765575409
v -0.024976301938295364 -0.050680603832006454 -0.07958738505840302
v -0.028119565919041634 -0.05376318469643593 -0.07959102094173431
v -0.030626986175775528 -0.05440473183989525 -0.0795917809009552
v -0.03247769549489021 -0.056214042007923126 -0.07959391176700592
v -0.03735777363181114 -0.07793740183115005 -0.07961948961019516
v -0.01668626442551613 -0.09559205919504166 -0.079640232026577
v -0.01970756985247135 -0.10281790047883987 -0.07964874058961868
v -0.008026564493775368 -0.09569002687931061 -0.07964033633470535
v -0.009835871867835522 -0.09383931010961533 -0.07963816076517105
v -0.0008130941423587501 -0.09015333652496338 -0.07963380217552185
v -0.012328133918344975 -0.09314120560884476 -0.07963734120130539
v -0.01483555231243372 -0.09378275275230408 -0.07963810116052628
v -0.012582236900925636 -0.10608738660812378 -0.0796525776386261
v -0.004932846408337355 -0.10780397057533264 -0.07965458929538727
v -0.0010156036587432027 -0.10805372893810272 -0.07965487241744995
v 0.014932971447706223 -0.09594976902008057 -0.07964059710502625
v 0.018784096464514732 -0.09037503600120544 -0.07963403314352036
v 0.00812398549169302 -0.09404249489307404 -0.07963836938142776
v 0.01063140295445919 -0.09340095520019531 -0.07963760942220688
v 0.013123665004968643 -0.09409905970096588 -0.07963842153549194
v 0.01870056800544262 -0.10271310806274414 -0.07964855432510376
v 0.01779003068804741 -0.10324211418628693 -0.0796491801738739
v 0.010592554695904255 -0.10634956508874893 -0.07965284585952759
v 0.002906286856159568 -0.10789265483617783 -0.07965467870235443
v 0.006273271515965462 -0.09585180133581161 -0.07964050024747849
v 0.026185179129242897 -0.09045876562595367 -0.07963411509990692
v 0.024184148758649826 -0.09870614111423492 -0.07964383065700531
v 0.023793524131178856 -0.09043171256780624 -0.07963408529758453
v 0.0334918312728405 -0.08619533479213715 -0.079629085958004
v 0.02949545904994011 -0.09293987601995468 -0.07963702827692032
v 0.03396379575133324 -0.07543762028217316 -0.07961641997098923
v 0.035998597741127014 -0.07876729220151901 -0.07962033897638321
v 0.03690621256828308 -0.07098037749528885 -0.0796111673116684
v 0.027072710916399956 -0.012007209472358227 -0.07954177260398865
v 0.05639855936169624 0.01980486325919628 -0.07950428128242493
v 0.0419919453561306 0.024968165904283524 -0.07949822396039963
v 0.049470800906419754 0.019883237779140472 -0.07950419932603836
v 0.05495111271739006 0.021285437047481537 -0.07950253784656525
v 0.05295730382204056 0.02184392511844635 -0.07950188219547272
v 0.05095137283205986 0.021330686286091805 -0.07950249314308167
v 0.025253936648368835 0.03865837678313255 -0.07948214560747147
v 0.02510122023522854 0.025159252807497978 -0.07949803024530411
v 0.0004946015542373061 0.025437630712985992 -0.07949774712324142
v 0.020091792568564415 0.02521592378616333 -0.07949797064065933
v -0.0177608672529459 0.02664422243833542 -0.0794963613152504
v -0.018501151353120804 0.02592049352824688 -0.07949721068143845
v -0.019504118710756302 0.02566387876868248 -0.07949751615524292
v -0.02395929954946041 0.03921513259410858 -0.0794815719127655
v -0.024112015962600708 0.025716006755828857 -0.07949746400117874
v -0.020501023158431053 0.02594311721622944 -0.07949718832969666
v -0.021224746480584145 0.02668340876698494 -0.07949631661176682
v 0.019056597724556923 -0.06628790497779846 -0.07960567623376846
v 0.024066025391221046 -0.06634458154439926 -0.07960573583841324
v 0.022951526567339897 -0.05684112012386322 -0.07959455251693726
v 0.03161122649908066 -0.05693908780813217 -0.07959464937448502
v 0.02980192005634308 -0.05508837103843689 -0.07959248125553131
v 0.027309656143188477 -0.054390259087085724 -0.07959166169166565
v 0.026457680389285088 -0.06637163460254669 -0.07960576564073563
v 0.0313514806330204 -0.07989861071109772 -0.07962168008089066
v 0.02954217605292797 -0.07804789394140244 -0.07961950451135635
v 0.026356087997555733 -0.07535155117511749 -0.07961633801460266
v 0.02704991213977337 -0.07734978199005127 -0.07961868494749069
v 0.024542495608329773 -0.07799132913351059 -0.07961944490671158
v -0.030886730179190636 -0.0773642510175705 -0.07961880415678024
v -0.03273744136095047 -0.07917356491088867 -0.07962093502283096
v -0.03324829041957855 -0.0746772438287735 -0.07961564511060715
v -0.03501969575881958 -0.08542025834321976 -0.07962828874588013
v -0.02837930992245674 -0.07672270387411118 -0.07961804419755936
v -0.025887049734592438 -0.07742081582546234 -0.07961886376142502
v -0.02407774142920971 -0.07927153259515762 -0.07962103933095932
v -0.0006421842845156789 -0.0750461220741272 -0.07961602509021759
v -0.000540593289770186 -0.0660662055015564 -0.07960545271635056
v -0.00036968334461562335 -0.05095898360013962 -0.0795876681804657
v -0.0238179974257946 -0.05631200969219208 -0.07959400862455368
v -0.02562730573117733 -0.054461296647787094 -0.07959183305501938
v -0.04085002467036247 0.03940621763467789 -0.07948137819766998
v -0.03395865857601166 0.039328254759311676 -0.07948145270347595
v -0.033363740891218185 0.038151584565639496 -0.07948283851146698
v -0.03195878863334656 0.03930563107132912 -0.07948148250579834
v -0.03085632249712944 0.03879312425851822 -0.0794820785522461
v -0.028364058583974838 0.03809501975774765 -0.07948289811611176
v -0.032111503183841705 0.025806507095694542 -0.07949736714363098
v -0.02655475214123726 0.03624430671334267 -0.07948507368564606
v -0.03521445021033287 0.03634227439761162 -0.0794849768280983
v 0.027645591646432877 0.038631319999694824 -0.07948216795921326
v 0.03525329753756523 0.03854525461792946 -0.07948225736618042
v 0.032139647752046585 0.03808044642210007 -0.07948280870914459
v 0.035100579261779785 0.025046128779649734 -0.07949814945459366
v 0.042144663631916046 0.03846729174256325 -0.07948233932256699
v 0.03644121438264847 0.035531625151634216 -0.07948580384254456
v 0.03463191166520119 0.0373823419213295 -0.07948362827301025
v 0.02963222935795784 0.037438903003931046 -0.07948356866836548
v 0.027781514450907707 0.03562959283590317 -0.0794856995344162
v 0.02749287523329258 0.02513219602406025 -0.0794980600476265
v -0.04655347019433975 0.036470554769039154 -0.07948484271764755
v -0.04836277663707733 0.03832126781344414 -0.07948266714811325
v -0.050855040550231934 0.039019372314214706 -0.07948184758424759
v -0.05336246266961098 0.03837783262133598 -0.07948260754346848
v -0.05521317571401596 0.036568522453308105 -0.0794847384095192
v -0.028410404920578003 -0.06899136304855347 -0.07960893958806992
v -0.029315058141946793 -0.06806600838899612 -0.07960785925388336
v -0.030561188235878944 -0.06771695613861084 -0.07960744947195053
v -0.03181489557027817 -0.0680377259850502 -0.07960782945156097
v -0.03274025022983551 -0.06894238293170929 -0.07960889488458633
v -0.007399487309157848 -0.04026084020733833 -0.07957509160041809
v 7.44386125006713e-05 -0.011701774783432484 -0.07954145967960358
v -0.016059186309576035 -0.04016287252306938 -0.07957498729228973
v -0.009208794683218002 -0.03841013088822365 -0.07957291603088379
v -0.01170105580240488 -0.03771201893687248 -0.07957209646701813
v -0.014208474196493626 -0.0383535698056221 -0.07957285642623901
v 0.018955007195472717 -0.07526782155036926 -0.0796162486076355
v 0.015560048632323742 -0.04052058234810829 -0.07957535237073898
v 0.013750743120908737 -0.038669876754283905 -0.07957317680120468
v 0.01967163011431694 -0.011923480778932571 -0.07954169064760208
v 0.01125848013907671 -0.03797176480293274 -0.07957236468791962
v 0.00875106267631054 -0.03861331194639206 -0.0795731246471405
v 0.006900349166244268 -0.04042261466383934 -0.07957525551319122
v 0.02396443486213684 -0.07532449811697006 -0.07961630821228027
v 0.024681057780981064 -0.011980152688920498 -0.07954175025224686
v 0.02818126417696476 -0.06871646642684937 -0.07960852235555649
v 0.027255907654762268 -0.06962112337350845 -0.07960958778858185
v 0.031585756689310074 -0.06967010349035263 -0.07960963994264603
v 0.030681103467941284 -0.06874474883079529 -0.07960855215787888
v 0.029434971511363983 -0.06839569658041 -0.07960814237594604
v 0.02269178256392479 -0.07980064302682877 -0.0796215757727623
v 0.05643993616104126 0.03530537709593773 -0.07948603481054306
v 0.04778023436665535 0.03540334478020668 -0.0794859379529953
v 0.05463062971830368 0.03715609386563301 -0.07948385924100876
v 0.05213836580514908 0.03785419836640358 -0.0794830396771431
v 0.04963094741106033 0.03721265494823456 -0.07948379963636398
v -0.0007610956090502441 -0.08556931465864182 -0.0676284059882164
f 1 2 3
f 3 2 4
f 3 4 5
f 5 4 6
f 5 6 7
f 7 6 8
f 7 8 9
f 9 8 10
f 9 10 11
f 11 10 12
f 11 12 13
f 13 12 14
f 15 1 16
f 16 1 3
f 16 3 17
f 17 3 5
f 17 5 18
f 18 5 7
f 18 7 19
f 19 7 9
f 19 9 20
f 20 9 11
f 20 11 21
f 21 11 13
f 22 23 24
f 24 23 25
f 24 25 26
f 26 25 27
f 26 27 28
f 28 27 29
f 28 29 30
f 30 29 31
f 30 31 32
f 32 31 33
f 32 33 34
f 34 33 35
f 36 22 37
f 37 22 24
f 37 24 38
f 38 24 26
f 38 26 39
f 39 26 28
f 39 28 40
f 40 28 30
f 40 30 41
f 41 30 32
f 41 32 42
f 42 32 34
f 43 44 45
f 45 44 46
f 45 46 47
f 47 46 48
f 47 48 49
f 49 48 50
f 49 50 51
f 51 50 52
f 51 52 53
f 53 52 54
f 53 54 55
f 55 54 56
f 57 43 58
f 58 43 45
f 58 45 59
f 59 45 47
f 59 47 60
f 60 47 49
f 60 49 61
f 61 49 51
f 61 51 62
f 62 51 53
f 62 53 63
f 63 53 55
f 64 65 66
f 66 65 67
f 66 67 68
f 68 67 69
f 68 69 70
f 70 69 71
f 70 71 72
f 72 71 73
f 72 73 74
f 74 73 75
f 74 75 76
f 76 75 77
f 78 64 79
f 79 64 66
f 79 66 80
f 80 66 68
f 80 68 81
f 81 68 70
f 81 70 82
f 82 70 72
f 82 72 83
f 83 72 74
f 83 74 84
f 84 74 76
f 85 86 87
f 87 86 88
f 87 88 89
f 89 88 90
f 89 90 91
f 91 90 92
f 91 92 93
f 93 92 94
f 93 94 95
f 95 94 96
f 95 96 97
f 97 96 98
f 99 85 100
f 100 85 87
f 100 87 101
f 101 87 89
f 101 89 102
f 102 89 91
f 102 91 103
f 103 91 93
f 103 93 104
f 104 93 95
f 104 95 105
f 105 95 97
f 106 107 108
f 108 107 109
f 108 109 110
f 110 109 111
f 110 111 112
f 112 111 113
f 112 113 114
f 114 113 115
f 114 115 116
f 116 115 117
f 116 117 118
f 118 117 119
f 120 106 121
f 121 106 108
f 121 108 122
f 122 108 110
f 122 110 123
f 123 110 112
f 123 112 124
f 124 112 114
f 124 114 125
f 125 114 116
f 125 116 126
f 126 116 118
f 127 128 129
f 127 129 130
f 130 129 131
f 130 131 132
f 132 131 133
f 132 133 134
f 135 136 137
f 137 136 138
f 137 138 139
f 139 138 140
f 139 140 141
f 141 140 142
f 141 142 143
f 144 145 146
f 144 146 147
f 147 146 148
f 147 148 149
f 149 148 150
f 150 148 151
f 150 151 152
f 153 154 155
f 153 155 156
f 156 155 157
f 156 157 158
f 158 157 159
f 158 159 160
f 148 146 161
f 161 146 145
f 161 145 162
f 124 125 163
f 125 126 164
f 164 126 165
f 165 166 164
f 164 166 167
f 164 167 138
f 167 168 138
f 138 168 169
f 138 169 140
f 140 169 120
f 140 120 142
f 142 120 121
f 142 121 170
f 170 121 122
f 170 122 123
f 171 170 163
f 163 170 123
f 163 123 124
f 171 172 170
f 170 172 173
f 170 173 128
f 173 174 128
f 128 174 78
f 128 78 129
f 129 78 79
f 129 79 131
f 131 79 133
f 79 80 133
f 133 80 81
f 133 81 175
f 81 82 175
f 175 82 83
f 175 83 176
f 176 83 84
f 176 84 163
f 163 84 177
f 163 177 171
f 154 178 38
f 38 39 154
f 154 39 40
f 154 40 155
f 159 157 155
f 145 179 162
f 162 179 159
f 162 159 180
f 180 159 155
f 180 155 41
f 41 155 40
f 41 42 180
f 180 42 181
f 180 181 162
f 162 181 182
f 162 182 183
f 183 184 185
f 185 184 186
f 185 186 187
f 187 186 36
f 187 36 178
f 178 36 37
f 178 37 38
f 185 188 189
f 185 189 163
f 189 190 163
f 163 190 191
f 163 191 176
f 176 191 57
f 176 57 175
f 175 57 58
f 178 62 187
f 187 62 63
f 187 63 185
f 185 63 192
f 185 192 188
f 58 59 175
f 175 59 60
f 175 60 178
f 178 60 61
f 178 61 62
f 193 99 164
f 185 104 194
f 194 104 105
f 194 105 195
f 125 164 163
f 163 164 99
f 163 99 100
f 100 101 163
f 163 101 102
f 163 102 185
f 185 102 103
f 185 103 104
f 195 196 194
f 194 196 197
f 194 197 164
f 164 197 198
f 164 198 193
f 138 136 164
f 164 136 199
f 164 199 194
f 194 199 200
f 194 200 161
f 161 200 151
f 161 151 148
f 183 185 162
f 162 185 17
f 162 17 18
f 18 19 162
f 162 19 20
f 162 20 161
f 161 20 21
f 161 21 201
f 202 194 203
f 203 194 161
f 203 161 204
f 204 161 201
f 202 205 194
f 194 205 15
f 194 15 185
f 185 15 16
f 185 16 17
f 160 206 207
f 208 73 71
f 208 71 134
f 134 71 69
f 134 69 132
f 132 69 67
f 132 67 130
f 130 67 65
f 130 65 127
f 127 65 209
f 127 209 210
f 210 209 211
f 210 211 212
f 212 213 214
f 214 213 215
f 214 215 216
f 216 215 77
f 216 77 208
f 208 77 75
f 208 75 73
f 113 111 210
f 210 111 143
f 212 214 210
f 210 214 115
f 210 115 113
f 137 139 217
f 217 139 141
f 217 141 107
f 107 141 143
f 107 143 109
f 109 143 111
f 218 219 220
f 220 219 137
f 220 137 221
f 221 137 217
f 218 222 219
f 219 222 119
f 219 119 214
f 214 119 117
f 214 117 115
f 223 150 152
f 4 2 223
f 223 2 224
f 6 225 8
f 8 225 207
f 8 207 10
f 10 207 12
f 224 226 223
f 223 226 227
f 223 227 150
f 150 227 228
f 150 228 149
f 149 228 229
f 149 229 147
f 147 229 14
f 14 12 147
f 147 12 207
f 147 207 144
f 144 207 206
f 207 230 160
f 160 230 156
f 160 156 158
f 153 31 29
f 153 29 231
f 29 27 231
f 231 27 25
f 231 25 232
f 232 25 23
f 232 23 225
f 31 153 33
f 33 153 156
f 33 156 35
f 35 156 230
f 35 230 233
f 233 230 207
f 233 207 234
f 23 235 225
f 225 235 236
f 225 236 207
f 207 236 237
f 207 237 234
f 214 238 225
f 225 238 239
f 239 240 225
f 225 240 241
f 225 241 232
f 232 241 56
f 232 56 231
f 231 56 54
f 54 52 231
f 231 52 50
f 231 50 208
f 50 48 208
f 208 48 46
f 208 46 216
f 216 46 44
f 216 44 214
f 214 44 242
f 214 242 238
f 243 244 219
f 219 244 245
f 219 245 223
f 223 245 246
f 223 246 247
f 247 98 223
f 223 98 225
f 223 225 4
f 4 225 6
f 98 96 225
f 225 96 94
f 225 94 214
f 214 94 92
f 92 90 214
f 214 90 88
f 214 88 219
f 219 88 86
f 219 86 243
f 152 248 223
f 223 248 249
f 223 249 219
f 219 249 135
f 219 135 137
f 143 142 210
f 210 142 170
f 210 170 127
f 127 170 128
f 152 151 248
f 248 151 200
f 248 200 249
f 249 200 199
f 249 199 135
f 135 199 136
f 160 159 206
f 206 159 179
f 206 179 144
f 144 179 145
f 154 153 178
f 178 153 231
f 178 231 175
f 175 231 208
f 175 208 133
f 133 208 134
f 126 118 165
f 165 118 250
f 165 250 166
f 166 250 251
f 166 251 167
f 167 251 252
f 167 252 168
f 168 252 253
f 168 253 169
f 169 253 254
f 169 254 120
f 120 254 106
f 118 119 250
f 250 119 222
f 250 222 251
f 251 222 218
f 251 218 252
f 252 218 220
f 252 220 253
f 253 220 221
f 253 221 254
f 254 221 217
f 254 217 106
f 106 217 107
f 105 97 195
f 195 97 255
f 195 255 196
f 196 255 256
f 196 256 197
f 197 256 257
f 197 257 198
f 198 257 258
f 198 258 193
f 193 258 259
f 193 259 99
f 99 259 85
f 97 98 255
f 255 98 247
f 255 247 256
f 256 247 246
f 256 246 257
f 257 246 245
f 257 245 258
f 258 245 244
f 258 244 259
f 259 244 243
f 259 243 85
f 85 243 86
f 84 76 177
f 177 76 260
f 177 260 171
f 171 260 261
f 171 261 172
f 172 261 262
f 172 262 173
f 173 262 263
f 173 263 174
f 174 263 264
f 174 264 78
f 78 264 64
f 76 77 260
f 260 77 215
f 260 215 261
f 261 215 213
f 261 213 262
f 262 213 212
f 262 212 263
f 263 212 211
f 263 211 264
f 264 211 209
f 264 209 64
f 64 209 65
f 63 55 192
f 192 55 265
f 192 265 188
f 188 265 266
f 188 266 189
f 189 266 267
f 189 267 190
f 190 267 268
f 190 268 191
f 191 268 269
f 191 269 57
f 57 269 43
f 55 56 265
f 265 56 241
f 265 241 266
f 266 241 240
f 266 240 267
f 267 240 239
f 267 239 268
f 268 239 238
f 268 238 269
f 269 238 242
f 269 242 43
f 43 242 44
f 42 34 181
f 181 34 270
f 181 270 182
f 182 270 271
f 182 271 183
f 183 271 272
f 183 272 184
f 184 272 273
f 184 273 186
f 186 273 274
f 186 274 36
f 36 274 22
f 34 35 270
f 270 35 233
f 270 233 271
f 271 233 234
f 271 234 272
f 272 234 237
f 272 237 273
f 273 237 236
f 273 236 274
f 274 236 235
f 274 235 22
f 22 235 23
f 21 13 201
f 201 13 275
f 201 275 204
f 204 275 276
f 204 276 203
f 203 276 277
f 203 277 202
f 202 277 278
f 202 278 205
f 205 278 279
f 205 279 15
f 15 279 1
f 13 14 275
f 275 14 229
f 275 229 276
f 276 229 228
f 276 228 277
f 277 228 227
f 277 227 278
f 278 227 226
f 278 226 279
f 279 226 224
f 279 224 1
f 1 224 2
f 280 281 282
f 282 281 283
f 282 283 284
f 284 283 285
f 286 287 288
f 288 287 289
f 288 289 290
f 290 289 291
f 290 291 292
f 292 291 293
f 294 295 296
f 296 295 297
f 296 297 298
f 298 297 299
f 300 301 302
f 302 301 303
f 302 303 304
f 304 303 305
f 304 305 306
f 306 305 307
f 308 309 310
f 310 309 311
f 310 311 312
f 312 311 313
f 312 313 314
f 314 313 315
f 314 315 316
f 316 315 317
f 316 317 318
f 318 317 319
f 318 319 320
f 320 319 321
f 322 323 324
f 324 323 325
f 324 325 326
f 326 325 327
f 326 327 328
f 328 327 329
f 328 329 330
f 330 329 331
f 330 331 332
f 332 331 333
f 332 333 334
f 334 333 335
f 336 337 338
f 338 337 339
f 338 339 340
f 340 339 341
f 340 341 342
f 342 341 343
f 342 343 344
f 344 343 345
f 344 345 346
f 346 345 347
f 346 347 348
f 348 347 349
f 350 348 351
f 351 348 352
f 351 352 353
f 353 352 354
f 353 354 355
f 355 354 356
f 355 356 357
f 357 356 358
f 357 358 359
f 359 358 360
f 359 360 361
f 361 360 336
f 361 336 362
f 362 336 338
f 362 338 363
f 363 338 340
f 363 340 364
f 364 340 342
f 364 342 365
f 365 342 344
f 365 344 366
f 366 344 346
f 366 346 350
f 350 346 348
f 367 361 368
f 368 361 362
f 368 362 369
f 369 362 363
f 369 363 370
f 370 363 364
f 370 364 371
f 371 364 365
f 371 365 372
f 372 365 366
f 372 366 373
f 373 366 350
f 374 375 376
f 376 375 377
f 376 377 378
f 378 377 379
f 378 379 380
f 380 379 381
f 380 381 382
f 382 381 383
f 382 383 384
f 384 383 385
f 384 385 386
f 386 385 387
f 388 386 389
f 389 386 390
f 389 390 391
f 391 390 392
f 391 392 393
f 393 392 394
f 393 394 395
f 395 394 396
f 395 396 397
f 397 396 398
f 397 398 399
f 399 398 374
f 399 374 400
f 400 374 376
f 400 376 401
f 401 376 378
f 401 378 402
f 402 378 380
f 402 380 403
f 403 380 382
f 403 382 404
f 404 382 384
f 404 384 388
f 388 384 386
f 405 399 406
f 406 399 400
f 406 400 407
f 407 400 401
f 407 401 408
f 408 401 402
f 408 402 409
f 409 402 403
f 409 403 410
f 410 403 404
f 410 404 411
f 411 404 388
f 412 413 414
f 414 413 415
f 414 415 416
f 416 415 417
f 416 417 418
f 418 417 419
f 418 419 420
f 420 419 421
f 420 421 422
f 422 421 423
f 422 423 424
f 424 423 425
f 426 427 428
f 428 427 412
f 428 412 429
f 429 412 414
f 429 414 430
f 430 414 416
f 430 416 431
f 431 416 418
f 431 418 432
f 432 418 420
f 432 420 433
f 433 420 422
f 433 422 434
f 434 422 424
f 434 424 435
f 435 424 436
f 435 436 437
f 437 436 438
f 437 438 439
f 439 438 440
f 439 440 441
f 441 440 442
f 441 442 426
f 426 442 427
f 443 428 444
f 444 428 429
f 444 429 445
f 445 429 430
f 445 430 446
f 446 430 431
f 446 431 447
f 447 431 432
f 447 432 448
f 448 432 433
f 448 433 449
f 449 433 434
f 450 451 452
f 452 451 453
f 452 453 454
f 454 453 455
f 454 455 456
f 456 455 457
f 456 457 458
f 458 457 459
f 458 459 460
f 460 459 461
f 460 461 462
f 462 461 463
f 464 458 465
f 465 458 460
f 465 460 466
f 466 460 462
f 466 462 467
f 467 462 468
f 467 468 469
f 469 468 470
f 469 470 471
f 471 470 472
f 471 472 473
f 473 472 474
f 473 474 475
f 475 474 476
f 475 476 477
f 477 476 450
f 477 450 478
f 478 450 452
f 478 452 479
f 479 452 454
f 479 454 480
f 480 454 456
f 480 456 464
f 464 456 458
f 481 477 482
f 482 477 478
f 482 478 483
f 483 478 479
f 483 479 484
f 484 479 480
f 484 480 485
f 485 480 464
f 485 464 486
f 486 464 465
f 486 465 487
f 487 465 466
f 488 489 490
f 490 489 491
f 490 491 492
f 492 491 493
f 492 493 494
f 494 493 495
f 494 495 496
f 496 495 497
f 496 497 498
f 498 497 499
f 498 499 500
f 500 499 501
f 502 503 504
f 504 503 505
f 504 505 506
f 506 505 507
f 506 507 508
f 508 507 488
f 508 488 509
f 509 488 490
f 509 490 510
f 510 490 492
f 510 492 511
f 511 492 494
f 511 494 512
f 512 494 496
f 512 496 513
f 513 496 498
f 513 498 514
f 514 498 500
f 514 500 515
f 515 500 516
f 515 516 517
f 517 516 518
f 517 518 502
f 502 518 503
f 519 508 520
f 520 508 509
f 520 509 521
f 521 509 510
f 521 510 522
f 522 510 511
f 522 511 523
f 523 511 512
f 523 512 524
f 524 512 513
f 524 513 525
f 525 513 514
f 526 527 528
f 528 527 529
f 528 529 530
f 530 529 531
f 530 531 532
f 532 531 533
f 532 533 534
f 534 533 535
f 534 535 536
f 536 535 537
f 536 537 538
f 538 537 539
f 540 541 542
f 542 541 526
f 542 526 543
f 543 526 528
f 543 528 544
f 544 528 530
f 544 530 545
f 545 530 532
f 545 532 546
f 546 532 534
f 546 534 547
f 547 534 536
f 547 536 548
f 548 536 538
f 548 538 549
f 549 538 550
f 549 550 551
f 551 550 552
f 551 552 553
f 553 552 554
f 553 554 555
f 555 554 556
f 555 556 540
f 540 556 541
f 557 542 558
f 558 542 543
f 558 543 559
f 559 543 544
f 559 544 560
f 560 544 545
f 560 545 561
f 561 545 546
f 561 546 562
f 562 546 547
f 562 547 563
f 563 547 548
f 564 565 566
f 566 565 567
f 566 567 568
f 568 567 569
f 568 569 570
f 570 569 571
f 570 571 572
f 572 571 573
f 572 573 574
f 574 573 575
f 574 575 576
f 576 575 577
f 578 576 579
f 579 576 580
f 579 580 581
f 581 580 582
f 581 582 583
f 583 582 584
f 583 584 585
f 585 584 586
f 585 586 587
f 587 586 588
f 587 588 589
f 589 588 564
f 589 564 590
f 590 564 566
f 590 566 591
f 591 566 568
f 591 568 592
f 592 568 570
f 592 570 593
f 593 570 572
f 593 572 594
f 594 572 574
f 594 574 578
f 578 574 576
f 595 589 596
f 596 589 590
f 596 590 597
f 597 590 591
f 597 591 598
f 598 591 592
f 598 592 599
f 599 592 593
f 599 593 600
f 600 593 594
f 600 594 601
f 601 594 578
f 602 603 604
f 604 603 605
f 604 605 606
f 606 605 607
f 606 607 608
f 608 607 609
f 608 609 610
f 610 609 611
f 610 611 612
f 612 611 613
f 612 613 614
f 614 613 615
f 616 614 617
f 617 614 618
f 617 618 619
f 619 618 620
f 619 620 621
f 621 620 622
f 621 622 623
f 623 622 624
f 623 624 625
f 625 624 626
f 625 626 627
f 627 626 602
f 627 602 628
f 628 602 604
f 628 604 629
f 629 604 606
f 629 606 630
f 630 606 608
f 630 608 631
f 631 608 610
f 631 610 632
f 632 610 612
f 632 612 616
f 616 612 614
f 633 627 634
f 634 627 628
f 634 628 635
f 635 628 629
f 635 629 636
f 636 629 630
f 636 630 637
f 637 630 631
f 637 631 638
f 638 631 632
f 638 632 639
f 639 632 616
f 640 641 642
f 642 641 643
f 642 643 644
f 644 643 645
f 644 645 646
f 646 645 647
f 646 647 648
f 648 647 649
f 648 649 650
f 650 649 651
f 650 651 652
f 652 651 653
f 654 655 656
f 656 655 657
f 656 657 658
f 658 657 659
f 658 659 660
f 660 659 661
f 660 661 662
f 662 661 663
f 662 663 664
f 664 663 640
f 664 640 665
f 665 640 642
f 665 642 666
f 666 642 644
f 666 644 667
f 667 644 646
f 667 646 668
f 668 646 648
f 668 648 669
f 669 648 650
f 669 650 670
f 670 650 652
f 670 652 654
f 654 652 655
f 671 664 672
f 672 664 665
f 672 665 673
f 673 665 666
f 673 666 674
f 674 666 667
f 674 667 675
f 675 667 668
f 675 668 676
f 676 668 669
f 676 669 677
f 677 669 670
f 678 679 680
f 680 679 681
f 680 681 682
f 682 681 683
f 682 683 684
f 684 683 685
f 684 685 686
f 686 685 687
f 686 687 688
f 688 687 689
f 688 689 690
f 690 689 691
f 692 688 693
f 693 688 690
f 693 690 694
f 694 690 695
f 694 695 696
f 696 695 697
f 696 697 698
f 698 697 699
f 698 699 700
f 700 699 701
f 700 701 702
f 702 701 703
f 702 703 704
f 704 703 678
f 704 678 705
f 705 678 680
f 705 680 706
f 706 680 682
f 706 682 707
f 707 682 684
f 707 684 708
f 708 684 686
f 708 686 692
f 692 686 688
f 709 704 710
f 710 704 705
f 710 705 711
f 711 705 706
f 711 706 712
f 712 706 707
f 712 707 713
f 713 707 708
f 713 708 714
f 714 708 692
f 714 692 715
f 715 692 693
f 716 717 718
f 718 717 719
f 718 719 720
f 720 719 721
f 720 721 722
f 722 721 723
f 722 723 724
f 724 723 725
f 724 725 726
f 726 725 727
f 726 727 728
f 728 727 729
f 730 728 731
f 731 728 732
f 731 732 733
f 733 732 734
f 733 734 735
f 735 734 736
f 735 736 737
f 737 736 738
f 737 738 739
f 739 738 740
f 739 740 741
f 741 740 716
f 741 716 742
f 742 716 718
f 742 718 743
f 743 718 720
f 743 720 744
f 744 720 722
f 744 722 745
f 745 722 724
f 745 724 746
f 746 724 726
f 746 726 730
f 730 726 728
f 747 741 748
f 748 741 742
f 748 742 749
f 749 742 743
f 749 743 750
f 750 743 744
f 750 744 751
f 751 744 745
f 751 745 752
f 752 745 746
f 752 746 753
f 753 746 730
f 754 755 756
f 756 755 757
f 756 757 758
f 758 757 759
f 758 759 760
f 760 759 761
f 760 761 762
f 762 761 763
f 762 763 764
f 764 763 765
f 764 765 766
f 766 765 767
f 768 766 769
f 769 766 770
f 769 770 771
f 771 770 772
f 771 772 773
f 773 772 774
f 773 774 775
f 775 774 776
f 775 776 777
f 777 776 778
f 777 778 779
f 779 778 754
f 779 754 780
f 780 754 756
f 780 756 781
f 781 756 758
f 781 758 782
f 782 758 760
f 782 760 783
f 783 760 762
f 783 762 784
f 784 762 764
f 784 764 768
f 768 764 766
f 785 779 786
f 786 779 780
f 786 780 787
f 787 780 781
f 787 781 788
f 788 781 782
f 788 782 789
f 789 782 783
f 789 783 790
f 790 783 784
f 790 784 791
f 791 784 768
f 792 793 794
f 794 793 795
f 794 795 796
f 796 795 797
f 796 797 798
f 798 797 799
f 798 799 800
f 800 799 801
f 800 801 802
f 802 801 803
f 802 803 804
f 804 803 805
f 806 804 807
f 807 804 808
f 807 808 809
f 809 808 810
f 809 810 811
f 811 810 812
f 811 812 813
f 813 812 814
f 813 814 815
f 815 814 816
f 815 816 817
f 817 816 792
f 817 792 818
f 818 792 794
f 818 794 819
f 819 794 796
f 819 796 820
f 820 796 798
f 820 798 821
f 821 798 800
f 821 800 822
f 822 800 802
f 822 802 806
f 806 802 804
f 823 817 824
f 824 817 818
f 824 818 825
f 825 818 819
f 825 819 826
f 826 819 820
f 826 820 827
f 827 820 821
f 827 821 828
f 828 821 822
f 828 822 829
f 829 822 806
f 830 831 832
f 832 831 833
f 832 833 834
f 834 833 835
f 834 835 836
f 836 835 837
f 836 837 838
f 838 837 839
f 838 839 840
f 840 839 841
f 840 841 842
f 842 841 843
f 844 838 845
f 845 838 840
f 845 840 846
f 846 840 842
f 846 842 847
f 847 842 848
f 847 848 849
f 849 848 850
f 849 850 851
f 851 850 852
f 851 852 853
f 853 852 854
f 853 854 855
f 855 854 856
f 855 856 857
f 857 856 830
f 857 830 858
f 858 830 832
f 858 832 859
f 859 832 834
f 859 834 860
f 860 834 836
f 860 836 844
f 844 836 838
f 861 857 862
f 862 857 858
f 862 858 863
f 863 858 859
f 863 859 864
f 864 859 860
f 864 860 865
f 865 860 844
f 865 844 866
f 866 844 845
f 866 845 867
f 867 845 846
f 868 869 870
f 868 870 871
f 872 873 874
f 874 873 875
f 874 875 870
f 870 875 876
f 870 876 871
f 877 878 879
f 880 877 881
f 881 877 879
f 881 879 882
f 882 879 883
f 882 883 884
f 884 883 885
f 884 885 886
f 886 885 887
f 886 887 888
f 888 887 889
f 888 889 890
f 890 889 891
f 890 891 892
f 892 891 893
f 892 893 894
f 894 893 895
f 894 895 896
f 896 895 897
f 898 899 900
f 900 899 877
f 900 877 901
f 901 877 880
f 902 903 904
f 904 903 905
f 487 902 486
f 486 902 877
f 486 877 485
f 481 448 906
f 906 448 449
f 906 449 907
f 487 908 902
f 902 908 909
f 902 909 910
f 911 903 912
f 912 903 902
f 911 913 903
f 903 913 443
f 903 443 899
f 907 449 910
f 910 449 914
f 910 914 902
f 902 914 915
f 902 915 912
f 443 444 899
f 899 444 445
f 899 445 446
f 485 877 484
f 484 877 899
f 484 899 483
f 483 899 482
f 482 899 446
f 482 446 481
f 481 446 447
f 481 447 448
f 916 917 918
f 916 918 919
f 919 918 920
f 919 920 921
f 558 524 557
f 557 524 525
f 557 525 917
f 917 525 922
f 918 923 868
f 868 923 519
f 868 519 520
f 558 559 524
f 524 559 560
f 524 560 924
f 924 560 561
f 561 562 924
f 924 562 563
f 924 563 920
f 920 563 925
f 920 925 921
f 922 926 917
f 917 926 927
f 917 927 918
f 918 927 928
f 918 928 923
f 520 521 868
f 868 521 522
f 868 522 924
f 924 522 523
f 924 523 524
f 920 918 929
f 929 918 930
f 931 869 868
f 924 932 933
f 924 933 868
f 868 933 934
f 868 934 931
f 935 936 896
f 937 938 939
f 939 938 940
f 939 940 941
f 941 940 935
f 941 935 897
f 897 935 896
f 942 943 918
f 918 943 930
f 942 918 944
f 944 918 868
f 944 868 871
f 902 904 945
f 878 877 946
f 946 877 902
f 946 902 947
f 947 902 945
f 948 949 950
f 948 950 951
f 951 950 952
f 951 952 953
f 954 955 956
f 954 956 957
f 957 956 958
f 957 958 959
f 960 961 948
f 962 963 959
f 959 963 951
f 961 964 948
f 948 964 965
f 948 965 966
f 966 967 948
f 948 967 968
f 948 968 969
f 951 963 948
f 948 963 970
f 948 970 960
f 935 940 953
f 953 940 954
f 953 954 951
f 951 954 957
f 951 957 959
f 971 972 973
f 973 972 948
f 973 948 974
f 974 948 969
f 952 975 953
f 953 975 976
f 953 976 935
f 935 976 977
f 935 977 936
f 938 978 940
f 940 978 979
f 940 979 954
f 954 979 980
f 954 980 955
f 959 958 962
f 962 958 981
f 962 981 963
f 963 981 982
f 963 982 970
f 970 982 983
f 984 985 986
f 987 988 903
f 903 988 905
f 987 903 989
f 989 903 899
f 989 899 990
f 990 899 986
f 986 899 898
f 986 898 984
f 286 986 287
f 287 986 985
f 943 942 991
f 991 992 943
f 943 992 993
f 943 993 994
f 994 993 995
f 994 995 996
f 293 284 292
f 292 284 285
f 298 299 997
f 298 997 998
f 998 997 999
f 998 999 1000
f 1000 999 1001
f 1000 1001 1002
f 300 295 301
f 301 295 294
f 1003 1004 1005
f 306 307 1006
f 1006 307 1003
f 1006 1003 1007
f 1007 1003 1005
f 1008 932 924
f 929 994 920
f 920 994 996
f 1004 1008 1005
f 1005 1008 924
f 1005 924 1009
f 1009 924 920
f 1009 920 1010
f 1010 920 996
f 1011 945 1012
f 1012 945 988
f 1012 988 987
f 1011 1013 945
f 945 1013 1014
f 945 1014 947
f 988 945 905
f 905 945 904
f 943 994 930
f 930 994 929
f 1003 307 1015
f 296 1016 1017
f 998 1000 1018
f 1019 1020 1021
f 372 373 1022
f 1023 1024 1025
f 828 829 1017
f 870 869 931
f 938 937 978
f 978 937 1026
f 1026 1027 978
f 978 1027 1028
f 978 1028 1029
f 1029 1028 1030
f 1031 872 931
f 931 872 874
f 931 874 870
f 825 826 980
f 1017 829 1032
f 980 826 1017
f 1017 826 827
f 1017 827 828
f 829 1033 1032
f 1032 1033 1034
f 1032 1034 979
f 979 1034 1035
f 979 1035 1036
f 1036 1037 979
f 979 1037 823
f 979 823 980
f 980 823 824
f 980 824 825
f 1017 1038 980
f 980 1038 1039
f 980 1039 955
f 982 981 785
f 785 981 958
f 785 958 1039
f 1039 958 956
f 1039 956 955
f 785 786 982
f 982 786 1040
f 982 1040 983
f 983 1040 1041
f 1042 1043 1044
f 1044 1043 1045
f 1041 1046 1047
f 1047 1046 747
f 1048 1042 1021
f 1025 1024 1021
f 1021 1024 1049
f 1021 1049 1048
f 1050 975 952
f 1051 1052 1053
f 1053 1052 1050
f 1053 1050 949
f 949 1050 952
f 949 952 950
f 1054 861 1050
f 1055 1056 1057
f 1057 1056 976
f 1057 976 1058
f 865 866 975
f 975 866 867
f 975 867 976
f 976 867 1059
f 976 1059 1058
f 861 862 1050
f 1050 862 863
f 1050 863 975
f 975 863 864
f 975 864 865
f 896 936 894
f 894 936 977
f 894 977 892
f 892 977 1060
f 882 901 881
f 881 901 880
f 884 886 1061
f 1061 886 888
f 1061 888 1060
f 1060 888 890
f 1060 890 892
f 1062 1063 984
f 984 1063 367
f 984 367 985
f 289 287 1064
f 1064 287 371
f 373 1065 1022
f 1022 1065 1066
f 1022 1066 984
f 984 1066 1067
f 984 1067 1062
f 367 368 985
f 985 368 369
f 985 369 287
f 287 369 370
f 287 370 371
f 289 1064 291
f 291 1064 1068
f 291 1068 293
f 284 1069 282
f 282 1069 1070
f 282 1070 280
f 280 1070 1071
f 1072 1073 1074
f 1074 1073 1075
f 1074 1075 1076
f 1077 1078 1044
f 1042 1044 1021
f 1021 1044 1078
f 1021 1078 1079
f 1079 1080 1021
f 1021 1080 1081
f 1021 1081 1019
f 1019 1081 671
f 1019 671 1082
f 671 672 1082
f 1082 672 673
f 1082 673 1083
f 1083 673 674
f 1083 674 1084
f 1084 674 675
f 1084 675 1085
f 1085 675 676
f 1085 676 1044
f 1044 676 677
f 1044 677 1077
f 1086 1087 1088
f 1089 1090 1044
f 715 1091 714
f 714 1091 1092
f 715 1086 1091
f 1091 1086 1088
f 1091 1088 1093
f 1093 1088 1094
f 1093 1094 1095
f 1087 1089 1088
f 1088 1089 1044
f 1088 1044 748
f 748 1044 1045
f 748 1045 747
f 747 1045 1096
f 747 1096 1047
f 1090 1097 1044
f 1044 1097 709
f 1044 709 1085
f 1085 709 710
f 1085 710 1098
f 1098 710 711
f 1098 711 1099
f 1099 711 712
f 1099 712 1092
f 1092 712 713
f 1092 713 714
f 998 1018 298
f 307 305 1015
f 1015 305 303
f 1015 303 1032
f 1032 303 301
f 1032 301 1017
f 1017 301 294
f 1017 294 296
f 405 406 1003
f 1100 1008 411
f 411 1008 1004
f 411 1004 410
f 1100 1101 1008
f 1008 1101 1102
f 1008 1102 1103
f 1103 1102 1104
f 1103 1104 1105
f 406 407 1003
f 1003 407 408
f 1003 408 1004
f 1004 408 409
f 1004 409 410
f 1106 1107 1108
f 1108 1107 1109
f 1108 1109 1110
f 1110 1109 1111
f 1110 1111 1112
f 1112 1111 308
f 1112 308 1072
f 1072 308 310
f 1072 310 1073
f 1073 310 312
f 1073 312 314
f 316 318 1113
f 320 1114 1115
f 316 1113 314
f 1018 1116 1040
f 1040 1116 1117
f 1040 1117 1118
f 322 324 1119
f 1119 324 326
f 1119 326 1120
f 326 328 1120
f 1120 328 330
f 1120 330 1121
f 1121 330 332
f 1121 332 1002
f 1002 332 334
f 1002 334 1000
f 1000 334 1122
f 1000 1122 1018
f 1018 1122 1123
f 1018 1123 1116
f 1118 322 1040
f 1040 322 1119
f 1040 1119 1041
f 1041 1119 1124
f 1041 1124 1046
f 1108 595 596
f 1069 1125 1070
f 1070 1125 1126
f 1070 1126 1127
f 1110 1071 1108
f 1108 1071 1070
f 1108 1070 595
f 595 1070 1127
f 596 597 1108
f 1108 597 1115
f 1108 1115 1106
f 1106 1115 1114
f 597 598 1115
f 1115 598 599
f 1115 599 1052
f 599 600 1052
f 1052 600 601
f 1052 601 1050
f 1050 601 1128
f 1050 1128 1069
f 1069 1128 1129
f 1069 1129 1125
f 634 1075 633
f 633 1075 1073
f 633 1073 1130
f 1130 1073 1131
f 634 635 1075
f 1075 635 1020
f 1075 1020 1076
f 1076 1020 1019
f 314 1113 1073
f 1073 1113 1132
f 1073 1132 1131
f 635 636 1020
f 1020 636 637
f 1020 637 1021
f 1021 637 638
f 1021 638 1025
f 638 639 1025
f 1025 639 1133
f 1025 1133 1113
f 1113 1133 1134
f 1113 1134 1132
f 786 787 1040
f 1040 787 788
f 1040 788 1018
f 1018 788 789
f 1018 789 790
f 790 791 1018
f 1018 791 1016
f 1018 1016 298
f 298 1016 296
f 791 1135 1016
f 1016 1135 1136
f 1016 1136 1017
f 1017 1136 1137
f 1017 1137 1038
f 748 749 1088
f 1088 749 750
f 1088 750 1094
f 1094 750 751
f 1094 751 752
f 1121 1095 1120
f 1120 1095 1094
f 1120 1094 753
f 753 1094 752
f 753 1138 1120
f 1120 1138 1139
f 1120 1139 1119
f 1119 1139 1140
f 1119 1140 1124
f 984 898 1022
f 1022 898 900
f 1022 900 1061
f 1061 900 901
f 1061 901 884
f 884 901 882
f 318 320 1113
f 1113 320 1115
f 1113 1115 1025
f 1025 1115 1052
f 1025 1052 1023
f 1023 1052 1051
f 284 293 1069
f 1069 293 1068
f 1069 1068 1050
f 1050 1068 1056
f 1050 1056 1054
f 1054 1056 1055
f 371 372 1064
f 1064 372 1022
f 1064 1022 1068
f 1068 1022 1061
f 1068 1061 1056
f 1056 1061 1060
f 1056 1060 976
f 976 1060 977
f 979 978 1032
f 1032 978 1029
f 1032 1029 1015
f 1015 1029 1141
f 1015 1141 1003
f 1003 1141 1103
f 1003 1103 405
f 405 1103 1105
f 1030 1031 1029
f 1029 1031 931
f 1029 931 1141
f 1141 931 934
f 1141 934 1103
f 1103 934 933
f 1103 933 1008
f 1008 933 932
f 833 831 1142
f 325 323 1143
f 1144 1145 1146
f 761 759 1147
f 1148 1149 1150
f 946 947 1014
f 288 1151 286
f 1152 1153 1154
f 1155 1156 1157
f 306 1158 1159
f 1158 306 1006
f 377 375 1160
f 1160 375 1161
f 1007 1005 383
f 383 381 1007
f 1007 381 379
f 1007 379 377
f 1161 1162 1160
f 1160 1162 1163
f 1160 1163 1009
f 1009 1163 1164
f 1164 1165 1009
f 1009 1165 387
f 1009 387 1005
f 1005 387 385
f 1005 385 383
f 377 1160 1007
f 1007 1160 1166
f 1007 1166 1006
f 1167 302 1159
f 1159 302 304
f 1159 304 306
f 1168 295 1167
f 1167 295 300
f 1167 300 302
f 1169 299 1168
f 1168 299 297
f 1168 297 295
f 1169 1170 299
f 299 1170 1171
f 299 1171 997
f 997 1171 767
f 1144 1172 1145
f 1145 1172 1001
f 1145 1001 999
f 1156 1173 1157
f 1157 1173 691
f 1157 691 1174
f 1175 1176 1177
f 1177 1176 1178
f 1177 1178 1156
f 1156 1178 1179
f 1156 1179 1173
f 691 689 1174
f 1174 689 687
f 1174 687 1180
f 1180 687 685
f 1180 685 1181
f 1181 685 683
f 1181 683 1182
f 1182 683 681
f 1182 681 1177
f 1177 681 679
f 1177 679 1175
f 641 1183 1184
f 1185 1177 1186
f 1186 1177 1184
f 1186 1184 1187
f 1187 1184 1183
f 643 1188 645
f 645 1188 1189
f 645 1189 647
f 647 1189 1190
f 647 1190 649
f 649 1190 1191
f 649 1191 651
f 651 1191 1182
f 651 1182 653
f 653 1182 1177
f 653 1177 1192
f 1192 1177 1185
f 1193 1194 1195
f 1195 1194 1188
f 605 1196 607
f 607 1196 1197
f 607 1197 609
f 605 603 1196
f 1196 603 1198
f 1196 1198 1199
f 1199 1198 1200
f 571 569 1153
f 1153 569 567
f 1153 567 1154
f 1151 288 1201
f 1201 288 290
f 1201 290 292
f 292 285 1150
f 1150 285 283
f 1150 283 281
f 1202 990 337
f 337 990 986
f 337 986 339
f 347 286 349
f 349 286 1203
f 349 1203 1204
f 1202 1205 990
f 990 1205 1206
f 990 1206 1203
f 1203 1206 1207
f 1203 1207 1204
f 347 345 286
f 286 345 343
f 286 343 986
f 986 343 341
f 986 341 339
f 878 946 879
f 879 946 1208
f 889 887 1209
f 1209 887 885
f 1209 885 1208
f 1208 885 883
f 1208 883 879
f 1210 941 897
f 897 895 1210
f 1210 895 893
f 1210 893 1211
f 1211 893 891
f 939 941 1212
f 1212 941 1210
f 1212 1210 1213
f 1213 1210 1214
f 876 875 1215
f 1214 1216 1217
f 1217 1216 1218
f 1215 875 1216
f 1216 875 873
f 1216 873 1218
f 942 944 1215
f 1215 944 871
f 1215 871 876
f 577 575 1219
f 1219 575 1220
f 1149 1148 1142
f 1142 1148 1221
f 1142 1221 577
f 567 565 1154
f 1154 565 1222
f 1154 1222 281
f 281 1222 1223
f 281 1223 1150
f 1150 1223 1224
f 1150 1224 1148
f 575 573 1220
f 1220 573 571
f 1220 571 1225
f 1225 571 1153
f 615 613 1184
f 643 641 1188
f 1188 641 1184
f 1188 1184 1195
f 1195 1184 613
f 603 1226 1198
f 1198 1226 1227
f 1198 1227 1228
f 1228 1227 1229
f 1228 1229 1230
f 613 611 1195
f 1195 611 609
f 1195 609 1193
f 1193 609 1197
f 1193 1197 1194
f 1231 1232 1233
f 1233 1232 729
f 1233 729 1234
f 1234 729 727
f 1234 727 1155
f 1231 1233 1235
f 1235 1233 1143
f 1235 1143 1236
f 727 725 1155
f 1155 725 723
f 1155 723 1156
f 1156 723 721
f 1156 721 1177
f 1177 721 719
f 1236 1143 1237
f 1237 1143 1238
f 1237 1238 717
f 1147 759 1239
f 1239 759 757
f 1239 757 755
f 1240 1241 1168
f 1168 1241 1242
f 1168 1242 1169
f 999 997 1145
f 1145 997 767
f 1145 767 1146
f 1146 767 765
f 1146 765 763
f 1243 1244 1245
f 1245 1244 1246
f 1245 1246 1247
f 1247 1246 1215
f 1247 1215 1248
f 493 1216 495
f 495 1216 1249
f 495 1249 1166
f 493 491 1216
f 1216 491 489
f 1216 489 1215
f 1215 489 1250
f 1215 1250 1248
f 1245 1251 1243
f 1243 1251 501
f 1243 501 1160
f 1160 501 499
f 1160 499 1166
f 1166 499 497
f 1166 497 495
f 1252 1253 1254
f 286 1255 1203
f 1203 1255 455
f 1203 455 453
f 453 451 1256
f 1256 451 1257
f 1256 1257 1253
f 1253 1257 1258
f 1253 1258 1254
f 1254 1259 1252
f 1252 1259 1260
f 1252 1260 1208
f 1208 1260 463
f 1208 463 1209
f 1209 463 461
f 1209 461 1261
f 1261 461 459
f 1261 459 1255
f 1255 459 457
f 1255 457 455
f 1243 527 1262
f 527 1243 529
f 529 1243 1160
f 529 1160 531
f 531 1160 533
f 533 1160 1009
f 533 1009 535
f 1262 1263 1243
f 1243 1263 1264
f 1243 1264 1010
f 1010 1264 1265
f 1265 1266 1010
f 1010 1266 539
f 1010 539 1009
f 1009 539 537
f 1009 537 535
f 1267 1268 1147
f 1147 1268 1146
f 1147 1146 761
f 761 1146 763
f 1268 1269 1146
f 1146 1269 1270
f 1146 1270 1271
f 1233 335 333
f 1271 335 1146
f 1146 335 1233
f 1146 1233 1144
f 1144 1233 1234
f 1144 1234 1172
f 333 331 1233
f 1233 331 329
f 1233 329 1143
f 1143 329 327
f 1143 327 325
f 942 1215 991
f 991 1215 1246
f 991 1246 992
f 992 1246 1244
f 992 1244 993
f 993 1244 1243
f 993 1243 995
f 995 1243 1010
f 995 1010 996
f 1272 1273 793
f 793 1273 1240
f 793 1240 795
f 1167 1274 1168
f 1168 1274 805
f 1168 805 803
f 803 801 1168
f 1168 801 799
f 1168 799 1240
f 1240 799 797
f 1240 797 795
f 1272 1275 1273
f 1273 1275 1276
f 1273 1276 1167
f 1167 1276 1277
f 1167 1277 1274
f 1006 1166 1158
f 1158 1166 1249
f 1158 1249 1159
f 1159 1249 1216
f 1159 1216 1167
f 1167 1216 1214
f 1167 1214 1273
f 615 1184 1278
f 1278 1184 1177
f 1278 1177 1238
f 1238 1177 719
f 1238 719 717
f 577 1219 1142
f 1142 1219 1239
f 1142 1239 1240
f 1240 1239 755
f 1240 755 1241
f 1279 1280 1281
f 1281 1280 1282
f 1281 1282 1273
f 841 839 1240
f 1240 839 837
f 1240 837 1142
f 1142 837 835
f 1142 835 833
f 1282 1283 1273
f 1273 1283 1284
f 1273 1284 1240
f 1240 1284 843
f 1240 843 841
f 1225 1285 1220
f 1220 1285 1278
f 1220 1278 1219
f 1219 1278 1238
f 1219 1238 1239
f 1239 1238 1143
f 1239 1143 1147
f 1147 1143 323
f 1147 323 1267
f 1214 1210 1273
f 1273 1210 1211
f 1273 1211 1281
f 1281 1211 891
f 1281 891 1286
f 292 1150 1201
f 1201 1150 1149
f 1201 1149 1286
f 1286 1149 1142
f 1286 1142 1281
f 1281 1142 831
f 1281 831 1279
f 311 309 1198
f 1198 309 1153
f 1198 1153 1200
f 1200 1153 1152
f 1287 1288 1225
f 309 1289 1153
f 1153 1289 1290
f 1153 1290 1225
f 1225 1290 1291
f 1225 1291 1287
f 321 319 1228
f 319 317 1228
f 1228 317 315
f 1228 315 1198
f 1198 315 313
f 1198 313 311
f 1288 321 1225
f 1225 321 1228
f 1225 1228 1285
f 1285 1228 1230
f 1285 1230 1278
f 1278 1230 1292
f 1278 1292 615
f 286 1151 1255
f 1255 1151 1201
f 1255 1201 1261
f 1261 1201 1286
f 1261 1286 1209
f 1209 1286 891
f 1209 891 889
f 1293 989 413
f 413 989 990
f 413 990 415
f 1256 1294 425
f 453 1256 1203
f 1203 1256 425
f 1203 425 423
f 423 421 1203
f 1203 421 419
f 1203 419 990
f 990 419 417
f 990 417 415
f 1293 1295 989
f 989 1295 1296
f 989 1296 1256
f 1256 1296 1297
f 1256 1297 1294
f 946 1014 1208
f 1208 1014 1013
f 1208 1013 1252
f 1252 1013 1011
f 1252 1011 1253
f 1253 1011 1012
f 1253 1012 1256
f 1256 1012 987
f 1256 987 989
f 1112 1200 1152
f 1112 1152 1110
f 1110 1152 1154
f 1110 1154 1071
f 1071 1154 281
f 1071 281 280
f 1002 1001 1172
f 1002 1172 1121
f 1121 1172 1234
f 1121 1234 1095
f 1095 1234 1155
f 1095 1155 1093
f 1093 1155 1157
f 1093 1157 1091
f 1091 1157 1174
f 1091 1174 1092
f 1092 1174 1180
f 1092 1180 1099
f 1099 1180 1181
f 1099 1181 1098
f 1098 1181 1085
f 1085 1181 1182
f 1085 1182 1084
f 1182 1191 1084
f 1084 1191 1190
f 1084 1190 1083
f 1083 1190 1189
f 1083 1189 1082
f 1082 1189 1188
f 1082 1188 1019
f 1188 1194 1019
f 1019 1194 1197
f 1019 1197 1076
f 1076 1197 1196
f 1076 1196 1074
f 1074 1196 1199
f 1074 1199 1072
f 1072 1199 1200
f 1072 1200 1112
f 970 983 960
f 960 983 1041
f 960 1041 961
f 961 1041 1047
f 961 1047 964
f 964 1047 1096
f 964 1096 965
f 965 1096 1045
f 965 1045 966
f 966 1045 1298
f 966 1298 967
f 967 1298 1042
f 967 1042 968
f 968 1042 1048
f 968 1048 969
f 969 1048 1049
f 969 1049 974
f 974 1049 1024
f 974 1024 973
f 973 1024 1023
f 973 1023 971
f 971 1023 1051
f 971 1051 972
f 972 1051 1053
f 972 1053 948
f 948 1053 949
f 873 872 1218
f 1218 872 1031
f 1218 1031 1217
f 1217 1031 1030
f 1217 1030 1214
f 1214 1030 1028
f 1214 1028 1213
f 1213 1028 1027
f 1213 1027 1212
f 1212 1027 1026
f 1212 1026 939
f 939 1026 937
f 867 846 1059
f 1059 846 847
f 1059 847 1058
f 1058 847 849
f 1058 849 1057
f 1057 849 851
f 1057 851 1055
f 1055 851 853
f 1055 853 1054
f 1054 853 855
f 1054 855 861
f 861 855 857
f 842 843 848
f 848 843 1284
f 848 1284 850
f 850 1284 1283
f 850 1283 852
f 852 1283 1282
f 852 1282 854
f 854 1282 1280
f 854 1280 856
f 856 1280 1279
f 856 1279 830
f 830 1279 831
f 829 806 1033
f 1033 806 807
f 1033 807 1034
f 1034 807 809
f 1034 809 1035
f 1035 809 811
f 1035 811 1036
f 1036 811 813
f 1036 813 1037
f 1037 813 815
f 1037 815 823
f 823 815 817
f 804 805 808
f 808 805 1274
f 808 1274 810
f 810 1274 1277
f 810 1277 812
f 812 1277 1276
f 812 1276 814
f 814 1276 1275
f 814 1275 816
f 816 1275 1272
f 816 1272 792
f 792 1272 793
f 791 768 1135
f 1135 768 769
f 1135 769 1136
f 1136 769 771
f 1136 771 1137
f 1137 771 773
f 1137 773 1038
f 1038 773 775
f 1038 775 1039
f 1039 775 777
f 1039 777 785
f 785 777 779
f 766 767 770
f 770 767 1171
f 770 1171 772
f 772 1171 1170
f 772 1170 774
f 774 1170 1169
f 774 1169 776
f 776 1169 1242
f 776 1242 778
f 778 1242 1241
f 778 1241 754
f 754 1241 755
f 753 730 1138
f 1138 730 731
f 1138 731 1139
f 1139 731 733
f 1139 733 1140
f 1140 733 735
f 1140 735 1124
f 1124 735 737
f 1124 737 1046
f 1046 737 739
f 1046 739 747
f 747 739 741
f 728 729 732
f 732 729 1232
f 732 1232 734
f 734 1232 1231
f 734 1231 736
f 736 1231 1235
f 736 1235 738
f 738 1235 1236
f 738 1236 740
f 740 1236 1237
f 740 1237 716
f 716 1237 717
f 715 693 1086
f 1086 693 694
f 1086 694 1087
f 1087 694 696
f 1087 696 1089
f 1089 696 698
f 1089 698 1090
f 1090 698 700
f 1090 700 1097
f 1097 700 702
f 1097 702 709
f 709 702 704
f 690 691 695
f 695 691 1173
f 695 1173 697
f 697 1173 1179
f 697 1179 699
f 699 1179 1178
f 699 1178 701
f 701 1178 1176
f 701 1176 703
f 703 1176 1175
f 703 1175 678
f 678 1175 679
f 677 670 1077
f 1077 670 654
f 1077 654 1078
f 1078 654 656
f 1078 656 1079
f 1079 656 658
f 1079 658 1080
f 1080 658 660
f 1080 660 1081
f 1081 660 662
f 1081 662 671
f 671 662 664
f 652 653 655
f 655 653 1192
f 655 1192 657
f 657 1192 1185
f 657 1185 659
f 659 1185 1186
f 659 1186 661
f 661 1186 1187
f 661 1187 663
f 663 1187 1183
f 663 1183 640
f 640 1183 641
f 639 616 1133
f 1133 616 617
f 1133 617 1134
f 1134 617 619
f 1134 619 1132
f 1132 619 621
f 1132 621 1131
f 1131 621 623
f 1131 623 1130
f 1130 623 625
f 1130 625 633
f 633 625 627
f 614 615 618
f 618 615 1292
f 618 1292 620
f 620 1292 1230
f 620 1230 622
f 622 1230 1229
f 622 1229 624
f 624 1229 1227
f 624 1227 626
f 626 1227 1226
f 626 1226 602
f 602 1226 603
f 601 578 1128
f 1128 578 579
f 1128 579 1129
f 1129 579 581
f 1129 581 1125
f 1125 581 583
f 1125 583 1126
f 1126 583 585
f 1126 585 1127
f 1127 585 587
f 1127 587 595
f 595 587 589
f 576 577 580
f 580 577 1221
f 580 1221 582
f 582 1221 1148
f 582 1148 584
f 584 1148 1224
f 584 1224 586
f 586 1224 1223
f 586 1223 588
f 588 1223 1222
f 588 1222 564
f 564 1222 565
f 563 548 925
f 925 548 549
f 925 549 921
f 921 549 551
f 921 551 919
f 919 551 553
f 919 553 916
f 916 553 555
f 916 555 917
f 917 555 540
f 917 540 557
f 557 540 542
f 538 539 550
f 550 539 1266
f 550 1266 552
f 552 1266 1265
f 552 1265 554
f 554 1265 1264
f 554 1264 556
f 556 1264 1263
f 556 1263 541
f 541 1263 1262
f 541 1262 526
f 526 1262 527
f 525 514 922
f 922 514 515
f 922 515 926
f 926 515 517
f 926 517 927
f 927 517 502
f 927 502 928
f 928 502 504
f 928 504 923
f 923 504 506
f 923 506 519
f 519 506 508
f 500 501 516
f 516 501 1251
f 516 1251 518
f 518 1251 1245
f 518 1245 503
f 503 1245 1247
f 503 1247 505
f 505 1247 1248
f 505 1248 507
f 507 1248 1250
f 507 1250 488
f 488 1250 489
f 487 466 908
f 908 466 467
f 908 467 909
f 909 467 469
f 909 469 910
f 910 469 471
f 910 471 907
f 907 471 473
f 907 473 906
f 906 473 475
f 906 475 481
f 481 475 477
f 462 463 468
f 468 463 1260
f 468 1260 470
f 470 1260 1259
f 470 1259 472
f 472 1259 1254
f 472 1254 474
f 474 1254 1258
f 474 1258 476
f 476 1258 1257
f 476 1257 450
f 450 1257 451
f 449 434 914
f 914 434 435
f 914 435 915
f 915 435 437
f 915 437 912
f 912 437 439
f 912 439 911
f 911 439 441
f 911 441 913
f 913 441 426
f 913 426 443
f 443 426 428
f 424 425 436
f 436 425 1294
f 436 1294 438
f 438 1294 1297
f 438 1297 440
f 440 1297 1296
f 440 1296 442
f 442 1296 1295
f 442 1295 427
f 427 1295 1293
f 427 1293 412
f 412 1293 413
f 411 388 1100
f 1100 388 389
f 1100 389 1101
f 1101 389 391
f 1101 391 1102
f 1102 391 393
f 1102 393 1104
f 1104 393 395
f 1104 395 1105
f 1105 395 397
f 1105 397 405
f 405 397 399
f 386 387 390
f 390 387 1165
f 390 1165 392
f 392 1165 1164
f 392 1164 394
f 394 1164 1163
f 394 1163 396
f 396 1163 1162
f 396 1162 398
f 398 1162 1161
f 398 1161 374
f 374 1161 375
f 373 350 1065
f 1065 350 351
f 1065 351 1066
f 1066 351 353
f 1066 353 1067
f 1067 353 355
f 1067 355 1062
f 1062 355 357
f 1062 357 1063
f 1063 357 359
f 1063 359 367
f 367 359 361
f 348 349 352
f 352 349 1204
f 352 1204 354
f 354 1204 1207
f 354 1207 356
f 356 1207 1206
f 356 1206 358
f 358 1206 1205
f 358 1205 360
f 360 1205 1202
f 360 1202 336
f 336 1202 337
f 334 335 1122
f 1122 335 1271
f 1122 1271 1123
f 1123 1271 1270
f 1123 1270 1116
f 1116 1270 1269
f 1116 1269 1117
f 1117 1269 1268
f 1117 1268 1118
f 1118 1268 1267
f 1118 1267 322
f 322 1267 323
f 320 321 1114
f 1114 321 1288
f 1114 1288 1106
f 1106 1288 1287
f 1106 1287 1107
f 1107 1287 1291
f 1107 1291 1109
f 1109 1291 1290
f 1109 1290 1111
f 1111 1290 1289
f 1111 1289 308
f 308 1289 309
f 1299 1300 1301
f 1302 1300 1299
f 1303 1302 1299
f 1299 1304 1305
f 1306 1304 1299
f 1301 1306 1299
f 1303 1307 1302
f 1302 1307 1308
f 1302 1308 1300
f 1300 1308 1309
f 1300 1309 1301
f 1301 1309 1310
f 1301 1310 1306
f 1306 1310 1311
f 1306 1311 1304
f 1304 1311 1312
f 1304 1312 1305
f 1305 1312 1313
f 1314 1315 1316
f 1317 1315 1314
f 1318 1317 1314
f 1314 1319 1320
f 1321 1319 1314
f 1316 1321 1314
f 1318 1322 1317
f 1317 1322 1323
f 1317 1323 1315
f 1315 1323 1324
f 1315 1324 1316
f 1316 1324 1325
f 1316 1325 1321
f 1321 1325 1326
f 1321 1326 1319
f 1319 1326 1327
f 1319 1327 1320
f 1320 1327 1328
f 1329 1330 1331
f 1330 1329 1332
f 1332 1329 1333
f 1332 1333 1334
f 1334 1333 1335
f 1334 1335 1336
f 1336 1335 1337
f 1337 1335 1338
f 1337 1338 1339
f 1340 1341 1342
f 1342 1341 1343
f 1344 1345 1346
f 1346 1345 1347
f 1346 1347 1348
f 1348 1347 1329
f 1348 1329 1349
f 1349 1329 1331
f 1341 1350 1343
f 1343 1350 1351
f 1343 1351 1338
f 1338 1351 1352
f 1338 1352 1339
f 1353 1354 1355
f 1355 1356 1353
f 1353 1356 1357
f 1353 1357 1358
f 1358 1357 1344
f 1358 1344 1359
f 1360 1361 1362
f 1362 1361 1363
f 1362 1363 1364
f 1364 1363 1365
f 1364 1365 1366
f 1366 1365 1367
f 1366 1367 1368
f 1368 1367 1369
f 1368 1369 1370
f 1370 1369 1371
f 1370 1371 1372
f 1372 1371 1373
f 1374 1360 1375
f 1375 1360 1362
f 1375 1362 1376
f 1376 1362 1364
f 1376 1364 1377
f 1377 1364 1366
f 1377 1366 1378
f 1378 1366 1368
f 1378 1368 1379
f 1379 1368 1370
f 1379 1370 1380
f 1380 1370 1372
f 1381 1382 1383
f 1382 1381 1384
f 1384 1381 1385
f 1384 1385 1386
f 1386 1385 1387
f 1386 1387 1388
f 1388 1387 1389
f 1389 1387 1390
f 1389 1390 1391
f 1392 1393 1394
f 1394 1393 1395
f 1396 1397 1398
f 1398 1397 1399
f 1398 1399 1400
f 1400 1399 1381
f 1400 1381 1401
f 1401 1381 1383
f 1393 1402 1395
f 1395 1402 1403
f 1395 1403 1390
f 1390 1403 1404
f 1390 1404 1391
f 1405 1406 1407
f 1407 1408 1405
f 1405 1408 1409
f 1405 1409 1410
f 1410 1409 1396
f 1410 1396 1411
f 1412 1413 1414
f 1414 1413 1415
f 1414 1415 1416
f 1416 1415 1417
f 1416 1417 1418
f 1418 1417 1419
f 1418 1419 1420
f 1420 1419 1421
f 1420 1421 1422
f 1422 1421 1423
f 1422 1423 1424
f 1424 1423 1425
f 1426 1416 1418
f 1414 1416 1426
f 1412 1414 1426
f 1426 1422 1424
f 1420 1422 1426
f 1418 1420 1426
f 1427 1428 1429
f 1429 1428 1430
f 1429 1430 1431
f 1431 1430 1432
f 1431 1432 1433
f 1433 1432 1434
f 1433 1434 1435
f 1435 1434 1436
f 1435 1436 1437
f 1437 1436 1438
f 1437 1438 1439
f 1439 1438 1440
f 1380 1427 1379
f 1379 1427 1429
f 1379 1429 1378
f 1378 1429 1431
f 1378 1431 1377
f 1377 1431 1433
f 1377 1433 1376
f 1376 1433 1435
f 1376 1435 1375
f 1375 1435 1437
f 1375 1437 1374
f 1374 1437 1439
f 1441 1442 1443
f 1443 1442 1444
f 1443 1444 1445
f 1445 1444 1446
f 1445 1446 1447
f 1447 1446 1448
f 1447 1448 1449
f 1449 1448 1450
f 1449 1450 1451
f 1451 1450 1452
f 1451 1452 1453
f 1453 1452 1454
f 1455 1445 1447
f 1443 1445 1455
f 1441 1443 1455
f 1455 1451 1453
f 1449 1451 1455
f 1447 1449 1455
f 1456 1457 1458
f 1458 1457 1459
f 1460 1461 1462
f 1462 1461 1463
f 1363 1361 1458
f 1458 1361 1456
f 1456 1361 1464
f 1456 1464 1465
f 1371 1369 1463
f 1463 1369 1367
f 1385 1465 1387
f 1387 1465 1466
f 1387 1466 1390
f 1467 1461 1468
f 1468 1461 1456
f 1468 1456 1469
f 1469 1456 1470
f 1467 1471 1461
f 1461 1471 1472
f 1461 1472 1394
f 1371 1463 1373
f 1373 1463 1461
f 1373 1461 1473
f 1345 1458 1347
f 1347 1458 1329
f 1385 1381 1465
f 1465 1381 1399
f 1465 1399 1456
f 1456 1399 1397
f 1456 1397 1470
f 1473 1461 1474
f 1474 1461 1394
f 1474 1394 1466
f 1466 1394 1395
f 1466 1395 1390
f 1345 1475 1458
f 1458 1475 1365
f 1458 1365 1363
f 1343 1338 1463
f 1463 1338 1335
f 1463 1335 1458
f 1458 1335 1333
f 1458 1333 1329
f 1476 1367 1477
f 1477 1367 1365
f 1477 1365 1478
f 1478 1365 1475
f 1476 1479 1367
f 1367 1479 1480
f 1367 1480 1463
f 1463 1480 1342
f 1463 1342 1343
f 1456 1481 1482
f 1457 1326 1460
f 1460 1326 1325
f 1460 1325 1324
f 1481 1456 1483
f 1483 1456 1461
f 1483 1461 1484
f 1324 1323 1460
f 1460 1323 1322
f 1460 1322 1461
f 1461 1322 1485
f 1461 1485 1484
f 1482 1486 1456
f 1456 1486 1328
f 1456 1328 1457
f 1457 1328 1327
f 1457 1327 1326
f 1450 1487 1452
f 1452 1487 1488
f 1452 1488 1454
f 1454 1488 1489
f 1462 1417 1415
f 1450 1448 1487
f 1487 1448 1446
f 1487 1446 1444
f 1489 1490 1454
f 1454 1490 1457
f 1454 1457 1491
f 1491 1457 1492
f 1417 1462 1419
f 1419 1462 1459
f 1419 1459 1421
f 1442 1493 1460
f 1460 1493 1494
f 1460 1494 1457
f 1457 1494 1495
f 1457 1495 1492
f 1490 1496 1457
f 1457 1496 1440
f 1457 1440 1459
f 1459 1440 1438
f 1459 1438 1436
f 1436 1434 1459
f 1459 1434 1432
f 1459 1432 1430
f 1415 1413 1462
f 1462 1413 1428
f 1462 1428 1460
f 1460 1428 1487
f 1460 1487 1442
f 1442 1487 1444
f 1413 1497 1428
f 1428 1497 1498
f 1428 1498 1430
f 1430 1498 1499
f 1430 1499 1500
f 1500 1501 1430
f 1430 1501 1425
f 1430 1425 1459
f 1459 1425 1423
f 1459 1423 1421
f 1463 1502 1503
f 1502 1463 1504
f 1504 1463 1458
f 1504 1458 1505
f 1462 1311 1459
f 1459 1311 1310
f 1459 1310 1309
f 1309 1308 1459
f 1459 1308 1307
f 1459 1307 1458
f 1458 1307 1506
f 1458 1506 1505
f 1503 1507 1463
f 1463 1507 1313
f 1463 1313 1462
f 1462 1313 1312
f 1462 1312 1311
f 1391 1404 1508
f 1508 1404 1403
f 1508 1403 1402
f 1402 1393 1508
f 1508 1393 1392
f 1508 1392 1509
f 1509 1392 1510
f 1509 1510 1511
f 1511 1512 1509
f 1509 1512 1513
f 1509 1513 1514
f 1339 1352 1515
f 1515 1352 1351
f 1515 1351 1350
f 1350 1341 1515
f 1515 1341 1340
f 1515 1340 1516
f 1516 1340 1517
f 1516 1517 1518
f 1518 1519 1516
f 1516 1519 1520
f 1516 1520 1521
f 1455 1522 1523
f 1524 1522 1455
f 1453 1524 1455
f 1455 1525 1441
f 1526 1525 1455
f 1523 1526 1455
f 1453 1454 1524
f 1524 1454 1491
f 1524 1491 1522
f 1522 1491 1492
f 1522 1492 1523
f 1523 1492 1495
f 1523 1495 1526
f 1526 1495 1494
f 1526 1494 1525
f 1525 1494 1493
f 1525 1493 1441
f 1441 1493 1442
f 1374 1439 1527
f 1527 1439 1528
f 1527 1528 1529
f 1529 1528 1530
f 1529 1530 1531
f 1531 1530 1532
f 1531 1532 1533
f 1533 1532 1534
f 1533 1534 1535
f 1535 1534 1536
f 1535 1536 1380
f 1380 1536 1427
f 1439 1440 1528
f 1528 1440 1496
f 1528 1496 1530
f 1530 1496 1490
f 1530 1490 1532
f 1532 1490 1489
f 1532 1489 1534
f 1534 1489 1488
f 1534 1488 1536
f 1536 1488 1487
f 1536 1487 1427
f 1427 1487 1428
f 1426 1537 1538
f 1539 1537 1426
f 1424 1539 1426
f 1426 1540 1412
f 1541 1540 1426
f 1538 1541 1426
f 1424 1425 1539
f 1539 1425 1501
f 1539 1501 1537
f 1537 1501 1500
f 1537 1500 1538
f 1538 1500 1499
f 1538 1499 1541
f 1541 1499 1498
f 1541 1498 1540
f 1540 1498 1497
f 1540 1497 1412
f 1412 1497 1413
f 1398 1542 1396
f 1396 1542 1411
f 1398 1400 1542
f 1542 1400 1401
f 1542 1401 1383
f 1471 1543 1514
f 1543 1471 1544
f 1544 1471 1467
f 1544 1467 1545
f 1545 1467 1468
f 1545 1468 1546
f 1546 1468 1547
f 1547 1468 1469
f 1547 1469 1406
f 1470 1397 1396
f 1392 1394 1510
f 1510 1394 1472
f 1514 1513 1471
f 1471 1513 1512
f 1471 1512 1472
f 1472 1512 1511
f 1472 1511 1510
f 1396 1409 1470
f 1470 1409 1408
f 1470 1408 1469
f 1469 1408 1407
f 1469 1407 1406
f 1380 1372 1535
f 1535 1372 1548
f 1535 1548 1533
f 1533 1548 1549
f 1533 1549 1531
f 1531 1549 1550
f 1531 1550 1529
f 1529 1550 1551
f 1529 1551 1527
f 1527 1551 1552
f 1527 1552 1374
f 1374 1552 1360
f 1372 1373 1548
f 1548 1373 1473
f 1548 1473 1549
f 1549 1473 1474
f 1549 1474 1550
f 1550 1474 1466
f 1550 1466 1551
f 1551 1466 1465
f 1551 1465 1552
f 1552 1465 1464
f 1552 1464 1360
f 1360 1464 1361
f 1346 1553 1344
f 1344 1553 1359
f 1346 1348 1553
f 1553 1348 1349
f 1553 1349 1331
f 1479 1554 1521
f 1554 1479 1555
f 1555 1479 1476
f 1555 1476 1556
f 1556 1476 1477
f 1556 1477 1557
f 1557 1477 1558
f 1558 1477 1478
f 1558 1478 1354
f 1475 1345 1344
f 1340 1342 1517
f 1517 1342 1480
f 1521 1520 1479
f 1479 1520 1519
f 1479 1519 1480
f 1480 1519 1518
f 1480 1518 1517
f 1344 1357 1475
f 1475 1357 1356
f 1475 1356 1478
f 1478 1356 1355
f 1478 1355 1354
f 1485 1322 1318
f 1559 1320 1328
f 1560 1389 1561
f 1561 1389 1391
f 1561 1391 1562
f 1562 1391 1508
f 1562 1508 1509
f 1483 1484 1514
f 1542 1383 1563
f 1405 1410 1482
f 1482 1410 1411
f 1563 1383 1564
f 1564 1383 1382
f 1564 1382 1565
f 1565 1382 1384
f 1565 1384 1566
f 1566 1384 1386
f 1566 1386 1560
f 1560 1386 1388
f 1560 1388 1389
f 1545 1481 1544
f 1544 1481 1483
f 1544 1483 1543
f 1543 1483 1514
f 1545 1546 1481
f 1481 1546 1547
f 1481 1547 1482
f 1482 1547 1406
f 1482 1406 1405
f 1328 1486 1559
f 1559 1486 1482
f 1559 1482 1563
f 1563 1482 1411
f 1563 1411 1542
f 1318 1567 1485
f 1485 1567 1562
f 1485 1562 1484
f 1484 1562 1509
f 1484 1509 1514
f 1314 1320 1559
f 1563 1564 1314
f 1565 1566 1314
f 1560 1561 1314
f 1314 1567 1318
f 1562 1567 1314
f 1561 1562 1314
f 1566 1560 1314
f 1564 1565 1314
f 1559 1563 1314
f 1506 1307 1303
f 1568 1305 1313
f 1516 1521 1569
f 1334 1502 1332
f 1332 1502 1504
f 1332 1504 1330
f 1334 1336 1502
f 1502 1336 1337
f 1502 1337 1503
f 1503 1337 1339
f 1503 1339 1515
f 1358 1359 1570
f 1571 1558 1572
f 1572 1558 1354
f 1572 1354 1570
f 1570 1354 1353
f 1570 1353 1358
f 1330 1504 1331
f 1331 1504 1505
f 1331 1505 1553
f 1569 1521 1573
f 1573 1521 1554
f 1573 1554 1574
f 1574 1554 1555
f 1574 1555 1575
f 1575 1555 1556
f 1575 1556 1571
f 1571 1556 1557
f 1571 1557 1558
f 1313 1507 1568
f 1568 1507 1503
f 1568 1503 1569
f 1569 1503 1515
f 1569 1515 1516
f 1303 1576 1506
f 1506 1576 1570
f 1506 1570 1505
f 1505 1570 1359
f 1505 1359 1553
f 1299 1305 1568
f 1569 1573 1299
f 1574 1575 1299
f 1571 1572 1299
f 1299 1576 1303
f 1570 1576 1299
f 1572 1570 1299
f 1575 1571 1299
f 1573 1574 1299
f 1568 1569 1299
f 1577 1578 1579
f 1579 1578 1580
f 1581 1578 1577
f 1581 1577 1582
f 1583 1582 1577
f 1584 1583 1577
f 1585 1586 1579
f 1585 1579 1587
f 1580 1587 1579
f 1584 1577 1588
f 1588 1577 1589
f 1588 1589 1590
f 1590 1589 1591
f 1590 1591 1592
f 1592 1591 1593
f 1592 1593 1594
f 1594 1593 1595
f 1594 1595 1596
f 1596 1595 1597
f 1596 1597 1598
f 1598 1597 1599
f 1598 1599 1600
f 1600 1599 1601
f 1579 1586 1602
f 1579 1602 1603
f 1603 1602 1604
f 1603 1604 1605
f 1605 1604 1606
f 1605 1606 1607
f 1607 1606 1608
f 1607 1608 1609
f 1609 1608 1610
f 1609 1610 1611
f 1611 1610 1612
f 1611 1612 1613
f 1614 1600 1601
f 1614 1601 1615
f 1616 1615 1601
f 1617 1616 1601
f 1618 1619 1613
f 1618 1613 1620
f 1612 1620 1613
f 1617 1601 1619
f 1619 1601 1613
f 1621 1622 1623
f 1623 1622 1624
f 1623 1624 1625
f 1625 1624 1626
f 1625 1626 1627
f 1627 1626 1628
f 1627 1628 1629
f 1629 1628 1630
f 1629 1630 1631
f 1631 1630 1632
f 1631 1632 1633
f 1633 1632 1634
f 1633 1634 1635
f 1635 1634 1636
f 1635 1636 1637
f 1637 1636 1638
f 1639 1623 1625
f 1621 1623 1639
f 1639 1629 1631
f 1627 1629 1639
f 1625 1627 1639
f 1639 1635 1637
f 1633 1635 1639
f 1631 1633 1639
f 1640 1641 1582
f 1582 1641 1581
f 1584 1642 1583
f 1583 1642 1643
f 1643 1644 1583
f 1583 1644 1645
f 1583 1645 1582
f 1582 1645 1646
f 1582 1646 1640
f 1641 1647 1581
f 1581 1647 1648
f 1581 1648 1578
f 1578 1648 1649
f 1650 1600 1651
f 1651 1600 1614
f 1615 1652 1614
f 1614 1652 1653
f 1614 1653 1651
f 1616 1654 1615
f 1615 1654 1655
f 1615 1655 1652
f 1617 1656 1616
f 1616 1656 1657
f 1616 1657 1654
f 1658 1586 1659
f 1659 1586 1585
f 1659 1585 1660
f 1660 1585 1661
f 1661 1585 1587
f 1661 1587 1662
f 1662 1587 1663
f 1663 1587 1580
f 1663 1580 1664
f 1665 1666 1618
f 1618 1666 1619
f 1619 1666 1667
f 1619 1667 1668
f 1612 1669 1620
f 1620 1669 1670
f 1670 1671 1620
f 1620 1671 1672
f 1620 1672 1618
f 1618 1672 1673
f 1618 1673 1665
f 1674 1675 1676
f 1676 1675 1677
f 1676 1677 1678
f 1678 1677 1679
f 1678 1679 1680
f 1680 1679 1681
f 1680 1681 1682
f 1682 1681 1683
f 1682 1683 1684
f 1684 1683 1685
f 1684 1685 1686
f 1686 1685 1687
f 1686 1687 1688
f 1688 1687 1689
f 1688 1689 1690
f 1690 1689 1691
f 1690 1691 1692
f 1692 1691 1693
f 1692 1693 1694
f 1694 1693 1695
f 1694 1695 1696
f 1696 1695 1697
f 1698 1699 1700
f 1700 1699 1701
f 1700 1701 1702
f 1702 1701 1674
f 1702 1674 1703
f 1704 1705 1706
f 1706 1705 1707
f 1706 1707 1708
f 1708 1707 1709
f 1708 1709 1698
f 1698 1709 1710
f 1698 1710 1699
f 1674 1676 1703
f 1703 1676 1678
f 1703 1678 1711
f 1711 1678 1680
f 1711 1680 1712
f 1680 1682 1712
f 1712 1682 1684
f 1712 1684 1713
f 1713 1684 1686
f 1713 1686 1714
f 1714 1686 1688
f 1714 1688 1715
f 1716 1717 1718
f 1718 1717 1719
f 1718 1719 1704
f 1704 1719 1720
f 1704 1720 1705
f 1688 1690 1715
f 1715 1690 1692
f 1715 1692 1721
f 1721 1692 1694
f 1721 1694 1722
f 1722 1694 1696
f 1722 1696 1716
f 1716 1696 1723
f 1716 1723 1717
f 1724 1702 1725
f 1725 1702 1703
f 1725 1703 1726
f 1726 1703 1711
f 1726 1711 1727
f 1727 1711 1712
f 1727 1712 1728
f 1728 1712 1713
f 1728 1713 1729
f 1729 1713 1714
f 1729 1714 1730
f 1730 1714 1715
f 1730 1715 1731
f 1731 1715 1721
f 1731 1721 1732
f 1732 1721 1722
f 1733 1734 1735
f 1735 1734 1736
f 1735 1736 1737
f 1737 1736 1738
f 1737 1738 1739
f 1739 1738 1740
f 1739 1740 1741
f 1741 1740 1742
f 1741 1742 1743
f 1743 1742 1744
f 1743 1744 1745
f 1745 1744 1746
f 1745 1746 1747
f 1747 1746 1748
f 1747 1748 1749
f 1749 1748 1750
f 1749 1750 1751
f 1751 1750 1752
f 1751 1752 1753
f 1753 1752 1754
f 1753 1754 1755
f 1755 1754 1756
f 1757 1758 1759
f 1759 1758 1760
f 1759 1760 1761
f 1761 1760 1733
f 1761 1733 1762
f 1763 1764 1765
f 1765 1764 1766
f 1765 1766 1767
f 1767 1766 1768
f 1767 1768 1757
f 1757 1768 1769
f 1757 1769 1758
f 1770 1743 1771
f 1771 1743 1745
f 1771 1745 1772
f 1772 1745 1747
f 1772 1747 1773
f 1733 1735 1762
f 1762 1735 1737
f 1762 1737 1774
f 1774 1737 1739
f 1774 1739 1770
f 1770 1739 1741
f 1770 1741 1743
f 1775 1776 1777
f 1777 1776 1778
f 1777 1778 1763
f 1763 1778 1779
f 1763 1779 1764
f 1747 1749 1773
f 1773 1749 1751
f 1773 1751 1780
f 1780 1751 1753
f 1780 1753 1781
f 1781 1753 1755
f 1781 1755 1775
f 1775 1755 1782
f 1775 1782 1776
f 1783 1761 1784
f 1784 1761 1762
f 1784 1762 1785
f 1785 1762 1774
f 1785 1774 1786
f 1786 1774 1770
f 1786 1770 1787
f 1787 1770 1771
f 1787 1771 1788
f 1788 1771 1772
f 1788 1772 1789
f 1789 1772 1773
f 1789 1773 1790
f 1790 1773 1780
f 1790 1780 1791
f 1791 1780 1781
f 1792 1793 1794
f 1794 1793 1795
f 1796 1797 1798
f 1796 1798 1799
f 1799 1798 1800
f 1794 1795 1801
f 1792 1794 1802
f 1802 1794 1801
f 1802 1801 1796
f 1796 1801 1797
f 1793 1792 1803
f 1803 1792 1804
f 1805 1806 1793
f 1793 1806 1795
f 1795 1806 1807
f 1795 1807 1801
f 1801 1807 1808
f 1801 1808 1797
f 1808 1809 1797
f 1797 1809 1798
f 1798 1809 1800
f 1800 1809 1810
f 1799 1800 1811
f 1811 1800 1812
f 1802 1796 1799
f 1804 1792 1813
f 1813 1792 1802
f 1813 1802 1814
f 1814 1802 1799
f 1803 1815 1793
f 1793 1815 1805
f 1816 1803 1804
f 1817 1805 1818
f 1818 1805 1815
f 1819 1806 1817
f 1817 1806 1805
f 1806 1819 1820
f 1806 1820 1807
f 1807 1820 1821
f 1807 1821 1808
f 1822 1809 1821
f 1821 1809 1808
f 1809 1822 1810
f 1810 1822 1823
f 1578 1649 1580
f 1580 1649 1664
f 1824 1823 1825
f 1825 1823 1826
f 1827 1645 1644
f 1644 1643 1827
f 1827 1643 1642
f 1827 1642 1828
f 1827 1647 1641
f 1641 1640 1827
f 1827 1640 1646
f 1827 1646 1645
f 1647 1827 1829
f 1829 1827 1828
f 1829 1828 1826
f 1826 1828 1830
f 1826 1830 1825
f 1831 1810 1832
f 1832 1810 1823
f 1832 1823 1824
f 1812 1800 1831
f 1831 1800 1810
f 1811 1812 1833
f 1799 1811 1814
f 1814 1811 1833
f 1814 1833 1813
f 1816 1804 1834
f 1834 1804 1813
f 1834 1813 1835
f 1835 1813 1833
f 1836 1815 1816
f 1816 1815 1803
f 1837 1818 1838
f 1838 1818 1815
f 1838 1815 1836
f 1839 1818 1837
f 1650 1840 1841
f 1652 1655 1840
f 1840 1655 1654
f 1840 1654 1841
f 1650 1651 1840
f 1840 1651 1653
f 1840 1653 1652
f 1837 1842 1839
f 1839 1842 1843
f 1839 1843 1841
f 1841 1843 1844
f 1841 1844 1650
f 1845 1846 1605
f 1589 1577 1636
f 1611 1847 1848
f 1849 1622 1848
f 1848 1622 1850
f 1848 1850 1611
f 1611 1850 1609
f 1605 1846 1603
f 1589 1636 1591
f 1591 1636 1634
f 1591 1634 1593
f 1593 1634 1632
f 1593 1632 1595
f 1632 1630 1595
f 1595 1630 1628
f 1595 1628 1597
f 1597 1628 1626
f 1597 1626 1599
f 1599 1626 1624
f 1599 1624 1601
f 1847 1611 1851
f 1851 1611 1613
f 1851 1613 1852
f 1849 1853 1622
f 1622 1853 1724
f 1622 1724 1624
f 1624 1724 1725
f 1729 1730 1601
f 1850 1854 1609
f 1609 1854 1855
f 1609 1855 1607
f 1607 1855 1856
f 1607 1856 1857
f 1605 1607 1845
f 1845 1607 1857
f 1845 1857 1791
f 1791 1857 1858
f 1791 1858 1790
f 1790 1858 1859
f 1846 1860 1603
f 1603 1860 1861
f 1603 1861 1579
f 1579 1861 1862
f 1579 1862 1863
f 1725 1726 1624
f 1624 1726 1727
f 1624 1727 1601
f 1601 1727 1728
f 1601 1728 1729
f 1638 1788 1859
f 1859 1788 1789
f 1859 1789 1790
f 1730 1731 1601
f 1601 1731 1732
f 1601 1732 1613
f 1613 1732 1864
f 1613 1864 1852
f 1577 1785 1786
f 1863 1865 1579
f 1579 1865 1783
f 1579 1783 1577
f 1577 1783 1784
f 1577 1784 1785
f 1638 1636 1788
f 1788 1636 1577
f 1788 1577 1787
f 1787 1577 1786
f 1642 1584 1828
f 1828 1584 1588
f 1828 1588 1830
f 1830 1588 1825
f 1825 1588 1590
f 1825 1590 1824
f 1824 1590 1832
f 1832 1590 1592
f 1832 1592 1831
f 1838 1836 1594
f 1838 1594 1837
f 1837 1594 1596
f 1837 1596 1842
f 1842 1596 1598
f 1842 1598 1843
f 1843 1598 1844
f 1844 1598 1600
f 1844 1600 1650
f 1812 1831 1833
f 1833 1831 1592
f 1833 1592 1835
f 1835 1592 1594
f 1835 1594 1834
f 1834 1594 1836
f 1834 1836 1816
f 1658 1866 1867
f 1661 1662 1866
f 1866 1662 1663
f 1866 1663 1867
f 1658 1659 1866
f 1866 1659 1660
f 1866 1660 1661
f 1868 1672 1671
f 1671 1670 1868
f 1868 1670 1669
f 1868 1669 1869
f 1868 1667 1666
f 1666 1665 1868
f 1868 1665 1673
f 1868 1673 1672
f 1667 1868 1870
f 1870 1868 1869
f 1870 1869 1871
f 1869 1872 1871
f 1871 1872 1873
f 1871 1873 1874
f 1874 1873 1875
f 1875 1876 1874
f 1874 1876 1877
f 1874 1877 1878
f 1877 1879 1878
f 1878 1879 1880
f 1878 1880 1881
f 1880 1882 1881
f 1881 1882 1883
f 1881 1883 1867
f 1867 1883 1884
f 1867 1884 1658
f 1669 1612 1869
f 1869 1612 1610
f 1869 1610 1872
f 1872 1610 1873
f 1873 1610 1608
f 1873 1608 1875
f 1875 1608 1876
f 1876 1608 1606
f 1876 1606 1877
f 1877 1606 1879
f 1879 1606 1604
f 1879 1604 1880
f 1880 1604 1882
f 1882 1604 1602
f 1882 1602 1883
f 1883 1602 1884
f 1884 1602 1586
f 1884 1586 1658
f 1819 1675 1820
f 1820 1675 1821
f 1675 1885 1886
f 1817 1685 1683
f 1648 1647 1649
f 1649 1647 1829
f 1649 1829 1822
f 1822 1829 1826
f 1822 1826 1823
f 1886 1887 1675
f 1675 1887 1888
f 1675 1888 1821
f 1821 1888 1889
f 1664 1890 1663
f 1663 1890 1891
f 1663 1891 1867
f 1874 1892 1893
f 1738 1736 1649
f 1649 1736 1734
f 1649 1734 1664
f 1664 1734 1894
f 1664 1894 1890
f 1683 1681 1817
f 1817 1681 1679
f 1817 1679 1819
f 1819 1679 1677
f 1819 1677 1675
f 1874 1893 1871
f 1892 1874 1895
f 1895 1874 1878
f 1895 1878 1881
f 1752 1822 1754
f 1754 1822 1821
f 1754 1821 1756
f 1756 1821 1889
f 1752 1750 1822
f 1822 1750 1748
f 1822 1748 1649
f 1649 1748 1746
f 1649 1746 1744
f 1744 1742 1649
f 1649 1742 1740
f 1649 1740 1738
f 1675 1895 1885
f 1885 1895 1881
f 1885 1881 1896
f 1896 1881 1867
f 1896 1867 1897
f 1897 1867 1891
f 1893 1898 1871
f 1871 1898 1899
f 1871 1899 1870
f 1900 1668 1901
f 1901 1668 1667
f 1901 1667 1902
f 1902 1667 1870
f 1902 1870 1903
f 1903 1870 1899
f 1817 1818 1685
f 1685 1818 1839
f 1685 1839 1687
f 1687 1839 1841
f 1687 1841 1689
f 1841 1654 1689
f 1689 1654 1657
f 1689 1657 1691
f 1691 1657 1656
f 1691 1656 1693
f 1900 1904 1668
f 1668 1904 1697
f 1668 1697 1656
f 1656 1697 1695
f 1656 1695 1693
f 1619 1668 1617
f 1617 1668 1656
f 1791 1781 1845
f 1845 1781 1775
f 1845 1775 1846
f 1846 1775 1777
f 1846 1777 1860
f 1860 1777 1763
f 1860 1763 1861
f 1861 1763 1765
f 1861 1765 1862
f 1862 1765 1767
f 1862 1767 1863
f 1863 1767 1757
f 1863 1757 1865
f 1865 1757 1759
f 1865 1759 1783
f 1783 1759 1761
f 1755 1756 1782
f 1782 1756 1889
f 1782 1889 1776
f 1776 1889 1888
f 1776 1888 1778
f 1778 1888 1887
f 1778 1887 1779
f 1779 1887 1886
f 1779 1886 1764
f 1764 1886 1885
f 1764 1885 1766
f 1766 1885 1896
f 1766 1896 1768
f 1768 1896 1897
f 1768 1897 1769
f 1769 1897 1891
f 1769 1891 1758
f 1758 1891 1890
f 1758 1890 1760
f 1760 1890 1894
f 1760 1894 1733
f 1733 1894 1734
f 1732 1722 1864
f 1864 1722 1716
f 1864 1716 1852
f 1852 1716 1718
f 1852 1718 1851
f 1851 1718 1704
f 1851 1704 1847
f 1847 1704 1706
f 1847 1706 1848
f 1848 1706 1708
f 1848 1708 1849
f 1849 1708 1698
f 1849 1698 1853
f 1853 1698 1700
f 1853 1700 1724
f 1724 1700 1702
f 1696 1697 1723
f 1723 1697 1904
f 1723 1904 1717
f 1717 1904 1900
f 1717 1900 1719
f 1719 1900 1901
f 1719 1901 1720
f 1720 1901 1902
f 1720 1902 1705
f 1705 1902 1903
f 1705 1903 1707
f 1707 1903 1899
f 1707 1899 1709
f 1709 1899 1898
f 1709 1898 1710
f 1710 1898 1893
f 1710 1893 1699
f 1699 1893 1892
f 1699 1892 1701
f 1701 1892 1895
f 1701 1895 1674
f 1674 1895 1675
f 1639 1905 1906
f 1637 1905 1639
f 1639 1907 1908
f 1909 1907 1639
f 1906 1909 1639
f 1639 1910 1621
f 1911 1910 1639
f 1908 1911 1639
f 1637 1638 1905
f 1905 1638 1859
f 1905 1859 1906
f 1906 1859 1858
f 1906 1858 1909
f 1909 1858 1857
f 1909 1857 1907
f 1907 1857 1856
f 1907 1856 1908
f 1908 1856 1855
f 1908 1855 1911
f 1911 1855 1854
f 1911 1854 1910
f 1910 1854 1850
f 1910 1850 1621
f 1621 1850 1622
f 1912 1913 1914
f 1914 1913 1915
f 1914 1915 1916
f 1916 1915 1917
f 1916 1917 1918
f 1918 1917 1919
f 1918 1919 1920
f 1920 1919 1921
f 1920 1921 1922
f 1922 1921 1923
f 1922 1923 1924
f 1924 1923 1925
f 1924 1925 1926
f 1926 1925 1927
f 1928 1920 1929
f 1929 1920 1922
f 1929 1922 1930
f 1930 1922 1924
f 1930 1924 1931
f 1931 1924 1926
f 1931 1926 1932
f 1932 1926 1933
f 1932 1933 1934
f 1934 1933 1935
f 1934 1935 1936
f 1936 1935 1937
f 1936 1937 1938
f 1938 1937 1939
f 1938 1939 1940
f 1940 1939 1941
f 1940 1941 1942
f 1942 1941 1912
f 1942 1912 1943
f 1943 1912 1914
f 1943 1914 1944
f 1944 1914 1916
f 1944 1916 1945
f 1945 1916 1918
f 1945 1918 1928
f 1928 1918 1920
f 1946 1942 1947
f 1947 1942 1943
f 1947 1943 1948
f 1948 1943 1944
f 1948 1944 1949
f 1949 1944 1945
f 1949 1945 1950
f 1950 1945 1928
f 1950 1928 1951
f 1951 1928 1929
f 1951 1929 1952
f 1952 1929 1930
f 1952 1930 1953
f 1953 1930 1931
f 1954 1955 1956
f 1956 1955 1957
f 1956 1957 1958
f 1958 1957 1959
f 1958 1959 1960
f 1960 1959 1961
f 1960 1961 1962
f 1962 1961 1963
f 1962 1963 1964
f 1964 1963 1965
f 1964 1965 1966
f 1966 1965 1967
f 1968 1956 1969
f 1969 1956 1958
f 1969 1958 1970
f 1970 1958 1960
f 1970 1960 1971
f 1971 1960 1962
f 1971 1962 1972
f 1972 1962 1964
f 1972 1964 1973
f 1973 1964 1966
f 1973 1966 1974
f 1974 1966 1975
f 1974 1975 1976
f 1976 1975 1977
f 1976 1977 1978
f 1978 1977 1979
f 1978 1979 1980
f 1980 1979 1981
f 1980 1981 1982
f 1982 1981 1983
f 1982 1983 1984
f 1984 1983 1954
f 1984 1954 1968
f 1968 1954 1956
f 1985 1984 1986
f 1986 1984 1968
f 1986 1968 1987
f 1987 1968 1969
f 1987 1969 1988
f 1988 1969 1970
f 1988 1970 1989
f 1989 1970 1971
f 1989 1971 1990
f 1990 1971 1972
f 1990 1972 1991
f 1991 1972 1973
f 1992 1993 1994
f 1994 1993 1995
f 1994 1995 1996
f 1996 1995 1997
f 1996 1997 1998
f 1998 1997 1999
f 1998 1999 2000
f 2000 1999 2001
f 2000 2001 2002
f 2002 2001 2003
f 2002 2003 2004
f 2004 2003 2005
f 2006 2007 2008
f 2008 2007 2009
f 2008 2009 2010
f 2010 2009 1992
f 2010 1992 2011
f 2011 1992 1994
f 2011 1994 2012
f 2012 1994 1996
f 2012 1996 2013
f 2013 1996 1998
f 2013 1998 2014
f 2014 1998 2000
f 2014 2000 2015
f 2015 2000 2002
f 2015 2002 2016
f 2016 2002 2004
f 2016 2004 2017
f 2017 2004 2018
f 2017 2018 2019
f 2019 2018 2020
f 2019 2020 2021
f 2021 2020 2022
f 2021 2022 2006
f 2006 2022 2007
f 2023 2010 2024
f 2024 2010 2011
f 2024 2011 2025
f 2025 2011 2012
f 2025 2012 2026
f 2026 2012 2013
f 2026 2013 2027
f 2027 2013 2014
f 2027 2014 2028
f 2028 2014 2015
f 2028 2015 2029
f 2029 2015 2016
f 2030 2031 2032
f 2032 2031 2033
f 2032 2033 2034
f 2034 2033 2035
f 2034 2035 2036
f 2036 2035 2037
f 2036 2037 2038
f 2038 2037 2039
f 2038 2039 2040
f 2040 2039 2041
f 2040 2041 2042
f 2042 2041 2043
f 2044 2045 2046
f 2046 2045 2047
f 2046 2047 2048
f 2048 2047 2030
f 2048 2030 2049
f 2049 2030 2032
f 2049 2032 2050
f 2050 2032 2034
f 2050 2034 2051
f 2051 2034 2036
f 2051 2036 2052
f 2052 2036 2038
f 2052 2038 2053
f 2053 2038 2040
f 2053 2040 2054
f 2054 2040 2042
f 2054 2042 2055
f 2055 2042 2056
f 2055 2056 2057
f 2057 2056 2058
f 2057 2058 2059
f 2059 2058 2060
f 2059 2060 2044
f 2044 2060 2045
f 2061 2048 2062
f 2062 2048 2049
f 2062 2049 2063
f 2063 2049 2050
f 2063 2050 2064
f 2064 2050 2051
f 2064 2051 2065
f 2065 2051 2052
f 2065 2052 2066
f 2066 2052 2053
f 2066 2053 2067
f 2067 2053 2054
f 2068 2069 2070
f 2070 2069 2071
f 2070 2071 2072
f 2072 2071 2073
f 2072 2073 2074
f 2074 2073 2075
f 2074 2075 2076
f 2076 2075 2077
f 2076 2077 2078
f 2078 2077 2079
f 2078 2079 2080
f 2080 2079 2081
f 2082 2083 2084
f 2084 2083 2085
f 2084 2085 2086
f 2086 2085 2087
f 2086 2087 2088
f 2088 2087 2068
f 2088 2068 2089
f 2089 2068 2070
f 2089 2070 2090
f 2090 2070 2072
f 2090 2072 2091
f 2091 2072 2074
f 2091 2074 2092
f 2092 2074 2076
f 2092 2076 2093
f 2093 2076 2078
f 2093 2078 2094
f 2094 2078 2080
f 2094 2080 2095
f 2095 2080 2096
f 2095 2096 2097
f 2097 2096 2098
f 2097 2098 2099
f 2099 2098 2100
f 2099 2100 2082
f 2082 2100 2083
f 2101 2088 2102
f 2102 2088 2089
f 2102 2089 2103
f 2103 2089 2090
f 2103 2090 2104
f 2104 2090 2091
f 2104 2091 2105
f 2105 2091 2092
f 2105 2092 2106
f 2106 2092 2093
f 2106 2093 2107
f 2107 2093 2094
f 2108 2109 2110
f 2110 2109 2111
f 2110 2111 2112
f 2112 2111 2113
f 2112 2113 2114
f 2114 2113 2115
f 2114 2115 2116
f 2116 2115 2117
f 2116 2117 2118
f 2118 2117 2119
f 2118 2119 2120
f 2120 2119 2121
f 2122 2123 2124
f 2124 2123 2125
f 2124 2125 2126
f 2126 2125 2127
f 2126 2127 2128
f 2128 2127 2129
f 2128 2129 2130
f 2130 2129 2131
f 2130 2131 2132
f 2132 2131 2108
f 2132 2108 2133
f 2133 2108 2110
f 2133 2110 2134
f 2134 2110 2112
f 2134 2112 2135
f 2135 2112 2114
f 2135 2114 2136
f 2136 2114 2116
f 2136 2116 2137
f 2137 2116 2118
f 2137 2118 2138
f 2138 2118 2120
f 2138 2120 2122
f 2122 2120 2123
f 2139 2132 2140
f 2140 2132 2133
f 2140 2133 2141
f 2141 2133 2134
f 2141 2134 2142
f 2142 2134 2135
f 2142 2135 2143
f 2143 2135 2136
f 2143 2136 2144
f 2144 2136 2137
f 2144 2137 2145
f 2145 2137 2138
f 2146 2147 2148
f 2148 2147 2149
f 2148 2149 2150
f 2150 2149 2151
f 2150 2151 2152
f 2152 2151 2153
f 2152 2153 2154
f 2154 2153 2155
f 2154 2155 2156
f 2156 2155 2157
f 2156 2157 2158
f 2158 2157 2159
f 2160 2161 2162
f 2162 2161 2163
f 2162 2163 2164
f 2164 2163 2165
f 2164 2165 2166
f 2166 2165 2167
f 2166 2167 2168
f 2168 2167 2146
f 2168 2146 2169
f 2169 2146 2148
f 2169 2148 2170
f 2170 2148 2150
f 2170 2150 2171
f 2171 2150 2152
f 2171 2152 2172
f 2172 2152 2154
f 2172 2154 2173
f 2173 2154 2156
f 2173 2156 2174
f 2174 2156 2158
f 2174 2158 2175
f 2175 2158 2176
f 2175 2176 2177
f 2177 2176 2160
f 2177 2160 2162
f 2178 2168 2179
f 2179 2168 2169
f 2179 2169 2180
f 2180 2169 2170
f 2180 2170 2181
f 2181 2170 2171
f 2181 2171 2182
f 2182 2171 2172
f 2182 2172 2183
f 2183 2172 2173
f 2183 2173 2184
f 2184 2173 2174
f 2185 2186 2187
f 2187 2186 2188
f 2187 2188 2189
f 2189 2188 2190
f 2189 2190 2191
f 2191 2190 2192
f 2191 2192 2193
f 2193 2192 2194
f 2193 2194 2195
f 2195 2194 2196
f 2195 2196 2197
f 2197 2196 2198
f 2199 2200 2201
f 2201 2200 2202
f 2201 2202 2203
f 2203 2202 2204
f 2203 2204 2205
f 2205 2204 2206
f 2205 2206 2207
f 2207 2206 2208
f 2207 2208 2209
f 2209 2208 2185
f 2209 2185 2210
f 2210 2185 2187
f 2210 2187 2211
f 2211 2187 2189
f 2211 2189 2212
f 2212 2189 2191
f 2212 2191 2213
f 2213 2191 2193
f 2213 2193 2214
f 2214 2193 2195
f 2214 2195 2215
f 2215 2195 2197
f 2215 2197 2199
f 2199 2197 2200
f 2216 2209 2217
f 2217 2209 2210
f 2217 2210 2218
f 2218 2210 2211
f 2218 2211 2219
f 2219 2211 2212
f 2219 2212 2220
f 2220 2212 2213
f 2220 2213 2221
f 2221 2213 2214
f 2221 2214 2222
f 2222 2214 2215
f 2223 2224 2225
f 2225 2224 2226
f 2225 2226 2227
f 2227 2226 2228
f 2227 2228 2229
f 2229 2228 2230
f 2229 2230 2231
f 2231 2230 2232
f 2231 2232 2233
f 2233 2232 2234
f 2233 2234 2235
f 2235 2234 2236
f 2237 2238 2239
f 2239 2238 2240
f 2239 2240 2241
f 2241 2240 2242
f 2241 2242 2243
f 2243 2242 2244
f 2243 2244 2245
f 2245 2244 2246
f 2245 2246 2247
f 2247 2246 2223
f 2247 2223 2248
f 2248 2223 2225
f 2248 2225 2249
f 2249 2225 2227
f 2249 2227 2250
f 2250 2227 2229
f 2250 2229 2251
f 2251 2229 2231
f 2251 2231 2252
f 2252 2231 2233
f 2252 2233 2253
f 2253 2233 2235
f 2253 2235 2237
f 2237 2235 2238
f 2254 2247 2255
f 2255 2247 2248
f 2255 2248 2256
f 2256 2248 2249
f 2256 2249 2257
f 2257 2249 2250
f 2257 2250 2258
f 2258 2250 2251
f 2258 2251 2259
f 2259 2251 2252
f 2259 2252 2260
f 2260 2252 2253
f 2261 2262 2263
f 2263 2262 2264
f 2263 2264 2265
f 2265 2264 2266
f 2265 2266 2267
f 2267 2266 2268
f 2267 2268 2269
f 2269 2268 2270
f 2269 2270 2271
f 2271 2270 2272
f 2271 2272 2273
f 2273 2272 2274
f 2273 2274 2275
f 2275 2274 2276
f 2277 2273 2278
f 2278 2273 2275
f 2278 2275 2279
f 2279 2275 2280
f 2279 2280 2281
f 2281 2280 2282
f 2281 2282 2283
f 2283 2282 2284
f 2283 2284 2285
f 2285 2284 2286
f 2285 2286 2287
f 2287 2286 2288
f 2287 2288 2289
f 2289 2288 2261
f 2289 2261 2290
f 2290 2261 2263
f 2290 2263 2291
f 2291 2263 2265
f 2291 2265 2292
f 2292 2265 2267
f 2292 2267 2293
f 2293 2267 2269
f 2293 2269 2294
f 2294 2269 2271
f 2294 2271 2277
f 2277 2271 2273
f 2295 2289 2296
f 2296 2289 2290
f 2296 2290 2297
f 2297 2290 2291
f 2297 2291 2298
f 2298 2291 2292
f 2298 2292 2299
f 2299 2292 2293
f 2299 2293 2300
f 2300 2293 2294
f 2300 2294 2301
f 2301 2294 2277
f 2301 2277 2302
f 2302 2277 2278
f 2303 2304 2305
f 2305 2304 2306
f 2305 2306 2307
f 2307 2306 2308
f 2307 2308 2309
f 2309 2308 2310
f 2309 2310 2311
f 2311 2310 2312
f 2311 2312 2313
f 2313 2312 2314
f 2313 2314 2315
f 2315 2314 2316
f 2317 2318 2319
f 2319 2318 2320
f 2319 2320 2321
f 2321 2320 2322
f 2321 2322 2323
f 2323 2322 2324
f 2323 2324 2325
f 2325 2324 2303
f 2325 2303 2326
f 2326 2303 2305
f 2326 2305 2327
f 2327 2305 2307
f 2327 2307 2328
f 2328 2307 2309
f 2328 2309 2329
f 2329 2309 2311
f 2329 2311 2330
f 2330 2311 2313
f 2330 2313 2331
f 2331 2313 2315
f 2331 2315 2332
f 2332 2315 2333
f 2332 2333 2317
f 2317 2333 2318
f 2334 2325 2335
f 2335 2325 2326
f 2335 2326 2336
f 2336 2326 2327
f 2336 2327 2337
f 2337 2327 2328
f 2337 2328 2338
f 2338 2328 2329
f 2338 2329 2339
f 2339 2329 2330
f 2339 2330 2340
f 2340 2330 2331
f 2341 2342 2343
f 2343 2342 2344
f 2343 2344 2345
f 2345 2344 2346
f 2345 2346 2347
f 2347 2346 2348
f 2347 2348 2349
f 2349 2348 2350
f 2349 2350 2351
f 2351 2350 2352
f 2351 2352 2353
f 2353 2352 2354
f 2355 2356 2357
f 2357 2356 2358
f 2357 2358 2359
f 2359 2358 2360
f 2359 2360 2361
f 2361 2360 2362
f 2361 2362 2363
f 2363 2362 2341
f 2363 2341 2364
f 2364 2341 2343
f 2364 2343 2365
f 2365 2343 2345
f 2365 2345 2366
f 2366 2345 2347
f 2366 2347 2367
f 2367 2347 2349
f 2367 2349 2368
f 2368 2349 2351
f 2368 2351 2369
f 2369 2351 2353
f 2369 2353 2370
f 2370 2353 2371
f 2370 2371 2372
f 2372 2371 2373
f 2372 2373 2355
f 2355 2373 2356
f 2374 2363 2375
f 2375 2363 2364
f 2375 2364 2376
f 2376 2364 2365
f 2376 2365 2377
f 2377 2365 2366
f 2377 2366 2378
f 2378 2366 2367
f 2378 2367 2379
f 2379 2367 2368
f 2379 2368 2380
f 2380 2368 2369
f 2381 2382 2383
f 2383 2382 2384
f 2383 2384 2385
f 2385 2384 2386
f 2385 2386 2387
f 2387 2386 2388
f 2387 2388 2389
f 2389 2388 2390
f 2389 2390 2391
f 2391 2390 2392
f 2391 2392 2393
f 2393 2392 2394
f 2395 2383 2396
f 2396 2383 2385
f 2396 2385 2397
f 2397 2385 2387
f 2397 2387 2398
f 2398 2387 2389
f 2398 2389 2399
f 2399 2389 2391
f 2399 2391 2400
f 2400 2391 2393
f 2400 2393 2401
f 2401 2393 2402
f 2401 2402 2403
f 2403 2402 2404
f 2403 2404 2405
f 2405 2404 2406
f 2405 2406 2407
f 2407 2406 2408
f 2407 2408 2409
f 2409 2408 2410
f 2409 2410 2411
f 2411 2410 2381
f 2411 2381 2395
f 2395 2381 2383
f 2412 2411 2413
f 2413 2411 2395
f 2413 2395 2414
f 2414 2395 2396
f 2414 2396 2415
f 2415 2396 2397
f 2415 2397 2416
f 2416 2397 2398
f 2416 2398 2417
f 2417 2398 2399
f 2417 2399 2418
f 2418 2399 2400
f 2419 2420 2421
f 2421 2420 2422
f 2421 2422 2423
f 2423 2422 2424
f 2423 2424 2425
f 2425 2424 2426
f 2425 2426 2427
f 2427 2426 2428
f 2427 2428 2429
f 2429 2428 2430
f 2429 2430 2431
f 2431 2430 2432
f 2431 2432 2433
f 2433 2432 2434
f 2435 2425 2436
f 2436 2425 2427
f 2436 2427 2437
f 2437 2427 2429
f 2437 2429 2438
f 2438 2429 2431
f 2438 2431 2439
f 2439 2431 2433
f 2439 2433 2440
f 2440 2433 2441
f 2440 2441 2442
f 2442 2441 2443
f 2442 2443 2444
f 2444 2443 2445
f 2444 2445 2446
f 2446 2445 2447
f 2446 2447 2448
f 2448 2447 2449
f 2448 2449 2450
f 2450 2449 2419
f 2450 2419 2451
f 2451 2419 2421
f 2451 2421 2452
f 2452 2421 2423
f 2452 2423 2435
f 2435 2423 2425
f 2453 2450 2454
f 2454 2450 2451
f 2454 2451 2455
f 2455 2451 2452
f 2455 2452 2456
f 2456 2452 2435
f 2456 2435 2457
f 2457 2435 2436
f 2457 2436 2458
f 2458 2436 2437
f 2458 2437 2459
f 2459 2437 2438
f 2459 2438 2460
f 2460 2438 2439
f 2461 2462 2463
f 2463 2462 2464
f 2463 2464 2465
f 2465 2464 2466
f 2465 2466 2467
f 2467 2466 2468
f 2467 2468 2469
f 2469 2468 2470
f 2469 2470 2471
f 2471 2470 2472
f 2471 2472 2473
f 2473 2472 2474
f 2475 2473 2476
f 2476 2473 2477
f 2476 2477 2478
f 2478 2477 2479
f 2478 2479 2480
f 2480 2479 2481
f 2480 2481 2482
f 2482 2481 2483
f 2482 2483 2484
f 2484 2483 2485
f 2484 2485 2486
f 2486 2485 2461
f 2486 2461 2487
f 2487 2461 2463
f 2487 2463 2488
f 2488 2463 2465
f 2488 2465 2489
f 2489 2465 2467
f 2489 2467 2490
f 2490 2467 2469
f 2490 2469 2491
f 2491 2469 2471
f 2491 2471 2475
f 2475 2471 2473
f 2492 2486 2493
f 2493 2486 2487
f 2493 2487 2494
f 2494 2487 2488
f 2494 2488 2495
f 2495 2488 2489
f 2495 2489 2496
f 2496 2489 2490
f 2496 2490 2497
f 2497 2490 2491
f 2497 2491 2498
f 2498 2491 2475
f 2499 2500 2501
f 2501 2500 2502
f 2501 2502 2503
f 2503 2502 2504
f 2503 2504 2505
f 2505 2504 2506
f 2505 2506 2507
f 2507 2506 2508
f 2507 2508 2509
f 2509 2508 2510
f 2509 2510 2511
f 2511 2510 2512
f 2513 2503 2514
f 2514 2503 2505
f 2514 2505 2515
f 2515 2505 2507
f 2515 2507 2516
f 2516 2507 2509
f 2516 2509 2517
f 2517 2509 2511
f 2517 2511 2518
f 2518 2511 2519
f 2518 2519 2520
f 2520 2519 2521
f 2520 2521 2522
f 2522 2521 2523
f 2522 2523 2524
f 2524 2523 2525
f 2524 2525 2526
f 2526 2525 2527
f 2526 2527 2528
f 2528 2527 2499
f 2528 2499 2529
f 2529 2499 2501
f 2529 2501 2513
f 2513 2501 2503
f 2530 2528 2531
f 2531 2528 2529
f 2531 2529 2532
f 2532 2529 2513
f 2532 2513 2533
f 2533 2513 2514
f 2533 2514 2534
f 2534 2514 2515
f 2534 2515 2535
f 2535 2515 2516
f 2535 2516 2536
f 2536 2516 2517
f 2537 1638 2538
f 2538 1638 2539
f 2538 2539 2540
f 2540 2539 2541
f 2540 2541 2542
f 2542 2541 1630
f 2542 1630 2543
f 2543 1630 2544
f 2543 2544 2545
f 2545 2544 2546
f 2545 2546 2547
f 2547 2546 1622
f 2548 2549 2550
f 2550 2549 2551
f 2550 2551 2552
f 2552 2551 2553
f 2552 2553 2554
f 2554 2553 2555
f 2554 2555 2556
f 2556 2555 2557
f 2556 2557 2558
f 2558 2557 2559
f 2558 2559 2560
f 2560 2559 2561
f 2562 2563 2564
f 2564 2563 2565
f 2564 2565 2566
f 2566 2565 2567
f 2566 2567 2568
f 2568 2567 2569
f 2568 2569 2570
f 2570 2569 2571
f 2570 2571 2572
f 2572 2571 2573
f 2572 2573 2574
f 2574 2573 2575
f 2557 2576 2559
f 2559 2576 2577
f 2559 2577 2561
f 2561 2577 2578
f 2561 2578 2579
f 2579 2578 2580
f 2579 2580 2581
f 2581 2580 2582
f 2581 2582 2583
f 2583 2582 2584
f 2583 2584 2585
f 2585 2584 2586
f 2585 2586 2587
f 2587 2586 2588
f 2587 2588 2549
f 2549 2588 2589
f 2549 2589 2551
f 2551 2589 2590
f 2551 2590 2553
f 2553 2590 2591
f 2553 2591 2555
f 2555 2591 2592
f 2555 2592 2557
f 2557 2592 2576
f 2593 2594 2595
f 2595 2594 2596
f 2595 2596 2597
f 2597 2596 2598
f 2597 2598 2599
f 2599 2598 2600
f 2599 2600 2601
f 2601 2600 2602
f 2601 2602 2603
f 2603 2602 2604
f 2603 2604 2605
f 2605 2604 2606
f 2605 2606 2607
f 2607 2606 2608
f 2607 2608 2609
f 2609 2608 2610
f 2609 2610 2611
f 2611 2610 2612
f 2611 2612 2613
f 2613 2612 2614
f 2613 2614 2615
f 2615 2614 2616
f 2615 2616 2617
f 2617 2616 2618
f 2617 2618 2619
f 2619 2618 2620
f 2619 2620 2621
f 2621 2620 2622
f 2623 2593 2624
f 2624 2593 2595
f 2624 2595 2625
f 2625 2595 2597
f 2625 2597 2626
f 2626 2597 2599
f 2626 2599 2627
f 2627 2599 2601
f 2627 2601 2628
f 2628 2601 2603
f 2628 2603 2629
f 2629 2603 2605
f 2629 2605 2630
f 2630 2605 2607
f 2630 2607 2631
f 2631 2607 2609
f 2631 2609 2632
f 2632 2609 2611
f 2632 2611 2633
f 2633 2611 2613
f 2633 2613 2634
f 2634 2613 2615
f 2634 2615 2635
f 2635 2615 2617
f 2635 2617 2636
f 2636 2617 2619
f 2636 2619 2637
f 2637 2619 2621
f 2638 2639 2640
f 2641 2642 2643
f 2644 2645 2646
f 2647 2648 2649
f 2650 2651 2652
f 2653 2654 2655
f 2656 2657 2658
f 2659 2660 2661
f 2661 2660 2662
f 2661 2662 2663
f 2664 2665 2666
f 2666 2665 2667
f 2668 2669 2670
f 2671 2672 2673
f 2674 2675 2676
f 2677 2678 2646
f 2679 2680 2681
f 2681 2680 2682
f 2434 2432 2683
f 2190 2188 2684
f 2685 2686 2687
f 2688 2689 2690
f 1961 1959 2691
f 2692 2693 2694
f 2695 2696 2697
f 2698 2699 2700
f 2701 2702 2703
f 2704 2705 2706
f 2707 2708 2709
f 2710 2711 2712
f 2713 2714 2715
f 2715 2714 2716
f 2715 2716 2717
f 2717 2716 2718
f 2719 2720 2653
f 2653 2720 2721
f 2717 2722 2723
f 2723 2722 2724
f 2723 2724 2725
f 2725 2724 2726
f 2725 2726 2727
f 2721 2728 2653
f 2653 2728 2729
f 2653 2729 2654
f 2654 2729 2730
f 2654 2730 2731
f 2727 2719 2725
f 2725 2719 2653
f 2725 2653 2732
f 2732 2653 2733
f 2734 2735 2736
f 2736 2735 2737
f 2736 2737 2738
f 2739 2740 2741
f 2741 2740 2742
f 2741 2742 2743
f 2739 2744 2740
f 2740 2744 2745
f 2740 2745 2735
f 2735 2745 2746
f 2735 2746 2737
f 2738 2747 2736
f 2736 2747 2748
f 2736 2748 2749
f 2749 2748 2750
f 2749 2750 2742
f 2742 2750 2751
f 2742 2751 2743
f 2752 2753 2754
f 2754 2753 2755
f 2756 2757 2758
f 2758 2757 2759
f 2759 2757 2760
f 2759 2760 2761
f 2752 2762 2753
f 2753 2762 2763
f 2753 2763 2758
f 2758 2763 2764
f 2758 2764 2756
f 2761 2765 2766
f 2766 2765 2767
f 2766 2767 2768
f 2769 2770 2771
f 2769 2771 2700
f 2700 2771 2772
f 2700 2772 2698
f 2699 2773 2774
f 2775 2776 2777
f 2778 2775 2779
f 2776 2780 2777
f 2777 2780 2781
f 2777 2781 2782
f 2782 2781 2783
f 2782 2783 2784
f 2699 2774 2700
f 2700 2774 2782
f 2700 2782 2785
f 2785 2782 2784
f 2785 2784 2786
f 2786 2787 2785
f 2785 2787 2788
f 2785 2788 2789
f 2789 2788 2790
f 2789 2790 2779
f 2779 2790 2791
f 2779 2791 2778
f 2792 2793 2794
f 2794 2793 2795
f 2775 2777 2779
f 2779 2777 2794
f 2779 2794 2796
f 2796 2794 2795
f 2796 2795 2797
f 2696 2695 2798
f 2798 2695 2799
f 2798 2799 2800
f 2797 2801 2796
f 2796 2801 2802
f 2796 2802 2695
f 2695 2802 2803
f 2695 2803 2799
f 2804 2805 2806
f 2806 2805 2807
f 2806 2807 2808
f 2809 2810 2807
f 2807 2810 2808
f 2808 2810 2811
f 2808 2811 2812
f 2813 2814 2815
f 2815 2814 2816
f 2815 2816 2807
f 2807 2816 2817
f 2807 2817 2809
f 2808 2818 2819
f 2819 2818 2820
f 2819 2820 2821
f 2820 2822 2821
f 2821 2822 2823
f 2821 2823 2824
f 2825 2826 2827
f 2827 2826 2828
f 2827 2828 2829
f 2829 2828 2830
f 2830 2828 2831
f 2831 2828 2832
f 2831 2832 2833
f 2834 2835 2836
f 2836 2835 2837
f 2838 2839 2840
f 2841 2842 2843
f 2843 2842 2836
f 2843 2836 2844
f 2844 2836 2837
f 2841 2845 2842
f 2842 2845 2846
f 2842 2846 2847
f 2847 2846 2848
f 2847 2848 2849
f 2849 2848 2850
f 2845 2851 2846
f 2846 2851 2852
f 2846 2852 2853
f 2853 2852 2854
f 2854 2838 2853
f 2853 2838 2840
f 2853 2840 2855
f 2855 2840 2707
f 2855 2707 2713
f 2713 2707 2709
f 2713 2709 2714
f 2856 1927 2857
f 2857 1927 1925
f 2857 1925 2858
f 2858 1925 1923
f 2858 1923 1921
f 1915 1913 2640
f 2640 1913 2859
f 2640 2859 2657
f 2657 2859 2860
f 2657 2860 2861
f 1915 2640 1917
f 1917 2640 2639
f 1917 2639 1919
f 2862 2863 2864
f 2864 2863 2865
f 1961 2691 1963
f 1963 2691 2866
f 1963 2866 1965
f 2690 2689 2675
f 2867 1995 2734
f 2734 1995 1993
f 2734 1993 2735
f 2735 1993 2868
f 2735 2868 2740
f 2740 2868 2869
f 2740 2869 2870
f 2689 2005 2675
f 2675 2005 2003
f 2675 2003 2676
f 2676 2003 2001
f 2676 2001 2871
f 2871 2001 1999
f 2871 1999 2867
f 2867 1999 1997
f 2867 1997 1995
f 2872 2873 2874
f 2874 2875 2872
f 2872 2875 2876
f 2872 2876 2877
f 2877 2876 2043
f 2877 2043 2041
f 2041 2039 2877
f 2877 2039 2037
f 2877 2037 2878
f 2878 2037 2035
f 2878 2035 2879
f 2879 2035 2033
f 2879 2033 2031
f 2880 2881 2873
f 2873 2881 2882
f 2873 2882 2874
f 2077 2651 2079
f 2079 2651 2650
f 2079 2650 2081
f 2883 2884 2885
f 2885 2884 2886
f 2885 2886 2887
f 2883 2888 2884
f 2884 2888 2889
f 2884 2889 2650
f 2650 2889 2890
f 2650 2890 2081
f 2075 2073 2891
f 2887 2886 2069
f 2069 2886 2892
f 2069 2892 2071
f 2893 2157 2894
f 2894 2157 2155
f 2894 2155 2153
f 2153 2151 2895
f 2895 2151 2149
f 2807 2147 2896
f 2807 2896 2815
f 2815 2896 2897
f 2815 2897 2898
f 2898 2899 2815
f 2815 2899 2900
f 2815 2900 2901
f 2901 2900 2902
f 2901 2902 2893
f 2893 2902 2159
f 2893 2159 2157
f 2687 2686 2903
f 2686 2904 2903
f 2903 2904 2198
f 2903 2198 2905
f 2684 2188 2906
f 2685 2894 2907
f 2907 2894 2908
f 2907 2908 2909
f 2909 2908 2906
f 2909 2906 2186
f 2186 2906 2188
f 2192 2910 2194
f 2194 2910 2905
f 2194 2905 2196
f 2196 2905 2198
f 2911 2226 2224
f 2234 2912 2236
f 2236 2912 2913
f 2234 2232 2912
f 2912 2232 2230
f 2912 2230 2911
f 2911 2230 2228
f 2911 2228 2226
f 2914 2915 2916
f 2914 2916 2917
f 2918 2919 2913
f 2913 2919 2920
f 2913 2920 2236
f 2921 2922 2923
f 2923 2922 2276
f 2828 2924 2832
f 2832 2924 2925
f 2832 2925 2891
f 2891 2925 2926
f 2891 2926 2921
f 2921 2926 2927
f 2921 2927 2922
f 2826 2928 2268
f 2268 2266 2826
f 2826 2266 2264
f 2826 2264 2828
f 2828 2264 2262
f 2828 2262 2924
f 2276 2274 2929
f 2929 2274 2272
f 2929 2272 2928
f 2928 2272 2270
f 2928 2270 2268
f 2930 2316 2931
f 2931 2316 2650
f 2316 2314 2650
f 2650 2314 2312
f 2650 2312 2884
f 2884 2312 2310
f 2308 2306 2836
f 2836 2306 2304
f 2836 2304 2932
f 2304 2933 2932
f 2932 2933 2934
f 2932 2934 2935
f 2935 2934 2936
f 2935 2936 2931
f 2931 2936 2937
f 2931 2937 2930
f 2394 2392 2690
f 2392 2390 2690
f 2690 2390 2740
f 2690 2740 2688
f 2688 2740 2870
f 2938 2939 2940
f 2940 2939 2941
f 2940 2941 2942
f 2942 2941 2943
f 2942 2943 2944
f 2390 2388 2740
f 2740 2388 2386
f 2740 2386 2742
f 2742 2386 2384
f 2742 2384 2945
f 2945 2384 2382
f 2945 2382 2938
f 2938 2382 2946
f 2938 2946 2939
f 2947 2948 2949
f 2949 2948 2858
f 2422 2420 2759
f 2759 2420 2950
f 2759 2950 2951
f 2951 2950 2952
f 2951 2952 2858
f 2858 2952 2953
f 2858 2953 2949
f 2761 2766 2759
f 2759 2766 2424
f 2759 2424 2422
f 2430 2428 2766
f 2766 2428 2426
f 2766 2426 2424
f 2822 2649 2823
f 2823 2649 2545
f 2823 2545 2547
f 2954 2824 2955
f 2955 2824 2823
f 2955 2823 2956
f 2956 2823 2547
f 2957 2958 2959
f 2959 2958 2537
f 2959 2537 2648
f 2648 2537 2538
f 2538 2540 2648
f 2648 2540 2542
f 2648 2542 2649
f 2649 2542 2543
f 2649 2543 2545
f 2960 2961 2879
f 2962 2963 2932
f 2712 2711 2879
f 2879 2711 2964
f 2879 2964 2960
f 2677 2646 2965
f 2965 2646 2645
f 2965 2645 2966
f 2967 2968 2969
f 2969 2968 2866
f 2969 2866 2970
f 2971 2972 2674
f 2972 2973 2974
f 2974 2973 2872
f 2974 2872 2975
f 2975 2872 2877
f 2975 2877 2976
f 2669 2668 2652
f 2667 2665 2923
f 2923 2665 2977
f 2923 2977 2670
f 2662 2687 2663
f 2663 2687 2903
f 2663 2903 2978
f 2978 2903 2679
f 2979 2980 2981
f 2981 2980 2982
f 2981 2982 2983
f 2984 2985 2684
f 2985 2986 2684
f 2684 2986 2910
f 2684 2910 2190
f 2190 2910 2192
f 2656 2987 2657
f 2657 2987 2988
f 2657 2988 2640
f 2640 2988 2989
f 2640 2989 2990
f 2990 2989 2991
f 2990 2991 2992
f 2880 2993 2722
f 2722 2993 2994
f 2722 2994 2724
f 2724 2994 2995
f 2724 2995 2726
f 2718 2710 2717
f 2717 2710 2712
f 2717 2712 2722
f 2722 2712 2879
f 2722 2879 2880
f 2880 2879 2031
f 2880 2031 2881
f 2839 2834 2840
f 2840 2834 2836
f 2840 2836 2707
f 2707 2836 2932
f 2707 2932 2708
f 2708 2932 2963
f 2705 2996 2706
f 2706 2996 2997
f 2706 2997 2998
f 2849 2999 2847
f 2847 2999 2892
f 2847 2892 2842
f 2842 2892 2886
f 2842 2886 2836
f 2836 2886 2884
f 2836 2884 2308
f 2308 2884 2310
f 3000 2354 3001
f 2354 2352 3001
f 3001 2352 2350
f 3001 2350 2655
f 2655 2350 2348
f 2348 2346 2655
f 2655 2346 2998
f 2655 2998 2653
f 2653 2998 2997
f 2653 2997 2733
f 2733 2997 2996
f 3002 3003 2871
f 2871 3003 3004
f 2871 3004 3005
f 2346 2344 2998
f 2998 2344 2342
f 2998 2342 3006
f 2736 3007 2734
f 2734 3007 2704
f 2734 2704 2867
f 2867 2704 2706
f 2867 2706 2871
f 2871 2706 2998
f 2871 2998 3002
f 3002 2998 3006
f 2976 2877 2931
f 2931 2877 2878
f 2931 2878 2935
f 2935 2878 2879
f 2935 2879 2932
f 2932 2879 2961
f 2932 2961 2962
f 2850 3008 2849
f 2849 3008 2833
f 2849 2833 2999
f 2999 2833 2832
f 2999 2832 2892
f 2892 2832 2891
f 2892 2891 2071
f 2071 2891 2073
f 2674 2676 2971
f 2971 2676 2871
f 2971 2871 3001
f 3001 2871 3005
f 3001 3005 3000
f 2972 2971 2973
f 2973 2971 3001
f 2973 3001 2872
f 2872 3001 2655
f 2872 2655 2873
f 2873 2655 2654
f 2873 2654 2880
f 2880 2654 2731
f 2880 2731 2993
f 2668 2673 2652
f 2652 2673 2672
f 2652 2672 2650
f 2650 2672 2671
f 2650 2671 2931
f 2931 2671 3009
f 2931 3009 2976
f 2670 2669 2923
f 2923 2669 2652
f 2923 2652 2921
f 2921 2652 2651
f 2921 2651 2891
f 2891 2651 2077
f 2891 2077 2075
f 3010 2826 3011
f 3011 2826 2825
f 3011 2825 3012
f 2928 3013 3014
f 3014 3013 3015
f 3014 3015 3016
f 3016 3017 3014
f 3014 3017 3018
f 3014 3018 2825
f 2825 3018 3019
f 2825 3019 3012
f 3010 3020 2826
f 2826 3020 3021
f 2826 3021 2928
f 2928 3021 3022
f 2928 3022 3013
f 2675 3023 2690
f 2690 3023 2942
f 2690 2942 2394
f 2394 2942 2944
f 2115 2113 2647
f 2647 2113 2111
f 2109 3024 2928
f 3025 2929 3026
f 3026 2929 2928
f 3026 2928 3027
f 3027 2928 3024
f 3025 3028 2929
f 2929 3028 2121
f 2929 2121 3029
f 3029 2121 2119
f 3029 2119 2117
f 3030 2959 3031
f 3031 2959 3032
f 3033 3034 2693
f 2568 2570 2648
f 2648 2570 2572
f 2648 2572 2959
f 2959 2572 2574
f 2959 2574 3032
f 2955 3035 2954
f 2954 3035 2957
f 2954 2957 2692
f 2692 2957 2959
f 2692 2959 2693
f 2693 2959 3030
f 2693 3030 3033
f 2562 2564 3014
f 3014 2564 2566
f 3034 2562 2693
f 2693 2562 3014
f 2693 3014 2694
f 2694 3014 2825
f 2694 2825 3036
f 3036 2825 2827
f 2111 2109 2647
f 2647 2109 2928
f 2647 2928 2648
f 2648 2928 3014
f 2648 3014 2568
f 2568 3014 2566
f 2674 3037 2675
f 2675 3037 3038
f 2675 3038 3023
f 3023 3038 2970
f 3023 2970 2942
f 2942 2970 2866
f 2942 2866 2940
f 2940 2866 2691
f 2940 2691 2938
f 2938 2691 1959
f 2938 1959 3039
f 3039 1959 1957
f 3039 1957 3040
f 3040 1957 1955
f 3040 1955 2753
f 2753 1955 3041
f 2753 3041 2755
f 2755 3041 3042
f 3029 2916 2918
f 2918 2916 2915
f 2918 2915 2919
f 2967 2966 2968
f 2968 2966 2645
f 2968 2645 2866
f 2866 2645 2644
f 2866 2644 1965
f 1965 2644 1967
f 2276 2929 2923
f 2923 2929 3029
f 2923 3029 2667
f 2667 3029 2918
f 2667 2918 2666
f 2666 2918 2913
f 2666 2913 2664
f 2664 2913 2912
f 2664 2912 3043
f 2982 3044 2983
f 2983 3044 2911
f 2983 2911 3045
f 3045 2911 2224
f 3045 2224 2917
f 2820 2560 3046
f 2556 2558 2983
f 3046 3047 2820
f 2820 3047 3048
f 2820 3048 2822
f 2822 3048 3049
f 2822 3049 3050
f 2548 2550 3051
f 3051 2550 2552
f 3051 2552 2554
f 2917 2916 3045
f 3045 2916 3051
f 3045 3051 2983
f 2983 3051 2554
f 2983 2554 2556
f 3050 2548 2822
f 2822 2548 3051
f 2822 3051 2649
f 2649 3051 2916
f 2649 2916 2647
f 2647 2916 3029
f 2647 3029 2115
f 2115 3029 2117
f 2432 2430 2683
f 2683 2430 2766
f 2683 2766 2755
f 2755 2766 2768
f 2755 2768 2754
f 3042 2862 2755
f 2755 2862 2864
f 2755 2864 2683
f 2683 2864 2948
f 2683 2948 2434
f 2434 2948 2947
f 3044 2813 2911
f 2911 2813 2815
f 2911 2815 2912
f 2912 2815 2901
f 2912 2901 3043
f 3043 2901 2893
f 2812 2979 2808
f 2808 2979 2981
f 2808 2981 2818
f 2818 2981 2983
f 2818 2983 2820
f 2820 2983 2558
f 2820 2558 2560
f 2685 2687 2894
f 2894 2687 2662
f 2894 2662 2893
f 2893 2662 2660
f 2893 2660 3043
f 3043 2660 2659
f 3043 2659 2664
f 2664 2659 3052
f 2664 3052 2665
f 1921 1919 2858
f 2858 1919 2639
f 2858 2639 2951
f 2951 2639 2638
f 2951 2638 2759
f 2759 2638 3053
f 2759 3053 2758
f 2758 3053 3054
f 3055 2856 3056
f 3056 2856 2857
f 3056 2857 3057
f 2643 3057 2641
f 2641 3057 2857
f 2641 2857 3058
f 3058 2857 2858
f 3058 2858 2678
f 2678 2858 2948
f 2678 2948 2646
f 2646 2948 2864
f 2646 2864 2644
f 2644 2864 2865
f 2644 2865 1967
f 3054 3053 2701
f 2701 3053 2638
f 2701 2638 2702
f 2702 2638 2640
f 2702 2640 2703
f 2703 2640 2990
f 2703 2990 2769
f 2769 2990 2992
f 2769 2992 2770
f 2658 2468 2466
f 3059 3060 2643
f 3060 3061 2643
f 2643 3061 2474
f 2643 2474 3057
f 3057 2474 2472
f 3057 2472 2470
f 2466 2464 2658
f 2658 2464 2462
f 2658 2462 3062
f 3062 2462 3063
f 3062 3063 3064
f 2861 3055 2657
f 2657 3055 3056
f 2657 3056 2658
f 2658 3056 3057
f 2658 3057 2468
f 2468 3057 2470
f 3064 3059 3062
f 3062 3059 2643
f 3062 2643 3065
f 3066 2910 2500
f 2500 2910 3065
f 2500 3065 2502
f 2502 3065 2504
f 2512 2510 2682
f 2682 2510 2508
f 2682 2508 2506
f 3058 3067 2641
f 2641 3067 3068
f 2641 3068 2642
f 2642 3068 2681
f 2642 2681 2643
f 2643 2681 2682
f 2643 2682 3065
f 3065 2682 2506
f 3065 2506 2504
f 3066 3069 2910
f 2910 3069 3070
f 2910 3070 2905
f 2905 3070 3071
f 2905 3071 3072
f 2679 2903 2680
f 2680 2903 2905
f 2680 2905 2682
f 2682 2905 3072
f 2682 3072 2512
f 2153 2895 2894
f 2894 2895 3073
f 2894 3073 2908
f 2908 3073 3074
f 2908 3074 2906
f 2986 2792 2910
f 2910 2792 2794
f 2910 2794 3065
f 3065 2794 2777
f 3065 2777 3062
f 3062 2777 2782
f 3062 2782 2658
f 2658 2782 2774
f 2658 2774 2656
f 2656 2774 2773
f 2800 2984 2798
f 2798 2984 2684
f 2798 2684 2696
f 2696 2684 2906
f 2696 2906 2697
f 2697 2906 3074
f 2697 3074 2804
f 2804 3074 3073
f 2804 3073 2805
f 2805 3073 2895
f 2805 2895 2807
f 2807 2895 2149
f 2807 2149 2147
f 2976 2623 2975
f 2975 2623 2624
f 2975 2624 2974
f 2974 2624 2625
f 2974 2625 2972
f 2972 2625 2626
f 2972 2626 2674
f 2674 2626 2627
f 2674 2627 3037
f 3037 2627 2628
f 3037 2628 3038
f 3038 2628 2629
f 3038 2629 2970
f 2970 2629 2630
f 2970 2630 2969
f 2631 2966 2630
f 2630 2966 2967
f 2630 2967 2969
f 2637 2681 2636
f 2636 2681 3068
f 2636 3068 2635
f 2635 3068 3067
f 2635 3067 2634
f 2634 3067 3058
f 2634 3058 2633
f 2633 3058 2678
f 2633 2678 2632
f 2632 2678 2677
f 2632 2677 2631
f 2631 2677 2965
f 2631 2965 2966
f 3075 2713 3076
f 3076 2713 2715
f 3076 2715 3077
f 2850 2848 3078
f 3078 2848 2846
f 3078 2846 3079
f 3079 2846 2853
f 3079 2853 3075
f 3075 2853 2855
f 3075 2855 2713
f 3080 2831 3081
f 3081 2831 2833
f 3081 2833 3078
f 3078 2833 3008
f 3078 3008 2850
f 3082 2829 3080
f 3080 2829 2830
f 3080 2830 2831
f 2694 3036 3082
f 3082 3036 2827
f 3082 2827 2829
f 3082 3083 2694
f 2694 3083 3084
f 2694 3084 2692
f 2692 3084 3085
f 2692 3085 2954
f 2954 3085 2824
f 2824 3085 3086
f 2824 3086 2821
f 2821 3086 3087
f 2821 3087 2819
f 2819 3087 3088
f 2819 3088 2808
f 2808 3088 3089
f 2808 3089 2806
f 2806 3089 3090
f 2806 3090 2804
f 2804 3090 3091
f 2804 3091 2697
f 2697 3091 3092
f 2697 3092 2695
f 2695 3092 3093
f 2695 3093 2796
f 2796 3093 3094
f 2796 3094 2779
f 2779 3094 3095
f 2779 3095 2789
f 2575 3096 3097
f 3097 3096 3098
f 3097 3098 3099
f 3099 3098 3100
f 3099 3100 3101
f 3101 3100 3102
f 3101 3102 3103
f 3103 3102 3104
f 3103 3104 3105
f 3105 3104 3106
f 3105 3106 2563
f 2563 3106 3107
f 2563 3107 2565
f 2565 3107 3108
f 2565 3108 2567
f 2567 3108 3109
f 2567 3109 2569
f 2569 3109 3110
f 2569 3110 2571
f 2571 3110 3111
f 2571 3111 2573
f 2573 3111 3112
f 2573 3112 2575
f 2575 3112 3096
f 3113 3114 3115
f 3115 3116 3117
f 3118 3119 3120
f 2614 3121 3118
f 2602 2600 3122
f 3123 3124 3125
f 3126 3127 3128
f 3129 3130 3131
f 3132 3133 3134
f 3135 3136 3137
f 1950 1951 3119
f 3138 3139 3140
f 2222 3141 3142
f 3143 3144 3145
f 2586 2584 3117
f 3117 2584 3146
f 3117 3146 3147
f 2582 3148 2584
f 2584 3148 3149
f 2584 3149 3146
f 2582 2580 3148
f 3148 2580 2578
f 3148 2578 3150
f 2578 2577 3150
f 3150 2577 2576
f 3150 2576 3116
f 3116 2576 2592
f 3116 2592 2591
f 2591 2590 3116
f 3116 2590 2589
f 3116 2589 3117
f 3117 2589 2588
f 3117 2588 2586
f 3116 2254 3150
f 3150 2254 2255
f 3150 2255 3144
f 3144 2255 2256
f 3144 2256 3145
f 3145 2256 2257
f 3145 2257 2258
f 2258 2259 3145
f 3145 2259 2260
f 3145 2260 3151
f 3152 3153 3145
f 3145 3153 3154
f 3145 3154 3143
f 2180 2181 3155
f 3155 2181 2182
f 3155 2182 3156
f 3156 2182 2183
f 3156 2183 2184
f 3157 3158 3145
f 3145 3158 3159
f 3145 3159 3152
f 2179 3160 2178
f 2178 3160 3153
f 2178 3153 3161
f 3161 3153 3152
f 3162 3163 3164
f 3164 3163 3160
f 3142 3141 3164
f 3139 2220 3142
f 3142 2220 2221
f 3142 2221 2222
f 2216 3138 3165
f 3165 3138 3166
f 3165 3166 3167
f 3167 3166 3162
f 3167 3162 3168
f 3168 3162 3164
f 3168 3164 3169
f 3169 3164 3141
f 2216 2217 3138
f 3138 2217 2218
f 3138 2218 3139
f 3139 2218 2219
f 3139 2219 2220
f 2534 2535 3170
f 3171 3172 3173
f 3173 3172 2530
f 3173 2530 3174
f 2536 3175 3139
f 3139 3175 3176
f 3139 3176 3140
f 3140 3176 3177
f 3140 3177 3171
f 3171 3177 3178
f 3171 3178 3172
f 2530 2531 3174
f 3174 2531 2532
f 3174 2532 3170
f 3170 2532 2533
f 3170 2533 2534
f 2498 3179 3170
f 2494 3180 2493
f 2493 3180 3181
f 3179 3182 3170
f 3170 3182 3183
f 3170 3183 3174
f 2496 2497 3184
f 3183 3185 3174
f 3174 3185 3186
f 3174 3186 3181
f 3181 3186 2492
f 3181 2492 2493
f 2496 3184 2495
f 1953 3187 3120
f 3120 3187 3184
f 3184 3187 3188
f 3184 3188 3189
f 2494 2495 3180
f 3180 2495 3184
f 3180 3184 3190
f 3190 3184 3189
f 3190 3189 3191
f 3191 3192 3190
f 3190 3192 1946
f 3190 1946 3193
f 3119 1951 3120
f 3120 1951 1952
f 3120 1952 1953
f 1946 1947 3193
f 3193 1947 1948
f 3193 1948 3119
f 3119 1948 1949
f 3119 1949 1950
f 3137 3194 3195
f 2456 2457 3196
f 3197 3135 3198
f 3198 3135 3137
f 3198 3137 3199
f 3199 3137 3195
f 3197 3200 3135
f 3135 3200 2453
f 3135 2453 3201
f 3201 2453 2454
f 2458 2459 3194
f 3194 2459 2460
f 3194 2460 3195
f 2456 3196 2455
f 2454 2455 3201
f 3201 2455 3196
f 3201 3196 3202
f 3202 3196 3203
f 3202 3203 3204
f 3205 1991 3196
f 3196 1991 3206
f 3196 3206 3203
f 1986 3132 1985
f 1985 3132 3207
f 1985 3207 3208
f 3208 3207 3202
f 3208 3202 3209
f 3209 3202 3204
f 1986 1987 3132
f 3132 1987 1988
f 3132 1988 3133
f 3133 1988 1989
f 3133 1989 3205
f 3205 1989 1990
f 3205 1990 1991
f 2415 2416 3210
f 2416 2417 3210
f 3210 2417 2418
f 3210 2418 3134
f 2414 3211 2413
f 2413 3211 3212
f 2418 3213 3134
f 3134 3213 3214
f 3134 3214 3132
f 3132 3214 3215
f 3215 3216 3132
f 3132 3216 3217
f 3132 3217 3212
f 3212 3217 2412
f 3212 2412 2413
f 3218 3219 3210
f 3220 3221 3222
f 3222 3221 2025
f 2025 2026 3222
f 3222 2026 2027
f 3222 2027 3223
f 3223 2027 2028
f 3223 2028 2029
f 3218 3210 3224
f 2414 2415 3211
f 3211 2415 3210
f 3211 3210 3225
f 3225 3210 3219
f 3225 3219 3226
f 3226 3227 3225
f 3225 3227 2023
f 3225 2023 3221
f 3221 2023 2024
f 3221 2024 2025
f 3122 2379 2380
f 3129 2376 3130
f 3130 2376 2377
f 3130 2377 2378
f 3228 3229 3220
f 3220 3229 2374
f 3220 2374 3129
f 3129 2374 2375
f 3129 2375 2376
f 3230 3231 3232
f 3232 3231 3233
f 3232 3233 3234
f 3235 3236 3237
f 3237 3236 3238
f 3237 3238 2061
f 2065 2066 3239
f 2061 3238 3240
f 3240 3238 3131
f 3240 3131 3241
f 2061 2062 3237
f 3237 2062 2063
f 3237 2063 3239
f 3239 2063 2064
f 3239 2064 2065
f 2067 3242 3130
f 3130 3242 3243
f 3130 3243 3131
f 3131 3243 3244
f 3131 3244 3241
f 3245 3235 2334
f 2338 3127 2337
f 2337 3127 3126
f 2337 3126 2336
f 2336 3126 3245
f 2336 3245 2335
f 2335 3245 2334
f 3246 3239 2340
f 2340 3239 3127
f 2340 3127 2339
f 2339 3127 2338
f 3246 3247 3239
f 3239 3247 3248
f 3239 3248 3237
f 3237 3248 3249
f 3237 3249 3235
f 3235 3249 3250
f 3235 3250 2334
f 2102 3251 2101
f 2101 3251 3252
f 2101 3252 3253
f 3253 3252 3128
f 3253 3128 3254
f 2103 2104 3255
f 3255 2104 2105
f 3255 2105 3256
f 3256 2105 2106
f 3256 2106 2107
f 3257 3258 3127
f 3127 3258 3259
f 3127 3259 3128
f 3128 3259 3260
f 3128 3260 3254
f 3261 3262 3255
f 3261 3255 3263
f 2102 2103 3251
f 3251 2103 3255
f 3251 3255 3264
f 3264 3255 3262
f 2301 2302 3265
f 3262 3266 3264
f 3264 3266 3267
f 3264 3267 3123
f 3123 3267 2295
f 2301 3265 2300
f 2295 2296 3123
f 3123 2296 2297
f 3123 2297 3124
f 3124 2297 2298
f 3124 2298 2299
f 3268 3269 3270
f 3270 3269 2139
f 3270 2139 3271
f 3271 2139 2140
f 3271 2140 2141
f 3113 2142 2143
f 2143 2144 3113
f 3113 2144 2145
f 3113 2145 3124
f 2145 3272 3124
f 3124 3272 3273
f 3124 3273 3125
f 3125 3273 3274
f 3125 3274 3268
f 3268 3274 3275
f 3268 3275 3269
f 3276 3102 3100
f 3102 3277 3104
f 3104 3277 3106
f 3100 3098 3276
f 3276 3098 3096
f 3276 3096 3271
f 3110 3270 3111
f 3111 3270 3271
f 3111 3271 3112
f 3112 3271 3096
f 3110 3109 3270
f 3270 3109 3108
f 3270 3108 3277
f 3277 3108 3107
f 3277 3107 3106
f 3278 3277 3279
f 3279 3277 3102
f 3279 3102 3280
f 3280 3102 3276
f 3280 3276 3281
f 2260 3282 3151
f 3151 3282 3283
f 3151 3283 3114
f 3114 3283 3284
f 3114 3284 3115
f 3115 3284 3285
f 3115 3285 3116
f 3116 3285 3286
f 3116 3286 2254
f 2066 2067 3239
f 3239 2067 3130
f 3239 3130 3122
f 3122 3130 2378
f 3122 2378 2379
f 2600 2598 3122
f 3122 2598 2596
f 3122 2596 3239
f 2380 3230 3122
f 3122 3230 3232
f 3122 3232 2602
f 2602 3232 3287
f 2602 3287 2604
f 2604 3287 2606
f 3288 3289 2610
f 2610 3289 3290
f 2610 3290 2612
f 2612 3290 3194
f 2616 3291 2618
f 2618 3291 2620
f 3292 3293 3294
f 3295 3296 3156
f 3156 3296 3297
f 3156 3297 3155
f 3155 3297 3298
f 3155 3298 3292
f 3292 3298 3299
f 3292 3299 3293
f 3156 3300 3295
f 3295 3300 3301
f 3295 3301 3302
f 3302 3301 3303
f 3304 3305 3265
f 3265 3305 3306
f 3265 3306 3303
f 3303 3306 3307
f 3303 3307 3302
f 2302 3263 3265
f 3265 3263 3255
f 3265 3255 3304
f 3304 3255 3256
f 3304 3256 3308
f 3308 3256 3309
f 2107 3257 3256
f 3256 3257 3127
f 3256 3127 3309
f 3309 3127 3239
f 3309 3239 2594
f 2594 3239 2596
f 2497 2498 3184
f 3184 2498 3170
f 3184 3170 3120
f 3120 3170 3294
f 3293 2622 3294
f 3294 2622 2620
f 3294 2620 3120
f 3120 2620 3291
f 3120 3291 3118
f 3118 3291 2616
f 3118 2616 2614
f 2179 2180 3160
f 3160 2180 3155
f 3160 3155 3164
f 3164 3155 3292
f 3164 3292 3142
f 3142 3292 3294
f 3142 3294 3139
f 3139 3294 3170
f 3139 3170 2536
f 2536 3170 2535
f 3135 3193 3136
f 3136 3193 3119
f 3136 3119 3137
f 3137 3119 3118
f 3137 3118 3194
f 3194 3118 3121
f 3194 3121 2612
f 2612 3121 2614
f 3310 1622 3281
f 2544 1630 3271
f 3311 3312 3276
f 3276 3312 1856
f 3276 1856 3281
f 3281 1856 3313
f 3281 3313 3310
f 3147 3280 3117
f 3117 3280 3281
f 3117 3281 3115
f 3115 3281 1622
f 3115 1622 2546
f 2546 2544 3115
f 3115 2544 3271
f 3115 3271 3113
f 3113 3271 2141
f 3113 2141 2142
f 1630 2541 3271
f 3271 2541 2539
f 3271 2539 3276
f 3276 2539 1638
f 3276 1638 3311
f 2457 2458 3196
f 3196 2458 3194
f 3196 3194 3205
f 3205 3194 3290
f 3205 3290 3133
f 3133 3290 3289
f 3133 3289 3134
f 3134 3289 3288
f 3134 3288 3210
f 3210 3288 3223
f 3210 3223 3224
f 3224 3223 2029
f 2184 3157 3156
f 3156 3157 3145
f 3156 3145 3300
f 3300 3145 3151
f 3300 3151 3301
f 3301 3151 3114
f 3301 3114 3303
f 3303 3114 3113
f 3303 3113 3265
f 3265 3113 3124
f 3265 3124 2300
f 2300 3124 2299
f 2610 2608 3288
f 3288 2608 2606
f 3288 2606 3223
f 3223 2606 3287
f 3223 3287 3222
f 3222 3287 3232
f 3222 3232 3220
f 3220 3232 3234
f 3220 3234 3228
f 3144 3314 3150
f 3150 3314 3315
f 3150 3315 3148
f 3148 3315 3316
f 3148 3316 3317
f 3318 3149 3319
f 3319 3149 3148
f 3319 3148 3320
f 3320 3148 3317
f 3321 2802 3322
f 3322 2802 2801
f 3322 2801 3323
f 3323 2801 2797
f 3323 2797 3324
f 3324 2797 2795
f 3324 2795 3325
f 3325 2795 2793
f 3325 2793 3326
f 3326 2793 2792
f 3326 2792 3327
f 3327 2792 2986
f 3328 2772 3329
f 3329 2772 2771
f 3329 2771 3330
f 3330 2771 2770
f 3330 2770 3331
f 3331 2770 2992
f 3331 2992 3332
f 3332 2992 2991
f 3332 2991 3333
f 3333 2991 2989
f 3333 2989 3334
f 3334 2989 2988
f 3335 2757 3336
f 3336 2757 2756
f 3336 2756 3337
f 3337 2756 2764
f 3337 2764 3338
f 3338 2764 2763
f 3338 2763 3339
f 3339 2763 2762
f 3339 2762 3340
f 3340 2762 2752
f 3340 2752 3341
f 3341 2752 2754
f 3342 2810 3343
f 3343 2810 2809
f 3343 2809 3344
f 3344 2809 2817
f 3344 2817 3345
f 3345 2817 2816
f 3345 2816 3346
f 3346 2816 2814
f 3346 2814 3347
f 3347 2814 2813
f 3347 2813 3348
f 3348 2813 3044
f 3349 2790 3350
f 3350 2790 2788
f 3350 2788 3351
f 3351 2788 2787
f 3351 2787 3352
f 3352 2787 2786
f 3352 2786 3353
f 3353 2786 2784
f 3353 2784 3354
f 3354 2784 2783
f 3354 2783 3355
f 3355 2783 2781
f 3356 2843 3357
f 3357 2843 2844
f 3357 2844 3358
f 3358 2844 2837
f 3358 2837 3359
f 3359 2837 2835
f 3359 2835 3360
f 3360 2835 2834
f 3360 2834 3361
f 3361 2834 2839
f 3361 2839 3362
f 3362 2839 2838
f 3363 2729 3364
f 3364 2729 2728
f 3364 2728 3365
f 3365 2728 2721
f 3365 2721 3366
f 3366 2721 2720
f 3366 2720 3367
f 3367 2720 2719
f 3367 2719 3368
f 3368 2719 2727
f 3368 2727 3369
f 3369 2727 2726
f 3370 2741 3371
f 3371 2741 2743
f 3371 2743 3372
f 3372 2743 2751
f 3372 2751 3373
f 3373 2751 2750
f 3373 2750 3374
f 3374 2750 2748
f 3374 2748 3375
f 3375 2748 2747
f 3375 2747 3376
f 3376 2747 2738
f 3377 3015 3378
f 3378 3015 3013
f 3378 3013 3379
f 3379 3013 3022
f 3379 3022 3380
f 3380 3022 3021
f 3380 3021 3381
f 3381 3021 3020
f 3381 3020 3382
f 3382 3020 3010
f 3382 3010 3383
f 3383 3010 3011
f 3384 2961 3385
f 3385 2961 2960
f 3385 2960 3386
f 3386 2960 2964
f 3386 2964 3387
f 3387 2964 2711
f 3387 2711 3388
f 3388 2711 2710
f 3388 2710 3389
f 3389 2710 2718
f 3389 2718 3390
f 3390 2718 2716
f 3391 3392 3393
f 3394 3395 3396
f 3397 3398 3399
f 3400 3401 3402
f 3403 3404 3405
f 3317 3406 3320
f 3407 3408 3409
f 3410 3411 3392
f 3392 3411 3412
f 3411 3377 3412
f 3412 3377 3378
f 3412 3378 3413
f 3410 3392 3414
f 3414 3392 3391
f 3414 3391 3415
f 3378 3379 3413
f 3413 3379 3380
f 3413 3380 3416
f 3416 3380 3381
f 3416 3381 3382
f 3415 3391 3417
f 3417 3391 3418
f 3417 3418 3383
f 3383 3418 3419
f 3383 3419 3382
f 3382 3419 3420
f 3382 3420 3416
f 3421 3422 3419
f 3419 3422 3423
f 3419 3423 3420
f 3424 3396 3362
f 3362 3425 3424
f 3424 3425 3426
f 3424 3426 3427
f 3427 3426 3428
f 3427 3428 3429
f 3429 3428 3430
f 3429 3430 3431
f 3432 3358 3433
f 3433 3358 3359
f 3433 3359 3395
f 3395 3359 3360
f 3395 3360 3396
f 3396 3360 3361
f 3396 3361 3362
f 3418 3434 3419
f 3419 3434 3429
f 3419 3429 3421
f 3421 3429 3431
f 3421 3431 3435
f 3435 3431 3356
f 3435 3356 3432
f 3432 3356 3357
f 3432 3357 3358
f 3433 3436 3437
f 3437 3436 3384
f 3437 3384 3438
f 3397 3439 3368
f 3440 3364 3365
f 3368 3369 3397
f 3397 3369 3441
f 3397 3441 3398
f 3398 3441 3442
f 3398 3442 3438
f 3438 3442 3443
f 3438 3443 3444
f 3443 3445 3444
f 3444 3445 3446
f 3444 3446 3440
f 3440 3446 3363
f 3440 3363 3364
f 3407 3447 3448
f 3447 3440 3448
f 3448 3440 3365
f 3448 3365 3449
f 3449 3365 3366
f 3449 3366 3439
f 3439 3366 3367
f 3439 3367 3368
f 3407 3448 3408
f 3408 3448 3450
f 3408 3450 3451
f 3374 3375 3452
f 3452 3375 3451
f 3453 3454 3455
f 3375 3376 3451
f 3451 3376 3455
f 3451 3455 3408
f 3408 3455 3454
f 3408 3454 3409
f 3455 3456 3453
f 3453 3456 3457
f 3453 3457 3458
f 3374 3452 3373
f 3373 3452 3459
f 3373 3459 3372
f 3372 3459 3460
f 3372 3460 3371
f 3371 3460 3461
f 3371 3461 3370
f 3462 3463 3464
f 3465 3466 3341
f 3341 3466 3467
f 3341 3467 3340
f 3468 3469 3337
f 3341 3470 3465
f 3465 3470 3471
f 3465 3471 3462
f 3462 3471 3472
f 3462 3472 3463
f 3473 3474 3475
f 3475 3474 3476
f 3475 3476 3477
f 3337 3338 3468
f 3468 3338 3339
f 3468 3339 3478
f 3478 3339 3340
f 3478 3340 3461
f 3461 3340 3467
f 3461 3467 3370
f 3370 3467 3479
f 3370 3479 3480
f 3480 3479 3458
f 3480 3458 3481
f 3481 3458 3457
f 3473 3462 3474
f 3474 3462 3464
f 3474 3464 3482
f 3482 3464 3335
f 3482 3335 3469
f 3469 3335 3336
f 3469 3336 3337
f 3483 3484 3334
f 3334 3485 3483
f 3483 3485 3486
f 3483 3486 3487
f 3487 3486 3488
f 3487 3488 3401
f 3401 3488 3489
f 3401 3489 3402
f 3331 3490 3330
f 3330 3490 3491
f 3331 3332 3490
f 3490 3332 3476
f 3490 3476 3492
f 3492 3476 3474
f 3477 3476 3493
f 3493 3476 3332
f 3493 3332 3484
f 3484 3332 3333
f 3484 3333 3334
f 3489 3494 3402
f 3402 3494 3328
f 3402 3328 3491
f 3491 3328 3329
f 3491 3329 3330
f 3487 3354 3495
f 3495 3354 3355
f 3495 3355 3496
f 3497 3326 3498
f 3498 3326 3327
f 3498 3327 3499
f 3499 3327 3500
f 3499 3500 3501
f 3502 3503 3504
f 3504 3503 3505
f 3505 3499 3504
f 3504 3499 3501
f 3504 3501 3506
f 3506 3501 3507
f 3506 3507 3508
f 3507 3509 3508
f 3508 3509 3510
f 3508 3510 3403
f 3510 3321 3403
f 3403 3321 3322
f 3403 3322 3404
f 3404 3322 3323
f 3404 3323 3496
f 3496 3323 3324
f 3496 3324 3497
f 3497 3324 3325
f 3497 3325 3326
f 3511 3342 3343
f 3317 3316 3348
f 3406 3512 3511
f 3511 3512 3513
f 3511 3513 3342
f 3514 3515 3503
f 3503 3515 3516
f 3503 3516 3505
f 3348 3517 3317
f 3317 3517 3518
f 3317 3518 3406
f 3406 3518 3519
f 3406 3519 3512
f 3520 3346 3316
f 3316 3346 3347
f 3316 3347 3348
f 3502 3511 3503
f 3503 3511 3343
f 3503 3343 3514
f 3514 3343 3344
f 3514 3344 3520
f 3520 3344 3345
f 3520 3345 3346
f 3355 3521 3496
f 3496 3521 3522
f 3496 3522 3404
f 3404 3522 3523
f 3404 3523 3405
f 3400 3351 3401
f 3401 3351 3352
f 3401 3352 3487
f 3487 3352 3353
f 3487 3353 3354
f 3523 3524 3405
f 3405 3524 3525
f 3405 3525 3526
f 3526 3525 3349
f 3526 3349 3400
f 3400 3349 3350
f 3400 3350 3351
f 3384 3385 3438
f 3438 3385 3386
f 3438 3386 3398
f 3398 3386 3387
f 3398 3387 3399
f 3394 3527 3395
f 3395 3527 3528
f 3395 3528 3433
f 3433 3528 3529
f 3433 3529 3436
f 3387 3388 3399
f 3399 3388 3389
f 3399 3389 3530
f 3530 3389 3390
f 3530 3390 3394
f 3394 3390 3531
f 3394 3531 3527
f 3149 3087 3146
f 3146 3087 3086
f 3146 3086 3147
f 3147 3086 3085
f 3147 3085 3280
f 3280 3085 3084
f 3532 3533 3083
f 3083 3533 3278
f 3083 3278 3084
f 3084 3278 3279
f 3084 3279 3280
f 3534 3535 3094
f 3094 3535 3095
f 3534 3094 3536
f 3536 3094 3093
f 3536 3093 3537
f 3537 3093 3538
f 3538 3093 3092
f 3538 3092 3539
f 3539 3092 3540
f 3540 3092 3091
f 3540 3091 3541
f 3541 3091 3542
f 3542 3091 3090
f 3542 3090 3543
f 3543 3090 3544
f 3544 3090 3089
f 3544 3089 3545
f 3545 3089 3546
f 3546 3089 3088
f 3546 3088 3547
f 3547 3088 3548
f 3548 3088 3087
f 3548 3087 3549
f 3549 3087 3149
f 3549 3149 3318
f 3532 3083 3550
f 3550 3083 3082
f 3550 3082 3551
f 3551 3082 3552
f 3552 3082 3080
f 3552 3080 3553
f 3553 3080 3554
f 3554 3080 3081
f 3554 3081 3555
f 3555 3081 3556
f 3556 3081 3078
f 3556 3078 3557
f 3557 3078 3558
f 3558 3078 3079
f 3558 3079 3559
f 3559 3079 3560
f 3560 3079 3075
f 3560 3075 3561
f 3561 3075 3562
f 3562 3075 3076
f 3562 3076 3563
f 3563 3076 3077
f 3563 3077 3564
f 3533 3532 3565
f 3565 3532 3391
f 3565 3391 3393
f 3532 3550 3391
f 3391 3550 3551
f 3391 3551 3418
f 3418 3551 3552
f 3418 3552 3434
f 3552 3553 3434
f 3434 3553 3554
f 3434 3554 3429
f 3554 3555 3429
f 3429 3555 3556
f 3429 3556 3427
f 3556 3557 3427
f 3427 3557 3558
f 3427 3558 3424
f 3558 3559 3424
f 3424 3559 3560
f 3424 3560 3396
f 3396 3560 3561
f 3561 3562 3396
f 3396 3562 3563
f 3396 3563 3394
f 3394 3563 3564
f 3394 3564 3530
f 3268 3566 3567
f 3268 3567 3125
f 3125 3567 3568
f 3125 3568 3123
f 3123 3568 3569
f 3123 3569 3264
f 3264 3569 3251
f 3251 3569 3570
f 3251 3570 3252
f 3252 3570 3571
f 3252 3571 3128
f 3128 3571 3126
f 3126 3571 3572
f 3126 3572 3245
f 3245 3572 3573
f 3245 3573 3235
f 3235 3573 3574
f 3235 3574 3236
f 3575 3412 3413
f 3437 3574 3433
f 3433 3574 3573
f 3433 3573 3432
f 3432 3573 3572
f 3432 3572 3435
f 3435 3572 3571
f 3435 3571 3421
f 3421 3571 3570
f 3421 3570 3422
f 3422 3570 3569
f 3422 3569 3423
f 3566 3575 3567
f 3567 3575 3413
f 3567 3413 3568
f 3568 3413 3416
f 3568 3416 3569
f 3569 3416 3420
f 3569 3420 3423
f 3392 3412 3575
f 3575 3566 3268
f 3278 3533 3277
f 3277 3533 3565
f 3268 3270 3575
f 3575 3270 3277
f 3575 3277 3392
f 3392 3277 3565
f 3392 3565 3393
f 3576 3493 3577
f 3577 3493 3484
f 3577 3484 3578
f 3578 3484 3483
f 3578 3483 3579
f 3579 3483 3487
f 3579 3487 3580
f 3580 3487 3495
f 3581 3475 3576
f 3576 3475 3477
f 3576 3477 3493
f 3582 3454 3583
f 3583 3454 3453
f 3583 3453 3584
f 3584 3453 3458
f 3584 3458 3585
f 3585 3458 3479
f 3585 3479 3586
f 3586 3479 3467
f 3586 3467 3587
f 3587 3467 3466
f 3587 3466 3588
f 3588 3466 3465
f 3588 3465 3589
f 3589 3465 3462
f 3589 3462 3581
f 3581 3462 3473
f 3581 3473 3475
f 3590 3407 3582
f 3582 3407 3409
f 3582 3409 3454
f 3574 3437 3591
f 3591 3437 3438
f 3591 3438 3592
f 3592 3438 3444
f 3592 3444 3593
f 3593 3444 3440
f 3593 3440 3590
f 3590 3440 3447
f 3590 3447 3407
f 3315 3314 3594
f 3316 3315 3520
f 3520 3315 3594
f 3520 3594 3514
f 3514 3594 3595
f 3514 3595 3515
f 3515 3595 3596
f 3515 3596 3516
f 3580 3495 3597
f 3597 3495 3496
f 3597 3496 3598
f 3598 3496 3497
f 3598 3497 3599
f 3599 3497 3498
f 3599 3498 3600
f 3600 3498 3499
f 3600 3499 3596
f 3596 3499 3505
f 3596 3505 3516
f 3236 3574 3238
f 3238 3574 3591
f 3238 3591 3131
f 3131 3591 3592
f 3131 3592 3129
f 3129 3592 3593
f 3129 3593 3220
f 3220 3593 3590
f 3220 3590 3221
f 3221 3590 3582
f 3221 3582 3225
f 3225 3582 3583
f 3225 3583 3211
f 3211 3583 3584
f 3211 3584 3212
f 3212 3584 3585
f 3212 3585 3132
f 3132 3585 3586
f 3132 3586 3207
f 3207 3586 3587
f 3207 3587 3202
f 3202 3587 3588
f 3202 3588 3201
f 3201 3588 3589
f 3201 3589 3135
f 3135 3589 3581
f 3135 3581 3193
f 3193 3581 3576
f 3193 3576 3190
f 3190 3576 3577
f 3190 3577 3180
f 3180 3577 3578
f 3180 3578 3181
f 3181 3578 3579
f 3181 3579 3174
f 3174 3579 3580
f 3599 3171 3598
f 3598 3171 3173
f 3598 3173 3597
f 3597 3173 3174
f 3597 3174 3580
f 3596 3166 3600
f 3600 3166 3138
f 3600 3138 3599
f 3599 3138 3140
f 3599 3140 3171
f 3154 3153 3596
f 3596 3153 3160
f 3160 3163 3596
f 3596 3163 3162
f 3596 3162 3166
f 3596 3595 3154
f 3154 3595 3594
f 3154 3594 3143
f 3143 3594 3314
f 3143 3314 3144
f 3526 3535 3534
f 3318 3319 3549
f 3549 3319 3320
f 3549 3320 3406
f 3526 3534 3405
f 3405 3534 3536
f 3405 3536 3403
f 3403 3536 3537
f 3403 3537 3508
f 3537 3538 3508
f 3508 3538 3539
f 3508 3539 3506
f 3539 3540 3506
f 3506 3540 3541
f 3506 3541 3504
f 3541 3542 3504
f 3504 3542 3543
f 3504 3543 3502
f 3543 3544 3502
f 3502 3544 3545
f 3502 3545 3511
f 3545 3546 3511
f 3511 3546 3547
f 3511 3547 3406
f 3406 3547 3548
f 3406 3548 3549
f 3530 3564 3601
f 3530 3601 3399
f 3399 3601 3602
f 3399 3602 3397
f 3397 3602 3603
f 3397 3603 3439
f 3439 3603 3604
f 3439 3604 3449
f 3449 3604 3605
f 3449 3605 3448
f 3448 3605 3450
f 3450 3605 3606
f 3450 3606 3451
f 3451 3606 3607
f 3451 3607 3452
f 3452 3607 3608
f 3452 3608 3459
f 3459 3608 3609
f 3459 3609 3460
f 3460 3609 3610
f 3460 3610 3461
f 3461 3610 3611
f 3461 3611 3478
f 3478 3611 3612
f 3478 3612 3468
f 3468 3612 3613
f 3468 3613 3469
f 3469 3613 3614
f 3469 3614 3482
f 3482 3614 3615
f 3482 3615 3474
f 3474 3615 3492
f 3492 3615 3616
f 3492 3616 3490
f 3490 3616 3617
f 3490 3617 3491
f 3491 3617 3618
f 3491 3618 3402
f 3402 3618 3619
f 3402 3619 3400
f 3400 3619 3535
f 3400 3535 3526
f 3564 3077 3620
f 3564 3620 3601
f 3601 3620 3621
f 3601 3621 3602
f 3602 3621 3622
f 3602 3622 3603
f 3603 3622 3623
f 3603 3623 3604
f 3604 3623 3624
f 3604 3624 3605
f 3605 3624 3625
f 3605 3625 3606
f 3606 3625 3626
f 3606 3626 3607
f 3607 3626 3627
f 3607 3627 3608
f 3608 3627 3628
f 3608 3628 3609
f 3609 3628 3629
f 3609 3629 3610
f 3610 3629 3630
f 3610 3630 3611
f 3611 3630 3631
f 3611 3631 3612
f 3612 3631 3632
f 3612 3632 3613
f 3613 3632 3633
f 3613 3633 3614
f 3614 3633 3634
f 3614 3634 3615
f 3615 3634 3635
f 3615 3635 3616
f 3616 3635 3636
f 3616 3636 3617
f 3617 3636 3637
f 3617 3637 3618
f 3618 3637 3638
f 3618 3638 3619
f 3619 3638 3095
f 3619 3095 3535
f 3390 2716 3531
f 3531 2716 2714
f 3531 2714 3527
f 3527 2714 2709
f 3527 2709 3528
f 3528 2709 2708
f 3528 2708 3529
f 3529 2708 2963
f 3529 2963 3436
f 3436 2963 2962
f 3436 2962 3384
f 3384 2962 2961
f 3383 3011 3417
f 3417 3011 3012
f 3417 3012 3415
f 3415 3012 3019
f 3415 3019 3414
f 3414 3019 3018
f 3414 3018 3410
f 3410 3018 3017
f 3410 3017 3411
f 3411 3017 3016
f 3411 3016 3377
f 3377 3016 3015
f 3376 2738 3455
f 3455 2738 2737
f 3455 2737 3456
f 3456 2737 2746
f 3456 2746 3457
f 3457 2746 2745
f 3457 2745 3481
f 3481 2745 2744
f 3481 2744 3480
f 3480 2744 2739
f 3480 2739 3370
f 3370 2739 2741
f 3369 2726 3441
f 3441 2726 2995
f 3441 2995 3442
f 3442 2995 2994
f 3442 2994 3443
f 3443 2994 2993
f 3443 2993 3445
f 3445 2993 2731
f 3445 2731 3446
f 3446 2731 2730
f 3446 2730 3363
f 3363 2730 2729
f 3362 2838 3425
f 3425 2838 2854
f 3425 2854 3426
f 3426 2854 2852
f 3426 2852 3428
f 3428 2852 2851
f 3428 2851 3430
f 3430 2851 2845
f 3430 2845 3431
f 3431 2845 2841
f 3431 2841 3356
f 3356 2841 2843
f 3355 2781 3521
f 3521 2781 2780
f 3521 2780 3522
f 3522 2780 2776
f 3522 2776 3523
f 3523 2776 2775
f 3523 2775 3524
f 3524 2775 2778
f 3524 2778 3525
f 3525 2778 2791
f 3525 2791 3349
f 3349 2791 2790
f 3348 3044 3517
f 3517 3044 2982
f 3517 2982 3518
f 3518 2982 2980
f 3518 2980 3519
f 3519 2980 2979
f 3519 2979 3512
f 3512 2979 2812
f 3512 2812 3513
f 3513 2812 2811
f 3513 2811 3342
f 3342 2811 2810
f 3341 2754 3470
f 3470 2754 2768
f 3470 2768 3471
f 3471 2768 2767
f 3471 2767 3472
f 3472 2767 2765
f 3472 2765 3463
f 3463 2765 2761
f 3463 2761 3464
f 3464 2761 2760
f 3464 2760 3335
f 3335 2760 2757
f 3334 2988 3485
f 3485 2988 2987
f 3485 2987 3486
f 3486 2987 2656
f 3486 2656 3488
f 3488 2656 2773
f 3488 2773 3489
f 3489 2773 2699
f 3489 2699 3494
f 3494 2699 2698
f 3494 2698 3328
f 3328 2698 2772
f 3327 2986 3500
f 3500 2986 2985
f 3500 2985 3501
f 3501 2985 2984
f 3501 2984 3507
f 3507 2984 2800
f 3507 2800 3509
f 3509 2800 2799
f 3509 2799 3510
f 3510 2799 2803
f 3510 2803 3321
f 3321 2803 2802
f 3630 2753 3631
f 3631 2753 2758
f 3631 2758 3632
f 3632 2758 3054
f 3632 3054 3633
f 3633 3054 2701
f 3633 2701 3634
f 3634 2701 2703
f 3634 2703 3635
f 3635 2703 2769
f 3635 2769 3636
f 3636 2769 2700
f 3636 2700 3637
f 3637 2700 2785
f 3637 2785 3638
f 3638 2785 2789
f 3638 2789 3095
f 3628 2938 3629
f 3629 2938 3039
f 3629 3039 3630
f 3630 3039 3040
f 3630 3040 2753
f 3624 3007 3625
f 3625 3007 2736
f 3625 2736 3626
f 3626 2736 2749
f 3626 2749 3627
f 3627 2749 2742
f 3627 2742 3628
f 3628 2742 2945
f 3628 2945 2938
f 2733 2996 3623
f 3623 2996 2705
f 3623 2705 3624
f 3624 2705 2704
f 3624 2704 3007
f 2733 3623 2732
f 2732 3623 3622
f 2732 3622 2725
f 2725 3622 3621
f 2725 3621 2723
f 2723 3621 3620
f 2723 3620 2717
f 2717 3620 3077
f 2717 3077 2715
f 2623 2976 3639
f 3639 2976 3009
f 3639 3009 3640
f 3640 3009 2671
f 3640 2671 3641
f 3641 2671 2673
f 3641 2673 3642
f 3642 2673 2668
f 3642 2668 3643
f 3643 2668 2670
f 3643 2670 3644
f 3644 2670 2977
f 3644 2977 3645
f 3645 2977 2665
f 3645 2665 3646
f 3646 2665 3052
f 3646 3052 3647
f 3647 3052 2659
f 3647 2659 3648
f 3648 2659 2661
f 3648 2661 3649
f 3649 2661 2663
f 3649 2663 3650
f 3650 2663 2978
f 3650 2978 3651
f 3651 2978 2679
f 3651 2679 2637
f 2637 2679 2681
f 2637 2621 3651
f 3651 2621 3652
f 3651 3652 3650
f 3650 3652 3653
f 3650 3653 3649
f 3649 3653 3654
f 3649 3654 3648
f 3648 3654 3655
f 3648 3655 3647
f 3647 3655 3656
f 3647 3656 3646
f 3646 3656 3657
f 3646 3657 3645
f 3645 3657 3658
f 3645 3658 3644
f 3644 3658 3659
f 3644 3659 3643
f 3643 3659 3660
f 3643 3660 3642
f 3642 3660 3661
f 3642 3661 3641
f 3641 3661 3662
f 3641 3662 3640
f 3640 3662 3663
f 3640 3663 3639
f 3639 3663 3664
f 3639 3664 2623
f 2623 3664 2593
f 2621 2622 3652
f 3652 2622 3293
f 3652 3293 3653
f 3653 3293 3299
f 3653 3299 3654
f 3654 3299 3298
f 3654 3298 3655
f 3655 3298 3297
f 3655 3297 3656
f 3656 3297 3296
f 3656 3296 3657
f 3657 3296 3295
f 3657 3295 3658
f 3658 3295 3302
f 3658 3302 3659
f 3659 3302 3307
f 3659 3307 3660
f 3660 3307 3306
f 3660 3306 3661
f 3661 3306 3305
f 3661 3305 3662
f 3662 3305 3304
f 3662 3304 3663
f 3663 3304 3308
f 3663 3308 3664
f 3664 3308 3309
f 3664 3309 2593
f 2593 3309 2594
f 2574 2575 3032
f 3032 2575 3097
f 3032 3097 3031
f 3031 3097 3099
f 3031 3099 3030
f 3030 3099 3101
f 3030 3101 3033
f 3033 3101 3103
f 3033 3103 3034
f 3034 3103 3105
f 3034 3105 2562
f 2562 3105 2563
f 2560 2561 3046
f 3046 2561 2579
f 3046 2579 3047
f 3047 2579 2581
f 3047 2581 3048
f 3048 2581 2583
f 3048 2583 3049
f 3049 2583 2585
f 3049 2585 3050
f 3050 2585 2587
f 3050 2587 2548
f 2548 2587 2549
f 2547 1622 2956
f 2956 1622 3310
f 2956 3310 2955
f 2955 3310 3313
f 2955 3313 3035
f 3035 3313 1856
f 3035 1856 2957
f 2957 1856 3312
f 2957 3312 2958
f 2958 3312 3311
f 2958 3311 2537
f 2537 3311 1638
f 2536 2517 3175
f 3175 2517 2518
f 3175 2518 3176
f 3176 2518 2520
f 3176 2520 3177
f 3177 2520 2522
f 3177 2522 3178
f 3178 2522 2524
f 3178 2524 3172
f 3172 2524 2526
f 3172 2526 2530
f 2530 2526 2528
f 2511 2512 2519
f 2519 2512 3072
f 2519 3072 2521
f 2521 3072 3071
f 2521 3071 2523
f 2523 3071 3070
f 2523 3070 2525
f 2525 3070 3069
f 2525 3069 2527
f 2527 3069 3066
f 2527 3066 2499
f 2499 3066 2500
f 2498 2475 3179
f 3179 2475 2476
f 3179 2476 3182
f 3182 2476 2478
f 3182 2478 3183
f 3183 2478 2480
f 3183 2480 3185
f 3185 2480 2482
f 3185 2482 3186
f 3186 2482 2484
f 3186 2484 2492
f 2492 2484 2486
f 2473 2474 2477
f 2477 2474 3061
f 2477 3061 2479
f 2479 3061 3060
f 2479 3060 2481
f 2481 3060 3059
f 2481 3059 2483
f 2483 3059 3064
f 2483 3064 2485
f 2485 3064 3063
f 2485 3063 2461
f 2461 3063 2462
f 2460 2439 3195
f 3195 2439 2440
f 3195 2440 3199
f 3199 2440 2442
f 3199 2442 3198
f 3198 2442 2444
f 3198 2444 3197
f 3197 2444 2446
f 3197 2446 3200
f 3200 2446 2448
f 3200 2448 2453
f 2453 2448 2450
f 2433 2434 2441
f 2441 2434 2947
f 2441 2947 2443
f 2443 2947 2949
f 2443 2949 2445
f 2445 2949 2953
f 2445 2953 2447
f 2447 2953 2952
f 2447 2952 2449
f 2449 2952 2950
f 2449 2950 2419
f 2419 2950 2420
f 2418 2400 3213
f 3213 2400 2401
f 3213 2401 3214
f 3214 2401 2403
f 3214 2403 3215
f 3215 2403 2405
f 3215 2405 3216
f 3216 2405 2407
f 3216 2407 3217
f 3217 2407 2409
f 3217 2409 2412
f 2412 2409 2411
f 2393 2394 2402
f 2402 2394 2944
f 2402 2944 2404
f 2404 2944 2943
f 2404 2943 2406
f 2406 2943 2941
f 2406 2941 2408
f 2408 2941 2939
f 2408 2939 2410
f 2410 2939 2946
f 2410 2946 2381
f 2381 2946 2382
f 2380 2369 3230
f 3230 2369 2370
f 3230 2370 3231
f 3231 2370 2372
f 3231 2372 3233
f 3233 2372 2355
f 3233 2355 3234
f 3234 2355 2357
f 3234 2357 3228
f 3228 2357 2359
f 3228 2359 3229
f 3229 2359 2361
f 3229 2361 2374
f 2374 2361 2363
f 2353 2354 2371
f 2371 2354 3000
f 2371 3000 2373
f 2373 3000 3005
f 2373 3005 2356
f 2356 3005 3004
f 2356 3004 2358
f 2358 3004 3003
f 2358 3003 2360
f 2360 3003 3002
f 2360 3002 2362
f 2362 3002 3006
f 2362 3006 2341
f 2341 3006 2342
f 2340 2331 3246
f 3246 2331 2332
f 3246 2332 3247
f 3247 2332 2317
f 3247 2317 3248
f 3248 2317 2319
f 3248 2319 3249
f 3249 2319 2321
f 3249 2321 3250
f 3250 2321 2323
f 3250 2323 2334
f 2334 2323 2325
f 2315 2316 2333
f 2333 2316 2930
f 2333 2930 2318
f 2318 2930 2937
f 2318 2937 2320
f 2320 2937 2936
f 2320 2936 2322
f 2322 2936 2934
f 2322 2934 2324
f 2324 2934 2933
f 2324 2933 2303
f 2303 2933 2304
f 2302 2278 3263
f 3263 2278 2279
f 3263 2279 3261
f 3261 2279 2281
f 3261 2281 3262
f 3262 2281 2283
f 3262 2283 3266
f 3266 2283 2285
f 3266 2285 3267
f 3267 2285 2287
f 3267 2287 2295
f 2295 2287 2289
f 2275 2276 2280
f 2280 2276 2922
f 2280 2922 2282
f 2282 2922 2927
f 2282 2927 2284
f 2284 2927 2926
f 2284 2926 2286
f 2286 2926 2925
f 2286 2925 2288
f 2288 2925 2924
f 2288 2924 2261
f 2261 2924 2262
f 2260 2253 3282
f 3282 2253 2237
f 3282 2237 3283
f 3283 2237 2239
f 3283 2239 3284
f 3284 2239 2241
f 3284 2241 3285
f 3285 2241 2243
f 3285 2243 3286
f 3286 2243 2245
f 3286 2245 2254
f 2254 2245 2247
f 2235 2236 2238
f 2238 2236 2920
f 2238 2920 2240
f 2240 2920 2919
f 2240 2919 2242
f 2242 2919 2915
f 2242 2915 2244
f 2244 2915 2914
f 2244 2914 2246
f 2246 2914 2917
f 2246 2917 2223
f 2223 2917 2224
f 2222 2215 3141
f 3141 2215 2199
f 3141 2199 3169
f 3169 2199 2201
f 3169 2201 3168
f 3168 2201 2203
f 3168 2203 3167
f 3167 2203 2205
f 3167 2205 3165
f 3165 2205 2207
f 3165 2207 2216
f 2216 2207 2209
f 2197 2198 2200
f 2200 2198 2904
f 2200 2904 2202
f 2202 2904 2686
f 2202 2686 2204
f 2204 2686 2685
f 2204 2685 2206
f 2206 2685 2907
f 2206 2907 2208
f 2208 2907 2909
f 2208 2909 2185
f 2185 2909 2186
f 2184 2174 3157
f 3157 2174 2175
f 3157 2175 3158
f 3158 2175 2177
f 3158 2177 3159
f 3159 2177 2162
f 3159 2162 3152
f 3152 2162 2164
f 3152 2164 3161
f 3161 2164 2166
f 3161 2166 2178
f 2178 2166 2168
f 2158 2159 2176
f 2176 2159 2902
f 2176 2902 2160
f 2160 2902 2900
f 2160 2900 2161
f 2161 2900 2899
f 2161 2899 2163
f 2163 2899 2898
f 2163 2898 2165
f 2165 2898 2897
f 2165 2897 2167
f 2167 2897 2896
f 2167 2896 2146
f 2146 2896 2147
f 2145 2138 3272
f 3272 2138 2122
f 3272 2122 3273
f 3273 2122 2124
f 3273 2124 3274
f 3274 2124 2126
f 3274 2126 3275
f 3275 2126 2128
f 3275 2128 3269
f 3269 2128 2130
f 3269 2130 2139
f 2139 2130 2132
f 2120 2121 2123
f 2123 2121 3028
f 2123 3028 2125
f 2125 3028 3025
f 2125 3025 2127
f 2127 3025 3026
f 2127 3026 2129
f 2129 3026 3027
f 2129 3027 2131
f 2131 3027 3024
f 2131 3024 2108
f 2108 3024 2109
f 2107 2094 3257
f 3257 2094 2095
f 3257 2095 3258
f 3258 2095 2097
f 3258 2097 3259
f 3259 2097 2099
f 3259 2099 3260
f 3260 2099 2082
f 3260 2082 3254
f 3254 2082 2084
f 3254 2084 3253
f 3253 2084 2086
f 3253 2086 2101
f 2101 2086 2088
f 2080 2081 2096
f 2096 2081 2890
f 2096 2890 2098
f 2098 2890 2889
f 2098 2889 2100
f 2100 2889 2888
f 2100 2888 2083
f 2083 2888 2883
f 2083 2883 2085
f 2085 2883 2885
f 2085 2885 2087
f 2087 2885 2887
f 2087 2887 2068
f 2068 2887 2069
f 2067 2054 3242
f 3242 2054 2055
f 3242 2055 3243
f 3243 2055 2057
f 3243 2057 3244
f 3244 2057 2059
f 3244 2059 3241
f 3241 2059 2044
f 3241 2044 3240
f 3240 2044 2046
f 3240 2046 2061
f 2061 2046 2048
f 2042 2043 2056
f 2056 2043 2876
f 2056 2876 2058
f 2058 2876 2875
f 2058 2875 2060
f 2060 2875 2874
f 2060 2874 2045
f 2045 2874 2882
f 2045 2882 2047
f 2047 2882 2881
f 2047 2881 2030
f 2030 2881 2031
f 2029 2016 3224
f 3224 2016 2017
f 3224 2017 3218
f 3218 2017 2019
f 3218 2019 3219
f 3219 2019 2021
f 3219 2021 3226
f 3226 2021 2006
f 3226 2006 3227
f 3227 2006 2008
f 3227 2008 2023
f 2023 2008 2010
f 2004 2005 2018
f 2018 2005 2689
f 2018 2689 2020
f 2020 2689 2688
f 2020 2688 2022
f 2022 2688 2870
f 2022 2870 2007
f 2007 2870 2869
f 2007 2869 2009
f 2009 2869 2868
f 2009 2868 1992
f 1992 2868 1993
f 1991 1973 3206
f 3206 1973 1974
f 3206 1974 3203
f 3203 1974 1976
f 3203 1976 3204
f 3204 1976 1978
f 3204 1978 3209
f 3209 1978 1980
f 3209 1980 3208
f 3208 1980 1982
f 3208 1982 1985
f 1985 1982 1984
f 1966 1967 1975
f 1975 1967 2865
f 1975 2865 1977
f 1977 2865 2863
f 1977 2863 1979
f 1979 2863 2862
f 1979 2862 1981
f 1981 2862 3042
f 1981 3042 1983
f 1983 3042 3041
f 1983 3041 1954
f 1954 3041 1955
f 1953 1931 3187
f 3187 1931 1932
f 3187 1932 3188
f 3188 1932 1934
f 3188 1934 3189
f 3189 1934 1936
f 3189 1936 3191
f 3191 1936 1938
f 3191 1938 3192
f 3192 1938 1940
f 3192 1940 1946
f 1946 1940 1942
f 1926 1927 1933
f 1933 1927 2856
f 1933 2856 1935
f 1935 2856 3055
f 1935 3055 1937
f 1937 3055 2861
f 1937 2861 1939
f 1939 2861 2860
f 1939 2860 1941
f 1941 2860 2859
f 1941 2859 1912
f 1912 2859 1913
f 3665 3666 3667
f 3668 3666 3665
f 3669 3668 3665
f 3665 3670 3671
f 3672 3670 3665
f 3667 3672 3665
f 3669 3673 3668
f 3668 3673 3674
f 3668 3674 3666
f 3666 3674 3675
f 3666 3675 3667
f 3667 3675 3676
f 3667 3676 3672
f 3672 3676 3677
f 3672 3677 3670
f 3670 3677 3678
f 3670 3678 3671
f 3671 3678 3679
f 3680 3681 3682
f 3683 3681 3680
f 3684 3683 3680
f 3680 3685 3686
f 3687 3685 3680
f 3682 3687 3680
f 3684 3688 3683
f 3683 3688 3689
f 3683 3689 3681
f 3681 3689 3690
f 3681 3690 3682
f 3682 3690 3691
f 3682 3691 3687
f 3687 3691 3692
f 3687 3692 3685
f 3685 3692 3693
f 3685 3693 3686
f 3686 3693 3694
f 3695 3696 3697
f 3696 3695 3698
f 3698 3695 3699
f 3698 3699 3700
f 3700 3699 3701
f 3700 3701 3702
f 3702 3701 3703
f 3703 3701 3704
f 3703 3704 3705
f 3706 3707 3708
f 3708 3707 3709
f 3710 3711 3712
f 3712 3711 3713
f 3712 3713 3714
f 3714 3713 3695
f 3714 3695 3715
f 3715 3695 3697
f 3707 3716 3709
f 3709 3716 3717
f 3709 3717 3704
f 3704 3717 3718
f 3704 3718 3705
f 3719 3720 3721
f 3721 3722 3719
f 3719 3722 3723
f 3719 3723 3724
f 3724 3723 3710
f 3724 3710 3725
f 3726 3727 3728
f 3728 3727 3729
f 3728 3729 3730
f 3730 3729 3731
f 3730 3731 3732
f 3732 3731 3733
f 3732 3733 3734
f 3734 3733 3735
f 3734 3735 3736
f 3736 3735 3737
f 3736 3737 3738
f 3738 3737 3739
f 3740 3726 3741
f 3741 3726 3728
f 3741 3728 3742
f 3742 3728 3730
f 3742 3730 3743
f 3743 3730 3732
f 3743 3732 3744
f 3744 3732 3734
f 3744 3734 3745
f 3745 3734 3736
f 3745 3736 3746
f 3746 3736 3738
f 3747 3748 3749
f 3748 3747 3750
f 3750 3747 3751
f 3750 3751 3752
f 3752 3751 3753
f 3752 3753 3754
f 3754 3753 3755
f 3755 3753 3756
f 3755 3756 3757
f 3758 3759 3760
f 3760 3759 3761
f 3762 3763 3764
f 3764 3763 3765
f 3764 3765 3766
f 3766 3765 3747
f 3766 3747 3767
f 3767 3747 3749
f 3759 3768 3761
f 3761 3768 3769
f 3761 3769 3756
f 3756 3769 3770
f 3756 3770 3757
f 3771 3772 3773
f 3773 3774 3771
f 3771 3774 3775
f 3771 3775 3776
f 3776 3775 3762
f 3776 3762 3777
f 3778 3779 3780
f 3780 3779 3781
f 3780 3781 3782
f 3782 3781 3783
f 3782 3783 3784
f 3784 3783 3785
f 3784 3785 3786
f 3786 3785 3787
f 3786 3787 3788
f 3788 3787 3789
f 3788 3789 3790
f 3790 3789 3791
f 3792 3782 3784
f 3780 3782 3792
f 3778 3780 3792
f 3792 3788 3790
f 3786 3788 3792
f 3784 3786 3792
f 3793 3794 3795
f 3795 3794 3796
f 3795 3796 3797
f 3797 3796 3798
f 3797 3798 3799
f 3799 3798 3800
f 3799 3800 3801
f 3801 3800 3802
f 3801 3802 3803
f 3803 3802 3804
f 3803 3804 3805
f 3805 3804 3806
f 3746 3793 3745
f 3745 3793 3795
f 3745 3795 3744
f 3744 3795 3797
f 3744 3797 3743
f 3743 3797 3799
f 3743 3799 3742
f 3742 3799 3801
f 3742 3801 3741
f 3741 3801 3803
f 3741 3803 3740
f 3740 3803 3805
f 3807 3808 3809
f 3809 3808 3810
f 3809 3810 3811
f 3811 3810 3812
f 3811 3812 3813
f 3813 3812 3814
f 3813 3814 3815
f 3815 3814 3816
f 3815 3816 3817
f 3817 3816 3818
f 3817 3818 3819
f 3819 3818 3820
f 3821 3811 3813
f 3809 3811 3821
f 3807 3809 3821
f 3821 3817 3819
f 3815 3817 3821
f 3813 3815 3821
f 3822 3823 3824
f 3824 3823 3825
f 3826 3827 3828
f 3828 3827 3829
f 3729 3727 3824
f 3824 3727 3822
f 3822 3727 3830
f 3822 3830 3831
f 3737 3735 3829
f 3829 3735 3733
f 3751 3831 3753
f 3753 3831 3832
f 3753 3832 3756
f 3833 3827 3834
f 3834 3827 3822
f 3834 3822 3835
f 3835 3822 3836
f 3833 3837 3827
f 3827 3837 3838
f 3827 3838 3760
f 3737 3829 3739
f 3739 3829 3827
f 3739 3827 3839
f 3711 3824 3713
f 3713 3824 3695
f 3751 3747 3831
f 3831 3747 3765
f 3831 3765 3822
f 3822 3765 3763
f 3822 3763 3836
f 3839 3827 3840
f 3840 3827 3760
f 3840 3760 3832
f 3832 3760 3761
f 3832 3761 3756
f 3711 3841 3824
f 3824 3841 3731
f 3824 3731 3729
f 3709 3704 3829
f 3829 3704 3701
f 3829 3701 3824
f 3824 3701 3699
f 3824 3699 3695
f 3842 3733 3843
f 3843 3733 3731
f 3843 3731 3844
f 3844 3731 3841
f 3842 3845 3733
f 3733 3845 3846
f 3733 3846 3829
f 3829 3846 3708
f 3829 3708 3709
f 3822 3847 3848
f 3823 3692 3826
f 3826 3692 3691
f 3826 3691 3690
f 3847 3822 3849
f 3849 3822 3827
f 3849 3827 3850
f 3690 3689 3826
f 3826 3689 3688
f 3826 3688 3827
f 3827 3688 3851
f 3827 3851 3850
f 3848 3852 3822
f 3822 3852 3694
f 3822 3694 3823
f 3823 3694 3693
f 3823 3693 3692
f 3816 3853 3818
f 3818 3853 3854
f 3818 3854 3820
f 3820 3854 3855
f 3828 3783 3781
f 3816 3814 3853
f 3853 3814 3812
f 3853 3812 3810
f 3855 3856 3820
f 3820 3856 3823
f 3820 3823 3857
f 3857 3823 3858
f 3783 3828 3785
f 3785 3828 3825
f 3785 3825 3787
f 3808 3859 3826
f 3826 3859 3860
f 3826 3860 3823
f 3823 3860 3861
f 3823 3861 3858
f 3856 3862 3823
f 3823 3862 3806
f 3823 3806 3825
f 3825 3806 3804
f 3825 3804 3802
f 3802 3800 3825
f 3825 3800 3798
f 3825 3798 3796
f 3781 3779 3828
f 3828 3779 3794
f 3828 3794 3826
f 3826 3794 3853
f 3826 3853 3808
f 3808 3853 3810
f 3779 3863 3794
f 3794 3863 3864
f 3794 3864 3796
f 3796 3864 3865
f 3796 3865 3866
f 3866 3867 3796
f 3796 3867 3791
f 3796 3791 3825
f 3825 3791 3789
f 3825 3789 3787
f 3829 3868 3869
f 3868 3829 3870
f 3870 3829 3824
f 3870 3824 3871
f 3828 3677 3825
f 3825 3677 3676
f 3825 3676 3675
f 3675 3674 3825
f 3825 3674 3673
f 3825 3673 3824
f 3824 3673 3872
f 3824 3872 3871
f 3869 3873 3829
f 3829 3873 3679
f 3829 3679 3828
f 3828 3679 3678
f 3828 3678 3677
f 3757 3770 3874
f 3874 3770 3769
f 3874 3769 3768
f 3768 3759 3874
f 3874 3759 3758
f 3874 3758 3875
f 3875 3758 3876
f 3875 3876 3877
f 3877 3878 3875
f 3875 3878 3879
f 3875 3879 3880
f 3705 3718 3881
f 3881 3718 3717
f 3881 3717 3716
f 3716 3707 3881
f 3881 3707 3706
f 3881 3706 3882
f 3882 3706 3883
f 3882 3883 3884
f 3884 3885 3882
f 3882 3885 3886
f 3882 3886 3887
f 3821 3888 3889
f 3890 3888 3821
f 3819 3890 3821
f 3821 3891 3807
f 3892 3891 3821
f 3889 3892 3821
f 3819 3820 3890
f 3890 3820 3857
f 3890 3857 3888
f 3888 3857 3858
f 3888 3858 3889
f 3889 3858 3861
f 3889 3861 3892
f 3892 3861 3860
f 3892 3860 3891
f 3891 3860 3859
f 3891 3859 3807
f 3807 3859 3808
f 3740 3805 3893
f 3893 3805 3894
f 3893 3894 3895
f 3895 3894 3896
f 3895 3896 3897
f 3897 3896 3898
f 3897 3898 3899
f 3899 3898 3900
f 3899 3900 3901
f 3901 3900 3902
f 3901 3902 3746
f 3746 3902 3793
f 3805 3806 3894
f 3894 3806 3862
f 3894 3862 3896
f 3896 3862 3856
f 3896 3856 3898
f 3898 3856 3855
f 3898 3855 3900
f 3900 3855 3854
f 3900 3854 3902
f 3902 3854 3853
f 3902 3853 3793
f 3793 3853 3794
f 3792 3903 3904
f 3905 3903 3792
f 3790 3905 3792
f 3792 3906 3778
f 3907 3906 3792
f 3904 3907 3792
f 3790 3791 3905
f 3905 3791 3867
f 3905 3867 3903
f 3903 3867 3866
f 3903 3866 3904
f 3904 3866 3865
f 3904 3865 3907
f 3907 3865 3864
f 3907 3864 3906
f 3906 3864 3863
f 3906 3863 3778
f 3778 3863 3779
f 3764 3908 3762
f 3762 3908 3777
f 3764 3766 3908
f 3908 3766 3767
f 3908 3767 3749
f 3837 3909 3880
f 3909 3837 3910
f 3910 3837 3833
f 3910 3833 3911
f 3911 3833 3834
f 3911 3834 3912
f 3912 3834 3913
f 3913 3834 3835
f 3913 3835 3772
f 3836 3763 3762
f 3758 3760 3876
f 3876 3760 3838
f 3880 3879 3837
f 3837 3879 3878
f 3837 3878 3838
f 3838 3878 3877
f 3838 3877 3876
f 3762 3775 3836
f 3836 3775 3774
f 3836 3774 3835
f 3835 3774 3773
f 3835 3773 3772
f 3746 3738 3901
f 3901 3738 3914
f 3901 3914 3899
f 3899 3914 3915
f 3899 3915 3897
f 3897 3915 3916
f 3897 3916 3895
f 3895 3916 3917
f 3895 3917 3893
f 3893 3917 3918
f 3893 3918 3740
f 3740 3918 3726
f 3738 3739 3914
f 3914 3739 3839
f 3914 3839 3915
f 3915 3839 3840
f 3915 3840 3916
f 3916 3840 3832
f 3916 3832 3917
f 3917 3832 3831
f 3917 3831 3918
f 3918 3831 3830
f 3918 3830 3726
f 3726 3830 3727
f 3712 3919 3710
f 3710 3919 3725
f 3712 3714 3919
f 3919 3714 3715
f 3919 3715 3697
f 3845 3920 3887
f 3920 3845 3921
f 3921 3845 3842
f 3921 3842 3922
f 3922 3842 3843
f 3922 3843 3923
f 3923 3843 3924
f 3924 3843 3844
f 3924 3844 3720
f 3841 3711 3710
f 3706 3708 3883
f 3883 3708 3846
f 3887 3886 3845
f 3845 3886 3885
f 3845 3885 3846
f 3846 3885 3884
f 3846 3884 3883
f 3710 3723 3841
f 3841 3723 3722
f 3841 3722 3844
f 3844 3722 3721
f 3844 3721 3720
f 3851 3688 3684
f 3925 3686 3694
f 3926 3755 3927
f 3927 3755 3757
f 3927 3757 3928
f 3928 3757 3874
f 3928 3874 3875
f 3849 3850 3880
f 3908 3749 3929
f 3771 3776 3848
f 3848 3776 3777
f 3929 3749 3930
f 3930 3749 3748
f 3930 3748 3931
f 3931 3748 3750
f 3931 3750 3932
f 3932 3750 3752
f 3932 3752 3926
f 3926 3752 3754
f 3926 3754 3755
f 3911 3847 3910
f 3910 3847 3849
f 3910 3849 3909
f 3909 3849 3880
f 3911 3912 3847
f 3847 3912 3913
f 3847 3913 3848
f 3848 3913 3772
f 3848 3772 3771
f 3694 3852 3925
f 3925 3852 3848
f 3925 3848 3929
f 3929 3848 3777
f 3929 3777 3908
f 3684 3933 3851
f 3851 3933 3928
f 3851 3928 3850
f 3850 3928 3875
f 3850 3875 3880
f 3680 3686 3925
f 3929 3930 3680
f 3931 3932 3680
f 3926 3927 3680
f 3680 3933 3684
f 3928 3933 3680
f 3927 3928 3680
f 3932 3926 3680
f 3930 3931 3680
f 3925 3929 3680
f 3872 3673 3669
f 3934 3671 3679
f 3882 3887 3935
f 3700 3868 3698
f 3698 3868 3870
f 3698 3870 3696
f 3700 3702 3868
f 3868 3702 3703
f 3868 3703 3869
f 3869 3703 3705
f 3869 3705 3881
f 3724 3725 3936
f 3937 3924 3938
f 3938 3924 3720
f 3938 3720 3936
f 3936 3720 3719
f 3936 3719 3724
f 3696 3870 3697
f 3697 3870 3871
f 3697 3871 3919
f 3935 3887 3939
f 3939 3887 3920
f 3939 3920 3940
f 3940 3920 3921
f 3940 3921 3941
f 3941 3921 3922
f 3941 3922 3937
f 3937 3922 3923
f 3937 3923 3924
f 3679 3873 3934
f 3934 3873 3869
f 3934 3869 3935
f 3935 3869 3881
f 3935 3881 3882
f 3669 3942 3872
f 3872 3942 3936
f 3872 3936 3871
f 3871 3936 3725
f 3871 3725 3919
f 3665 3671 3934
f 3935 3939 3665
f 3940 3941 3665
f 3937 3938 3665
f 3665 3942 3669
f 3936 3942 3665
f 3938 3936 3665
f 3941 3937 3665
f 3939 3940 3665
f 3934 3935 3665
f 3943 3944 3945
f 3945 3944 3946
f 3945 3946 3947
f 3947 3946 3948
f 3947 3948 3949
f 3949 3948 3950
f 3949 3950 3951
f 3951 3950 3952
f 3951 3952 3953
f 3953 3952 3954
f 3953 3954 3955
f 3955 3954 3956
f 3957 3958 3959
f 3959 3958 3960
f 3959 3960 3961
f 3961 3960 3962
f 3961 3962 3963
f 3963 3962 3964
f 3963 3964 3965
f 3965 3964 3966
f 3965 3966 3967
f 3967 3966 3968
f 3967 3968 3969
f 3969 3968 3970
f 3971 3965 3972
f 3972 3965 3967
f 3972 3967 3973
f 3973 3967 3969
f 3973 3969 3974
f 3974 3969 3975
f 3974 3975 3976
f 3976 3975 3977
f 3976 3977 3978
f 3978 3977 3979
f 3978 3979 3980
f 3980 3979 3981
f 3980 3981 3982
f 3982 3981 3983
f 3982 3983 3984
f 3984 3983 3957
f 3984 3957 3985
f 3985 3957 3959
f 3985 3959 3986
f 3986 3959 3961
f 3986 3961 3987
f 3987 3961 3963
f 3987 3963 3971
f 3971 3963 3965
f 3988 3984 3989
f 3989 3984 3985
f 3989 3985 3990
f 3990 3985 3986
f 3990 3986 3991
f 3991 3986 3987
f 3991 3987 3992
f 3992 3987 3971
f 3992 3971 3993
f 3993 3971 3972
f 3993 3972 3994
f 3994 3972 3973
f 3995 3996 3997
f 3997 3996 3998
f 3997 3998 3999
f 3999 3998 4000
f 3999 4000 4001
f 4001 4000 4002
f 4001 4002 4003
f 4003 4002 4004
f 4003 4004 4005
f 4005 4004 4006
f 4005 4006 4007
f 4007 4006 4008
f 4009 4003 4010
f 4010 4003 4005
f 4010 4005 4011
f 4011 4005 4007
f 4011 4007 4012
f 4012 4007 4013
f 4012 4013 4014
f 4014 4013 4015
f 4014 4015 4016
f 4016 4015 4017
f 4016 4017 4018
f 4018 4017 4019
f 4018 4019 4020
f 4020 4019 4021
f 4020 4021 4022
f 4022 4021 3995
f 4022 3995 4023
f 4023 3995 3997
f 4023 3997 4024
f 4024 3997 3999
f 4024 3999 4025
f 4025 3999 4001
f 4025 4001 4009
f 4009 4001 4003
f 4026 4022 4027
f 4027 4022 4023
f 4027 4023 4028
f 4028 4023 4024
f 4028 4024 4029
f 4029 4024 4025
f 4029 4025 4030
f 4030 4025 4009
f 4030 4009 4031
f 4031 4009 4010
f 4031 4010 4032
f 4032 4010 4011
f 4033 4034 4035
f 4035 4034 4036
f 4035 4036 4037
f 4037 4036 4038
f 4037 4038 4039
f 4039 4038 4040
f 4039 4040 4041
f 4041 4040 4042
f 4041 4042 4043
f 4043 4042 4044
f 4043 4044 4045
f 4045 4044 4046
f 4047 4035 4048
f 4048 4035 4037
f 4048 4037 4049
f 4049 4037 4039
f 4049 4039 4050
f 4050 4039 4041
f 4050 4041 4051
f 4051 4041 4043
f 4051 4043 4052
f 4052 4043 4045
f 4052 4045 4053
f 4053 4045 4054
f 4053 4054 4055
f 4055 4054 4056
f 4055 4056 4057
f 4057 4056 4058
f 4057 4058 4059
f 4059 4058 4060
f 4059 4060 4061
f 4061 4060 4062
f 4061 4062 4063
f 4063 4062 4033
f 4063 4033 4047
f 4047 4033 4035
f 4064 4063 4065
f 4065 4063 4047
f 4065 4047 4066
f 4066 4047 4048
f 4066 4048 4067
f 4067 4048 4049
f 4067 4049 4068
f 4068 4049 4050
f 4068 4050 4069
f 4069 4050 4051
f 4069 4051 4070
f 4070 4051 4052
f 4071 4072 4073
f 4073 4072 4074
f 4073 4074 4075
f 4075 4074 4076
f 4075 4076 4077
f 4077 4076 4078
f 4077 4078 4079
f 4079 4078 4080
f 4079 4080 4081
f 4081 4080 4082
f 4081 4082 4083
f 4083 4082 4084
f 4085 4073 4086
f 4086 4073 4075
f 4086 4075 4087
f 4087 4075 4077
f 4087 4077 4088
f 4088 4077 4079
f 4088 4079 4089
f 4089 4079 4081
f 4089 4081 4090
f 4090 4081 4083
f 4090 4083 4091
f 4091 4083 4092
f 4091 4092 4093
f 4093 4092 4094
f 4093 4094 4095
f 4095 4094 4096
f 4095 4096 4097
f 4097 4096 4098
f 4097 4098 4099
f 4099 4098 4100
f 4099 4100 4101
f 4101 4100 4071
f 4101 4071 4085
f 4085 4071 4073
f 4102 4101 4103
f 4103 4101 4085
f 4103 4085 4104
f 4104 4085 4086
f 4104 4086 4105
f 4105 4086 4087
f 4105 4087 4106
f 4106 4087 4088
f 4106 4088 4107
f 4107 4088 4089
f 4107 4089 4108
f 4108 4089 4090
f 4109 4110 4111
f 4111 4110 4112
f 4111 4112 4113
f 4113 4112 4114
f 4113 4114 4115
f 4115 4114 4116
f 4115 4116 4117
f 4117 4116 4118
f 4117 4118 4119
f 4119 4118 4120
f 4119 4120 4121
f 4121 4120 4122
f 4123 4117 4124
f 4124 4117 4119
f 4124 4119 4125
f 4125 4119 4121
f 4125 4121 4126
f 4126 4121 4127
f 4126 4127 4128
f 4128 4127 4129
f 4128 4129 4130
f 4130 4129 4131
f 4130 4131 4132
f 4132 4131 4133
f 4132 4133 4134
f 4134 4133 4135
f 4134 4135 4136
f 4136 4135 4109
f 4136 4109 4137
f 4137 4109 4111
f 4137 4111 4138
f 4138 4111 4113
f 4138 4113 4139
f 4139 4113 4115
f 4139 4115 4123
f 4123 4115 4117
f 4140 4136 4141
f 4141 4136 4137
f 4141 4137 4142
f 4142 4137 4138
f 4142 4138 4143
f 4143 4138 4139
f 4143 4139 4144
f 4144 4139 4123
f 4144 4123 4145
f 4145 4123 4124
f 4145 4124 4146
f 4146 4124 4125
f 4147 4148 4149
f 4149 4148 4150
f 4149 4150 4151
f 4151 4150 4152
f 4151 4152 4153
f 4153 4152 4154
f 4153 4154 4155
f 4155 4154 4156
f 4155 4156 4157
f 4157 4156 4158
f 4157 4158 4159
f 4159 4158 4160
f 4161 4155 4162
f 4162 4155 4157
f 4162 4157 4163
f 4163 4157 4159
f 4163 4159 4164
f 4164 4159 4165
f 4164 4165 4166
f 4166 4165 4167
f 4166 4167 4168
f 4168 4167 4169
f 4168 4169 4170
f 4170 4169 4171
f 4170 4171 4172
f 4172 4171 4173
f 4172 4173 4174
f 4174 4173 4147
f 4174 4147 4175
f 4175 4147 4149
f 4175 4149 4176
f 4176 4149 4151
f 4176 4151 4177
f 4177 4151 4153
f 4177 4153 4161
f 4161 4153 4155
f 4178 4174 4179
f 4179 4174 4175
f 4179 4175 4180
f 4180 4175 4176
f 4180 4176 4181
f 4181 4176 4177
f 4181 4177 4182
f 4182 4177 4161
f 4182 4161 4183
f 4183 4161 4162
f 4183 4162 4184
f 4184 4162 4163
f 4185 2711 4186
f 4186 2711 2964
f 4186 2964 4187
f 4187 2964 2960
f 4187 2960 4188
f 4188 2960 4189
f 4188 4189 4190
f 4190 4189 2962
f 4190 2962 4191
f 4191 2962 2963
f 4191 2963 4192
f 4192 2963 2708
f 4193 4187 4188
f 4186 4187 4193
f 4185 4186 4193
f 4193 4191 4192
f 4190 4191 4193
f 4188 4190 4193
f 4194 2786 4195
f 4195 2786 2787
f 4195 2787 4196
f 4196 2787 2788
f 4196 2788 4197
f 4197 2788 4198
f 4197 4198 4199
f 4199 4198 2791
f 4199 2791 4200
f 4200 2791 2778
f 4200 2778 4201
f 4201 2778 2775
f 4202 4196 4197
f 4195 4196 4202
f 4194 4195 4202
f 4202 4200 4201
f 4199 4200 4202
f 4197 4199 4202
f 4203 4204 4205
f 4205 4204 4206
f 4205 4206 4207
f 4207 4206 4208
f 4207 4208 4209
f 4209 4208 4210
f 4209 4210 4211
f 4211 4210 4212
f 4211 4212 4213
f 4213 4212 4214
f 4213 4214 4215
f 4215 4214 4216
f 4217 4218 4219
f 4219 4218 4220
f 4219 4220 4221
f 4221 4220 4222
f 4221 4222 4223
f 4223 4222 4224
f 4223 4224 4225
f 4225 4224 4226
f 4225 4226 4227
f 4227 4226 4203
f 4227 4203 4228
f 4228 4203 4205
f 4228 4205 4229
f 4229 4205 4207
f 4229 4207 4230
f 4230 4207 4209
f 4230 4209 4231
f 4231 4209 4211
f 4231 4211 4232
f 4232 4211 4213
f 4232 4213 4233
f 4233 4213 4215
f 4233 4215 4234
f 4234 4215 4235
f 4234 4235 4217
f 4217 4235 4218
f 4236 4227 4237
f 4237 4227 4228
f 4237 4228 4238
f 4238 4228 4229
f 4238 4229 4239
f 4239 4229 4230
f 4239 4230 4240
f 4240 4230 4231
f 4240 4231 4241
f 4241 4231 4232
f 4241 4232 4242
f 4242 4232 4233
f 4243 4244 4245
f 4245 4244 4246
f 4245 4246 4247
f 4247 4246 4248
f 4247 4248 4249
f 4249 4248 4250
f 4249 4250 4251
f 4251 4250 4252
f 4251 4252 4253
f 4253 4252 4254
f 4253 4254 4255
f 4255 4254 4256
f 4257 4258 4249
f 4249 4258 4259
f 4249 4259 4247
f 4247 4259 4260
f 4247 4260 4245
f 4245 4260 4261
f 4245 4261 4243
f 4243 4261 4262
f 4243 4262 4263
f 4263 4262 4264
f 4263 4264 4265
f 4265 4264 4266
f 4265 4266 4267
f 4267 4266 4268
f 4267 4268 4269
f 4269 4268 4270
f 4269 4270 4271
f 4271 4270 4272
f 4271 4272 4255
f 4255 4272 4273
f 4255 4273 4253
f 4253 4273 4274
f 4253 4274 4251
f 4251 4274 4257
f 4251 4257 4249
f 4275 4262 4276
f 4276 4262 4261
f 4276 4261 4277
f 4277 4261 4260
f 4277 4260 4278
f 4278 4260 4259
f 4278 4259 4279
f 4279 4259 4258
f 4279 4258 4280
f 4280 4258 4257
f 4280 4257 4281
f 4281 4257 4274
f 4281 4274 4282
f 4282 4274 4273
f 4283 4284 4285
f 4285 4284 4286
f 4285 4286 4287
f 4287 4286 4288
f 4287 4288 4289
f 4289 4288 4290
f 4289 4290 4291
f 4291 4290 4292
f 4291 4292 4293
f 4293 4292 4294
f 4293 4294 4295
f 4295 4294 4296
f 4297 4298 4289
f 4289 4298 4299
f 4289 4299 4287
f 4287 4299 4300
f 4287 4300 4285
f 4285 4300 4301
f 4285 4301 4283
f 4283 4301 4302
f 4283 4302 4303
f 4303 4302 4304
f 4303 4304 4305
f 4305 4304 4306
f 4305 4306 4307
f 4307 4306 4308
f 4307 4308 4309
f 4309 4308 4310
f 4309 4310 4311
f 4311 4310 4312
f 4311 4312 4295
f 4295 4312 4313
f 4295 4313 4293
f 4293 4313 4314
f 4293 4314 4291
f 4291 4314 4297
f 4291 4297 4289
f 4315 4302 4316
f 4316 4302 4301
f 4316 4301 4317
f 4317 4301 4300
f 4317 4300 4318
f 4318 4300 4299
f 4318 4299 4319
f 4319 4299 4298
f 4319 4298 4320
f 4320 4298 4297
f 4320 4297 4321
f 4321 4297 4314
f 4321 4314 4322
f 4322 4314 4313
f 4323 4324 4325
f 4325 4324 4326
f 4325 4326 4327
f 4327 4326 4328
f 4327 4328 4329
f 4329 4328 4330
f 4329 4330 4331
f 4331 4330 4332
f 4331 4332 4333
f 4333 4332 4334
f 4333 4334 4335
f 4335 4334 4336
f 4337 4338 4339
f 4339 4338 4340
f 4339 4340 4341
f 4341 4340 4342
f 4341 4342 4343
f 4343 4342 4344
f 4343 4344 4345
f 4345 4344 4346
f 4345 4346 4347
f 4347 4346 4323
f 4347 4323 4348
f 4348 4323 4325
f 4348 4325 4349
f 4349 4325 4327
f 4349 4327 4350
f 4350 4327 4329
f 4350 4329 4351
f 4351 4329 4331
f 4351 4331 4352
f 4352 4331 4333
f 4352 4333 4353
f 4353 4333 4335
f 4353 4335 4337
f 4337 4335 4338
f 4354 4347 4355
f 4355 4347 4348
f 4355 4348 4356
f 4356 4348 4349
f 4356 4349 4357
f 4357 4349 4350
f 4357 4350 4358
f 4358 4350 4351
f 4358 4351 4359
f 4359 4351 4352
f 4359 4352 4360
f 4360 4352 4353
f 4361 4362 4363
f 4363 4362 4364
f 4363 4364 4365
f 4365 4364 4366
f 4365 4366 4367
f 4367 4366 4368
f 4367 4368 4369
f 4369 4368 4370
f 4369 4370 4371
f 4371 4370 4372
f 4371 4372 4373
f 4373 4372 4374
f 4375 4376 4377
f 4377 4376 4378
f 4377 4378 4379
f 4379 4378 4361
f 4379 4361 4380
f 4380 4361 4363
f 4380 4363 4381
f 4381 4363 4365
f 4381 4365 4382
f 4382 4365 4367
f 4382 4367 4383
f 4383 4367 4369
f 4383 4369 4384
f 4384 4369 4371
f 4384 4371 4385
f 4385 4371 4373
f 4385 4373 4386
f 4386 4373 4387
f 4386 4387 4388
f 4388 4387 4389
f 4388 4389 4390
f 4390 4389 4391
f 4390 4391 4375
f 4375 4391 4376
f 4392 4379 4393
f 4393 4379 4380
f 4393 4380 4394
f 4394 4380 4381
f 4394 4381 4395
f 4395 4381 4382
f 4395 4382 4396
f 4396 4382 4383
f 4396 4383 4397
f 4397 4383 4384
f 4397 4384 4398
f 4398 4384 4385
f 4399 4400 4401
f 4401 4400 4402
f 4401 4402 4403
f 4403 4402 4404
f 4403 4404 4405
f 4405 4404 4406
f 4405 4406 4407
f 4407 4406 4408
f 4407 4408 4409
f 4409 4408 4410
f 4409 4410 4411
f 4411 4410 4412
f 4413 4414 4415
f 4415 4414 4416
f 4415 4416 4417
f 4417 4416 4418
f 4417 4418 4419
f 4419 4418 4420
f 4419 4420 4421
f 4421 4420 4399
f 4421 4399 4422
f 4422 4399 4401
f 4422 4401 4423
f 4423 4401 4403
f 4423 4403 4424
f 4424 4403 4405
f 4424 4405 4425
f 4425 4405 4407
f 4425 4407 4426
f 4426 4407 4409
f 4426 4409 4427
f 4427 4409 4411
f 4427 4411 4428
f 4428 4411 4429
f 4428 4429 4430
f 4430 4429 4413
f 4430 4413 4415
f 4431 4421 4432
f 4432 4421 4422
f 4432 4422 4433
f 4433 4422 4423
f 4433 4423 4434
f 4434 4423 4424
f 4434 4424 4435
f 4435 4424 4425
f 4435 4425 4436
f 4436 4425 4426
f 4436 4426 4437
f 4437 4426 4427
f 4438 4439 4440
f 4440 4439 4441
f 4440 4441 4442
f 4442 4441 4443
f 4442 4443 4444
f 4444 4443 4445
f 4444 4445 4446
f 4446 4445 4447
f 4446 4447 4448
f 4448 4447 4449
f 4448 4449 4450
f 4450 4449 4451
f 4452 4453 4444
f 4444 4453 4454
f 4444 4454 4442
f 4442 4454 4455
f 4442 4455 4440
f 4440 4455 4456
f 4440 4456 4438
f 4438 4456 4457
f 4438 4457 4458
f 4458 4457 4459
f 4458 4459 4460
f 4460 4459 4461
f 4460 4461 4462
f 4462 4461 4463
f 4462 4463 4464
f 4464 4463 4465
f 4464 4465 4466
f 4466 4465 4467
f 4466 4467 4450
f 4450 4467 4468
f 4450 4468 4448
f 4448 4468 4469
f 4448 4469 4446
f 4446 4469 4452
f 4446 4452 4444
f 4470 4457 4471
f 4471 4457 4456
f 4471 4456 4472
f 4472 4456 4455
f 4472 4455 4473
f 4473 4455 4454
f 4473 4454 4474
f 4474 4454 4453
f 4474 4453 4475
f 4475 4453 4452
f 4475 4452 4476
f 4476 4452 4469
f 4476 4469 4477
f 4477 4469 4468
f 4478 4479 4480
f 4480 4479 4481
f 4480 4481 4482
f 4482 4481 4483
f 4482 4483 4484
f 4484 4483 4485
f 4484 4485 4486
f 4486 4485 4487
f 4486 4487 4488
f 4488 4487 4489
f 4488 4489 4490
f 4490 4489 4491
f 4492 4490 4493
f 4493 4490 4494
f 4493 4494 4495
f 4495 4494 4496
f 4495 4496 4497
f 4497 4496 4498
f 4497 4498 4499
f 4499 4498 4500
f 4499 4500 4501
f 4501 4500 4502
f 4501 4502 4503
f 4503 4502 4478
f 4503 4478 4504
f 4504 4478 4480
f 4504 4480 4505
f 4505 4480 4482
f 4505 4482 4506
f 4506 4482 4484
f 4506 4484 4507
f 4507 4484 4486
f 4507 4486 4508
f 4508 4486 4488
f 4508 4488 4492
f 4492 4488 4490
f 4509 4503 4510
f 4510 4503 4504
f 4510 4504 4511
f 4511 4504 4505
f 4511 4505 4512
f 4512 4505 4506
f 4512 4506 4513
f 4513 4506 4507
f 4513 4507 4514
f 4514 4507 4508
f 4514 4508 4515
f 4515 4508 4492
f 4516 4517 4518
f 4517 4519 4520
f 4519 4521 4522
f 4519 4522 4520
f 4520 4522 4523
f 4520 4523 4524
f 4524 4523 4525
f 4524 4525 4526
f 4526 4525 4527
f 4526 4527 4528
f 4528 4527 4529
f 4528 4529 4530
f 4530 4529 4531
f 4530 4531 4532
f 4532 4531 4533
f 4532 4533 4534
f 4534 4533 4535
f 4534 4535 4536
f 4536 4535 4537
f 4536 4537 4538
f 4538 4537 4539
f 4538 4539 4540
f 4540 4539 4541
f 4540 4541 4542
f 4542 4541 4543
f 4542 4543 4544
f 4544 4543 4545
f 4544 4545 4546
f 4546 4545 4547
f 4546 4547 4548
f 4548 4547 4549
f 4548 4549 4550
f 4550 4549 4551
f 4550 4551 4552
f 4552 4551 4553
f 4552 4553 4554
f 4554 4553 4555
f 4554 4555 4556
f 4517 4520 4518
f 4518 4520 4524
f 4518 4524 4557
f 4557 4524 4526
f 4557 4526 4558
f 4558 4526 4528
f 4558 4528 4559
f 4559 4528 4530
f 4559 4530 4560
f 4560 4530 4532
f 4560 4532 4561
f 4561 4532 4534
f 4561 4534 4562
f 4562 4534 4536
f 4562 4536 4563
f 4563 4536 4538
f 4563 4538 4564
f 4564 4538 4540
f 4564 4540 4565
f 4565 4540 4542
f 4565 4542 4566
f 4566 4542 4544
f 4566 4544 4567
f 4567 4544 4546
f 4567 4546 4568
f 4568 4546 4548
f 4568 4548 4569
f 4569 4548 4550
f 4569 4550 4570
f 4570 4550 4552
f 4570 4552 4571
f 4571 4552 4554
f 4571 4554 4572
f 4572 4554 4556
f 4572 4556 4573
f 4516 4518 4574
f 4574 4518 4557
f 4574 4557 4575
f 4575 4557 4558
f 4575 4558 4576
f 4576 4558 4559
f 4576 4559 4577
f 4577 4559 4560
f 4577 4560 4578
f 4578 4560 4561
f 4578 4561 4579
f 4579 4561 4562
f 4579 4562 4580
f 4580 4562 4563
f 4580 4563 4581
f 4581 4563 4564
f 4581 4564 4582
f 4582 4564 4565
f 4582 4565 4583
f 4583 4565 4566
f 4583 4566 4584
f 4584 4566 4567
f 4584 4567 4585
f 4585 4567 4568
f 4585 4568 4586
f 4586 4568 4569
f 4586 4569 4587
f 4587 4569 4570
f 4587 4570 4588
f 4588 4570 4571
f 4588 4571 4589
f 4589 4571 4572
f 4589 4572 4590
f 4590 4572 4573
f 4590 4573 4591
f 4592 4593 4594
f 4593 4595 4596
f 4595 4597 4598
f 4595 4598 4596
f 4596 4598 4599
f 4596 4599 4600
f 4600 4599 4601
f 4600 4601 4602
f 4602 4601 4603
f 4602 4603 4604
f 4604 4603 4605
f 4604 4605 4606
f 4606 4605 4607
f 4606 4607 4608
f 4608 4607 4609
f 4608 4609 4610
f 4610 4609 4611
f 4610 4611 4612
f 4612 4611 4613
f 4612 4613 4614
f 4614 4613 4615
f 4614 4615 4616
f 4616 4615 4617
f 4616 4617 4618
f 4618 4617 4619
f 4618 4619 4620
f 4620 4619 4621
f 4620 4621 4622
f 4622 4621 4623
f 4622 4623 4624
f 4624 4623 4625
f 4624 4625 4626
f 4626 4625 4627
f 4626 4627 4628
f 4628 4627 4629
f 4628 4629 4630
f 4630 4629 4631
f 4630 4631 4632
f 4593 4596 4594
f 4594 4596 4600
f 4594 4600 4633
f 4633 4600 4602
f 4633 4602 4634
f 4634 4602 4604
f 4634 4604 4635
f 4635 4604 4606
f 4635 4606 4636
f 4636 4606 4608
f 4636 4608 4637
f 4637 4608 4610
f 4637 4610 4638
f 4638 4610 4612
f 4638 4612 4639
f 4639 4612 4614
f 4639 4614 4640
f 4640 4614 4616
f 4640 4616 4641
f 4641 4616 4618
f 4641 4618 4642
f 4642 4618 4620
f 4642 4620 4643
f 4643 4620 4622
f 4643 4622 4644
f 4644 4622 4624
f 4644 4624 4645
f 4645 4624 4626
f 4645 4626 4646
f 4646 4626 4628
f 4646 4628 4647
f 4647 4628 4630
f 4647 4630 4648
f 4648 4630 4632
f 4648 4632 4649
f 4592 4594 4650
f 4650 4594 4633
f 4650 4633 4651
f 4651 4633 4634
f 4651 4634 4652
f 4652 4634 4635
f 4652 4635 4653
f 4653 4635 4636
f 4653 4636 4654
f 4654 4636 4637
f 4654 4637 4655
f 4655 4637 4638
f 4655 4638 4656
f 4656 4638 4639
f 4656 4639 4657
f 4657 4639 4640
f 4657 4640 4658
f 4658 4640 4641
f 4658 4641 4659
f 4659 4641 4642
f 4659 4642 4660
f 4660 4642 4643
f 4660 4643 4661
f 4661 4643 4644
f 4661 4644 4662
f 4662 4644 4645
f 4662 4645 4663
f 4663 4645 4646
f 4663 4646 4664
f 4664 4646 4647
f 4664 4647 4665
f 4665 4647 4648
f 4665 4648 4666
f 4666 4648 4649
f 4666 4649 4667
f 4668 4669 4670
f 4670 4669 4671
f 4670 4671 4672
f 4672 4671 4673
f 4672 4673 4674
f 4674 4673 4675
f 4674 4675 4676
f 4676 4675 4677
f 4676 4677 4678
f 4678 4677 4679
f 4678 4679 4680
f 4680 4679 4681
f 4682 4672 4674
f 4670 4672 4682
f 4668 4670 4682
f 4682 4678 4680
f 4676 4678 4682
f 4674 4676 4682
f 4681 449 4683
f 4683 449 914
f 4683 914 4684
f 4684 914 915
f 4684 915 4685
f 4685 915 912
f 4685 912 4686
f 4686 912 911
f 4686 911 4687
f 4687 911 913
f 4687 913 4669
f 4669 913 443
f 4669 443 4671
f 4671 443 444
f 4671 444 4673
f 4673 444 445
f 4673 445 4675
f 4675 445 446
f 4675 446 4677
f 4677 446 447
f 4677 447 4679
f 4679 447 448
f 4679 448 4681
f 4681 448 449
f 4688 4689 4690
f 4690 4689 4691
f 4690 4691 4692
f 4692 4691 4693
f 4692 4693 4694
f 4694 4693 4695
f 4694 4695 4696
f 4696 4695 4697
f 4696 4697 4698
f 4698 4697 4699
f 4698 4699 4700
f 4700 4699 4701
f 4702 4692 4694
f 4690 4692 4702
f 4688 4690 4702
f 4702 4698 4700
f 4696 4698 4702
f 4694 4696 4702
f 4695 484 4697
f 4697 484 485
f 4697 485 4699
f 4699 485 486
f 4699 486 4701
f 4701 486 487
f 4701 487 4703
f 4703 487 908
f 4703 908 4704
f 4704 908 909
f 4704 909 4705
f 4705 909 910
f 4705 910 4706
f 4706 910 907
f 4706 907 4707
f 4707 907 906
f 4707 906 4689
f 4689 906 481
f 4689 481 4691
f 4691 481 482
f 4691 482 4693
f 4693 482 483
f 4693 483 4695
f 4695 483 484
f 4708 4709 4710
f 4710 4709 4711
f 4710 4711 4712
f 4712 4711 4713
f 4712 4713 4714
f 4714 4713 4715
f 4714 4715 4716
f 4716 4715 4717
f 4716 4717 4718
f 4718 4717 4719
f 4718 4719 4720
f 4720 4719 4721
f 4722 4712 4714
f 4710 4712 4722
f 4708 4710 4722
f 4722 4718 4720
f 4716 4718 4722
f 4714 4716 4722
f 4721 525 4723
f 4723 525 922
f 4723 922 4724
f 4724 922 926
f 4724 926 4725
f 4725 926 927
f 4725 927 4726
f 4726 927 928
f 4726 928 4727
f 4727 928 923
f 4727 923 4709
f 4709 923 519
f 4709 519 4711
f 4711 519 520
f 4711 520 4713
f 4713 520 521
f 4713 521 4715
f 4715 521 522
f 4715 522 4717
f 4717 522 523
f 4717 523 4719
f 4719 523 524
f 4719 524 4721
f 4721 524 525
f 4728 4729 4730
f 4730 4729 4731
f 4730 4731 4732
f 4732 4731 4733
f 4732 4733 4734
f 4734 4733 4735
f 4734 4735 4736
f 4736 4735 4737
f 4736 4737 4738
f 4738 4737 4739
f 4738 4739 4740
f 4740 4739 4741
f 4742 4732 4734
f 4730 4732 4742
f 4728 4730 4742
f 4742 4738 4740
f 4736 4738 4742
f 4734 4736 4742
f 4741 563 4743
f 4743 563 925
f 4743 925 4744
f 4744 925 921
f 4744 921 4745
f 4745 921 919
f 4745 919 4746
f 4746 919 916
f 4746 916 4747
f 4747 916 917
f 4747 917 4729
f 4729 917 557
f 4729 557 4731
f 4731 557 558
f 4731 558 4733
f 4733 558 559
f 4733 559 4735
f 4735 559 560
f 4735 560 4737
f 4737 560 561
f 4737 561 4739
f 4739 561 562
f 4739 562 4741
f 4741 562 563
f 4748 4749 4750
f 4750 4749 4751
f 4750 4751 4752
f 4752 4751 4753
f 4752 4753 4754
f 4754 4753 4755
f 4754 4755 4756
f 4756 4755 4757
f 4756 4757 4758
f 4758 4757 4759
f 4758 4759 4760
f 4760 4759 4761
f 4762 4752 4754
f 4750 4752 4762
f 4748 4750 4762
f 4762 4758 4760
f 4756 4758 4762
f 4754 4756 4762
f 4763 4764 4765
f 4765 4764 4766
f 4765 4766 4767
f 4767 4766 4768
f 4767 4768 4769
f 4769 4768 4770
f 4769 4770 4771
f 4771 4770 4772
f 4771 4772 4773
f 4773 4772 4774
f 4773 4774 4775
f 4775 4774 4776
f 4777 4767 4769
f 4765 4767 4777
f 4763 4765 4777
f 4777 4773 4775
f 4771 4773 4777
f 4769 4771 4777
f 4778 4779 4780
f 4780 4779 4781
f 4780 4781 4782
f 4782 4781 4783
f 4782 4783 4784
f 4784 4783 4785
f 4784 4785 4786
f 4786 4785 4787
f 4786 4787 4788
f 4788 4787 4789
f 4788 4789 4790
f 4790 4789 4791
f 4792 4782 4784
f 4780 4782 4792
f 4778 4780 4792
f 4792 4788 4790
f 4786 4788 4792
f 4784 4786 4792
f 4793 4794 4795
f 4795 4794 4796
f 4795 4796 4797
f 4797 4796 4798
f 4797 4798 4799
f 4799 4798 4800
f 4799 4800 4801
f 4801 4800 4802
f 4801 4802 4803
f 4803 4802 4804
f 4803 4804 4805
f 4805 4804 4806
f 4807 4797 4799
f 4795 4797 4807
f 4793 4795 4807
f 4807 4803 4805
f 4801 4803 4807
f 4799 4801 4807
f 4761 4808 4809
f 4809 4808 4810
f 4809 4810 4811
f 4811 4810 4812
f 4811 4812 4813
f 4813 4812 4814
f 4813 4814 4815
f 4815 4814 4816
f 4815 4816 4817
f 4817 4816 4818
f 4817 4818 4749
f 4749 4818 4819
f 4749 4819 4751
f 4751 4819 4820
f 4751 4820 4753
f 4753 4820 4821
f 4753 4821 4755
f 4755 4821 4822
f 4755 4822 4757
f 4757 4822 4823
f 4757 4823 4759
f 4759 4823 4824
f 4759 4824 4761
f 4761 4824 4808
f 4770 4825 4772
f 4772 4825 4826
f 4772 4826 4774
f 4774 4826 4827
f 4774 4827 4776
f 4776 4827 4828
f 4776 4828 4829
f 4829 4828 4830
f 4829 4830 4831
f 4831 4830 4832
f 4831 4832 4833
f 4833 4832 4834
f 4833 4834 4835
f 4835 4834 4836
f 4835 4836 4837
f 4837 4836 4838
f 4837 4838 4764
f 4764 4838 4839
f 4764 4839 4766
f 4766 4839 4840
f 4766 4840 4768
f 4768 4840 4841
f 4768 4841 4770
f 4770 4841 4825
f 4791 4842 4843
f 4843 4842 4844
f 4843 4844 4845
f 4845 4844 4846
f 4845 4846 4847
f 4847 4846 4848
f 4847 4848 4849
f 4849 4848 4850
f 4849 4850 4851
f 4851 4850 4852
f 4851 4852 4779
f 4779 4852 4853
f 4779 4853 4781
f 4781 4853 4854
f 4781 4854 4783
f 4783 4854 4855
f 4783 4855 4785
f 4785 4855 4856
f 4785 4856 4787
f 4787 4856 4857
f 4787 4857 4789
f 4789 4857 4858
f 4789 4858 4791
f 4791 4858 4842
f 4806 4859 4860
f 4860 4859 4861
f 4860 4861 4862
f 4862 4861 4863
f 4862 4863 4864
f 4864 4863 4865
f 4864 4865 4866
f 4866 4865 4867
f 4866 4867 4868
f 4868 4867 4869
f 4868 4869 4794
f 4794 4869 4870
f 4794 4870 4796
f 4796 4870 4871
f 4796 4871 4798
f 4798 4871 4872
f 4798 4872 4800
f 4800 4872 4873
f 4800 4873 4802
f 4802 4873 4874
f 4802 4874 4804
f 4804 4874 4875
f 4804 4875 4806
f 4806 4875 4859
f 4876 4877 4878
f 4878 4877 4879
f 4880 945 4881
f 4881 945 4882
f 4881 4882 4883
f 4883 4882 4884
f 4883 4884 4885
f 4885 4884 4886
f 4885 4886 4887
f 4887 4886 4888
f 4887 4888 4889
f 4889 4888 4890
f 4890 4891 4877
f 4890 4877 4889
f 4889 4877 4876
f 4889 4876 4892
f 4893 4894 4895
f 4895 4894 4896
f 4896 4897 4898
f 4896 4898 4895
f 4899 4895 4900
f 4900 4895 4898
f 4900 4898 4901
f 4901 4898 4902
f 4901 4902 4903
f 4903 4902 4904
f 4903 4904 4905
f 4905 4904 4906
f 4905 4906 4907
f 4907 4906 4908
f 4907 4908 4909
f 4909 4908 943
f 4910 4911 4912
f 4910 4912 4913
f 4914 4913 4915
f 4915 4913 4912
f 4915 4912 4916
f 4916 4912 4917
f 4916 4917 4918
f 4918 4917 4919
f 4918 4919 4920
f 4920 4919 4921
f 4920 4921 4922
f 4922 4921 4923
f 4922 4923 4924
f 4924 4923 4925
f 4910 4913 4926
f 4926 4913 4927
f 4928 4929 4930
f 4930 4929 4931
f 4930 4931 4932
f 4932 4931 4933
f 4932 4933 4934
f 4934 4933 4935
f 4934 4935 4936
f 4936 4935 4937
f 4936 4937 4938
f 4938 4937 4939
f 4939 4940 4941
f 4939 4941 4938
f 4938 4941 4942
f 4938 4942 4943
f 4944 4945 4941
f 4941 4945 4942
f 4946 4947 897
f 897 4947 4948
f 939 4949 4950
f 4950 4949 4951
f 4821 4820 4952
f 4952 4820 4819
f 4952 4819 4953
f 4808 4840 4810
f 4810 4840 4839
f 4819 4818 4953
f 4953 4818 4816
f 4953 4816 4814
f 4944 4953 4834
f 4834 4953 4836
f 4834 4832 4944
f 4944 4832 4830
f 4944 4830 4945
f 4945 4830 4828
f 4836 4953 4838
f 4838 4953 4814
f 4838 4814 4839
f 4839 4814 4812
f 4839 4812 4810
f 4821 4952 4822
f 4822 4952 4945
f 4822 4945 4823
f 4828 4827 4945
f 4945 4827 4826
f 4945 4826 4825
f 4823 4945 4824
f 4824 4945 4825
f 4824 4825 4808
f 4808 4825 4841
f 4808 4841 4840
f 4941 4954 4944
f 4944 4954 4953
f 4945 4952 4942
f 4942 4952 4955
f 4863 4861 4956
f 4956 4861 4859
f 4956 4859 4957
f 4853 4926 4854
f 4854 4926 4927
f 4854 4927 4855
f 4863 4956 4865
f 4865 4956 4926
f 4865 4926 4867
f 4855 4927 4856
f 4856 4927 4957
f 4856 4957 4857
f 4853 4852 4926
f 4926 4852 4850
f 4926 4850 4848
f 4842 4871 4844
f 4844 4871 4870
f 4859 4875 4957
f 4957 4875 4874
f 4957 4874 4873
f 4867 4926 4869
f 4869 4926 4848
f 4869 4848 4870
f 4870 4848 4846
f 4870 4846 4844
f 4857 4957 4858
f 4858 4957 4873
f 4858 4873 4842
f 4842 4873 4872
f 4842 4872 4871
f 4926 4956 4910
f 4910 4956 4958
f 4913 4959 4927
f 4927 4959 4957
f 4960 4961 4962
f 4962 4961 4963
f 4964 4965 4966
f 4966 4965 4967
f 4968 939 4950
f 4946 897 4969
f 4969 897 4970
f 4969 4970 4971
f 4971 4970 4968
f 4971 4968 4972
f 4972 4968 4950
f 4948 4947 4880
f 4880 4947 945
f 4951 4949 943
f 943 4949 4909
f 4963 4961 4973
f 4973 4961 4974
f 4973 4974 4975
f 4967 4965 4976
f 4976 4965 4975
f 4976 4975 4977
f 4977 4975 4974
f 4555 4667 4978
f 4978 4667 4979
f 4978 4979 4980
f 4980 4979 4981
f 4980 4981 4982
f 4982 4981 4983
f 4982 4983 4984
f 4984 4983 4985
f 4984 4985 4986
f 4986 4985 4987
f 4986 4987 4988
f 4988 4987 4989
f 4988 4989 4990
f 4990 4989 4991
f 4990 4991 4992
f 4992 4991 4993
f 4992 4993 4994
f 4994 4993 4995
f 4994 4995 4996
f 4996 4995 4997
f 4996 4997 4998
f 4998 4997 4999
f 4998 4999 5000
f 5000 4999 5001
f 5000 5001 5002
f 5002 5001 5003
f 5002 5003 5004
f 5004 5003 5005
f 5004 5005 5006
f 5006 5005 5007
f 5006 5007 5008
f 5008 5007 5009
f 5008 5009 5010
f 5010 5009 5011
f 5010 5011 4521
f 4521 5011 4592
f 4959 5012 5013
f 988 5014 905
f 905 5014 898
f 905 898 903
f 903 898 899
f 4956 4957 4958
f 4958 4957 4959
f 4959 5013 4958
f 4958 5013 5015
f 4958 5015 5016
f 5017 5018 5019
f 5019 5018 5020
f 5019 5020 5021
f 5021 5020 5022
f 5021 5022 5023
f 5023 5022 5024
f 5023 5024 5025
f 5025 5024 5026
f 5025 5026 5027
f 5027 5026 5028
f 5027 5028 5013
f 5013 5028 5029
f 5013 5029 5015
f 5030 898 5031
f 5031 898 5014
f 5031 5014 5017
f 5017 5014 5032
f 5017 5032 5018
f 5033 5034 932
f 932 5034 929
f 932 929 924
f 924 929 920
f 5035 4955 5036
f 5037 5036 4954
f 4954 5036 4955
f 4954 4955 4953
f 4953 4955 4952
f 5035 5036 5038
f 5038 5036 5039
f 5038 5039 5040
f 5040 5039 5041
f 5040 5041 5042
f 5042 5041 5043
f 5042 5043 5044
f 5044 5043 5045
f 5044 5045 5046
f 5046 5045 5047
f 5046 5047 5048
f 5048 5047 5049
f 5048 5049 5050
f 994 929 5051
f 5051 929 5034
f 5051 5034 5052
f 5052 5034 5050
f 5052 5050 5053
f 5053 5050 5049
f 4960 4962 4925
f 4925 4962 4924
f 5016 5054 4958
f 4958 5054 5055
f 4958 5055 4910
f 4910 5055 5056
f 4910 5056 4911
f 4914 5057 4913
f 4913 5057 5058
f 4913 5058 4959
f 4959 5058 5059
f 4959 5059 5012
f 4964 4966 4928
f 4928 4966 4929
f 4940 5060 4941
f 4941 5060 5061
f 4941 5061 4954
f 4954 5061 5037
f 5062 4943 4942
f 5062 4942 5063
f 5063 4942 4955
f 5063 4955 5035
f 921 925 920
f 920 925 563
f 920 563 924
f 519 4894 520
f 520 4894 4893
f 520 4893 521
f 921 920 919
f 919 920 4894
f 919 4894 916
f 521 4893 522
f 522 4893 924
f 522 924 523
f 519 923 4894
f 4894 923 928
f 4894 928 927
f 525 558 922
f 922 558 557
f 563 562 924
f 924 562 561
f 924 561 560
f 916 4894 917
f 917 4894 927
f 917 927 557
f 557 927 926
f 557 926 922
f 523 924 524
f 524 924 560
f 524 560 525
f 525 560 559
f 525 559 558
f 4895 932 4893
f 4893 932 924
f 4894 920 4896
f 4896 920 929
f 445 444 899
f 899 444 443
f 899 443 903
f 449 482 914
f 914 482 481
f 443 913 903
f 903 913 911
f 903 911 912
f 4879 903 910
f 910 903 907
f 910 909 4879
f 4879 909 908
f 4879 908 4878
f 4878 908 487
f 907 903 906
f 906 903 912
f 906 912 481
f 481 912 915
f 481 915 914
f 445 899 446
f 446 899 4878
f 446 4878 447
f 487 486 4878
f 4878 486 485
f 4878 485 484
f 447 4878 448
f 448 4878 484
f 448 484 449
f 449 484 483
f 449 483 482
f 4878 899 4876
f 4876 899 898
f 4877 905 4879
f 4879 905 903
f 3953 3955 5064
f 4889 4892 5065
f 5058 5057 5066
f 4938 4943 5062
f 5062 5063 5067
f 5068 5069 5067
f 5069 5070 5038
f 5070 5071 5038
f 5038 5071 4026
f 5038 4026 5035
f 4026 4027 5035
f 5035 4027 4028
f 5035 4028 5063
f 5063 4028 4029
f 5063 4029 4030
f 4030 4031 5063
f 5063 4031 4032
f 5063 4032 5067
f 5067 4032 5072
f 5067 5072 5068
f 4928 4930 5073
f 4938 5062 4936
f 4975 4965 4964
f 5062 5074 4936
f 4936 5074 4489
f 4936 4489 4934
f 4934 4489 4487
f 4934 4487 4932
f 4932 4487 4485
f 4932 4485 4930
f 4930 4485 4483
f 4930 4483 5073
f 5073 4483 4481
f 4212 4210 4918
f 4962 4963 4924
f 4924 4963 4973
f 4924 4973 4922
f 4918 4210 4916
f 4916 4210 5066
f 4916 5066 4915
f 4915 5066 5057
f 4915 5057 4914
f 5075 5076 5077
f 5077 5076 5078
f 5077 5078 4216
f 4212 4918 4214
f 4214 4918 4920
f 4214 4920 4922
f 5079 5080 5081
f 5081 5080 5082
f 4141 5058 4140
f 4140 5058 5081
f 4140 5081 5083
f 5083 5081 5082
f 4141 4142 5058
f 5058 4142 4143
f 5058 4143 5059
f 5059 4143 4144
f 4144 4145 5059
f 5059 4145 4146
f 5059 4146 5084
f 5084 4146 5085
f 5084 5085 5079
f 5086 5030 5031
f 4887 4889 5087
f 5087 4889 5065
f 5087 5065 5088
f 5088 5065 5089
f 5088 5089 5090
f 5090 5089 5086
f 4880 4881 5064
f 5064 4881 4883
f 5064 4883 5087
f 5087 4883 4885
f 5087 4885 4887
f 4899 4900 5091
f 4900 4901 5091
f 5091 4901 4903
f 5091 4903 5092
f 5092 4903 4905
f 4905 4907 5092
f 5092 4907 4909
f 5092 4909 4968
f 4968 4909 4949
f 4968 4949 939
f 5034 5033 5093
f 5093 5033 5094
f 5093 5094 5091
f 5091 5094 5095
f 5091 5095 4899
f 5048 3990 5096
f 5096 3990 3991
f 5096 3991 3992
f 3994 5097 5093
f 5097 5098 5093
f 5093 5098 5099
f 5093 5099 5034
f 5099 5100 5034
f 5034 5100 5101
f 5034 5101 5050
f 5050 5101 3988
f 5050 3988 5048
f 5048 3988 3989
f 5048 3989 3990
f 4178 4179 5102
f 5102 4179 4180
f 5102 4180 4181
f 4181 4182 5103
f 5103 4182 4183
f 5103 4183 5104
f 5104 4183 4184
f 5104 4184 5090
f 4184 5105 5090
f 5090 5105 5106
f 5090 5106 5088
f 5088 5106 5107
f 5088 5107 5108
f 4210 4208 5066
f 5066 4208 4206
f 5066 4206 5109
f 4206 4204 5109
f 5109 4204 5110
f 5109 5110 5111
f 5111 5110 5112
f 5111 5112 5113
f 4336 4334 5114
f 4334 4332 5114
f 5114 4332 4330
f 5114 4330 5115
f 5115 4330 4328
f 5116 5117 5118
f 4324 5119 5120
f 5120 5119 5121
f 5120 5121 5116
f 5122 4374 5123
f 5122 5123 5124
f 4374 4372 5123
f 5123 4372 4370
f 5123 4370 5125
f 5125 4370 4368
f 5126 5127 5128
f 4364 4362 5129
f 4479 5130 5131
f 5131 5130 5132
f 5131 5132 5133
f 5133 5134 5135
f 5135 5134 5136
f 5135 5136 5074
f 5074 5136 4491
f 5074 4491 4489
f 5137 4516 5138
f 5138 4516 4574
f 5109 5139 5140
f 5140 5139 5141
f 5140 5141 5142
f 5143 5144 5111
f 5111 5144 5145
f 5111 5145 5109
f 5109 5145 5146
f 5109 5146 5139
f 5147 5148 5131
f 5131 5148 5149
f 5131 5149 5111
f 5111 5149 5150
f 5111 5150 5143
f 5133 5135 5131
f 5131 5135 5151
f 5131 5151 5147
f 4589 4590 5152
f 5152 4590 4591
f 5152 4591 5153
f 5153 4591 5154
f 5154 5155 5153
f 5153 5155 5156
f 5153 5156 5135
f 5135 5156 5157
f 5135 5157 5151
f 4584 4585 5128
f 5128 4585 5129
f 5128 5129 5126
f 5126 5129 4362
f 4585 4586 5129
f 5129 4586 4587
f 5129 4587 5152
f 5152 4587 4588
f 5152 4588 4589
f 5120 4579 4580
f 4580 4581 5120
f 5120 4581 4582
f 5120 4582 5128
f 5128 4582 4583
f 5128 4583 4584
f 5116 5118 5120
f 5120 5118 4578
f 5120 4578 4579
f 4574 4575 5138
f 5138 4575 4576
f 5138 4576 5118
f 5118 4576 4577
f 5118 4577 4578
f 5069 5038 5067
f 5067 5038 5040
f 5067 5040 5158
f 5158 5040 5042
f 5158 5042 5159
f 5160 5161 5044
f 5162 5163 5160
f 5161 5164 5044
f 5044 5164 4064
f 5044 4064 5042
f 4064 4065 5042
f 5042 4065 4066
f 5042 4066 5159
f 5159 4066 4067
f 5159 4067 4068
f 4068 4069 5159
f 5159 4069 4070
f 5159 4070 5162
f 5162 4070 5165
f 5162 5165 5163
f 5160 5044 5162
f 5162 5044 5046
f 5162 5046 5166
f 5167 5168 5153
f 5168 5169 5159
f 5159 5169 4451
f 4441 4439 5135
f 5135 4439 5170
f 5135 5170 5153
f 5153 5170 5171
f 5153 5171 5167
f 4451 4449 5159
f 5159 4449 4447
f 5159 4447 5158
f 5158 4447 4445
f 5158 4445 4443
f 5062 5067 5074
f 5074 5067 5158
f 5074 5158 5135
f 5135 5158 4443
f 5135 4443 4441
f 5162 4402 4400
f 4410 4408 5166
f 5166 4408 4406
f 5166 4406 5162
f 5162 4406 4404
f 5162 4404 4402
f 5168 5159 5153
f 5153 5159 5162
f 5153 5162 5152
f 5152 5162 4400
f 5152 4400 5172
f 5172 5173 5152
f 5152 5173 5174
f 5152 5174 5129
f 5129 5174 5175
f 5175 5176 5129
f 5129 5176 5177
f 5129 5177 5166
f 5166 5177 4412
f 5166 4412 4410
f 5046 5048 5166
f 5166 5048 5096
f 5166 5096 5129
f 5129 5096 5178
f 5129 5178 4364
f 4364 5178 4366
f 3992 3993 5096
f 5096 3993 5179
f 5096 5179 5178
f 5178 5179 5125
f 5178 5125 4366
f 4366 5125 4368
f 4964 4928 4975
f 4975 4928 5073
f 4975 5073 4973
f 4973 5073 5077
f 4973 5077 4922
f 4922 5077 4216
f 4922 4216 4214
f 4481 4479 5073
f 5073 4479 5131
f 5073 5131 5077
f 5077 5131 5111
f 5077 5111 5075
f 5075 5111 5113
f 5127 5180 5128
f 5128 5180 5181
f 5128 5181 5120
f 5120 5181 5182
f 5120 5182 4324
f 4324 5182 4326
f 5180 5124 5181
f 5181 5124 5123
f 5181 5123 5182
f 5182 5123 5115
f 5182 5115 4326
f 4326 5115 4328
f 4948 4880 897
f 897 4880 5064
f 897 5064 4970
f 4970 5064 3955
f 5183 4968 5184
f 5184 4968 4970
f 5184 4970 5185
f 5185 4970 3955
f 3945 3947 5092
f 5092 3947 3949
f 5092 3949 5064
f 5064 3949 3951
f 5064 3951 3953
f 5183 5186 4968
f 4968 5186 5187
f 4968 5187 5092
f 5092 5187 3943
f 5092 3943 3945
f 4256 4254 5188
f 4254 4252 5188
f 5188 4252 4250
f 5188 4250 5189
f 5189 4250 4248
f 5190 5140 4244
f 4244 5140 5189
f 4244 5189 4246
f 4246 5189 4248
f 5058 5066 5081
f 5081 5066 5109
f 5081 5109 5188
f 5188 5109 5191
f 5188 5191 4256
f 5190 5192 5140
f 5140 5192 5193
f 5140 5193 5109
f 5109 5193 5194
f 5109 5194 5191
f 4296 4294 5195
f 5195 4294 4292
f 5195 4292 5196
f 5197 5198 5138
f 5138 5198 5199
f 5138 5199 5195
f 5195 5199 5200
f 5195 5200 4296
f 5197 5138 5201
f 5201 5138 5118
f 5201 5118 4284
f 4292 4290 5196
f 5196 4290 4288
f 5196 4288 5118
f 5118 4288 4286
f 5118 4286 4284
f 5117 5202 5118
f 5118 5202 5203
f 5118 5203 5196
f 5196 5203 5102
f 5202 4336 5203
f 5203 4336 5114
f 5203 5114 5102
f 5102 5114 5204
f 5102 5204 4178
f 4178 5204 5205
f 3993 3994 5179
f 5179 3994 5093
f 5179 5093 5125
f 5125 5093 5091
f 5125 5091 5123
f 5123 5091 5092
f 5123 5092 5115
f 5115 5092 5064
f 5115 5064 5114
f 5114 5064 5087
f 5114 5087 5204
f 5204 5087 5088
f 5204 5088 5205
f 5205 5088 5108
f 5206 5207 5195
f 5195 5207 5208
f 4102 4103 5189
f 5189 4103 4104
f 5189 4104 4105
f 5208 4102 5195
f 5195 4102 5189
f 5195 5189 5138
f 5138 5189 5140
f 5138 5140 5137
f 5137 5140 5142
f 5079 5081 5084
f 5084 5081 5188
f 5084 5188 5209
f 5209 5188 5189
f 5209 5189 5210
f 5210 5189 4105
f 5210 4105 4106
f 4106 4107 5210
f 5210 4107 4108
f 5210 4108 5211
f 5211 4108 5212
f 5211 5212 5213
f 4181 5103 5102
f 5102 5103 5214
f 5102 5214 5196
f 5196 5214 5211
f 5196 5211 5195
f 5195 5211 5213
f 5195 5213 5206
f 5086 5031 5090
f 5090 5031 5017
f 5090 5017 5104
f 5104 5017 5019
f 5104 5019 5103
f 5103 5019 5021
f 5103 5021 5214
f 5214 5021 5023
f 5214 5023 5211
f 5211 5023 5025
f 5211 5025 5210
f 5210 5025 5027
f 5210 5027 5209
f 5209 5027 5013
f 5209 5013 5084
f 5084 5013 5012
f 5084 5012 5059
f 5030 5086 898
f 898 5086 5089
f 898 5089 4876
f 4876 5089 5065
f 4876 5065 4892
f 4899 5095 4895
f 4895 5095 5094
f 4895 5094 932
f 932 5094 5033
f 4891 5215 4877
f 4877 5215 5216
f 4877 5216 905
f 905 5216 5217
f 905 5217 988
f 5218 4897 4896
f 5218 4896 5219
f 5219 4896 929
f 5219 929 994
f 5220 5221 5222
f 3946 3944 5223
f 5224 5225 5226
f 5227 5228 5224
f 5229 5230 5231
f 2776 5232 2780
f 2711 2710 5233
f 2714 2709 5234
f 5235 5236 5237
f 4912 4911 5056
f 5238 5217 5216
f 945 4947 4946
f 4902 4898 5239
f 943 4908 5240
f 5240 4908 4906
f 5240 4906 5239
f 5239 4906 4904
f 5239 4904 4902
f 4882 5241 4884
f 4884 5241 4886
f 4886 5241 4888
f 4888 5241 5242
f 4888 5242 4890
f 5243 5215 5242
f 5242 5215 4891
f 5242 4891 4890
f 5244 5054 5016
f 4110 5245 5246
f 5246 5245 5247
f 5246 5247 5248
f 4120 5054 4122
f 4122 5054 5244
f 4122 5244 5249
f 5249 5244 5250
f 4120 4118 5054
f 5054 4118 4116
f 5054 4116 5055
f 5055 4116 4114
f 5055 4114 4112
f 5251 5056 5055
f 4961 4960 4925
f 4925 4923 4240
f 4240 4923 4921
f 4240 4921 4239
f 4912 5056 4917
f 4917 5056 5251
f 4917 5251 4919
f 4240 2775 2778
f 4925 4240 4961
f 4961 4240 2778
f 4961 2778 4974
f 4937 4935 4514
f 5060 4940 4939
f 4514 4935 4513
f 5060 4939 5252
f 4966 4967 4929
f 4929 4967 4976
f 4929 4976 4931
f 4513 4935 4512
f 4512 4935 4933
f 4512 4933 4931
f 5037 3998 3996
f 5253 5254 5255
f 5037 3996 5036
f 5036 3996 5256
f 5036 5256 5257
f 4006 5061 4008
f 4008 5061 5253
f 4008 5253 5258
f 5258 5253 5255
f 4006 4004 5061
f 5061 4004 4002
f 5061 4002 5037
f 5037 4002 4000
f 5037 4000 3998
f 994 5051 5259
f 994 5259 5219
f 5219 5259 5239
f 5219 5239 5218
f 5218 5239 4898
f 5218 4898 4897
f 5259 5260 5235
f 5260 5259 5261
f 5261 5259 5051
f 5261 5051 5262
f 5262 5051 5052
f 5262 5052 3958
f 3958 5052 5053
f 3958 5053 3960
f 5236 3970 5263
f 5263 3970 3968
f 5263 3968 5264
f 5264 3968 3966
f 3960 5053 3962
f 3962 5053 5049
f 3962 5049 3964
f 5265 5238 5243
f 5243 5238 5216
f 5243 5216 5215
f 5265 5266 5238
f 5238 5266 5267
f 5238 5267 5268
f 5267 5269 5268
f 5268 5269 4160
f 5268 4160 5270
f 5270 4160 4158
f 5270 4158 5228
f 4158 4156 5228
f 5228 4156 4154
f 5228 4154 5224
f 5224 4154 4152
f 5224 4152 5225
f 5225 4152 4150
f 5225 4150 4148
f 2709 2708 4355
f 4355 2708 2963
f 4355 2963 4354
f 4354 2963 5271
f 4354 5271 5272
f 5234 2709 5273
f 2711 5233 2964
f 2963 2962 5271
f 5271 2962 4189
f 5271 4189 5274
f 2783 5275 5276
f 4976 4977 2787
f 4931 4976 5277
f 5277 4976 2787
f 5277 2787 2786
f 2778 2791 4974
f 4974 2791 4198
f 4974 4198 4977
f 4977 4198 2788
f 4977 2788 2787
f 4240 4241 2775
f 2775 4241 4242
f 2775 4242 2776
f 2776 4242 5278
f 2776 5278 5232
f 5232 5278 5276
f 5232 5276 2780
f 2780 5276 5275
f 5279 5280 5281
f 5281 5280 5282
f 5281 5282 5283
f 5283 5282 5276
f 5283 5276 5284
f 5284 5276 5278
f 4921 4919 4239
f 4239 4919 5251
f 4239 5251 4238
f 4238 5251 4237
f 5285 5286 5287
f 5288 5289 5285
f 4356 4357 5290
f 5290 4357 4358
f 5290 4358 5226
f 4359 4360 5291
f 5230 5292 5293
f 5293 5292 5294
f 5293 5294 5295
f 4398 5229 5233
f 5233 5229 5231
f 5233 5231 2964
f 2964 5231 5274
f 2964 5274 2960
f 2960 5274 4189
f 5294 5296 5295
f 5295 5296 4392
f 5295 4392 5297
f 5297 4392 4393
f 5297 4393 5298
f 5298 4393 4394
f 4394 4395 5298
f 5298 4395 4396
f 5298 4396 5233
f 5233 4396 4397
f 5233 4397 4398
f 5299 4509 5277
f 5277 4509 4510
f 5277 4510 4931
f 4931 4510 4511
f 4931 4511 4512
f 5300 5301 5299
f 5299 5301 5302
f 5299 5302 4509
f 4939 4937 5252
f 5252 4937 4514
f 5252 4514 5303
f 4514 4515 5303
f 5303 4515 5304
f 5303 5304 5305
f 5305 5304 5306
f 5305 5306 5300
f 5300 5306 5307
f 5300 5307 5301
f 4601 4599 5308
f 4599 4598 5308
f 5308 4598 4597
f 5308 4597 5309
f 5309 4597 5310
f 5309 5310 5311
f 5285 5287 5288
f 5288 5287 4611
f 5288 4611 4609
f 4609 4607 5288
f 5288 4607 4605
f 5288 4605 5308
f 5308 4605 4603
f 5308 4603 4601
f 5293 4617 5312
f 5312 4617 4615
f 5312 4615 5287
f 5287 4615 4613
f 5287 4613 4611
f 4629 4627 5221
f 4627 4625 5221
f 5221 4625 4623
f 5221 4623 5295
f 5295 4623 4621
f 5295 4621 5293
f 5293 4621 4619
f 5293 4619 4617
f 5313 5314 5220
f 5220 5314 5315
f 5220 5315 5221
f 5221 5315 4631
f 5221 4631 4629
f 5316 5317 5300
f 5300 5317 5318
f 5300 5318 5305
f 5305 5318 5319
f 5305 5319 5220
f 5220 5319 5320
f 5220 5320 5313
f 5311 5321 5309
f 5309 5321 5322
f 5309 5322 5280
f 5280 5322 5323
f 5324 5282 5325
f 5325 5282 5280
f 5325 5280 5326
f 5326 5280 5323
f 5029 5028 5327
f 5327 5028 5328
f 5327 5328 5329
f 988 5217 5014
f 5014 5217 5238
f 5014 5238 5032
f 5032 5238 5268
f 5032 5268 5018
f 5018 5268 5270
f 5018 5270 5020
f 5020 5270 5228
f 5020 5228 5022
f 5022 5228 5227
f 5022 5227 5024
f 5016 5015 5244
f 5244 5015 5330
f 5244 5330 5331
f 5331 5330 5332
f 5331 5332 5333
f 5334 4072 5335
f 4084 4082 5328
f 5028 5026 5328
f 5328 5026 5336
f 5328 5336 4084
f 4084 5336 5337
f 4082 4080 5328
f 5328 4080 4078
f 5328 4078 5329
f 5329 4078 4076
f 5329 4076 4074
f 5338 5339 5336
f 5336 5339 5340
f 5336 5340 5337
f 5335 5338 5334
f 5334 5338 5336
f 5334 5336 5341
f 4112 4110 5055
f 5055 4110 5246
f 5055 5246 5251
f 5251 5246 5342
f 5251 5342 4237
f 4237 5342 4236
f 5343 4236 5333
f 5333 4236 5342
f 5333 5342 5331
f 5331 5342 5246
f 5331 5246 5244
f 5244 5246 5248
f 5244 5248 5250
f 5333 5344 5345
f 5345 5344 5346
f 5345 5346 5347
f 5348 4275 5329
f 4279 4280 5332
f 4275 4276 5329
f 5329 4276 4277
f 5329 4277 4278
f 4280 4281 5332
f 5332 4281 4282
f 5332 4282 5333
f 5333 4282 5349
f 5333 5349 5344
f 5015 5029 5330
f 5330 5029 5327
f 5330 5327 5332
f 5332 5327 5329
f 5332 5329 4279
f 4279 5329 4278
f 5347 5348 5345
f 5345 5348 5329
f 5345 5329 5350
f 4322 5351 5334
f 5352 5353 5350
f 5350 5353 5354
f 5350 5354 5355
f 4074 4072 5329
f 5329 4072 5334
f 5329 5334 5350
f 5350 5334 5351
f 5350 5351 5352
f 5354 5356 5355
f 5355 5356 4315
f 5355 4315 4316
f 5341 4317 4318
f 4318 4319 5341
f 5341 4319 4320
f 5341 4320 5334
f 5334 4320 4321
f 5334 4321 4322
f 4360 5357 5291
f 5291 5357 5355
f 5291 5355 5341
f 5341 5355 4316
f 5341 4316 4317
f 5026 5024 5336
f 5336 5024 5227
f 5336 5227 5341
f 5341 5227 5224
f 5341 5224 5291
f 5291 5224 5226
f 5291 5226 4359
f 4359 5226 4358
f 5357 5289 5355
f 5355 5289 5288
f 5355 5288 5350
f 5350 5288 5308
f 5350 5308 5345
f 5345 5308 5309
f 5345 5309 5333
f 5333 5309 5280
f 5333 5280 5343
f 5343 5280 5279
f 4355 4356 2709
f 2709 4356 5290
f 2709 5290 5273
f 5273 5290 5226
f 5273 5226 5358
f 5358 5226 5225
f 5358 5225 5359
f 5359 5225 4148
f 5359 4148 5360
f 5324 5361 5282
f 5282 5361 5362
f 5282 5362 5276
f 5276 5362 5363
f 5276 5363 2783
f 2783 5363 5364
f 2783 5364 2784
f 3946 5223 3948
f 5365 5366 4971
f 4971 5366 5367
f 4971 5367 4969
f 4969 5367 5368
f 4969 5368 5369
f 4882 945 5241
f 5241 945 4946
f 5241 4946 5370
f 5370 4946 4969
f 5370 4969 3956
f 3956 4969 5369
f 3956 3954 5370
f 5370 3954 3952
f 5370 3952 5223
f 5223 3952 3950
f 5223 3950 3948
f 5361 5316 5362
f 5362 5316 5300
f 5362 5300 5363
f 5363 5300 5299
f 5363 5299 5364
f 5364 5299 5277
f 5364 5277 2784
f 2784 5277 2786
f 5230 5293 5231
f 5231 5293 5312
f 5231 5312 5274
f 5274 5312 5287
f 5274 5287 5271
f 5271 5287 5286
f 5271 5286 5272
f 4951 943 4950
f 4950 943 5240
f 4950 5240 4972
f 4972 5240 5223
f 4972 5223 4971
f 4971 5223 3944
f 4971 3944 5365
f 4477 5371 5372
f 5373 5374 5220
f 5220 5374 5375
f 5220 5375 5305
f 5305 5375 5376
f 5305 5376 4470
f 4471 4472 5377
f 5377 4472 4473
f 4470 4471 5305
f 5305 4471 5377
f 5305 5377 5303
f 5303 5377 5378
f 5303 5378 5252
f 5252 5378 5253
f 5252 5253 5060
f 5060 5253 5061
f 4473 4474 5377
f 5377 4474 4475
f 5377 4475 5372
f 5372 4475 4476
f 5372 4476 4477
f 4432 4433 5222
f 5222 4433 4434
f 5222 4434 5379
f 5379 4434 4435
f 5379 4435 4436
f 4437 5380 5295
f 5295 5380 5381
f 5295 5381 5221
f 5221 5381 5382
f 5382 5383 5221
f 5221 5383 5384
f 5221 5384 5222
f 5222 5384 4431
f 5222 4431 4432
f 5298 5263 5297
f 5297 5263 5264
f 5297 5264 5295
f 5295 5264 5379
f 5295 5379 4437
f 4437 5379 4436
f 5236 5263 5237
f 5237 5263 5298
f 5237 5298 5385
f 5385 5298 5233
f 5385 5233 5386
f 5386 5233 2710
f 5386 2710 5387
f 5387 2710 2718
f 5387 2718 5234
f 5234 2718 5388
f 5234 5388 2714
f 5235 5237 5259
f 5259 5237 5385
f 5259 5385 5239
f 5239 5385 5386
f 5239 5386 5240
f 5240 5386 5387
f 5240 5387 5223
f 5223 5387 5234
f 5223 5234 5370
f 5370 5234 5273
f 5370 5273 5241
f 5241 5273 5358
f 5241 5358 5242
f 5242 5358 5359
f 5242 5359 5243
f 5243 5359 5360
f 5243 5360 5265
f 5372 5043 5377
f 5377 5043 5041
f 5377 5041 5378
f 5378 5041 5039
f 5378 5039 5253
f 5253 5039 5036
f 5253 5036 5254
f 5254 5036 5257
f 5389 5045 4034
f 4034 5045 5043
f 4034 5043 4036
f 4046 4044 5372
f 5390 4046 5222
f 5222 4046 5372
f 5222 5372 5220
f 5220 5372 5371
f 5220 5371 5373
f 4044 4042 5372
f 5372 4042 4040
f 5372 4040 5043
f 5043 4040 4038
f 5043 4038 4036
f 5391 5392 5222
f 5222 5392 5393
f 5222 5393 5390
f 3966 3964 5264
f 5264 3964 5049
f 5264 5049 5379
f 5379 5049 5047
f 5379 5047 5222
f 5222 5047 5045
f 5222 5045 5391
f 5391 5045 5389
f 4521 4592 4522
f 4522 4592 4650
f 4522 4650 4523
f 4523 4650 4651
f 4523 4651 4525
f 4525 4651 4652
f 4525 4652 4527
f 4527 4652 4653
f 4527 4653 4529
f 4529 4653 4654
f 4529 4654 4531
f 4531 4654 4655
f 4531 4655 4533
f 4533 4655 4656
f 4533 4656 4535
f 4535 4656 4657
f 4535 4657 4537
f 4537 4657 4658
f 4537 4658 4539
f 4539 4658 4659
f 4539 4659 4541
f 4541 4659 4660
f 4541 4660 4543
f 4543 4660 4661
f 4543 4661 4545
f 4545 4661 4662
f 4545 4662 4547
f 4547 4662 4663
f 4547 4663 4549
f 4549 4663 4664
f 4549 4664 4551
f 4551 4664 4665
f 4551 4665 4553
f 4553 4665 4666
f 4553 4666 4555
f 4555 4666 4667
f 4807 5394 5395
f 5396 5394 4807
f 4805 5396 4807
f 4807 5397 4793
f 5398 5397 4807
f 5395 5398 4807
f 4805 4806 5396
f 5396 4806 4860
f 5396 4860 5394
f 5394 4860 4862
f 5394 4862 5395
f 5395 4862 4864
f 5395 4864 5398
f 5398 4864 4866
f 5398 4866 5397
f 5397 4866 4868
f 5397 4868 4793
f 4793 4868 4794
f 4792 5399 5400
f 5401 5399 4792
f 4790 5401 4792
f 4792 5402 4778
f 5403 5402 4792
f 5400 5403 4792
f 4790 4791 5401
f 5401 4791 4843
f 5401 4843 5399
f 5399 4843 4845
f 5399 4845 5400
f 5400 4845 4847
f 5400 4847 5403
f 5403 4847 4849
f 5403 4849 5402
f 5402 4849 4851
f 5402 4851 4778
f 4778 4851 4779
f 4777 5404 5405
f 5406 5404 4777
f 4775 5406 4777
f 4777 5407 4763
f 5408 5407 4777
f 5405 5408 4777
f 4775 4776 5406
f 5406 4776 4829
f 5406 4829 5404
f 5404 4829 4831
f 5404 4831 5405
f 5405 4831 4833
f 5405 4833 5408
f 5408 4833 4835
f 5408 4835 5407
f 5407 4835 4837
f 5407 4837 4763
f 4763 4837 4764
f 4762 5409 5410
f 5411 5409 4762
f 4760 5411 4762
f 4762 5412 4748
f 5413 5412 4762
f 5410 5413 4762
f 4760 4761 5411
f 5411 4761 4809
f 5411 4809 5409
f 5409 4809 4811
f 5409 4811 5410
f 5410 4811 4813
f 5410 4813 5413
f 5413 4813 4815
f 5413 4815 5412
f 5412 4815 4817
f 5412 4817 4748
f 4748 4817 4749
f 4742 5414 5415
f 5416 5414 4742
f 4740 5416 4742
f 4742 5417 4728
f 5418 5417 4742
f 5415 5418 4742
f 4740 4741 5416
f 5416 4741 4743
f 5416 4743 5414
f 5414 4743 4744
f 5414 4744 5415
f 5415 4744 4745
f 5415 4745 5418
f 5418 4745 4746
f 5418 4746 5417
f 5417 4746 4747
f 5417 4747 4728
f 4728 4747 4729
f 4722 5419 5420
f 5421 5419 4722
f 4720 5421 4722
f 4722 5422 4708
f 5423 5422 4722
f 5420 5423 4722
f 4720 4721 5421
f 5421 4721 4723
f 5421 4723 5419
f 5419 4723 4724
f 5419 4724 5420
f 5420 4724 4725
f 5420 4725 5423
f 5423 4725 4726
f 5423 4726 5422
f 5422 4726 4727
f 5422 4727 4708
f 4708 4727 4709
f 4702 5424 5425
f 5426 5424 4702
f 4700 5426 4702
f 4702 5427 4688
f 5428 5427 4702
f 5425 5428 4702
f 4700 4701 5426
f 5426 4701 4703
f 5426 4703 5424
f 5424 4703 4704
f 5424 4704 5425
f 5425 4704 4705
f 5425 4705 5428
f 5428 4705 4706
f 5428 4706 5427
f 5427 4706 4707
f 5427 4707 4688
f 4688 4707 4689
f 4682 5429 5430
f 5431 5429 4682
f 4680 5431 4682
f 4682 5432 4668
f 5433 5432 4682
f 5430 5433 4682
f 4680 4681 5431
f 5431 4681 4683
f 5431 4683 5429
f 5429 4683 4684
f 5429 4684 5430
f 5430 4684 4685
f 5430 4685 5433
f 5433 4685 4686
f 5433 4686 5432
f 5432 4686 4687
f 5432 4687 4668
f 4668 4687 4669
f 4667 4649 5434
f 4649 4632 5435
f 4632 4631 5315
f 4632 5315 5435
f 5435 5315 5314
f 5435 5314 5436
f 5436 5314 5313
f 5436 5313 5437
f 5437 5313 5320
f 5437 5320 5438
f 5438 5320 5319
f 5438 5319 5439
f 5439 5319 5318
f 5439 5318 5440
f 5440 5318 5317
f 5440 5317 5441
f 5441 5317 5316
f 5441 5316 5442
f 5442 5316 5361
f 5442 5361 5443
f 5443 5361 5324
f 5443 5324 5444
f 5444 5324 5325
f 5444 5325 5445
f 5445 5325 5326
f 5445 5326 5446
f 5446 5326 5323
f 5446 5323 5447
f 5447 5323 5322
f 5447 5322 5448
f 5448 5322 5321
f 5448 5321 5449
f 5449 5321 5311
f 5449 5311 5450
f 5450 5311 5310
f 5450 5310 5451
f 5451 5310 4597
f 5451 4597 4595
f 4649 5435 5434
f 5434 5435 5436
f 5434 5436 5452
f 5452 5436 5437
f 5452 5437 5453
f 5453 5437 5438
f 5453 5438 5454
f 5454 5438 5439
f 5454 5439 5455
f 5455 5439 5440
f 5455 5440 5456
f 5456 5440 5441
f 5456 5441 5457
f 5457 5441 5442
f 5457 5442 5458
f 5458 5442 5443
f 5458 5443 5459
f 5459 5443 5444
f 5459 5444 5460
f 5460 5444 5445
f 5460 5445 5461
f 5461 5445 5446
f 5461 5446 5462
f 5462 5446 5447
f 5462 5447 5463
f 5463 5447 5448
f 5463 5448 5464
f 5464 5448 5449
f 5464 5449 5465
f 5465 5449 5450
f 5465 5450 5466
f 5466 5450 5451
f 5466 5451 5467
f 5467 5451 4595
f 5467 4595 4593
f 4667 5434 4979
f 4979 5434 5452
f 4979 5452 4981
f 4981 5452 5453
f 4981 5453 4983
f 4983 5453 5454
f 4983 5454 4985
f 4985 5454 5455
f 4985 5455 4987
f 4987 5455 5456
f 4987 5456 4989
f 4989 5456 5457
f 4989 5457 4991
f 4991 5457 5458
f 4991 5458 4993
f 4993 5458 5459
f 4993 5459 4995
f 4995 5459 5460
f 4995 5460 4997
f 4997 5460 5461
f 4997 5461 4999
f 4999 5461 5462
f 4999 5462 5001
f 5001 5462 5463
f 5001 5463 5003
f 5003 5463 5464
f 5003 5464 5005
f 5005 5464 5465
f 5005 5465 5007
f 5007 5465 5466
f 5007 5466 5009
f 5009 5466 5467
f 5009 5467 5011
f 5011 5467 4593
f 5011 4593 4592
f 4591 4573 5468
f 4573 4556 5469
f 4556 4555 4978
f 4556 4978 5469
f 5469 4978 4980
f 5469 4980 5470
f 5470 4980 4982
f 5470 4982 5471
f 5471 4982 4984
f 5471 4984 5472
f 5472 4984 4986
f 5472 4986 5473
f 5473 4986 4988
f 5473 4988 5474
f 5474 4988 4990
f 5474 4990 5475
f 5475 4990 4992
f 5475 4992 5476
f 5476 4992 4994
f 5476 4994 5477
f 5477 4994 4996
f 5477 4996 5478
f 5478 4996 4998
f 5478 4998 5479
f 5479 4998 5000
f 5479 5000 5480
f 5480 5000 5002
f 5480 5002 5481
f 5481 5002 5004
f 5481 5004 5482
f 5482 5004 5006
f 5482 5006 5483
f 5483 5006 5008
f 5483 5008 5484
f 5484 5008 5010
f 5484 5010 5485
f 5485 5010 4521
f 5485 4521 4519
f 4573 5469 5468
f 5468 5469 5470
f 5468 5470 5486
f 5486 5470 5471
f 5486 5471 5487
f 5487 5471 5472
f 5487 5472 5488
f 5488 5472 5473
f 5488 5473 5489
f 5489 5473 5474
f 5489 5474 5490
f 5490 5474 5475
f 5490 5475 5491
f 5491 5475 5476
f 5491 5476 5492
f 5492 5476 5477
f 5492 5477 5493
f 5493 5477 5478
f 5493 5478 5494
f 5494 5478 5479
f 5494 5479 5495
f 5495 5479 5480
f 5495 5480 5496
f 5496 5480 5481
f 5496 5481 5497
f 5497 5481 5482
f 5497 5482 5498
f 5498 5482 5483
f 5498 5483 5499
f 5499 5483 5484
f 5499 5484 5500
f 5500 5484 5485
f 5500 5485 5501
f 5501 5485 4519
f 5501 4519 4517
f 4591 5468 5154
f 5154 5468 5486
f 5154 5486 5155
f 5155 5486 5487
f 5155 5487 5156
f 5156 5487 5488
f 5156 5488 5157
f 5157 5488 5489
f 5157 5489 5151
f 5151 5489 5490
f 5151 5490 5147
f 5147 5490 5491
f 5147 5491 5148
f 5148 5491 5492
f 5148 5492 5149
f 5149 5492 5493
f 5149 5493 5150
f 5150 5493 5494
f 5150 5494 5143
f 5143 5494 5495
f 5143 5495 5144
f 5144 5495 5496
f 5144 5496 5145
f 5145 5496 5497
f 5145 5497 5146
f 5146 5497 5498
f 5146 5498 5139
f 5139 5498 5499
f 5139 5499 5141
f 5141 5499 5500
f 5141 5500 5142
f 5142 5500 5501
f 5142 5501 5137
f 5137 5501 4517
f 5137 4517 4516
f 4515 4492 5304
f 5304 4492 4493
f 5304 4493 5306
f 5306 4493 4495
f 5306 4495 5307
f 5307 4495 4497
f 5307 4497 5301
f 5301 4497 4499
f 5301 4499 5302
f 5302 4499 4501
f 5302 4501 4509
f 4509 4501 4503
f 4490 4491 4494
f 4494 4491 5136
f 4494 5136 4496
f 4496 5136 5134
f 4496 5134 4498
f 4498 5134 5133
f 4498 5133 4500
f 4500 5133 5132
f 4500 5132 4502
f 4502 5132 5130
f 4502 5130 4478
f 4478 5130 4479
f 4477 4468 5371
f 5371 4468 4467
f 5371 4467 5373
f 5373 4467 4465
f 5373 4465 5374
f 5374 4465 4463
f 5374 4463 5375
f 5375 4463 4461
f 5375 4461 5376
f 5376 4461 4459
f 5376 4459 4470
f 4470 4459 4457
f 4450 4451 4466
f 4466 4451 5169
f 4466 5169 4464
f 4464 5169 5168
f 4464 5168 4462
f 4462 5168 5167
f 4462 5167 4460
f 4460 5167 5171
f 4460 5171 4458
f 4458 5171 5170
f 4458 5170 4438
f 4438 5170 4439
f 4437 4427 5380
f 5380 4427 4428
f 5380 4428 5381
f 5381 4428 4430
f 5381 4430 5382
f 5382 4430 4415
f 5382 4415 5383
f 5383 4415 4417
f 5383 4417 5384
f 5384 4417 4419
f 5384 4419 4431
f 4431 4419 4421
f 4411 4412 4429
f 4429 4412 5177
f 4429 5177 4413
f 4413 5177 5176
f 4413 5176 4414
f 4414 5176 5175
f 4414 5175 4416
f 4416 5175 5174
f 4416 5174 4418
f 4418 5174 5173
f 4418 5173 4420
f 4420 5173 5172
f 4420 5172 4399
f 4399 5172 4400
f 4398 4385 5229
f 5229 4385 4386
f 5229 4386 5230
f 5230 4386 4388
f 5230 4388 5292
f 5292 4388 4390
f 5292 4390 5294
f 5294 4390 4375
f 5294 4375 5296
f 5296 4375 4377
f 5296 4377 4392
f 4392 4377 4379
f 4373 4374 4387
f 4387 4374 5122
f 4387 5122 4389
f 4389 5122 5124
f 4389 5124 4391
f 4391 5124 5180
f 4391 5180 4376
f 4376 5180 5127
f 4376 5127 4378
f 4378 5127 5126
f 4378 5126 4361
f 4361 5126 4362
f 4360 4353 5357
f 5357 4353 4337
f 5357 4337 5289
f 5289 4337 4339
f 5289 4339 5285
f 5285 4339 4341
f 5285 4341 5286
f 5286 4341 4343
f 5286 4343 5272
f 5272 4343 4345
f 5272 4345 4354
f 4354 4345 4347
f 4335 4336 4338
f 4338 4336 5202
f 4338 5202 4340
f 4340 5202 5117
f 4340 5117 4342
f 4342 5117 5116
f 4342 5116 4344
f 4344 5116 5121
f 4344 5121 4346
f 4346 5121 5119
f 4346 5119 4323
f 4323 5119 4324
f 4322 4313 5351
f 5351 4313 4312
f 5351 4312 5352
f 5352 4312 4310
f 5352 4310 5353
f 5353 4310 4308
f 5353 4308 5354
f 5354 4308 4306
f 5354 4306 5356
f 5356 4306 4304
f 5356 4304 4315
f 4315 4304 4302
f 4295 4296 4311
f 4311 4296 5200
f 4311 5200 4309
f 4309 5200 5199
f 4309 5199 4307
f 4307 5199 5198
f 4307 5198 4305
f 4305 5198 5197
f 4305 5197 4303
f 4303 5197 5201
f 4303 5201 4283
f 4283 5201 4284
f 4282 4273 5349
f 5349 4273 4272
f 5349 4272 5344
f 5344 4272 4270
f 5344 4270 5346
f 5346 4270 4268
f 5346 4268 5347
f 5347 4268 4266
f 5347 4266 5348
f 5348 4266 4264
f 5348 4264 4275
f 4275 4264 4262
f 4255 4256 4271
f 4271 4256 5191
f 4271 5191 4269
f 4269 5191 5194
f 4269 5194 4267
f 4267 5194 5193
f 4267 5193 4265
f 4265 5193 5192
f 4265 5192 4263
f 4263 5192 5190
f 4263 5190 4243
f 4243 5190 4244
f 4242 4233 5278
f 5278 4233 4234
f 5278 4234 5284
f 5284 4234 4217
f 5284 4217 5283
f 5283 4217 4219
f 5283 4219 5281
f 5281 4219 4221
f 5281 4221 5279
f 5279 4221 4223
f 5279 4223 5343
f 5343 4223 4225
f 5343 4225 4236
f 4236 4225 4227
f 4215 4216 4235
f 4235 4216 5078
f 4235 5078 4218
f 4218 5078 5076
f 4218 5076 4220
f 4220 5076 5075
f 4220 5075 4222
f 4222 5075 5113
f 4222 5113 4224
f 4224 5113 5112
f 4224 5112 4226
f 4226 5112 5110
f 4226 5110 4203
f 4203 5110 4204
f 4202 5502 5503
f 5504 5502 4202
f 4201 5504 4202
f 4202 5505 4194
f 5506 5505 4202
f 5503 5506 4202
f 4201 2775 5504
f 5504 2775 2776
f 5504 2776 5502
f 5502 2776 2780
f 5502 2780 5503
f 5503 2780 5275
f 5503 5275 5506
f 5506 5275 2783
f 5506 2783 5505
f 5505 2783 2784
f 5505 2784 4194
f 4194 2784 2786
f 4193 5507 5508
f 5509 5507 4193
f 4192 5509 4193
f 4193 5510 4185
f 5511 5510 4193
f 5508 5511 4193
f 4192 2708 5509
f 5509 2708 2709
f 5509 2709 5507
f 5507 2709 2714
f 5507 2714 5508
f 5508 2714 5388
f 5508 5388 5511
f 5511 5388 2718
f 5511 2718 5510
f 5510 2718 2710
f 5510 2710 4185
f 4185 2710 2711
f 4184 4163 5105
f 5105 4163 4164
f 5105 4164 5106
f 5106 4164 4166
f 5106 4166 5107
f 5107 4166 4168
f 5107 4168 5108
f 5108 4168 4170
f 5108 4170 5205
f 5205 4170 4172
f 5205 4172 4178
f 4178 4172 4174
f 4159 4160 4165
f 4165 4160 5269
f 4165 5269 4167
f 4167 5269 5267
f 4167 5267 4169
f 4169 5267 5266
f 4169 5266 4171
f 4171 5266 5265
f 4171 5265 4173
f 4173 5265 5360
f 4173 5360 4147
f 4147 5360 4148
f 4146 4125 5085
f 5085 4125 4126
f 5085 4126 5079
f 5079 4126 4128
f 5079 4128 5080
f 5080 4128 4130
f 5080 4130 5082
f 5082 4130 4132
f 5082 4132 5083
f 5083 4132 4134
f 5083 4134 4140
f 4140 4134 4136
f 4121 4122 4127
f 4127 4122 5249
f 4127 5249 4129
f 4129 5249 5250
f 4129 5250 4131
f 4131 5250 5248
f 4131 5248 4133
f 4133 5248 5247
f 4133 5247 4135
f 4135 5247 5245
f 4135 5245 4109
f 4109 5245 4110
f 4108 4090 5212
f 5212 4090 4091
f 5212 4091 5213
f 5213 4091 4093
f 5213 4093 5206
f 5206 4093 4095
f 5206 4095 5207
f 5207 4095 4097
f 5207 4097 5208
f 5208 4097 4099
f 5208 4099 4102
f 4102 4099 4101
f 4083 4084 4092
f 4092 4084 5337
f 4092 5337 4094
f 4094 5337 5340
f 4094 5340 4096
f 4096 5340 5339
f 4096 5339 4098
f 4098 5339 5338
f 4098 5338 4100
f 4100 5338 5335
f 4100 5335 4071
f 4071 5335 4072
f 4070 4052 5165
f 5165 4052 4053
f 5165 4053 5163
f 5163 4053 4055
f 5163 4055 5160
f 5160 4055 4057
f 5160 4057 5161
f 5161 4057 4059
f 5161 4059 5164
f 5164 4059 4061
f 5164 4061 4064
f 4064 4061 4063
f 4045 4046 4054
f 4054 4046 5390
f 4054 5390 4056
f 4056 5390 5393
f 4056 5393 4058
f 4058 5393 5392
f 4058 5392 4060
f 4060 5392 5391
f 4060 5391 4062
f 4062 5391 5389
f 4062 5389 4033
f 4033 5389 4034
f 4032 4011 5072
f 5072 4011 4012
f 5072 4012 5068
f 5068 4012 4014
f 5068 4014 5069
f 5069 4014 4016
f 5069 4016 5070
f 5070 4016 4018
f 5070 4018 5071
f 5071 4018 4020
f 5071 4020 4026
f 4026 4020 4022
f 4007 4008 4013
f 4013 4008 5258
f 4013 5258 4015
f 4015 5258 5255
f 4015 5255 4017
f 4017 5255 5254
f 4017 5254 4019
f 4019 5254 5257
f 4019 5257 4021
f 4021 5257 5256
f 4021 5256 3995
f 3995 5256 3996
f 3994 3973 5097
f 5097 3973 3974
f 5097 3974 5098
f 5098 3974 3976
f 5098 3976 5099
f 5099 3976 3978
f 5099 3978 5100
f 5100 3978 3980
f 5100 3980 5101
f 5101 3980 3982
f 5101 3982 3988
f 3988 3982 3984
f 3969 3970 3975
f 3975 3970 5236
f 3975 5236 3977
f 3977 5236 5235
f 3977 5235 3979
f 3979 5235 5260
f 3979 5260 3981
f 3981 5260 5261
f 3981 5261 3983
f 3983 5261 5262
f 3983 5262 3957
f 3957 5262 3958
f 3955 3956 5185
f 5185 3956 5369
f 5185 5369 5184
f 5184 5369 5368
f 5184 5368 5183
f 5183 5368 5367
f 5183 5367 5186
f 5186 5367 5366
f 5186 5366 5187
f 5187 5366 5365
f 5187 5365 3943
f 3943 5365 3944
f 5512 5513 5514
f 5514 5513 5515
f 5514 5515 5516
f 5516 5515 5517
f 5518 5519 5520
f 5520 5519 5521
f 5520 5521 5522
f 5522 5521 5523
f 5522 5523 5524
f 5524 5523 5525
f 5526 5527 5528
f 5528 5527 5529
f 5528 5529 5530
f 5530 5529 5531
f 5532 5533 5534
f 5534 5533 5535
f 5534 5535 5536
f 5536 5535 5537
f 5536 5537 5538
f 5538 5537 5539
f 5540 5541 5542
f 5542 5541 5543
f 5542 5543 5544
f 5544 5543 5545
f 5544 5545 5546
f 5546 5545 5547
f 5546 5547 5548
f 5548 5547 5549
f 5548 5549 5550
f 5550 5549 5551
f 5550 5551 5552
f 5552 5551 5553
f 5554 5555 5556
f 5556 5555 5557
f 5556 5557 5558
f 5558 5557 5559
f 5558 5559 5560
f 5560 5559 5561
f 5560 5561 5562
f 5562 5561 5563
f 5562 5563 5564
f 5564 5563 5565
f 5564 5565 5566
f 5566 5565 5567
f 5568 5569 5570
f 5570 5569 5571
f 5570 5571 5572
f 5572 5571 5573
f 5572 5573 5574
f 5574 5573 5575
f 5574 5575 5576
f 5576 5575 5577
f 5576 5577 5578
f 5578 5577 5579
f 5578 5579 5580
f 5580 5579 5581
f 5582 5580 5583
f 5583 5580 5584
f 5583 5584 5585
f 5585 5584 5586
f 5585 5586 5587
f 5587 5586 5588
f 5587 5588 5589
f 5589 5588 5590
f 5589 5590 5591
f 5591 5590 5592
f 5591 5592 5593
f 5593 5592 5568
f 5593 5568 5594
f 5594 5568 5570
f 5594 5570 5595
f 5595 5570 5572
f 5595 5572 5596
f 5596 5572 5574
f 5596 5574 5597
f 5597 5574 5576
f 5597 5576 5598
f 5598 5576 5578
f 5598 5578 5582
f 5582 5578 5580
f 5599 5593 5600
f 5600 5593 5594
f 5600 5594 5601
f 5601 5594 5595
f 5601 5595 5602
f 5602 5595 5596
f 5602 5596 5603
f 5603 5596 5597
f 5603 5597 5604
f 5604 5597 5598
f 5604 5598 5605
f 5605 5598 5582
f 5606 5607 5608
f 5608 5607 5609
f 5608 5609 5610
f 5610 5609 5611
f 5610 5611 5612
f 5612 5611 5613
f 5612 5613 5614
f 5614 5613 5615
f 5614 5615 5616
f 5616 5615 5617
f 5616 5617 5618
f 5618 5617 5619
f 5620 5618 5621
f 5621 5618 5622
f 5621 5622 5623
f 5623 5622 5624
f 5623 5624 5625
f 5625 5624 5626
f 5625 5626 5627
f 5627 5626 5628
f 5627 5628 5629
f 5629 5628 5630
f 5629 5630 5631
f 5631 5630 5606
f 5631 5606 5632
f 5632 5606 5608
f 5632 5608 5633
f 5633 5608 5610
f 5633 5610 5634
f 5634 5610 5612
f 5634 5612 5635
f 5635 5612 5614
f 5635 5614 5636
f 5636 5614 5616
f 5636 5616 5620
f 5620 5616 5618
f 5637 5631 5638
f 5638 5631 5632
f 5638 5632 5639
f 5639 5632 5633
f 5639 5633 5640
f 5640 5633 5634
f 5640 5634 5641
f 5641 5634 5635
f 5641 5635 5642
f 5642 5635 5636
f 5642 5636 5643
f 5643 5636 5620
f 5644 5645 5646
f 5646 5645 5647
f 5646 5647 5648
f 5648 5647 5649
f 5648 5649 5650
f 5650 5649 5651
f 5650 5651 5652
f 5652 5651 5653
f 5652 5653 5654
f 5654 5653 5655
f 5654 5655 5656
f 5656 5655 5657
f 5658 5659 5660
f 5660 5659 5644
f 5660 5644 5661
f 5661 5644 5646
f 5661 5646 5662
f 5662 5646 5648
f 5662 5648 5663
f 5663 5648 5650
f 5663 5650 5664
f 5664 5650 5652
f 5664 5652 5665
f 5665 5652 5654
f 5665 5654 5666
f 5666 5654 5656
f 5666 5656 5667
f 5667 5656 5668
f 5667 5668 5669
f 5669 5668 5670
f 5669 5670 5671
f 5671 5670 5672
f 5671 5672 5673
f 5673 5672 5674
f 5673 5674 5658
f 5658 5674 5659
f 5675 5660 5676
f 5676 5660 5661
f 5676 5661 5677
f 5677 5661 5662
f 5677 5662 5678
f 5678 5662 5663
f 5678 5663 5679
f 5679 5663 5664
f 5679 5664 5680
f 5680 5664 5665
f 5680 5665 5681
f 5681 5665 5666
f 5682 5683 5684
f 5684 5683 5685
f 5684 5685 5686
f 5686 5685 5687
f 5686 5687 5688
f 5688 5687 5689
f 5688 5689 5690
f 5690 5689 5691
f 5690 5691 5692
f 5692 5691 5693
f 5692 5693 5694
f 5694 5693 5695
f 5696 5690 5697
f 5697 5690 5692
f 5697 5692 5698
f 5698 5692 5694
f 5698 5694 5699
f 5699 5694 5700
f 5699 5700 5701
f 5701 5700 5702
f 5701 5702 5703
f 5703 5702 5704
f 5703 5704 5705
f 5705 5704 5706
f 5705 5706 5707
f 5707 5706 5708
f 5707 5708 5709
f 5709 5708 5682
f 5709 5682 5710
f 5710 5682 5684
f 5710 5684 5711
f 5711 5684 5686
f 5711 5686 5712
f 5712 5686 5688
f 5712 5688 5696
f 5696 5688 5690
f 5713 5709 5714
f 5714 5709 5710
f 5714 5710 5715
f 5715 5710 5711
f 5715 5711 5716
f 5716 5711 5712
f 5716 5712 5717
f 5717 5712 5696
f 5717 5696 5718
f 5718 5696 5697
f 5718 5697 5719
f 5719 5697 5698
f 5720 5721 5722
f 5722 5721 5723
f 5722 5723 5724
f 5724 5723 5725
f 5724 5725 5726
f 5726 5725 5727
f 5726 5727 5728
f 5728 5727 5729
f 5728 5729 5730
f 5730 5729 5731
f 5730 5731 5732
f 5732 5731 5733
f 5734 5735 5736
f 5736 5735 5737
f 5736 5737 5738
f 5738 5737 5739
f 5738 5739 5740
f 5740 5739 5720
f 5740 5720 5741
f 5741 5720 5722
f 5741 5722 5742
f 5742 5722 5724
f 5742 5724 5743
f 5743 5724 5726
f 5743 5726 5744
f 5744 5726 5728
f 5744 5728 5745
f 5745 5728 5730
f 5745 5730 5746
f 5746 5730 5732
f 5746 5732 5747
f 5747 5732 5748
f 5747 5748 5749
f 5749 5748 5750
f 5749 5750 5734
f 5734 5750 5735
f 5751 5740 5752
f 5752 5740 5741
f 5752 5741 5753
f 5753 5741 5742
f 5753 5742 5754
f 5754 5742 5743
f 5754 5743 5755
f 5755 5743 5744
f 5755 5744 5756
f 5756 5744 5745
f 5756 5745 5757
f 5757 5745 5746
f 5758 5759 5760
f 5760 5759 5761
f 5760 5761 5762
f 5762 5761 5763
f 5762 5763 5764
f 5764 5763 5765
f 5764 5765 5766
f 5766 5765 5767
f 5766 5767 5768
f 5768 5767 5769
f 5768 5769 5770
f 5770 5769 5771
f 5772 5773 5774
f 5774 5773 5758
f 5774 5758 5775
f 5775 5758 5760
f 5775 5760 5776
f 5776 5760 5762
f 5776 5762 5777
f 5777 5762 5764
f 5777 5764 5778
f 5778 5764 5766
f 5778 5766 5779
f 5779 5766 5768
f 5779 5768 5780
f 5780 5768 5770
f 5780 5770 5781
f 5781 5770 5782
f 5781 5782 5783
f 5783 5782 5784
f 5783 5784 5785
f 5785 5784 5786
f 5785 5786 5787
f 5787 5786 5788
f 5787 5788 5772
f 5772 5788 5773
f 5789 5774 5790
f 5790 5774 5775
f 5790 5775 5791
f 5791 5775 5776
f 5791 5776 5792
f 5792 5776 5777
f 5792 5777 5793
f 5793 5777 5778
f 5793 5778 5794
f 5794 5778 5779
f 5794 5779 5795
f 5795 5779 5780
f 5796 5797 5798
f 5798 5797 5799
f 5798 5799 5800
f 5800 5799 5801
f 5800 5801 5802
f 5802 5801 5803
f 5802 5803 5804
f 5804 5803 5805
f 5804 5805 5806
f 5806 5805 5807
f 5806 5807 5808
f 5808 5807 5809
f 5810 5808 5811
f 5811 5808 5812
f 5811 5812 5813
f 5813 5812 5814
f 5813 5814 5815
f 5815 5814 5816
f 5815 5816 5817
f 5817 5816 5818
f 5817 5818 5819
f 5819 5818 5820
f 5819 5820 5821
f 5821 5820 5796
f 5821 5796 5822
f 5822 5796 5798
f 5822 5798 5823
f 5823 5798 5800
f 5823 5800 5824
f 5824 5800 5802
f 5824 5802 5825
f 5825 5802 5804
f 5825 5804 5826
f 5826 5804 5806
f 5826 5806 5810
f 5810 5806 5808
f 5827 5821 5828
f 5828 5821 5822
f 5828 5822 5829
f 5829 5822 5823
f 5829 5823 5830
f 5830 5823 5824
f 5830 5824 5831
f 5831 5824 5825
f 5831 5825 5832
f 5832 5825 5826
f 5832 5826 5833
f 5833 5826 5810
f 5834 5835 5836
f 5836 5835 5837
f 5836 5837 5838
f 5838 5837 5839
f 5838 5839 5840
f 5840 5839 5841
f 5840 5841 5842
f 5842 5841 5843
f 5842 5843 5844
f 5844 5843 5845
f 5844 5845 5846
f 5846 5845 5847
f 5848 5846 5849
f 5849 5846 5850
f 5849 5850 5851
f 5851 5850 5852
f 5851 5852 5853
f 5853 5852 5854
f 5853 5854 5855
f 5855 5854 5856
f 5855 5856 5857
f 5857 5856 5858
f 5857 5858 5859
f 5859 5858 5834
f 5859 5834 5860
f 5860 5834 5836
f 5860 5836 5861
f 5861 5836 5838
f 5861 5838 5862
f 5862 5838 5840
f 5862 5840 5863
f 5863 5840 5842
f 5863 5842 5864
f 5864 5842 5844
f 5864 5844 5848
f 5848 5844 5846
f 5865 5859 5866
f 5866 5859 5860
f 5866 5860 5867
f 5867 5860 5861
f 5867 5861 5868
f 5868 5861 5862
f 5868 5862 5869
f 5869 5862 5863
f 5869 5863 5870
f 5870 5863 5864
f 5870 5864 5871
f 5871 5864 5848
f 5872 5873 5874
f 5874 5873 5875
f 5874 5875 5876
f 5876 5875 5877
f 5876 5877 5878
f 5878 5877 5879
f 5878 5879 5880
f 5880 5879 5881
f 5880 5881 5882
f 5882 5881 5883
f 5882 5883 5884
f 5884 5883 5885
f 5886 5887 5888
f 5888 5887 5889
f 5888 5889 5890
f 5890 5889 5891
f 5890 5891 5892
f 5892 5891 5893
f 5892 5893 5894
f 5894 5893 5895
f 5894 5895 5896
f 5896 5895 5872
f 5896 5872 5897
f 5897 5872 5874
f 5897 5874 5898
f 5898 5874 5876
f 5898 5876 5899
f 5899 5876 5878
f 5899 5878 5900
f 5900 5878 5880
f 5900 5880 5901
f 5901 5880 5882
f 5901 5882 5902
f 5902 5882 5884
f 5902 5884 5886
f 5886 5884 5887
f 5903 5896 5904
f 5904 5896 5897
f 5904 5897 5905
f 5905 5897 5898
f 5905 5898 5906
f 5906 5898 5899
f 5906 5899 5907
f 5907 5899 5900
f 5907 5900 5908
f 5908 5900 5901
f 5908 5901 5909
f 5909 5901 5902
f 5910 5911 5912
f 5912 5911 5913
f 5912 5913 5914
f 5914 5913 5915
f 5914 5915 5916
f 5916 5915 5917
f 5916 5917 5918
f 5918 5917 5919
f 5918 5919 5920
f 5920 5919 5921
f 5920 5921 5922
f 5922 5921 5923
f 5924 5920 5925
f 5925 5920 5922
f 5925 5922 5926
f 5926 5922 5927
f 5926 5927 5928
f 5928 5927 5929
f 5928 5929 5930
f 5930 5929 5931
f 5930 5931 5932
f 5932 5931 5933
f 5932 5933 5934
f 5934 5933 5935
f 5934 5935 5936
f 5936 5935 5910
f 5936 5910 5937
f 5937 5910 5912
f 5937 5912 5938
f 5938 5912 5914
f 5938 5914 5939
f 5939 5914 5916
f 5939 5916 5940
f 5940 5916 5918
f 5940 5918 5924
f 5924 5918 5920
f 5941 5936 5942
f 5942 5936 5937
f 5942 5937 5943
f 5943 5937 5938
f 5943 5938 5944
f 5944 5938 5939
f 5944 5939 5945
f 5945 5939 5940
f 5945 5940 5946
f 5946 5940 5924
f 5946 5924 5947
f 5947 5924 5925
f 5948 5949 5950
f 5950 5949 5951
f 5950 5951 5952
f 5952 5951 5953
f 5952 5953 5954
f 5954 5953 5955
f 5954 5955 5956
f 5956 5955 5957
f 5956 5957 5958
f 5958 5957 5959
f 5958 5959 5960
f 5960 5959 5961
f 5962 5960 5963
f 5963 5960 5964
f 5963 5964 5965
f 5965 5964 5966
f 5965 5966 5967
f 5967 5966 5968
f 5967 5968 5969
f 5969 5968 5970
f 5969 5970 5971
f 5971 5970 5972
f 5971 5972 5973
f 5973 5972 5948
f 5973 5948 5974
f 5974 5948 5950
f 5974 5950 5975
f 5975 5950 5952
f 5975 5952 5976
f 5976 5952 5954
f 5976 5954 5977
f 5977 5954 5956
f 5977 5956 5978
f 5978 5956 5958
f 5978 5958 5962
f 5962 5958 5960
f 5979 5973 5980
f 5980 5973 5974
f 5980 5974 5981
f 5981 5974 5975
f 5981 5975 5982
f 5982 5975 5976
f 5982 5976 5983
f 5983 5976 5977
f 5983 5977 5984
f 5984 5977 5978
f 5984 5978 5985
f 5985 5978 5962
f 5986 5987 5988
f 5988 5987 5989
f 5988 5989 5990
f 5990 5989 5991
f 5990 5991 5992
f 5992 5991 5993
f 5992 5993 5994
f 5994 5993 5995
f 5994 5995 5996
f 5996 5995 5997
f 5996 5997 5998
f 5998 5997 5999
f 6000 5998 6001
f 6001 5998 6002
f 6001 6002 6003
f 6003 6002 6004
f 6003 6004 6005
f 6005 6004 6006
f 6005 6006 6007
f 6007 6006 6008
f 6007 6008 6009
f 6009 6008 6010
f 6009 6010 6011
f 6011 6010 5986
f 6011 5986 6012
f 6012 5986 5988
f 6012 5988 6013
f 6013 5988 5990
f 6013 5990 6014
f 6014 5990 5992
f 6014 5992 6015
f 6015 5992 5994
f 6015 5994 6016
f 6016 5994 5996
f 6016 5996 6000
f 6000 5996 5998
f 6017 6011 6018
f 6018 6011 6012
f 6018 6012 6019
f 6019 6012 6013
f 6019 6013 6020
f 6020 6013 6014
f 6020 6014 6021
f 6021 6014 6015
f 6021 6015 6022
f 6022 6015 6016
f 6022 6016 6023
f 6023 6016 6000
f 6024 6025 6026
f 6026 6025 6027
f 6026 6027 6028
f 6028 6027 6029
f 6028 6029 6030
f 6030 6029 6031
f 6030 6031 6032
f 6032 6031 6033
f 6032 6033 6034
f 6034 6033 6035
f 6034 6035 6036
f 6036 6035 6037
f 6038 6036 6039
f 6039 6036 6040
f 6039 6040 6041
f 6041 6040 6042
f 6041 6042 6043
f 6043 6042 6044
f 6043 6044 6045
f 6045 6044 6046
f 6045 6046 6047
f 6047 6046 6048
f 6047 6048 6049
f 6049 6048 6024
f 6049 6024 6050
f 6050 6024 6026
f 6050 6026 6051
f 6051 6026 6028
f 6051 6028 6052
f 6052 6028 6030
f 6052 6030 6053
f 6053 6030 6032
f 6053 6032 6054
f 6054 6032 6034
f 6054 6034 6038
f 6038 6034 6036
f 6055 6049 6056
f 6056 6049 6050
f 6056 6050 6057
f 6057 6050 6051
f 6057 6051 6058
f 6058 6051 6052
f 6058 6052 6059
f 6059 6052 6053
f 6059 6053 6060
f 6060 6053 6054
f 6060 6054 6061
f 6061 6054 6038
f 6062 6063 6064
f 6064 6063 6065
f 6064 6065 6066
f 6066 6065 6067
f 6066 6067 6068
f 6068 6067 6069
f 6068 6069 6070
f 6070 6069 6071
f 6070 6071 6072
f 6072 6071 6073
f 6072 6073 6074
f 6074 6073 6075
f 6076 6070 6077
f 6077 6070 6072
f 6077 6072 6078
f 6078 6072 6074
f 6078 6074 6079
f 6079 6074 6080
f 6079 6080 6081
f 6081 6080 6082
f 6081 6082 6083
f 6083 6082 6084
f 6083 6084 6085
f 6085 6084 6086
f 6085 6086 6087
f 6087 6086 6088
f 6087 6088 6089
f 6089 6088 6062
f 6089 6062 6090
f 6090 6062 6064
f 6090 6064 6091
f 6091 6064 6066
f 6091 6066 6092
f 6092 6066 6068
f 6092 6068 6076
f 6076 6068 6070
f 6093 6089 6094
f 6094 6089 6090
f 6094 6090 6095
f 6095 6090 6091
f 6095 6091 6096
f 6096 6091 6092
f 6096 6092 6097
f 6097 6092 6076
f 6097 6076 6098
f 6098 6076 6077
f 6098 6077 6099
f 6099 6077 6078
f 6100 6101 6102
f 6100 6102 6103
f 6104 6105 6106
f 6106 6105 6107
f 6106 6107 6102
f 6102 6107 6108
f 6102 6108 6103
f 6109 6110 6111
f 6112 6109 6113
f 6113 6109 6111
f 6113 6111 6114
f 6114 6111 6115
f 6114 6115 6116
f 6116 6115 6117
f 6116 6117 6118
f 6118 6117 6119
f 6118 6119 6120
f 6120 6119 6121
f 6120 6121 6122
f 6122 6121 6123
f 6122 6123 6124
f 6124 6123 6125
f 6124 6125 6126
f 6126 6125 6127
f 6126 6127 6128
f 6128 6127 4965
f 4955 4952 6129
f 6129 4952 6109
f 6129 6109 6130
f 6130 6109 6112
f 6131 4953 6132
f 6132 4953 4954
f 5719 6131 5718
f 5718 6131 6109
f 5718 6109 5717
f 5713 5680 6133
f 6133 5680 5681
f 6133 5681 6134
f 5719 6135 6131
f 6131 6135 6136
f 6131 6136 6137
f 6138 4953 6139
f 6139 4953 6131
f 6138 6140 4953
f 4953 6140 5675
f 4953 5675 4952
f 6134 5681 6137
f 6137 5681 6141
f 6137 6141 6131
f 6131 6141 6142
f 6131 6142 6139
f 5675 5676 4952
f 4952 5676 5677
f 4952 5677 5678
f 5717 6109 5716
f 5716 6109 4952
f 5716 4952 5715
f 5715 4952 5714
f 5714 4952 5678
f 5714 5678 5713
f 5713 5678 5679
f 5713 5679 5680
f 6143 6144 6145
f 6143 6145 6146
f 6146 6145 4956
f 6146 4956 6147
f 5790 5756 5789
f 5789 5756 5757
f 5789 5757 6144
f 6144 5757 6148
f 6145 6149 6100
f 6100 6149 5751
f 6100 5751 5752
f 5790 5791 5756
f 5756 5791 5792
f 5756 5792 4957
f 4957 5792 5793
f 5793 5794 4957
f 4957 5794 5795
f 4957 5795 4956
f 4956 5795 6150
f 4956 6150 6147
f 6148 6151 6144
f 6144 6151 6152
f 6144 6152 6145
f 6145 6152 6153
f 6145 6153 6149
f 5752 5753 6100
f 6100 5753 5754
f 6100 5754 4957
f 4957 5754 5755
f 4957 5755 5756
f 4956 6145 4958
f 4958 6145 6154
f 6155 6101 6100
f 4957 4959 6156
f 4957 6156 6100
f 6100 6156 6157
f 6100 6157 6155
f 6158 6159 6128
f 6160 6161 4963
f 4963 6161 6162
f 4963 6162 6163
f 6163 6162 6158
f 6163 6158 4965
f 4965 6158 6128
f 6164 4925 6145
f 6145 4925 6154
f 6164 6145 6165
f 6165 6145 6100
f 6165 6100 6103
f 6131 6132 4929
f 6110 6109 6166
f 6166 6109 6131
f 6166 6131 6167
f 6167 6131 4929
f 6168 6169 6170
f 6168 6170 6171
f 6171 6170 6172
f 6171 6172 6173
f 6174 6175 6176
f 6174 6176 6177
f 6177 6176 6178
f 6177 6178 6179
f 6180 6181 6168
f 6182 6183 6179
f 6179 6183 6171
f 6181 6184 6168
f 6168 6184 6185
f 6168 6185 6186
f 6186 6187 6168
f 6168 6187 6188
f 6168 6188 6189
f 6171 6183 6168
f 6168 6183 6190
f 6168 6190 6180
f 6158 6162 6173
f 6173 6162 6174
f 6173 6174 6171
f 6171 6174 6177
f 6171 6177 6179
f 6191 6192 6193
f 6193 6192 6168
f 6193 6168 6194
f 6194 6168 6189
f 6172 6195 6173
f 6173 6195 6196
f 6173 6196 6158
f 6158 6196 6197
f 6158 6197 6159
f 6161 6198 6162
f 6162 6198 6199
f 6162 6199 6174
f 6174 6199 6200
f 6174 6200 6175
f 6179 6178 6182
f 6182 6178 6201
f 6182 6201 6183
f 6183 6201 6202
f 6183 6202 6190
f 6190 6202 6203
f 6204 6205 6206
f 6207 5037 4953
f 4953 5037 4954
f 6207 4953 6208
f 6208 4953 4952
f 6208 4952 6209
f 6209 4952 6206
f 6206 4952 4955
f 6206 4955 6204
f 5518 6206 5519
f 5519 6206 6205
f 4925 6164 6210
f 6210 6211 4925
f 4925 6211 6212
f 4925 6212 5016
f 5016 6212 6213
f 5016 6213 6214
f 5525 5516 5524
f 5524 5516 5517
f 5530 5531 6215
f 5530 6215 6216
f 6216 6215 6217
f 6216 6217 6218
f 6218 6217 6219
f 6218 6219 6220
f 5532 5527 5533
f 5533 5527 5526
f 6221 6222 6223
f 5538 5539 6224
f 6224 5539 6221
f 6224 6221 6225
f 6225 6221 6223
f 6226 4959 4957
f 4958 5016 4956
f 4956 5016 6214
f 6222 6226 6223
f 6223 6226 4957
f 6223 4957 6227
f 6227 4957 4956
f 6227 4956 6228
f 6228 4956 6214
f 6229 4929 6230
f 6230 4929 5037
f 6230 5037 6207
f 6229 6231 4929
f 4929 6231 6232
f 4929 6232 6167
f 5037 4929 4954
f 4954 4929 6132
f 4925 5016 6154
f 6154 5016 4958
f 6221 5539 6233
f 5528 6234 6235
f 6216 6218 6236
f 6237 6238 6239
f 5604 5605 6240
f 6241 6242 6243
f 6060 6061 6235
f 6102 6101 6155
f 6161 6160 6198
f 6198 6160 6244
f 6244 6245 6198
f 6198 6245 6246
f 6198 6246 6247
f 6247 6246 6248
f 6249 6104 6155
f 6155 6104 6106
f 6155 6106 6102
f 6057 6058 6200
f 6235 6061 6250
f 6200 6058 6235
f 6235 6058 6059
f 6235 6059 6060
f 6061 6251 6250
f 6250 6251 6252
f 6250 6252 6199
f 6199 6252 6253
f 6199 6253 6254
f 6254 6255 6199
f 6199 6255 6055
f 6199 6055 6200
f 6200 6055 6056
f 6200 6056 6057
f 6235 6256 6200
f 6200 6256 6257
f 6200 6257 6175
f 6202 6201 6017
f 6017 6201 6178
f 6017 6178 6257
f 6257 6178 6176
f 6257 6176 6175
f 6017 6018 6202
f 6202 6018 6258
f 6202 6258 6203
f 6203 6258 6259
f 6260 6261 6262
f 6262 6261 6263
f 6259 6264 6265
f 6265 6264 5979
f 6266 6260 6239
f 6243 6242 6239
f 6239 6242 6267
f 6239 6267 6266
f 6268 6195 6172
f 6269 6270 6271
f 6271 6270 6268
f 6271 6268 6169
f 6169 6268 6172
f 6169 6172 6170
f 6272 6093 6268
f 6273 6274 6275
f 6275 6274 6196
f 6275 6196 6276
f 6097 6098 6195
f 6195 6098 6099
f 6195 6099 6196
f 6196 6099 6277
f 6196 6277 6276
f 6093 6094 6268
f 6268 6094 6095
f 6268 6095 6195
f 6195 6095 6096
f 6195 6096 6097
f 6128 6159 6126
f 6126 6159 6197
f 6126 6197 6124
f 6124 6197 6278
f 6114 6130 6113
f 6113 6130 6112
f 6116 6118 6279
f 6279 6118 6120
f 6279 6120 6278
f 6278 6120 6122
f 6278 6122 6124
f 6280 6281 6204
f 6204 6281 5599
f 6204 5599 6205
f 5521 5519 6282
f 6282 5519 5603
f 5605 6283 6240
f 6240 6283 6284
f 6240 6284 6204
f 6204 6284 6285
f 6204 6285 6280
f 5599 5600 6205
f 6205 5600 5601
f 6205 5601 5519
f 5519 5601 5602
f 5519 5602 5603
f 5521 6282 5523
f 5523 6282 6286
f 5523 6286 5525
f 5516 6287 5514
f 5514 6287 6288
f 5514 6288 5512
f 5512 6288 6289
f 6290 6291 6292
f 6292 6291 6293
f 6292 6293 6294
f 6295 6296 6262
f 6260 6262 6239
f 6239 6262 6296
f 6239 6296 6297
f 6297 6298 6239
f 6239 6298 6299
f 6239 6299 6237
f 6237 6299 5903
f 6237 5903 6300
f 5903 5904 6300
f 6300 5904 5905
f 6300 5905 6301
f 6301 5905 5906
f 6301 5906 6302
f 6302 5906 5907
f 6302 5907 6303
f 6303 5907 5908
f 6303 5908 6262
f 6262 5908 5909
f 6262 5909 6295
f 6304 6305 6306
f 6307 6308 6262
f 5947 6309 5946
f 5946 6309 6310
f 5947 6304 6309
f 6309 6304 6306
f 6309 6306 6311
f 6311 6306 6312
f 6311 6312 6313
f 6305 6307 6306
f 6306 6307 6262
f 6306 6262 5980
f 5980 6262 6263
f 5980 6263 5979
f 5979 6263 6314
f 5979 6314 6265
f 6308 6315 6262
f 6262 6315 5941
f 6262 5941 6303
f 6303 5941 5942
f 6303 5942 6316
f 6316 5942 5943
f 6316 5943 6317
f 6317 5943 5944
f 6317 5944 6310
f 6310 5944 5945
f 6310 5945 5946
f 6216 6236 5530
f 5539 5537 6233
f 6233 5537 5535
f 6233 5535 6250
f 6250 5535 5533
f 6250 5533 6235
f 6235 5533 5526
f 6235 5526 5528
f 5637 5638 6221
f 6318 6226 5643
f 5643 6226 6222
f 5643 6222 5642
f 6318 6319 6226
f 6226 6319 6320
f 6226 6320 6321
f 6321 6320 6322
f 6321 6322 6323
f 5638 5639 6221
f 6221 5639 5640
f 6221 5640 6222
f 6222 5640 5641
f 6222 5641 5642
f 6324 6325 6326
f 6326 6325 6327
f 6326 6327 6328
f 6328 6327 6329
f 6328 6329 6330
f 6330 6329 5540
f 6330 5540 6290
f 6290 5540 5542
f 6290 5542 6291
f 6291 5542 5544
f 6291 5544 5546
f 5548 5550 6331
f 5552 6332 6333
f 5548 6331 5546
f 6236 6334 6258
f 6258 6334 6335
f 6258 6335 6336
f 5554 5556 6337
f 6337 5556 5558
f 6337 5558 6338
f 5558 5560 6338
f 6338 5560 5562
f 6338 5562 6339
f 6339 5562 5564
f 6339 5564 6220
f 6220 5564 5566
f 6220 5566 6218
f 6218 5566 6340
f 6218 6340 6236
f 6236 6340 6341
f 6236 6341 6334
f 6336 5554 6258
f 6258 5554 6337
f 6258 6337 6259
f 6259 6337 6342
f 6259 6342 6264
f 6326 5827 5828
f 6287 6343 6288
f 6288 6343 6344
f 6288 6344 6345
f 6328 6289 6326
f 6326 6289 6288
f 6326 6288 5827
f 5827 6288 6345
f 5828 5829 6326
f 6326 5829 6333
f 6326 6333 6324
f 6324 6333 6332
f 5829 5830 6333
f 6333 5830 5831
f 6333 5831 6270
f 5831 5832 6270
f 6270 5832 5833
f 6270 5833 6268
f 6268 5833 6346
f 6268 6346 6287
f 6287 6346 6347
f 6287 6347 6343
f 5866 6293 5865
f 5865 6293 6291
f 5865 6291 6348
f 6348 6291 6349
f 5866 5867 6293
f 6293 5867 6238
f 6293 6238 6294
f 6294 6238 6237
f 5546 6331 6291
f 6291 6331 6350
f 6291 6350 6349
f 5867 5868 6238
f 6238 5868 5869
f 6238 5869 6239
f 6239 5869 5870
f 6239 5870 6243
f 5870 5871 6243
f 6243 5871 6351
f 6243 6351 6331
f 6331 6351 6352
f 6331 6352 6350
f 6018 6019 6258
f 6258 6019 6020
f 6258 6020 6236
f 6236 6020 6021
f 6236 6021 6022
f 6022 6023 6236
f 6236 6023 6234
f 6236 6234 5530
f 5530 6234 5528
f 6023 6353 6234
f 6234 6353 6354
f 6234 6354 6235
f 6235 6354 6355
f 6235 6355 6256
f 5980 5981 6306
f 6306 5981 5982
f 6306 5982 6312
f 6312 5982 5983
f 6312 5983 5984
f 6339 6313 6338
f 6338 6313 6312
f 6338 6312 5985
f 5985 6312 5984
f 5985 6356 6338
f 6338 6356 6357
f 6338 6357 6337
f 6337 6357 6358
f 6337 6358 6342
f 6204 4955 6240
f 6240 4955 6129
f 6240 6129 6279
f 6279 6129 6130
f 6279 6130 6116
f 6116 6130 6114
f 5550 5552 6331
f 6331 5552 6333
f 6331 6333 6243
f 6243 6333 6270
f 6243 6270 6241
f 6241 6270 6269
f 5516 5525 6287
f 6287 5525 6286
f 6287 6286 6268
f 6268 6286 6274
f 6268 6274 6272
f 6272 6274 6273
f 5603 5604 6282
f 6282 5604 6240
f 6282 6240 6286
f 6286 6240 6279
f 6286 6279 6274
f 6274 6279 6278
f 6274 6278 6196
f 6196 6278 6197
f 6199 6198 6250
f 6250 6198 6247
f 6250 6247 6233
f 6233 6247 6359
f 6233 6359 6221
f 6221 6359 6321
f 6221 6321 5637
f 5637 6321 6323
f 6248 6249 6247
f 6247 6249 6155
f 6247 6155 6359
f 6359 6155 6157
f 6359 6157 6321
f 6321 6157 6156
f 6321 6156 6226
f 6226 6156 4959
f 6065 6063 6360
f 5557 5555 6361
f 6362 6363 6364
f 5993 5991 6365
f 6366 6367 6368
f 6166 6167 6232
f 5520 6369 5518
f 6370 6371 6372
f 6373 6374 6375
f 5538 6376 6377
f 6376 5538 6224
f 5609 5607 6378
f 6378 5607 6379
f 6225 6223 5615
f 5615 5613 6225
f 6225 5613 5611
f 6225 5611 5609
f 6379 6380 6378
f 6378 6380 6381
f 6378 6381 6227
f 6227 6381 6382
f 6382 6383 6227
f 6227 6383 5619
f 6227 5619 6223
f 6223 5619 5617
f 6223 5617 5615
f 5609 6378 6225
f 6225 6378 6384
f 6225 6384 6224
f 6385 5534 6377
f 6377 5534 5536
f 6377 5536 5538
f 6386 5527 6385
f 6385 5527 5532
f 6385 5532 5534
f 6387 5531 6386
f 6386 5531 5529
f 6386 5529 5527
f 6387 6388 5531
f 5531 6388 6389
f 5531 6389 6215
f 6215 6389 5999
f 6362 6390 6363
f 6363 6390 6219
f 6363 6219 6217
f 6374 6391 6375
f 6375 6391 5923
f 6375 5923 6392
f 6393 6394 6395
f 6395 6394 6396
f 6395 6396 6374
f 6374 6396 6397
f 6374 6397 6391
f 5923 5921 6392
f 6392 5921 5919
f 6392 5919 6398
f 6398 5919 5917
f 6398 5917 6399
f 6399 5917 5915
f 6399 5915 6400
f 6400 5915 5913
f 6400 5913 6395
f 6395 5913 5911
f 6395 5911 6393
f 5873 6401 6402
f 6403 6395 6404
f 6404 6395 6402
f 6404 6402 6405
f 6405 6402 6401
f 5875 6406 5877
f 5877 6406 6407
f 5877 6407 5879
f 5879 6407 6408
f 5879 6408 5881
f 5881 6408 6409
f 5881 6409 5883
f 5883 6409 6400
f 5883 6400 5885
f 5885 6400 6395
f 5885 6395 6410
f 6410 6395 6403
f 6411 6412 6413
f 6413 6412 6406
f 5837 6414 5839
f 5839 6414 6415
f 5839 6415 5841
f 5837 5835 6414
f 6414 5835 6416
f 6414 6416 6417
f 6417 6416 6418
f 5803 5801 6371
f 6371 5801 5799
f 6371 5799 6372
f 6369 5520 6419
f 6419 5520 5522
f 6419 5522 5524
f 5524 5517 6368
f 6368 5517 5515
f 6368 5515 5513
f 6420 6209 5569
f 5569 6209 6206
f 5569 6206 5571
f 5579 5518 5581
f 5581 5518 6421
f 5581 6421 6422
f 6420 6423 6209
f 6209 6423 6424
f 6209 6424 6421
f 6421 6424 6425
f 6421 6425 6422
f 5579 5577 5518
f 5518 5577 5575
f 5518 5575 6206
f 6206 5575 5573
f 6206 5573 5571
f 6110 6166 6111
f 6111 6166 6426
f 6121 6119 6427
f 6427 6119 6117
f 6427 6117 6426
f 6426 6117 6115
f 6426 6115 6111
f 6428 6163 4965
f 4965 6127 6428
f 6428 6127 6125
f 6428 6125 6429
f 6429 6125 6123
f 4963 6163 6430
f 6430 6163 6428
f 6430 6428 6431
f 6431 6428 6432
f 6108 6107 6433
f 6432 6434 6435
f 6435 6434 6436
f 6433 6107 6434
f 6434 6107 6105
f 6434 6105 6436
f 6164 6165 6433
f 6433 6165 6103
f 6433 6103 6108
f 5809 5807 6437
f 6437 5807 6438
f 6367 6366 6360
f 6360 6366 6439
f 6360 6439 5809
f 5799 5797 6372
f 6372 5797 6440
f 6372 6440 5513
f 5513 6440 6441
f 5513 6441 6368
f 6368 6441 6442
f 6368 6442 6366
f 5807 5805 6438
f 6438 5805 5803
f 6438 5803 6443
f 6443 5803 6371
f 5847 5845 6402
f 5875 5873 6406
f 6406 5873 6402
f 6406 6402 6413
f 6413 6402 5845
f 5835 6444 6416
f 6416 6444 6445
f 6416 6445 6446
f 6446 6445 6447
f 6446 6447 6448
f 5845 5843 6413
f 6413 5843 5841
f 6413 5841 6411
f 6411 5841 6415
f 6411 6415 6412
f 6449 6450 6451
f 6451 6450 5961
f 6451 5961 6452
f 6452 5961 5959
f 6452 5959 6373
f 6449 6451 6453
f 6453 6451 6361
f 6453 6361 6454
f 5959 5957 6373
f 6373 5957 5955
f 6373 5955 6374
f 6374 5955 5953
f 6374 5953 6395
f 6395 5953 5951
f 6454 6361 6455
f 6455 6361 6456
f 6455 6456 5949
f 6365 5991 6457
f 6457 5991 5989
f 6457 5989 5987
f 6458 6459 6386
f 6386 6459 6460
f 6386 6460 6387
f 6217 6215 6363
f 6363 6215 5999
f 6363 5999 6364
f 6364 5999 5997
f 6364 5997 5995
f 6461 6462 6463
f 6463 6462 6464
f 6463 6464 6465
f 6465 6464 6433
f 6465 6433 6466
f 5725 6434 5727
f 5727 6434 6467
f 5727 6467 6384
f 5725 5723 6434
f 6434 5723 5721
f 6434 5721 6433
f 6433 5721 6468
f 6433 6468 6466
f 6463 6469 6461
f 6461 6469 5733
f 6461 5733 6378
f 6378 5733 5731
f 6378 5731 6384
f 6384 5731 5729
f 6384 5729 5727
f 6470 6471 6472
f 5518 6473 6421
f 6421 6473 5687
f 6421 5687 5685
f 5685 5683 6474
f 6474 5683 6475
f 6474 6475 6471
f 6471 6475 6476
f 6471 6476 6472
f 6472 6477 6470
f 6470 6477 6478
f 6470 6478 6426
f 6426 6478 5695
f 6426 5695 6427
f 6427 5695 5693
f 6427 5693 6479
f 6479 5693 5691
f 6479 5691 6473
f 6473 5691 5689
f 6473 5689 5687
f 6461 5759 6480
f 5759 6461 5761
f 5761 6461 6378
f 5761 6378 5763
f 5763 6378 5765
f 5765 6378 6227
f 5765 6227 5767
f 6480 6481 6461
f 6461 6481 6482
f 6461 6482 6228
f 6228 6482 6483
f 6483 6484 6228
f 6228 6484 5771
f 6228 5771 6227
f 6227 5771 5769
f 6227 5769 5767
f 6485 6486 6365
f 6365 6486 6364
f 6365 6364 5993
f 5993 6364 5995
f 6486 6487 6364
f 6364 6487 6488
f 6364 6488 6489
f 6451 5567 5565
f 6489 5567 6364
f 6364 5567 6451
f 6364 6451 6362
f 6362 6451 6452
f 6362 6452 6390
f 5565 5563 6451
f 6451 5563 5561
f 6451 5561 6361
f 6361 5561 5559
f 6361 5559 5557
f 6164 6433 6210
f 6210 6433 6464
f 6210 6464 6211
f 6211 6464 6462
f 6211 6462 6212
f 6212 6462 6461
f 6212 6461 6213
f 6213 6461 6228
f 6213 6228 6214
f 6490 6491 6025
f 6025 6491 6458
f 6025 6458 6027
f 6385 6492 6386
f 6386 6492 6037
f 6386 6037 6035
f 6035 6033 6386
f 6386 6033 6031
f 6386 6031 6458
f 6458 6031 6029
f 6458 6029 6027
f 6490 6493 6491
f 6491 6493 6494
f 6491 6494 6385
f 6385 6494 6495
f 6385 6495 6492
f 6224 6384 6376
f 6376 6384 6467
f 6376 6467 6377
f 6377 6467 6434
f 6377 6434 6385
f 6385 6434 6432
f 6385 6432 6491
f 5847 6402 6496
f 6496 6402 6395
f 6496 6395 6456
f 6456 6395 5951
f 6456 5951 5949
f 5809 6437 6360
f 6360 6437 6457
f 6360 6457 6458
f 6458 6457 5987
f 6458 5987 6459
f 6497 6498 6499
f 6499 6498 6500
f 6499 6500 6491
f 6073 6071 6458
f 6458 6071 6069
f 6458 6069 6360
f 6360 6069 6067
f 6360 6067 6065
f 6500 6501 6491
f 6491 6501 6502
f 6491 6502 6458
f 6458 6502 6075
f 6458 6075 6073
f 6443 6503 6438
f 6438 6503 6496
f 6438 6496 6437
f 6437 6496 6456
f 6437 6456 6457
f 6457 6456 6361
f 6457 6361 6365
f 6365 6361 5555
f 6365 5555 6485
f 6432 6428 6491
f 6491 6428 6429
f 6491 6429 6499
f 6499 6429 6123
f 6499 6123 6504
f 5524 6368 6419
f 6419 6368 6367
f 6419 6367 6504
f 6504 6367 6360
f 6504 6360 6499
f 6499 6360 6063
f 6499 6063 6497
f 5543 5541 6416
f 6416 5541 6371
f 6416 6371 6418
f 6418 6371 6370
f 6505 6506 6443
f 5541 6507 6371
f 6371 6507 6508
f 6371 6508 6443
f 6443 6508 6509
f 6443 6509 6505
f 5553 5551 6446
f 5551 5549 6446
f 6446 5549 5547
f 6446 5547 6416
f 6416 5547 5545
f 6416 5545 5543
f 6506 5553 6443
f 6443 5553 6446
f 6443 6446 6503
f 6503 6446 6448
f 6503 6448 6496
f 6496 6448 6510
f 6496 6510 5847
f 5518 6369 6473
f 6473 6369 6419
f 6473 6419 6479
f 6479 6419 6504
f 6479 6504 6427
f 6427 6504 6123
f 6427 6123 6121
f 6511 6208 5645
f 5645 6208 6209
f 5645 6209 5647
f 6474 6512 5657
f 5685 6474 6421
f 6421 6474 5657
f 6421 5657 5655
f 5655 5653 6421
f 6421 5653 5651
f 6421 5651 6209
f 6209 5651 5649
f 6209 5649 5647
f 6511 6513 6208
f 6208 6513 6514
f 6208 6514 6474
f 6474 6514 6515
f 6474 6515 6512
f 6166 6232 6426
f 6426 6232 6231
f 6426 6231 6470
f 6470 6231 6229
f 6470 6229 6471
f 6471 6229 6230
f 6471 6230 6474
f 6474 6230 6207
f 6474 6207 6208
f 6330 6418 6370
f 6330 6370 6328
f 6328 6370 6372
f 6328 6372 6289
f 6289 6372 5513
f 6289 5513 5512
f 6220 6219 6390
f 6220 6390 6339
f 6339 6390 6452
f 6339 6452 6313
f 6313 6452 6373
f 6313 6373 6311
f 6311 6373 6375
f 6311 6375 6309
f 6309 6375 6392
f 6309 6392 6310
f 6310 6392 6398
f 6310 6398 6317
f 6317 6398 6399
f 6317 6399 6316
f 6316 6399 6303
f 6303 6399 6400
f 6303 6400 6302
f 6400 6409 6302
f 6302 6409 6408
f 6302 6408 6301
f 6301 6408 6407
f 6301 6407 6300
f 6300 6407 6406
f 6300 6406 6237
f 6406 6412 6237
f 6237 6412 6415
f 6237 6415 6294
f 6294 6415 6414
f 6294 6414 6292
f 6292 6414 6417
f 6292 6417 6290
f 6290 6417 6418
f 6290 6418 6330
f 6190 6203 6180
f 6180 6203 6259
f 6180 6259 6181
f 6181 6259 6265
f 6181 6265 6184
f 6184 6265 6314
f 6184 6314 6185
f 6185 6314 6263
f 6185 6263 6186
f 6186 6263 6516
f 6186 6516 6187
f 6187 6516 6260
f 6187 6260 6188
f 6188 6260 6266
f 6188 6266 6189
f 6189 6266 6267
f 6189 6267 6194
f 6194 6267 6242
f 6194 6242 6193
f 6193 6242 6241
f 6193 6241 6191
f 6191 6241 6269
f 6191 6269 6192
f 6192 6269 6271
f 6192 6271 6168
f 6168 6271 6169
f 6105 6104 6436
f 6436 6104 6249
f 6436 6249 6435
f 6435 6249 6248
f 6435 6248 6432
f 6432 6248 6246
f 6432 6246 6431
f 6431 6246 6245
f 6431 6245 6430
f 6430 6245 6244
f 6430 6244 4963
f 4963 6244 6160
f 6099 6078 6277
f 6277 6078 6079
f 6277 6079 6276
f 6276 6079 6081
f 6276 6081 6275
f 6275 6081 6083
f 6275 6083 6273
f 6273 6083 6085
f 6273 6085 6272
f 6272 6085 6087
f 6272 6087 6093
f 6093 6087 6089
f 6074 6075 6080
f 6080 6075 6502
f 6080 6502 6082
f 6082 6502 6501
f 6082 6501 6084
f 6084 6501 6500
f 6084 6500 6086
f 6086 6500 6498
f 6086 6498 6088
f 6088 6498 6497
f 6088 6497 6062
f 6062 6497 6063
f 6061 6038 6251
f 6251 6038 6039
f 6251 6039 6252
f 6252 6039 6041
f 6252 6041 6253
f 6253 6041 6043
f 6253 6043 6254
f 6254 6043 6045
f 6254 6045 6255
f 6255 6045 6047
f 6255 6047 6055
f 6055 6047 6049
f 6036 6037 6040
f 6040 6037 6492
f 6040 6492 6042
f 6042 6492 6495
f 6042 6495 6044
f 6044 6495 6494
f 6044 6494 6046
f 6046 6494 6493
f 6046 6493 6048
f 6048 6493 6490
f 6048 6490 6024
f 6024 6490 6025
f 6023 6000 6353
f 6353 6000 6001
f 6353 6001 6354
f 6354 6001 6003
f 6354 6003 6355
f 6355 6003 6005
f 6355 6005 6256
f 6256 6005 6007
f 6256 6007 6257
f 6257 6007 6009
f 6257 6009 6017
f 6017 6009 6011
f 5998 5999 6002
f 6002 5999 6389
f 6002 6389 6004
f 6004 6389 6388
f 6004 6388 6006
f 6006 6388 6387
f 6006 6387 6008
f 6008 6387 6460
f 6008 6460 6010
f 6010 6460 6459
f 6010 6459 5986
f 5986 6459 5987
f 5985 5962 6356
f 6356 5962 5963
f 6356 5963 6357
f 6357 5963 5965
f 6357 5965 6358
f 6358 5965 5967
f 6358 5967 6342
f 6342 5967 5969
f 6342 5969 6264
f 6264 5969 5971
f 6264 5971 5979
f 5979 5971 5973
f 5960 5961 5964
f 5964 5961 6450
f 5964 6450 5966
f 5966 6450 6449
f 5966 6449 5968
f 5968 6449 6453
f 5968 6453 5970
f 5970 6453 6454
f 5970 6454 5972
f 5972 6454 6455
f 5972 6455 5948
f 5948 6455 5949
f 5947 5925 6304
f 6304 5925 5926
f 6304 5926 6305
f 6305 5926 5928
f 6305 5928 6307
f 6307 5928 5930
f 6307 5930 6308
f 6308 5930 5932
f 6308 5932 6315
f 6315 5932 5934
f 6315 5934 5941
f 5941 5934 5936
f 5922 5923 5927
f 5927 5923 6391
f 5927 6391 5929
f 5929 6391 6397
f 5929 6397 5931
f 5931 6397 6396
f 5931 6396 5933
f 5933 6396 6394
f 5933 6394 5935
f 5935 6394 6393
f 5935 6393 5910
f 5910 6393 5911
f 5909 5902 6295
f 6295 5902 5886
f 6295 5886 6296
f 6296 5886 5888
f 6296 5888 6297
f 6297 5888 5890
f 6297 5890 6298
f 6298 5890 5892
f 6298 5892 6299
f 6299 5892 5894
f 6299 5894 5903
f 5903 5894 5896
f 5884 5885 5887
f 5887 5885 6410
f 5887 6410 5889
f 5889 6410 6403
f 5889 6403 5891
f 5891 6403 6404
f 5891 6404 5893
f 5893 6404 6405
f 5893 6405 5895
f 5895 6405 6401
f 5895 6401 5872
f 5872 6401 5873
f 5871 5848 6351
f 6351 5848 5849
f 6351 5849 6352
f 6352 5849 5851
f 6352 5851 6350
f 6350 5851 5853
f 6350 5853 6349
f 6349 5853 5855
f 6349 5855 6348
f 6348 5855 5857
f 6348 5857 5865
f 5865 5857 5859
f 5846 5847 5850
f 5850 5847 6510
f 5850 6510 5852
f 5852 6510 6448
f 5852 6448 5854
f 5854 6448 6447
f 5854 6447 5856
f 5856 6447 6445
f 5856 6445 5858
f 5858 6445 6444
f 5858 6444 5834
f 5834 6444 5835
f 5833 5810 6346
f 6346 5810 5811
f 6346 5811 6347
f 6347 5811 5813
f 6347 5813 6343
f 6343 5813 5815
f 6343 5815 6344
f 6344 5815 5817
f 6344 5817 6345
f 6345 5817 5819
f 6345 5819 5827
f 5827 5819 5821
f 5808 5809 5812
f 5812 5809 6439
f 5812 6439 5814
f 5814 6439 6366
f 5814 6366 5816
f 5816 6366 6442
f 5816 6442 5818
f 5818 6442 6441
f 5818 6441 5820
f 5820 6441 6440
f 5820 6440 5796
f 5796 6440 5797
f 5795 5780 6150
f 6150 5780 5781
f 6150 5781 6147
f 6147 5781 5783
f 6147 5783 6146
f 6146 5783 5785
f 6146 5785 6143
f 6143 5785 5787
f 6143 5787 6144
f 6144 5787 5772
f 6144 5772 5789
f 5789 5772 5774
f 5770 5771 5782
f 5782 5771 6484
f 5782 6484 5784
f 5784 6484 6483
f 5784 6483 5786
f 5786 6483 6482
f 5786 6482 5788
f 5788 6482 6481
f 5788 6481 5773
f 5773 6481 6480
f 5773 6480 5758
f 5758 6480 5759
f 5757 5746 6148
f 6148 5746 5747
f 6148 5747 6151
f 6151 5747 5749
f 6151 5749 6152
f 6152 5749 5734
f 6152 5734 6153
f 6153 5734 5736
f 6153 5736 6149
f 6149 5736 5738
f 6149 5738 5751
f 5751 5738 5740
f 5732 5733 5748
f 5748 5733 6469
f 5748 6469 5750
f 5750 6469 6463
f 5750 6463 5735
f 5735 6463 6465
f 5735 6465 5737
f 5737 6465 6466
f 5737 6466 5739
f 5739 6466 6468
f 5739 6468 5720
f 5720 6468 5721
f 5719 5698 6135
f 6135 5698 5699
f 6135 5699 6136
f 6136 5699 5701
f 6136 5701 6137
f 6137 5701 5703
f 6137 5703 6134
f 6134 5703 5705
f 6134 5705 6133
f 6133 5705 5707
f 6133 5707 5713
f 5713 5707 5709
f 5694 5695 5700
f 5700 5695 6478
f 5700 6478 5702
f 5702 6478 6477
f 5702 6477 5704
f 5704 6477 6472
f 5704 6472 5706
f 5706 6472 6476
f 5706 6476 5708
f 5708 6476 6475
f 5708 6475 5682
f 5682 6475 5683
f 5681 5666 6141
f 6141 5666 5667
f 6141 5667 6142
f 6142 5667 5669
f 6142 5669 6139
f 6139 5669 5671
f 6139 5671 6138
f 6138 5671 5673
f 6138 5673 6140
f 6140 5673 5658
f 6140 5658 5675
f 5675 5658 5660
f 5656 5657 5668
f 5668 5657 6512
f 5668 6512 5670
f 5670 6512 6515
f 5670 6515 5672
f 5672 6515 6514
f 5672 6514 5674
f 5674 6514 6513
f 5674 6513 5659
f 5659 6513 6511
f 5659 6511 5644
f 5644 6511 5645
f 5643 5620 6318
f 6318 5620 5621
f 6318 5621 6319
f 6319 5621 5623
f 6319 5623 6320
f 6320 5623 5625
f 6320 5625 6322
f 6322 5625 5627
f 6322 5627 6323
f 6323 5627 5629
f 6323 5629 5637
f 5637 5629 5631
f 5618 5619 5622
f 5622 5619 6383
f 5622 6383 5624
f 5624 6383 6382
f 5624 6382 5626
f 5626 6382 6381
f 5626 6381 5628
f 5628 6381 6380
f 5628 6380 5630
f 5630 6380 6379
f 5630 6379 5606
f 5606 6379 5607
f 5605 5582 6283
f 6283 5582 5583
f 6283 5583 6284
f 6284 5583 5585
f 6284 5585 6285
f 6285 5585 5587
f 6285 5587 6280
f 6280 5587 5589
f 6280 5589 6281
f 6281 5589 5591
f 6281 5591 5599
f 5599 5591 5593
f 5580 5581 5584
f 5584 5581 6422
f 5584 6422 5586
f 5586 6422 6425
f 5586 6425 5588
f 5588 6425 6424
f 5588 6424 5590
f 5590 6424 6423
f 5590 6423 5592
f 5592 6423 6420
f 5592 6420 5568
f 5568 6420 5569
f 5566 5567 6340
f 6340 5567 6489
f 6340 6489 6341
f 6341 6489 6488
f 6341 6488 6334
f 6334 6488 6487
f 6334 6487 6335
f 6335 6487 6486
f 6335 6486 6336
f 6336 6486 6485
f 6336 6485 5554
f 5554 6485 5555
f 5552 5553 6332
f 6332 5553 6506
f 6332 6506 6324
f 6324 6506 6505
f 6324 6505 6325
f 6325 6505 6509
f 6325 6509 6327
f 6327 6509 6508
f 6327 6508 6329
f 6329 6508 6507
f 6329 6507 5540
f 5540 6507 5541
