mtllib converted_body_Link1_b29999ff.mtl
usemtl material
v -1.0917585768766003e-06 0.08912062644958496 0.01842081919312477
v -1.107710886572022e-06 0.09012509882450104 0.018671462312340736
v 0.0031695140060037374 0.09012079238891602 0.018422171473503113
v -1.1534915529409773e-06 0.09086968004703522 0.019390765577554703
v 0.0032839865889400244 0.09086521714925766 0.019132468849420547
v -1.2168333114459529e-06 0.09115485846996307 0.020385989919304848
v 0.0034403586760163307 0.0911501795053482 0.02011539414525032
v 0.006797225680202246 0.09113626927137375 0.01930982805788517
v 0.006488268729299307 0.09085194021463394 0.01836351864039898
v 0.009986726567149162 0.09111345559358597 0.017989128828048706
v 0.009532792493700981 0.09083016216754913 0.01710285060107708
v 0.012930325232446194 0.09108231216669083 0.016185812652111053
v 0.012342591769993305 0.09080043435096741 0.015381507575511932
v 0.015555542893707752 0.09104360640048981 0.013944290578365326
v 0.014848480932414532 0.09076348692178726 0.013241871260106564
v 0.01779773458838463 0.09099827706813812 0.011319750919938087
v 0.016988754272460938 0.09072022140026093 0.01073662843555212
v 0.019601691514253616 0.0909474566578865 0.008376820012927055
v 0.01871071197092533 0.09067171066999435 0.007927466183900833
v 0.02092299424111843 0.09089238941669464 0.005187962669879198
v 0.019971955567598343 0.09061914682388306 0.004883557092398405
v 0.021729107946157455 0.09083443135023117 0.0018316983478143811
v 0.020741429179906845 0.0905638262629509 0.0016798506258055568
v 0.022000182420015335 0.0907750129699707 -0.0016093295998871326
v 0.021000182256102562 0.09050710499286652 -0.0016047669341787696
v 0.021729545667767525 0.09071559458971024 -0.005050391890108585
v 0.020741846412420273 0.09045038372278214 -0.004889417439699173
v 0.020923860371112823 0.09065763652324677 -0.008406758308410645
v 0.0199727825820446 0.09039506316184998 -0.008093222044408321
v 0.01960296370089054 0.0906025692820549 -0.011595784686505795
v 0.01871192641556263 0.09034249186515808 -0.01113729178905487
v 0.0177993793040514 0.09055174142122269 -0.014538944698870182
v 0.01699032634496689 0.09029398113489151 -0.013946672901511192
v 0.015557522885501385 0.0905064195394516 -0.017163770273327827
v 0.014850370585918427 0.09025072306394577 -0.016452187672257423
v 0.012932591140270233 0.09046771377325058 -0.019405627623200417
v 0.012344754301011562 0.09021376818418503 -0.018592143431305885
v 0.009989221580326557 0.09043657034635544 -0.021209316328167915
v 0.009535173885524273 0.0901840403676033 -0.020313844084739685
v 0.006799888797104359 0.09041375666856766 -0.02253042161464691
v 0.00649081077426672 0.09016226977109909 -0.021574899554252625
v 0.0034431242384016514 0.0903998464345932 -0.023336414247751236
v 0.003286626422777772 0.09014898538589478 -0.022344257682561874
v 1.5831626569706714e-06 0.09039516746997833 -0.023607449606060982
v 1.51923188695946e-06 0.09014452248811722 -0.022602973505854607
v 0.006262096110731363 0.0901079773902893 0.017680026590824127
v 0.009200490079820156 0.09008695930242538 0.016463305801153183
v 0.011912340298295021 0.09005826711654663 0.014801965095102787
v 0.01433087419718504 0.09002260863780975 0.012736915610730648
v 0.016396539285779 0.089980848133564 0.010319005697965622
v 0.018058471381664276 0.08993402868509293 0.0076077706180512905
v 0.01927574910223484 0.08988329768180847 0.004669969901442528
v 0.02001839689910412 0.08982990682125092 0.0015779430978000164
v 0.02026813104748726 0.08977515995502472 -0.0015921741724014282
v 0.0200188010931015 0.08972042053937912 -0.00476232310757041
v 0.01927654631435871 0.08966702222824097 -0.007854443974792957
v 0.018059642985463142 0.08961629122495651 -0.010792399756610394
v 0.016398055478930473 0.08956947177648544 -0.01350384671241045
v 0.014332698658108711 0.08952771872282028 -0.015922019258141518
v 0.011914427392184734 0.08949205279350281 -0.01798737607896328
v 0.009202787652611732 0.08946336060762405 -0.019649062305688858
v 0.0062645492143929005 0.08944234997034073 -0.020866157487034798
v 0.003172061638906598 0.08942952752113342 -0.02160869538784027
v 1.4718424381499062e-06 0.0894252210855484 -0.021858392283320427
v 0.003127613104879856 0.08911637216806412 0.018174823373556137
v 0.006179310381412506 0.08910372108221054 0.0174424909055233
v 0.009078857488930225 0.0890829861164093 0.016241854056715965
v 0.011754856444895267 0.08905467391014099 0.0146024776622653
v 0.014141416177153587 0.08901948481798172 0.01256472896784544
v 0.016179773956537247 0.08897828310728073 0.010178783908486366
v 0.017819734290242195 0.0889320820569992 0.007503392640501261
v 0.019020918756723404 0.08888202160596848 0.004604430869221687
v 0.019753748551011086 0.08882933109998703 0.0015532816760241985
v 0.02000018022954464 0.08877530694007874 -0.0015749254962429404
v 0.01975414715707302 0.08872129023075104 -0.004703164100646973
v 0.01902170479297638 0.08866859972476959 -0.007754406426101923
v 0.01782088913023472 0.08861853927373886 -0.010653520934283733
v 0.01618126966059208 0.08857233822345734 -0.01332912128418684
v 0.014143216423690319 0.08853113651275635 -0.015715325251221657
v 0.011756915599107742 0.08849594742059708 -0.017753377556800842
v 0.009081125259399414 0.08846763521432877 -0.01939309574663639
v 0.006181731354445219 0.08844690024852753 -0.020594101399183273
v 0.0031301272101700306 0.08843424916267395 -0.02132682129740715
v 1.4536923345076502e-06 0.0884299948811531 -0.02157321572303772
v -1.238811137227458e-06 0.07115784287452698 0.020731303840875626
v -1.1748803672162467e-06 0.0714084804058075 0.01972682774066925
v 0.003283965401351452 0.07140401750802994 0.019468531012535095
v -1.1274909184066928e-06 0.07212778180837631 0.01898224651813507
v 0.003169494215399027 0.07212347537279129 0.018732953816652298
v -1.1093408147644368e-06 0.0731230080127716 0.018697071820497513
v 0.003127595642581582 0.07311876118183136 0.01845107413828373
v 0.006179292686283588 0.07310611009597778 0.017718741670250893
v 0.006262076087296009 0.07211066037416458 0.017990808933973312
v 0.009078839793801308 0.07308537513017654 0.016518104821443558
v 0.009200469590723515 0.07208964228630066 0.016774088144302368
v 0.01175483874976635 0.07305706292390823 0.014878729358315468
v 0.011912320740520954 0.0720609501004219 0.015112747438251972
v 0.01414139848202467 0.07302186638116837 0.012840979732573032
v 0.014330854639410973 0.07202529162168503 0.013047698885202408
v 0.016179755330085754 0.07298066467046738 0.010455035604536533
v 0.016396518796682358 0.07198353111743927 0.010629788041114807
v 0.017819715663790703 0.07293446362018585 0.0077796438708901405
v 0.018058452755212784 0.0719367116689682 0.007918553426861763
v 0.01902090199291706 0.07288440316915512 0.004880682099610567
v 0.0192757286131382 0.07188598066568375 0.004980752244591713
v 0.019753731787204742 0.07283171266317368 0.0018295329064130783
v 0.020018378272652626 0.07183258980512619 0.001888725790195167
v 0.020000163465738297 0.07277769595384598 -0.0012986742658540606
v 0.020268110558390617 0.0717778429389 -0.0012813914800062776
v 0.019754130393266678 0.07272367924451828 -0.004426912870258093
v 0.02001878060400486 0.0717231035232544 -0.004451540298759937
v 0.019021688029170036 0.07267098873853683 -0.007478155195713043
v 0.01927652582526207 0.07166970521211624 -0.007543661631643772
v 0.017820872366428375 0.0726209282875061 -0.010377270169556141
v 0.0180596224963665 0.07161897420883179 -0.010481617413461208
v 0.016181251034140587 0.07257472723722458 -0.013052869588136673
v 0.016398034989833832 0.07157215476036072 -0.01319306343793869
v 0.014143198728561401 0.07253352552652359 -0.015439074486494064
v 0.01433267816901207 0.07153040170669556 -0.015611236914992332
v 0.011756897903978825 0.07249832898378372 -0.01747712679207325
v 0.011914407834410667 0.07149473577737808 -0.017676593735814095
v 0.009081107564270496 0.07247001677751541 -0.01911684311926365
v 0.009202768094837666 0.07146604359149933 -0.019338279962539673
v 0.006181713659316301 0.07244928181171417 -0.02031784877181053
v 0.0062645296566188335 0.071445032954216 -0.020555375143885612
v 0.0031301097478717566 0.0724366307258606 -0.021050570532679558
v 0.0031720418483018875 0.0714322105050087 -0.021297913044691086
v 1.4361100966198137e-06 0.07243238389492035 -0.021296964958310127
v 1.4520625200020731e-06 0.07142790406942368 -0.021547608077526093
v 0.006488247308880091 0.07139073312282562 0.018699580803513527
v 0.009532771073281765 0.07136896252632141 0.017438912764191628
v 0.012342570349574089 0.07133923470973969 0.01571756787598133
v 0.014848459511995316 0.07130228728055954 0.013577932491898537
v 0.016988733783364296 0.0712590217590332 0.011072689667344093
v 0.01871069148182869 0.07121051102876663 0.008263527415692806
v 0.0199719350785017 0.07115794718265533 0.0052196187898516655
v 0.020741406828165054 0.07110261917114258 0.0020159119740128517
v 0.02100016176700592 0.0710459053516388 -0.0012687054695561528
v 0.02074182592332363 0.07098918408155441 -0.0045533562079072
v 0.01997276023030281 0.07093385607004166 -0.007757160346955061
v 0.01871190406382084 0.07088129222393036 -0.010801230557262897
v 0.016990303993225098 0.07083278149366379 -0.01361061166971922
v 0.01485034916549921 0.07078952342271805 -0.016116125509142876
v 0.012344732880592346 0.0707525685429573 -0.018256081268191338
v 0.009535152465105057 0.07072284072637558 -0.019977781921625137
v 0.006490789353847504 0.07070107012987137 -0.021238839253783226
v 0.003286605002358556 0.07068778574466705 -0.022008195519447327
v 1.4978430726841907e-06 0.0706833228468895 -0.02226691134274006
v 0.0034403365571051836 0.07115316390991211 0.0204607080668211
v 0.006797203794121742 0.07113924622535706 0.019655141979455948
v 0.009986705146729946 0.07111643999814987 0.018334442749619484
v 0.012930303812026978 0.07108529657125473 0.01653112843632698
v 0.015555520541965961 0.07104658335447311 0.014289604499936104
v 0.017797712236642838 0.07100126147270203 0.011665064841508865
v 0.019601669162511826 0.07095044106245041 0.008722133934497833
v 0.02092297188937664 0.07089537382125854 0.005533276591449976
v 0.021729085594415665 0.07083741575479507 0.002177012385800481
v 0.022000161930918694 0.0707779973745346 -0.001264015561901033
v 0.021729523316025734 0.07071857154369354 -0.0047050779685378075
v 0.020923838019371033 0.07066061347723007 -0.008061444386839867
v 0.01960294134914875 0.07060554623603821 -0.011250470764935017
v 0.01779935695230961 0.07055472582578659 -0.014193630777299404
v 0.015557500533759594 0.0705094039440155 -0.01681845635175705
v 0.012932568788528442 0.07047069072723389 -0.01906031370162964
v 0.009989199228584766 0.07043954730033875 -0.020864002406597137
v 0.006799866445362568 0.07041674107313156 -0.022185107693076134
v 0.0034431021194905043 0.07040282338857651 -0.022991100326180458
v 1.561184944876004e-06 0.07039815187454224 -0.023262135684490204
v 5.464974947244627e-06 0.08934196084737778 -0.0845983549952507
v 5.4429974625236355e-06 0.06934493780136108 -0.08425304293632507
v -0.0019945011008530855 0.0893327072262764 -0.08513429760932922
v -0.001994522986933589 0.0693356841802597 -0.0847889855504036
v -0.0034585092216730118 0.08930742740631104 -0.08659827709197998
v -0.003458531340584159 0.06931041181087494 -0.08625296503305435
v -0.003994280472397804 0.0892728939652443 -0.08859801292419434
v -0.003994302824139595 0.0692758783698082 -0.08825270086526871
v -0.003458254737779498 0.08923836797475815 -0.09059768170118332
v -0.0034582768566906452 0.06924134492874146 -0.09025236964225769
v -0.001994060119614005 0.08921308815479279 -0.09206147491931915
v -0.0019940820056945086 0.06921606510877609 -0.09171615540981293
v 5.974065516056726e-06 0.0892038345336914 -0.09259716421365738
v 5.952087576588383e-06 0.06920681148767471 -0.09225185215473175
v -5.6077360568451695e-06 0.09234619140625 0.08937570452690125
v -5.629713996313512e-06 0.0723491758108139 0.08972101658582687
v -0.0020055738277733326 0.09233693778514862 0.08883975446224213
v -0.002005595713853836 0.07233992218971252 0.08918507397174835
v -0.003469581948593259 0.09231165796518326 0.08737578243017197
v -0.003469604067504406 0.07231464236974716 0.08772110193967819
v -0.004005353432148695 0.09227713197469711 0.08537604659795761
v -0.0040053753182291985 0.07228010892868042 0.08572135865688324
v -0.003469327464699745 0.09224259853363037 0.08337637782096863
v -0.0034693495836108923 0.07224557548761368 0.08372169733047485
v -0.002005132846534252 0.09221731871366501 0.0819125846028328
v -0.0020051547326147556 0.07222030311822891 0.08225789666175842
v -5.098645942780422e-06 0.09220806509256363 0.08137689530849457
v -5.120623427501414e-06 0.07221104949712753 0.0817222073674202
v -0.03999456763267517 0.08935058861970901 -0.08410098403692245
v -0.03999458625912666 0.06935357302427292 -0.08375566452741623
v -0.042244527488946915 0.08934018015861511 -0.08470392227172852
v -0.042244549840688705 0.06934316456317902 -0.08435860276222229
v -0.0438915379345417 0.08931174129247665 -0.08635088801383972
v -0.04389156028628349 0.06931472569704056 -0.08600557595491409
v -0.04449428245425224 0.0892728939652443 -0.08860059082508087
v -0.044494304805994034 0.0692758783698082 -0.08825527876615524
v -0.04389125108718872 0.08923404663801193 -0.09085021913051605
v -0.04389127343893051 0.06923703104257584 -0.09050490707159042
v -0.04224403202533722 0.08920560777187347 -0.09249698370695114
v -0.04224405437707901 0.06920859217643738 -0.09215167164802551
v -0.03999399393796921 0.08919519931077957 -0.09309963881969452
v -0.039994016289711 0.06919818371534348 -0.0927543193101883
v -0.0400056391954422 0.09235482662916183 0.08987308293581009
v -0.04000566154718399 0.07235780358314514 0.09021839499473572
v -0.04225560277700424 0.09234441816806793 0.08927014470100403
v -0.042255621403455734 0.07234739512205124 0.08961545675992966
v -0.04390260949730873 0.09231597930192947 0.08762317150831223
v -0.04390263184905052 0.07231895625591278 0.08796848356723785
v -0.04450535401701927 0.09227713197469711 0.08537346869707108
v -0.04450537636876106 0.07228010892868042 0.0857187807559967
v -0.04390232637524605 0.09223827719688416 0.0831238403916359
v -0.04390234500169754 0.07224126160144806 0.08346915245056152
v -0.04225510358810425 0.0922098383307457 0.0814770832657814
v -0.04225512593984604 0.0722128227353096 0.08182239532470703
v -0.04000506550073624 0.0921994298696518 0.08087442815303802
v -0.04000508785247803 0.0722024142742157 0.08121974021196365
v 0.03999435901641846 0.09235482662916183 0.08987817913293839
v 0.039994336664676666 0.07235780358314514 0.09022349119186401
v 0.037744395434856415 0.09234441816806793 0.08927523344755173
v 0.03774437680840492 0.07234739512205124 0.08962055295705795
v 0.036097392439842224 0.09231597930192947 0.08762826025485992
v 0.03609737008810043 0.07231895625591278 0.08797357976436615
v 0.03549464792013168 0.09227713197469711 0.08537855744361877
v 0.03549462556838989 0.07228010892868042 0.0857238695025444
v 0.03609767556190491 0.09223827719688416 0.0831289291381836
v 0.036097656935453415 0.07224126160144806 0.08347424864768982
v 0.03774489462375641 0.0922098383307457 0.0814821720123291
v 0.03774487227201462 0.0722128227353096 0.08182749152183533
v 0.03999493271112442 0.0921994298696518 0.08087952435016632
v 0.03999491035938263 0.0722024142742157 0.08122483640909195
v 0.040005430579185486 0.08935058861970901 -0.08409588783979416
v 0.040005411952733994 0.06935357302427292 -0.08375057578086853
v 0.03775547072291374 0.08934018015861511 -0.08469882607460022
v 0.03775544837117195 0.06934316456317902 -0.08435351401567459
v 0.03610846400260925 0.08931174129247665 -0.08634579181671143
v 0.03610844165086746 0.06931472569704056 -0.0860004797577858
v 0.03550571948289871 0.0892728939652443 -0.08859550207853317
v 0.03550569713115692 0.0692758783698082 -0.08825018256902695
v 0.036108750849962234 0.08923404663801193 -0.09084512293338776
v 0.036108728498220444 0.06923703104257584 -0.09049981087446213
v 0.03775596618652344 0.08920560777187347 -0.09249188750982285
v 0.03775594383478165 0.06920859217643738 -0.09214657545089722
v 0.04000600427389145 0.08919519931077957 -0.09309454262256622
v 0.04000598192214966 0.06919818371534348 -0.0927492305636406
v 0.0279961246997118 0.0748739168047905 0.06217510625720024
v 0.027996143326163292 0.09187138080596924 0.06188158690929413
v 0.026496097445487976 0.07488085329532623 0.06257687509059906
v 0.02649611607193947 0.09187832474708557 0.06228335574269295
v 0.025397952646017075 0.0748998150229454 0.06367471069097519
v 0.025397971272468567 0.09189728647470474 0.06338119506835938
v 0.02499593235552311 0.07492571324110031 0.06517446786165237
v 0.024995950981974602 0.09192318469285965 0.06488095223903656
v 0.025397760793566704 0.07495161145925522 0.06667426973581314
v 0.025397779420018196 0.09194908291101456 0.06638075411319733
v 0.026495767757296562 0.07497057318687439 0.06777225434780121
v 0.026495786383748055 0.09196803718805313 0.0674787312746048
v 0.027995742857456207 0.07497750967741013 0.06817420572042465
v 0.0279957614839077 0.09197498112916946 0.06788069009780884
v -0.0280038770288229 0.0748739168047905 0.06217154115438461
v -0.028003858402371407 0.09187138080596924 0.0618780255317688
v -0.029503902420401573 0.07488085329532623 0.06257330626249313
v -0.02950388379395008 0.09187832474708557 0.06227979063987732
v -0.030602047219872475 0.0748998150229454 0.06367114931344986
v -0.030602028593420982 0.09189728647470474 0.06337763369083405
v -0.03100406751036644 0.07492571324110031 0.06517089903354645
v -0.031004048883914948 0.09192318469285965 0.06487738341093063
v -0.030602239072322845 0.07495161145925522 0.06667070835828781
v -0.030602220445871353 0.09194908291101456 0.066377192735672
v -0.029504232108592987 0.07497057318687439 0.06776868551969528
v -0.029504213482141495 0.09196803718805313 0.06747516989707947
v -0.02800425887107849 0.07497750967741013 0.06817064434289932
v -0.028004240244627 0.09197498112916946 0.06787712872028351
v -0.027995413169264793 0.0725775808095932 -0.07080863416194916
v -0.0279953945428133 0.08957504481077194 -0.07110214978456497
v -0.029495438560843468 0.07258451730012894 -0.07040686905384064
v -0.029495419934391975 0.08958198875188828 -0.07070038467645645
v -0.03059358336031437 0.07260347902774811 -0.06930902600288391
v -0.030593564733862877 0.08960094302892685 -0.06960254162549973
v -0.030995603650808334 0.07262937724590302 -0.06780927628278732
v -0.030995585024356842 0.08962684124708176 -0.06810279190540314
v -0.03059377521276474 0.07265527546405792 -0.06630946695804596
v -0.030593756586313248 0.08965273946523666 -0.06660298258066177
v -0.02949576824903488 0.0726742371916771 -0.06521148979663849
v -0.02949574962258339 0.08967170119285583 -0.0655050054192543
v -0.027995795011520386 0.07268117368221283 -0.06480953097343445
v -0.027995776385068893 0.08967863768339157 -0.06510304659605026
v 0.028004588559269905 0.0725775808095932 -0.07080507278442383
v 0.028004607185721397 0.08957504481077194 -0.07109858840703964
v 0.02650456130504608 0.07258451730012894 -0.07040330022573471
v 0.026504579931497574 0.08958198875188828 -0.07069682329893112
v 0.02540641464293003 0.07260347902774811 -0.06930546462535858
v 0.025406433269381523 0.08960094302892685 -0.0695989802479744
v 0.025004396215081215 0.07262937724590302 -0.0678057074546814
v 0.025004414841532707 0.08962684124708176 -0.06809922307729721
v 0.02540622465312481 0.07265527546405792 -0.06630590558052063
v 0.0254062432795763 0.08965273946523666 -0.06659942120313644
v 0.02650422975420952 0.0726742371916771 -0.06520792096853256
v 0.02650424838066101 0.08967170119285583 -0.06550144404172897
v 0.028004206717014313 0.07268117368221283 -0.06480596959590912
v 0.028004225343465805 0.08967863768339157 -0.06509948521852493
v 0.039996419101953506 0.08279503136873245 0.057538412511348724
v 0.0399964265525341 0.09179368615150452 0.05738302320241928
v 0.03624635189771652 0.08281237632036209 0.05854283273220062
v 0.03624636307358742 0.09181103855371475 0.05838743969798088
v 0.03350099176168442 0.08285977691411972 0.06128743663430214
v 0.033500999212265015 0.09185843169689178 0.061132047325372696
v 0.03249594196677208 0.08292452245950699 0.0650368183851242
v 0.032495949417352676 0.09192318469285965 0.06488142907619476
v 0.033500511199235916 0.08298926800489426 0.06878631561994553
v 0.03350052237510681 0.09198793023824692 0.06863092631101608
v 0.03624552860856056 0.08303666859865189 0.071531280875206
v 0.03624553605914116 0.09203532338142395 0.07137589156627655
v 0.0399954617023468 0.08305401355028152 0.0725361779332161
v 0.0399954728782177 0.09205267578363419 0.07238078862428665
v 0.03609897196292877 0.08288567513227463 0.06278738379478455
v 0.03549594432115555 0.08292452245950699 0.06503701210021973
v 0.03609868511557579 0.08296336978673935 0.06728671491146088
v 0.03774569183588028 0.08299180865287781 0.06893368810415268
v 0.03999565541744232 0.08300221711397171 0.06953662633895874
v 0.04224569350481033 0.08299180865287781 0.06893397122621536
v 0.043745528906583786 0.08303666859865189 0.0715317577123642
v 0.043892912566661835 0.08296336978673935 0.06728720664978027
v 0.04649089276790619 0.08298926800489426 0.06878714263439178
v 0.04449594393372536 0.08292452245950699 0.06503757834434509
v 0.04749594256281853 0.08292452245950699 0.06503777205944061
v 0.043893199414014816 0.08288567513227463 0.06278787553310394
v 0.04649137333035469 0.08285977691411972 0.0612882636487484
v 0.04224618896842003 0.08285723626613617 0.06114090234041214
v 0.043746352195739746 0.08281237632036209 0.058543309569358826
v 0.039996225386857986 0.08284682780504227 0.06053796410560608
v 0.037746187299489975 0.08285723626613617 0.06114061549305916
v 0.03999621793627739 0.07484801858663559 0.06067609041929245
v 0.03774617984890938 0.07485842704772949 0.06127874180674553
v 0.036098964512348175 0.07488686591386795 0.06292551010847092
v 0.03549593314528465 0.07492571324110031 0.0651751309633255
v 0.036098677664995193 0.07496456056833267 0.06742484122514725
v 0.03774568438529968 0.07499299943447113 0.06907181441783905
v 0.039995644241571426 0.07500340789556503 0.06967475265264511
v -3.5812659007206094e-06 0.08279503136873245 0.057535868138074875
v -3.571375827959855e-06 0.09179368615150452 0.05738047510385513
v -0.0037536451127380133 0.08281237632036209 0.058540284633636475
v -0.00375363533385098 0.09181103855371475 0.05838489532470703
v -0.0064990101382136345 0.08285977691411972 0.06128489226102829
v -0.006499000359326601 0.09185843169689178 0.06112949922680855
v -0.007504058536142111 0.08292452245950699 0.06503427028656006
v -0.00750404829159379 0.09192318469285965 0.06487888097763062
v -0.006499487441033125 0.08298926800489426 0.06878377497196198
v -0.0064994776621460915 0.09198793023824692 0.06862838566303253
v -0.0037544716615229845 0.08303666859865189 0.07152873277664185
v -0.003754461882635951 0.09203532338142395 0.0713733434677124
v -4.535810148809105e-06 0.08305401355028152 0.07253362983465195
v -4.5259198486746754e-06 0.09205267578363419 0.0723782405257225
v -4.344901299191406e-06 0.08300221711397171 0.06953407824039459
v 0.0022456934675574303 0.08299180865287781 0.06893143057823181
v 0.0037455279380083084 0.08303666859865189 0.07152920961380005
v 0.0038929127622395754 0.08296336978673935 0.06728466600179672
v 0.006490893196314573 0.08298926800489426 0.06878460198640823
v 0.00449594110250473 0.08292452245950699 0.06503503769636154
v 0.007495941128581762 0.08292452245950699 0.06503522396087646
v 0.0038931991439312696 0.08288567513227463 0.06278533488512039
v 0.006491370499134064 0.08285977691411972 0.06128571927547455
v 0.002246189396828413 0.08285723626613617 0.06113835796713829
v 0.0037463547196239233 0.08281237632036209 0.058540765196084976
v -3.772174522964633e-06 0.08284682780504227 0.06053541973233223
v -3.5812659007206094e-06 0.08279503136873245 0.057535868138074875
v -0.0022538104094564915 0.08285723626613617 0.06113807111978531
v -0.0039010297041386366 0.08288567513227463 0.0627848356962204
v -0.004504058510065079 0.08292452245950699 0.06503446400165558
v -0.003901316085830331 0.08296336978673935 0.06728416681289673
v -0.002254306338727474 0.08299180865287781 0.06893114000558853
v -3.78096569875197e-06 0.07484801858663559 0.0606735423207283
v -0.0022538192570209503 0.07485842704772949 0.06127619743347168
v -0.0039010385517030954 0.07488686591386795 0.06292296200990677
v -0.004504067357629538 0.07492571324110031 0.06517259031534195
v -0.0039013249333947897 0.07496456056833267 0.0674222931265831
v -0.002254315186291933 0.07499299943447113 0.0690692663192749
v -4.353692474978743e-06 0.07500340789556503 0.06967220455408096
v -0.04000357910990715 0.08279503136873245 0.05753332003951073
v -0.04000357165932655 0.09179368615150452 0.057377930730581284
v -0.043753642588853836 0.08281237632036209 0.058537740260362625
v -0.04375363513827324 0.09181103855371475 0.05838234722614288
v -0.04649901017546654 0.08285977691411972 0.06128234416246414
v -0.04649900272488594 0.09185843169689178 0.0611269548535347
v -0.04750405624508858 0.08292452245950699 0.06503172963857651
v -0.04750404879450798 0.09192318469285965 0.06487633287906647
v -0.04649948701262474 0.08298926800489426 0.06878122687339783
v -0.046499479562044144 0.09198793023824692 0.06862583756446838
v -0.043754469603300095 0.08303666859865189 0.0715261921286583
v -0.0437544621527195 0.09203532338142395 0.07137079536914825
v -0.040004536509513855 0.08305401355028152 0.0725310891866684
v -0.04000452533364296 0.09205267578363419 0.07237569242715836
v -0.04390102997422218 0.08288567513227463 0.06278228759765625
v -0.04450405761599541 0.08292452245950699 0.06503191590309143
v -0.043901316821575165 0.08296336978673935 0.06728161871433258
v -0.04225430637598038 0.08299180865287781 0.06892859190702438
v -0.040004342794418335 0.08300221711397171 0.06953153759241104
v -0.037754304707050323 0.08299180865287781 0.06892888247966766
v -0.03625446930527687 0.08303666859865189 0.0715266689658165
v -0.03610708937048912 0.08296336978673935 0.06728211790323257
v -0.03350910544395447 0.08298926800489426 0.06878205388784409
v -0.0355040580034256 0.08292452245950699 0.0650324895977974
v -0.03250405564904213 0.08292452245950699 0.06503268331289291
v -0.03610680252313614 0.08288567513227463 0.06278278678655624
v -0.033508628606796265 0.08285977691411972 0.0612831711769104
v -0.03775380924344063 0.08285723626613617 0.06113581359386444
v -0.03625364229083061 0.08281237632036209 0.05853821709752083
v -0.04000377282500267 0.08284682780504227 0.06053287163376808
v -0.04225381091237068 0.08285723626613617 0.06113552674651146
v -0.04000378027558327 0.07484801858663559 0.06067099794745445
v -0.04225381836295128 0.07485842704772949 0.06127365306019783
v -0.04390103742480278 0.07488686591386795 0.06292041391134262
v -0.0445040687918663 0.07492571324110031 0.0651700422167778
v -0.04390132427215576 0.07496456056833267 0.06741974502801895
v -0.042254313826560974 0.07499299943447113 0.06906671822071075
v -0.04000435397028923 0.07500340789556503 0.06966965645551682
v 0.04000488296151161 0.08049869537353516 -0.07544176280498505
v 0.04000489041209221 0.08949735015630722 -0.07559715211391449
v 0.03625481575727463 0.0805160403251648 -0.07443734258413315
v 0.03625482693314552 0.08951469510793686 -0.07459273189306259
v 0.03350945562124252 0.08056344091892242 -0.07169273495674133
v 0.03350946307182312 0.08956209570169449 -0.07184812426567078
v 0.032504402101039886 0.08062818646430969 -0.06794335693120956
v 0.03250441327691078 0.08962684124708176 -0.06809874624013901
v 0.03350897505879402 0.08069293200969696 -0.06419385224580765
v 0.03350898623466492 0.08969158679246902 -0.06434924155473709
v 0.03625399246811867 0.08074032515287399 -0.06144889444112778
v 0.036253999918699265 0.08973898738622665 -0.06160428747534752
v 0.04000392556190491 0.08075767755508423 -0.060443997383117676
v 0.0400039367377758 0.08975633233785629 -0.06059939041733742
v 0.044504404067993164 0.08062818646430969 -0.06794259697198868
v 0.047504402697086334 0.08062818646430969 -0.06794240325689316
v 0.04390166327357292 0.08058933913707733 -0.07019229978322983
v 0.046499837189912796 0.08056344091892242 -0.07169190794229507
v 0.042254652827978134 0.08056090027093887 -0.07183927297592163
v 0.04375481605529785 0.0805160403251648 -0.07443686574697495
v 0.04000468924641609 0.08055049180984497 -0.07244221121072769
v 0.03775465115904808 0.08056090027093887 -0.07183955609798431
v 0.03610743582248688 0.08058933913707733 -0.07019279152154922
v 0.035504404455423355 0.08062818646430969 -0.06794316321611404
v 0.036107148975133896 0.08066703379154205 -0.0656934604048729
v 0.037754155695438385 0.08069547265768051 -0.06404648721218109
v 0.04000411927700043 0.08070588111877441 -0.06344354897737503
v 0.04225415736436844 0.08069547265768051 -0.06404620409011841
v 0.04375399276614189 0.08074032515287399 -0.061448417603969574
v 0.04390137642621994 0.08066703379154205 -0.0656929686665535
v 0.046499356627464294 0.08069293200969696 -0.06419302523136139
v 0.040004681795835495 0.0725516825914383 -0.07230408489704132
v 0.037754643708467484 0.0725620910525322 -0.07170142978429794
v 0.03610742837190628 0.07259052991867065 -0.07005466520786285
v 0.03550439700484276 0.07262937724590302 -0.06780504435300827
v 0.0361071415245533 0.07266822457313538 -0.06555533409118652
v 0.03775414824485779 0.07269666343927383 -0.06390836089849472
v 0.04000410810112953 0.07270707190036774 -0.06330542266368866
v 4.882359007751802e-06 0.08049869537353516 -0.0754443109035492
v 4.892248853138881e-06 0.08949735015630722 -0.07559970021247864
v -0.0037451814860105515 0.0805160403251648 -0.0744398906826973
v -0.003745171707123518 0.08951469510793686 -0.07459527999162674
v -0.006490546744316816 0.08056344091892242 -0.07169527560472488
v -0.0064905364997684956 0.08956209570169449 -0.07185066491365433
v -0.007495594676584005 0.08062818646430969 -0.06794590502977371
v -0.007495584897696972 0.08962684124708176 -0.06810129433870316
v -0.006491024047136307 0.08069293200969696 -0.0641963928937912
v -0.006491013802587986 0.08969158679246902 -0.06435178965330124
v -0.0037460082676261663 0.08074032515287399 -0.06145143881440163
v -0.0037459982559084892 0.08973898738622665 -0.06160683184862137
v 3.927814759663306e-06 0.08075767755508423 -0.060446545481681824
v 3.937704605050385e-06 0.08975633233785629 -0.06060193479061127
v 0.003901376388967037 0.08066703379154205 -0.06569550931453705
v 0.0064993565902113914 0.08069293200969696 -0.06419556587934494
v 0.004504404962062836 0.08062818646430969 -0.06794513761997223
v 0.007504404988139868 0.08062818646430969 -0.0679449513554573
v 0.0039016627706587315 0.08058933913707733 -0.07019484043121338
v 0.006499833893030882 0.08056344091892242 -0.07169444859027863
v 0.002254653023555875 0.08056090027093887 -0.07184182107448578
v 0.003754818346351385 0.0805160403251648 -0.07443941384553909
v 4.691450158134103e-06 0.08055049180984497 -0.07244475930929184
v -0.0022453467827290297 0.08056090027093887 -0.07184210419654846
v -0.0038925660774111748 0.08058933913707733 -0.07019533962011337
v -0.004495594650506973 0.08062818646430969 -0.06794571131467819
v -0.003892852459102869 0.08066703379154205 -0.06569600850343704
v -0.0022458427120000124 0.08069547265768051 -0.06404903531074524
v 4.118723609281005e-06 0.08070588111877441 -0.06344609707593918
v 0.002254157094284892 0.08069547265768051 -0.06404874473810196
v 0.0037539915647357702 0.08074032515287399 -0.06145096197724342
v 4.682658982346766e-06 0.0725516825914383 -0.07230663299560547
v -0.0022453556302934885 0.0725620910525322 -0.07170397788286209
v -0.0038925749249756336 0.07259052991867065 -0.070057213306427
v -0.004495603498071432 0.07262937724590302 -0.06780758500099182
v -0.003892861306667328 0.07266822457313538 -0.06555788218975067
v -0.0022458515595644712 0.07269666343927383 -0.06391090899705887
v 4.109932433493668e-06 0.07270707190036774 -0.06330797076225281
v -0.039995115250349045 0.08049869537353516 -0.07544685155153275
v -0.03999510779976845 0.08949735015630722 -0.07560224831104279
v -0.04374518245458603 0.0805160403251648 -0.07444243878126144
v -0.043745171278715134 0.08951469510793686 -0.07459782809019089
v -0.04649054631590843 0.08056344091892242 -0.07169782370328903
v -0.046490538865327835 0.08956209570169449 -0.07185321301221848
v -0.04749559238553047 0.08062818646430969 -0.06794845312833786
v -0.047495584934949875 0.08962684124708176 -0.0681038424372673
v -0.046491026878356934 0.08069293200969696 -0.06419894099235535
v -0.04649101570248604 0.08969158679246902 -0.06435433030128479
v -0.04374600574374199 0.08074032515287399 -0.061453986912965775
v -0.04374599829316139 0.08973898738622665 -0.06160937622189522
v -0.03999607264995575 0.08075767755508423 -0.06044908985495567
v -0.039996061474084854 0.08975633233785629 -0.060604482889175415
v -0.03549559414386749 0.08062818646430969 -0.06794768571853638
v -0.03249559551477432 0.08062818646430969 -0.06794749200344086
v -0.03609833866357803 0.08058933913707733 -0.07019738852977753
v -0.03350016474723816 0.08056344091892242 -0.07169699668884277
v -0.03774534538388252 0.08056090027093887 -0.07184436172246933
v -0.036245182156562805 0.0805160403251648 -0.07444195449352264
v -0.039995308965444565 0.08055049180984497 -0.07244729995727539
v -0.042245347052812576 0.08056090027093887 -0.07184465229511261
v -0.04389256611466408 0.08058933913707733 -0.07019788771867752
v -0.0444955937564373 0.08062818646430969 -0.06794825941324234
v -0.04389285296201706 0.08066703379154205 -0.06569855660200119
v -0.04224584251642227 0.08069547265768051 -0.06405158340930939
v -0.03999587893486023 0.08070588111877441 -0.06344863772392273
v -0.03774584084749222 0.08069547265768051 -0.06405129283666611
v -0.036246005445718765 0.08074032515287399 -0.06145351007580757
v -0.036098625510931015 0.08066703379154205 -0.0656980574131012
v -0.03350064530968666 0.08069293200969696 -0.06419811397790909
v -0.03999531641602516 0.0725516825914383 -0.07230917364358902
v -0.04224535450339317 0.0725620910525322 -0.07170652598142624
v -0.043892573565244675 0.07259052991867065 -0.07005976140499115
v -0.0444956049323082 0.07262937724590302 -0.06781013309955597
v -0.043892860412597656 0.07266822457313538 -0.06556043028831482
v -0.04224584996700287 0.07269666343927383 -0.06391345709562302
v -0.039995890110731125 0.07270707190036774 -0.06331051886081696
v -0.003127268748357892 0.0724366307258606 -0.021050969138741493
v -0.003127251286059618 0.08843424916267395 -0.021327219903469086
v -0.006178966257721186 0.07244928181171417 -0.020318636670708656
v -0.006178948562592268 0.08844690024852753 -0.02059488743543625
v -0.009078512899577618 0.07247001677751541 -0.01911799982190132
v -0.0090784952044487 0.08846763521432877 -0.019394250586628914
v -0.01175451185554266 0.07249832898378372 -0.01747862435877323
v -0.011754494160413742 0.08849594742059708 -0.017754875123500824
v -0.01414107158780098 0.07253352552652359 -0.015440874733030796
v -0.014141053892672062 0.08853113651275635 -0.015717126429080963
v -0.01617942936718464 0.07257472723722458 -0.013054929673671722
v -0.016179410740733147 0.08857233822345734 -0.013331180438399315
v -0.017819389700889587 0.0726209282875061 -0.01037953794002533
v -0.017819372937083244 0.08861853927373886 -0.010655789636075497
v -0.019020574167370796 0.07267098873853683 -0.0074805766344070435
v -0.019020557403564453 0.08866859972476959 -0.007756827864795923
v -0.019753403961658478 0.07272367924451828 -0.004429427441209555
v -0.019753387197852135 0.08872129023075104 -0.0047056786715984344
v -0.019999835640192032 0.07277769595384598 -0.001301220036111772
v -0.01999981887638569 0.08877530694007874 -0.0015774712665006518
v -0.019753802567720413 0.07283171266317368 0.0018270184518769383
v -0.01975378580391407 0.08882933109998703 0.0015507672214880586
v -0.01902136020362377 0.07288440316915512 0.004878261126577854
v -0.01902134343981743 0.08888202160596848 0.004602009896188974
v -0.01782054454088211 0.07293446362018585 0.0077773756347596645
v -0.017820527777075768 0.0889320820569992 0.0075011239387094975
v -0.01618092507123947 0.07298066467046738 0.010452975519001484
v -0.01618090644478798 0.08897828310728073 0.010176724754273891
v -0.014142871834337711 0.07302186638116837 0.0128391794860363
v -0.014142854139208794 0.08901948481798172 0.012562928721308708
v -0.011756571009755135 0.07305706292390823 0.01487723272293806
v -0.011756553314626217 0.08905467391014099 0.014600981958210468
v -0.009080780670046806 0.07308537513017654 0.016516949981451035
v -0.009080762974917889 0.0890829861164093 0.016240699216723442
v -0.006181386765092611 0.07310611009597778 0.017717955633997917
v -0.006181369535624981 0.08910372108221054 0.017441704869270325
v -0.0031297828536480665 0.07311876118183136 0.018450675532221794
v -0.0031297653913497925 0.08911637216806412 0.0181744247674942
v -0.05000343173742294 0.0747530609369278 0.0551711805164814
v -0.05000343546271324 0.07175350934267044 0.055222976952791214
v 0.014746569097042084 0.0747530609369278 0.0551753044128418
v 0.04999656602740288 0.07175350934267044 0.055229343473911285
v 0.049996569752693176 0.0747530609369278 0.05517754703760147
v 0.003893190296366811 0.07488686591386795 0.06292346119880676
v 0.002246180549263954 0.07485842704772949 0.06127648428082466
v 0.014746171422302723 0.07486096769571304 0.061424367129802704
v 0.014745295979082584 0.07509837299585342 0.0751723200082779
v 0.02949576824903488 0.07497057318687439 0.06777244061231613
v 0.0499952957034111 0.07509837299585342 0.07517456263303757
v 0.029496097937226295 0.07488085329532623 0.06257706135511398
v 0.030594104900956154 0.0748998150229454 0.06367504596710205
v 0.0309959314763546 0.07492571324110031 0.06517484784126282
v 0.030593913048505783 0.07495161145925522 0.06667460501194
v 0.042245686054229736 0.07499299943447113 0.06907209753990173
v 0.04389290511608124 0.07496456056833267 0.06742533296346664
v 0.04999617114663124 0.07486096769571304 0.061426613479852676
v 0.04449593275785446 0.07492571324110031 0.06517570465803146
v 0.04389319196343422 0.07488686591386795 0.06292600184679031
v 0.04224618151783943 0.07485842704772949 0.06127902865409851
v -0.037753816694021225 0.07485842704772949 0.06127393618226051
v -0.036106809973716736 0.07488686591386795 0.06292091310024261
v -0.035504069179296494 0.07492571324110031 0.06517061591148376
v -0.03610709682106972 0.07496456056833267 0.06742024421691895
v -0.03775431215763092 0.07499299943447113 0.06906700879335403
v -0.05000470578670502 0.07509837299585342 0.0751681998372078
v -0.05000383034348488 0.07486096769571304 0.061420246958732605
v -0.02500406838953495 0.07492571324110031 0.06517128646373749
v -0.025405894964933395 0.0748998150229454 0.06367147713899612
v -0.026503901928663254 0.07488085329532623 0.06257349997758865
v -0.026504231616854668 0.07497057318687439 0.0677688792347908
v -0.025406086817383766 0.07495161145925522 0.06667103618383408
v 0.0022456846199929714 0.07499299943447113 0.06906954944133759
v 0.0038929039146751165 0.07496456056833267 0.0674227848649025
v 0.004495932254940271 0.07492571324110031 0.06517316401004791
v -3.78096569875197e-06 0.07484801858663559 0.0606735423207283
v 0.049995291978120804 0.07209882140159607 0.07522635906934738
v -0.05000470578670502 0.07209882140159607 0.07521999627351761
v 0.029504230245947838 0.0726742371916771 -0.06520773470401764
v 0.03060237690806389 0.07265527546405792 -0.06630557030439377
v 0.0039013675414025784 0.07266822457313538 -0.06555739045143127
v 0.0022541482467204332 0.07269666343927383 -0.06391062587499619
v 0.043901655822992325 0.07259052991867065 -0.07005417346954346
v 0.04225464537739754 0.0725620910525322 -0.07170114666223526
v 0.05000503361225128 0.0724567174911499 -0.0778026282787323
v 0.03060256689786911 0.07260347902774811 -0.06930512934923172
v 0.031004395335912704 0.07262937724590302 -0.06780532747507095
v -0.014744967222213745 0.0724567174911499 -0.0778067484498024
v 0.002254644175991416 0.0725620910525322 -0.07170369476079941
v -0.014745842665433884 0.07269412279129028 -0.06405879557132721
v 0.04450439661741257 0.07262937724590302 -0.06780447065830231
v 0.05000415816903114 0.07269412279129028 -0.06405467540025711
v 0.04390136897563934 0.07266822457313538 -0.06555484235286713
v 0.0295045617967844 0.07258451730012894 -0.07040311396121979
v 0.0039016539230942726 0.07259052991867065 -0.0700567215681076
v 0.004504396114498377 0.07262937724590302 -0.06780701130628586
v -0.014746240340173244 0.07280202955007553 -0.057809729129076004
v 0.05000375956296921 0.07280202955007553 -0.057805608958005905
v 0.04225414991378784 0.07269666343927383 -0.06390807777643204
v -0.049995843321084976 0.07269412279129028 -0.06406103819608688
v -0.04999496787786484 0.0724567174911499 -0.07780899107456207
v -0.026495767757296562 0.0726742371916771 -0.06521129608154297
v -0.02539762295782566 0.07265527546405792 -0.0663091391324997
v -0.024995604529976845 0.07262937724590302 -0.06780888885259628
v -0.02539743110537529 0.07260347902774811 -0.06930869817733765
v -0.02649543806910515 0.07258451730012894 -0.07040667533874512
v -0.03609863296151161 0.07266822457313538 -0.06555993109941483
v -0.037745848298072815 0.07269666343927383 -0.06391316652297974
v -0.03609834611415863 0.07259052991867065 -0.07005926221609116
v -0.03549560531973839 0.07262937724590302 -0.06780955940485
v -0.03774535283446312 0.0725620910525322 -0.07170623540878296
v -0.04999624192714691 0.07280202955007553 -0.05781197175383568
v 0.05000375583767891 0.06980247795581818 -0.05775380879640579
v -0.04999624565243721 0.06980247795581818 -0.057760175317525864
v -0.049994971603155136 0.06945716589689255 -0.07775719463825226
v 0.05000502988696098 0.06945716589689255 -0.07775083184242249
v 0.04999628663063049 0.09183253347873688 0.059633322060108185
v 0.04999760538339615 0.0914742723107338 0.0388864167034626
v 0.045997604727745056 0.0914742723107338 0.03888615965843201
v -0.03350015729665756 0.08956209570169449 -0.07185238599777222
v -0.03399525210261345 0.08953619748353958 -0.07335219532251358
v -0.03624517098069191 0.08951469510793686 -0.07459735125303268
v 0.04375482723116875 0.08951469510793686 -0.07459225505590439
v 0.046004749834537506 0.08953619748353958 -0.07334710657596588
v 0.046005163341760635 0.08942396938800812 -0.07984613627195358
v 0.031746286898851395 0.09183253347873688 0.05963216349482536
v 0.04649138078093529 0.09185843169689178 0.061132870614528656
v 0.0459962859749794 0.09183253347873688 0.05963306874036789
v 0.04374636337161064 0.09181103855371475 0.058387916535139084
v -0.05000438168644905 0.09201382845640182 0.07012539356946945
v -0.05000508204102516 0.09220375120639801 0.08112375438213348
v 0.005752760451287031 0.09007575362920761 -0.0421043261885643
v -0.00344275776296854 0.0911501795053482 0.020114954560995102
v -0.00575239397585392 0.0914742723107338 0.038882866501808167
v 0.005747606046497822 0.0914742723107338 0.038883600383996964
v 0.023497605696320534 0.0914742723107338 0.0388847291469574
v 0.023502759635448456 0.09007575362920761 -0.04210319742560387
v -0.005747239571064711 0.09007575362920761 -0.0421050600707531
v -0.0034399922005832195 0.0903998464345932 -0.023336853832006454
v -0.0067995223216712475 0.09113626927137375 0.019308961927890778
v -0.009988855570554733 0.09111345559358597 0.01798785664141178
v -0.023502392694354057 0.0914742723107338 0.03888173773884773
v -0.012932224199175835 0.09108231216669083 0.016184167936444283
v -0.015557155944406986 0.09104360640048981 0.013942310586571693
v -0.017799012362957 0.09099827706813812 0.011317485012114048
v -0.019602596759796143 0.0909474566578865 0.00837432499974966
v -0.020923493430018425 0.09089238941669464 0.005185299087315798
v -0.021729178726673126 0.09083443135023117 0.001828932436183095
v -0.021999817341566086 0.0907750129699707 -0.0016121299704536796
v -0.023497238755226135 0.09007575362920761 -0.04210618883371353
v -0.021728741005063057 0.09071559458971024 -0.005053157918155193
v -0.020922627300024033 0.09065763652324677 -0.008409421890974045
v -0.015555175952613354 0.0905064195394516 -0.01716575026512146
v -0.01292995922267437 0.09046771377325058 -0.019407272338867188
v -0.009986360557377338 0.09043657034635544 -0.02121058851480484
v -0.0067968592047691345 0.09041375666856766 -0.022531287744641304
v -0.019601324573159218 0.0906025692820549 -0.01159827969968319
v -0.01779736764729023 0.09055174142122269 -0.014541210606694221
v -0.04999401047825813 0.08919951319694519 -0.09285031259059906
v -0.037744030356407166 0.08920560777187347 -0.09249669313430786
v -0.036097023636102676 0.08923404663801193 -0.09084971994161606
v -0.03399401158094406 0.08919951319694519 -0.09284929186105728
v -0.035494282841682434 0.0892728939652443 -0.08860001713037491
v -0.03609731048345566 0.08931174129247665 -0.08635038882493973
v -0.03399483859539032 0.08942396938800812 -0.07985122501850128
v -0.03774452582001686 0.08934018015861511 -0.08470363169908524
v -0.04999483749270439 0.08942396938800812 -0.07985224574804306
v -0.0339936763048172 0.08910886943340302 -0.0980985090136528
v -0.04999367520213127 0.08910886943340302 -0.09809952974319458
v -0.03550535440444946 0.09227713197469711 0.08537404239177704
v -0.03610838204622269 0.09231597930192947 0.08762366324663162
v -0.03400595858693123 0.0924411490559578 0.09487272053956985
v -0.037755101919174194 0.0922098383307457 0.08147736638784409
v -0.03400508314371109 0.09220375120639801 0.08112476766109467
v -0.036108098924160004 0.09223827719688416 0.08312433212995529
v -0.0500059574842453 0.0924411490559578 0.09487170726060867
v -0.03775560110807419 0.09234441816806793 0.08927042782306671
v 0.04449464753270149 0.09227713197469711 0.08537913113832474
v 0.04389161989092827 0.09231597930192947 0.08762875944375992
v 0.04599404335021973 0.0924411490559578 0.09487781673669815
v 0.03174491971731186 0.09220375120639801 0.08112895488739014
v 0.04224489629268646 0.0922098383307457 0.08148246258497238
v 0.045994918793439865 0.09220375120639801 0.08112986385822296
v 0.04389190301299095 0.09223827719688416 0.08312942832708359
v 0.04224439710378647 0.09234441816806793 0.08927552402019501
v 0.03174404427409172 0.0924411490559578 0.09487690776586533
v 0.03175599128007889 0.08919951319694519 -0.09284511208534241
v 0.0439026914536953 0.08931174129247665 -0.08634530007839203
v 0.04450571909546852 0.0892728939652443 -0.08859492838382721
v 0.046005990356206894 0.08919951319694519 -0.09284420311450958
v 0.04390297830104828 0.08923404663801193 -0.09084463119506836
v 0.04225596785545349 0.08920560777187347 -0.09249160438776016
v 0.042255472391843796 0.08934018015861511 -0.08469854295253754
v 0.03175516426563263 0.08942396938800812 -0.07984704524278641
v 0.046006325632333755 0.08910886943340302 -0.0980934202671051
v 0.047495950013399124 0.09192318469285965 0.06488238275051117
v 0.04999561607837677 0.09201382845640182 0.07013175636529922
v 0.046490903943777084 0.09198793023824692 0.06863175332546234
v 0.04599561542272568 0.09201382845640182 0.07013150304555893
v 0.04374553635716438 0.09203532338142395 0.07137636840343475
v 0.03174562007188797 0.09201382845640182 0.0701305940747261
v 0.0037455379497259855 0.09203532338142395 0.0713738203048706
v -0.005755082704126835 0.09220375120639801 0.08112657070159912
v -0.023503713309764862 0.09183253347873688 0.059628646820783615
v -0.023504381999373436 0.09201382845640182 0.07012707740068436
v -0.005754382815212011 0.09201382845640182 0.07012820988893509
v -0.036254461854696274 0.09203532338142395 0.07137127220630646
v -0.03400438278913498 0.09201382845640182 0.07012641429901123
v -0.03350909799337387 0.09198793023824692 0.06862666457891464
v -0.03175438195466995 0.09201382845640182 0.07012655586004257
v -0.03250404819846153 0.09192318469285965 0.06487728655338287
v -0.03175371512770653 0.09183253347873688 0.05962812155485153
v -0.03350862115621567 0.09185843169689178 0.06112778186798096
v -0.0340023972094059 0.0914742723107338 0.03888107091188431
v -0.036253634840250015 0.09181103855371475 0.058382827788591385
v -0.034003715962171555 0.09183253347873688 0.05962797626852989
v -0.050003714859485626 0.09183253347873688 0.05962695926427841
v 0.0317547507584095 0.08953619748353958 -0.0733480155467987
v 0.03175276145339012 0.09007575362920761 -0.04210267215967178
v 0.04600276052951813 0.09007575362920761 -0.04210176691412926
v 0.04649984464049339 0.08956209570169449 -0.07184729725122452
v 0.04750441387295723 0.08962684124708176 -0.0680977925658226
v 0.0500047504901886 0.08953619748353958 -0.07334685325622559
v 0.05000276118516922 0.09007575362920761 -0.04210150986909866
v 0.04649936780333519 0.08969158679246902 -0.06434841454029083
v 0.04375400021672249 0.08973898738622665 -0.06160380691289902
v 0.006499366834759712 0.08969158679246902 -0.06435096263885498
v 0.0037540015764534473 0.08973898738622665 -0.061606355011463165
v 0.007504414767026901 0.08962684124708176 -0.06810034066438675
v 0.023504748940467834 0.08953619748353958 -0.07334853708744049
v 0.006499844137579203 0.08956209570169449 -0.07184984534978867
v 0.0057547492906451225 0.08953619748353958 -0.07334966957569122
v 0.0037548281252384186 0.08951469510793686 -0.07459480315446854
v -0.00574483722448349 0.08942396938800812 -0.07984942942857742
v 0.005755162797868252 0.08942396938800812 -0.07984869927167892
v -0.023495249450206757 0.08953619748353958 -0.07335153222084045
v -0.005745250731706619 0.08953619748353958 -0.07335039973258972
v -0.03399724140763283 0.09007575362920761 -0.042106855660676956
v -0.033500634133815765 0.08969158679246902 -0.06435350328683853
v -0.03624599799513817 0.08973898738622665 -0.061608899384737015
v -0.0499972403049469 0.09007575362920761 -0.042107876390218735
v -0.04999525099992752 0.08953619748353958 -0.07335321605205536
v -0.03174525126814842 0.08953619748353958 -0.07335205376148224
v 0.04999404400587082 0.0924411490559578 0.09487807005643845
v 0.04999491944909096 0.09220375120639801 0.08113011717796326
v 0.05000632628798485 0.08910886943340302 -0.09809316694736481
v 0.050005991011857986 0.08919951319694519 -0.09284394979476929
v 0.05000516399741173 0.08942396938800812 -0.07984588295221329
v 0.03099595010280609 0.09192318469285965 0.064881332218647
v 0.030593931674957275 0.09194908291101456 0.06638108193874359
v 0.02349628508090973 0.09183253347873688 0.05963163822889328
v 0.023495616391301155 0.09201382845640182 0.07013007253408432
v 0.030594123527407646 0.09189728647470474 0.06338152289390564
v 0.029495786875486374 0.09196803718805313 0.06747892498970032
v 0.029496116563677788 0.09187832474708557 0.06228354573249817
v 0.03174760565161705 0.0914742723107338 0.03888525441288948
v 0.030602585524320602 0.08960094302892685 -0.06959865242242813
v 0.031004413962364197 0.08962684124708176 -0.06809884309768677
v 0.03060239553451538 0.08965273946523666 -0.06659909337759018
v 0.02950424887239933 0.08967170119285583 -0.06550125032663345
v 0.029504580423235893 0.08958198875188828 -0.0706966295838356
v 0.023494916036725044 0.09220375120639801 0.08112843334674835
v 0.0057456172071397305 0.09201382845640182 0.07012894004583359
v 0.005744917318224907 0.09220375120639801 0.08112730085849762
v 0.005746285431087017 0.09183253347873688 0.05963050574064255
v 0.023505162447690964 0.08942396938800812 -0.07984756678342819
v 0.001994867343455553 0.09221731871366501 0.08191283792257309
v 0.003458875697106123 0.09224259853363037 0.08337681740522385
v 0.0039946469478309155 0.09227713197469711 0.0853765532374382
v 0.0034586212132126093 0.09231165796518326 0.08737622201442719
v 0.0019944263622164726 0.09233693778514862 0.08884001523256302
v 0.005744042340666056 0.0924411490559578 0.09487525373697281
v -0.005755957681685686 0.0924411490559578 0.09487452358007431
v 0.023494040593504906 0.0924411490559578 0.09487638622522354
v 0.006490902975201607 0.09198793023824692 0.0686292052268982
v 0.007495951373130083 0.09192318469285965 0.06487983465194702
v 0.006491380278021097 0.09185843169689178 0.061130326241254807
v 0.0037463644985109568 0.09181103855371475 0.058385372161865234
v -3.571375827959855e-06 0.09179368615150452 0.05738047510385513
v -0.005753714591264725 0.09183253347873688 0.05962977558374405
v 0.00575598981231451 0.08919951319694519 -0.09284676611423492
v 0.00346994842402637 0.08923836797475815 -0.0905972421169281
v 0.004005719907581806 0.0892728939652443 -0.08859750628471375
v 0.0034696937073022127 0.08930742740631104 -0.08659783750772476
v 0.0020054990891367197 0.0893327072262764 -0.08513404428958893
v 0.023505989462137222 0.08919951319694519 -0.09284563362598419
v -0.0057440102100372314 0.08919951319694519 -0.09284749627113342
v 0.0020059400703758 0.08921308815479279 -0.09206121414899826
v -0.026504212990403175 0.09196803718805313 0.06747536361217499
v -0.02650388330221176 0.09187832474708557 0.06227998062968254
v -0.025405876338481903 0.09189728647470474 0.06337796151638031
v -0.025004049763083458 0.09192318469285965 0.06487776339054108
v -0.025406068190932274 0.09194908291101456 0.06637752056121826
v -0.0317472405731678 0.09007575362920761 -0.042106714099645615
v -0.03175239637494087 0.0914742723107338 0.03888121247291565
v -0.025397412478923798 0.08960094302892685 -0.06960221379995346
v -0.024995585903525352 0.08962684124708176 -0.0681024119257927
v -0.02539760433137417 0.08965273946523666 -0.06660265475511551
v -0.02649574913084507 0.08967170119285583 -0.06550481170415878
v -0.03249558433890343 0.08962684124708176 -0.0681028887629509
v -0.026495419442653656 0.08958198875188828 -0.07070019096136093
v -0.0317559577524662 0.0924411490559578 0.0948728695511818
v -0.03175508230924606 0.09220375120639801 0.0811249166727066
v -0.023505957797169685 0.0924411490559578 0.09487339109182358
v -0.023505082353949547 0.09220375120639801 0.08112543821334839
v -0.03174483776092529 0.08942396938800812 -0.07985108345746994
v -0.023494835942983627 0.08942396938800812 -0.07985056191682816
v -0.031744010746479034 0.08919951319694519 -0.09284915030002594
v -0.02349400892853737 0.08919951319694519 -0.09284862875938416
v 0.03175632655620575 0.08910886943340302 -0.09809432923793793
v 0.023506322875618935 0.08910886943340302 -0.09809485077857971
v 0.005756324157118797 0.08910886943340302 -0.09809598326683044
v -0.0057436758652329445 0.08910886943340302 -0.09809671342372894
v -0.023493675515055656 0.08910886943340302 -0.09809784591197968
v -0.03174367547035217 0.08910886943340302 -0.09809836745262146
v -0.05000239610671997 0.0914742723107338 0.03888005018234253
v 0.04999402165412903 0.0724441334605217 0.09522338211536407
v -0.05000597983598709 0.0724441334605217 0.0952170193195343
v -0.04999369755387306 0.06911185383796692 -0.09775421768426895
v 0.05000630393624306 0.06911185383796692 -0.09774784743785858
v 0.042255450040102005 0.06934316456317902 -0.08435323089361191
v 0.043902669101953506 0.06931472569704056 -0.0859999880194664
v 0.04450569674372673 0.0692758783698082 -0.08824960887432098
v 0.004005697555840015 0.0692758783698082 -0.08825218677520752
v 0.003469926305115223 0.06924134492874146 -0.09025193005800247
v 0.04390295594930649 0.06923703104257584 -0.09049931913614273
v 0.0422559455037117 0.06920859217643738 -0.09214629232883453
v -0.03609704598784447 0.06923703104257584 -0.09050440788269043
v -0.037744052708148956 0.06920859217643738 -0.09215138107538223
v 0.0020054772030562162 0.0693356841802597 -0.0847887322306633
v 0.0034696718212217093 0.06931041181087494 -0.08625252544879913
v 0.0020059181842952967 0.06921606510877609 -0.09171590209007263
v -0.03774454817175865 0.06934316456317902 -0.0843583196401596
v -0.03609733283519745 0.06931472569704056 -0.0860050767660141
v -0.035494305193424225 0.0692758783698082 -0.08825470507144928
v -0.0034400143194943666 0.07040282338857651 -0.022991539910435677
v -0.006796881090849638 0.07041674107313156 -0.022185973823070526
v -0.00998638290911913 0.07043954730033875 -0.020865272730588913
v -0.01292998157441616 0.07047069072723389 -0.01906195841729641
v -0.015555198304355145 0.0705094039440155 -0.016820436343550682
v -0.01779738999903202 0.07055472582578659 -0.014195895753800869
v -0.01960134692490101 0.07060554623603821 -0.011252965778112411
v -0.021729201078414917 0.07083741575479507 0.0021742465905845165
v -0.020923515781760216 0.07089537382125854 0.005530613008886576
v -0.019602619111537933 0.07095044106245041 0.008719638921320438
v -0.01779903471469879 0.07100126147270203 0.011662798933684826
v -0.020922649651765823 0.07066061347723007 -0.008064107969403267
v -0.021728763356804848 0.07071857154369354 -0.0047078439965844154
v -0.021999837830662727 0.0707779973745346 -0.0012668159324675798
v -0.015557178296148777 0.07104658335447311 0.014287624508142471
v -0.012932246550917625 0.07108529657125473 0.01652948185801506
v -0.00998887699097395 0.07111643999814987 0.01833317056298256
v -0.006799544207751751 0.07113924622535706 0.019654275849461555
v -0.0034427798818796873 0.07115316390991211 0.02046027034521103
v -1.238811137227458e-06 0.07115784287452698 0.020731303840875626
v 0.042244378477334976 0.07234739512205124 0.08962083607912064
v -0.03610840439796448 0.07231895625591278 0.08796898275613785
v -0.036108117550611496 0.07224126160144806 0.08346965163946152
v -0.037755124270915985 0.0722128227353096 0.08182268589735031
v 0.04389159753918648 0.07231895625591278 0.08797407150268555
v 0.0444946251809597 0.07228010892868042 0.08572444319725037
v 0.003994625061750412 0.07228010892868042 0.08572186529636383
v 0.003458853578194976 0.07224557548761368 0.08372213691473007
v 0.04389188438653946 0.07224126160144806 0.08347474038600922
v 0.04224487394094467 0.0722128227353096 0.08182777464389801
v 0.001994404476135969 0.07233992218971252 0.08918532729148865
v 0.003458599094301462 0.07231464236974716 0.08772154152393341
v 0.0019948454573750496 0.07222030311822891 0.08225815743207932
v -0.03775561973452568 0.07234739512205124 0.08961574733257294
v -0.035505376756191254 0.07228010892868042 0.08571935445070267
v -0.0032836422324180603 0.07068778574466705 -0.022008614614605904
v -0.0031691696494817734 0.0714322105050087 -0.02129831723868847
v -0.006261751521378756 0.071445032954216 -0.020556172356009483
v -0.009200145490467548 0.07146604359149933 -0.01933945156633854
v -0.011911995708942413 0.07149473577737808 -0.01767810992896557
v -0.014330529607832432 0.07153040170669556 -0.015613061375916004
v -0.01639619469642639 0.07157215476036072 -0.013195150531828403
v -0.01805812679231167 0.07161897420883179 -0.01048391591757536
v -0.019275404512882233 0.07166970521211624 -0.007546115200966597
v -0.02001805417239666 0.0717231035232544 -0.0044540888629853725
v -0.02026778645813465 0.0717778429389 -0.0012839713599532843
v -0.020018456503748894 0.07183258980512619 0.0018861775752156973
v -0.019276201725006104 0.07188598066568375 0.0049782986752688885
v -0.018059298396110535 0.0719367116689682 0.007916253991425037
v -0.016397710889577866 0.07198353111743927 0.010627700947225094
v -0.014332354068756104 0.07202529162168503 0.013045874424278736
v -0.011914082802832127 0.0720609501004219 0.015111231245100498
v -0.0092024439945817 0.07208964228630066 0.016772916540503502
v -0.00626420509070158 0.07211066037416458 0.01799001172184944
v -0.003171717282384634 0.07212347537279129 0.018732549622654915
v -0.0064879246056079865 0.07070107012987137 -0.021239664405584335
v -0.009532447904348373 0.07072284072637558 -0.019978996366262436
v -0.012342248111963272 0.0707525685429573 -0.01825765334069729
v -0.014848136343061924 0.07078952342271805 -0.016118016093969345
v -0.01698841154575348 0.07083278149366379 -0.013612774200737476
v -0.018710369244217873 0.07088129222393036 -0.01080361194908619
v -0.019971612840890884 0.07093385607004166 -0.007759702857583761
v -0.020741084590554237 0.07098918408155441 -0.004555996041744947
v -0.020999837666749954 0.0710459053516388 -0.001271378598175943
v -0.020741503685712814 0.07110261917114258 0.0020132719073444605
v -0.019972437992691994 0.07115794718265533 0.005217076279222965
v -0.018711581826210022 0.07121051102876663 0.008261146023869514
v -0.01698998175561428 0.0712590217590332 0.011070527136325836
v -0.014850025996565819 0.07130228728055954 0.013576041907072067
v -0.012344409711658955 0.07133923470973969 0.01571599766612053
v -0.009534829296171665 0.07136896252632141 0.01743769831955433
v -0.006490466650575399 0.07139073312282562 0.01869875378906727
v -0.003286282066255808 0.07140401750802994 0.019468111917376518
v -1.1748803672162467e-06 0.0714084804058075 0.01972682774066925
v -0.003169149858877063 0.08942952752113342 -0.021609099581837654
v -0.003283621044829488 0.09014898538589478 -0.02234467677772045
v -0.00648790318518877 0.09016226977109909 -0.021575726568698883
v -0.009532426483929157 0.0901840403676033 -0.020315058529376984
v -0.012342226691544056 0.09021376818418503 -0.018593713641166687
v -0.014848114922642708 0.09025072306394577 -0.016454078257083893
v -0.016988389194011688 0.09029398113489151 -0.01394883543252945
v -0.018710346892476082 0.09034249186515808 -0.011139673180878162
v -0.019971590489149094 0.09039506316184998 -0.008095764555037022
v -0.020741064101457596 0.09045038372278214 -0.004892057739198208
v -0.020999817177653313 0.09050710499286652 -0.0016074400627985597
v -0.020741481333971024 0.0905638262629509 0.0016772104427218437
v -0.019972417503595352 0.09061914682388306 0.004881015047430992
v -0.01871156133711338 0.09067171066999435 0.007925084792077541
v -0.01698996126651764 0.09072022140026093 0.010734465904533863
v -0.014850004576146603 0.09076348692178726 0.013239980675280094
v -0.012344388291239738 0.09080043435096741 0.015379936434328556
v -0.009534807875752449 0.09083016216754913 0.01710163801908493
v -0.006490445230156183 0.09085194021463394 0.01836269348859787
v -0.0032862608786672354 0.09086521714925766 0.01913205161690712
v -1.2168333114459529e-06 0.09115485846996307 0.020385989919304848
v -1.1534915529409773e-06 0.09086968004703522 0.019390765577554703
v -0.006261731963604689 0.08944234997034073 -0.02086695469915867
v -0.009200125932693481 0.08946336060762405 -0.019650233909487724
v -0.011911976151168346 0.08949205279350281 -0.017988892272114754
v -0.014330510050058365 0.08952771872282028 -0.015923844650387764
v -0.01639617420732975 0.08956947177648544 -0.013505933806300163
v -0.018058108165860176 0.08961629122495651 -0.010794698260724545
v -0.01927538402378559 0.08966702222824097 -0.007856898009777069
v -0.02001803368330002 0.08972042053937912 -0.004764871206134558
v -0.02026776596903801 0.08977515995502472 -0.001594754052348435
v -0.0200184378772974 0.08982990682125092 0.0015753948828205466
v -0.019276181235909462 0.08988329768180847 0.004667515866458416
v -0.018059279769659042 0.08993402868509293 0.007605471648275852
v -0.016397690400481224 0.089980848133564 0.010316918604075909
v -0.014332334510982037 0.09002260863780975 0.012735092081129551
v -0.01191406324505806 0.09005826711654663 0.014800447970628738
v -0.009202423505485058 0.09008695930242538 0.016462134197354317
v -0.006264185067266226 0.0901079773902893 0.017679229378700256
v -0.0031716974917799234 0.09012079238891602 0.01842176727950573
v -0.05099442973732948 -0.04120592772960663 -0.08624785393476486
v -0.050994135439395905 -0.041285350918769836 -0.09084716439247131
v -0.05153032764792442 -0.0432056188583374 -0.08621335029602051
v -0.05153003707528114 -0.04328504204750061 -0.09081266075372696
v -0.05299443379044533 -0.04466951638460159 -0.0861881673336029
v -0.05299413949251175 -0.0447489358484745 -0.09078747779130936
v -0.054994434118270874 -0.04520532488822937 -0.08617904037237167
v -0.054994139820337296 -0.04528474807739258 -0.09077835083007812
v -0.05699443444609642 -0.04466951638460159 -0.0861884206533432
v -0.05699414014816284 -0.0447489358484745 -0.09078773111104965
v -0.05845853313803673 -0.0432056188583374 -0.08621379733085632
v -0.05845824256539345 -0.04328504204750061 -0.09081310778856277
v -0.05899443104863167 -0.04120592772960663 -0.08624836057424545
v -0.05899413675069809 -0.041285350918769836 -0.0908476710319519
v -0.0572444312274456 -0.04120592772960663 -0.0862482488155365
v -0.05694298818707466 -0.04008108749985695 -0.08626765012741089
v -0.05845852941274643 -0.03920622169971466 -0.08628285676240921
v -0.05611942708492279 -0.039257653057575226 -0.08628182113170624
v -0.05699442699551582 -0.03774234279990196 -0.08630803972482681
v -0.05499442666769028 -0.03895626217126846 -0.08628695458173752
v -0.05499442666769028 -0.03720651566982269 -0.08631716668605804
v -0.053869426250457764 -0.039257653057575226 -0.0862816795706749
v -0.05299442633986473 -0.03774234279990196 -0.08630778640508652
v -0.05304587259888649 -0.04008108749985695 -0.08626740425825119
v -0.051530323922634125 -0.03920622169971466 -0.08628241717815399
v -0.05274442955851555 -0.04120592772960663 -0.08624796569347382
v -0.05304587259888649 -0.042330753058195114 -0.08622855693101883
v -0.05386942997574806 -0.04315418750047684 -0.08621439337730408
v -0.054994434118270874 -0.043455593287944794 -0.0862092599272728
v -0.05611943081021309 -0.04315418750047684 -0.08621453493833542
v -0.05694298818707466 -0.042330753058195114 -0.08622880280017853
v -0.052745092660188675 -0.041026365011930466 -0.0758495107293129
v -0.053046535700559616 -0.04215119034051895 -0.07583010196685791
v -0.05387009307742119 -0.042974624782800674 -0.07581593841314316
v -0.0549950934946537 -0.04327603057026863 -0.07581080496311188
v -0.056120093911886215 -0.042974624782800674 -0.0758160799741745
v -0.05694365128874779 -0.04215119034051895 -0.07583034783601761
v -0.05724509432911873 -0.041026365011930466 -0.07584979385137558
v -0.022494353353977203 0.029783494770526886 -0.08747190237045288
v -0.022494060918688774 0.029704071581363678 -0.09207121282815933
v -0.023030253127217293 0.027783792465925217 -0.08743740618228912
v -0.023029960691928864 0.02770436927676201 -0.09203671663999557
v -0.0244943555444479 0.026319904252886772 -0.08741221576929092
v -0.02449406310915947 0.026240481063723564 -0.09201152622699738
v -0.026494355872273445 0.02578408643603325 -0.08740309625864029
v -0.026494063436985016 0.02570466324687004 -0.09200240671634674
v -0.02849435620009899 0.026319904252886772 -0.08741247653961182
v -0.028494063764810562 0.026240481063723564 -0.09201178699731827
v -0.029958456754684448 0.027783792465925217 -0.08743784576654434
v -0.02995816431939602 0.02770436927676201 -0.0920371562242508
v -0.03049435280263424 0.029783494770526886 -0.08747240900993347
v -0.03049406036734581 0.029704071581363678 -0.09207171946763992
v -0.028744352981448174 0.029783494770526886 -0.08747229725122452
v -0.028442908078432083 0.03090832382440567 -0.0874917060136795
v -0.02995845302939415 0.031783197075128555 -0.08750690519809723
v -0.02761935070157051 0.03173175826668739 -0.08750586956739426
v -0.028494348749518394 0.033247075974941254 -0.08753209561109543
v -0.026494350284337997 0.03203315660357475 -0.08751100301742554
v -0.0264943465590477 0.033782895654439926 -0.08754122257232666
v -0.025369349867105484 0.03173175826668739 -0.08750572800636292
v -0.024494348093867302 0.033247075974941254 -0.08753184229135513
v -0.02454579435288906 0.03090832382440567 -0.08749145269393921
v -0.023030249401926994 0.031783197075128555 -0.08750646561384201
v -0.02424435317516327 0.029783494770526886 -0.08747201412916183
v -0.02454579807817936 0.028658661991357803 -0.08745260536670685
v -0.025369353592395782 0.02783522568643093 -0.0874384418129921
v -0.026494354009628296 0.02753382921218872 -0.08743330836296082
v -0.02761935442686081 0.02783522568643093 -0.08743858337402344
v -0.02844291180372238 0.028658661991357803 -0.08745285868644714
v -0.024245014414191246 0.02996305748820305 -0.07707355916500092
v -0.024546459317207336 0.028838224709033966 -0.07705415785312653
v -0.02537001483142376 0.028014790266752243 -0.07703998684883118
v -0.026495015248656273 0.027713391929864883 -0.0770348533987999
v -0.027620015665888786 0.028014790266752243 -0.07704012840986252
v -0.02844357304275036 0.028838224709033966 -0.07705440372228622
v -0.02874501422047615 0.02996305748820305 -0.0770738422870636
v 0.004005509428679943 -0.09619772434234619 -0.08529473841190338
v 0.00400580232962966 -0.0962771475315094 -0.08989404886960983
v 0.003469608724117279 -0.09819743037223816 -0.08526024222373962
v 0.003469901392236352 -0.09827685356140137 -0.08985955268144608
v 0.002005505608394742 -0.09966130554676056 -0.08523505181074142
v 0.002005798276513815 -0.09974072873592377 -0.08983436226844788
v 5.50491768080974e-06 -0.10019713640213013 -0.08522592484951019
v 5.7976440075435676e-06 -0.10027655959129333 -0.08982523530721664
v -0.001994494581595063 -0.09966130554676056 -0.08523530513048172
v -0.0019942019134759903 -0.09974072873592377 -0.08983461558818817
v -0.003458594437688589 -0.09819743037223816 -0.08526068180799484
v -0.003458301769569516 -0.09827685356140137 -0.0898599922657013
v -0.003994490951299667 -0.09619772434234619 -0.08529524505138397
v -0.003994198050349951 -0.0962771475315094 -0.08989455550909042
v -0.0022444906644523144 -0.09619772434234619 -0.08529513329267502
v -0.0019430466927587986 -0.09507289528846741 -0.08531454205513
v -0.0034585900139063597 -0.09419801831245422 -0.08532974123954773
v -0.0011194885009899735 -0.09424946457147598 -0.08532870560884476
v -0.0019944868981838226 -0.09273413568735123 -0.08535493165254593
v 5.511785730050178e-06 -0.09394805878400803 -0.08533383905887604
v 5.513708856597077e-06 -0.09219832718372345 -0.08536405116319656
v 0.0011305114021524787 -0.09424946457147598 -0.08532856404781342
v 0.0020055132918059826 -0.09273413568735123 -0.08535467088222504
v 0.0019540677312761545 -0.09507289528846741 -0.08531428873538971
v 0.0034696131478995085 -0.09419801831245422 -0.08532930165529251
v 0.00225550914183259 -0.09619772434234619 -0.08529485017061234
v 0.0019540651701390743 -0.09732256084680557 -0.08527544140815735
v 0.001130507094785571 -0.0981459990143776 -0.0852612778544426
v 5.506840807356639e-06 -0.09844738990068436 -0.08525614440441132
v -0.0011194928083568811 -0.0981459990143776 -0.08526141941547394
v -0.001943049137480557 -0.09732256084680557 -0.08527569472789764
v 0.002254847437143326 -0.09601815789937973 -0.07489639520645142
v 0.00195340346544981 -0.09714300185441971 -0.07487698644399643
v 0.001129845273680985 -0.09796643257141113 -0.07486282289028168
v 4.845022886001971e-06 -0.0982678234577179 -0.0748576894402504
v -0.0011201546294614673 -0.09796643257141113 -0.07486296445131302
v -0.001943710958585143 -0.09714300185441971 -0.07487723976373672
v -0.0022451523691415787 -0.09601815789937973 -0.0748966783285141
v 0.030505647882819176 0.029783494770526886 -0.08746852725744247
v 0.030505940318107605 0.029704071581363678 -0.09206783771514893
v 0.029969748109579086 0.027783792465925217 -0.08743403106927872
v 0.029970040544867516 0.02770436927676201 -0.09203334152698517
v 0.02850564382970333 0.026319904252886772 -0.08740884810686111
v 0.02850593626499176 0.026240481063723564 -0.09200815856456757
v 0.026505643501877785 0.02578408643603325 -0.08739972114562988
v 0.026505935937166214 0.02570466324687004 -0.09199903160333633
v 0.02450564317405224 0.026319904252886772 -0.08740910142660141
v 0.024505935609340668 0.026240481063723564 -0.09200841188430786
v 0.02304154448211193 0.027783792465925217 -0.08743447065353394
v 0.02304183691740036 0.02770436927676201 -0.09203378111124039
v 0.02250564843416214 0.029783494770526886 -0.08746904134750366
v 0.02250594086945057 0.029704071581363678 -0.09206835180521011
v 0.024255648255348206 0.029783494770526886 -0.08746892958879471
v 0.024557093158364296 0.03090832382440567 -0.0874883309006691
v 0.02304154820740223 0.031783197075128555 -0.08750353753566742
v 0.02538064867258072 0.03173175826668739 -0.08750249445438385
v 0.024505650624632835 0.033247075974941254 -0.08752872049808502
v 0.026505649089813232 0.03203315660357475 -0.08750762790441513
v 0.02650565095245838 0.033782895654439926 -0.08753784745931625
v 0.027630649507045746 0.03173175826668739 -0.08750235289335251
v 0.028505651280283928 0.033247075974941254 -0.08752846717834473
v 0.028454206883907318 0.03090832382440567 -0.0874880850315094
v 0.029969751834869385 0.031783197075128555 -0.0875030979514122
v 0.02875564806163311 0.029783494770526886 -0.08746863901615143
v 0.02845420315861702 0.028658661991357803 -0.08744923770427704
v 0.027630645781755447 0.02783522568643093 -0.08743506669998169
v 0.026505645364522934 0.02753382921218872 -0.08742993324995041
v 0.02538064494729042 0.02783522568643093 -0.08743520826101303
v 0.024557089433073997 0.028658661991357803 -0.08744948357343674
v 0.028754986822605133 0.02996305748820305 -0.07707018405199051
v 0.028453541919589043 0.028838224709033966 -0.07705078274011612
v 0.02762998454272747 0.028014790266752243 -0.07703661173582077
v 0.026504982262849808 0.027713391929864883 -0.07703147828578949
v 0.025379983708262444 0.028014790266752243 -0.07703676074743271
v 0.02455642819404602 0.028838224709033966 -0.07705102860927582
v 0.02425498701632023 0.02996305748820305 -0.07707047462463379
v 0.05900556966662407 -0.04120592772960663 -0.08624085038900375
v 0.05900586396455765 -0.041285350918769836 -0.0908401608467102
v 0.05846966803073883 -0.0432056188583374 -0.08620635420084
v 0.05846996232867241 -0.04328504204750061 -0.09080566465854645
v 0.057005565613508224 -0.04466951638460159 -0.0861811637878418
v 0.0570058599114418 -0.0447489358484745 -0.09078047424554825
v 0.05500556528568268 -0.04520532488822937 -0.08617204427719116
v 0.05500585585832596 -0.04528474807739258 -0.09077135473489761
v 0.05300556495785713 -0.04466951638460159 -0.08618142455816269
v 0.05300585925579071 -0.0447489358484745 -0.09078073501586914
v 0.051541466265916824 -0.0432056188583374 -0.08620679378509521
v 0.051541756838560104 -0.04328504204750061 -0.09080610424280167
v 0.051005568355321884 -0.04120592772960663 -0.08624135702848434
v 0.05100586265325546 -0.041285350918769836 -0.0908406674861908
v 0.05275556817650795 -0.04120592772960663 -0.08624124526977539
v 0.05305701121687889 -0.04008108749985695 -0.08626065403223038
v 0.05154146999120712 -0.03920622169971466 -0.0862758532166481
v 0.05388057231903076 -0.039257653057575226 -0.08627481758594513
v 0.05300557240843773 -0.03774234279990196 -0.0863010436296463
v 0.055005572736263275 -0.03895626217126846 -0.08627995103597641
v 0.055005572736263275 -0.03720651566982269 -0.08631017059087753
v 0.05613057315349579 -0.039257653057575226 -0.08627467602491379
v 0.05700557306408882 -0.03774234279990196 -0.086300790309906
v 0.05695412680506706 -0.04008108749985695 -0.08626040071249008
v 0.05846967548131943 -0.03920622169971466 -0.08627541363239288
v 0.057255569845438004 -0.04120592772960663 -0.08624096214771271
v 0.05695412680506706 -0.042330753058195114 -0.08622155338525772
v 0.05613056942820549 -0.04315418750047684 -0.08620738983154297
v 0.05500556528568268 -0.043455593287944794 -0.08620225638151169
v 0.05388056859374046 -0.04315418750047684 -0.08620753139257431
v 0.05305701121687889 -0.042330753058195114 -0.08622180670499802
v 0.05725490674376488 -0.041026365011930466 -0.07584250718355179
v 0.056953463703393936 -0.04215119034051895 -0.0758230984210968
v 0.056129906326532364 -0.042974624782800674 -0.07580893486738205
v 0.05500490590929985 -0.04327603057026863 -0.07580380141735077
v 0.05387990549206734 -0.042974624782800674 -0.07580907642841339
v 0.053056348115205765 -0.04215119034051895 -0.0758233517408371
v 0.052754905074834824 -0.041026365011930466 -0.07584279030561447
v 0.0150057477876544 0.02875601500272751 -0.08905200660228729
v 0.015005660243332386 -0.05123205482959747 -0.08767075091600418
v 0.01691914163529873 0.028762586414813995 -0.08867133408784866
v 0.016919054090976715 -0.051225483417510986 -0.08729007840156555
v 0.0175057053565979 0.028767582029104233 -0.08838207274675369
v 0.017505617812275887 -0.05122048780322075 -0.08700081706047058
v 0.018541188910603523 0.02878130041062832 -0.08758753538131714
v 0.01854110136628151 -0.051206767559051514 -0.08620627969503403
v 0.01933571696281433 0.028799179941415787 -0.08655210584402084
v 0.019335629418492317 -0.051188889890909195 -0.08517085015773773
v 0.019624950364232063 0.028809307143092155 -0.085965596139431
v 0.01962486281991005 -0.05117876082658768 -0.08458433300256729
v 0.020005429163575172 0.028842344880104065 -0.0840524360537529
v 0.02000534161925316 -0.05114572495222092 -0.08267117291688919
v 0.019196223467588425 0.03288780152797699 -0.08603604882955551
v -0.01901569403707981 0.035021767020225525 -0.08416162431240082
v -0.019557517021894455 0.03299995884299278 -0.08412674814462662
v -0.019185110926628113 0.03288780152797699 -0.0860384926199913
v 0.018136147409677505 0.03263447806239128 -0.08765409886837006
v 0.0015736918430775404 0.0436716191470623 -0.0893104299902916
v 0.004641018807888031 0.04301973804831505 -0.08929897844791412
v 0.00523227546364069 0.044845808297395706 -0.08894981443881989
v -0.013697425834834576 0.0348561555147171 -0.08915917575359344
v -0.012129496783018112 0.03757147863507271 -0.08920596539974213
v -0.0136775067076087 0.03870256245136261 -0.08884493261575699
v -0.014666462317109108 0.03187422454357147 -0.08910774439573288
v -0.015445442870259285 0.03564086928963661 -0.08879217505455017
v -0.016538091003894806 0.03227856382727623 -0.08873417973518372
v -0.014994251541793346 0.02875601500272751 -0.0890539139509201
v -0.016907693818211555 0.028762586414813995 -0.08867348730564117
v -0.0015621620696038008 0.0436716191470623 -0.08931063115596771
v -0.0017621907172724605 0.045580845326185226 -0.08896294981241226
v -0.004629490897059441 0.04301973804831505 -0.08929956704378128
v -0.005220791324973106 0.044845808297395706 -0.08895047754049301
v -0.007494237273931503 0.04174445942044258 -0.0892777293920517
v -0.008450968191027641 0.043407853692770004 -0.08892585337162018
v -0.010031198151409626 0.039901528507471085 -0.08924606442451477
v -0.0113115468993783 0.04132983088493347 -0.08889015018939972
v 0.014677966013550758 0.03187422454357147 -0.08910587430000305
v 0.016549546271562576 0.03227856382727623 -0.08873207867145538
v 0.013708936981856823 0.0348561555147171 -0.08915743231773376
v 0.015456906519830227 0.03564086928963661 -0.08879020810127258
v 0.012141013517975807 0.03757147863507271 -0.08920441567897797
v 0.013688976876437664 0.03870256245136261 -0.08884318917989731
v 0.010042720474302769 0.039901528507471085 -0.0892447903752327
v 0.011323022656142712 0.04132983088493347 -0.08888871222734451
v 0.00750576239079237 0.04174445942044258 -0.08927677571773529
v 0.008462449535727501 0.043407853692770004 -0.08892477303743362
v -0.01749429479241371 0.028767582029104233 -0.08838430047035217
v -0.018124829977750778 0.03263447806239128 -0.0876564085483551
v -0.018529878929257393 0.02878130041062832 -0.08758989721536636
v -0.0019318152917549014 0.047212548553943634 -0.08790711313486099
v -0.005722120404243469 0.04640701413154602 -0.08789344877004623
v -0.009262094274163246 0.04483115300536156 -0.08786646276712418
v -0.012397021986544132 0.04255383461713791 -0.08782733231782913
v 0.016938718035817146 0.03631925955414772 -0.08771780878305435
v 0.015001229010522366 0.03967459127306938 -0.08777587115764618
v 0.0124083636328578 0.04255383461713791 -0.08782575279474258
v 0.009273439645767212 0.04483115300536156 -0.08786527812480927
v -0.0020452120807021856 0.048318322747945786 -0.08630385994911194
v -0.006057154852896929 0.04746568202972412 -0.08628939092159271
v -0.009804127737879753 0.0457976758480072 -0.0862608253955841
v -0.013122371397912502 0.043387189507484436 -0.0862194150686264
v 0.017928771674633026 0.03678804636001587 -0.08610347658395767
v 0.015877991914749146 0.04033958166837692 -0.0861649364233017
v 0.013133508153259754 0.043387189507484436 -0.0862177386879921
v 0.009815270081162453 0.0457976758480072 -0.08625957369804382
v -0.019324537366628647 0.028799179941415787 -0.08655457198619843
v -0.01961384527385235 0.028809307143092155 -0.08596809208393097
v -0.019994569942355156 0.028842344880104065 -0.08405497670173645
v -0.016927389428019524 0.03631925955414772 -0.08771996200084686
v -0.017917651683092117 0.03678804636001587 -0.08610576391220093
v -0.01826547086238861 0.03697586432099342 -0.0841953232884407
v -0.014989894814789295 0.03967459127306938 -0.08777777850627899
v -0.01586686074733734 0.04033958166837692 -0.08616696298122406
v -0.01617489755153656 0.04059629514813423 -0.08425770699977875
v -0.013377165421843529 0.043703027069568634 -0.08431117236614227
v 0.0020960215479135513 0.04872981831431389 -0.08439699560403824
v 0.0020563590805977583 0.048318322747945786 -0.08630359917879105
v 0.0019431664841249585 0.047212548553943634 -0.0879068672657013
v 0.0017736762529239058 0.045580845326185226 -0.08896272629499435
v 5.452288405649597e-06 0.04883936792612076 -0.0843990221619606
v -0.002085117157548666 0.04872981831431389 -0.08439726382493973
v -0.006174888927489519 0.04786064103245735 -0.08438251167535782
v -0.009994550608098507 0.046160273253917694 -0.08435339480638504
v -0.011750256642699242 0.045020271092653275 -0.08433382213115692
v 0.0057334695011377335 0.04640701413154602 -0.08789271861314774
v 0.006068299990147352 0.04746568202972412 -0.08628861606121063
v 0.006185790989547968 0.04786064103245735 -0.08438172191381454
v 0.010005448944866657 0.046160273253917694 -0.08435212075710297
v 0.019568387418985367 0.03299995884299278 -0.08412425220012665
v 0.01902656815946102 0.035021767020225525 -0.08415920287370682
v 0.01827634871006012 0.03697586432099342 -0.08419299125671387
v 0.016185782849788666 0.04059629514813423 -0.0842556431889534
v 0.013388058170676231 0.043703027069568634 -0.08430947363376617
v 0.011761153116822243 0.045020271092653275 -0.08433232456445694
v -0.019185207784175873 -0.05525725707411766 -0.08451637625694275
v -0.019613932818174362 -0.05117876082658768 -0.08458683639764786
v -0.01999465748667717 -0.05114572495222092 -0.08267372101545334
v 0.011761029250919819 -0.06732364743947983 -0.08239233493804932
v 0.013387938030064106 -0.06600640714168549 -0.08241497725248337
v 0.013133388012647629 -0.06575664132833481 -0.08433301746845245
v -0.015445546247065067 -0.0581037700176239 -0.08717336505651474
v -0.016538185998797417 -0.05474146828055382 -0.08723149448633194
v -0.01812492497265339 -0.055059947073459625 -0.08614207804203033
v -0.014666557312011719 -0.054350268095731735 -0.08761879801750183
v -0.01499433908611536 -0.05123205482959747 -0.087672658264637
v -0.01690778136253357 -0.051225483417510986 -0.08729223161935806
v 0.00464089959859848 -0.06549577414989471 -0.0874251052737236
v 0.0015735711203888059 -0.06614766269922256 -0.08741404116153717
v 0.0017735513392835855 -0.06804374605417252 -0.08700062334537506
v 0.007505645975470543 -0.06422050297260284 -0.08744694292545319
v 0.005232152063399553 -0.067308709025383 -0.08701309561729431
v 0.01004260778427124 -0.06237756460905075 -0.08747860044240952
v 0.008462329395115376 -0.0658707544207573 -0.08703771978616714
v 0.012140906415879726 -0.06004751846194267 -0.08751870691776276
v 0.01132290717214346 -0.06379273533821106 -0.0870734229683876
v 0.01370883546769619 -0.057332202792167664 -0.08756549656391144
v 0.01368886698037386 -0.0611654594540596 -0.08711864054203033
v 0.014677871018648148 -0.054350268095731735 -0.087616927921772
v 0.01545680407434702 -0.0581037700176239 -0.08717139810323715
v 0.016549451276659966 -0.05474146828055382 -0.08722939342260361
v -0.0017623156309127808 -0.06804374605417252 -0.08700084686279297
v -0.0015622827922925353 -0.06614766269922256 -0.08741424232721329
v -0.005220914725214243 -0.067308709025383 -0.08701375871896744
v -0.004629610106348991 -0.06549577414989471 -0.08742569386959076
v -0.008451088331639767 -0.0658707544207573 -0.0870388001203537
v -0.00749435368925333 -0.06422050297260284 -0.08744789659976959
v -0.011311662383377552 -0.06379273533821106 -0.08707486093044281
v -0.013697527348995209 -0.057332202792167664 -0.08756723999977112
v -0.012129603885114193 -0.06004751846194267 -0.08752024918794632
v 0.018136052414774895 -0.055059947073459625 -0.08613976836204529
v 0.0019430379616096616 -0.06963802129030228 -0.0858890637755394
v -0.0019319436978548765 -0.06963802129030228 -0.0858893096446991
v -0.005722247064113617 -0.06883247941732407 -0.08590345829725266
v -0.009262217208743095 -0.0672566220164299 -0.08593089878559113
v -0.012397140264511108 -0.06497930735349655 -0.0859704241156578
v -0.014990006573498249 -0.06210006773471832 -0.08602030575275421
v 0.002056228229776025 -0.07068777829408646 -0.08424856513738632
v -0.002045342931523919 -0.07068777829408646 -0.08424882590770721
v -0.006057283841073513 -0.06983514130115509 -0.08426380902528763
v -0.009804253466427326 -0.06816712766885757 -0.08429285138845444
v -0.013122491538524628 -0.06575664132833481 -0.08433468639850616
v -0.015866974368691444 -0.0627090334892273 -0.08438748866319656
v -0.017917755991220474 -0.05915750190615654 -0.08444894850254059
v -0.017494382336735725 -0.05122048780322075 -0.08700304478406906
v -0.018529966473579407 -0.051206767559051514 -0.08620864152908325
v -0.01932462491095066 -0.051188889890909195 -0.08517330884933472
v -0.010031310841441154 -0.06237756460905075 -0.08747988194227219
v -0.013677616603672504 -0.0611654594540596 -0.08712038397789001
v -0.01692749373614788 -0.058744724839925766 -0.08607836812734604
v 0.019196126610040665 -0.05525725707411766 -0.08451393246650696
v 0.019568290561437607 -0.05530335009098053 -0.08259940892457962
v 0.01792866736650467 -0.05915750190615654 -0.08444666862487793
v 0.018276242539286613 -0.059279248118400574 -0.08253083378076553
v 0.019026467576622963 -0.057325150817632675 -0.08256453275680542
v 0.01693861372768879 -0.058744724839925766 -0.08607621490955353
v 0.015001117251813412 -0.06210006773471832 -0.0860183984041214
v 0.015877878293395042 -0.0627090334892273 -0.0843854695558548
v 0.016185669228434563 -0.06289967894554138 -0.08246845006942749
v 0.012408245354890823 -0.06497930735349655 -0.08596884459257126
v 0.009273316711187363 -0.0672566220164299 -0.08592972159385681
v 0.00981514435261488 -0.06816712766885757 -0.08429159969091415
v 0.010005323216319084 -0.06846365332603455 -0.0823727622628212
v 0.005733342841267586 -0.06883247941732407 -0.08590272814035416
v 0.006068171001970768 -0.06983514130115509 -0.08426303416490555
v 0.006185661535710096 -0.0701640248298645 -0.08234364539384842
v 0.002095889998599887 -0.07103320211172104 -0.08232889324426651
v -0.011750380508601665 -0.06732364743947983 -0.0823938325047493
v -0.00999467633664608 -0.06846365332603455 -0.08237403631210327
v -0.006175018381327391 -0.0701640248298645 -0.0823444277048111
v -0.0020852487068623304 -0.07103320211172104 -0.082329161465168
v 5.320421678334242e-06 -0.0711427554488182 -0.08232713490724564
v -0.019557613879442215 -0.05530335009098053 -0.08260189741849899
v -0.01901579461991787 -0.057325150817632675 -0.08256695419549942
v -0.018265577033162117 -0.059279248118400574 -0.08253315836191177
v -0.016175011172890663 -0.06289967894554138 -0.08247050642967224
v -0.013377285562455654 -0.06600640714168549 -0.08241668343544006
v -0.019995102658867836 -0.05102486535906792 -0.07567476481199265
v -0.019995052367448807 -0.005531651899218559 -0.0764603540301323
v -0.019995015114545822 0.028963204473257065 -0.07705602049827576
v -0.019016241654753685 -0.057204291224479675 -0.07556799799203873
v -0.01617545634508133 -0.06277881562709808 -0.07547155022621155
v -0.011750825680792332 -0.06720279157161713 -0.0753948763012886
v -0.006175464019179344 -0.0700431689620018 -0.0753454715013504
v 4.874967999057844e-06 -0.07102189213037491 -0.07532817870378494
v 0.006185215897858143 -0.0700431689620018 -0.07534468919038773
v 0.011760584078729153 -0.06720279157161713 -0.07539337873458862
v 0.016185224056243896 -0.06277881562709808 -0.0754694938659668
v 0.019026020541787148 -0.057204291224479675 -0.07556557655334473
v 0.020004896447062492 -0.05102486535906792 -0.0756722241640091
v 0.020004983991384506 0.028963204473257065 -0.0770534798502922
v 0.02000494673848152 -0.005531651899218559 -0.07645781338214874
v 0.019026122987270355 0.035142626613378525 -0.07716024667024612
v 0.016185337677598 0.04071715846657753 -0.0772566869854927
v 0.011760707944631577 0.04514113441109657 -0.07733336836099625
v 0.006185345817357302 0.04798150062561035 -0.07738277316093445
v 5.0068342716258485e-06 0.04896022751927376 -0.07740006595849991
v -0.006175334099680185 0.04798150062561035 -0.07738355547189713
v -0.011750701814889908 0.04514113441109657 -0.07733486592769623
v -0.016175342723727226 0.04071715846657753 -0.07725875079631805
v -0.019016139209270477 0.035142626613378525 -0.07716266810894012
v -0.019394343718886375 0.049904964864254 -0.08541880548000336
v -0.02419150061905384 0.039248157292604446 -0.09223613142967224
v -0.028131060302257538 0.0451546348631382 -0.085337333381176
v -0.030747802928090096 0.03375686705112457 -0.09214172512292862
v -0.03575466573238373 0.03876941278576851 -0.08522755652666092
v -0.036087457090616226 0.027076810598373413 -0.0920267105102539
v -0.041963569819927216 0.031001906841993332 -0.08509381860494614
v -0.03999922052025795 0.019472265616059303 -0.09189563989639282
v -0.04651213064789772 0.022159408777952194 -0.08494141697883606
v -0.008504319004714489 0.04585110396146774 -0.09234915673732758
v -0.013305204920470715 0.04458966106176376 -0.09232767671346664
v -0.01667792536318302 0.043333444744348526 -0.09230619668960571
v -0.009890151210129261 0.0528324730694294 -0.08546875417232513
v 5.521419097931357e-06 0.05382135510444641 -0.08548519760370255
v 5.95918072576751e-06 0.04670153930783272 -0.09236329793930054
v 0.009901191107928753 0.0528324730694294 -0.08546749502420425
v 0.008516236208379269 0.04585110396146774 -0.09234806895256042
v 0.01940537802875042 0.049904964864254 -0.08541633933782578
v 0.016689835116267204 0.043333444744348526 -0.09230407327413559
v 0.028142083436250687 0.0451546348631382 -0.08533374965190887
v 0.024203402921557426 0.039248157292604446 -0.09223304688930511
v 0.03576567769050598 0.03876941278576851 -0.0852230042219162
v 0.030759694054722786 0.03375686705112457 -0.09213780611753464
v 0.04197455942630768 0.031001906841993332 -0.08508847653865814
v 0.03609933331608772 0.027076810598373413 -0.0920221135020256
v 0.04652310535311699 0.022159408777952194 -0.0849354937672615
v 0.04001108184456825 0.019472265616059303 -0.09189055114984512
v 0.04996904730796814 -0.00579063780605793 -0.0914536640048027
v 0.06187387555837631 -0.0167847890406847 -0.08426201343536377
v 0.055361852049827576 -0.01947193220257759 -0.09121707081794739
v -0.06186299026012421 -0.0167847890406847 -0.08426988869905472
v -0.04995724558830261 -0.00579063780605793 -0.09146002680063248
v -0.055350080132484436 -0.01947193220257759 -0.09122411906719208
v 0.06443345546722412 -0.024696379899978638 -0.08412523567676544
v 0.057652007788419724 -0.026550723239779472 -0.09109468758106232
v 0.06598539650440216 -0.03286553546786308 -0.08398406952619553
v 0.05904058367013931 -0.0338599719107151 -0.09096837788820267
v 0.06650541722774506 -0.04116449132561684 -0.08384072780609131
v 0.05950586497783661 -0.041285350918769836 -0.09084013104438782
v 0.022129997611045837 0.040586475282907486 -0.07725405693054199
v 0.022129947319626808 -0.005531651899218559 -0.0764576718211174
v -0.041964076459407806 0.031140033155679703 -0.07709500938653946
v 0.0465225949883461 0.022297533228993416 -0.07693668454885483
v 0.04197405278682709 0.031140033155679703 -0.07708966732025146
v 0.04075494781136513 -0.005531651899218559 -0.07645648717880249
v 0.04075489193201065 -0.05714895576238632 -0.0755651444196701
v 0.06290173530578613 -0.06261566281318665 -0.07546933740377426
v 0.05305635184049606 -0.039901524782180786 -0.07586219906806946
v 0.053879909217357635 -0.03907809033989906 -0.07587636262178421
v 0.05500490963459015 -0.0387766994535923 -0.07588149607181549
v 0.06559792160987854 -0.05197027698159218 -0.07565299421548843
v 0.06650491058826447 -0.041026365011930466 -0.07584191858768463
v 0.056953467428684235 -0.039901524782180786 -0.07586195319890976
v 0.06598488986492157 -0.03272740915417671 -0.07598526030778885
v 0.05612991005182266 -0.03907809033989906 -0.07587622106075287
v 0.06443294882774353 -0.024558253586292267 -0.07612642645835876
v 0.06187336891889572 -0.01664666272699833 -0.07626321166753769
v 0.03637690097093582 -0.09668964147567749 -0.0748826265335083
v 0.045044079422950745 -0.08994471281766891 -0.07499855011701584
v 0.04075486212968826 -0.08239519596099854 -0.0751291885972023
v 0.05248270556330681 -0.08186541497707367 -0.07513759285211563
v 0.058489877730607986 -0.07267214357852936 -0.07529596239328384
v 0.0011298495810478926 -0.09406989812850952 -0.0749301090836525
v 0.0019534060265868902 -0.09489333629608154 -0.07491583377122879
v 0.011129862628877163 -0.08239519596099854 -0.07513107359409332
v -0.0019437085138633847 -0.09489333629608154 -0.07491608709096909
v -0.011120137758553028 -0.08239519596099854 -0.07513248920440674
v -0.0011201503220945597 -0.09406989812850952 -0.07493025064468384
v 4.849968263442861e-06 -0.09376849234104156 -0.07493538409471512
v 0.022129861637949944 -0.08239519596099854 -0.07513037323951721
v 0.02671758644282818 -0.10191620141267776 -0.07479298859834671
v 0.016329621896147728 -0.10548186302185059 -0.07473207265138626
v -0.016319947317242622 -0.10548186302185059 -0.0747341513633728
v -0.005486691370606422 -0.10728935897350311 -0.07470225542783737
v 0.005496361292898655 -0.10728935897350311 -0.07470155507326126
v -0.04074513912200928 -0.08239519596099854 -0.07513437420129776
v -0.04503437131643295 -0.08994471281766891 -0.07500427961349487
v -0.036367207765579224 -0.09668964147567749 -0.07488725334405899
v -0.026707904413342476 -0.10191620141267776 -0.07479638606309891
v -0.06187010928988457 -0.05714895576238632 -0.07557167857885361
v -0.06289196014404297 -0.06261566281318665 -0.07547734677791595
v -0.04074510931968689 -0.05714895576238632 -0.07557033747434616
v -0.05848013237118721 -0.07267214357852936 -0.07530340552330017
v -0.05247298255562782 -0.08186541497707367 -0.07514426857233047
v -0.06187133118510246 -0.01666654646396637 -0.07627074420452118
v -0.0644230991601944 -0.024558253586292267 -0.07613462954759598
v -0.06597505509853363 -0.03272740915417671 -0.07599365711212158
v -0.06649509072303772 -0.041026365011930466 -0.07585038244724274
v -0.06558813154697418 -0.05197027698159218 -0.07566134631633759
v -0.0549950897693634 -0.0387766994535923 -0.0758884996175766
v -0.05387008935213089 -0.03907809033989906 -0.07588322460651398
v -0.04074505344033241 -0.005531651899218559 -0.07646168023347855
v -0.05304653197526932 -0.039901524782180786 -0.07586894929409027
v -0.03575517609715462 0.03890753909945488 -0.07722874730825424
v -0.02844356931746006 0.031087886542081833 -0.07709325104951859
v -0.027620011940598488 0.031911320984363556 -0.07710741460323334
v -0.028131568804383278 0.04529275745153427 -0.07733852416276932
v -0.024546455591917038 0.031087886542081833 -0.07709300518035889
v -0.02537001110613346 0.031911320984363556 -0.077107273042202
v -0.026495011523365974 0.032212719321250916 -0.07711254805326462
v -0.05694364756345749 -0.039901524782180786 -0.07586920261383057
v -0.05612009018659592 -0.03907809033989906 -0.07588336616754532
v -0.0618634968996048 -0.01664666272699833 -0.07627108693122864
v -0.04651264101266861 0.022297533228993416 -0.07694260776042938
v -0.019394852221012115 0.05004308745265007 -0.07741999626159668
v -0.009890659712255001 0.05297059938311577 -0.07746994495391846
v 5.01232898386661e-06 0.05395948141813278 -0.07748639583587646
v 0.009900682605803013 0.05297059938311577 -0.07746868580579758
v 0.01940486952662468 0.05004308745265007 -0.0774175301194191
v 0.028141574934124947 0.04529275745153427 -0.0773349404335022
v 0.03576516732573509 0.03890753909945488 -0.07722419500350952
v 0.028453543782234192 0.031087886542081833 -0.07708963006734848
v 0.02455643005669117 0.031087886542081833 -0.07708987593650818
v 0.025379987433552742 0.031911320984363556 -0.07710404694080353
v 0.026504987850785255 0.032212719321250916 -0.07710918039083481
v 0.02762998826801777 0.031911320984363556 -0.07710389792919159
v 0.022129889577627182 -0.05714895576238632 -0.07556633651256561
v -0.01324409805238247 -0.00579063780605793 -0.09145768731832504
v -0.051530033349990845 -0.03928564488887787 -0.09088172763586044
v -0.05949413776397705 -0.041285350918769836 -0.09084770083427429
v -0.05902884155511856 -0.0338599719107151 -0.09097589552402496
v -0.05845823884010315 -0.03928564488887787 -0.09088216722011566
v -0.05764025077223778 -0.026550723239779472 -0.09110202640295029
v -0.0549941323697567 -0.0372859388589859 -0.0909164771437645
v -0.056994132697582245 -0.03782176598906517 -0.09090735018253326
v -0.032537609338760376 -0.09108931571245193 -0.08998595923185349
v -0.04029243811964989 -0.08505439758300781 -0.09009066224098206
v -0.05299413204193115 -0.03782176598906517 -0.09090709686279297
v -0.013260318897664547 -0.09927894175052643 -0.08984331041574478
v -0.014600587077438831 -0.09895606338977814 -0.08984897285699844
v -0.023895075544714928 -0.09576573967933655 -0.08990465104579926
v -0.0586826466023922 -0.051077261567115784 -0.09067855775356293
v -0.056270286440849304 -0.06060208007693291 -0.0905139297246933
v -0.052322857081890106 -0.06959999352693558 -0.09035830199718475
v -0.046948038041591644 -0.07782555371522903 -0.09021591395139694
v 0.058694351464509964 -0.051077261567115784 -0.09067109227180481
v 0.046959683299064636 -0.07782555371522903 -0.09020993858575821
v 0.040304068475961685 -0.08505439758300781 -0.09008553624153137
v 0.03254922479391098 -0.09108931571245193 -0.0899818167090416
v 0.023906679823994637 -0.09576573967933655 -0.08990161120891571
v 0.05846996605396271 -0.03928564488887787 -0.09087472409009933
v 0.0570058673620224 -0.03782176598906517 -0.09090010076761246
v 0.055005867034196854 -0.0372859388589859 -0.09090948104858398
v 0.05300586670637131 -0.03782176598906517 -0.09090035408735275
v 0.0515417605638504 -0.03928564488887787 -0.09087516367435455
v 0.0020058059599250555 -0.09281355887651443 -0.08995398133993149
v 5.806435183330905e-06 -0.09227775037288666 -0.08996336162090302
v -0.004907673690468073 -0.10057328641414642 -0.08982042968273163
v 0.05628196895122528 -0.06060208007693291 -0.09050676971673965
v 0.05233451724052429 -0.06959999352693558 -0.0903516411781311
v -0.0019941942300647497 -0.09281355887651443 -0.08995424211025238
v -0.0034582973457872868 -0.09427744150161743 -0.08992905169725418
v 0.004919268656522036 -0.10057328641414642 -0.08981980383396149
v 0.014612185768783092 -0.09895606338977814 -0.08984711021184921
v 0.0034699058160185814 -0.09427744150161743 -0.08992861211299896
v 0.028505943715572357 0.033167652785778046 -0.09212777763605118
v 0.02650594525039196 0.03370347246527672 -0.0921371579170227
v 0.024505943059921265 0.033167652785778046 -0.09212803095579147
v 0.02304184064269066 0.03170377388596535 -0.09210284799337387
v 5.95918072576751e-06 0.04670153930783272 -0.09236329793930054
v 0.029970044270157814 0.03170377388596535 -0.09210240095853806
v -0.02995816059410572 0.03170377388596535 -0.09210621565580368
v -0.023029956966638565 0.03170377388596535 -0.09210577607154846
v -0.024494055658578873 0.033167652785778046 -0.09213115274906158
v -0.02649405412375927 0.03370347246527672 -0.09214053303003311
v -0.028494056314229965 0.033167652785778046 -0.09213140606880188
v -0.06442258507013321 -0.024696379899978638 -0.08413343876600266
v -0.06597454845905304 -0.03286553546786308 -0.08399246633052826
v -0.06649458408355713 -0.04116449132561684 -0.08384919166564941
v 0.06559842824935913 -0.05210840329527855 -0.08365180343389511
v 0.06290224194526672 -0.06275378167629242 -0.08346814662218094
v 0.058490388095378876 -0.07281026989221573 -0.08329477161169052
v 0.0524832159280777 -0.08200354129076004 -0.08313640207052231
v 0.045044589787721634 -0.09008283913135529 -0.08299735933542252
v 0.03637741133570671 -0.09682776778936386 -0.08288143575191498
v 0.02671809494495392 -0.10205432772636414 -0.08279179781675339
v 0.016330130398273468 -0.10561998933553696 -0.08273088186979294
v 0.00549687072634697 -0.10742748528718948 -0.08270036429166794
v -0.005486181937158108 -0.10742748528718948 -0.08270106464624405
v -0.016319438815116882 -0.10561998933553696 -0.08273296058177948
v -0.026707395911216736 -0.10205432772636414 -0.08279519528150558
v -0.036366697400808334 -0.09682776778936386 -0.08288606256246567
v -0.045033860951662064 -0.09008283913135529 -0.08300308883190155
v -0.052472472190856934 -0.08200354129076004 -0.08314307779073715
v -0.05847962200641632 -0.07281026989221573 -0.08330221474170685
v -0.06289145350456238 -0.06275378167629242 -0.08347615599632263
v -0.06558762490749359 -0.05210840329527855 -0.08366014808416367
v 3.570374474293203e-06 -0.09967225790023804 -0.05483045428991318
v 4.843100214202423e-06 -0.10001756995916367 -0.07482747733592987
v 0.001003570156171918 -0.09994016587734222 -0.054825764149427414
v 0.00100484280847013 -0.10028548538684845 -0.07482278347015381
v 0.0017356200842186809 -0.10067211091518402 -0.05481307953596115
v 0.001736892736516893 -0.10101742297410965 -0.07481009513139725
v 0.002003568224608898 -0.10167196393013 -0.054795797914266586
v 0.00200484087690711 -0.10201727598905563 -0.07479281723499298
v 0.0017356178723275661 -0.10267181694507599 -0.05477854982018471
v 0.0017368906410411 -0.10301712900400162 -0.0747755691409111
v 0.0010035663144662976 -0.10340375453233719 -0.05476595461368561
v 0.0010048390831798315 -0.10374906659126282 -0.0747629702091217
v 3.56597911377321e-06 -0.10367165505886078 -0.05476139113306999
v 4.838704626308754e-06 -0.10401696711778641 -0.07475841045379639
v -0.02649565413594246 0.031787194311618805 -0.06700369715690613
v -0.026495011523365974 0.031612809747457504 -0.0771021917462349
v -0.025670655071735382 0.03156616911292076 -0.06699983030557632
v -0.025670012459158897 0.03139178454875946 -0.07709832489490509
v -0.025066714733839035 0.03096231259405613 -0.06698936223983765
v -0.02506607212126255 0.030787929892539978 -0.07708785682916641
v -0.024845656007528305 0.0301374364644289 -0.06697510182857513
v -0.02484501339495182 0.02996305376291275 -0.0770735964179039
v -0.025066716596484184 0.029312560334801674 -0.06696087121963501
v -0.0250660739839077 0.029138177633285522 -0.07705936580896378
v -0.02567065879702568 0.02870870754122734 -0.0669504851102829
v -0.025670016184449196 0.02853432297706604 -0.07704897969961166
v -0.026495657861232758 0.028487684205174446 -0.06694672256708145
v -0.026495015248656273 0.028313301503658295 -0.07704521715641022
v -0.026495719328522682 0.030154554173350334 -0.06598393619060516
v 0.02650434523820877 0.031787194311618805 -0.06700032204389572
v 0.026504987850785255 0.031612809747457504 -0.07709881663322449
v 0.027329346165060997 0.03156616911292076 -0.06699645519256592
v 0.02732998877763748 0.03139178454875946 -0.07709494978189468
v 0.027933286502957344 0.03096231259405613 -0.06698598712682724
v 0.02793392911553383 0.030787929892539978 -0.077084481716156
v 0.028154343366622925 0.0301374364644289 -0.06697172671556473
v 0.02815498597919941 0.02996305376291275 -0.0770702213048935
v 0.027933284640312195 0.029312560334801674 -0.0669574961066246
v 0.02793392725288868 0.029138177633285522 -0.07705599069595337
v 0.0273293424397707 0.02870870754122734 -0.06694710999727249
v 0.027329985052347183 0.02853432297706604 -0.07704560458660126
v 0.026504341512918472 0.028487684205174446 -0.06694334745407104
v 0.026504984125494957 0.028313301503658295 -0.07704184204339981
v 0.026504280045628548 0.030154554173350334 -0.06598056107759476
v -0.05499573424458504 -0.03920222073793411 -0.06577964872121811
v -0.0549950897693634 -0.03937660530209541 -0.07587813585996628
v -0.05417073518037796 -0.039423245936632156 -0.06577577441930771
v -0.054170090705156326 -0.03959763050079346 -0.07587426900863647
v -0.053566791117191315 -0.04002710059285164 -0.06576531380414963
v -0.05356614664196968 -0.04020148515701294 -0.0758638009428978
v -0.05334573611617088 -0.040851980447769165 -0.06575105339288712
v -0.05334509536623955 -0.041026365011930466 -0.07584954798221588
v -0.053566791117191315 -0.04167686030268669 -0.06573682278394699
v -0.05356615036725998 -0.04185124486684799 -0.07583531737327576
v -0.05417073518037796 -0.04228070005774498 -0.06572642922401428
v -0.054170094430446625 -0.04245508462190628 -0.07582492381334305
v -0.054995737969875336 -0.042501725256443024 -0.06572266668081284
v -0.0549950934946537 -0.042676109820604324 -0.0758211612701416
v -0.05499579757452011 -0.04083486273884773 -0.06475988775491714
v 0.055004265159368515 -0.03920222073793411 -0.065772645175457
v 0.05500490963459015 -0.03937660530209541 -0.07587113976478577
v 0.05582926422357559 -0.039423245936632156 -0.0657687783241272
v 0.055829908698797226 -0.03959763050079346 -0.07586726546287537
v 0.05643320828676224 -0.04002710059285164 -0.06575831025838852
v 0.05643385276198387 -0.04020148515701294 -0.07585680484771729
v 0.05665426701307297 -0.040851980447769165 -0.06574404984712601
v 0.0566549077630043 -0.041026365011930466 -0.07584254443645477
v 0.05643320828676224 -0.04167686030268669 -0.06572981923818588
v 0.05643384903669357 -0.04185124486684799 -0.07582831382751465
v 0.055829260498285294 -0.04228070005774498 -0.06571943312883377
v 0.05582990497350693 -0.04245508462190628 -0.07581792771816254
v 0.05500426143407822 -0.042501725256443024 -0.06571567058563232
v 0.05500490590929985 -0.042676109820604324 -0.07581416517496109
v 0.05500420182943344 -0.04083486273884773 -0.06475288420915604
v 4.206582616461674e-06 -0.09419403225183487 -0.06482653319835663
v 4.8493088797840755e-06 -0.09436841309070587 -0.0749250277876854
v 0.0008292063139379025 -0.09441505372524261 -0.06482265889644623
v 0.000829849042929709 -0.09458944201469421 -0.074921153485775
v 0.0014331475831568241 -0.0950189083814621 -0.06481219828128815
v 0.0014337903121486306 -0.0951932966709137 -0.07491069287061691
v 0.0016542047960683703 -0.09584379196166992 -0.06479793787002563
v 0.0016548475250601768 -0.09601817280054092 -0.0748964324593544
v 0.0014331458369269967 -0.09666865319013596 -0.06478370726108551
v 0.0014337885659188032 -0.09684304147958755 -0.07488220185041428
v 0.0008292031707242131 -0.09727250784635544 -0.0647733211517334
v 0.0008298458997160196 -0.09744689613580704 -0.07487181574106216
v 4.202956006338354e-06 -0.09749353677034378 -0.06476955115795135
v 4.845682269660756e-06 -0.09766791760921478 -0.07486804574728012
v 4.141678800806403e-06 -0.09582667052745819 -0.06380677223205566
v -0.048994965851306915 0.07145687192678452 -0.07779166102409363
v -0.04999503120779991 0.07247398793697357 -0.07680913805961609
v -0.04074496775865555 0.07145687192678452 -0.07779113948345184
v -0.014195031486451626 0.07247398793697357 -0.07680685818195343
v 0.00775503134354949 0.07145687192678452 -0.07778804749250412
v 0.020430030301213264 0.07145687192678452 -0.07778724282979965
v 0.05000497028231621 0.07247398793697357 -0.07680277526378632
v 0.04075503349304199 0.07145687192678452 -0.07778594642877579
v 0.04900503158569336 0.07145687192678452 -0.077785424888134
v 0.005755031481385231 0.07145687192678452 -0.07778817415237427
v 0.003005031496286392 0.07145687192678452 -0.0777883529663086
v -0.002994968555867672 0.07145687192678452 -0.07778873294591904
v -0.00774496840313077 0.07145687192678452 -0.07778903841972351
v -0.02041996829211712 0.07145687192678452 -0.07778984308242798
v 0.049004971981048584 0.018733030185103416 -0.07687497138977051
v 0.05000491067767143 0.018750295042991638 -0.07587505877017975
v -0.04999509081244469 0.018750295042991638 -0.07588142156600952
v -0.04899502545595169 0.018733030185103416 -0.07688120752573013
v 0.05708642676472664 -0.006897507235407829 -0.0754317119717598
v 0.056228119879961014 -0.007427728269249201 -0.07642276585102081
v 0.05319496616721153 0.0011793274898082018 -0.07557143270969391
v 0.05225883424282074 0.0008106479072012007 -0.07656528055667877
v 0.05080888047814369 0.009821241721510887 -0.07572081685066223
v 0.049825023859739304 0.009625389240682125 -0.07671764492988586
v -0.05079908296465874 0.009821241721510887 -0.07572728395462036
v -0.0498150996863842 0.009625389240682125 -0.07672399282455444
v -0.05318518355488777 0.0011793274898082018 -0.07557820528745651
v -0.05224892497062683 0.0008106479072012007 -0.07657192647457123
v -0.05707666650414467 -0.006897507235407829 -0.0754389762878418
v -0.056218232959508896 -0.007427728269249201 -0.07642991840839386
v 0.06217329949140549 -0.017404649406671524 -0.07524994760751724
v 0.061238501220941544 -0.017776867374777794 -0.07624372839927673
v 0.06534392386674881 -0.028639359399676323 -0.07505574077367783
v 0.06436145305633545 -0.028842629864811897 -0.07605244964361191
v 0.06550069898366928 -0.04028395190834999 -0.07585480064153671
v 0.06544331461191177 -0.038186851888895035 -0.07589101791381836
v 0.06650056689977646 -0.0402553454041481 -0.07485508173704147
v 0.06524986773729324 -0.03525255620479584 -0.07594170421361923
v 0.06504196673631668 -0.03325372934341431 -0.07597623020410538
v 0.06544323265552521 -0.04386751726269722 -0.07579292356967926
v 0.06560758501291275 -0.05189456418156624 -0.07465414702892303
v 0.06462114304304123 -0.05174814909696579 -0.07565689086914062
v 0.06269249320030212 -0.0631982684135437 -0.07445913553237915
v 0.061749882996082306 -0.06288185715675354 -0.07546481490135193
v 0.05784514546394348 -0.07381801307201385 -0.07427605986595154
v 0.05697542801499367 -0.07334191352128983 -0.07528448849916458
v 0.05121495574712753 -0.08342646807432175 -0.07411056011915207
v 0.050444938242435455 -0.08280588686466217 -0.07512147724628448
v 0.0430062860250473 -0.09172747284173965 -0.07396773993968964
v 0.042359717190265656 -0.09098206460475922 -0.07498080283403397
v 0.03347216546535492 -0.09846515953540802 -0.07385200262069702
v 0.03296896442770958 -0.09761842340230942 -0.07486680150032043
v 0.02290646731853485 -0.10343185812234879 -0.07376690953969955
v 0.022562146186828613 -0.10251042991876602 -0.07478298991918564
v 0.011634858325123787 -0.10647445917129517 -0.07371508330106735
v 0.011460035108029842 -0.1055072769522667 -0.07473194599151611
v 4.835957042814698e-06 -0.10651660710573196 -0.07471524924039841
v 0.0030220062471926212 -0.10644708573818207 -0.07471625506877899
v 4.771221938426606e-06 -0.10749919712543488 -0.07369812577962875
v 0.00577703258022666 -0.10626180469989777 -0.07471928000450134
v 0.007774270139634609 -0.10605424642562866 -0.07472273707389832
v -0.011542831547558308 -0.10648904740810394 -0.07371630519628525
v -0.02239747904241085 -0.10256706178188324 -0.07478487491607666
v -0.01234081294387579 -0.10534278303384781 -0.07473630458116531
v -0.011369118466973305 -0.10552165657281876 -0.07473315298557281
v -0.022739563137292862 -0.10348933935165405 -0.07376881688833237
v -0.03324522078037262 -0.09859120845794678 -0.07385406643152237
v -0.032745152711868286 -0.09774257987737656 -0.07486884295940399
v -0.0427405908703804 -0.09194346517324448 -0.07396946847438812
v -0.04209773615002632 -0.09119479358196259 -0.07498250901699066
v -0.05093715712428093 -0.08374810963869095 -0.07411151379346848
v -0.05017105117440224 -0.08312267810106277 -0.0751224160194397
v -0.057585880160331726 -0.07425414770841599 -0.07427588105201721
v -0.056719791144132614 -0.07377147674560547 -0.07528430968523026
v -0.0624847374856472 -0.06375005096197128 -0.0744575783610344
v -0.061544984579086304 -0.06342533975839615 -0.07546327263116837
v -0.06548488140106201 -0.052554987370967865 -0.0746510848402977
v -0.06450001150369644 -0.052398622035980225 -0.07565387338399887
v -0.06649515777826309 -0.041009098291397095 -0.07485052943229675
v -0.0654950886964798 -0.041026365011930466 -0.07585032284259796
v -0.04999617859721184 0.07278476655483246 -0.05881182476878166
v -0.04899623990058899 0.07180218398571014 -0.05779464170336723
v -0.014196176081895828 0.07278476655483246 -0.058809544891119
v 0.049003757536411285 0.07180218398571014 -0.05778840556740761
v 0.05000382289290428 0.07278476655483246 -0.05880546197295189
v -0.048996299505233765 0.019078344106674194 -0.05688419193029404
v -0.049996234476566315 0.019061077386140823 -0.057884108275175095
v 0.050003767013549805 0.019061077386140823 -0.05787774547934532
v 0.04900369793176651 0.019078344106674194 -0.05687795579433441
v -0.057077810168266296 -0.006586724426597357 -0.05744166672229767
v -0.05621950328350067 -0.007082414347678423 -0.056432902812957764
v -0.0531863309442997 0.0014901100657880306 -0.057580891996622086
v -0.052250199019908905 0.0011559620033949614 -0.05657491087913513
v -0.050800226628780365 0.010132024064660072 -0.057729970663785934
v -0.04981637001037598 0.009970704093575478 -0.05672696977853775
v 0.050807736814022064 0.010132024064660072 -0.057723503559827805
v 0.04982375353574753 0.009970704093575478 -0.05672062933444977
v 0.053193818777799606 0.0014901100657880306 -0.05757412314414978
v 0.052257560193538666 0.0011559620033949614 -0.05656826123595238
v 0.05708528310060501 -0.006586724426597357 -0.05743440240621567
v 0.05622684955596924 -0.007082414347678423 -0.05642574280500412
v -0.062164705246686935 -0.01709386706352234 -0.05726055055856705
v -0.06409844011068344 -0.023004522547125816 -0.05715860798954964
v -0.06435287743806839 -0.02849731594324112 -0.05606361851096153
v -0.06122990697622299 -0.017431553453207016 -0.05625450983643532
v -0.06533535569906235 -0.028328577056527138 -0.057066746056079865
v -0.06589410454034805 -0.03177056834101677 -0.05700734630227089
v -0.06549215316772461 -0.039938636124134064 -0.055866122245788574
v -0.06649202108383179 -0.03994456306099892 -0.05686623230576515
v -0.06649630516767502 -0.04069831594824791 -0.056853216141462326
v -0.06461262702941895 -0.05140283331274986 -0.055668096989393234
v -0.06559906154870987 -0.05158378183841705 -0.05666518583893776
v -0.06548602879047394 -0.05224420502781868 -0.05665377527475357
v -0.06174138933420181 -0.06253654509782791 -0.05547565594315529
v -0.06268399953842163 -0.06288748979568481 -0.05646980553865433
v -0.06248588487505913 -0.0634392723441124 -0.056460265070199966
v -0.056966956704854965 -0.0729966014623642 -0.05529472604393959
v -0.05783667415380478 -0.07350722700357437 -0.05628611147403717
v -0.05758702754974365 -0.0739433616399765 -0.05627856403589249
v -0.050436485558748245 -0.08246056735515594 -0.05513088032603264
v -0.05120650678873062 -0.08311568945646286 -0.05611976981163025
v -0.050938304513692856 -0.08343732357025146 -0.05611419677734375
v -0.04235128313302994 -0.09063675254583359 -0.054989177733659744
v -0.04299785569310188 -0.09141669422388077 -0.05597590282559395
v -0.04274173453450203 -0.09163267910480499 -0.055972155183553696
v -0.032960545271635056 -0.09727311134338379 -0.054873984307050705
v -0.033463750034570694 -0.09815438091754913 -0.05585894733667374
v -0.022898061200976372 -0.1031210795044899 -0.055772509425878525
v -0.022553738206624985 -0.1021651178598404 -0.05478884279727936
v -0.011626459658145905 -0.10616368055343628 -0.05571925267577171
v -0.011451633647084236 -0.10516196489334106 -0.054736386984586716
v 3.6257692954677623e-06 -0.10718841105699539 -0.055700816214084625
v 3.5632317576528294e-06 -0.10617129504680634 -0.05471822991967201
v 3.5632317576528294e-06 -0.10617129504680634 -0.05471822991967201
v 3.6257692954677623e-06 -0.10718841105699539 -0.055700816214084625
v 0.01163371279835701 -0.10616368055343628 -0.055717770010232925
v 0.011458761990070343 -0.10516196489334106 -0.05473493039608002
v 0.022905321791768074 -0.1031210795044899 -0.05576959252357483
v 0.02256087213754654 -0.1021651178598404 -0.05478597432374954
v 0.03347102180123329 -0.09815438091754913 -0.055854689329862595
v 0.032967690378427505 -0.09727311134338379 -0.05486978590488434
v 0.043005142360925674 -0.09141669422388077 -0.05597043037414551
v 0.04235844314098358 -0.09063675254583359 -0.05498378723859787
v 0.05121380835771561 -0.08311568945646286 -0.05611325055360794
v 0.05044366419315338 -0.08246056735515594 -0.05512446165084839
v 0.057843998074531555 -0.07350722700357437 -0.05627875030040741
v 0.056974153965711594 -0.0729966014623642 -0.055287472903728485
v 0.0626913458108902 -0.06288748979568481 -0.05646182596683502
v 0.06174860894680023 -0.06253654509782791 -0.055467795580625534
v 0.06560643762350082 -0.05158378183841705 -0.056656837463378906
v 0.06461986899375916 -0.05140283331274986 -0.05565987154841423
v 0.06649942696094513 -0.03994456306099892 -0.056857768446207047
v 0.06549942493438721 -0.039938636124134064 -0.055857785046100616
v 0.06534277647733688 -0.028328577056527138 -0.0570584312081337
v 0.06436017900705338 -0.02849731594324112 -0.056055426597595215
v 0.06217215582728386 -0.01709386706352234 -0.057252638041973114
v 0.06123723089694977 -0.017431553453207016 -0.05624671280384064
v 0.025004379451274872 0.057631611824035645 -0.06754672527313232
v 0.025406207889318466 0.05765751004219055 -0.06604691594839096
v 0.026504214853048325 0.057676468044519424 -0.06494893878698349
v 0.02800418995320797 0.05768340826034546 -0.06454697996377945
v 0.029504215344786644 0.057676468044519424 -0.06494874507188797
v 0.030602360144257545 0.05765751004219055 -0.0660465881228447
v 0.03100437857210636 0.057631611824035645 -0.06754634529352188
v 0.028004378080368042 0.05582930147647858 -0.06751541048288345
v -0.030995620414614677 0.057631611824035645 -0.06755028665065765
v -0.030593791976571083 0.05765751004219055 -0.06605048477649689
v -0.029495785012841225 0.057676468044519424 -0.06495250016450882
v -0.02799581177532673 0.05768340826034546 -0.06455054879188538
v -0.026495784521102905 0.057676468044519424 -0.0649523138999939
v -0.025397639721632004 0.05765751004219055 -0.06605014950037003
v -0.024995621293783188 0.057631611824035645 -0.06754990667104721
v -0.027995623648166656 0.05582930147647858 -0.06751897186040878
v 0.0366043746471405 0.052882321178913116 -0.06746397167444229
v 0.036604396998882294 0.07262937724590302 -0.0678049698472023
v 0.03705978021025658 0.0529116727411747 -0.06576419621706009
v 0.03705980256199837 0.0726587250828743 -0.0661051943898201
v 0.03830418735742569 0.052933160215616226 -0.06451982259750366
v 0.03830420970916748 0.07268021255731583 -0.06486082077026367
v 0.04000415652990341 0.05294102430343628 -0.06406426429748535
v 0.0400041788816452 0.07268808037042618 -0.06440526247024536
v 0.04170418903231621 0.052933160215616226 -0.06451960653066635
v 0.041704211384058 0.07268021255731583 -0.06486060470342636
v 0.042948752641677856 0.0529116727411747 -0.06576382368803024
v 0.04294877499341965 0.0726587250828743 -0.06610482186079025
v 0.04340437427163124 0.052882321178913116 -0.06746353954076767
v 0.04340439662337303 0.07262937724590302 -0.06780453771352768
v 0.04000437259674072 0.05083969980478287 -0.06742848455905914
v -0.0033956253901124 0.052882321178913116 -0.06746651977300644
v -0.0033956037368625402 0.07262937724590302 -0.06780751794576645
v -0.00294022005982697 0.0529116727411747 -0.06576674431562424
v -0.0029401984065771103 0.0726587250828743 -0.06610774248838425
v -0.0016958127962425351 0.052933160215616226 -0.06452236324548721
v -0.0016957911429926753 0.07268021255731583 -0.06486336141824722
v 4.158229330641916e-06 0.05294102430343628 -0.0640668123960495
v 4.179932602710323e-06 0.07268808037042618 -0.06440781056880951
v 0.0017041872488334775 0.052933160215616226 -0.0645221471786499
v 0.0017042089020833373 0.07268021255731583 -0.06486314535140991
v 0.002948752837255597 0.0529116727411747 -0.06576637178659439
v 0.002948774490505457 0.0726587250828743 -0.0661073699593544
v 0.003404374700039625 0.052882321178913116 -0.06746608763933182
v 0.003404396353289485 0.07262937724590302 -0.06780708581209183
v 4.3723475755541585e-06 0.05083969980478287 -0.06743103265762329
v -0.04339562729001045 0.052882321178913116 -0.06746906787157059
v -0.04339560493826866 0.07262937724590302 -0.0678100660443306
v -0.04294022172689438 0.0529116727411747 -0.06576929241418839
v -0.04294019937515259 0.0726587250828743 -0.0661102905869484
v -0.041695814579725266 0.052933160215616226 -0.06452491134405136
v -0.041695792227983475 0.07268021255731583 -0.06486590951681137
v -0.039995841681957245 0.05294102430343628 -0.06406936049461365
v -0.039995819330215454 0.07268808037042618 -0.06441035866737366
v -0.03829581290483475 0.052933160215616226 -0.06452469527721405
v -0.03829579055309296 0.07268021255731583 -0.06486569344997406
v -0.0370512492954731 0.0529116727411747 -0.06576891243457794
v -0.03705122694373131 0.0726587250828743 -0.06610991060733795
v -0.036595627665519714 0.052882321178913116 -0.06746863573789597
v -0.036595605313777924 0.07262937724590302 -0.06780962646007538
v -0.039995625615119934 0.05083969980478287 -0.06743357330560684
v 0.05000460147857666 0.07257412374019623 -0.07100364565849304
v -0.04999540001153946 0.07257412374019623 -0.07101000845432281
v 4.087206889380468e-06 -0.06380711495876312 -0.06295090913772583
v 4.054839337186422e-06 -0.06429840624332428 -0.062442347407341
v 0.006483936682343483 -0.06287559121847153 -0.06296657770872116
v 0.006624770816415548 -0.06334663182497025 -0.06245836243033409
v 0.012438829988241196 -0.06015649065375328 -0.06301315873861313
v 0.012709117494523525 -0.0605684258043766 -0.06250595301389694
v 0.017386335879564285 -0.055870093405246735 -0.0630868598818779
v 0.017764179036021233 -0.05618885159492493 -0.06258125603199005
v 0.02092563733458519 -0.050363656133413315 -0.06318172067403793
v 0.02138042263686657 -0.05056271329522133 -0.06267818063497543
v 0.022770002484321594 -0.04408328980207443 -0.0632900521159172
v 0.02326488122344017 -0.04414581507444382 -0.06278886646032333
v 0.02277000993490219 -0.03753778338432312 -0.06340308487415314
v 0.023264888674020767 -0.03745800629258156 -0.06290435791015625
v 0.02092565782368183 -0.03125741705298424 -0.06351165473461151
v 0.02138044498860836 -0.031041108071804047 -0.06301528215408325
v 0.01738636940717697 -0.025750985369086266 -0.06360696256160736
v 0.01776421256363392 -0.025414971634745598 -0.06311266869306564
v 0.012438872829079628 -0.02146458998322487 -0.06368129700422287
v 0.012709161266684532 -0.021035389974713326 -0.06318861991167068
v 0.00648398557677865 -0.018745489418506622 -0.06372863054275513
v 0.006624820176512003 -0.018257178366184235 -0.06323698163032532
v 4.137755695410306e-06 -0.017813963815569878 -0.06374512612819672
v 4.1064868128160015e-06 -0.017305411398410797 -0.06325383484363556
v 3.6093356357014272e-06 -0.09318185597658157 -0.05544260889291763
v 3.576967856133706e-06 -0.09367315471172333 -0.054934050887823105
v 0.0102458531036973 -0.09217324107885361 -0.05545937269926071
v 0.010343365371227264 -0.09265492856502533 -0.05495097488164902
v 0.0200944934040308 -0.08918613940477371 -0.05551033094525337
v 0.020285803824663162 -0.08963937312364578 -0.05500241369009018
v 0.029171057045459747 -0.0843353420495987 -0.05559351667761803
v 0.02944880910217762 -0.08474237471818924 -0.055086396634578705
v 0.037126731127500534 -0.07780726253986359 -0.05570574104785919
v 0.03748025372624397 -0.0781521201133728 -0.05519968643784523
v 0.04365579038858414 -0.06985277682542801 -0.05584268271923065
v 0.044071491807699203 -0.0701218768954277 -0.05533793568611145
v 0.048507317900657654 -0.06077756732702255 -0.055999089032411575
v 0.04896922782063484 -0.060960251837968826 -0.05549582839012146
v 0.05149488151073456 -0.05093039572238922 -0.056168943643569946
v 0.0519852451980114 -0.05101929232478142 -0.05566729977726936
v 0.052503664046525955 -0.04068968445062637 -0.05634571611881256
v 0.05300363525748253 -0.04068105295300484 -0.05584575980901718
v 0.05149490386247635 -0.03044896386563778 -0.05652262270450592
v 0.05198526754975319 -0.030342794954776764 -0.05602434650063515
v 0.048507362604141235 -0.020601794123649597 -0.056692853569984436
v 0.04896927252411842 -0.020401842892169952 -0.05619620159268379
v 0.04365585371851921 -0.011526588350534439 -0.056849878281354904
v 0.04407155513763428 -0.011240209452807903 -0.056354720145463943
v 0.0371268130838871 -0.00357210380025208 -0.05698765441775322
v 0.03748033568263054 -0.003209971357136965 -0.05649380758404732
v 0.029171152040362358 0.0029559710528701544 -0.05710088834166527
v 0.02944890595972538 0.0033802769612520933 -0.05660812184214592
v 0.020094599574804306 0.007806767709553242 -0.057185228914022446
v 0.020285911858081818 0.008277268148958683 -0.056693267077207565
v 0.010245965793728828 0.010793871246278286 -0.05723743885755539
v 0.010343479923903942 0.011292828246951103 -0.056745972484350204
v 3.7247189084155252e-06 0.011802492663264275 -0.05725550651550293
v 3.6934502531948965e-06 0.012311051599681377 -0.05676421523094177
v 0.003475540317595005 -0.03369881957769394 -0.0689714178442955
v 4.471271495276596e-06 -0.03290668874979019 -0.06898532062768936
v 4.5025403778709006e-06 -0.03341524675488472 -0.06947661191225052
v 0.003258629934862256 -0.03415787220001221 -0.0694635808467865
v 0.0037545012310147285 -0.03441990539431572 -0.06945902854204178
v 0.0062591200694441795 -0.03591832518577576 -0.0689329132437706
v 0.005868235137313604 -0.0362386554479599 -0.0694274827837944
v 0.006499688606709242 -0.03716469928622246 -0.06941145658493042
v 0.007803887594491243 -0.039125602692365646 -0.0688774362206459
v 0.007316455245018005 -0.039245471358299255 -0.06937547028064728
v 0.0075044939294457436 -0.040914136916399 -0.06934664398431778
v 0.007803883869200945 -0.042685408145189285 -0.06881596148014069
v 0.007316451519727707 -0.04258279129862785 -0.06931784003973007
v 0.006259108893573284 -0.04589267075061798 -0.06876067817211151
v 0.006499680690467358 -0.044663574546575546 -0.06928195804357529
v 0.005868224892765284 -0.045589618384838104 -0.06926601380109787
v 0.006116481497883797 -0.04606643691658974 -0.06875768303871155
v 0.0034755244851112366 -0.048112183809280396 -0.06872252374887466
v 4.486057150643319e-06 -0.04841301217675209 -0.06921762973070145
v 4.453689598449273e-06 -0.04890431463718414 -0.06870906800031662
v 0.003258615033701062 -0.0476703904569149 -0.06923024356365204
v 0.0037544870283454657 -0.04740836098790169 -0.06923473626375198
v 4.0229715523310006e-06 -0.09329407662153244 -0.06194164231419563
v 0.01024626661092043 -0.09228546917438507 -0.06195840612053871
v 0.02009490691125393 -0.08929836004972458 -0.06200936436653137
v 0.029171470552682877 -0.08444756269454956 -0.06209255009889603
v 0.03712714463472366 -0.07791949063539505 -0.06220477074384689
v 0.043656203895807266 -0.06996500492095947 -0.06234171614050865
v 0.04850773140788078 -0.060889795422554016 -0.062498122453689575
v 0.05149529501795769 -0.051042623817920685 -0.06266797333955765
v 0.052504077553749084 -0.04080191254615784 -0.06284475326538086
v 0.05149531736969948 -0.030561191961169243 -0.06302165240049362
v 0.048507776111364365 -0.02071402035653591 -0.06319189071655273
v 0.04365626722574234 -0.011638815514743328 -0.0633489117026329
v 0.03712722659111023 -0.003684330964460969 -0.06348668783903122
v 0.029171567410230637 0.0028437438886612654 -0.06359992176294327
v 0.020095013082027435 0.00769454101100564 -0.06368426233530045
v 0.010246379300951958 0.010681644082069397 -0.06373646855354309
v 4.138354597671423e-06 0.011690265499055386 -0.06375454366207123
v -0.012701000086963177 -0.0605684258043766 -0.06250756978988647
v -0.020086852833628654 -0.08929836004972458 -0.06201191991567612
v -0.0066166589967906475 -0.06334663182497025 -0.062459204345941544
v -0.010238218121230602 -0.09228546917438507 -0.06195970997214317
v 4.0229715523310006e-06 -0.09329407662153244 -0.06194164231419563
v -0.02137228287756443 -0.05056271329522133 -0.06268090009689331
v -0.04364810511469841 -0.06996500492095947 -0.06234727427363396
v -0.01775605045258999 -0.05618885159492493 -0.06258351355791092
v -0.0371190682053566 -0.07791949063539505 -0.06220949813723564
v -0.029163405299186707 -0.08444756269454956 -0.06209626421332359
v -0.006616609636694193 -0.018257178366184235 -0.06323782354593277
v -0.02325671911239624 -0.03745800629258156 -0.06290731579065323
v -0.05249591916799545 -0.04080191254615784 -0.0628514364361763
v -0.023256726562976837 -0.04414581507444382 -0.06279183179140091
v -0.05148715898394585 -0.051042623817920685 -0.06267452985048294
v -0.04849961772561073 -0.060889795422554016 -0.06250429898500443
v -0.017756016924977303 -0.025414971634745598 -0.06311492621898651
v -0.043648041784763336 -0.011638815514743328 -0.06335446983575821
v -0.02137226052582264 -0.031041108071804047 -0.06301800161600113
v -0.04849957302212715 -0.02071402035653591 -0.06319805979728699
v -0.051487136632204056 -0.030561191961169243 -0.06302820891141891
v -0.010238105431199074 0.010681644082069397 -0.06373777240514755
v -0.02008674666285515 0.00769454101100564 -0.06368681788444519
v -0.01270095631480217 -0.021035389974713326 -0.06319023668766022
v -0.029163308441638947 0.0028437438886612654 -0.06360363215208054
v -0.03711898624897003 -0.003684330964460969 -0.06349141150712967
v 4.606416950991843e-06 -0.048945751041173935 -0.07110871374607086
v 4.8991432777256705e-06 -0.04902517423033714 -0.07570802420377731
v 0.0020046059507876635 -0.04948156327009201 -0.07109933346509933
v 0.0020048986189067364 -0.04956098273396492 -0.07569864392280579
v 0.0034687058068811893 -0.05094544216990471 -0.07107396423816681
v 0.0034689984750002623 -0.05102486535906792 -0.07567327469587326
v 0.004004602320492268 -0.05294514819979668 -0.07103939354419708
v 0.004004894755780697 -0.053024571388959885 -0.07563870400190353
v 0.00346870138309896 -0.054944854229688644 -0.07100489735603333
v 0.003468994051218033 -0.05502427741885185 -0.07560420781373978
v 0.002004598267376423 -0.05640873685479164 -0.07097971439361572
v 0.002004890935495496 -0.05648815631866455 -0.07557902485132217
v 4.597625775204506e-06 -0.05694456025958061 -0.07097058743238449
v 4.890352101938333e-06 -0.05702398344874382 -0.07556989789009094
v -0.001943956478498876 -0.054069988429546356 -0.07102034986019135
v -0.0034595017787069082 -0.054944854229688644 -0.07100534439086914
v -0.00224539777263999 -0.05294514819979668 -0.07103979587554932
v -0.003995398059487343 -0.05294514819979668 -0.07103990763425827
v -0.001943953917361796 -0.05182032287120819 -0.0710591971874237
v -0.003459497354924679 -0.05094544216990471 -0.07107440382242203
v -0.0011203958420082927 -0.05099688842892647 -0.07107336819171906
v -0.0019953942392021418 -0.04948156327009201 -0.07109958678483963
v 4.604493824444944e-06 -0.05069548264145851 -0.07107850164175034
v 4.606416950991843e-06 -0.048945751041173935 -0.07110871374607086
v 0.0011296040611341596 -0.05099688842892647 -0.07107322663068771
v 0.0019531603902578354 -0.05182032287120819 -0.07105895131826401
v 0.0022546020336449146 -0.05294514819979668 -0.07103950530290604
v 0.001953158061951399 -0.054069988429546356 -0.07102010399103165
v 0.0011295998701825738 -0.05489342287182808 -0.0710059404373169
v 4.599548901751405e-06 -0.05519481375813484 -0.07100080698728561
v -0.0011204000329598784 -0.05489342287182808 -0.07100608199834824
v -0.0019954019226133823 -0.05640873685479164 -0.07097996771335602
v 4.451766471902374e-06 -0.05065404623746872 -0.0686788558959961
v 4.604493824444944e-06 -0.05069548264145851 -0.07107850164175034
v 0.0011294514406472445 -0.050955452024936676 -0.06867358088493347
v 0.0019530077697709203 -0.0517788864672184 -0.06865930557250977
v 0.0022544492967426777 -0.052903711795806885 -0.0686398595571518
v 0.00195300520863384 -0.054028552025556564 -0.0686204582452774
v 0.0011294471332803369 -0.05485198646783829 -0.06860629469156265
v 4.446821549208835e-06 -0.05515337735414505 -0.06860116124153137
v 0.012004619464278221 -0.03694752976298332 -0.07131513953208923
v 0.012004912830889225 -0.03702695295214653 -0.07591444998979568
v 0.014004619792103767 -0.03748335689306259 -0.0713057592511177
v 0.014004912227392197 -0.0375627800822258 -0.07590506970882416
v 0.01546871941536665 -0.03894723579287529 -0.07128039002418518
v 0.015469011850655079 -0.0390266589820385 -0.07587970048189163
v 0.016004616394639015 -0.04094694182276726 -0.07124581933021545
v 0.016004908829927444 -0.041026365011930466 -0.0758451297879219
v 0.015468714758753777 -0.042946647852659225 -0.0712113231420517
v 0.015469007194042206 -0.043026071041822433 -0.07581063359975815
v 0.014004611410200596 -0.04441053047776222 -0.0711861401796341
v 0.0140049047768116 -0.04448994994163513 -0.07578545063734055
v 0.01200461108237505 -0.04494633898139 -0.07117701321840286
v 0.012004903517663479 -0.04502576217055321 -0.07577632367610931
v 0.01312961708754301 -0.038998667150735855 -0.07127964496612549
v 0.013953173533082008 -0.03982210159301758 -0.07126537710428238
v 0.014254615642130375 -0.04094694182276726 -0.07124593108892441
v 0.013953170739114285 -0.04207176715135574 -0.07122652977705002
v 0.013129612430930138 -0.042895201593637466 -0.07121235877275467
v 0.012004612945020199 -0.04319660738110542 -0.07120722532272339
v 0.010879612527787685 -0.042895201593637466 -0.07121250778436661
v 0.010004610754549503 -0.04441053047776222 -0.07118639349937439
v 0.010056057013571262 -0.04207176715135574 -0.07122677564620972
v 0.008540511131286621 -0.042946647852659225 -0.07121176272630692
v 0.00975461583584547 -0.04094694182276726 -0.07124622166156769
v 0.008004616014659405 -0.04094694182276726 -0.07124633342027664
v 0.010056059807538986 -0.03982210159301758 -0.07126562297344208
v 0.008540515787899494 -0.03894723579287529 -0.0712808296084404
v 0.010879617184400558 -0.038998667150735855 -0.07127979397773743
v 0.010004619136452675 -0.03748335689306259 -0.071306012570858
v 0.012004617601633072 -0.03869727626442909 -0.07128492742776871
v 0.012004464864730835 -0.0386558398604393 -0.06888528168201447
v 0.013129464350640774 -0.03895723074674606 -0.06887999922037125
v 0.013953020796179771 -0.039780665189027786 -0.06886573135852814
v 0.014254462905228138 -0.040905505418777466 -0.06884628534317017
v 0.013953018002212048 -0.04203033074736595 -0.06882688403129578
v 0.0131294596940279 -0.042853765189647675 -0.06881271302700043
v 0.012004460208117962 -0.04315517097711563 -0.06880757957696915
v 4.632790023606503e-06 -0.024949317798018456 -0.07152309268712997
v 4.925516805087682e-06 -0.025028740987181664 -0.07612240314483643
v 0.0020046322606503963 -0.025485143065452576 -0.07151371240615845
v 0.0020049249287694693 -0.025564566254615784 -0.0761130228638649
v 0.0034687321167439222 -0.026949023827910423 -0.07148834317922592
v 0.003469024784862995 -0.027028445154428482 -0.07608764618635178
v 0.004004628397524357 -0.028948722407221794 -0.0714537724852562
v 0.004004921298474073 -0.029028143733739853 -0.07605308294296265
v 0.003468727692961693 -0.030948428437113762 -0.07141927629709244
v 0.0034690205939114094 -0.03102784976363182 -0.07601858675479889
v 0.0020046245772391558 -0.03241230919957161 -0.07139409333467484
v 0.0020049174781888723 -0.03249173238873482 -0.07599340379238129
v 4.623998847819166e-06 -0.032948125153779984 -0.0713849663734436
v 4.916725629300345e-06 -0.03302754834294319 -0.07598427683115005
v 0.0011296304874122143 -0.02700045518577099 -0.07148759812116623
v 0.001953186932951212 -0.02782388962805271 -0.07147333025932312
v 0.0022546283435076475 -0.028948722407221794 -0.07145388424396515
v 0.0019531843718141317 -0.030073555186390877 -0.07143448293209076
v 0.0011296261800453067 -0.0308969896286726 -0.07142031192779541
v 4.625921974366065e-06 -0.03119838796555996 -0.07141517847776413
v -0.0011203737230971456 -0.0308969896286726 -0.07142045348882675
v -0.0019953756127506495 -0.03241230919957161 -0.07139434665441513
v -0.0019439300522208214 -0.030073555186390877 -0.07143472880125046
v -0.0034594754688441753 -0.030948428437113762 -0.07141971588134766
v -0.002245371462777257 -0.028948722407221794 -0.07145417481660843
v -0.003995371982455254 -0.028948722407221794 -0.07145428657531738
v -0.001943927607499063 -0.02782388962805271 -0.07147357612848282
v -0.003459471045061946 -0.026949023827910423 -0.07148878276348114
v -0.001120369415730238 -0.02700045518577099 -0.07148774713277817
v -0.001995367929339409 -0.025485143065452576 -0.07151396572589874
v 4.6308668970596045e-06 -0.026699064299464226 -0.07149287313222885
v 4.478139544517035e-06 -0.026657626032829285 -0.06909322738647461
v 0.0011294777505099773 -0.026959016919136047 -0.06908795237541199
v 0.0019530340796336532 -0.02778245136141777 -0.06907368451356888
v 0.0022544756066054106 -0.028907284140586853 -0.06905423849821091
v 0.0019530316349118948 -0.030032116919755936 -0.06903483718633652
v 0.0011294734431430697 -0.03085555136203766 -0.06902066618204117
v 4.473194621823495e-06 -0.03115694969892502 -0.06901553273200989
v -0.011995380744338036 -0.03694752976298332 -0.0713166669011116
v -0.011995087377727032 -0.03702695295214653 -0.07591597735881805
v -0.00999538041651249 -0.03748335689306259 -0.07130728662014008
v -0.00999508798122406 -0.0375627800822258 -0.07590659707784653
v -0.008531280793249607 -0.03894723579287529 -0.07128191739320755
v -0.008530988357961178 -0.0390266589820385 -0.075881227850914
v -0.007995384745299816 -0.04094694182276726 -0.07124734669923782
v -0.007995092310011387 -0.041026365011930466 -0.07584665715694427
v -0.00853128544986248 -0.042946647852659225 -0.07121285051107407
v -0.008530992083251476 -0.043026071041822433 -0.07581216096878052
v -0.00999538879841566 -0.04441053047776222 -0.07118766754865646
v -0.009995095431804657 -0.04448994994163513 -0.07578697800636292
v -0.011995389126241207 -0.04494633898139 -0.07117854058742523
v -0.011995096690952778 -0.04502576217055321 -0.07577785104513168
v -0.010870382189750671 -0.038998667150735855 -0.07128117233514786
v -0.010046826675534248 -0.03982210159301758 -0.07126690447330475
v -0.009745384566485882 -0.04094694182276726 -0.07124745845794678
v -0.010046829469501972 -0.04207176715135574 -0.07122805714607239
v -0.010870386846363544 -0.042895201593637466 -0.07121388614177704
v -0.011995387263596058 -0.04319660738110542 -0.07120875269174576
v -0.013120386749505997 -0.042895201593637466 -0.07121403515338898
v -0.013995389454066753 -0.04441053047776222 -0.07118792086839676
v -0.013943943195044994 -0.04207176715135574 -0.07122830301523209
v -0.015459489077329636 -0.042946647852659225 -0.07121329009532928
v -0.014245384372770786 -0.04094694182276726 -0.07124774903059006
v -0.015995385125279427 -0.04094694182276726 -0.07124786078929901
v -0.01394394040107727 -0.03982210159301758 -0.07126715034246445
v -0.015459484420716763 -0.03894723579287529 -0.07128235697746277
v -0.013120382092893124 -0.038998667150735855 -0.0712813213467598
v -0.013995381072163582 -0.03748335689306259 -0.07130753993988037
v -0.011995382606983185 -0.03869727626442909 -0.07128645479679108
v -0.011995535343885422 -0.0386558398604393 -0.06888680905103683
v -0.010870534926652908 -0.03895723074674606 -0.06888152658939362
v -0.010046979412436485 -0.039780665189027786 -0.0688672587275505
v -0.009745537303388119 -0.040905505418777466 -0.06884781271219254
v -0.01004698220640421 -0.04203033074736595 -0.06882841140031815
v -0.010870539583265781 -0.042853765189647675 -0.0688142403960228
v -0.011995540000498295 -0.04315517097711563 -0.06880910694599152
v -0.002245550509542227 -0.052903711795806885 -0.06864015012979507
v -0.0019441066542640328 -0.0517788864672184 -0.06865955144166946
v -0.005241218954324722 -0.046944715082645416 -0.06874324381351471
v -0.006475410424172878 -0.06297054886817932 -0.06846658140420914
v -0.0011205527698621154 -0.05485198646783829 -0.068606436252594
v -0.0019441090989857912 -0.054028552025556564 -0.0686207041144371
v -0.003466615453362465 -0.048112183809280396 -0.06872297078371048
v -0.0011205484624952078 -0.050955452024936676 -0.06867372244596481
v 0.022413577884435654 -0.046084631234407425 -0.0687563344836235
v 0.020925987511873245 -0.05045861750841141 -0.06868089735507965
v 0.01738668605685234 -0.05596505478024483 -0.06858603656291962
v 4.437206371221691e-06 -0.06390208005905151 -0.06845008581876755
v 0.006484286859631538 -0.06297054886817932 -0.06846575438976288
v 0.012439180165529251 -0.06025145202875137 -0.06851233541965485
v -0.012430297210812569 -0.06025145202875137 -0.0685139149427414
v -0.006107567809522152 -0.04606643691658974 -0.06875846534967422
v -0.017377793788909912 -0.05596505478024483 -0.0685882493853569
v -0.02091708406805992 -0.05045861750841141 -0.06868355721235275
v -0.013120539486408234 -0.042853765189647675 -0.06881438940763474
v -0.022761434316635132 -0.044178251177072525 -0.06879212707281113
v -0.013944095931947231 -0.04203033074736595 -0.06882865726947784
v -0.014245537109673023 -0.040905505418777466 -0.06884810328483582
v -0.022761426866054535 -0.03763274475932121 -0.06890515983104706
v -0.013944093137979507 -0.039780665189027786 -0.0688675045967102
v -0.02091706357896328 -0.03135237842798233 -0.06901349127292633
v -0.01312053482979536 -0.03895723074674606 -0.06888167560100555
v -0.017377760261297226 -0.025845946744084358 -0.06910835206508636
v -0.012430255301296711 -0.02155955135822296 -0.06918206065893173
v -0.006475361995398998 -0.018840450793504715 -0.0692286342382431
v -0.005142589565366507 -0.018492158502340317 -0.06923456490039825
v -0.007794962730258703 -0.042685408145189285 -0.06881695240736008
v -0.006250195205211639 -0.04589267075061798 -0.06876147538423538
v -0.0019440827891230583 -0.030032116919755936 -0.06903508305549622
v -0.005241205915808678 -0.034866295754909515 -0.068951815366745
v -0.0034665996208786964 -0.03369881957769394 -0.06897186487913132
v 0.012439222075045109 -0.02155955135822296 -0.06918047368526459
v 0.017386719584465027 -0.025845946744084358 -0.06910613924264908
v -0.002245524199679494 -0.028907284140586853 -0.06905452907085419
v -0.006250184029340744 -0.03591832518577576 -0.06893371045589447
v -0.007794959004968405 -0.039125602692365646 -0.0688784271478653
v -0.0019440803444013 -0.02778245136141777 -0.06907393038272858
v -0.001120522152632475 -0.026959016919136047 -0.06908810138702393
v 4.487755177251529e-06 -0.01790892519056797 -0.06924430280923843
v 0.006484335288405418 -0.018840450793504715 -0.06922780722379684
v 0.02277035266160965 -0.044178251177072525 -0.06878922879695892
v 0.022770360112190247 -0.03763274475932121 -0.06890226155519485
v 0.020926008000969887 -0.03135237842798233 -0.06901083141565323
v 0.010879459790885448 -0.042853765189647675 -0.06881286203861237
v -0.0011205264599993825 -0.03085555136203766 -0.0690208151936531
v 0.010879464447498322 -0.03895723074674606 -0.06888014823198318
v 0.01005590707063675 -0.039780665189027786 -0.06886597722768784
v 0.009754463098943233 -0.040905505418777466 -0.06884657591581345
v 0.010055904276669025 -0.04203033074736595 -0.06882712990045547
v 4.771221938426606e-06 -0.10749919712543488 -0.07369812577962875
v 0.03830458223819733 0.0725785344839096 -0.07074891030788422
v 0.040004611015319824 0.07257067412137985 -0.07120424509048462
v -0.0016954164020717144 0.0725785344839096 -0.07075145095586777
v 4.6126588131301105e-06 0.07257067412137985 -0.07120679318904877
v -0.014195400290191174 0.07257412374019623 -0.07100772857666016
v -0.002939981874078512 0.07260002195835114 -0.06950723379850388
v 0.0017045836430042982 0.0725785344839096 -0.07075123488903046
v 0.002948991023004055 0.07260002195835114 -0.06950686126947403
v 0.041704583913087845 0.0725785344839096 -0.0707486942410469
v 0.04294899106025696 0.07260002195835114 -0.06950431317090988
v 0.03706001862883568 0.07260002195835114 -0.06950468569993973
v -0.037051010876894 0.07260002195835114 -0.06950940191745758
v -0.04293998330831528 0.07260002195835114 -0.06950978189706802
v -0.04169541969895363 0.0725785344839096 -0.07075399905443192
v -0.03999538719654083 0.07257067412137985 -0.07120934128761292
v -0.03829541802406311 0.0725785344839096 -0.0707537829875946
v -0.0077451299875974655 -0.07569620013237 -0.07524795830249786
v -0.020420130342245102 -0.07569620013237 -0.07524876296520233
v -0.020420100539922714 -0.048775214701890945 -0.0757136419415474
v 4.8493088797840755e-06 -0.09436841309070587 -0.0749250277876854
v 0.0030048699118196964 -0.07569620013237 -0.07524727284908295
v 0.020429903641343117 -0.043850935995578766 -0.07579607516527176
v 0.02042989805340767 -0.048775214701890945 -0.07571104168891907
v 0.040754955261945724 0.0016422768821939826 -0.07658036798238754
v -0.04074513167142868 -0.07569620013237 -0.0752500519156456
v -0.040745045989751816 0.0016422768821939826 -0.0765855610370636
v -0.0407450832426548 -0.033277515321969986 -0.07598255574703217
v -0.06022113189101219 -0.015280043706297874 -0.07629457861185074
v -0.06107008084654808 -0.033277515321969986 -0.07598384469747543
v -0.06313329190015793 -0.02359863556921482 -0.07615111768245697
v -0.06490194797515869 -0.032232869416475296 -0.07600212842226028
v -0.06503447890281677 -0.033273328095674515 -0.0759841725230217
v -0.06107008457183838 -0.03527721390128136 -0.07594931870698929
v -0.06524141132831573 -0.03526816889643669 -0.07594973593950272
v -0.06107008829712868 -0.03820177912712097 -0.07589881122112274
v -0.06543376296758652 -0.038193076848983765 -0.07589924335479736
v -0.061070092022418976 -0.043850935995578766 -0.07580126076936722
v -0.06107009947299957 -0.048775214701890945 -0.07571622729301453
v -0.04074510186910629 -0.048775214701890945 -0.07571493834257126
v -0.020420154556632042 -0.09884274750947952 -0.07484906166791916
v -0.0077451555989682674 -0.09884274750947952 -0.07484825700521469
v -0.007745162583887577 -0.10526679456233978 -0.07473732531070709
v -0.0029951627366244793 -0.10526679456233978 -0.07473701983690262
v 0.003004837315529585 -0.10526679456233978 -0.07473663985729218
v 0.007754837162792683 -0.10526679456233978 -0.0747363343834877
v 0.04075486958026886 -0.07569620013237 -0.07524486631155014
v 0.040754906833171844 -0.043850935995578766 -0.0757947787642479
v 0.04075489938259125 -0.048775214701890945 -0.0757097452878952
v 0.05417991057038307 -0.03959763050079346 -0.07586737722158432
v 0.053575966507196426 -0.04020148515701294 -0.07585698366165161
v 0.04075491055846214 -0.03820177912712097 -0.07589232921600342
v 0.053354907780885696 -0.041026365011930466 -0.07584275305271149
v 0.05357596278190613 -0.04185124486684799 -0.07582850009202957
v 0.05417990684509277 -0.04245508462190628 -0.0758180320262909
v 0.04075491800904274 -0.033277515321969986 -0.07597736269235611
v 0.04075491428375244 -0.03527721390128136 -0.07594283670186996
v -0.0029951301403343678 -0.07569620013237 -0.07524765282869339
v -0.0029951005708426237 -0.048775214701890945 -0.07571253180503845
v 0.0030048994813114405 -0.048775214701890945 -0.07571215182542801
v -0.001995101571083069 -0.04956098273396492 -0.07569889724254608
v -0.003459204686805606 -0.05102486535906792 -0.07567371428012848
v -0.007745100650936365 -0.048775214701890945 -0.07571283727884293
v -0.003995105624198914 -0.053024571388959885 -0.07563921809196472
v -0.0034592091105878353 -0.05502427741885185 -0.075604647397995
v 0.005754869896918535 -0.07569620013237 -0.07524709403514862
v 0.005754899233579636 -0.048775214701890945 -0.07571197301149368
v 0.008004908449947834 -0.041026365011930466 -0.0758456438779831
v 0.007754904683679342 -0.043850935995578766 -0.07579687982797623
v 0.007754910737276077 -0.03820177912712097 -0.07589443027973175
v 0.007754899095743895 -0.048775214701890945 -0.07571184635162354
v 0.010004904121160507 -0.04448994994163513 -0.07578570395708084
v 0.00854080356657505 -0.043026071041822433 -0.07581107318401337
v 0.020429911091923714 -0.03820177912712097 -0.07589362561702728
v 0.020429912954568863 -0.03527721390128136 -0.07594412565231323
v 0.007754913996905088 -0.03527721390128136 -0.0759449377655983
v 0.010004911571741104 -0.0375627800822258 -0.07590532302856445
v 0.008540808223187923 -0.0390266589820385 -0.07588014006614685
v -0.001995082711800933 -0.03249173238873482 -0.07599365711212158
v -0.002995083574205637 -0.033277515321969986 -0.07598014920949936
v 0.003004916477948427 -0.033277515321969986 -0.07597976922988892
v -0.007745083421468735 -0.033277515321969986 -0.07598045468330383
v -0.0077450452372431755 0.0016422768821939826 -0.07658345997333527
v -0.002995045157149434 0.0016422768821939826 -0.07658315449953079
v -0.001995075261220336 -0.025564566254615784 -0.0761132761836052
v -0.0034591781441122293 -0.027028445154428482 -0.07608809322118759
v -0.003995079081505537 -0.029028143733739853 -0.07605359703302383
v -0.0034591825678944588 -0.03102784976363182 -0.07601902633905411
v 0.005754916463047266 -0.033277515321969986 -0.07597959041595459
v 0.00300495489500463 0.0016422768821939826 -0.07658277451992035
v 0.005754954647272825 0.0016422768821939826 -0.07658259570598602
v -0.01399509608745575 -0.04448994994163513 -0.07578723132610321
v -0.0077450950630009174 -0.043850935995578766 -0.07579787075519562
v -0.007745085749775171 -0.03527721390128136 -0.07594592124223709
v -0.0077450890094041824 -0.03820177912712097 -0.07589542120695114
v -0.015995092689990997 -0.041026365011930466 -0.07584717124700546
v -0.020420094951987267 -0.043850935995578766 -0.07579867541790009
v -0.015459191985428333 -0.0390266589820385 -0.07588166743516922
v -0.02042008750140667 -0.03820177912712097 -0.07589622586965561
v -0.013995088636875153 -0.0375627800822258 -0.07590685039758682
v -0.02042008563876152 -0.03527721390128136 -0.07594672590494156
v -0.003745084861293435 -0.03453213348984718 -0.07595853507518768
v 4.916176294500474e-06 -0.033527474850416183 -0.07597564160823822
v 0.0037549149710685015 -0.03453213348984718 -0.07595805823802948
v 0.006500094197690487 -0.04477580264210701 -0.07578098773956299
v 0.0037549007683992386 -0.04752058908343315 -0.07573376595973969
v 4.899692612525541e-06 -0.048525240272283554 -0.07571665942668915
v -0.003745099063962698 -0.04752058908343315 -0.07573424279689789
v -0.006490286439657211 -0.04477580264210701 -0.07578181475400925
v -0.007495091762393713 -0.041026365011930466 -0.07584662735462189
v -0.00649027805775404 -0.03727692738175392 -0.07591131329536438
v -0.0009951572865247726 -0.10028548538684845 -0.07482291013002396
v -0.0017272087279707193 -0.10101742297410965 -0.07481031864881516
v -0.002995155518874526 -0.09884274750947952 -0.07484795153141022
v 4.843100214202423e-06 -0.10001756995916367 -0.07482747733592987
v -0.0019951590802520514 -0.10201727598905563 -0.07479307055473328
v -0.001727210939861834 -0.10301712900400162 -0.07477578520774841
v 0.0030048443004488945 -0.09884274750947952 -0.07484757155179977
v -0.000995161011815071 -0.10374906659126282 -0.07476310431957245
v 4.838704626308754e-06 -0.10401696711778641 -0.07475841045379639
v 0.005754844285547733 -0.09884274750947952 -0.07484739273786545
v 0.005754837300628424 -0.10526679456233978 -0.07473646104335785
v 4.845682269660756e-06 -0.09766791760921478 -0.07486804574728012
v -0.0016451524570584297 -0.09601817280054092 -0.07489664107561111
v -0.0014240953605622053 -0.09684304147958755 -0.0748823806643486
v -0.0008201540913432837 -0.09744689613580704 -0.07487192004919052
v -0.0008201509481295943 -0.09458944201469421 -0.07492125779390335
v -0.001424093614332378 -0.0951932966709137 -0.07491087168455124
v 0.02042986825108528 -0.07569620013237 -0.075246162712574
v 0.007754869759082794 -0.07569620013237 -0.07524696737527847
v 0.02042984403669834 -0.09884274750947952 -0.07484646141529083
v 0.007754844147711992 -0.09884274750947952 -0.0748472660779953
v 0.0057549141347408295 -0.03527721390128136 -0.07594506442546844
v 0.0065001025795936584 -0.03727692738175392 -0.07591048628091812
v 0.00750490790233016 -0.041026365011930466 -0.07584567368030548
v -0.015459195710718632 -0.043026071041822433 -0.07581260055303574
v -0.0019951092544943094 -0.05648815631866455 -0.07557927817106247
v -0.05582009255886078 -0.04245508462190628 -0.075825035572052
v -0.040745094418525696 -0.043850935995578766 -0.07579997181892395
v -0.05582008883357048 -0.03959763050079346 -0.07587437331676483
v -0.056424032896757126 -0.04020148515701294 -0.07586398720741272
v -0.056645095348358154 -0.041026365011930466 -0.0758497565984726
v -0.056424036622047424 -0.04185124486684799 -0.07583549618721008
v -0.0407450906932354 -0.03820177912712097 -0.07589752227067947
v 0.007754916325211525 -0.033277515321969986 -0.07597946375608444
v 0.020429914817214012 -0.033277515321969986 -0.07597865909337997
v -0.0407450869679451 -0.03527721390128136 -0.07594802230596542
v 0.007754954509437084 0.0016422768821939826 -0.07658246904611588
v 0.020429953932762146 0.0016422768821939826 -0.07658166438341141
v -0.020420081913471222 -0.033277515321969986 -0.0759812593460083
v -0.020420044660568237 0.0016422768821939826 -0.07658426463603973
v 0.02567998878657818 0.03139178454875946 -0.07709505409002304
v 0.025076044723391533 0.030787929892539978 -0.07708466053009033
v 0.024854985997080803 0.02996305376291275 -0.0770704373717308
v 0.025076042860746384 0.029138177633285522 -0.07705617696046829
v 0.02567998506128788 0.02853432297706604 -0.07704570889472961
v -0.0273200124502182 0.03139178454875946 -0.07709842920303345
v -0.027923956513404846 0.030787929892539978 -0.07708803564310074
v -0.028145013377070427 0.02996305376291275 -0.07707380503416061
v -0.027923958376049995 0.029138177633285522 -0.0770595520734787
v -0.0273200161755085 0.02853432297706604 -0.07704908400774002
v -0.0017284814966842532 -0.10067211091518402 -0.05481329932808876
v 3.576967856133706e-06 -0.09367315471172333 -0.054934050887823105
v -0.001996431965380907 -0.10167196393013 -0.05479605123400688
v -0.001728483708575368 -0.10267181694507599 -0.05477876961231232
v -0.000996433780528605 -0.10340375453233719 -0.054766081273555756
v 3.5632317576528294e-06 -0.10617129504680634 -0.05471822991967201
v -0.04406428709626198 -0.0701218768954277 -0.055343545973300934
v -0.03747306391596794 -0.0781521201133728 -0.05520445480942726
v -0.029441634193062782 -0.08474237471818924 -0.05509014427661896
v -0.02027864009141922 -0.08963937312364578 -0.055004995316267014
v -0.010336209088563919 -0.09265492856502533 -0.054952289909124374
v -0.0009964299388229847 -0.09994016587734222 -0.05482589453458786
v -0.037472981959581375 -0.003209971357136965 -0.05649857968091965
v -0.044064220041036606 -0.011240209452807903 -0.05636033043265343
v -0.048961956053972244 -0.020401842892169952 -0.05620243400335312
v -0.0519779734313488 -0.030342794954776764 -0.056030962616205215
v -0.05299636349081993 -0.04068105295300484 -0.055852506309747696
v -0.05197799578309059 -0.05101929232478142 -0.05567391589283943
v -0.048962000757455826 -0.060960251837968826 -0.05550206080079079
v -0.020278532058000565 0.008277268148958683 -0.0566958487033844
v -0.029441537335515022 0.0033802769612520933 -0.05661186948418617
v -0.010336094535887241 0.011292828246951103 -0.05674729123711586
v -0.006475711707025766 -0.018745489418506622 -0.06372945755720139
v 4.087206889380468e-06 -0.06380711495876312 -0.06295090913772583
v -0.006475760601460934 -0.06287559121847153 -0.06296740472316742
v -0.012430647388100624 -0.06015649065375328 -0.06301473826169968
v -0.017378143966197968 -0.055870093405246735 -0.06308907270431519
v -0.020917434245347977 -0.050363656133413315 -0.06318438053131104
v -0.022761784493923187 -0.04408328980207443 -0.06329295039176941
v -0.02276177704334259 -0.03753778338432312 -0.06340598315000534
v -0.020917411893606186 -0.03125741705298424 -0.06351431459188461
v -0.01737811043858528 -0.025750985369086266 -0.06360917538404465
v -0.012430604547262192 -0.02146458998322487 -0.06368288397789001
v -0.0032496412750333548 -0.0476703904569149 -0.06923066079616547
v -0.003745512804016471 -0.04740836098790169 -0.06923521310091019
v -0.00585924694314599 -0.045589618384838104 -0.06926675885915756
v -0.006490699946880341 -0.044663574546575546 -0.06928278505802155
v -0.007307466585189104 -0.04258279129862785 -0.06931877136230469
v -0.00749550573527813 -0.040914136916399 -0.06934759765863419
v -0.007307463325560093 -0.039245471358299255 -0.0693764016032219
v -0.006490692030638456 -0.03716469928622246 -0.06941228359937668
v -0.00585923669859767 -0.0362386554479599 -0.06942823529243469
v -0.0037454983685165644 -0.03441990539431572 -0.06945950537919998
v -0.003249626373872161 -0.03415787220001221 -0.06946399807929993
v -0.06589295715093613 -0.032081350684165955 -0.07500465959310532
v -0.06409729272127151 -0.023315304890275 -0.07515592128038406
v -0.06114067882299423 -0.014869699254631996 -0.07530157268047333
v -0.010238518938422203 0.010793871246278286 -0.05723874270915985
v -0.020087160170078278 0.007806767709553242 -0.05718778818845749
v -0.029163721948862076 0.0029559710528701544 -0.057104598730802536
v -0.03711939975619316 -0.00357210380025208 -0.05699237808585167
v -0.043648455291986465 -0.011526588350534439 -0.05685543268918991
v -0.04849998652935028 -0.020601794123649597 -0.056699030101299286
v -0.051487550139427185 -0.03044896386563778 -0.056529175490140915
v -0.05249633267521858 -0.04068968445062637 -0.056352399289608
v -0.051487572491168976 -0.05093039572238922 -0.05617549642920494
v -0.04850003123283386 -0.06077756732702255 -0.05600526183843613
v -0.04364851862192154 -0.06985277682542801 -0.05584824085235596
v -0.03711948171257973 -0.07780726253986359 -0.05571046471595764
v -0.029163818806409836 -0.0843353420495987 -0.05559723079204559
v -0.020087266340851784 -0.08918613940477371 -0.05551288649439812
v -0.010238631628453732 -0.09217324107885361 -0.05546067655086517
v 3.6093356357014272e-06 -0.09318185597658157 -0.05544260889291763
v 4.054839337186422e-06 -0.06429840624332428 -0.062442347407341
v -0.0382954366505146 0.05283148214221001 -0.0704127848148346
v -0.03999540954828262 0.052823618054389954 -0.0708683431148529
v -0.03705103322863579 0.052852969616651535 -0.06916840374469757
v -0.04294000566005707 0.052852969616651535 -0.06916878372430801
v -0.04169543832540512 0.05283148214221001 -0.0704130008816719
v 0.0017045619897544384 0.05283148214221001 -0.07041023671627045
v 4.590955995809054e-06 0.052823618054389954 -0.07086579501628876
v 0.0029489691369235516 0.052852969616651535 -0.06916586309671402
v -0.0029400037601590157 0.052852969616651535 -0.06916623562574387
v -0.0016954380553215742 0.05283148214221001 -0.07041046023368835
v 0.04170456528663635 0.05283148214221001 -0.0704076960682869
v 0.04000458866357803 0.052823618054389954 -0.07086324691772461
v 0.04294896870851517 0.052852969616651535 -0.06916331499814987
v 0.03705999627709389 0.052852969616651535 -0.06916368752717972
v 0.038304563611745834 0.05283148214221001 -0.0704079121351242
v -0.02649545483291149 0.057586751878261566 -0.07014769315719604
v -0.027995429933071136 0.05757981538772583 -0.07054965198040009
v -0.025397447869181633 0.05760571360588074 -0.06904970854520798
v -0.030593600124120712 0.05760571360588074 -0.06905004382133484
v -0.02949545532464981 0.057586751878261566 -0.07014787942171097
v 0.029504545032978058 0.057586751878261566 -0.07014412432909012
v 0.028004571795463562 0.05757981538772583 -0.07054608315229416
v 0.030602551996707916 0.05760571360588074 -0.06904614716768265
v 0.025406399741768837 0.05760571360588074 -0.06904647499322891
v 0.02650454454123974 0.057586751878261566 -0.07014431804418564
v -0.0014247380895540118 -0.09666865319013596 -0.06478388607501984
v -0.0016457951860502362 -0.09584379196166992 -0.06479814648628235
v -0.0008207968203350902 -0.09727250784635544 -0.06477342545986176
v -0.0008207936771214008 -0.09441505372524261 -0.06482276320457458
v -0.0014247362269088626 -0.0950189083814621 -0.06481237709522247
v 0.05357532203197479 -0.04167686030268669 -0.0657300055027008
v 0.05335426703095436 -0.040851980447769165 -0.06574425846338272
v 0.05417926236987114 -0.04228070005774498 -0.06571953743696213
v 0.05417926609516144 -0.039423245936632156 -0.06576888263225555
v 0.05357532203197479 -0.04002710059285164 -0.06575848907232285
v -0.05642467737197876 -0.04167686030268669 -0.06573700159788132
v -0.05664573609828949 -0.040851980447769165 -0.06575126200914383
v -0.055820733308792114 -0.04228070005774498 -0.06572654098272324
v -0.055820733308792114 -0.039423245936632156 -0.06577587872743607
v -0.05642467737197876 -0.04002710059285164 -0.06576549261808395
v 0.0250754002481699 0.029312560334801674 -0.06695768237113953
v 0.024854343384504318 0.0301374364644289 -0.06697194278240204
v 0.025679342448711395 0.02870870754122734 -0.06694721430540085
v 0.025679346174001694 0.03156616911292076 -0.06699655950069427
v 0.025075402110815048 0.03096231259405613 -0.06698617339134216
v -0.02792460098862648 0.029312560334801674 -0.06696105748414993
v -0.02814565598964691 0.0301374364644289 -0.06697531044483185
v -0.027320658788084984 0.02870870754122734 -0.06695058941841125
v -0.027320655062794685 0.03156616911292076 -0.06699993461370468
v -0.02792459912598133 0.03096231259405613 -0.06698954105377197
v 0.02649589441716671 0.03408007696270943 0.06577987968921661
v 0.026495251804590225 0.03425446152687073 0.07587837427854538
v 0.025670895352959633 0.03385905176401138 0.06578364223241806
v 0.025670250877738 0.034033436328172684 0.07588213682174683
v 0.025066951289772987 0.0332551971077919 0.06579403579235077
v 0.025066308677196503 0.0334295816719532 0.07589252293109894
v 0.024845892563462257 0.03243032097816467 0.0658082589507103
v 0.024845249950885773 0.032604705542325974 0.07590675354003906
v 0.025066949427127838 0.031605444848537445 0.06582251936197281
v 0.025066306814551353 0.031779829412698746 0.07592101395130157
v 0.025670891627669334 0.031001592054963112 0.06583298742771149
v 0.02567024901509285 0.031175976619124413 0.07593148201704025
v 0.02649589069187641 0.030780570581555367 0.06583685427904129
v 0.026495248079299927 0.030954953283071518 0.07593534886837006
v 0.026495955884456635 0.03241320699453354 0.06481709331274033
v -0.02650410495698452 0.03408007696270943 0.06577650457620621
v -0.026504747569561005 0.03425446152687073 0.07587499916553497
v -0.027329105883836746 0.03385905176401138 0.06578026711940765
v -0.02732974849641323 0.034033436328172684 0.07587876170873642
v -0.02793304994702339 0.0332551971077919 0.06579066067934036
v -0.027933692559599876 0.0334295816719532 0.07588915526866913
v -0.028154106810688972 0.03243032097816467 0.06580489128828049
v -0.028154749423265457 0.032604705542325974 0.07590338587760925
v -0.02793305180966854 0.031605444848537445 0.0658191442489624
v -0.027933694422245026 0.031779829412698746 0.07591763883829117
v -0.027329109609127045 0.031001592054963112 0.06582961231470108
v -0.02732975222170353 0.031175976619124413 0.07592810690402985
v -0.02650410868227482 0.030780570581555367 0.06583347916603088
v -0.026504751294851303 0.030954953283071518 0.07593197375535965
v -0.026504043489694595 0.03241320699453354 0.06481372565031052
v -0.05500418320298195 -0.03690933808684349 0.06700055301189423
v -0.05500482767820358 -0.03673495352268219 0.07709904760122299
v -0.055829182267189026 -0.037130363285541534 0.06700432300567627
v -0.05582982674241066 -0.036955978721380234 0.07710281759500504
v -0.05643312633037567 -0.03773421794176102 0.06701470911502838
v -0.056433770805597305 -0.037559833377599716 0.07711320370435715
v -0.0566541887819767 -0.03855909779667854 0.0670289397239685
v -0.056654829531908035 -0.03838471323251724 0.07712743431329727
v -0.05643313005566597 -0.03938397765159607 0.06704320013523102
v -0.056433770805597305 -0.03920959308743477 0.07714169472455978
v -0.055829185992479324 -0.03998781368136406 0.0670536607503891
v -0.05582983046770096 -0.03981343284249306 0.07715215533971786
v -0.05500418692827225 -0.0402088426053524 0.0670575350522995
v -0.05500483140349388 -0.0400344580411911 0.07715602964162827
v -0.05500412359833717 -0.03857621178030968 0.06603777408599854
v 0.0549958162009716 -0.03690933808684349 0.06700755655765533
v 0.05499517172574997 -0.03673495352268219 0.0771060511469841
v 0.054170817136764526 -0.037130363285541534 0.06701131910085678
v 0.05417017266154289 -0.036955978721380234 0.07710981369018555
v 0.05356687307357788 -0.03773421794176102 0.06702171266078949
v 0.05356622859835625 -0.037559833377599716 0.07712020725011826
v 0.05334581434726715 -0.03855909779667854 0.06703594326972961
v 0.053345173597335815 -0.03838471323251724 0.07713443785905838
v 0.05356686934828758 -0.03938397765159607 0.06705019623041153
v 0.05356622859835625 -0.03920959308743477 0.0771486908197403
v 0.05417081341147423 -0.03998781368136406 0.06706066429615021
v 0.054170168936252594 -0.03981343284249306 0.07715915888547897
v 0.054995812475681305 -0.0402088426053524 0.06706453114748001
v 0.05499516800045967 -0.0400344580411911 0.07716302573680878
v 0.05499587580561638 -0.03857621178030968 0.06604477763175964
v -4.244314368406776e-06 -0.09190114587545395 0.0679536685347557
v -4.887041086476529e-06 -0.09172676503658295 0.07805216312408447
v -0.0008292445563711226 -0.0921221673488617 0.06795743852853775
v -0.0008298872853629291 -0.09194778650999069 0.07805592566728592
v -0.0014331871643662453 -0.09272602200508118 0.06796782463788986
v -0.0014338298933580518 -0.09255164116621017 0.07806631922721863
v -0.001654246123507619 -0.093550905585289 0.06798205524682999
v -0.0016548888524994254 -0.093376524746418 0.07808054983615875
v -0.0014331890270113945 -0.09437576681375504 0.0679963156580925
v -0.001433831756003201 -0.09420138597488403 0.07809481024742126
v -0.0008292476995848119 -0.09497962146997452 0.06800677627325058
v -0.0008298904285766184 -0.09480524063110352 0.07810527086257935
v -4.247940978530096e-06 -0.09520065039396286 0.06801065057516098
v -4.890667241852498e-06 -0.09502626955509186 0.07810914516448975
v -4.183037617622176e-06 -0.09356801956892014 0.06699088960886002
v -4.712131612905068e-06 -0.04841774329543114 0.07530400156974792
v -4.776062269229442e-06 -0.04866839200258255 0.0763084664940834
v 0.0022800578735768795 -0.04841099679470062 0.07630416750907898
v -4.823451945412671e-06 -0.04938769340515137 0.07705305516719818
v 0.002442907076328993 -0.04911194369196892 0.07704845070838928
v -4.841601821681252e-06 -0.05038291960954666 0.07733822613954544
v 0.0026654100511223078 -0.05008210986852646 0.07733320444822311
v 0.0052017648704349995 -0.04919472709298134 0.07731804251670837
v 0.004767898935824633 -0.04829851910471916 0.07703455537557602
v 0.0074770390056073666 -0.04776529222726822 0.0772935003042221
v 0.006853566970676184 -0.04698820412158966 0.0770120620727539
v 0.00937714148312807 -0.04586546868085861 0.0772608146071434
v 0.008595327846705914 -0.04524669423699379 0.07698209583759308
v 0.010806791484355927 -0.04359053447842598 0.07722162455320358
v 0.009905841201543808 -0.04316135123372078 0.07694616913795471
v 0.011694302782416344 -0.041054558008909225 0.07717788964509964
v 0.010719393379986286 -0.040836699306964874 0.07690607756376266
v 0.011995172128081322 -0.03838471323251724 0.07713180035352707
v 0.010995188727974892 -0.03838934004306793 0.0768638327717781
v 0.011694309301674366 -0.035714853554964066 0.07708568125963211
v 0.010719398967921734 -0.035941965878009796 0.07682155817747116
v 0.010806803591549397 -0.03317887336015701 0.07704183459281921
v 0.009905851446092129 -0.033617328852415085 0.07678136229515076
v 0.00937715731561184 -0.030903946608304977 0.07700245827436447
v 0.008595342747867107 -0.03153196722269058 0.07674526423215866
v 0.007477059494704008 -0.02900412306189537 0.07696952670812607
v 0.006853586062788963 -0.029790468513965607 0.07671508193016052
v 0.005201788619160652 -0.0275746900588274 0.07694470137357712
v 0.004767920821905136 -0.028480149805545807 0.07669232040643692
v 0.0026654356624931097 -0.026687316596508026 0.07692921906709671
v 0.002442930592224002 -0.027666721493005753 0.07667812705039978
v -4.81522829431924e-06 -0.02638649195432663 0.07692385464906693
v -4.799276211997494e-06 -0.027390971779823303 0.07667320966720581
v 0.004450321197509766 -0.04765170067548752 0.07629119604825974
v 0.006397188175469637 -0.04642858728766441 0.0762702003121376
v 0.008023033849895 -0.04480297863483429 0.07624223083257675
v 0.009246333502233028 -0.042856402695178986 0.07620869576931
v 0.010005743242800236 -0.040686462074518204 0.07617127150297165
v 0.01026318408548832 -0.03840197995305061 0.07613184303045273
v 0.010005748830735683 -0.03611747920513153 0.07609237730503082
v 0.009246342815458775 -0.03394753858447075 0.07605485618114471
v 0.00802304781973362 -0.032000962644815445 0.07602116465568542
v 0.006397205870598555 -0.030375361442565918 0.07599298655986786
v 0.004450341686606407 -0.029152246192097664 0.07597174495458603
v 0.0022800799924880266 -0.02839295193552971 0.0759584903717041
v -4.753495431941701e-06 -0.028135551139712334 0.0759539008140564
v 0.002220497466623783 -0.048167068511247635 0.07529981434345245
v 0.004334126133471727 -0.04742759093642235 0.07528717815876007
v 0.00623018853366375 -0.04623638838529587 0.07526672631502151
v 0.007813607342541218 -0.044653214514255524 0.07523948699235916
v 0.009004983119666576 -0.04275742918252945 0.07520683109760284
v 0.009744576178491116 -0.04064411669969559 0.07517038285732269
v 0.009995298460125923 -0.038419242948293686 0.07513197511434555
v 0.009744580835103989 -0.036194369196891785 0.07509354501962662
v 0.009004992432892323 -0.03408104553818703 0.0750569999217987
v 0.007813621312379837 -0.03218526765704155 0.07502418756484985
v 0.00623020576313138 -0.030602090060710907 0.07499674707651138
v 0.004334146156907082 -0.029410891234874725 0.07497605681419373
v 0.0022205188870429993 -0.02867141179740429 0.07496315240859985
v -4.690154128184076e-06 -0.02842072956264019 0.0749586820602417
v 0.01749524660408497 0.030105076730251312 0.07594945281744003
v 0.017496518790721893 0.029759762808680534 0.05595243349671364
v 0.016825372353196144 0.027605457231402397 0.07599257677793503
v 0.01682664453983307 0.02726014144718647 0.05599555745720863
v 0.014995241537690163 0.025775598362088203 0.07602405548095703
v 0.014996514655649662 0.025430284440517426 0.056027039885520935
v 0.01249524112790823 0.025105824694037437 0.07603546231985092
v 0.01249651424586773 0.02476051077246666 0.05603844299912453
v 0.01249526347965002 0.04510284587740898 0.07569015026092529
v 0.01249653659760952 0.044757530093193054 0.0556931309401989
v 0.014995262026786804 0.044433072209358215 0.07570187747478485
v 0.014996535144746304 0.04408775642514229 0.05570485442876816
v 0.016825389117002487 0.04260321706533432 0.07573358714580536
v 0.016826661303639412 0.04225790500640869 0.05573657155036926
v 0.017495257779955864 0.04010358825325966 0.07577679306268692
v 0.01749652996659279 0.03975827619433403 0.055779777467250824
v -0.017504742369055748 0.04010358825325966 0.07577456533908844
v -0.017503470182418823 0.03975827619433403 0.055777549743652344
v -0.016834866255521774 0.04260321706533432 0.07573144882917404
v -0.01683359406888485 0.04225790500640869 0.05573442950844765
v -0.015004737302660942 0.044433072209358215 0.07569996267557144
v -0.015003464184701443 0.04408775642514229 0.055702947080135345
v -0.01250473689287901 0.04510284587740898 0.07568855583667755
v -0.01250346377491951 0.044757530093193054 0.055691540241241455
v -0.0125047592446208 0.025105824694037437 0.07603387534618378
v -0.0125034861266613 0.02476051077246666 0.056036852300167084
v -0.015004757791757584 0.025775598362088203 0.07602214813232422
v -0.015003484673798084 0.025430284440517426 0.056025128811597824
v -0.016834883019328117 0.027605457231402397 0.07599043101072311
v -0.016833610832691193 0.02726014144718647 0.05599341541528702
v -0.017504753544926643 0.030105076730251312 0.07594722509384155
v -0.01750348135828972 0.029759762808680534 0.05595020577311516
v 0.0025757302064448595 0.025105824694037437 0.07603482902050018
v -0.002585247391834855 0.025105824694037437 0.07603450119495392
v -0.0025852255057543516 0.04510284587740898 0.07568918913602829
v 0.002575752092525363 0.04510284587740898 0.07568951696157455
v -0.05000349506735802 0.07477032393217087 0.05617103353142738
v -0.04900342971086502 0.07375320792198181 0.055188510566949844
v -0.05000355467200279 0.021046634763479233 0.05709875002503395
v -0.049003489315509796 0.021029368042945862 0.05609896034002304
v 0.0499965064227581 0.07477032393217087 0.056177400052547455
v 0.048996567726135254 0.07375320792198181 0.05519474670290947
v 0.014196505770087242 0.07477032393217087 0.056175120174884796
v -0.05080754682421684 0.012117580510675907 0.05725288763642311
v -0.049823563545942307 0.011921728029847145 0.05625618249177933
v -0.05319364741444588 0.003475666046142578 0.05740196630358696
v -0.052257388830184937 0.00310698663815856 0.056408241391181946
v -0.057085126638412476 -0.004601168446242809 0.05754119157791138
v -0.056226696819067 -0.005131389945745468 0.05655025318264961
v 0.04899650812149048 0.021029368042945862 0.056105196475982666
v 0.04999644681811333 0.021046634763479233 0.05710511654615402
v -3.6276669561630115e-06 -0.10422027111053467 0.058264926075935364
v -3.6924022879247786e-06 -0.10520285367965698 0.05928204208612442
v -0.011633777059614658 -0.10417812317609787 0.05926360934972763
v -0.011458824388682842 -0.1032109409570694 0.05824676528573036
v -0.0229053795337677 -0.10113552212715149 0.05921034887433052
v -0.022560928016901016 -0.10021409392356873 0.05819430947303772
v -0.03347106650471687 -0.09616882354021072 0.05912391096353531
v -0.03296773508191109 -0.09532208740711212 0.05810917168855667
v -0.04300517216324806 -0.08943113684654236 0.0590069554746151
v -0.04235847294330597 -0.08868572860956192 0.05799397453665733
v -0.0512138232588768 -0.08113013207912445 0.058863088488578796
v -0.050443679094314575 -0.08050954341888428 0.05785227194428444
v -0.05784399062395096 -0.07152166962623596 0.058696746826171875
v -0.056974146515131 -0.07104557752609253 0.057688429951667786
v -0.06269131600856781 -0.060901932418346405 0.05851305276155472
v -0.061748579144477844 -0.060585521161556244 0.05750750005245209
v -0.06560637801885605 -0.049598224461078644 0.058317672461271286
v -0.06461981683969498 -0.049451809376478195 0.05731505528092384
v -0.06649934500455856 -0.037959009408950806 0.05811662599444389
v -0.06549934297800064 -0.037987612187862396 0.0571170337498188
v -0.06534267216920853 -0.02634301967918873 0.05791611224412918
v -0.06436006724834442 -0.026546292006969452 0.056919533759355545
v -0.06217202544212341 -0.015108310617506504 0.057722307741642
v -0.06123710051178932 -0.015480528585612774 0.05672864615917206
v 0.05707796290516853 -0.004601168446242809 0.057548459619283676
v 0.05621965602040291 -0.005131389945745468 0.05655740946531296
v 0.05318650230765343 0.003475666046142578 0.057408738881349564
v 0.052250370383262634 0.00310698663815856 0.056414894759655
v 0.05080041661858559 0.012117580510675907 0.05725935474038124
v 0.0498165600001812 0.011921728029847145 0.05626252293586731
v 0.06216483563184738 -0.015108310617506504 0.05773022398352623
v 0.06409855931997299 -0.021018965169787407 0.05783241242170334
v 0.06435298919677734 -0.026546292006969452 0.05692772567272186
v 0.06123003736138344 -0.015480528585612774 0.05673643946647644
v 0.0653354600071907 -0.02634301967918873 0.05792442709207535
v 0.06589420884847641 -0.02978501096367836 0.05798390135169029
v 0.06549223512411118 -0.037987612187862396 0.05712537094950676
v 0.06649210304021835 -0.037959009408950806 0.058125089854002
v 0.06649637967348099 -0.0387127622961998 0.058138106018304825
v 0.06461267918348312 -0.049451809376478195 0.05732328072190285
v 0.06559912115335464 -0.049598224461078644 0.05832602456212044
v 0.06548608839511871 -0.05025865137577057 0.05833742022514343
v 0.0617414191365242 -0.060585521161556244 0.057515356689691544
v 0.06268402934074402 -0.060901932418346405 0.05852103233337402
v 0.062485914677381516 -0.06145371496677399 0.058530550450086594
v 0.05696696415543556 -0.07104557752609253 0.05769568309187889
v 0.057836681604385376 -0.07152166962623596 0.058704107999801636
v 0.05758703500032425 -0.07195781171321869 0.05871162563562393
v 0.05043647438287735 -0.08050954341888428 0.05785869061946869
v 0.05120649188756943 -0.08113013207912445 0.058869607746601105
v 0.05093828961253166 -0.08145177364349365 0.05887514725327492
v 0.04235125333070755 -0.08868572860956192 0.05799936503171921
v 0.0429978221654892 -0.08943113684654236 0.059012431651353836
v 0.04274170100688934 -0.08964712917804718 0.059016142040491104
v 0.032960500568151474 -0.09532208740711212 0.05811336636543274
v 0.033463701605796814 -0.09616882354021072 0.05912817269563675
v 0.022898003458976746 -0.10113552212715149 0.059213265776634216
v 0.022553682327270508 -0.10021409392356873 0.058197181671857834
v 0.011626394465565681 -0.10417812317609787 0.05926508828997612
v 0.011451571248471737 -0.1032109409570694 0.05824822559952736
v -3.6924022879247786e-06 -0.10520285367965698 0.05928204208612442
v -0.049004703760147095 0.07409851998090744 0.07518552988767624
v -0.05000464245676994 0.07508110255002975 0.07416834682226181
v -0.049004752188920975 0.028030389919877052 0.07598104327917099
v -0.05000469833612442 0.021357417106628418 0.07509606331586838
v -0.04900475963950157 0.02137468196451664 0.07609597593545914
v 0.04755041003227234 0.07409851998090744 0.0751916766166687
v 0.04899529367685318 0.07409851998090744 0.07519176602363586
v 0.049995359033346176 0.07508110255002975 0.07417470961809158
v 0.0025757839903235435 0.07409851998090744 0.07518881559371948
v 0.014690021984279156 0.07409851998090744 0.07518958300352097
v 0.014195360243320465 0.07508110255002975 0.07417242974042892
v 0.021170295774936676 0.07409851998090744 0.0751899927854538
v -0.03889061138033867 0.07409851998090744 0.07518617063760757
v -0.030959822237491608 0.07409851998090744 0.07518667727708817
v -0.026705222204327583 0.07409851998090744 0.07518694549798965
v 0.02669581212103367 0.07409851998090744 0.07519035041332245
v 0.030950412154197693 0.07409851998090744 0.07519061863422394
v 0.038881201297044754 0.07409851998090744 0.07519112527370453
v -0.02117970585823059 0.07409851998090744 0.0751873031258583
v -0.01469943206757307 0.07409851998090744 0.07518771290779114
v -0.002585193607956171 0.07409851998090744 0.07518848031759262
v -0.0570862740278244 -0.004290385637432337 0.0755385085940361
v -0.05622796714305878 -0.004786075558513403 0.07654727250337601
v -0.0531947948038578 0.003786448622122407 0.07539927959442139
v -0.05225866287946701 0.0034523005597293377 0.07640526443719864
v -0.05080869048833847 0.012428362853825092 0.07525020092725754
v -0.04982483386993408 0.012267041951417923 0.07625319808721542
v 0.048995234072208405 0.02137468196451664 0.07610221952199936
v 0.0499953031539917 0.021357417106628418 0.07510242611169815
v 0.048995241522789 0.028030389919877052 0.07598728686571121
v -0.06534381955862045 -0.026032237336039543 0.07591342180967331
v -0.0612383708357811 -0.015135214664041996 0.07672566175460815
v -0.06217316910624504 -0.014797528274357319 0.07571962475776672
v -0.06560752540826797 -0.04928744211792946 0.07631498575210571
v -0.06550061702728271 -0.03764230012893677 0.0771140530705452
v -0.06650048494338989 -0.03764822706580162 0.07611393928527832
v -0.065453439950943 -0.03579109162092209 0.0770820900797844
v -0.0643613412976265 -0.026200978085398674 0.07691655308008194
v -0.06174985319375992 -0.06024020537734032 0.07750451564788818
v -0.06443742662668228 -0.050159718841314316 0.07733027637004852
v -0.06462109088897705 -0.049106497317552567 0.07731207460165024
v -0.06269246339797974 -0.06059115007519722 0.07651036232709885
v -0.057845138013362885 -0.07121089100837708 0.076694056391716
v -0.05697542056441307 -0.0707002580165863 0.07768544554710388
v -0.05121497064828873 -0.08081934601068497 0.07686040550470352
v -0.05044494941830635 -0.08016423135995865 0.07784929126501083
v -0.04300631955265999 -0.08912035077810287 0.07700426876544952
v -0.04235974699258804 -0.0883404091000557 0.07799099385738373
v -0.0334722138941288 -0.09585804492235184 0.07712122052907944
v -0.03296900913119316 -0.0949767678976059 0.07810618728399277
v -0.022906525060534477 -0.100824736058712 0.07720766216516495
v -0.02256220020353794 -0.0998687818646431 0.07819132506847382
v -0.011634922586381435 -0.10386733710765839 0.07726091891527176
v -0.011460097506642342 -0.10286562889814377 0.07824378460645676
v -4.837854703509947e-06 -0.1048920750617981 0.07727935910224915
v -4.900392468698556e-06 -0.10387495160102844 0.07826194167137146
v 0.05079927295446396 0.012428362853825092 0.07525666803121567
v 0.04981528967618942 0.012267041951417923 0.0762595385313034
v 0.0531853549182415 0.003786448622122407 0.07540605217218399
v 0.05224909633398056 0.0034523005597293377 0.0764119103550911
v 0.057076819241046906 -0.004290385637432337 0.0755457729101181
v 0.05621838569641113 -0.004786075558513403 0.07655442506074905
v 0.01154276728630066 -0.10388192534446716 0.07726264744997025
v 0.011369056068360806 -0.10288000106811523 0.07824548333883286
v 0.022739505395293236 -0.10088221728801727 0.07721155881881714
v 0.022397423163056374 -0.09992540627717972 0.07819516956806183
v 0.03324517235159874 -0.09598408639431 0.07712765038013458
v 0.032745108008384705 -0.09510092437267303 0.07811251282691956
v 0.042740557342767715 -0.0893363431096077 0.07701345533132553
v 0.042097706347703934 -0.08855313807725906 0.0780000388622284
v 0.04487309977412224 -0.08608731627464294 0.0779576376080513
v 0.050937142223119736 -0.08114098757505417 0.07687246054410934
v 0.05017103627324104 -0.08048103004693985 0.07786116749048233
v 0.05758588761091232 -0.0716470256447792 0.07670893520116806
v 0.05671979859471321 -0.07112982869148254 0.07770010083913803
v 0.06248476728796959 -0.0611429288983345 0.07652786374092102
v 0.06154501438140869 -0.060783687978982925 0.07752174884080887
v 0.06443005055189133 -0.05014708265662193 0.07733825594186783
v 0.06548494100570679 -0.049947865307331085 0.07633472979068756
v 0.06450006365776062 -0.049756970256567 0.0773315280675888
v 0.06649523228406906 -0.03840197995305061 0.07613541930913925
v 0.06549517065286636 -0.03838471323251724 0.07713520526885986
v -0.004213826265186071 -0.028361672535538673 0.06895649433135986
v -4.3072373046015855e-06 -0.027524471282958984 0.06894230842590332
v -4.371972408989677e-06 -0.028507057577371597 0.06995942443609238
v -0.0038312070537358522 -0.02926814742386341 0.06997232884168625
v -0.004343210253864527 -0.029497219249606133 0.06997624784708023
v -0.007782485336065292 -0.030745815485715866 0.06899744272232056
v -0.007075442932546139 -0.03143554925918579 0.07000954449176788
v -0.007822691462934017 -0.03227159380912781 0.07002393901348114
v -0.010166989639401436 -0.03431394696235657 0.06905890256166458
v -0.009243174456059933 -0.03467930108308792 0.07006542384624481
v -0.009753660298883915 -0.03628069907426834 0.07009304314851761
v -0.011004319414496422 -0.03852283954620361 0.0691315308213234
v -0.010004382580518723 -0.03850557282567024 0.07013145089149475
v -0.010166998952627182 -0.04273172840476036 0.06920426338911057
v -0.009753664955496788 -0.040730446577072144 0.07016988098621368
v -0.009243182837963104 -0.04233182966709137 0.07019756734371185
v -0.007782502565532923 -0.04629984498023987 0.06926602870225906
v -0.007822705432772636 -0.04473954066634178 0.07023923844099045
v -0.00707545829936862 -0.0455755814909935 0.07025372236967087
v -0.004213848616927862 -0.04868398979306221 0.06930743157863617
v -4.39395034845802e-06 -0.048504073172807693 0.0703047439455986
v -4.331412583269412e-06 -0.04952118918299675 0.06932215392589569
v -0.00383122731000185 -0.04774298891425133 0.07029135525226593
v -0.004343230277299881 -0.047513917088508606 0.07028736919164658
v -0.025004083290696144 0.05992795154452324 0.06543026864528656
v -0.02540591172873974 0.05990204960107803 0.0639304667711258
v -0.026503918692469597 0.05988309159874916 0.06283248215913773
v -0.028003893792629242 0.059876151382923126 0.062430527061223984
v -0.029503919184207916 0.05988309159874916 0.0628322958946228
v -0.030602063983678818 0.05990204960107803 0.06393013149499893
v -0.031004082411527634 0.05992795154452324 0.06542988866567612
v -0.028004087507724762 0.05812564119696617 0.06546120345592499
v 0.030995914712548256 0.05992795154452324 0.06543383002281189
v 0.03059408813714981 0.05990204960107803 0.06393402814865112
v 0.029496081173419952 0.05988309159874916 0.06283605098724365
v 0.027996107935905457 0.059876151382923126 0.06243409216403961
v 0.026496080681681633 0.05988309159874916 0.06283585727214813
v 0.02539793588221073 0.05990204960107803 0.06393370032310486
v 0.024995915591716766 0.05992795154452324 0.06543345004320145
v 0.027995914220809937 0.05812564119696617 0.06546476483345032
v -0.03660409152507782 0.05517866089940071 0.0655115395784378
v -0.03660406917333603 0.07492571324110031 0.06517054885625839
v -0.03705949708819389 0.05514930933713913 0.0638117715716362
v -0.0370594747364521 0.07489636540412903 0.06347077339887619
v -0.03830390051007271 0.0551278218626976 0.06256739050149918
v -0.03830387815833092 0.0748748779296875 0.062226392328739166
v -0.04000387340784073 0.05511995777487755 0.062111835926771164
v -0.04000385105609894 0.07486701011657715 0.061770837754011154
v -0.041703902184963226 0.0551278218626976 0.06256717443466187
v -0.041703879833221436 0.0748748779296875 0.062226176261901855
v -0.04294846951961517 0.05514930933713913 0.06381139159202576
v -0.04294844716787338 0.07489636540412903 0.06347039341926575
v -0.04340409114956856 0.05517866089940071 0.06551110744476318
v -0.04340406879782677 0.07492571324110031 0.06517010927200317
v -0.04000408947467804 0.053136035799980164 0.06554660201072693
v 0.0033959110733121634 0.05517866089940071 0.06551408767700195
v 0.003395932726562023 0.07492571324110031 0.06517308950424194
v 0.0029405055101960897 0.05514930933713913 0.06381431221961975
v 0.002940527396276593 0.07489636540412903 0.06347331404685974
v 0.0016960983630269766 0.0551278218626976 0.06256993860006332
v 0.0016961200162768364 0.0748748779296875 0.062228936702013016
v -3.8726684579160064e-06 0.05511995777487755 0.06211438030004501
v -3.85096564059495e-06 0.07486701011657715 0.061773382127285004
v -0.001703901682049036 0.0551278218626976 0.06256972253322601
v -0.0017038800287991762 0.0748748779296875 0.062228720635175705
v -0.0029484673868864775 0.05514930933713913 0.0638139396905899
v -0.002948445500805974 0.07489636540412903 0.0634729415178299
v -0.003404089016839862 0.05517866089940071 0.06551365554332733
v -0.003404067363590002 0.07492571324110031 0.06517265737056732
v -4.091276878170902e-06 0.053136035799980164 0.06554914265871048
v 0.043395910412073135 0.05517866089940071 0.0655166357755661
v 0.043395932763814926 0.07492571324110031 0.06517563760280609
v 0.04294050484895706 0.05514930933713913 0.0638168603181839
v 0.04294052720069885 0.07489636540412903 0.06347586214542389
v 0.04169610142707825 0.0551278218626976 0.06257247924804688
v 0.04169612005352974 0.0748748779296875 0.062231484800577164
v 0.03999612480401993 0.05511995777487755 0.06211692839860916
v 0.03999614715576172 0.07486701011657715 0.06177593022584915
v 0.03829609975218773 0.0551278218626976 0.06257226318120956
v 0.03829611837863922 0.0748748779296875 0.06223126873373985
v 0.03705153241753578 0.05514930933713913 0.06381648778915405
v 0.03705155476927757 0.07489636540412903 0.06347548961639404
v 0.0365959107875824 0.05517866089940071 0.06551620364189148
v 0.03659593313932419 0.07492571324110031 0.06517520546913147
v 0.03999590873718262 0.053136035799980164 0.06555169075727463
v -0.0500042699277401 0.0749809667468071 0.06836921721696854
v 0.049995727837085724 0.0749809667468071 0.06837558001279831
v 0.007896559312939644 -0.08343443274497986 0.06340730935335159
v 0.007376095745712519 -0.08048316091299057 0.06335631757974625
v 0.00838893186300993 -0.08333898335695267 0.06390576809644699
v 0.007622158620506525 -0.08043471723794937 0.06360553950071335
v 0.007867957465350628 -0.08038482069969177 0.06385472416877747
v 0.007485562935471535 -0.08401449769735336 0.06341730058193207
v 0.007566938642412424 -0.08449912071228027 0.06392575055360794
v -3.98860584027716e-06 -0.08511950075626373 0.06393598020076752
v -3.956238288083114e-06 -0.08462820947170258 0.06342742592096329
v -0.007574914488941431 -0.08449912071228027 0.06392478942871094
v -0.007493474055081606 -0.08401449769735336 0.06341634690761566
v 0.007896877825260162 -0.08352076262235641 0.05840805917978287
v 0.007485881447792053 -0.08410082012414932 0.05841805040836334
v -0.007904469966888428 -0.08343443274497986 0.06340630352497101
v -0.008396905846893787 -0.08333898335695267 0.06390470266342163
v 0.007404506206512451 -0.0836162120103836 0.05790960043668747
v -0.007383998949080706 -0.08048316091299057 0.06335537880659103
v -0.007630093488842249 -0.08043471723794937 0.06360456347465515
v -0.007875923998653889 -0.08038482069969177 0.06385372579097748
v -0.007493156008422375 -0.08410082012414932 0.058417096734046936
v -0.00790415145456791 -0.08352076262235641 0.05840705335140228
v -3.63805679626239e-06 -0.08471453934907913 0.05842817202210426
v -3.605689244068344e-06 -0.08422324061393738 0.05791961029171944
v -0.007411716505885124 -0.0836162120103836 0.05790865793824196
v 0.006970360409468412 -0.08115439862012863 0.05786706134676933
v 0.00717370817437768 -0.0808623656630516 0.058112312108278275
v 0.00737641379237175 -0.08056949079036713 0.05835706368088722
v -3.6029418879479636e-06 -0.08172361552715302 0.05787644535303116
v -3.6342107705422677e-06 -0.08121506124734879 0.058367740362882614
v -0.006977565120905638 -0.08115439862012863 0.0578661747276783
v -0.0071809436194598675 -0.0808623656630516 0.05811139941215515
v -0.0073836809024214745 -0.08056949079036713 0.05835612118244171
v -3.6029418879479636e-06 -0.08172361552715302 0.05787644535303116
v -3.605689244068344e-06 -0.08422324061393738 0.05791961029171944
v -3.956238288083114e-06 -0.08462820947170258 0.06342742592096329
v -3.63805679626239e-06 -0.08471453934907913 0.05842817202210426
v -0.021394021809101105 -0.06647153198719025 0.07301400601863861
v -0.021394314244389534 -0.06639210879802704 0.07761331647634506
v -0.023394020274281502 -0.06700736284255981 0.07302313297986984
v -0.02339431270956993 -0.0669279396533966 0.0776224434375763
v -0.024858124554157257 -0.06847123801708221 0.07304831594228745
v -0.024858416989445686 -0.068391814827919 0.0776476263999939
v -0.025394024327397346 -0.07047094404697418 0.0730828195810318
v -0.025394316762685776 -0.07039152085781097 0.07768213003873825
v -0.024858128279447556 -0.07247065007686615 0.07311738282442093
v -0.024858420714735985 -0.07239122688770294 0.07771669328212738
v -0.0233940277248621 -0.07393453270196915 0.07314275205135345
v -0.023394320160150528 -0.07385510951280594 0.0777420625090599
v -0.0213940292596817 -0.07447034120559692 0.07315213233232498
v -0.02139432169497013 -0.07439091801643372 0.07775144279003143
v -0.02364402450621128 -0.07047094404697418 0.07308292388916016
v -0.02334258332848549 -0.07159577310085297 0.07310236990451813
v -0.022519025951623917 -0.07241920381784439 0.07311664521694183
v -0.021394027397036552 -0.07272060960531235 0.07312192022800446
v -0.02026902697980404 -0.07241920381784439 0.07311678677797318
v -0.019394028931856155 -0.07393453270196915 0.07314300537109375
v -0.019445469602942467 -0.07159577310085297 0.07310261577367783
v -0.0179299246519804 -0.07247065007686615 0.07311782240867615
v -0.019144024699926376 -0.07047094404697418 0.07308321446180344
v -0.01739402487874031 -0.07047094404697418 0.07308332622051239
v -0.01944546587765217 -0.0693461075425148 0.07306376844644547
v -0.0179299209266901 -0.06847123801708221 0.07304876297712326
v -0.02026902325451374 -0.06852266937494278 0.07304950058460236
v -0.01939402148127556 -0.06700736284255981 0.07302338629961014
v -0.021394023671746254 -0.06822127848863602 0.07304422557353973
v -0.022519022226333618 -0.06852266937494278 0.07304935902357101
v -0.02334257960319519 -0.0693461075425148 0.07306352257728577
v -0.021393805742263794 -0.06827998161315918 0.06964472681283951
v -0.022518806159496307 -0.06858137249946594 0.06964986026287079
v -0.02334236353635788 -0.06940481066703796 0.06966402381658554
v -0.02364380843937397 -0.07052964717149734 0.06968343257904053
v -0.02334236539900303 -0.07165447622537613 0.0697028711438179
v -0.022518809884786606 -0.07247790694236755 0.06971714645624161
v -0.02139381133019924 -0.07277931272983551 0.06972242146730423
v -0.03201613575220108 -0.055851005017757416 0.07282993197441101
v -0.03201642632484436 -0.05577158182859421 0.07742924243211746
v -0.03401613608002663 -0.05638681352138519 0.07283905893564224
v -0.03401642665266991 -0.05630739405751228 0.0774383693933487
v -0.03548023849725723 -0.05785069614648819 0.07286424189805984
v -0.03548053279519081 -0.05777127295732498 0.0774635523557663
v -0.03601614013314247 -0.05985040217638016 0.0728987380862236
v -0.03601643070578575 -0.05977097898721695 0.07749804854393005
v -0.03548024222254753 -0.061850108206272125 0.07293330878019333
v -0.03548053652048111 -0.06177068501710892 0.07753261923789978
v -0.034016143530607224 -0.06331399083137512 0.07295867800712585
v -0.034016434103250504 -0.06323456764221191 0.0775579884648323
v -0.03201614320278168 -0.0638497993350029 0.07296805828809738
v -0.032016437500715256 -0.06377037614583969 0.07756736874580383
v -0.033964693546295166 -0.05872557684779167 0.07287944853305817
v -0.034266140311956406 -0.05985040217638016 0.07289884984493256
v -0.033964697271585464 -0.06097522750496864 0.07291829586029053
v -0.03314113989472389 -0.061798661947250366 0.07293257117271423
v -0.03201613947749138 -0.06210006773471832 0.07293784618377686
v -0.030891140922904015 -0.061798661947250366 0.07293271273374557
v -0.03001614287495613 -0.06331399083137512 0.07295893132686615
v -0.030067583546042442 -0.06097522750496864 0.07291854172945023
v -0.028552040457725525 -0.061850108206272125 0.07293374836444855
v -0.0297661405056715 -0.05985040217638016 0.07289914041757584
v -0.028016140684485435 -0.05985040217638016 0.07289925217628479
v -0.030067581683397293 -0.05872557684779167 0.07287969440221786
v -0.028552034869790077 -0.05785069614648819 0.07286468148231506
v -0.030891137197613716 -0.05790214240550995 0.07286542654037476
v -0.030016135424375534 -0.05638681352138519 0.07283931225538254
v -0.03201613575220108 -0.05760073661804199 0.07286015152931213
v -0.033141136169433594 -0.05790214240550995 0.07286528497934341
v -0.03201591968536377 -0.057659439742565155 0.06946065276861191
v -0.03314092010259628 -0.05796084553003311 0.06946578621864319
v -0.033964477479457855 -0.058784279972314835 0.06947994977235794
v -0.034265924245119095 -0.05990910530090332 0.06949935108423233
v -0.033964481204748154 -0.061033930629491806 0.0695187970995903
v -0.03314092382788658 -0.06185736507177353 0.06953307241201401
v -0.03201592341065407 -0.062158770859241486 0.06953834742307663
v -0.037764772772789 -0.041974592953920364 0.0725899487733841
v -0.03776506334543228 -0.041895169764757156 0.07718925923109055
v -0.03976477310061455 -0.04251040518283844 0.07259906828403473
v -0.03976506367325783 -0.04243098199367523 0.07719837874174118
v -0.041228875517845154 -0.04397428408265114 0.07262425869703293
v -0.04122916981577873 -0.04389486089348793 0.07722356915473938
v -0.04176477715373039 -0.045973990112543106 0.07265875488519669
v -0.04176506772637367 -0.0458945669233799 0.07725806534290314
v -0.04122887924313545 -0.047973696142435074 0.07269331812858582
v -0.04122917354106903 -0.047894272953271866 0.07729262858629227
v -0.039764780551195145 -0.04943757504224777 0.07271869480609894
v -0.039765071123838425 -0.04935815557837486 0.07731800526380539
v -0.0377647802233696 -0.04997340217232704 0.07272807508707047
v -0.03776507079601288 -0.049893978983163834 0.07732737809419632
v -0.038889773190021515 -0.0440257303416729 0.0726252943277359
v -0.03971333056688309 -0.04484916478395462 0.07263945788145065
v -0.04001477733254433 -0.045973990112543106 0.07265886664390564
v -0.039713334292173386 -0.04709881544113159 0.07267830520868301
v -0.03888977691531181 -0.047922249883413315 0.07269258052110672
v -0.0377647764980793 -0.04822365567088127 0.07269785553216934
v -0.036639779806137085 -0.047922249883413315 0.07269272208213806
v -0.03576478362083435 -0.04943757504224777 0.07271894812583923
v -0.03581622242927551 -0.04709881544113159 0.07267855852842331
v -0.034300677478313446 -0.047973696142435074 0.07269375771284103
v -0.03551477938890457 -0.045973990112543106 0.07265914976596832
v -0.033764779567718506 -0.045973990112543106 0.07265926152467728
v -0.035816218703985214 -0.04484916478395462 0.07263971120119095
v -0.03430067375302315 -0.04397428408265114 0.07262469828128815
v -0.036639776080846786 -0.0440257303416729 0.07262543588876724
v -0.035764776170253754 -0.04251040518283844 0.07259932905435562
v -0.037764772772789 -0.04372432455420494 0.07262016087770462
v -0.03776455670595169 -0.043783027678728104 0.0692206621170044
v -0.038889557123184204 -0.04408443346619606 0.06922579556703568
v -0.039713114500045776 -0.04490786790847778 0.06923995912075043
v -0.040014561265707016 -0.04603269323706627 0.06925936788320541
v -0.039713118225336075 -0.047157518565654755 0.06927880644798279
v -0.0388895608484745 -0.04798095300793648 0.0692930817604065
v -0.03776456043124199 -0.048282358795404434 0.06929835677146912
v -0.03776475414633751 -0.02695486694574356 0.07233057916164398
v -0.03776504844427109 -0.026875445619225502 0.07692988961935043
v -0.039764754474163055 -0.027490684762597084 0.07233970612287521
v -0.039765048772096634 -0.027411263436079025 0.07693901658058167
v -0.04122886061668396 -0.02895456552505493 0.07236488908529282
v -0.04122915118932724 -0.028875144198536873 0.07696419954299927
v -0.0417647585272789 -0.0309542715549469 0.07239939272403717
v -0.04176505282521248 -0.03087485022842884 0.07699870318174362
v -0.04122886434197426 -0.03295397013425827 0.0724339559674263
v -0.04122915491461754 -0.03287454694509506 0.07703326642513275
v -0.03976476192474365 -0.03441786393523216 0.07245932519435883
v -0.03976505622267723 -0.03433844447135925 0.07705863565206528
v -0.037764761596918106 -0.03495367616415024 0.07246870547533035
v -0.037765055894851685 -0.03487425297498703 0.0770680159330368
v -0.03888975828886032 -0.029006004333496094 0.07236593216657639
v -0.03971331566572189 -0.029829438775777817 0.07238009572029114
v -0.040014758706092834 -0.0309542715549469 0.07239949703216553
v -0.03971331939101219 -0.03207910433411598 0.0724189430475235
v -0.03888976201415062 -0.032902538776397705 0.0724332183599472
v -0.037764761596918106 -0.03320394456386566 0.07243849337100983
v -0.03663976490497589 -0.032902538776397705 0.07243335992097855
v -0.03576476499438286 -0.03441786393523216 0.07245957851409912
v -0.03581620752811432 -0.03207910433411598 0.0724191889166832
v -0.03430066257715225 -0.03295397013425827 0.07243439555168152
v -0.03551476076245308 -0.0309542715549469 0.07239978760480881
v -0.033764760941267014 -0.0309542715549469 0.07239989936351776
v -0.03581620380282402 -0.029829438775777817 0.07238034158945084
v -0.034300658851861954 -0.02895456552505493 0.07236533612012863
v -0.03663976117968559 -0.029006004333496094 0.07236607372760773
v -0.03576475754380226 -0.027490684762597084 0.07233995944261551
v -0.03776475787162781 -0.028704605996608734 0.0723607987165451
v -0.0377645418047905 -0.028763309121131897 0.06896129995584488
v -0.03888954222202301 -0.029064707458019257 0.06896643340587616
v -0.03971309959888458 -0.02988814190030098 0.06898059695959091
v -0.040014542639255524 -0.031012974679470062 0.0690000057220459
v -0.03971310332417488 -0.032137807458639145 0.06901944428682327
v -0.03888954594731331 -0.03296124190092087 0.06903371959924698
v -0.037764545530080795 -0.033262647688388824 0.0690389946103096
v -0.0320160873234272 -0.013078456744551659 0.07209132611751556
v -0.03201638162136078 -0.012999034486711025 0.07669063657522202
v -0.03401608765125275 -0.013614274561405182 0.0721004530787468
v -0.034016381949186325 -0.013534852303564548 0.07669976353645325
v -0.03548019379377365 -0.015078162774443626 0.0721256360411644
v -0.03548048436641693 -0.014998740516602993 0.07672494649887085
v -0.03601609170436859 -0.017077861353754997 0.07216013222932816
v -0.03601638600230217 -0.01699843816459179 0.0767594426870346
v -0.03548019751906395 -0.019077567383646965 0.07219469547271729
v -0.03548048809170723 -0.018998144194483757 0.07679400593042374
v -0.034016095101833344 -0.020541448146104813 0.07222007215023041
v -0.03401638939976692 -0.020462024956941605 0.07681938260793686
v -0.0320160947740078 -0.021077265962958336 0.07222945243120193
v -0.032016389071941376 -0.020997842773795128 0.07682876288890839
v -0.03314109146595001 -0.015129593200981617 0.07212667167186737
v -0.033964648842811584 -0.015953028574585915 0.07214084267616272
v -0.034266091883182526 -0.017077861353754997 0.07216024398803711
v -0.03396465256810188 -0.01820269413292408 0.07217969000339508
v -0.03314109519124031 -0.019026128575205803 0.07219395786523819
v -0.0320160947740078 -0.019327526912093163 0.07219923287630081
v -0.030891094356775284 -0.019026128575205803 0.07219409942626953
v -0.03001609444618225 -0.020541448146104813 0.0722203254699707
v -0.03006753697991371 -0.01820269413292408 0.07217993587255478
v -0.028551993891596794 -0.019077567383646965 0.0721951425075531
v -0.02976609207689762 -0.017077861353754997 0.07216053456068039
v -0.028016092255711555 -0.017077861353754997 0.07216063886880875
v -0.030067535117268562 -0.015953028574585915 0.07214108854532242
v -0.028551988303661346 -0.015078162774443626 0.07212607562541962
v -0.030891088768839836 -0.015129593200981617 0.07212681323289871
v -0.030016086995601654 -0.013614274561405182 0.07210070639848709
v -0.0320160910487175 -0.014828195795416832 0.07212153822183609
v -0.03201587125658989 -0.014886898919939995 0.06872203946113586
v -0.0331408753991127 -0.015188297256827354 0.06872717291116714
v -0.033964432775974274 -0.016011731699109077 0.0687413439154625
v -0.034265875816345215 -0.01713656447827816 0.06876074522733688
v -0.033964432775974274 -0.018261397257447243 0.06878019124269485
v -0.033140879124403 -0.019084831699728966 0.06879445910453796
v -0.032015878707170486 -0.019386230036616325 0.06879973411560059
v -0.021393951028585434 -0.0024579185992479324 0.07190860062837601
v -0.021394243463873863 -0.002378496341407299 0.07650791108608246
v -0.02339394949376583 -0.0029937366489320993 0.07191772758960724
v -0.02339424192905426 -0.002914314391091466 0.07651703804731369
v -0.024858053773641586 -0.004457617178559303 0.07194291055202484
v -0.024858346208930016 -0.00437819492071867 0.07654222100973129
v -0.025393953546881676 -0.006457322742789984 0.0719774141907692
v -0.025394245982170105 -0.006377900950610638 0.07657672464847565
v -0.024858057498931885 -0.008457021787762642 0.07201197743415833
v -0.024858351796865463 -0.008377599529922009 0.07661128789186478
v -0.023393956944346428 -0.009920901618897915 0.07203734666109085
v -0.023394249379634857 -0.009841479361057281 0.0766366571187973
v -0.02139396034181118 -0.010456720367074013 0.07204672694206238
v -0.02139425277709961 -0.01037729810923338 0.07664603739976883
v -0.022518951445817947 -0.004509055521339178 0.07194395363330841
v -0.02334251068532467 -0.005332490429282188 0.07195811718702316
v -0.02364395372569561 -0.006457322742789984 0.07197752594947815
v -0.023342512547969818 -0.007582155521959066 0.07199696451425552
v -0.022518955171108246 -0.00840558297932148 0.07201123982667923
v -0.02139395661652088 -0.00870698131620884 0.07201651483774185
v -0.020268956199288368 -0.00840558297932148 0.07201138138771057
v -0.019393958151340485 -0.009920901618897915 0.07203759998083115
v -0.019445398822426796 -0.007582155521959066 0.07199721038341522
v -0.01792985387146473 -0.008457021787762642 0.07201241701841354
v -0.019143953919410706 -0.006457322742789984 0.07197780907154083
v -0.01739395409822464 -0.006457322742789984 0.07197792083024979
v -0.019445396959781647 -0.005332490429282188 0.07195836305618286
v -0.01792985014617443 -0.004457617178559303 0.07194335758686066
v -0.02026895247399807 -0.004509055521339178 0.07194409519433975
v -0.019393950700759888 -0.0029937366489320993 0.07191798090934753
v -0.021393952891230583 -0.004207657650113106 0.07193882018327713
v -0.021393736824393272 -0.004266361240297556 0.0685393214225769
v -0.022518735378980637 -0.004567759111523628 0.06854445487260818
v -0.02334229275584221 -0.005391193553805351 0.06855861842632294
v -0.0236437376588583 -0.006516026332974434 0.06857802718877792
v -0.023342296481132507 -0.0076408591121435165 0.0685974657535553
v -0.022518739104270935 -0.008464286103844643 0.068611741065979
v -0.02139374054968357 -0.008765684440732002 0.06861701607704163
v -0.0075154672376811504 0.0032898839563131332 0.07181023061275482
v -0.00751575967296958 0.003369305981323123 0.07640954107046127
v -0.00951546709984541 0.0027540584560483694 0.07181935757398605
v -0.009515760466456413 0.002833480481058359 0.0764186680316925
v -0.01097957044839859 0.0012901779264211655 0.07184454053640366
v -0.010979863815009594 0.0013696001842617989 0.07644385099411011
v -0.011515472084283829 -0.0007095204782672226 0.07187903672456741
v -0.011515764519572258 -0.0006300983368419111 0.07647834718227386
v -0.010979575105011463 -0.0027092264499515295 0.07191360741853714
v -0.010979867540299892 -0.002629804192110896 0.07651291787624359
v -0.009515475481748581 -0.0041731069795787334 0.07193897664546967
v -0.00951576791703701 -0.0040936847217381 0.07653828710317612
v -0.007515476085245609 -0.004708924796432257 0.07194835692644119
v -0.0075157685205340385 -0.004629502538591623 0.07654766738414764
v -0.008640469051897526 0.001238746801391244 0.07184557616710663
v -0.009464027360081673 0.00041531221359036863 0.07185974717140198
v -0.009765472263097763 -0.0007095204782672226 0.07187914848327637
v -0.009464030154049397 -0.0018343531992286444 0.07189859449863434
v -0.008640473708510399 -0.002657787874341011 0.07191286236047745
v -0.007515473756939173 -0.002959185978397727 0.07191814482212067
v -0.006390473805367947 -0.002657787874341011 0.07191301137208939
v -0.005515475291758776 -0.0041731069795787334 0.07193922996520996
v -0.005566915962845087 -0.0018343531992286444 0.07189884036779404
v -0.004051372408866882 -0.0027092264499515295 0.07191404700279236
v -0.005265471525490284 -0.0007095204782672226 0.07187943905591965
v -0.0035154714714735746 -0.0007095204782672226 0.0718795508146286
v -0.0055669136345386505 0.00041531221359036863 0.07185999304056168
v -0.004051367752254009 0.0012901779264211655 0.07184498012065887
v -0.006390469614416361 0.001238746801391244 0.07184572517871857
v -0.005515467841178179 0.0027540584560483694 0.07181961089372635
v -0.0075154691003263 0.001540137454867363 0.07184045016765594
v -0.007515252567827702 0.0014814339810982347 0.06844095140695572
v -0.008640252985060215 0.0011800433276221156 0.0684460774064064
v -0.009463811293244362 0.0003566087398212403 0.06846024841070175
v -0.009765255264937878 -0.0007682240102440119 0.06847964972257614
v -0.009463814087212086 -0.0018930566729977727 0.06849909573793411
v -0.008640257641673088 -0.0027164912316948175 0.06851337105035782
v -0.007515257690101862 -0.0030178893357515335 0.06851864606142044
v 0.007506487425416708 0.0032898839563131332 0.07181118428707123
v 0.007506194990128279 0.003369305981323123 0.07641049474477768
v 0.005506487097591162 0.0027540584560483694 0.07182031124830246
v 0.005506194196641445 0.002833480481058359 0.07641962170600891
v 0.004042383749037981 0.0012901779264211655 0.07184550166130066
v 0.004042091313749552 0.0013696001842617989 0.07644481211900711
v 0.0035064832773059607 -0.0007095204782672226 0.07187999784946442
v 0.003506190376356244 -0.0006300983368419111 0.07647930830717087
v 0.004042379558086395 -0.0027092264499515295 0.07191456109285355
v 0.004042086657136679 -0.002629804192110896 0.07651387155056
v 0.005506479647010565 -0.0041731069795787334 0.07193993031978607
v 0.005506186746060848 -0.0040936847217381 0.07653924077749252
v 0.007506478577852249 -0.004708924796432257 0.0719493106007576
v 0.00750618614256382 -0.004629502538591623 0.07654862105846405
v 0.00525648333132267 -0.0007095204782672226 0.07188010960817337
v 0.005557924974709749 -0.0018343531992286444 0.07189954817295074
v 0.0063814809545874596 -0.002657787874341011 0.07191382348537445
v 0.007506480440497398 -0.002959185978397727 0.07191909849643707
v 0.008631480857729912 -0.002657787874341011 0.07191396504640579
v 0.009506478905677795 -0.0041731069795787334 0.07194019109010696
v 0.009455039165914059 -0.0018343531992286444 0.07189980149269104
v 0.010970582254230976 -0.0027092264499515295 0.07191500067710876
v 0.009756483137607574 -0.0007095204782672226 0.07188039273023605
v 0.01150648295879364 -0.0007095204782672226 0.07188050448894501
v 0.009455041959881783 0.00041531221359036863 0.07186095416545868
v 0.01097058691084385 0.0012901779264211655 0.07184594124555588
v 0.008631485514342785 0.001238746801391244 0.07184667885303497
v 0.009506486356258392 0.0027540584560483694 0.07182056456804276
v 0.007506485562771559 0.001540137454867363 0.07184140384197235
v 0.006381485145539045 0.001238746801391244 0.07184653729200363
v 0.005557927303016186 0.00041531221359036863 0.07186070084571838
v 0.007506702095270157 0.0014814339810982347 0.06844190508127213
v 0.006381701678037643 0.0011800433276221156 0.0684470385313034
v 0.005558143835514784 0.0003566087398212403 0.06846120208501816
v 0.005256699398159981 -0.0007682240102440119 0.06848061084747314
v 0.005558141507208347 -0.0018930566729977727 0.06850004941225052
v 0.006381697487086058 -0.0027164912316948175 0.06851432472467422
v 0.0075066969729959965 -0.0030178893357515335 0.06851959973573685
v 0.021384958177804947 -0.0024579185992479324 0.07191132754087448
v 0.021384665742516518 -0.002378496341407299 0.07651063799858093
v 0.0193849578499794 -0.0029937366489320993 0.07192045450210571
v 0.01938466541469097 -0.002914314391091466 0.07651975750923157
v 0.017920853570103645 -0.004457617178559303 0.07194563746452332
v 0.017920561134815216 -0.00437819492071867 0.07654494792222977
v 0.017384953796863556 -0.006457322742789984 0.07198013365268707
v 0.017384661361575127 -0.006377900950610638 0.07657944411039352
v 0.017920849844813347 -0.008457021787762642 0.0720146968960762
v 0.01792055554687977 -0.008377599529922009 0.07661400735378265
v 0.019384950399398804 -0.009920901618897915 0.07204007357358932
v 0.019384657964110374 -0.009841479361057281 0.07663938403129578
v 0.0213849488645792 -0.010456720367074013 0.07204945385456085
v 0.02138465642929077 -0.01037729810923338 0.0766487643122673
v 0.020259955897927284 -0.004509055521339178 0.07194667309522629
v 0.019436396658420563 -0.005332490429282188 0.07196084409952164
v 0.01913495361804962 -0.006457322742789984 0.07198024541139603
v 0.019436394795775414 -0.007582155521959066 0.071999691426754
v 0.020259952172636986 -0.00840558297932148 0.0720139592885971
v 0.02138495072722435 -0.00870698131620884 0.07201923429965973
v 0.022509951144456863 -0.00840558297932148 0.07201410084962845
v 0.023384949192404747 -0.009920901618897915 0.07204032689332962
v 0.023333508521318436 -0.007582155521959066 0.0719999372959137
v 0.024849053472280502 -0.008457021787762642 0.07201513648033142
v 0.023634953424334526 -0.006457322742789984 0.07198052853345871
v 0.025384953245520592 -0.006457322742789984 0.07198064029216766
v 0.023333510383963585 -0.005332490429282188 0.07196108996868134
v 0.0248490571975708 -0.004457617178559303 0.07194607704877853
v 0.022509954869747162 -0.004509055521339178 0.07194681465625763
v 0.023384956642985344 -0.0029937366489320993 0.07192070782184601
v 0.021384956315159798 -0.004207657650113106 0.07194153964519501
v 0.02138517238199711 -0.004266361240297556 0.06854204088449478
v 0.020260171964764595 -0.004567759111523628 0.06854717433452606
v 0.019436614587903023 -0.005391193553805351 0.06856134533882141
v 0.019135169684886932 -0.006516026332974434 0.0685807466506958
v 0.019436610862612724 -0.0076408591121435165 0.06860019266605377
v 0.020260168239474297 -0.008464286103844643 0.06861446052789688
v 0.02138516865670681 -0.008765684440732002 0.0686197355389595
v 0.03200707212090492 -0.013078456744551659 0.07209540158510208
v 0.032006777822971344 -0.012999034486711025 0.07669471204280853
v 0.030007071793079376 -0.013614274561405182 0.07210452854633331
v 0.030006777495145798 -0.013534852303564548 0.07670383900403976
v 0.02854296937584877 -0.015078162774443626 0.07212971150875092
v 0.02854267694056034 -0.014998740516602993 0.07672902196645737
v 0.02800706960260868 -0.017077861353754997 0.07216420769691467
v 0.028006775304675102 -0.01699843816459179 0.07676351815462112
v 0.028542963787913322 -0.019077567383646965 0.0721987709403038
v 0.028542671352624893 -0.018998144194483757 0.07679808139801025
v 0.03000706247985363 -0.020541448146104813 0.07222414761781693
v 0.0300067700445652 -0.020462024956941605 0.07682345807552338
v 0.032007064670324326 -0.021077265962958336 0.07223352789878845
v 0.03200677037239075 -0.020997842773795128 0.0768328383564949
v 0.03088206984102726 -0.015129593200981617 0.07213074713945389
v 0.030058512464165688 -0.015953028574585915 0.07214491814374924
v 0.029757069423794746 -0.017077861353754997 0.07216431945562363
v 0.03005851060152054 -0.01820269413292408 0.0721837654709816
v 0.030882064253091812 -0.019026128575205803 0.07219803333282471
v 0.032007064670324326 -0.019327526912093163 0.07220330834388733
v 0.03313206508755684 -0.019026128575205803 0.07219817489385605
v 0.03400706499814987 -0.020541448146104813 0.07222440093755722
v 0.03395562246441841 -0.01820269413292408 0.0721840113401413
v 0.03547116741538048 -0.019077567383646965 0.07219921797513962
v 0.03425706923007965 -0.017077861353754997 0.07216460257768631
v 0.03600706905126572 -0.017077861353754997 0.07216471433639526
v 0.03395562618970871 -0.015953028574585915 0.07214516401290894
v 0.035471171140670776 -0.015078162774443626 0.07213015109300613
v 0.03313206881284714 -0.015129593200981617 0.07213088870048523
v 0.03400707244873047 -0.013614274561405182 0.07210478186607361
v 0.032007068395614624 -0.014828195795416832 0.07212561368942261
v 0.032007284462451935 -0.014886898919939995 0.06872611492872238
v 0.03088228590786457 -0.015188297256827354 0.06873124837875366
v 0.030058728531003 -0.016011731699109077 0.06874541938304901
v 0.029757285490632057 -0.01713656447827816 0.0687648206949234
v 0.03005872666835785 -0.018261397257447243 0.06878426671028137
v 0.030882282182574272 -0.019084831699728966 0.06879853457212448
v 0.032007280737161636 -0.019386230036616325 0.0688038095831871
v 0.037755709141492844 -0.02695486694574356 0.072335384786129
v 0.037755414843559265 -0.026875445619225502 0.07693469524383545
v 0.035755712538957596 -0.027490684762597084 0.07234451174736023
v 0.03575541824102402 -0.027411263436079025 0.07694382220506668
v 0.03429160639643669 -0.02895456552505493 0.07236970216035843
v 0.03429131582379341 -0.028875144198536873 0.07696900516748428
v 0.03375570848584175 -0.0309542715549469 0.07240419834852219
v 0.03375541418790817 -0.03087485022842884 0.07700350880622864
v 0.03429160267114639 -0.03295397013425827 0.07243876159191132
v 0.034291308373212814 -0.03287454694509506 0.07703807204961777
v 0.035755705088377 -0.03441786393523216 0.07246413081884384
v 0.03575541079044342 -0.03433844447135925 0.07706344127655029
v 0.03775569796562195 -0.03495367616415024 0.07247351109981537
v 0.03775540739297867 -0.03487425297498703 0.07707282155752182
v 0.03663070872426033 -0.029006004333496094 0.0723707377910614
v 0.03580715134739876 -0.029829438775777817 0.07238490134477615
v 0.03550570830702782 -0.0309542715549469 0.07240431010723114
v 0.03580714762210846 -0.03207910433411598 0.07242374867200851
v 0.03663070499897003 -0.032902538776397705 0.07243802398443222
v 0.03775570169091225 -0.03320394456386566 0.07244329899549484
v 0.03888070210814476 -0.032902538776397705 0.07243816554546356
v 0.03975570201873779 -0.03441786393523216 0.07246439158916473
v 0.03970425948500633 -0.03207910433411598 0.07242400199174881
v 0.0412198044359684 -0.03295397013425827 0.07243920117616653
v 0.04000570625066757 -0.0309542715549469 0.07240459322929382
v 0.04175570607185364 -0.0309542715549469 0.07240470498800278
v 0.03970426321029663 -0.029829438775777817 0.07238514721393585
v 0.0412198081612587 -0.02895456552505493 0.07237014174461365
v 0.03888070583343506 -0.029006004333496094 0.07237087935209274
v 0.03975570946931839 -0.027490684762597084 0.07234476506710052
v 0.037755705416202545 -0.028704605996608734 0.07236560434103012
v 0.037755921483039856 -0.028763309121131897 0.0689661055803299
v 0.03663092479109764 -0.029064707458019257 0.06897123903036118
v 0.03580736741423607 -0.02988814190030098 0.06898540258407593
v 0.03550592437386513 -0.031012974679470062 0.06900481134653091
v 0.03580736368894577 -0.032137807458639145 0.06902424991130829
v 0.03663092106580734 -0.03296124190092087 0.069038525223732
v 0.03775591775774956 -0.033262647688388824 0.06904380023479462
v 0.03775569051504135 -0.041974592953920364 0.07259475439786911
v 0.03775539994239807 -0.041895169764757156 0.07719406485557556
v 0.035755693912506104 -0.04251040518283844 0.07260387390851974
v 0.035755403339862823 -0.04243098199367523 0.0772031843662262
v 0.0342915914952755 -0.04397428408265114 0.07262906432151794
v 0.03429129719734192 -0.04389486089348793 0.0772283747792244
v 0.03375568985939026 -0.045973990112543106 0.0726635605096817
v 0.03375539928674698 -0.0458945669233799 0.07726287096738815
v 0.0342915877699852 -0.047973696142435074 0.07269812375307083
v 0.03429129347205162 -0.047894272953271866 0.07729743421077728
v 0.03575568646192551 -0.04943757504224777 0.07272350043058395
v 0.03575539588928223 -0.04935815557837486 0.0773228108882904
v 0.037755683064460754 -0.04997340217232704 0.07273288071155548
v 0.037755388766527176 -0.049893978983163834 0.07733219116926193
v 0.036630693823099136 -0.0440257303416729 0.07263009995222092
v 0.035807136446237564 -0.04484916478395462 0.07264427095651627
v 0.035505689680576324 -0.045973990112543106 0.07266367226839066
v 0.035807132720947266 -0.04709881544113159 0.07268311828374863
v 0.03663069009780884 -0.047922249883413315 0.07269738614559174
v 0.03775568678975105 -0.04822365567088127 0.07270266115665436
v 0.038880687206983566 -0.047922249883413315 0.07269752770662308
v 0.0397556833922863 -0.04943757504224777 0.07272375375032425
v 0.03970424458384514 -0.04709881544113159 0.07268336415290833
v 0.041219789534807205 -0.047973696142435074 0.07269856333732605
v 0.04000568762421608 -0.045973990112543106 0.07266395539045334
v 0.041755687445402145 -0.045973990112543106 0.07266406714916229
v 0.03970424830913544 -0.04484916478395462 0.07264451682567596
v 0.041219793260097504 -0.04397428408265114 0.07262950390577316
v 0.038880690932273865 -0.0440257303416729 0.07263024151325226
v 0.0397556908428669 -0.04251040518283844 0.07260413467884064
v 0.03775569051504135 -0.04372432455420494 0.07262496650218964
v 0.03775590658187866 -0.043783027678728104 0.06922546774148941
v 0.03663090988993645 -0.04408443346619606 0.06923060119152069
v 0.035807352513074875 -0.04490786790847778 0.06924477219581604
v 0.035505905747413635 -0.04603269323706627 0.06926417350769043
v 0.035807348787784576 -0.047157518565654755 0.0692836195230484
v 0.03663090616464615 -0.04798095300793648 0.06929788738489151
v 0.037755902856588364 -0.048282358795404434 0.06930316239595413
v 0.03200702369213104 -0.055851005017757416 0.07283400744199753
v 0.03200673311948776 -0.05577158182859421 0.07743331789970398
v 0.030007023364305496 -0.05638681352138519 0.07284313440322876
v 0.030006730929017067 -0.05630739405751228 0.07744244486093521
v 0.02854292094707489 -0.05785069614648819 0.07286831736564636
v 0.02854262851178646 -0.05777127295732498 0.07746762782335281
v 0.0280070211738348 -0.05985040217638016 0.07290281355381012
v 0.02800672873854637 -0.05977097898721695 0.07750212401151657
v 0.02854291722178459 -0.061850108206272125 0.07293738424777985
v 0.028542624786496162 -0.06177068501710892 0.0775366947054863
v 0.0300070159137249 -0.06331399083137512 0.07296275347471237
v 0.03000672347843647 -0.06323456764221191 0.07756206393241882
v 0.032007016241550446 -0.0638497993350029 0.0729721337556839
v 0.03200672194361687 -0.06377037614583969 0.07757144421339035
v 0.03425702080130577 -0.05985040217638016 0.07290321588516235
v 0.03600702062249184 -0.05985040217638016 0.07290332764387131
v 0.03395557776093483 -0.05872557684779167 0.07288376986980438
v 0.035471126437187195 -0.05785069614648819 0.07286875694990158
v 0.033132024109363556 -0.05790214240550995 0.07286950200796127
v 0.03400702401995659 -0.05638681352138519 0.07284338772296906
v 0.03200702369213104 -0.05760073661804199 0.07286421954631805
v 0.03088202141225338 -0.05790214240550995 0.07286935299634933
v 0.030058465898036957 -0.05872557684779167 0.07288352400064468
v 0.029757020995020866 -0.05985040217638016 0.07290292531251907
v 0.030058464035391808 -0.06097522750496864 0.07292237132787704
v 0.03088201768696308 -0.061798661947250366 0.07293663918972015
v 0.032007016241550446 -0.06210006773471832 0.07294192165136337
v 0.03313202038407326 -0.061798661947250366 0.07293678820133209
v 0.03400701656937599 -0.06331399083137512 0.07296300679445267
v 0.03395557776093483 -0.06097522750496864 0.07292261719703674
v 0.035471122711896896 -0.061850108206272125 0.07293782383203506
v 0.03200723975896835 -0.057659439742565155 0.06946472078561783
v 0.03088223934173584 -0.05796084553003311 0.06946985423564911
v 0.030058681964874268 -0.058784279972314835 0.06948402523994446
v 0.029757237061858177 -0.05990910530090332 0.06950342655181885
v 0.03005868010222912 -0.061033930629491806 0.06952287256717682
v 0.030882233753800392 -0.06185736507177353 0.06953714042901993
v 0.032007236033678055 -0.062158770859241486 0.06954242289066315
v 0.021384887397289276 -0.06647153198719025 0.07301673293113708
v 0.021384594962000847 -0.06639210879802704 0.07761604338884354
v 0.01938488706946373 -0.06700736284255981 0.07302585244178772
v 0.0193845946341753 -0.0669279396533966 0.07762516289949417
v 0.017920782789587975 -0.06847123801708221 0.07305104285478592
v 0.017920490354299545 -0.068391814827919 0.07765035331249237
v 0.017384883016347885 -0.07047094404697418 0.07308553904294968
v 0.017384590581059456 -0.07039152085781097 0.07768484950065613
v 0.017920779064297676 -0.07247065007686615 0.0731201022863388
v 0.017920486629009247 -0.07239122688770294 0.07771941274404526
v 0.019384879618883133 -0.07393453270196915 0.07314547896385193
v 0.019384587183594704 -0.07385510951280594 0.07774478942155838
v 0.02138487994670868 -0.07447034120559692 0.07315485924482346
v 0.0213845856487751 -0.07439091801643372 0.07775416970252991
v 0.023634882643818855 -0.07047094404697418 0.07308593392372131
v 0.02538488246500492 -0.07047094404697418 0.07308604568243027
v 0.023333441466093063 -0.0693461075425148 0.07306649535894394
v 0.02484898641705513 -0.06847123801708221 0.07305148243904114
v 0.02250988408923149 -0.06852266937494278 0.07305222004652023
v 0.023384885862469673 -0.06700736284255981 0.07302611321210861
v 0.021384885534644127 -0.06822127848863602 0.07304694503545761
v 0.020259885117411613 -0.06852266937494278 0.07305207848548889
v 0.01943632774055004 -0.0693461075425148 0.07306624203920364
v 0.01913488283753395 -0.07047094404697418 0.07308565080165863
v 0.019436324015259743 -0.07159577310085297 0.0731050968170166
v 0.020259881392121315 -0.07241920381784439 0.07311936467885971
v 0.02138488180935383 -0.07272060960531235 0.07312463968992233
v 0.022509880363941193 -0.07241920381784439 0.07311950623989105
v 0.023384878411889076 -0.07393453270196915 0.07314573228359222
v 0.023333437740802765 -0.07159577310085297 0.0731053426861763
v 0.02484898269176483 -0.07247065007686615 0.07312054187059402
v 0.021385101601481438 -0.06827998161315918 0.06964744627475739
v 0.020260101184248924 -0.06858137249946594 0.06965257972478867
v 0.019436543807387352 -0.06940481066703796 0.06966674327850342
v 0.01913509890437126 -0.07052964717149734 0.0696861520409584
v 0.019436541944742203 -0.07165447622537613 0.06970559805631638
v 0.020260097458958626 -0.07247790694236755 0.06971986591815948
v 0.02138509787619114 -0.07277931272983551 0.0697251409292221
v 0.007506404537707567 -0.07221933454275131 0.07311510294675827
v 0.007506111636757851 -0.0721399113535881 0.07771441340446472
v 0.005506404209882021 -0.07275516539812088 0.0731242299079895
v 0.005506111308932304 -0.07267574220895767 0.07772354036569595
v 0.00404230086132884 -0.07421904057264328 0.0731494128704071
v 0.004042008426040411 -0.07413961738348007 0.07774872332811356
v 0.0035064001567661762 -0.07621873170137405 0.07318390905857086
v 0.0035061074886471033 -0.07613930851221085 0.07778321951627731
v 0.0040422966703772545 -0.07821843773126602 0.07321847230195999
v 0.004042003769427538 -0.07813901454210281 0.07781778275966644
v 0.005506396293640137 -0.07968232035636902 0.07324384897947311
v 0.0055061038583517075 -0.07960289716720581 0.07784315943717957
v 0.007506395690143108 -0.08021814376115799 0.07325322926044464
v 0.007506102789193392 -0.08013872057199478 0.07785253971815109
v 0.005557844415307045 -0.07509391009807587 0.07316461950540543
v 0.005256400443613529 -0.07621873170137405 0.07318402081727982
v 0.0055578420870006084 -0.07734357565641403 0.07320346683263779
v 0.006381398066878319 -0.07816700637340546 0.0732177346944809
v 0.007506397552788258 -0.07846839725971222 0.07322300970554352
v 0.008631397970020771 -0.07816700637340546 0.07321787625551224
v 0.009506396017968655 -0.07968232035636902 0.07324410229921341
v 0.009454956278204918 -0.07734357565641403 0.07320371270179749
v 0.010970499366521835 -0.07821843773126602 0.0732189193367958
v 0.009756400249898434 -0.07621873170137405 0.0731843113899231
v 0.0115064000710845 -0.07621873170137405 0.07318441569805145
v 0.009454959072172642 -0.07509391009807587 0.07316486537456512
v 0.010970504023134708 -0.07421904057264328 0.07314985245466232
v 0.008631402626633644 -0.07427047193050385 0.07315059006214142
v 0.009506403468549252 -0.07275516539812088 0.0731244832277298
v 0.007506402675062418 -0.07396906614303589 0.0731453150510788
v 0.0063814022578299046 -0.07427047193050385 0.07315044850111008
v 0.007506618741899729 -0.07402776926755905 0.06974581629037857
v 0.006381618790328503 -0.07432917505502701 0.06975094974040985
v 0.005558060947805643 -0.07515261322259903 0.0697651207447052
v 0.00525661651045084 -0.07627743482589722 0.06978452205657959
v 0.0055580586194992065 -0.0774022787809372 0.06980396807193756
v 0.006381614599376917 -0.07822570949792862 0.06981823593378067
v 0.007506614085286856 -0.07852710038423538 0.06982351094484329
v -0.007515550125390291 -0.07221933454275131 0.07311414927244186
v -0.007515843026340008 -0.0721399113535881 0.07771345227956772
v -0.009515550918877125 -0.07275516539812088 0.0731232687830925
v -0.009515843354165554 -0.07267574220895767 0.07772257924079895
v -0.01097965333610773 -0.07421904057264328 0.0731484591960907
v -0.010979946702718735 -0.07413961738348007 0.07774776965379715
v -0.01151555497199297 -0.07621873170137405 0.07318295538425446
v -0.011515847407281399 -0.07613930851221085 0.07778226584196091
v -0.010979657992720604 -0.07821843773126602 0.07321751862764359
v -0.010979950428009033 -0.07813901454210281 0.07781682908535004
v -0.009515558369457722 -0.07968232035636902 0.07324288785457611
v -0.009515850804746151 -0.07960289716720581 0.07784219831228256
v -0.00751555897295475 -0.08021814376115799 0.07325226813554764
v -0.007515851408243179 -0.08013872057199478 0.07785157859325409
v -0.005566998850554228 -0.07734357565641403 0.07320275902748108
v -0.004051455296576023 -0.07821843773126602 0.0732179582118988
v -0.005265554413199425 -0.07621873170137405 0.07318335026502609
v -0.003515554592013359 -0.07621873170137405 0.07318346202373505
v -0.005566996522247791 -0.07509391009807587 0.07316391170024872
v -0.004051451105624437 -0.07421904057264328 0.07314889878034592
v -0.006390552502125502 -0.07427047193050385 0.07314963638782501
v -0.0055155507288873196 -0.07275516539812088 0.0731235221028328
v -0.0075155519880354404 -0.07396906614303589 0.07314436137676239
v -0.008640551939606667 -0.07427047193050385 0.07314949482679367
v -0.009464110247790813 -0.07509391009807587 0.07316365838050842
v -0.009765555150806904 -0.07621873170137405 0.07318306714296341
v -0.009464113041758537 -0.07734357565641403 0.07320250570774078
v -0.00864055659621954 -0.07816700637340546 0.07321678102016449
v -0.007515557110309601 -0.07846839725971222 0.07322205603122711
v -0.006390556693077087 -0.07816700637340546 0.07321692258119583
v -0.005515558645129204 -0.07968232035636902 0.073243148624897
v -0.007515335455536842 -0.07402776926755905 0.06974486261606216
v -0.008640335872769356 -0.07432917505502701 0.06974999606609344
v -0.009463894180953503 -0.07515261322259903 0.0697641596198082
v -0.009765338152647018 -0.07627743482589722 0.06978356838226318
v -0.009463896974921227 -0.0774022787809372 0.06980300694704056
v -0.008640340529382229 -0.07822570949792862 0.06981728225946426
v -0.007515340577811003 -0.07852710038423538 0.06982255727052689
v -4.003440608357778e-06 -0.09861749410629272 0.06416907161474228
v -3.621623136496055e-06 -0.09872108697891235 0.05816996470093727
v -0.011028973385691643 -0.09759603440761566 0.06415072828531265
v -0.01102859154343605 -0.09769962728023529 0.05815162509679794
v -0.02167849987745285 -0.09456642717123032 0.06409773230552673
v -0.021678118035197258 -0.09467002004384995 0.058098629117012024
v -0.031589921563863754 -0.08963184803724289 0.06401189416646957
v -0.03158954158425331 -0.08973544836044312 0.058012787252664566
v -0.040425725281238556 -0.08296035975217819 0.06389612704515457
v -0.04042534530162811 -0.08306395262479782 0.057897020131349564
v -0.04788501188158989 -0.07477913051843643 0.0637543722987175
v -0.04788462817668915 -0.07488272339105606 0.05775526911020279
v -0.05371376499533653 -0.06536675244569778 0.06359146535396576
v -0.05371338129043579 -0.06547034531831741 0.05759236216545105
v -0.05771349370479584 -0.055043768137693405 0.06341295689344406
v -0.057713109999895096 -0.055147361010313034 0.057413846254348755
v -0.05974799394607544 -0.04416169971227646 0.0632249116897583
v -0.0597476102411747 -0.044265296310186386 0.05722580477595329
v -0.059747979044914246 -0.03309114649891853 0.06303373724222183
v -0.0597475990653038 -0.03319474309682846 0.05703463405370712
v -0.05771345645189285 -0.02220909669995308 0.06284595280885696
v -0.05771307647228241 -0.022312691435217857 0.056846849620342255
v -0.05371370539069176 -0.0118861123919487 0.06266795098781586
v -0.053713325411081314 -0.011989707127213478 0.05666884407401085
v -0.04788492992520332 -0.00247373734600842 0.06250578910112381
v -0.04788454994559288 -0.002577331615611911 0.0565066784620285
v -0.040425628423690796 0.00570750143378973 0.062364984303712845
v -0.040425244718790054 0.005603907164186239 0.05636587738990784
v -0.0315898098051548 0.012378993444144726 0.06225034222006798
v -0.03158942610025406 0.012275399640202522 0.05625123530626297
v -0.021678376942873 0.01731356792151928 0.0621657595038414
v -0.02167799510061741 0.0172099731862545 0.05616665631532669
v -0.011028843931853771 0.020343169569969177 0.06211412325501442
v -0.011028462089598179 0.0202395748347044 0.05611501634120941
v -3.871573881042423e-06 0.021364625543355942 0.06209718436002731
v -3.4897564091807e-06 0.021261032670736313 0.056098077446222305
v -0.033052075654268265 -0.06524146348237991 0.06959151476621628
v -0.02670486643910408 -0.06521937251091003 0.06959153711795807
v -0.026726961135864258 -0.0715656504034996 0.06970112025737762
v -0.026726888492703438 -0.005480028688907623 0.06855993717908859
v -0.026704806834459305 -0.011826291680335999 0.06866952776908875
v -0.03305201977491379 -0.011804211884737015 0.06866874545812607
v -0.015156780369579792 0.0011783224763348699 0.06844569742679596
v -0.015074008144438267 -0.0036421252880245447 0.06852894276380539
v -0.018444335088133812 -0.0002373598690610379 0.06846993416547775
v 0.03304343670606613 -0.011804211884737015 0.06867294758558273
v 0.026696227490901947 -0.011826291680335999 0.06867292523384094
v 0.026718324050307274 -0.005480028688907623 0.06856334209442139
v 0.0348815880715847 -0.03852283954620361 0.06913445144891739
v 0.035080961883068085 -0.06250406801700592 0.0695485770702362
v 0.03488156944513321 -0.0535903163254261 0.06939464062452316
v 0.03828683868050575 -0.05696014314889908 0.06945304572582245
v 0.026718251407146454 -0.0715656504034996 0.06970452517271042
v 0.02669616788625717 -0.06521937251091003 0.06959493458271027
v 0.033043380826711655 -0.06524146348237991 0.06959571689367294
v 0.015148141421377659 -0.07822399586439133 0.06981876492500305
v 0.015065369196236134 -0.07340355217456818 0.06973551958799362
v 0.01843569613993168 -0.07680830359458923 0.06979452818632126
v -4.3660274968715385e-06 -0.08101651072502136 0.06986602395772934
v -4.364659616840072e-06 -0.07977180182933807 0.06984452903270721
v 0.009452774189412594 -0.07995110005140305 0.06984822452068329
v 0.008631614036858082 -0.07822570949792862 0.06981837749481201
v 0.009455172345042229 -0.0774022787809372 0.06980421394109726
v 0.009756617248058319 -0.07627743482589722 0.06978481262922287
v 0.009455175139009953 -0.07515261322259903 0.0697653666138649
v 0.008631618693470955 -0.07432917505502701 0.06975109130144119
v -4.357660600362578e-06 -0.07340355217456818 0.06973455846309662
v 0.023333657532930374 -0.06940481066703796 0.06966699659824371
v 0.022510100156068802 -0.06858137249946594 0.06965272128582001
v 0.01506537850946188 -0.06521937251091003 0.06959418952465057
v 0.023635098710656166 -0.07052964717149734 0.06968643516302109
v 0.023333655670285225 -0.07165447622537613 0.06970584392547607
v 0.02649395912885666 -0.07174573093652725 0.06970761716365814
v 0.022510096430778503 -0.07247790694236755 0.06972000747919083
v 0.026696180924773216 -0.0535903163254261 0.06939411908388138
v 0.03322349116206169 -0.0650172084569931 0.06959185749292374
v 0.03313223645091057 -0.06185736507177353 0.06953728944063187
v 0.03395579382777214 -0.061033930629491806 0.06952311843633652
v 0.03425723686814308 -0.05990910530090332 0.06950371712446213
v 0.03395579755306244 -0.058784279972314835 0.06948427110910416
v 0.03313224017620087 -0.05796084553003311 0.06947000324726105
v 0.038880906999111176 -0.04408443346619606 0.06923074275255203
v 0.04143010824918747 -0.04797856882214546 0.069298155605793
v 0.03888090327382088 -0.04798095300793648 0.06929802894592285
v 0.03970446065068245 -0.047157518565654755 0.0692838653922081
v 0.04000590369105339 -0.04603269323706627 0.06926445662975311
v 0.0412507988512516 -0.03852283954620361 0.06913485378026962
v 0.03970446437597275 -0.04490786790847778 0.06924501806497574
v 0.041305217891931534 -0.02853567712008953 0.06896240264177322
v 0.04143012687563896 -0.02906709909439087 0.06897158175706863
v 0.04249568283557892 -0.03852283954620361 0.06913493573665619
v 0.03888091817498207 -0.03296124190092087 0.06903866678476334
v 0.03970447555184364 -0.032137807458639145 0.06902450323104858
v 0.04000592231750488 -0.031012974679470062 0.0690050944685936
v 0.03970447927713394 -0.02988814190030098 0.06898564845323563
v 0.041200269013643265 -0.028111273422837257 0.06895506381988525
v 0.03888092190027237 -0.029064707458019257 0.06897138059139252
v 0.0348815992474556 -0.02814389392733574 0.06895522773265839
v 0.038286879658699036 -0.020085519179701805 0.06881628930568695
v 0.03970276936888695 -0.023372583091259003 0.06887313723564148
v 0.034881602972745895 -0.02345535345375538 0.06887426227331161
v 0.03395583853125572 -0.018261397257447243 0.06878451257944107
v 0.03313228115439415 -0.019084831699728966 0.06879867613315582
v 0.03313228487968445 -0.015188297256827354 0.068731389939785
v 0.03322354704141617 -0.012028463184833527 0.06867683678865433
v 0.03395584225654602 -0.016011731699109077 0.06874566525220871
v 0.03425728529691696 -0.01713656447827816 0.06876510381698608
v 0.026696214452385902 -0.02345535345375538 0.06887374073266983
v 0.015065445564687252 -0.0036421252880245447 0.0685308575630188
v 0.022510167211294174 -0.008464286103844643 0.06861460208892822
v 0.023333724588155746 -0.0076408591121435165 0.06860043853521347
v 0.023635169491171837 -0.006516026332974434 0.06858102977275848
v 0.026494033634662628 -0.0052999453619122505 0.06856021285057068
v 0.023333728313446045 -0.005391193553805351 0.06856159120798111
v 0.023980528116226196 -0.0034427549690008163 0.06852798163890839
v 0.022510170936584473 -0.004567759111523628 0.0685473158955574
v 0.01506543718278408 -0.011826291680335999 0.06867218762636185
v 0.008631696924567223 -0.0027164912316948175 0.06851446628570557
v 0.00945525523275137 -0.0018930566729977727 0.06850030273199081
v 0.018435781821608543 -0.0002373598690610379 0.06847228109836578
v 0.009452865459024906 0.0029054300393909216 0.06841743737459183
v -4.272621936252108e-06 0.003970830701291561 0.06839843839406967
v 0.00975670013576746 -0.0007682240102440119 0.06848089396953583
v 0.009455258026719093 0.0003566087398212403 0.06846145540475845
v 0.008631701581180096 0.0011800433276221156 0.06844718009233475
v -4.280989287508419e-06 -0.0036421252880245447 0.06852990388870239
v -0.0063902572728693485 -0.0027164912316948175 0.06851351261138916
v -0.005566699430346489 -0.0018930566729977727 0.06849934160709381
v -0.005265255458652973 -0.0007682240102440119 0.06847994029521942
v -0.005566697102040052 0.0003566087398212403 0.06846049427986145
v -0.006390253081917763 0.0011800433276221156 0.06844622641801834
v -0.009461413137614727 0.0029054300393909216 0.06841623783111572
v -0.010417385958135128 0.0026755989529192448 0.06842014193534851
v -0.01038477011024952 -0.0036421252880245447 0.06852924078702927
v -0.020268740132451057 -0.008464286103844643 0.06861188262701035
v -0.015074016526341438 -0.011826291680335999 0.06867026537656784
v -0.019445182755589485 -0.0076408591121435165 0.068597711622715
v -0.019143737852573395 -0.006516026332974434 0.0685783103108406
v -0.019445179030299187 -0.005391193553805351 0.06855886429548264
v -0.02026873640716076 -0.004567759111523628 0.06854459643363953
v -0.026502598077058792 -0.0052999453619122505 0.06855684518814087
v -0.030890876427292824 -0.019084831699728966 0.0687946006655693
v -0.02670481987297535 -0.02345535345375538 0.06887034326791763
v -0.03489020839333534 -0.02345535345375538 0.06886982172727585
v -0.0300673209130764 -0.018261397257447243 0.06878043711185455
v -0.02976587601006031 -0.01713656447827816 0.06876103579998016
v -0.03508960083127022 -0.014541600830852985 0.0687158852815628
v -0.033232130110263824 -0.012028463184833527 0.06867260485887527
v -0.030890872702002525 -0.015188297256827354 0.06872731447219849
v -0.03006731905043125 -0.016011731699109077 0.06874158978462219
v -0.038295477628707886 -0.020085519179701805 0.06881141662597656
v -0.03489021211862564 -0.02814389392733574 0.06895078718662262
v -0.04120888188481331 -0.028111273422837257 0.06894981861114502
v -0.03663954511284828 -0.029064707458019257 0.0689665749669075
v -0.034890223294496536 -0.03852283954620361 0.06913001090288162
v -0.03663954883813858 -0.03296124190092087 0.06903386116027832
v -0.0414387471973896 -0.02906709909439087 0.06896630674600601
v -0.03581599146127701 -0.032137807458639145 0.06901969015598297
v -0.03551454469561577 -0.031012974679470062 0.06900028884410858
v -0.03581598773598671 -0.02988814190030098 0.06898084282875061
v -0.04250431805849075 -0.03852283954620361 0.06912952661514282
v -0.036639560014009476 -0.04408443346619606 0.06922593712806702
v -0.036639563739299774 -0.04798095300793648 0.06929322332143784
v -0.03489024192094803 -0.0535903163254261 0.0693902000784874
v -0.041438765823841095 -0.04797856882214546 0.06929288059473038
v -0.0358160063624382 -0.047157518565654755 0.06927905976772308
v -0.03551456332206726 -0.04603269323706627 0.0692596510052681
v -0.0358160026371479 -0.04490786790847778 0.06924021244049072
v -0.03971140831708908 -0.05367307737469673 0.06939132511615753
v -0.03006736747920513 -0.061033930629491806 0.06951904296875
v -0.02976592443883419 -0.05990910530090332 0.06949964165687561
v -0.030067365616559982 -0.058784279972314835 0.06948019564151764
v -0.026704853400588036 -0.0535903163254261 0.06939072161912918
v -0.030890919268131256 -0.05796084553003311 0.06946592777967453
v -0.03829551860690117 -0.05696014314889908 0.06944817304611206
v -0.0332321859896183 -0.0650172084569931 0.06958762556314468
v -0.030890924856066704 -0.06185736507177353 0.06953321397304535
v -0.019445251673460007 -0.07165447622537613 0.0697031170129776
v -0.019143808633089066 -0.07052964717149734 0.06968371570110321
v -0.015074084512889385 -0.07340355217456818 0.06973360478878021
v -0.020268810912966728 -0.07247790694236755 0.06971728801727295
v -0.019445249810814857 -0.06940481066703796 0.06966426968574524
v -0.02026880718767643 -0.06858137249946594 0.06965000182390213
v -0.015074075199663639 -0.06521937251091003 0.06959227472543716
v -0.018444418907165527 -0.07680830359458923 0.06979218125343323
v -0.026502670720219612 -0.07174573093652725 0.06970424950122833
v -0.015156867913901806 -0.07822399586439133 0.06981683522462845
v -0.010384846478700638 -0.07340355217456818 0.06973390281200409
v -0.010417476296424866 -0.07972126454114914 0.06984299421310425
v -0.005566779989749193 -0.07515261322259903 0.06976441293954849
v -0.0063903359696269035 -0.07432917505502701 0.06975013762712479
v -0.006390340160578489 -0.07822570949792862 0.0698174238204956
v -0.00556678231805563 -0.0774022787809372 0.06980326026678085
v -0.005265338346362114 -0.07627743482589722 0.06978385150432587
v -0.009993009269237518 -0.07982619851827621 0.06984483450651169
v -0.00946150440722704 -0.07995110005140305 0.06984702497720718
v -0.010384825058281422 -0.0535903163254261 0.06939175724983215
v -0.015074063092470169 -0.0535903163254261 0.06939145922660828
v -0.015074046328663826 -0.03852283954620361 0.0691312700510025
v -0.010384791530668736 -0.02345535345375538 0.0688713788986206
v -0.010384797118604183 -0.02814389392733574 0.06895234435796738
v -4.302764864405617e-06 -0.02345535345375538 0.06887204200029373
v 0.004205209668725729 -0.028361672535538673 0.06895703077316284
v 0.015065418556332588 -0.02814389392733574 0.06895396113395691
v 0.007773864082992077 -0.030745815485715866 0.06899843364953995
v -4.33588502346538e-06 -0.0535903163254261 0.06939242035150528
v 0.01506539061665535 -0.0535903163254261 0.06939338147640228
v 0.004205187316983938 -0.04868398979306221 0.06930796802043915
v 0.0077738468535244465 -0.04629984498023987 0.06926701962947845
v 0.010158350691199303 -0.04273172840476036 0.06920555979013443
v 0.015065407380461693 -0.03852283954620361 0.06913319230079651
v 0.010995680466294289 -0.03852283954620361 0.06913293153047562
v 0.010158360004425049 -0.03431394696235657 0.06906019896268845
v -0.010384778492152691 -0.011826291680335999 0.06867056339979172
v -4.289984190108953e-06 -0.011826291680335999 0.06867122650146484
v 0.015065424144268036 -0.02345535345375538 0.06887300312519073
v -0.015074029564857483 -0.02345535345375538 0.06887108087539673
v -0.01507403515279293 -0.02814389392733574 0.0689520463347435
v -0.026704825460910797 -0.02814389392733574 0.0689513087272644
v -0.026704836636781693 -0.03852283954620361 0.06913053244352341
v 0.026696208864450455 -0.02814389392733574 0.0689547061920166
v 0.02669619768857956 -0.03852283954620361 0.0691339299082756
v -0.010384837165474892 -0.06521937251091003 0.06959257274866104
v -4.348665697762044e-06 -0.06521937251091003 0.06959323585033417
v -4.837854703509947e-06 -0.1048920750617981 0.07727935910224915
v -3.6924022879247786e-06 -0.10520285367965698 0.05928204208612442
v -0.03830425441265106 0.07497655600309372 0.06811448186635971
v -0.04000428318977356 0.07498441636562347 0.06856981664896011
v 0.0016957452753558755 0.07497655600309372 0.06811702996492386
v -4.283691851014737e-06 0.07498441636562347 0.06857236474752426
v 0.014195729047060013 0.0749809667468071 0.06837330013513565
v 0.002940310863777995 0.07495506852865219 0.06687280535697937
v -0.0017042547697201371 0.07497655600309372 0.06811681389808655
v -0.002948662033304572 0.07495506852865219 0.06687243282794952
v -0.04170425608754158 0.07497655600309372 0.0681142657995224
v -0.04294866323471069 0.07495506852865219 0.06686988472938538
v -0.03705969080328941 0.07495506852865219 0.06687026470899582
v 0.03705133870244026 0.07495506852865219 0.06687498092651367
v 0.04294031113386154 0.07495506852865219 0.06687535345554352
v 0.04169574752449989 0.07497655600309372 0.068119578063488
v 0.0399957150220871 0.07498441636562347 0.06857491284608841
v 0.038295745849609375 0.07497655600309372 0.0681193545460701
v 0.021671006456017494 0.0172099731862545 0.05616941303014755
v 0.011021480895578861 0.0202395748347044 0.05611642077565193
v 0.047877516597509384 -0.002577331615611911 0.05651277303695679
v 0.04041823372244835 0.005603907164186239 0.05637102201581001
v 0.03158243000507355 0.012275399640202522 0.05625525489449501
v 0.05370626971125603 -0.011989707127213478 0.05667567998170853
v 0.05770599842071533 -0.022312691435217857 0.05685419589281082
v 0.059740498661994934 -0.03319474309682846 0.057042237371206284
v 0.05974048748612404 -0.044265296310186386 0.057233408093452454
v 0.057705964893102646 -0.055147361010313034 0.05742119252681732
v 0.05370621383190155 -0.06547034531831741 0.05759919807314873
v 0.047877438366413116 -0.07488272339105606 0.05776136368513107
v 0.04041813313961029 -0.08306395262479782 0.05790216475725174
v 0.031582314521074295 -0.08973544836044312 0.058016806840896606
v 0.021670883521437645 -0.09467002004384995 0.058101389557123184
v 0.011021350510418415 -0.09769962728023529 0.058153025805950165
v -3.621623136496055e-06 -0.09872108697891235 0.05816996470093727
v -3.6276669561630115e-06 -0.10422027111053467 0.058264926075935364
v -0.007823009043931961 -0.03218526765704155 0.07502319663763046
v -0.00623959070071578 -0.030602090060710907 0.07499595731496811
v -0.004343528300523758 -0.029410891234874725 0.07497550547122955
v -0.0022298996336758137 -0.02867141179740429 0.07496286928653717
v -4.712131612905068e-06 -0.04841774329543114 0.07530400156974792
v -0.00222992105409503 -0.048167068511247635 0.07529953122138977
v -0.004343548323959112 -0.04742759093642235 0.0752866268157959
v -0.006239607930183411 -0.04623638838529587 0.07526593655347824
v -0.00782302301377058 -0.044653214514255524 0.07523849606513977
v -0.00901439506560564 -0.04275742918252945 0.07520568370819092
v -0.009753982536494732 -0.04064411669969559 0.075169138610363
v -0.010004701092839241 -0.038419242948293686 0.07513070851564407
v -0.009753977879881859 -0.036194369196891785 0.07509230077266693
v -0.009014385752379894 -0.03408104553818703 0.07505585253238678
v -0.009461031295359135 0.0028018357697874308 0.062417130917310715
v -3.89080469176406e-06 0.003867236664518714 0.06239933520555496
v -0.01844395324587822 -0.00034095405135303736 0.06247083097696304
v -0.0265022162348032 -0.005403539165854454 0.06255774199962616
v -0.03323174640536308 -0.01213205698877573 0.06267350167036057
v -0.03829509764909744 -0.020189113914966583 0.06281231343746185
v -0.04143836349248886 -0.029170693829655647 0.0629672035574913
v -0.04250393807888031 -0.03862643241882324 0.06313042342662811
v -0.04143838584423065 -0.04808216542005539 0.06329377740621567
v -0.03829513490200043 -0.05706373602151871 0.06344906985759735
v -0.03323180601000786 -0.06512080132961273 0.06358852237462997
v -0.02650229074060917 -0.07184932380914688 0.06370514631271362
v -0.018444038927555084 -0.07691189646720886 0.06379307806491852
v -0.009461122564971447 -0.08005469292402267 0.06384792178869247
v -4.3660274968715385e-06 -0.08101651072502136 0.06986602395772934
v 0.014689940959215164 0.000495404819957912 0.0764605849981308
v 0.02117021568119526 0.000495404819957912 0.07646099478006363
v 0.021170230582356453 0.014237561263144016 0.0762236937880516
v 0.030950302258133888 -0.02663096785545349 0.07693004608154297
v 0.0388810895383358 -0.02663096785545349 0.07693054527044296
v 0.0388810932636261 -0.023692168295383453 0.07687979936599731
v 0.026695672422647476 -0.05307724326848984 0.07738645374774933
v 0.0309502724558115 -0.05307724326848984 0.07738672196865082
v 0.0309502761811018 -0.050138454884290695 0.07733597606420517
v -0.03889074921607971 -0.05307724326848984 0.07738228142261505
v -0.0309599619358778 -0.05307724326848984 0.07738278061151505
v -0.0309599582105875 -0.050138454884290695 0.0773320347070694
v 0.02117014303803444 -0.06508124619722366 0.07759339362382889
v 0.02669565938413143 -0.06508124619722366 0.07759374380111694
v 0.03095024637877941 -0.07726482301950455 0.07780440151691437
v 0.03888103365898132 -0.07726482301950455 0.07780490815639496
v 0.03888104856014252 -0.06508124619722366 0.07759451866149902
v -0.00258535984903574 -0.07726482301950455 0.07780227065086365
v 0.0025756177492439747 -0.07726482301950455 0.07780259847640991
v 0.002575631020590663 -0.06508124619722366 0.07759220898151398
v 0.039755407720804214 -0.03433844447135925 0.07706369459629059
v 0.0388810820877552 -0.03580460324883461 0.07708895951509476
v 0.04755029082298279 -0.03580460324883461 0.07708951085805893
v 0.025384660810232162 -0.006377900950610638 0.07657995074987411
v 0.024848759174346924 -0.008377599529922009 0.07661444693803787
v 0.026695722714066505 -0.007503403816372156 0.07659947127103806
v 0.023384656757116318 -0.009841479361057281 0.07663963735103607
v 0.02117018774151802 -0.023692168295383453 0.07687867432832718
v -0.019394250586628914 -0.009841479361057281 0.0766369104385376
v -0.021179813891649246 -0.023692168295383453 0.07687597721815109
v -0.030016381293535233 -0.013534852303564548 0.07670001685619354
v -0.03095991164445877 -0.007503403816372156 0.07659580558538437
v -0.014699497260153294 0.014237561263144016 0.07622140645980835
v 0.0025757180992513895 0.014237561263144016 0.0762225091457367
v -0.025679752230644226 0.031175976619124413 0.0759282112121582
v -0.026705272495746613 0.028030389919877052 0.075982466340065
v 0.027320249006152153 0.031175976619124413 0.07593158632516861
v 0.02669576182961464 0.028030389919877052 0.0759858638048172
v -0.0388907864689827 -0.08593273907899857 0.0779496356844902
v -0.0388907790184021 -0.07726482301950455 0.0777999609708786
v 0.038881026208400726 -0.08593273907899857 0.07795459032058716
v 0.030950237065553665 -0.08593273907899857 0.07795408368110657
v 0.06490204483270645 -0.029591215774416924 0.07698332518339157
v 0.04755035787820816 0.028030389919877052 0.07598719000816345
v 0.047550320625305176 -0.007503403816372156 0.07660079747438431
v 0.04755032807588577 0.000495404819957912 0.07646267116069794
v 0.04755034297704697 0.014237561263144016 0.07622537016868591
v 0.05582016706466675 -0.03981343284249306 0.07715926319360733
v 0.047550272196531296 -0.050138454884290695 0.07733703404664993
v 0.055820170789957047 -0.036955978721380234 0.0771099179983139
v 0.05642411485314369 -0.037559833377599716 0.07712038606405258
v 0.05664517357945442 -0.03838471323251724 0.0771346464753151
v 0.05642411485314369 -0.03920959308743477 0.07714887708425522
v 0.047550298273563385 -0.02663096785545349 0.07693109661340714
v 0.06313340365886688 -0.020956983789801598 0.07683411240577698
v 0.047550301998853683 -0.023692168295383453 0.07688035070896149
v 0.060221266001462936 -0.012638390995562077 0.07669027894735336
v 0.047550272196531296 -0.05307724326848984 0.07738777995109558
v 0.04755024239420891 -0.07726482301950455 0.07780545949935913
v 0.0475502572953701 -0.06508124619722366 0.0775950700044632
v 0.02669563703238964 -0.08593273907899857 0.07795380800962448
v -0.0025853693950921297 -0.08593273907899857 0.07795194536447525
v 0.002575608203187585 -0.08593273907899857 0.07795227319002151
v 0.0008201127056963742 -0.09194778650999069 0.07805603742599487
v 0.0014240540331229568 -0.09255164116621017 0.07806649804115295
v 0.0016451111296191812 -0.093376524746418 0.07808075845241547
v 0.0008201095624826849 -0.09480524063110352 0.0781053751707077
v 0.0014240521704778075 -0.09420138597488403 0.07809498906135559
v -0.03889074921607971 -0.050138454884290695 0.0773315280675888
v -0.03889073058962822 -0.03580460324883461 0.0770840123295784
v -0.054179828613996506 -0.036955978721380234 0.07710292190313339
v -0.05357588455080986 -0.037559833377599716 0.07711338251829147
v -0.05335482954978943 -0.03838471323251724 0.07712764292955399
v -0.05357588455080986 -0.03920959308743477 0.07714187353849411
v -0.054179832339286804 -0.03981343284249306 0.07715225964784622
v -0.03889067843556404 0.014237561263144016 0.07621987164020538
v -0.03889066353440285 0.028030389919877052 0.07598169147968292
v 0.021170245483517647 0.028030389919877052 0.07598551362752914
v 0.027320250868797302 0.034033436328172684 0.07588224112987518
v 0.0279241930693388 0.0334295816719532 0.07589270919561386
v 0.02814524993300438 0.032604705542325974 0.07590696960687637
v 0.030950361862778664 0.028030389919877052 0.07598613202571869
v 0.02792419120669365 0.031779829412698746 0.0759211927652359
v -0.02117975614964962 0.028030389919877052 0.07598281651735306
v -0.02507580816745758 0.0334295816719532 0.07588933408260345
v -0.02485474944114685 0.032604705542325974 0.07590359449386597
v -0.02507581003010273 0.031779829412698746 0.07591782510280609
v -0.030959872528910637 0.028030389919877052 0.07598219811916351
v -0.025679748505353928 0.034033436328172684 0.07587886601686478
v 0.014689886011183262 -0.050138454884290695 0.0773349404335022
v 0.0025756475515663624 -0.050138454884290695 0.07733417302370071
v 0.01468990184366703 -0.03580460324883461 0.0770874172449112
v 0.014689911156892776 -0.02663096785545349 0.07692901045084
v -0.002585301175713539 -0.023692168295383453 0.076877161860466
v -0.0025853042025119066 -0.02663096785545349 0.07692790776491165
v -0.009386798366904259 -0.030903946608304977 0.07700126618146896
v -0.0074866958893835545 -0.02900412306189537 0.07696858048439026
v -0.01469954289495945 -0.02663096785545349 0.07692714035511017
v -0.0052114212885499 -0.0275746900588274 0.07694403827190399
v -0.0026750669348984957 -0.026687316596508026 0.07692887634038925
v -0.010816460475325584 -0.04359053447842598 0.07722024619579315
v -0.011703966185450554 -0.041054558008909225 0.07717639952898026
v -0.014699568040668964 -0.050138454884290695 0.07733307033777237
v -0.014699552208185196 -0.03580460324883461 0.07708554714918137
v -0.012004828080534935 -0.03838471323251724 0.0771302729845047
v -0.011703959666192532 -0.035714853554964066 0.07708419114351273
v -0.010816448368132114 -0.03317887336015701 0.07704045623540878
v -0.005211445037275553 -0.04919472709298134 0.07731737941503525
v -0.007486716378480196 -0.04776529222726822 0.0772925466299057
v -0.009386814199388027 -0.04586546868085861 0.0772596225142479
v 0.014689956791698933 0.014237561263144016 0.07622327655553818
v -0.021179771050810814 0.014237561263144016 0.07622099667787552
v -0.0025852592661976814 0.014237561263144016 0.07622218132019043
v -0.02670537494122982 -0.06508124619722366 0.07759034633636475
v -0.026705387979745865 -0.07726482301950455 0.07780073583126068
v -0.019394313916563988 -0.0669279396533966 0.07762269675731659
v -0.01793021336197853 -0.068391814827919 0.07764807343482971
v -0.014699584804475307 -0.06508124619722366 0.07759110629558563
v -0.01739431731402874 -0.07039152085781097 0.07768263667821884
v -0.014699597842991352 -0.07726482301950455 0.07780149579048157
v -0.01793021708726883 -0.07239122688770294 0.0777171328663826
v -0.019394321367144585 -0.07385510951280594 0.0777423158288002
v -0.021179871633648872 -0.07726482301950455 0.07780108600854874
v -0.038890764117240906 -0.06508124619722366 0.07758957147598267
v -0.030016427859663963 -0.05630739405751228 0.07743862271308899
v -0.026705361902713776 -0.05307724326848984 0.07738305628299713
v -0.028552329167723656 -0.05777127295732498 0.07746399194002151
v -0.028016433119773865 -0.05977097898721695 0.07749856263399124
v -0.028552332893013954 -0.06177068501710892 0.077533058822155
v -0.03001643531024456 -0.06323456764221191 0.0775582417845726
v -0.034300971776247025 -0.047894272953271866 0.07729306817054749
v -0.03576507419347763 -0.04935815557837486 0.07731825858354568
v -0.030959943309426308 -0.03580460324883461 0.07708451896905899
v -0.035765066742897034 -0.04243098199367523 0.07719863951206207
v -0.034300968050956726 -0.04389486089348793 0.0772240087389946
v -0.033765070140361786 -0.0458945669233799 0.07725857198238373
v -0.038890693336725235 0.000495404819957912 0.07645717263221741
v -0.03889070078730583 -0.007503403816372156 0.07659529894590378
v -0.038890719413757324 -0.023692168295383453 0.07687485218048096
v -0.03889072313904762 -0.02663096785545349 0.0769255980849266
v -0.03576505184173584 -0.027411263436079025 0.07693926990032196
v -0.034300949424505234 -0.028875144198536873 0.07696464657783508
v -0.030959932133555412 -0.02663096785545349 0.0769261047244072
v -0.03376505523920059 -0.03087485022842884 0.07699920982122421
v -0.03430095314979553 -0.03287454694509506 0.07703370600938797
v -0.03576505929231644 -0.03433844447135925 0.07705888897180557
v -0.028552286326885223 -0.018998144194483757 0.07679445296525955
v -0.03001638874411583 -0.020462024956941605 0.07681963592767715
v -0.030959930270910263 -0.023692168295383453 0.07687535136938095
v -0.02670533023774624 -0.023692168295383453 0.07687562704086304
v -0.028016386553645134 -0.01699843816459179 0.0767599493265152
v -0.026705311611294746 -0.007503403816372156 0.07659607380628586
v -0.028552280738949776 -0.014998740516602993 0.07672538608312607
v -0.014699539169669151 -0.023692168295383453 0.07687638700008392
v -0.017930148169398308 -0.008377599529922009 0.07661172747612
v -0.014699521474540234 -0.007503403816372156 0.07659683376550674
v -0.01739424653351307 -0.006377900950610638 0.07657723128795624
v -0.01793014258146286 -0.00437819492071867 0.07654266804456711
v -0.026705302298069 0.000495404819957912 0.07645794749259949
v 0.010970293544232845 0.0013696001842617989 0.07644525170326233
v 0.011506190523505211 -0.0006300983368419111 0.07647981494665146
v 0.002575694350525737 -0.007503403816372156 0.07659793645143509
v 0.0025757031980901957 0.000495404819957912 0.07645981013774872
v 0.010970289818942547 -0.002629804192110896 0.07651431113481522
v 0.009506186470389366 -0.0040936847217381 0.07653950154781342
v 0.014689932577311993 -0.007503403816372156 0.07659871131181717
v 0.009506193920969963 0.002833480481058359 0.0764198750257492
v 0.026695704087615013 -0.023692168295383453 0.07687902450561523
v 0.02484876476228237 -0.00437819492071867 0.07654538750648499
v 0.02669573202729225 0.000495404819957912 0.07646134495735168
v 0.023384664207696915 -0.002914314391091466 0.07652001827955246
v 0.014689914882183075 -0.023692168295383453 0.07687825709581375
v 0.03095032274723053 -0.007503403816372156 0.07659973949193954
v 0.03400677815079689 -0.013534852303564548 0.07670409232378006
v 0.03888111189007759 -0.007503403816372156 0.07660024613142014
v 0.03400677070021629 -0.020462024956941605 0.07682371139526367
v 0.030950304120779037 -0.023692168295383453 0.07687929272651672
v 0.035470880568027496 -0.014998740516602993 0.07672946155071259
v 0.03600677475333214 -0.01699843816459179 0.07676402479410172
v 0.0354708768427372 -0.018998144194483757 0.07679852843284607
v 0.030950291082262993 -0.03580460324883461 0.07708845287561417
v 0.03975541517138481 -0.027411263436079025 0.07694407552480698
v 0.04121951758861542 -0.028875144198536873 0.0769694522023201
v 0.04175541177392006 -0.03087485022842884 0.07700401544570923
v 0.04121951013803482 -0.03287454694509506 0.07703851163387299
v 0.03400672599673271 -0.06323456764221191 0.07756231725215912
v 0.030950259417295456 -0.06508124619722366 0.07759401202201843
v 0.03400673344731331 -0.05630739405751228 0.0774426981806755
v 0.035470832139253616 -0.05777127295732498 0.07746806740760803
v 0.03888106346130371 -0.05307724326848984 0.07738722860813141
v 0.036006730049848557 -0.05977097898721695 0.07750263810157776
v 0.03547082841396332 -0.06177068501710892 0.07753713428974152
v 0.0248486939817667 -0.068391814827919 0.07765079289674759
v 0.02538459002971649 -0.07039152085781097 0.07768535614013672
v 0.023384593427181244 -0.0669279396533966 0.07762542366981506
v 0.014689856208860874 -0.07726482301950455 0.0778033658862114
v 0.021170129999518394 -0.07726482301950455 0.07780378311872482
v 0.023384585976600647 -0.07385510951280594 0.07774504274129868
v 0.026695646345615387 -0.07726482301950455 0.07780413329601288
v 0.024848690256476402 -0.07239122688770294 0.07771985232830048
v 0.014689869247376919 -0.06508124619722366 0.07759297639131546
v 0.009506103582680225 -0.07960289716720581 0.07784341275691986
v 0.014689845964312553 -0.08593273907899857 0.0779530480504036
v 0.010970206931233406 -0.07813901454210281 0.07781822979450226
v 0.009506111033260822 -0.07267574220895767 0.07772379368543625
v 0.010970210656523705 -0.07413961738348007 0.07774916291236877
v 0.01150610763579607 -0.07613930851221085 0.0777837261557579
v -0.00405174819752574 -0.07813901454210281 0.07781726866960526
v -0.005515851080417633 -0.07960289716720581 0.07784245908260345
v -0.0025853465776890516 -0.06508124619722366 0.07759188115596771
v -0.005515843629837036 -0.07267574220895767 0.07772283256053925
v -0.004051743540912867 -0.07413961738348007 0.07774820923805237
v 0.03888106346130371 -0.050138454884290695 0.07733648270368576
v 0.03975539281964302 -0.04935815557837486 0.0773230642080307
v 0.03975540027022362 -0.04243098199367523 0.07720344513654709
v 0.041219498962163925 -0.04389486089348793 0.07722881436347961
v 0.041755396872758865 -0.0458945669233799 0.07726337760686874
v 0.04121949523687363 -0.047894272953271866 0.0772978737950325
v -0.005515768192708492 -0.0040936847217381 0.07653854042291641
v -0.0025852832477539778 -0.007503403816372156 0.07659760862588882
v -0.014699513092637062 0.000495404819957912 0.07645871490240097
v -0.019394243136048317 -0.002914314391091466 0.07651729136705399
v -0.005515760742127895 0.002833480481058359 0.0764189213514328
v -0.004051660653203726 0.0013696001842617989 0.07644429057836533
v -0.002585274400189519 0.000495404819957912 0.07645948231220245
v -0.003515764372423291 -0.0006300983368419111 0.07647886127233505
v -0.004051665309816599 -0.002629804192110896 0.07651335746049881
v -0.014699608087539673 -0.08593273907899857 0.07795117795467377
v -0.02117988094687462 -0.08593273907899857 0.07795076817274094
v -0.02670539729297161 -0.08593273907899857 0.07795041054487228
v -0.003515847260132432 -0.07613930851221085 0.0777827724814415
v 0.02117012068629265 -0.08593273907899857 0.07795345783233643
v -0.030959974974393845 -0.06508124619722366 0.07759007066488266
v -0.03095998801290989 -0.07726482301950455 0.0778004601597786
v -0.030959997326135635 -0.08593273907899857 0.0779501423239708
v 0.0025756442919373512 -0.05307724326848984 0.07738491892814636
v -0.0025853333063423634 -0.05307724326848984 0.0773845911026001
v -0.014699571765959263 -0.05307724326848984 0.07738381624221802
v -0.002585330046713352 -0.050138454884290695 0.07733384519815445
v -0.0026750925462692976 -0.05008210986852646 0.07733286172151566
v 0.021170156076550484 -0.05307724326848984 0.07738610357046127
v 0.026695676147937775 -0.050138454884290695 0.07733570784330368
v 0.014689882285892963 -0.05307724326848984 0.07738568633794785
v 0.021170159801840782 -0.050138454884290695 0.07733535766601562
v 0.02669569104909897 -0.03580460324883461 0.07708818465471268
v -0.026705332100391388 -0.02663096785545349 0.07692637294530869
v -0.026705343276262283 -0.03580460324883461 0.07708478718996048
v -0.026705358177423477 -0.050138454884290695 0.07733231037855148
v -0.021179815754294395 -0.02663096785545349 0.07692672312259674
v -0.02117982693016529 -0.03580460324883461 0.07708513736724854
v -0.021179841831326485 -0.050138454884290695 0.07733266055583954
v -0.021179845556616783 -0.05307724326848984 0.07738340646028519
v -0.021179858595132828 -0.06508124619722366 0.0775906965136528
v 0.02117018587887287 -0.02663096785545349 0.07692942023277283
v 0.026695702224969864 -0.02663096785545349 0.07692977041006088
v 0.021170174703001976 -0.03580460324883461 0.07708783447742462
v 0.0025756764225661755 -0.023692168295383453 0.07687748968601227
v 0.002575673395767808 -0.02663096785545349 0.07692823559045792
v -0.021179785951972008 0.000495404819957912 0.07645829766988754
v -0.03095988743007183 0.014237561263144016 0.07622037082910538
v -0.026705287396907806 0.014237561263144016 0.07622064650058746
v -0.030959902331233025 0.000495404819957912 0.076457679271698
v 0.026695746928453445 0.014237561263144016 0.07622404396533966
v 0.03095034696161747 0.014237561263144016 0.07622431218624115
v 0.030950332060456276 0.000495404819957912 0.07646162062883377
v 0.03888111934065819 0.000495404819957912 0.07646211981773376
v 0.03888113424181938 0.014237561263144016 0.07622481882572174
v 0.038881149142980576 0.028030389919877052 0.07598663866519928
v 0.03158193454146385 -0.08963184803724289 0.06401591747999191
v 0.021670501679182053 -0.09456642717123032 0.06410049647092819
v 0.011020969599485397 -0.09759603440761566 0.06415213644504547
v -3.98860584027716e-06 -0.08511950075626373 0.06393598020076752
v -4.003440608357778e-06 -0.09861749410629272 0.06416907161474228
v 0.0414305105805397 -0.029170693829655647 0.06297247856855392
v 0.05974011868238449 -0.03309114649891853 0.06304134428501129
v 0.04249606281518936 -0.03862643241882324 0.06313583254814148
v 0.0597401037812233 -0.04416169971227646 0.06323251873254776
v 0.04143048822879791 -0.04808216542005539 0.06329905241727829
v 0.057705581188201904 -0.055043768137693405 0.06342030316591263
v 0.038287222385406494 -0.05706373602151871 0.06345394253730774
v 0.05370583012700081 -0.06536675244569778 0.06359830498695374
v 0.033223871141672134 -0.06512080132961273 0.06359275430440903
v 0.047877054661512375 -0.07477913051843643 0.06376046687364578
v 0.02649434097111225 -0.07184932380914688 0.06370851397514343
v 0.04041775315999985 -0.08296035975217819 0.06390126794576645
v 0.01843607798218727 -0.07691189646720886 0.06379542499780655
v 0.009453156031668186 -0.08005469292402267 0.06384912133216858
v 0.009453247301280499 0.0028018357697874308 0.06241833418607712
v 0.011021099053323269 0.020343169569969177 0.06211552768945694
v 0.018436163663864136 -0.00034095405135303736 0.062473177909851074
v 0.021670624613761902 0.01731356792151928 0.06216851994395256
v 0.031582046300172806 0.012378993444144726 0.06225436180830002
v 0.02649441547691822 -0.005403539165854454 0.06256110966205597
v 0.04041785001754761 0.00570750143378973 0.06237012892961502
v 0.03322393074631691 -0.01213205698877573 0.06267773360013962
v 0.04787713661789894 -0.00247373734600842 0.0625118836760521
v 0.03828725963830948 -0.020189113914966583 0.06281718611717224
v 0.053705889731645584 -0.0118861123919487 0.06267479062080383
v 0.05770561844110489 -0.02220909669995308 0.06285329908132553
v -4.690154128184076e-06 -0.02842072956264019 0.0749586820602417
v 0.0038224614690989256 -0.02926814742386341 0.06997281312942505
v 0.004334464203566313 -0.029497219249606133 0.0699767991900444
v 0.007066692225635052 -0.03143554925918579 0.07001044601202011
v 0.007813938893377781 -0.03227159380912781 0.07002492994070053
v 0.009234416298568249 -0.03467930108308792 0.07006660103797913
v 0.009744898416101933 -0.03628069907426834 0.0700942873954773
v 0.009995616972446442 -0.03850557282567024 0.07013271749019623
v 0.00974489375948906 -0.040730446577072144 0.07017112523317337
v 0.009234407916665077 -0.04233182966709137 0.07019874453544617
v 0.007813924923539162 -0.04473954066634178 0.07024022936820984
v 0.007066676858812571 -0.0455755814909935 0.0702546238899231
v 0.0043344441801309586 -0.047513917088508606 0.07028792053461075
v 0.0038224412128329277 -0.04774298891425133 0.07029183954000473
v 0.06589306145906448 -0.029474228620529175 0.07598121464252472
v 0.06409741193056107 -0.020708182826638222 0.07582972198724747
v 0.061140816658735275 -0.012262578122317791 0.07568369805812836
v 0.038295723497867584 0.05522949993610382 0.06846035271883011
v 0.039995692670345306 0.055237364023923874 0.06891591101884842
v 0.03705131635069847 0.05520801246166229 0.06721597909927368
v 0.04294028878211975 0.05520801246166229 0.06721635162830353
v 0.0416957251727581 0.05522949993610382 0.06846056878566742
v -0.001704276422969997 0.05522949993610382 0.06845781207084656
v -4.3053951230831444e-06 0.055237364023923874 0.06891336292028427
v -0.002948683686554432 0.05520801246166229 0.06721343100070953
v 0.0029402892105281353 0.05520801246166229 0.06721380352973938
v 0.0016957236221060157 0.05522949993610382 0.06845802813768387
v -0.04170427843928337 0.05522949993610382 0.06845526397228241
v -0.04000430554151535 0.055237364023923874 0.06891081482172012
v -0.042948685586452484 0.05520801246166229 0.06721088290214539
v -0.037059713155031204 0.05520801246166229 0.06721126288175583
v -0.03830427676439285 0.05522949993610382 0.06845548003911972
v 0.02649575099349022 0.05997280776500702 0.06803123652935028
v 0.027995726093649864 0.059979747980833054 0.06843319535255432
v 0.02539774402976036 0.059953849762678146 0.06693325936794281
v 0.03059389628469944 0.059953849762678146 0.06693358719348907
v 0.02949575148522854 0.05997280776500702 0.0680314302444458
v -0.02950424887239933 0.05997280776500702 0.06802767515182495
v -0.028004275634884834 0.059979747980833054 0.0684296265244484
v -0.03060225583612919 0.059953849762678146 0.06692969053983688
v -0.02540610358119011 0.059953849762678146 0.06693002581596375
v -0.02650424838066101 0.05997280776500702 0.06802786141633987
v -0.0022895873989909887 -0.02839295193552971 0.07595819979906082
v -0.0024525297340005636 -0.027666721493005753 0.07667781412601471
v -0.004777521826326847 -0.028480149805545807 0.07669171690940857
v -0.006863189861178398 -0.029790468513965607 0.07671421021223068
v -0.00860495027154684 -0.03153196722269058 0.07674416899681091
v -0.00991546455770731 -0.033617328852415085 0.07678009569644928
v -0.010729015804827213 -0.035941965878009796 0.07682018727064133
v -0.011004811152815819 -0.03838934004306793 0.07686243206262589
v -0.010729021392762661 -0.040836699306964874 0.07690471410751343
v -0.00991547480225563 -0.04316135123372078 0.07694490998983383
v -0.008604965172708035 -0.04524669423699379 0.07698100060224533
v -0.006863208953291178 -0.04698820412158966 0.07701118290424347
v -0.0047775437124073505 -0.04829851910471916 0.07703394442796707
v -0.0024525532498955727 -0.04911194369196892 0.07704813778400421
v -0.004459850490093231 -0.029152246192097664 0.07597117871046066
v -0.0064067174680531025 -0.030375361442565918 0.0759921744465828
v -0.00803256407380104 -0.032000962644815445 0.07602014392614365
v -0.009255862794816494 -0.03394753858447075 0.0760536789894104
v -0.010015272535383701 -0.03611747920513153 0.07609110325574875
v -0.010272713378071785 -0.03840197995305061 0.07613053172826767
v -0.010015278123319149 -0.040686462074518204 0.07616999745368958
v -0.00925587210804224 -0.042856402695178986 0.07620751857757568
v -0.00803257804363966 -0.04480297863483429 0.07624121010303497
v -0.00640673516318202 -0.04642858728766441 0.07626938819885254
v -0.004459870979189873 -0.04765170067548752 0.07629062980413437
v -0.002289609517902136 -0.04841099679470062 0.0763038769364357
v -4.776062269229442e-06 -0.04866839200258255 0.0763084664940834
v 0.001424694899469614 -0.09437576681375504 0.06799649447202682
v 0.0016457538586109877 -0.093550905585289 0.0679822638630867
v 0.0008207522914744914 -0.09497962146997452 0.06800688058137894
v 0.0008207554346881807 -0.0921221673488617 0.06795754283666611
v 0.0014246967621147633 -0.09272602200508118 0.06796800345182419
v 0.05642475560307503 -0.03938397765159607 0.06705038249492645
v 0.05664581432938576 -0.03855909779667854 0.06703615188598633
v 0.05582081153988838 -0.03998781368136406 0.06706076860427856
v 0.05582081526517868 -0.037130363285541534 0.06701142340898514
v 0.056424759328365326 -0.03773421794176102 0.06702189147472382
v -0.053575243800878525 -0.03938397765159607 0.06704337894916534
v -0.05335418879985809 -0.03855909779667854 0.06702914834022522
v -0.05417918786406517 -0.03998781368136406 0.06705377250909805
v -0.05417918413877487 -0.037130363285541534 0.06700442731380463
v -0.053575240075588226 -0.03773421794176102 0.0670148953795433
v -0.025075167417526245 0.031605444848537445 0.06581933051347733
v -0.024854106828570366 0.03243032097816467 0.0658050999045372
v -0.02567910961806774 0.031001592054963112 0.06582971662282944
v -0.025679105892777443 0.03385905176401138 0.06578037142753601
v -0.025075165554881096 0.0332551971077919 0.06579083949327469
v 0.027924833819270134 0.031605444848537445 0.06582270562648773
v 0.028145892545580864 0.03243032097816467 0.06580847501754761
v 0.027320891618728638 0.031001592054963112 0.06583309173583984
v 0.027320895344018936 0.03385905176401138 0.06578374654054642
v 0.027924835681915283 0.0332551971077919 0.0657942146062851
v 0.05099450796842575 -0.03820515051484108 0.08753273636102676
v 0.05099421739578247 -0.03812572732567787 0.09213204681873322
v 0.05153040587902069 -0.040204841643571854 0.08756730705499649
v 0.05153011158108711 -0.040125418454408646 0.09216661751270294
v 0.052994504570961 -0.041668735444545746 0.08759267628192902
v 0.05299421399831772 -0.04158931225538254 0.09219198673963547
v 0.054994504898786545 -0.04220454767346382 0.08760205656290054
v 0.054994210600852966 -0.04212512448430061 0.092201367020607
v 0.05699450522661209 -0.041668735444545746 0.08759292960166931
v 0.05699421465396881 -0.04158931225538254 0.09219224005937576
v 0.058458611369132996 -0.040204841643571854 0.08756774663925171
v 0.05845831707119942 -0.040125418454408646 0.09216705709695816
v 0.058994509279727936 -0.03820515051484108 0.08753325045108795
v 0.058994218707084656 -0.03812572732567787 0.0921325609087944
v 0.05724450945854187 -0.03820515051484108 0.087533138692379
v 0.05694307014346123 -0.0370803102850914 0.08751369267702103
v 0.058458615094423294 -0.03620544448494911 0.08749868720769882
v 0.056119512766599655 -0.03625687584280968 0.08749942481517792
v 0.05699451267719269 -0.034741561859846115 0.0874733105301857
v 0.05499451234936714 -0.035955484956502914 0.0874941498041153
v 0.05499451234936714 -0.034205738455057144 0.08746393024921417
v 0.05386951193213463 -0.03625687584280968 0.08749928325414658
v 0.052994512021541595 -0.034741561859846115 0.0874730572104454
v 0.053045954555273056 -0.0370803102850914 0.08751344680786133
v 0.05153040960431099 -0.03620544448494911 0.087498240172863
v 0.052744507789611816 -0.03820515051484108 0.08753284811973572
v 0.05304595082998276 -0.039329975843429565 0.08755229413509369
v 0.05386950820684433 -0.04015341028571129 0.0875665694475174
v 0.05499450862407684 -0.040454816073179245 0.08757184445858002
v 0.05611950904130936 -0.04015341028571129 0.08756671100854874
v 0.05694306641817093 -0.039329975843429565 0.08755254000425339
v 0.05274517089128494 -0.03838471323251724 0.0771344006061554
v 0.053046613931655884 -0.03950953856110573 0.07715383917093277
v 0.05387016758322716 -0.04033297300338745 0.07716811448335648
v 0.05499516800045967 -0.04063437879085541 0.0771733894944191
v 0.056120168417692184 -0.04033297300338745 0.07716825604438782
v 0.056943729519844055 -0.03950953856110573 0.07715408504009247
v 0.057245172560214996 -0.03838471323251724 0.07713468372821808
v 0.022494588047266006 0.032784271985292435 0.08630505949258804
v 0.022494295611977577 0.03286369517445564 0.0909043699502945
v 0.023030484095215797 0.030784571543335915 0.08633963018655777
v 0.023030191659927368 0.030863992869853973 0.09093893319368362
v 0.024494582787156105 0.02932068333029747 0.0863649994134903
v 0.024494290351867676 0.02940010465681553 0.09096430987119675
v 0.02649458311498165 0.028784865513443947 0.08637437969446182
v 0.026494290679693222 0.028864286839962006 0.09097369015216827
v 0.028494583442807198 0.02932068333029747 0.08636525273323059
v 0.02849429100751877 0.02940010465681553 0.09096456319093704
v 0.029958687722682953 0.030784571543335915 0.08634006977081299
v 0.029958395287394524 0.030863992869853973 0.09093938022851944
v 0.030494587495923042 0.032784271985292435 0.08630557358264923
v 0.030494295060634613 0.03286369517445564 0.09090488404035568
v 0.028744587674736977 0.032784271985292435 0.08630546182394028
v 0.028443146497011185 0.03390910103917122 0.0862860158085823
v 0.02995869144797325 0.034783974289894104 0.0862710028886795
v 0.027619589120149612 0.03473253548145294 0.0862717404961586
v 0.028494590893387794 0.0362478569149971 0.08624563366174698
v 0.026494590565562248 0.0350339338183403 0.08626646548509598
v 0.026494592428207397 0.036783672869205475 0.08623625338077545
v 0.025369588285684586 0.03473253548145294 0.08627159893512726
v 0.024494590237736702 0.0362478569149971 0.08624538034200668
v 0.024546032771468163 0.03390910103917122 0.08628576993942261
v 0.023030487820506096 0.034783974289894104 0.08627056330442429
v 0.024244587868452072 0.032784271985292435 0.086305171251297
v 0.024546030908823013 0.03165943920612335 0.08632461726665497
v 0.025369584560394287 0.030836006626486778 0.08633888512849808
v 0.0264945849776268 0.03053460828959942 0.0863441601395607
v 0.027619585394859314 0.030836006626486778 0.08633903414011002
v 0.028443144634366035 0.03165943920612335 0.08632486313581467
v 0.0242452509701252 0.03260470926761627 0.07590671628713608
v 0.02454669214785099 0.03147987648844719 0.07592616230249405
v 0.025370245799422264 0.030656442046165466 0.07594043016433716
v 0.026495246216654778 0.030355043709278107 0.07594571262598038
v 0.02762024663388729 0.030656442046165466 0.0759405791759491
v 0.028443805873394012 0.03147987648844719 0.07592640817165375
v 0.028745250776410103 0.03260470926761627 0.07590700685977936
v -0.0040055508725345135 -0.09319694340229034 0.08847885578870773
v -0.00400584377348423 -0.09311752021312714 0.09307816624641418
v -0.003469654358923435 -0.09519664943218231 0.08851341903209686
v -0.0034699472598731518 -0.0951172262430191 0.09311272948980331
v -0.0020055545028299093 -0.09666053205728531 0.08853878825902939
v -0.002005847403779626 -0.0965811088681221 0.09313809871673584
v -5.555067218665499e-06 -0.09719635546207428 0.08854816854000092
v -5.847793545399327e-06 -0.09711693227291107 0.09314747899770737
v 0.001994445687159896 -0.09666053205728531 0.08853904157876968
v 0.0019941527862101793 -0.0965811088681221 0.09313835203647614
v 0.003458548802882433 -0.09519664943218231 0.08851385861635208
v 0.0034582559019327164 -0.0951172262430191 0.09311316907405853
v 0.003994449507445097 -0.09319694340229034 0.08847936242818832
v 0.00399415660649538 -0.09311752021312714 0.09307867288589478
v 0.002244449220597744 -0.09319694340229034 0.08847925066947937
v 0.0019430078100413084 -0.09207211434841156 0.0884598046541214
v 0.0034585529938340187 -0.09119723737239838 0.0884447991847992
v 0.0011194513645023108 -0.09124868363142014 0.08844553679227829
v 0.001994453137740493 -0.08973335474729538 0.08841942250728607
v -5.548199169425061e-06 -0.09094727784395218 0.08844026178121567
v -5.546276042878162e-06 -0.0891975462436676 0.08841004222631454
v -0.0011305484222248197 -0.09124868363142014 0.08844539523124695
v -0.0020055470522493124 -0.08973335474729538 0.08841916918754578
v -0.0019541066139936447 -0.09207211434841156 0.0884595587849617
v -0.003469649935141206 -0.09119723737239838 0.08844435214996338
v -0.0022555505856871605 -0.09319694340229034 0.08847896754741669
v -0.001954109175130725 -0.09432177990674973 0.08849840611219406
v -0.0011305527295917273 -0.09514521807432175 0.08851268142461777
v -5.5531440921186e-06 -0.09544660896062851 0.08851795643568039
v 0.001119447173550725 -0.09514521807432175 0.08851282298564911
v 0.0019430052489042282 -0.09432177990674973 0.08849865943193436
v -0.0022548886481672525 -0.0933765098452568 0.07808051258325577
v -0.001953447237610817 -0.09450134634971619 0.07809995114803314
v -0.0011298909084871411 -0.09532478451728821 0.07811422646045685
v -4.891326625511283e-06 -0.09562617540359497 0.07811950147151947
v 0.001120108994655311 -0.09532478451728821 0.07811436802148819
v 0.0019436670700088143 -0.09450134634971619 0.07810020446777344
v 0.002245111158117652 -0.0933765098452568 0.07808079570531845
v -0.030505413189530373 0.032784271985292435 0.08630168437957764
v -0.030505705624818802 0.03286369517445564 0.09090099483728409
v -0.02996951714158058 0.030784571543335915 0.08633625507354736
v -0.02996980957686901 0.030863992869853973 0.09093556553125381
v -0.028505416586995125 0.02932068333029747 0.08636162430047989
v -0.028505709022283554 0.02940010465681553 0.09096093475818634
v -0.02650541625916958 0.028784865513443947 0.08637100458145142
v -0.026505708694458008 0.028864286839962006 0.09097031503915787
v -0.024505415931344032 0.02932068333029747 0.08636187762022018
v -0.02450570836663246 0.02940010465681553 0.09096118807792664
v -0.023041313514113426 0.030784571543335915 0.08633669465780258
v -0.023041605949401855 0.030863992869853973 0.09093600511550903
v -0.022505413740873337 0.032784271985292435 0.08630219846963882
v -0.022505706176161766 0.03286369517445564 0.09090150892734528
v -0.024255413562059402 0.032784271985292435 0.08630208671092987
v -0.024556854739785194 0.03390910103917122 0.0862826406955719
v -0.02304130792617798 0.034783974289894104 0.0862676277756691
v -0.025380408391356468 0.03473253548145294 0.08626837283372879
v -0.024505408480763435 0.0362478569149971 0.08624225854873657
v -0.02650540880858898 0.0350339338183403 0.08626309782266617
v -0.026505406945943832 0.036783672869205475 0.08623287826776505
v -0.027630409225821495 0.03473253548145294 0.08626823127269745
v -0.028505409136414528 0.0362478569149971 0.08624200522899628
v -0.028453968465328217 0.03390910103917122 0.0862823948264122
v -0.029969511553645134 0.034783974289894104 0.08626718819141388
v -0.028755413368344307 0.032784271985292435 0.08630179613828659
v -0.028453970327973366 0.03165943920612335 0.08632124215364456
v -0.027630414813756943 0.030836006626486778 0.08633551746606827
v -0.02650541439652443 0.03053460828959942 0.08634079247713089
v -0.025380413979291916 0.030836006626486778 0.08633565902709961
v -0.024556856602430344 0.03165943920612335 0.08632148802280426
v -0.02875475026667118 0.03260470926761627 0.07590334117412567
v -0.02845330908894539 0.03147987648844719 0.07592278718948364
v -0.027629751712083817 0.030656442046165466 0.07593706250190735
v -0.026504753157496452 0.030355043709278107 0.07594233751296997
v -0.02537975087761879 0.030656442046165466 0.07593720406293869
v -0.024556195363402367 0.03147987648844719 0.07592303305864334
v -0.024254750460386276 0.03260470926761627 0.07590363174676895
v -0.0590054914355278 -0.03820515051484108 0.08752574026584625
v -0.05900578200817108 -0.03812572732567787 0.0921250507235527
v -0.05846959352493286 -0.040204841643571854 0.08756030350923538
v -0.05846988782286644 -0.040125418454408646 0.09215961396694183
v -0.057005494832992554 -0.041668735444545746 0.0875856801867485
v -0.057005785405635834 -0.04158931225538254 0.09218498319387436
v -0.05500549450516701 -0.04220454767346382 0.08759505301713943
v -0.055005788803100586 -0.04212512448430061 0.09219436347484589
v -0.05300549417734146 -0.041668735444545746 0.0875859335064888
v -0.05300578474998474 -0.04158931225538254 0.09218524396419525
v -0.05154138803482056 -0.040204841643571854 0.0875607430934906
v -0.051541682332754135 -0.040125418454408646 0.09216005355119705
v -0.051005490124225616 -0.03820515051484108 0.08752624690532684
v -0.051005780696868896 -0.03812572732567787 0.0921255573630333
v -0.05275548994541168 -0.03820515051484108 0.08752613514661789
v -0.053056929260492325 -0.0370803102850914 0.08750669658184052
v -0.05154138430953026 -0.03620544448494911 0.08749168366193771
v -0.0538804866373539 -0.03625687584280968 0.08749242126941681
v -0.053005486726760864 -0.034741561859846115 0.08746631443500519
v -0.05500548705458641 -0.035955484956502914 0.08748714625835419
v -0.05500548705458641 -0.034205738455057144 0.08745693415403366
v -0.056130487471818924 -0.03625687584280968 0.08749227970838547
v -0.05700548738241196 -0.034741561859846115 0.0874660536646843
v -0.056954044848680496 -0.0370803102850914 0.08750644326210022
v -0.05846958979964256 -0.03620544448494911 0.0874912440776825
v -0.057255491614341736 -0.03820515051484108 0.0875258520245552
v -0.056954048573970795 -0.039329975843429565 0.08754529058933258
v -0.05613049119710922 -0.04015341028571129 0.08755956590175629
v -0.05500549077987671 -0.040454816073179245 0.08756484091281891
v -0.053880490362644196 -0.04015341028571129 0.08755970746278763
v -0.05305693298578262 -0.039329975843429565 0.08754554390907288
v -0.05725482851266861 -0.03838471323251724 0.07712739706039429
v -0.05695338547229767 -0.03950953856110573 0.07714683562517166
v -0.056129831820726395 -0.04033297300338745 0.07716111093759537
v -0.05500483140349388 -0.04063437879085541 0.07716638594865799
v -0.05387983098626137 -0.04033297300338745 0.07716125249862671
v -0.0530562698841095 -0.03950953856110573 0.07714708894491196
v -0.052754826843738556 -0.03838471323251724 0.07712768018245697
v -0.015005514957010746 0.031812045723199844 0.0879196971654892
v -0.01500560250133276 -0.04817602410912514 0.08930095285177231
v -0.016918908804655075 0.03180547431111336 0.08753902465105057
v -0.01691899634897709 -0.048182595521211624 0.08892028778791428
v -0.017505472525954247 0.03180047869682312 0.0872497633099556
v -0.01750556007027626 -0.04818759113550186 0.08863101899623871
v -0.01854095607995987 0.03178676217794418 0.08645522594451904
v -0.018541043624281883 -0.0482013076543808 0.08783648163080215
v -0.019335482269525528 0.031768880784511566 0.08541979640722275
v -0.01933557167649269 -0.048219189047813416 0.08680105209350586
v -0.01962471567094326 0.03175875172019005 0.0848332867026329
v -0.019624805077910423 -0.048229314386844635 0.08621454238891602
v -0.02000519633293152 0.03172571584582329 0.0829201266169548
v -0.020005283877253532 -0.048262353986501694 0.08430138230323792
v -0.019195981323719025 0.03583724796772003 0.08476287871599197
v 0.01901594176888466 0.03790513798594475 0.08281590044498444
v 0.019557759165763855 0.035883333534002304 0.08285084366798401
v 0.019185353070497513 0.03583724796772003 0.08476532250642776
v -0.018135907128453255 0.035639937967061996 0.0863887146115303
v -0.001573425717651844 0.04672764986753464 0.08766298741102219
v -0.00464075431227684 0.046075768768787384 0.08767405152320862
v -0.005232006777077913 0.04788869246840477 0.08726204186677933
v 0.013697672635316849 0.03791218623518944 0.08781618624925613
v 0.012129750102758408 0.040627509355545044 0.08776919543743134
v 0.013677761889994144 0.04174545034766197 0.08736933022737503
v 0.014666702598333359 0.03493025526404381 0.08786774426698685
v 0.015445691533386707 0.038683757185935974 0.08742231130599976
v 0.016538331285119057 0.035321447998285294 0.08748044073581696
v 0.014994484372437 0.031812045723199844 0.08792160451412201
v 0.01690792664885521 0.03180547431111336 0.08754117786884308
v 0.0015624281950294971 0.04672764986753464 0.0876631885766983
v 0.0017624610336497426 0.04862373322248459 0.08724979311227798
v 0.004629755392670631 0.046075768768787384 0.08767464011907578
v 0.005221060011535883 0.04788869246840477 0.08726270496845245
v 0.00749449897557497 0.04480049014091492 0.08769684284925461
v 0.008451233617961407 0.046450741589069366 0.08728774636983871
v 0.010031456127762794 0.04295755922794342 0.0877288281917572
v 0.011311807669699192 0.044372718781232834 0.08732380717992783
v -0.014677725732326508 0.03493025526404381 0.08786587417125702
v -0.016549305990338326 0.035321447998285294 0.08747833967208862
v -0.01370869018137455 0.03791218623518944 0.08781444281339645
v -0.01545665878802538 0.038683757185935974 0.08742034435272217
v -0.012140760198235512 0.040627509355545044 0.08776765316724777
v -0.01368872169405222 0.04174545034766197 0.08736758679151535
v -0.0100424624979496 0.04295755922794342 0.08772755414247513
v -0.01132276188582182 0.044372718781232834 0.08732236921787262
v -0.007505500689148903 0.04480049014091492 0.0876958891749382
v -0.008462184108793736 0.046450741589069366 0.08728666603565216
v 0.017494527623057365 0.03180047869682312 0.08725199103355408
v 0.01812507025897503 0.035639937967061996 0.08639102429151535
v 0.018530111759901047 0.03178676217794418 0.08645758777856827
v 0.0019320892170071602 0.05021800845861435 0.08613825589418411
v 0.005722392350435257 0.049412474036216736 0.08615240454673767
v 0.009262362495064735 0.04783661291003227 0.08617984503507614
v 0.012397285550832748 0.045559294521808624 0.08621937036514282
v -0.016938466578722 0.039324719458818436 0.08632516115903854
v -0.015000971965491772 0.0426800511777401 0.08626734465360641
v -0.012408099137246609 0.045559294521808624 0.08621779084205627
v -0.009273171424865723 0.04783661291003227 0.08617866784334183
v 0.002045488217845559 0.05126776918768883 0.08449777215719223
v 0.006057429127395153 0.05041512846946716 0.08451275527477264
v 0.009804398752748966 0.048747122287750244 0.08454179763793945
v 0.013122636824846268 0.04633663594722748 0.08458363264799118
v -0.01792852208018303 0.03973749279975891 0.08469561487436295
v -0.015877733007073402 0.043289028108119965 0.08463441580533981
v -0.013133242726325989 0.04633663594722748 0.08458196371793747
v -0.00981499906629324 0.048747122287750244 0.08454054594039917
v 0.0193247701972723 0.031768880784511566 0.08542226254940033
v 0.01961407996714115 0.03175875172019005 0.08483578264713287
v 0.01999480277299881 0.03172571584582329 0.08292266726493835
v 0.01692764088511467 0.039324719458818436 0.08632732182741165
v 0.017917901277542114 0.03973749279975891 0.0846978947520256
v 0.018265722319483757 0.039859239012002945 0.08278210461139679
v 0.014990151859819889 0.0426800511777401 0.08626925200223923
v 0.015867119655013084 0.043289028108119965 0.08463643491268158
v 0.016175156459212303 0.04347966983914375 0.08271945267915726
v 0.013377430848777294 0.046586401760578156 0.08266562968492508
v -0.0020957444794476032 0.05161318928003311 0.08257783949375153
v -0.002056082943454385 0.05126776918768883 0.08449751138687134
v -0.0019428925588726997 0.05021800845861435 0.08613801002502441
v -0.0017734059365466237 0.04862373322248459 0.08724956959486008
v -5.174968919163803e-06 0.05172273889183998 0.08257608115673065
v 0.002085394226014614 0.05161318928003311 0.08257810771465302
v 0.006175164133310318 0.050744011998176575 0.08259337395429611
v 0.00999482162296772 0.04904364421963692 0.08262298256158829
v 0.011750525794923306 0.047903645783662796 0.08264277875423431
v -0.005733197554945946 0.049412474036216736 0.08615167438983917
v -0.006068025715649128 0.05041512846946716 0.08451198041439056
v -0.006185515783727169 0.050744011998176575 0.08259259164333344
v -0.010005177929997444 0.04904364421963692 0.08262170851230621
v -0.019568145275115967 0.035883333534002304 0.08284835517406464
v -0.019026320427656174 0.03790513798594475 0.08281347900629044
v -0.018276097252964973 0.039859239012002945 0.08277978003025055
v -0.016185523942112923 0.04347966983914375 0.0827173963189125
v -0.013387792743742466 0.046586401760578156 0.08266392350196838
v -0.011760883964598179 0.047903645783662796 0.08264128118753433
v 0.019185256212949753 -0.05230781063437462 0.08628743886947632
v 0.01961399056017399 -0.048229314386844635 0.08621703833341599
v 0.019994715228676796 -0.048262353986501694 0.08430392295122147
v -0.011761007830500603 -0.0644402801990509 0.08458127081394196
v -0.013387912884354591 -0.06312303245067596 0.08455841988325119
v -0.01313336193561554 -0.06280719488859177 0.08646668493747711
v 0.0154455890879035 -0.05506088584661484 0.08904112130403519
v 0.016538236290216446 -0.051698580384254456 0.08898312598466873
v 0.018124975264072418 -0.05205448716878891 0.08790535479784012
v 0.014666607603430748 -0.0512942373752594 0.0893566906452179
v 0.014994396828114986 -0.04817602410912514 0.08930286765098572
v 0.016907839104533195 -0.048182595521211624 0.08892244100570679
v -0.004640873521566391 -0.06243974715471268 0.08954792469739914
v -0.0015735464403405786 -0.06309163570404053 0.08955937623977661
v -0.0017735307337716222 -0.06500086188316345 0.08921167254447937
v -0.00750561710447073 -0.06116447225213051 0.0895257219672203
v -0.0052321297116577625 -0.06426582485437393 0.0891987606883049
v -0.010042574256658554 -0.059321533888578415 0.08949373662471771
v -0.008462303318083286 -0.06282786279916763 0.08917371928691864
v -0.012140868231654167 -0.05699148774147034 0.08945336192846298
v -0.011322877369821072 -0.060749851167201996 0.08913765847682953
v -0.013708790764212608 -0.05427617207169533 0.08940637856721878
v -0.013688831590116024 -0.05812257155776024 0.08909213542938232
v -0.014677820727229118 -0.0512942373752594 0.08935482054948807
v -0.015456761233508587 -0.05506088584661484 0.0890391543507576
v -0.016549400985240936 -0.051698580384254456 0.0889810249209404
v 0.0017623362364247441 -0.06500086188316345 0.08921189606189728
v 0.0015623074723407626 -0.06309163570404053 0.08955957740545273
v 0.005220937076956034 -0.06426582485437393 0.08919942378997803
v 0.004629636183381081 -0.06243974715471268 0.0895485132932663
v 0.008451113477349281 -0.06282786279916763 0.0891747996211052
v 0.007494382560253143 -0.06116447225213051 0.08952667564153671
v 0.01131169218569994 -0.060749851167201996 0.08913909643888474
v 0.01369757205247879 -0.05427617207169533 0.08940812200307846
v 0.012129642069339752 -0.05699148774147034 0.08945491164922714
v -0.018136002123355865 -0.05205448716878891 0.08790304511785507
v -0.0019430209649726748 -0.06663256138563156 0.08815581351518631
v 0.001931960810907185 -0.06663256138563156 0.0881560668349266
v 0.005722265690565109 -0.06582701951265335 0.08814239501953125
v 0.009262239560484886 -0.06425116211175919 0.08811540901660919
v 0.012397168204188347 -0.06197384372353554 0.08807627856731415
v 0.014990040101110935 -0.05909460783004761 0.08802672475576401
v -0.0020562135614454746 -0.06773833185434341 0.08655254542827606
v 0.0020453575998544693 -0.06773833185434341 0.08655280619859695
v 0.006057300139218569 -0.06688569486141205 0.08653833717107773
v 0.009804273955523968 -0.06521768122911453 0.08650977164506912
v 0.013122516684234142 -0.06280719488859177 0.08646836131811142
v 0.01586700789630413 -0.05975959077477455 0.08641590923070908
v 0.017917796969413757 -0.0562080554664135 0.08635471016168594
v 0.01749444007873535 -0.04818759113550186 0.08863324671983719
v 0.018530024215579033 -0.0482013076543808 0.08783884346485138
v 0.019324682652950287 -0.048219189047813416 0.08680351823568344
v 0.01003134436905384 -0.059321533888578415 0.08949501067399979
v 0.01367765199393034 -0.05812257155776024 0.089093878865242
v 0.016927534714341164 -0.05573926493525505 0.08796890825033188
v -0.019196078181266785 -0.05230781063437462 0.08628499507904053
v -0.019568242132663727 -0.05241997539997101 0.08437320590019226
v -0.017928626388311386 -0.0562080554664135 0.08635242283344269
v -0.01827620342373848 -0.05639587715268135 0.08444194495677948
v -0.01902642287313938 -0.054441776126623154 0.08440814912319183
v -0.016938572749495506 -0.05573926493525505 0.08796675503253937
v -0.015001083724200726 -0.05909460783004761 0.0880248174071312
v -0.015877844765782356 -0.05975959077477455 0.08641388267278671
v -0.016185637563467026 -0.06001630425453186 0.08450458943843842
v -0.012408217415213585 -0.06197384372353554 0.0880747064948082
v -0.009273294359445572 -0.06425116211175919 0.08811422437429428
v -0.009815123863518238 -0.06521768122911453 0.08650851994752884
v -0.010005303658545017 -0.06558028608560562 0.08460106700658798
v -0.0057333242148160934 -0.06582701951265335 0.08814166486263275
v -0.006068154703825712 -0.06688569486141205 0.08653756231069565
v -0.006185645703226328 -0.06728065758943558 0.08463067561388016
v -0.0020958760287612677 -0.06814982742071152 0.08464594185352325
v 0.011750401929020882 -0.0644402801990509 0.08458276838064194
v 0.009994695894420147 -0.06558028608560562 0.08460234105587006
v 0.006175034213811159 -0.06728065758943558 0.08463145792484283
v 0.0020852626767009497 -0.06814982742071152 0.08464621007442474
v -5.306835646479158e-06 -0.06825938075780869 0.08464796841144562
v 0.019557662308216095 -0.05241997539997101 0.08437569439411163
v 0.01901583932340145 -0.054441776126623154 0.08441057056188583
v 0.01826561614871025 -0.05639587715268135 0.08444426953792572
v 0.0161750428378582 -0.06001630425453186 0.08450665324926376
v 0.013377310708165169 -0.06312303245067596 0.08456012606620789
v 0.019995160400867462 -0.048383213579654694 0.07730496674776077
v 0.01999521069228649 -0.002889999421313405 0.07651937752962112
v 0.019995247945189476 0.03160485625267029 0.07592371106147766
v 0.019016284495592117 -0.054562635719776154 0.07741161435842514
v 0.016175488010048866 -0.06013716384768486 0.07750769704580307
v 0.011750848032534122 -0.0645611360669136 0.07758381217718124
v 0.006175479851663113 -0.06740151345729828 0.07763250172138214
v -4.86138196720276e-06 -0.06838024407625198 0.07764901220798492
v -0.006185200065374374 -0.06740151345729828 0.07763171941041946
v -0.011760561726987362 -0.0645611360669136 0.07758231461048126
v -0.01618519239127636 -0.06013716384768486 0.07750564068555832
v -0.019025977700948715 -0.054562635719776154 0.07740919291973114
v -0.020004838705062866 -0.048383213579654694 0.07730242609977722
v -0.020004751160740852 0.03160485625267029 0.07592117041349411
v -0.020004788413643837 -0.002889999421313405 0.07651683688163757
v -0.019025875255465508 0.03778427839279175 0.07581452280282974
v -0.016185078769922256 0.04335881024599075 0.07571844011545181
v -0.011760438792407513 0.047782786190509796 0.07564232498407364
v -0.006185070611536503 0.050623152405023575 0.07559363543987274
v -4.729515239887405e-06 0.05160187929868698 0.07557712495326996
v 0.006175609305500984 0.050623152405023575 0.07559441775083542
v 0.011750970967113972 0.047782786190509796 0.07564382255077362
v 0.01617560163140297 0.04335881024599075 0.07572049647569656
v 0.019016386941075325 0.03778427839279175 0.07581694424152374
v 0.01939462311565876 0.052822865545749664 0.08355847001075745
v 0.024191757664084435 0.04240778088569641 0.0907396674156189
v 0.028131328523159027 0.048072539269924164 0.08364105969667435
v 0.030748048797249794 0.03691649064421654 0.09083490818738937
v 0.03575492277741432 0.041687317192554474 0.08375180512666702
v 0.03608768805861473 0.030236436054110527 0.090950608253479
v 0.04196380451321602 0.0339198112487793 0.08388633280992508
v 0.03999943658709526 0.022631889209151268 0.09108217060565948
v 0.04651235044002533 0.02507731318473816 0.08403931558132172
v 0.008504590019583702 0.04901072755455971 0.09062465280294418
v 0.013305473141372204 0.04774928465485573 0.09064673632383347
v 0.016678189858794212 0.04649306833744049 0.09066864848136902
v 0.009890437126159668 0.05575037747621536 0.08350731432437897
v -5.233111096458742e-06 0.056739259511232376 0.08348960429430008
v -5.686256827175384e-06 0.04986116290092468 0.09060942381620407
v -0.009900905191898346 0.05575037747621536 0.08350605517625809
v -0.008515965193510056 0.04901072755455971 0.09062356501817703
v -0.019405098631978035 0.052822865545749664 0.08355600386857986
v -0.016689570620656013 0.04649306833744049 0.0906665250658989
v -0.028141815215349197 0.048072539269924164 0.08363747596740723
v -0.024203145876526833 0.04240778088569641 0.09073659032583237
v -0.03576542064547539 0.041687317192554474 0.0837472528219223
v -0.030759448185563087 0.03691649064421654 0.09083099663257599
v -0.04197432100772858 0.0339198112487793 0.08388099074363708
v -0.03609910234808922 0.030236436054110527 0.0909460112452507
v -0.04652288556098938 0.02507731318473816 0.08403339236974716
v -0.04001086577773094 0.022631889209151268 0.09107708185911179
v -0.049968890845775604 -0.002631013747304678 0.09151269495487213
v -0.061873745173215866 -0.01386688556522131 0.0847049131989479
v -0.05536172538995743 -0.016312308609485626 0.09174860268831253
v 0.06186312064528465 -0.01386688556522131 0.08471278846263885
v 0.04995740205049515 -0.002631013747304678 0.09151905030012131
v 0.055350206792354584 -0.016312308609485626 0.09175565093755722
v -0.06443334370851517 -0.021778475493192673 0.08484137058258057
v -0.05765189602971077 -0.023391099646687508 0.09187069535255432
v -0.0659852996468544 -0.029947631061077118 0.08498234301805496
v -0.05904048681259155 -0.03070034831762314 0.09199682623147964
v -0.06650533527135849 -0.03824658691883087 0.08512561768293381
v -0.05950578302145004 -0.03812572732567787 0.09212502092123032
v -0.022129738703370094 0.04322812706232071 0.07572031766176224
v -0.022129788994789124 -0.002889999421313405 0.07651669532060623
v 0.04196431487798691 0.033781684935092926 0.0758875235915184
v -0.04652237519621849 0.02493918687105179 0.07603458315134048
v -0.041973814368247986 0.033781684935092926 0.07588218152523041
v -0.04075479134917259 -0.002889999421313405 0.07651551067829132
v -0.04075484722852707 -0.0545073039829731 0.0774068534374237
v -0.06290169805288315 -0.059974007308483124 0.07749984413385391
v -0.0530562698841095 -0.03725987300276756 0.0771082416176796
v -0.05387982726097107 -0.03643643856048584 0.07709396630525589
v -0.055004823952913284 -0.03613504767417908 0.07708869129419327
v -0.06559786945581436 -0.049328625202178955 0.07731584459543228
v -0.0665048286318779 -0.03838471323251724 0.07712680846452713
v -0.05695338547229767 -0.03725987300276756 0.0771079882979393
v -0.06598479300737381 -0.03008575737476349 0.07698353379964828
v -0.056129828095436096 -0.03643643856048584 0.07709382474422455
v -0.06443283706903458 -0.021916601806879044 0.07684256136417389
v -0.06187323480844498 -0.014005010947585106 0.07670610398054123
v -0.0363769456744194 -0.09404798597097397 0.07808993011713028
v -0.04504410922527313 -0.0873030573129654 0.077972911298275
v -0.04075487330555916 -0.07975354045629501 0.0778428167104721
v -0.052482716739177704 -0.07922376692295074 0.07783292233943939
v -0.05848986655473709 -0.07003049552440643 0.0776737853884697
v -0.0011298867175355554 -0.0914282500743866 0.07804694026708603
v -0.0019534449093043804 -0.09225168079137802 0.07806110382080078
v -0.011129873804748058 -0.07975354045629501 0.07784470170736313
v 0.0019436696311458945 -0.09225168079137802 0.07806135714054108
v 0.011120126582682133 -0.07975354045629501 0.07784611731767654
v 0.0011201131856068969 -0.0914282500743866 0.07804708182811737
v -4.886381702817744e-06 -0.09112684428691864 0.07804180681705475
v -0.022129874676465988 -0.07975354045629501 0.07784400135278702
v -0.026717640459537506 -0.09927454590797424 0.07818080484867096
v -0.016329683363437653 -0.10284020751714706 0.07824303954839706
v 0.016319885849952698 -0.10284020751714706 0.07824511080980301
v 0.005486625246703625 -0.10464770346879959 0.0782756358385086
v -0.005496427416801453 -0.10464770346879959 0.0782749354839325
v 0.04074512794613838 -0.07975354045629501 0.07784800231456757
v 0.045034341514110565 -0.0873030573129654 0.07797864079475403
v 0.03636716306209564 -0.09404798597097397 0.07809456437826157
v 0.026707850396633148 -0.09927454590797424 0.07818420231342316
v 0.06187015399336815 -0.0545073039829731 0.07741338759660721
v 0.06289199739694595 -0.059974007308483124 0.0775078535079956
v 0.04074515402317047 -0.0545073039829731 0.07741203904151917
v 0.058480143547058105 -0.07003049552440643 0.07768122851848602
v 0.05247297137975693 -0.07922376692295074 0.07783959805965424
v 0.06187146529555321 -0.014024893753230572 0.07671432942152023
v 0.06442321091890335 -0.021916601806879044 0.0768507644534111
v 0.06597515195608139 -0.03008575737476349 0.07699193060398102
v 0.06649517267942429 -0.03838471323251724 0.07713527232408524
v 0.06558818370103836 -0.049328625202178955 0.07732419669628143
v 0.05499517545104027 -0.03613504767417908 0.07709569483995438
v 0.053870171308517456 -0.03643643856048584 0.07710082828998566
v 0.04074520990252495 -0.002889999421313405 0.07652070373296738
v 0.053046613931655884 -0.03725987300276756 0.07711499184370041
v 0.03575542941689491 0.0415491908788681 0.07575299590826035
v 0.02844380773603916 0.033729538321495056 0.07588756084442139
v 0.02762025222182274 0.03455297276377678 0.07587329298257828
v 0.028131838887929916 0.04793441295623779 0.07564225047826767
v 0.02454669401049614 0.033729538321495056 0.07588731497526169
v 0.025370251387357712 0.03455297276377678 0.07587314397096634
v 0.026495251804590225 0.03485437110066414 0.07586801052093506
v 0.056943729519844055 -0.03725987300276756 0.07711523771286011
v 0.05612017214298248 -0.03643643856048584 0.077100969851017
v 0.06186363101005554 -0.014005010947585106 0.07671397924423218
v 0.04651286080479622 0.02493918687105179 0.07604050636291504
v 0.0193951316177845 0.05268474295735359 0.07555966079235077
v 0.009890945628285408 0.05561225116252899 0.07550850510597229
v -4.724020527646644e-06 0.056601133197546005 0.0754907950758934
v -0.009900396689772606 0.05561225116252899 0.07550724595785141
v -0.019404588267207146 0.05268474295735359 0.07555719465017319
v -0.028141304850578308 0.04793441295623779 0.07563866674900055
v -0.0357649140059948 0.0415491908788681 0.07574844360351562
v -0.02845330722630024 0.033729538321495056 0.07588393986225128
v -0.024556193500757217 0.033729538321495056 0.07588418573141098
v -0.02537974715232849 0.03455297276377678 0.07586991786956787
v -0.026504747569561005 0.03485437110066414 0.07586464285850525
v -0.027629747986793518 0.03455297276377678 0.07586977630853653
v -0.02212984673678875 -0.0545073039829731 0.07740803807973862
v 0.01324425544589758 -0.002631013747304678 0.09151671826839447
v 0.05153011530637741 -0.036126021295785904 0.09209755063056946
v 0.05949421972036362 -0.03812572732567787 0.09213259071111679
v 0.05902893841266632 -0.03070034831762314 0.09200433641672134
v 0.058458320796489716 -0.036126021295785904 0.09209799021482468
v 0.05764036253094673 -0.023391099646687508 0.09187803417444229
v 0.05499422177672386 -0.034126315265893936 0.09206324070692062
v 0.05699422210454941 -0.034662142395973206 0.09207262098789215
v 0.03253757953643799 -0.08792969584465027 0.09299090504646301
v 0.04029242321848869 -0.08189477771520615 0.09288718551397324
v 0.052994221448898315 -0.034662142395973206 0.09207236766815186
v 0.013260270468890667 -0.09611931443214417 0.09313109517097473
v 0.0146005405113101 -0.09579643607139587 0.0931256115436554
v 0.023895034566521645 -0.09260611236095428 0.0930711105465889
v 0.05868270620703697 -0.04791763797402382 0.0923016294836998
v 0.05627032369375229 -0.05744245648384094 0.09246595203876495
v 0.0523228719830513 -0.06644037365913391 0.0926210805773735
v 0.046948038041591644 -0.07466592639684677 0.0927627757191658
v -0.05869429185986519 -0.04791763797402382 0.09229415655136108
v -0.046959683299064636 -0.07466592639684677 0.09275680035352707
v -0.04030408337712288 -0.08189477771520615 0.09288205206394196
v -0.03254925459623337 -0.08792969584465027 0.09298676252365112
v -0.02390672080218792 -0.09260611236095428 0.09306806325912476
v -0.05846988409757614 -0.036126021295785904 0.09209055453538895
v -0.05700577795505524 -0.034662142395973206 0.09206536412239075
v -0.05500577762722969 -0.034126315265893936 0.09205623716115952
v -0.053005777299404144 -0.034662142395973206 0.09206561744213104
v -0.05154167860746384 -0.036126021295785904 0.09209099411964417
v -0.0020058397203683853 -0.08965393155813217 0.09301847964525223
v -5.839002824359341e-06 -0.0891181230545044 0.093009352684021
v 0.004907622933387756 -0.09741365909576416 0.09315291792154312
v -0.056281931698322296 -0.05744245648384094 0.09245879203081131
v -0.0523345023393631 -0.06644037365913391 0.09261441975831985
v 0.00199416046962142 -0.08965393155813217 0.09301873296499252
v 0.003458260325714946 -0.09111781418323517 0.09304410964250565
v -0.004919319413602352 -0.09741365909576416 0.09315229207277298
v -0.014612232334911823 -0.09579643607139587 0.09312374889850616
v -0.0034699428360909224 -0.09111781418323517 0.09304366260766983
v -0.028505701571702957 0.03632728010416031 0.09084131568670273
v -0.02650569938123226 0.03686309605836868 0.0908321887254715
v -0.024505700916051865 0.03632728010416031 0.09084156900644302
v -0.023041602224111557 0.03486339747905731 0.09086693823337555
v -5.686256827175384e-06 0.04986116290092468 0.09060942381620407
v -0.029969805851578712 0.03486339747905731 0.09086649864912033
v 0.029958399012684822 0.03486339747905731 0.09087031334638596
v 0.023030195385217667 0.03486339747905731 0.09086987376213074
v 0.024494297802448273 0.03632728010416031 0.09084469079971313
v 0.026494299992918968 0.03686309605836868 0.0908355638384819
v 0.028494298458099365 0.03632728010416031 0.09084494411945343
v 0.06442270427942276 -0.021778475493192673 0.08484957367181778
v 0.0659746453166008 -0.029947631061077118 0.0849907398223877
v 0.0664946660399437 -0.03824658691883087 0.08513408154249191
v -0.06559837609529495 -0.049190498888492584 0.08531465381383896
v -0.06290221214294434 -0.05983588099479675 0.08549865335226059
v -0.05849037691950798 -0.06989236921072006 0.08567259460687637
v -0.05248322710394859 -0.07908564060926437 0.08583173155784607
v -0.04504461586475372 -0.08716493099927902 0.08597172051668167
v -0.036377452313899994 -0.0939098596572876 0.08608873933553696
v -0.026718148961663246 -0.09913642704486847 0.08617961406707764
v -0.016330193728208542 -0.1027020812034607 0.08624184131622314
v -0.005496936850249767 -0.10450957715511322 0.08627374470233917
v 0.00548611581325531 -0.10450957715511322 0.08627444505691528
v 0.01631937548518181 -0.1027020812034607 0.08624392002820969
v 0.02670734003186226 -0.09913642704486847 0.08618301153182983
v 0.03636665642261505 -0.0939098596572876 0.08609337359666824
v 0.045033834874629974 -0.08716493099927902 0.0859774500131607
v 0.05247246101498604 -0.07908564060926437 0.08583840727806091
v 0.058479633182287216 -0.06989236921072006 0.0856800377368927
v 0.06289148330688477 -0.05983588099479675 0.08550666272640228
v 0.06558767706155777 -0.049190498888492584 0.08532300591468811
f 1 2 3
f 2 4 5
f 4 6 7
f 4 7 5
f 5 7 8
f 5 8 9
f 9 8 10
f 9 10 11
f 11 10 12
f 11 12 13
f 13 12 14
f 13 14 15
f 15 14 16
f 15 16 17
f 17 16 18
f 17 18 19
f 19 18 20
f 19 20 21
f 21 20 22
f 21 22 23
f 23 22 24
f 23 24 25
f 25 24 26
f 25 26 27
f 27 26 28
f 27 28 29
f 29 28 30
f 29 30 31
f 31 30 32
f 31 32 33
f 33 32 34
f 33 34 35
f 35 34 36
f 35 36 37
f 37 36 38
f 37 38 39
f 39 38 40
f 39 40 41
f 41 40 42
f 41 42 43
f 43 42 44
f 43 44 45
f 2 5 3
f 3 5 9
f 3 9 46
f 46 9 11
f 46 11 47
f 47 11 13
f 47 13 48
f 48 13 15
f 48 15 49
f 49 15 17
f 49 17 50
f 50 17 19
f 50 19 51
f 51 19 21
f 51 21 52
f 52 21 23
f 52 23 53
f 53 23 25
f 53 25 54
f 54 25 27
f 54 27 55
f 55 27 29
f 55 29 56
f 56 29 31
f 56 31 57
f 57 31 33
f 57 33 58
f 58 33 35
f 58 35 59
f 59 35 37
f 59 37 60
f 60 37 39
f 60 39 61
f 61 39 41
f 61 41 62
f 62 41 43
f 62 43 63
f 63 43 45
f 63 45 64
f 1 3 65
f 65 3 46
f 65 46 66
f 66 46 47
f 66 47 67
f 67 47 48
f 67 48 68
f 68 48 49
f 68 49 69
f 69 49 50
f 69 50 70
f 70 50 51
f 70 51 71
f 71 51 52
f 71 52 72
f 72 52 53
f 72 53 73
f 73 53 54
f 73 54 74
f 74 54 55
f 74 55 75
f 75 55 56
f 75 56 76
f 76 56 57
f 76 57 77
f 77 57 58
f 77 58 78
f 78 58 59
f 78 59 79
f 79 59 60
f 79 60 80
f 80 60 61
f 80 61 81
f 81 61 62
f 81 62 82
f 82 62 63
f 82 63 83
f 83 63 64
f 83 64 84
f 85 86 87
f 86 88 89
f 88 90 91
f 88 91 89
f 89 91 92
f 89 92 93
f 93 92 94
f 93 94 95
f 95 94 96
f 95 96 97
f 97 96 98
f 97 98 99
f 99 98 100
f 99 100 101
f 101 100 102
f 101 102 103
f 103 102 104
f 103 104 105
f 105 104 106
f 105 106 107
f 107 106 108
f 107 108 109
f 109 108 110
f 109 110 111
f 111 110 112
f 111 112 113
f 113 112 114
f 113 114 115
f 115 114 116
f 115 116 117
f 117 116 118
f 117 118 119
f 119 118 120
f 119 120 121
f 121 120 122
f 121 122 123
f 123 122 124
f 123 124 125
f 125 124 126
f 125 126 127
f 127 126 128
f 127 128 129
f 86 89 87
f 87 89 93
f 87 93 130
f 130 93 95
f 130 95 131
f 131 95 97
f 131 97 132
f 132 97 99
f 132 99 133
f 133 99 101
f 133 101 134
f 134 101 103
f 134 103 135
f 135 103 105
f 135 105 136
f 136 105 107
f 136 107 137
f 137 107 109
f 137 109 138
f 138 109 111
f 138 111 139
f 139 111 113
f 139 113 140
f 140 113 115
f 140 115 141
f 141 115 117
f 141 117 142
f 142 117 119
f 142 119 143
f 143 119 121
f 143 121 144
f 144 121 123
f 144 123 145
f 145 123 125
f 145 125 146
f 146 125 127
f 146 127 147
f 147 127 129
f 147 129 148
f 85 87 149
f 149 87 130
f 149 130 150
f 150 130 131
f 150 131 151
f 151 131 132
f 151 132 152
f 152 132 133
f 152 133 153
f 153 133 134
f 153 134 154
f 154 134 135
f 154 135 155
f 155 135 136
f 155 136 156
f 156 136 137
f 156 137 157
f 157 137 138
f 157 138 158
f 158 138 139
f 158 139 159
f 159 139 140
f 159 140 160
f 160 140 141
f 160 141 161
f 161 141 142
f 161 142 162
f 162 142 143
f 162 143 163
f 163 143 144
f 163 144 164
f 164 144 145
f 164 145 165
f 165 145 146
f 165 146 166
f 166 146 147
f 166 147 167
f 167 147 148
f 167 148 168
f 169 170 171
f 171 170 172
f 171 172 173
f 173 172 174
f 173 174 175
f 175 174 176
f 175 176 177
f 177 176 178
f 177 178 179
f 179 178 180
f 179 180 181
f 181 180 182
f 183 184 185
f 185 184 186
f 185 186 187
f 187 186 188
f 187 188 189
f 189 188 190
f 189 190 191
f 191 190 192
f 191 192 193
f 193 192 194
f 193 194 195
f 195 194 196
f 197 198 199
f 199 198 200
f 199 200 201
f 201 200 202
f 201 202 203
f 203 202 204
f 203 204 205
f 205 204 206
f 205 206 207
f 207 206 208
f 207 208 209
f 209 208 210
f 211 212 213
f 213 212 214
f 213 214 215
f 215 214 216
f 215 216 217
f 217 216 218
f 217 218 219
f 219 218 220
f 219 220 221
f 221 220 222
f 221 222 223
f 223 222 224
f 225 226 227
f 227 226 228
f 227 228 229
f 229 228 230
f 229 230 231
f 231 230 232
f 231 232 233
f 233 232 234
f 233 234 235
f 235 234 236
f 235 236 237
f 237 236 238
f 239 240 241
f 241 240 242
f 241 242 243
f 243 242 244
f 243 244 245
f 245 244 246
f 245 246 247
f 247 246 248
f 247 248 249
f 249 248 250
f 249 250 251
f 251 250 252
f 253 254 255
f 255 254 256
f 255 256 257
f 257 256 258
f 257 258 259
f 259 258 260
f 259 260 261
f 261 260 262
f 261 262 263
f 263 262 264
f 263 264 265
f 265 264 266
f 267 268 269
f 269 268 270
f 269 270 271
f 271 270 272
f 271 272 273
f 273 272 274
f 273 274 275
f 275 274 276
f 275 276 277
f 277 276 278
f 277 278 279
f 279 278 280
f 281 282 283
f 283 282 284
f 283 284 285
f 285 284 286
f 285 286 287
f 287 286 288
f 287 288 289
f 289 288 290
f 289 290 291
f 291 290 292
f 291 292 293
f 293 292 294
f 295 296 297
f 297 296 298
f 297 298 299
f 299 298 300
f 299 300 301
f 301 300 302
f 301 302 303
f 303 302 304
f 303 304 305
f 305 304 306
f 305 306 307
f 307 306 308
f 309 310 311
f 311 310 312
f 311 312 313
f 313 312 314
f 313 314 315
f 315 314 316
f 315 316 317
f 317 316 318
f 317 318 319
f 319 318 320
f 319 320 321
f 321 320 322
f 323 313 324
f 324 313 315
f 324 315 325
f 325 315 317
f 325 317 326
f 326 317 319
f 326 319 327
f 327 319 321
f 327 321 328
f 328 321 329
f 328 329 330
f 330 329 331
f 330 331 332
f 332 331 333
f 332 333 334
f 334 333 335
f 334 335 336
f 336 335 337
f 336 337 338
f 338 337 309
f 338 309 339
f 339 309 311
f 339 311 323
f 323 311 313
f 340 338 341
f 341 338 339
f 341 339 342
f 342 339 323
f 342 323 343
f 343 323 324
f 343 324 344
f 344 324 325
f 344 325 345
f 345 325 326
f 345 326 346
f 346 326 327
f 347 348 349
f 349 348 350
f 349 350 351
f 351 350 352
f 351 352 353
f 353 352 354
f 353 354 355
f 355 354 356
f 355 356 357
f 357 356 358
f 357 358 359
f 359 358 360
f 361 359 362
f 362 359 363
f 362 363 364
f 364 363 365
f 364 365 366
f 366 365 367
f 366 367 368
f 368 367 369
f 368 369 370
f 370 369 371
f 370 371 372
f 372 371 373
f 372 373 374
f 374 373 349
f 374 349 375
f 375 349 351
f 375 351 376
f 376 351 353
f 376 353 377
f 377 353 355
f 377 355 378
f 378 355 357
f 378 357 361
f 361 357 359
f 379 372 380
f 380 372 374
f 380 374 381
f 381 374 375
f 381 375 382
f 382 375 376
f 382 376 383
f 383 376 377
f 383 377 384
f 384 377 378
f 384 378 385
f 385 378 361
f 386 387 388
f 388 387 389
f 388 389 390
f 390 389 391
f 390 391 392
f 392 391 393
f 392 393 394
f 394 393 395
f 394 395 396
f 396 395 397
f 396 397 398
f 398 397 399
f 400 390 401
f 401 390 392
f 401 392 402
f 402 392 394
f 402 394 403
f 403 394 396
f 403 396 404
f 404 396 398
f 404 398 405
f 405 398 406
f 405 406 407
f 407 406 408
f 407 408 409
f 409 408 410
f 409 410 411
f 411 410 412
f 411 412 413
f 413 412 414
f 413 414 415
f 415 414 386
f 415 386 416
f 416 386 388
f 416 388 400
f 400 388 390
f 417 415 418
f 418 415 416
f 418 416 419
f 419 416 400
f 419 400 420
f 420 400 401
f 420 401 421
f 421 401 402
f 421 402 422
f 422 402 403
f 422 403 423
f 423 403 404
f 424 425 426
f 426 425 427
f 426 427 428
f 428 427 429
f 428 429 430
f 430 429 431
f 430 431 432
f 432 431 433
f 432 433 434
f 434 433 435
f 434 435 436
f 436 435 437
f 438 439 440
f 440 439 441
f 440 441 442
f 442 441 443
f 442 443 444
f 444 443 424
f 444 424 445
f 445 424 426
f 445 426 446
f 446 426 428
f 446 428 447
f 447 428 430
f 447 430 448
f 448 430 432
f 448 432 449
f 449 432 434
f 449 434 450
f 450 434 436
f 450 436 451
f 451 436 452
f 451 452 453
f 453 452 454
f 453 454 438
f 438 454 439
f 455 444 456
f 456 444 445
f 456 445 457
f 457 445 446
f 457 446 458
f 458 446 447
f 458 447 459
f 459 447 448
f 459 448 460
f 460 448 449
f 460 449 461
f 461 449 450
f 462 463 464
f 464 463 465
f 464 465 466
f 466 465 467
f 466 467 468
f 468 467 469
f 468 469 470
f 470 469 471
f 470 471 472
f 472 471 473
f 472 473 474
f 474 473 475
f 476 477 478
f 478 477 479
f 478 479 480
f 480 479 481
f 480 481 482
f 482 481 483
f 482 483 484
f 484 483 462
f 484 462 485
f 485 462 464
f 485 464 486
f 486 464 466
f 486 466 487
f 487 466 468
f 487 468 488
f 488 468 470
f 488 470 489
f 489 470 472
f 489 472 490
f 490 472 474
f 490 474 491
f 491 474 492
f 491 492 476
f 476 492 477
f 493 484 494
f 494 484 485
f 494 485 495
f 495 485 486
f 495 486 496
f 496 486 487
f 496 487 497
f 497 487 488
f 497 488 498
f 498 488 489
f 498 489 499
f 499 489 490
f 500 501 502
f 502 501 503
f 502 503 504
f 504 503 505
f 504 505 506
f 506 505 507
f 506 507 508
f 508 507 509
f 508 509 510
f 510 509 511
f 510 511 512
f 512 511 513
f 514 515 516
f 516 515 517
f 516 517 518
f 518 517 519
f 518 519 520
f 520 519 500
f 520 500 521
f 521 500 502
f 521 502 522
f 522 502 504
f 522 504 523
f 523 504 506
f 523 506 524
f 524 506 508
f 524 508 525
f 525 508 510
f 525 510 526
f 526 510 512
f 526 512 527
f 527 512 528
f 527 528 529
f 529 528 530
f 529 530 514
f 514 530 515
f 531 520 532
f 532 520 521
f 532 521 533
f 533 521 522
f 533 522 534
f 534 522 523
f 534 523 535
f 535 523 524
f 535 524 536
f 536 524 525
f 536 525 537
f 537 525 526
f 128 84 538
f 538 84 539
f 538 539 540
f 540 539 541
f 540 541 542
f 542 541 543
f 542 543 544
f 544 543 545
f 544 545 546
f 546 545 547
f 546 547 548
f 548 547 549
f 548 549 550
f 550 549 551
f 550 551 552
f 552 551 553
f 552 553 554
f 554 553 555
f 554 555 556
f 556 555 557
f 556 557 558
f 558 557 559
f 558 559 560
f 560 559 561
f 560 561 562
f 562 561 563
f 562 563 564
f 564 563 565
f 564 565 566
f 566 565 567
f 566 567 568
f 568 567 569
f 568 569 570
f 570 569 571
f 570 571 572
f 572 571 573
f 572 573 574
f 574 573 575
f 574 575 90
f 90 575 1
f 576 577 578
f 578 577 579
f 578 579 580
f 581 582 583
f 253 255 583
f 263 265 584
f 584 265 585
f 346 586 584
f 587 341 588
f 588 341 589
f 255 257 583
f 583 257 259
f 583 259 584
f 584 259 261
f 584 261 263
f 341 342 589
f 589 342 343
f 589 343 590
f 590 343 344
f 590 344 585
f 585 344 584
f 584 344 345
f 584 345 346
f 346 591 586
f 586 591 592
f 586 592 593
f 593 592 594
f 594 595 593
f 593 595 596
f 593 596 580
f 580 596 340
f 580 340 578
f 578 340 341
f 597 267 598
f 598 267 269
f 598 269 599
f 599 269 271
f 599 271 600
f 600 271 601
f 421 602 420
f 420 602 603
f 420 603 419
f 604 605 382
f 382 605 606
f 382 606 381
f 279 607 384
f 384 607 608
f 279 384 602
f 602 384 385
f 602 385 584
f 385 609 584
f 584 609 610
f 584 610 583
f 583 610 611
f 583 611 581
f 421 422 602
f 602 422 423
f 602 423 601
f 271 273 601
f 601 273 275
f 601 275 602
f 602 275 277
f 602 277 279
f 604 382 608
f 608 382 383
f 608 383 384
f 419 603 418
f 418 603 576
f 418 576 417
f 587 253 341
f 341 253 583
f 341 583 578
f 578 583 582
f 578 582 612
f 606 267 381
f 381 267 597
f 381 597 380
f 380 597 417
f 380 417 612
f 612 417 576
f 612 576 578
f 586 613 584
f 584 613 614
f 584 614 602
f 615 616 460
f 617 305 618
f 618 305 307
f 619 620 621
f 620 455 621
f 621 455 456
f 621 456 622
f 622 456 457
f 622 457 623
f 623 457 458
f 623 458 616
f 616 458 459
f 616 459 460
f 624 621 493
f 493 621 625
f 496 626 495
f 495 626 624
f 495 624 494
f 494 624 493
f 619 621 627
f 627 621 628
f 627 628 629
f 622 630 621
f 621 630 295
f 621 295 625
f 625 295 297
f 625 297 631
f 631 297 299
f 631 299 632
f 632 299 301
f 632 301 617
f 617 301 303
f 617 303 305
f 496 497 626
f 626 497 498
f 626 498 633
f 633 498 499
f 633 499 634
f 629 628 635
f 635 628 634
f 635 634 461
f 634 499 461
f 461 499 618
f 461 618 460
f 460 618 307
f 460 307 615
f 534 636 533
f 533 636 637
f 638 639 626
f 626 639 640
f 626 640 624
f 624 640 641
f 624 641 642
f 291 293 643
f 643 293 644
f 642 281 624
f 624 281 283
f 624 283 645
f 645 283 285
f 645 285 646
f 646 285 287
f 646 287 643
f 643 287 289
f 643 289 291
f 645 647 624
f 624 647 531
f 624 531 637
f 637 531 532
f 637 532 533
f 534 535 636
f 636 535 536
f 636 536 648
f 648 536 537
f 648 537 633
f 633 537 644
f 633 644 626
f 626 644 293
f 626 293 638
f 634 649 633
f 633 649 650
f 633 650 648
f 637 651 624
f 624 651 652
f 624 652 621
f 653 654 655
f 656 657 658
f 659 660 661
f 314 312 662
f 663 664 665
f 397 666 667
f 42 40 668
f 669 670 6
f 6 670 671
f 6 671 7
f 24 22 672
f 668 40 673
f 673 40 38
f 673 38 36
f 36 34 673
f 673 34 32
f 673 32 30
f 30 28 673
f 673 28 26
f 673 26 24
f 672 10 671
f 671 10 8
f 671 8 7
f 22 20 672
f 672 20 18
f 672 18 16
f 16 14 672
f 672 14 12
f 672 12 10
f 674 675 668
f 668 675 44
f 668 44 42
f 676 677 678
f 678 677 679
f 678 679 680
f 680 681 678
f 678 681 682
f 678 682 683
f 683 684 678
f 678 684 685
f 678 685 686
f 686 685 687
f 686 687 688
f 689 690 686
f 686 690 691
f 686 691 674
f 674 691 692
f 674 692 675
f 688 693 686
f 686 693 694
f 686 694 689
f 205 207 695
f 696 697 698
f 698 697 699
f 699 700 701
f 701 700 702
f 197 199 703
f 703 199 201
f 703 201 695
f 695 201 203
f 695 203 205
f 207 209 695
f 695 209 704
f 695 704 705
f 706 707 708
f 223 709 710
f 710 709 711
f 710 711 706
f 712 215 667
f 667 215 217
f 667 217 219
f 707 713 708
f 708 713 211
f 708 211 712
f 712 211 213
f 712 213 215
f 399 397 223
f 223 397 667
f 223 667 221
f 221 667 219
f 714 715 716
f 229 231 717
f 237 718 719
f 719 718 720
f 719 720 714
f 231 233 717
f 717 233 235
f 717 235 237
f 715 721 716
f 716 721 225
f 716 225 722
f 722 225 227
f 722 227 229
f 243 245 723
f 245 247 723
f 723 247 249
f 723 249 251
f 724 661 725
f 725 661 726
f 725 726 727
f 727 726 728
f 724 729 661
f 661 729 239
f 661 239 730
f 730 239 241
f 730 241 243
f 728 726 251
f 251 726 731
f 251 731 723
f 653 732 733
f 733 732 734
f 733 734 735
f 735 734 736
f 737 320 318
f 314 662 316
f 738 360 739
f 739 360 358
f 354 740 356
f 356 740 741
f 356 741 742
f 743 744 745
f 745 744 746
f 745 746 747
f 747 746 748
f 747 748 749
f 389 387 750
f 750 387 751
f 750 751 752
f 397 395 666
f 666 395 393
f 666 393 753
f 427 754 429
f 429 754 431
f 755 756 437
f 437 435 755
f 755 435 433
f 755 433 431
f 757 758 759
f 759 758 760
f 760 758 761
f 760 761 756
f 756 761 762
f 756 762 437
f 673 763 668
f 668 763 764
f 668 764 674
f 674 764 475
f 765 766 767
f 767 766 768
f 767 768 769
f 770 463 771
f 771 463 769
f 471 469 772
f 772 469 467
f 772 467 773
f 773 467 465
f 774 775 776
f 513 511 777
f 511 509 777
f 777 509 507
f 777 507 778
f 657 656 779
f 503 501 701
f 701 501 658
f 507 505 778
f 778 505 503
f 778 503 703
f 703 503 701
f 703 701 197
f 197 701 702
f 714 716 719
f 719 716 780
f 719 780 781
f 320 717 322
f 322 717 237
f 322 237 736
f 736 237 719
f 736 719 735
f 735 719 781
f 735 781 733
f 310 665 655
f 655 665 664
f 655 664 653
f 653 664 663
f 653 663 732
f 782 731 783
f 783 731 726
f 783 726 784
f 784 726 661
f 784 661 759
f 759 661 660
f 759 660 757
f 757 660 659
f 785 786 737
f 258 787 260
f 260 787 788
f 260 788 262
f 318 316 737
f 737 316 662
f 737 662 785
f 785 662 789
f 786 790 737
f 737 790 266
f 737 266 788
f 788 266 264
f 788 264 262
f 258 256 787
f 787 256 254
f 787 254 662
f 662 254 791
f 662 791 789
f 24 672 673
f 673 672 792
f 673 792 755
f 755 792 655
f 755 655 756
f 756 655 654
f 756 654 760
f 793 794 754
f 766 302 300
f 431 754 755
f 755 754 794
f 755 794 795
f 765 763 766
f 766 763 673
f 766 673 302
f 302 673 304
f 795 796 755
f 755 796 308
f 755 308 673
f 673 308 306
f 673 306 304
f 300 298 766
f 766 298 296
f 766 296 754
f 754 296 797
f 754 797 793
f 320 737 717
f 717 737 788
f 717 788 798
f 798 788 799
f 798 799 800
f 310 655 312
f 312 655 792
f 312 792 662
f 662 792 672
f 662 672 787
f 787 672 671
f 787 671 801
f 769 768 771
f 771 768 766
f 771 766 802
f 802 766 754
f 802 754 730
f 730 754 427
f 730 427 661
f 661 427 425
f 661 425 659
f 195 803 800
f 800 803 804
f 800 804 805
f 806 807 808
f 808 807 183
f 808 183 809
f 229 717 722
f 722 717 798
f 722 798 810
f 810 798 800
f 810 800 808
f 808 800 805
f 808 805 806
f 183 185 809
f 809 185 187
f 809 187 189
f 739 191 193
f 193 195 739
f 739 195 800
f 739 800 738
f 738 800 799
f 738 799 811
f 811 799 788
f 811 788 812
f 812 788 787
f 812 787 813
f 813 787 801
f 813 801 814
f 814 801 671
f 814 671 815
f 815 671 670
f 815 670 350
f 350 670 816
f 350 816 352
f 817 818 819
f 820 821 771
f 771 821 169
f 771 169 770
f 243 723 730
f 730 723 822
f 730 822 802
f 802 822 817
f 802 817 771
f 771 817 819
f 771 819 820
f 169 171 770
f 770 171 173
f 770 173 175
f 177 179 823
f 823 179 181
f 823 181 817
f 817 181 824
f 817 824 818
f 669 676 670
f 670 676 678
f 670 678 816
f 816 678 740
f 816 740 352
f 352 740 354
f 278 746 280
f 280 746 741
f 280 741 825
f 278 276 746
f 746 276 274
f 746 274 748
f 748 274 272
f 748 272 270
f 268 826 740
f 826 827 740
f 740 827 828
f 740 828 741
f 741 828 829
f 741 829 825
f 686 830 678
f 678 830 831
f 678 831 740
f 740 831 748
f 740 748 268
f 268 748 270
f 292 290 830
f 779 288 286
f 832 833 772
f 772 833 686
f 772 686 471
f 471 686 674
f 471 674 473
f 473 674 475
f 833 834 686
f 686 834 835
f 686 835 830
f 830 835 294
f 830 294 292
f 656 836 779
f 779 836 830
f 779 830 288
f 288 830 290
f 286 284 779
f 779 284 282
f 779 282 772
f 772 282 837
f 772 837 832
f 706 708 710
f 710 708 838
f 710 838 839
f 839 838 840
f 839 840 841
f 841 840 809
f 841 809 739
f 739 809 189
f 739 189 191
f 399 223 743
f 743 223 710
f 743 710 744
f 744 710 839
f 744 839 746
f 746 839 841
f 746 841 741
f 741 841 739
f 741 739 742
f 742 739 358
f 742 358 356
f 836 775 830
f 830 775 774
f 830 774 831
f 831 774 750
f 831 750 748
f 748 750 752
f 748 752 749
f 749 752 751
f 658 657 701
f 701 657 779
f 701 779 842
f 842 779 772
f 842 772 843
f 843 772 773
f 843 773 770
f 770 773 465
f 770 465 463
f 699 701 698
f 698 701 842
f 698 842 844
f 844 842 843
f 844 843 845
f 845 843 770
f 845 770 823
f 823 770 175
f 823 175 177
f 731 846 723
f 723 846 847
f 723 847 822
f 822 847 848
f 822 848 817
f 817 848 849
f 817 849 823
f 823 849 850
f 823 850 845
f 845 850 851
f 845 851 844
f 844 851 704
f 844 704 698
f 698 704 209
f 698 209 696
f 776 513 774
f 774 513 777
f 774 777 750
f 750 777 852
f 750 852 389
f 389 852 753
f 389 753 391
f 391 753 393
f 780 716 853
f 853 716 722
f 722 810 853
f 853 810 808
f 853 808 854
f 854 808 809
f 854 809 840
f 840 838 854
f 854 838 708
f 854 708 712
f 705 704 855
f 855 704 851
f 851 850 855
f 855 850 849
f 855 849 856
f 856 849 848
f 856 848 847
f 847 846 856
f 856 846 731
f 856 731 782
f 250 248 170
f 651 240 652
f 652 240 857
f 208 206 855
f 855 206 204
f 855 204 651
f 651 204 202
f 651 202 200
f 857 858 652
f 652 858 859
f 652 859 856
f 860 861 856
f 859 862 856
f 856 862 863
f 856 863 252
f 864 865 182
f 182 865 210
f 250 170 252
f 252 170 866
f 252 866 856
f 856 866 867
f 856 867 860
f 861 868 856
f 856 868 182
f 856 182 855
f 855 182 210
f 855 210 208
f 200 198 651
f 651 198 869
f 651 869 170
f 170 869 870
f 170 870 172
f 248 246 170
f 170 246 244
f 170 244 651
f 651 244 242
f 651 242 240
f 182 180 864
f 864 180 178
f 864 178 871
f 871 178 176
f 871 176 870
f 870 176 174
f 870 174 172
f 650 168 872
f 149 150 579
f 579 150 151
f 579 151 152
f 168 650 167
f 167 650 649
f 167 649 166
f 872 873 650
f 650 873 874
f 650 874 875
f 152 153 579
f 579 153 154
f 579 154 155
f 649 159 160
f 160 161 649
f 649 161 162
f 649 162 163
f 163 164 649
f 649 164 165
f 649 165 166
f 155 156 579
f 579 156 157
f 579 157 649
f 649 157 158
f 649 158 159
f 875 876 650
f 650 876 877
f 650 877 878
f 879 880 577
f 577 880 881
f 577 881 882
f 878 883 650
f 650 883 884
f 650 884 577
f 577 884 885
f 577 885 879
f 882 886 577
f 577 886 887
f 577 887 888
f 888 889 577
f 577 889 890
f 577 890 579
f 579 890 891
f 579 891 149
f 236 234 184
f 224 222 614
f 854 226 853
f 853 226 892
f 186 184 893
f 196 894 895
f 222 220 614
f 614 220 218
f 614 218 854
f 854 218 216
f 892 896 853
f 853 896 897
f 853 897 613
f 898 899 613
f 897 900 613
f 613 900 901
f 613 901 238
f 236 184 238
f 238 184 902
f 238 902 613
f 613 902 903
f 613 903 898
f 899 904 613
f 613 904 196
f 613 196 614
f 614 196 895
f 614 895 224
f 216 214 854
f 854 214 212
f 854 212 184
f 184 212 905
f 184 905 893
f 234 232 184
f 184 232 230
f 184 230 854
f 854 230 228
f 854 228 226
f 196 194 894
f 894 194 192
f 894 192 906
f 906 192 190
f 906 190 893
f 893 190 188
f 893 188 186
f 614 854 602
f 602 854 712
f 695 705 637
f 637 705 855
f 637 855 651
f 650 577 576
f 650 576 648
f 648 576 777
f 648 777 636
f 636 777 778
f 636 778 637
f 637 778 703
f 637 703 695
f 712 667 602
f 602 667 666
f 602 666 603
f 603 666 753
f 603 753 576
f 576 753 852
f 576 852 777
f 621 652 856
f 853 613 780
f 780 613 586
f 780 586 781
f 580 579 649
f 634 760 654
f 649 634 580
f 580 634 654
f 580 654 593
f 593 654 653
f 593 653 586
f 586 653 733
f 586 733 781
f 621 784 759
f 784 621 783
f 783 621 856
f 783 856 782
f 760 634 759
f 759 634 628
f 759 628 621
f 90 1 91
f 91 1 65
f 91 65 92
f 92 65 66
f 92 66 94
f 94 66 67
f 94 67 96
f 96 67 68
f 96 68 98
f 98 68 69
f 98 69 100
f 100 69 70
f 100 70 102
f 102 70 71
f 102 71 104
f 104 71 72
f 104 72 106
f 106 72 73
f 106 73 108
f 108 73 74
f 108 74 110
f 110 74 75
f 110 75 112
f 112 75 76
f 112 76 114
f 114 76 77
f 114 77 116
f 116 77 78
f 116 78 118
f 118 78 79
f 118 79 120
f 120 79 80
f 120 80 122
f 122 80 81
f 122 81 124
f 124 81 82
f 124 82 126
f 126 82 83
f 126 83 128
f 128 83 84
f 537 526 644
f 644 526 527
f 644 527 643
f 643 527 529
f 643 529 646
f 646 529 514
f 646 514 645
f 645 514 516
f 645 516 647
f 647 516 518
f 647 518 531
f 531 518 520
f 512 513 528
f 528 513 776
f 528 776 530
f 530 776 775
f 530 775 515
f 515 775 836
f 515 836 517
f 517 836 656
f 517 656 519
f 519 656 658
f 519 658 500
f 500 658 501
f 499 490 618
f 618 490 491
f 618 491 617
f 617 491 476
f 617 476 632
f 632 476 478
f 632 478 631
f 631 478 480
f 631 480 625
f 625 480 482
f 625 482 493
f 493 482 484
f 474 475 492
f 492 475 764
f 492 764 477
f 477 764 763
f 477 763 479
f 479 763 765
f 479 765 481
f 481 765 767
f 481 767 483
f 483 767 769
f 483 769 462
f 462 769 463
f 461 450 635
f 635 450 451
f 635 451 629
f 629 451 453
f 629 453 627
f 627 453 438
f 627 438 619
f 619 438 440
f 619 440 620
f 620 440 442
f 620 442 455
f 455 442 444
f 436 437 452
f 452 437 762
f 452 762 454
f 454 762 761
f 454 761 439
f 439 761 758
f 439 758 441
f 441 758 757
f 441 757 443
f 443 757 659
f 443 659 424
f 424 659 425
f 423 404 601
f 601 404 405
f 601 405 600
f 600 405 407
f 600 407 599
f 599 407 409
f 599 409 598
f 598 409 411
f 598 411 597
f 597 411 413
f 597 413 417
f 417 413 415
f 398 399 406
f 406 399 743
f 406 743 408
f 408 743 745
f 408 745 410
f 410 745 747
f 410 747 412
f 412 747 749
f 412 749 414
f 414 749 751
f 414 751 386
f 386 751 387
f 385 361 609
f 609 361 362
f 609 362 610
f 610 362 364
f 610 364 611
f 611 364 366
f 611 366 581
f 581 366 368
f 581 368 582
f 582 368 370
f 582 370 379
f 379 370 372
f 359 360 363
f 363 360 738
f 363 738 365
f 365 738 811
f 365 811 367
f 367 811 812
f 367 812 369
f 369 812 813
f 369 813 371
f 371 813 814
f 371 814 373
f 373 814 815
f 346 327 591
f 591 327 328
f 591 328 592
f 592 328 330
f 592 330 594
f 594 330 332
f 594 332 595
f 595 332 334
f 595 334 596
f 596 334 336
f 596 336 340
f 340 336 338
f 321 322 329
f 329 322 736
f 329 736 331
f 331 736 734
f 331 734 333
f 333 734 732
f 333 732 335
f 335 732 663
f 335 663 337
f 337 663 665
f 337 665 309
f 309 665 310
f 307 308 615
f 615 308 796
f 615 796 616
f 616 796 795
f 616 795 623
f 623 795 794
f 623 794 622
f 622 794 793
f 622 793 630
f 630 793 797
f 630 797 295
f 295 797 296
f 293 294 638
f 638 294 835
f 638 835 639
f 639 835 834
f 639 834 640
f 640 834 833
f 640 833 641
f 641 833 832
f 641 832 642
f 642 832 837
f 642 837 281
f 281 837 282
f 279 280 607
f 607 280 825
f 607 825 608
f 608 825 829
f 608 829 604
f 604 829 828
f 604 828 605
f 605 828 827
f 605 827 606
f 606 827 826
f 606 826 267
f 267 826 268
f 265 266 585
f 585 266 790
f 585 790 590
f 590 790 786
f 590 786 589
f 589 786 785
f 589 785 588
f 588 785 789
f 588 789 587
f 587 789 791
f 587 791 253
f 253 791 254
f 251 252 728
f 728 252 863
f 728 863 727
f 727 863 862
f 727 862 725
f 725 862 859
f 725 859 724
f 724 859 858
f 724 858 729
f 729 858 857
f 729 857 239
f 239 857 240
f 237 238 718
f 718 238 901
f 718 901 720
f 720 901 900
f 720 900 714
f 714 900 897
f 714 897 715
f 715 897 896
f 715 896 721
f 721 896 892
f 721 892 225
f 225 892 226
f 223 224 709
f 709 224 895
f 709 895 711
f 711 895 894
f 711 894 706
f 706 894 906
f 706 906 707
f 707 906 893
f 707 893 713
f 713 893 905
f 713 905 211
f 211 905 212
f 209 210 696
f 696 210 865
f 696 865 697
f 697 865 864
f 697 864 699
f 699 864 871
f 699 871 700
f 700 871 870
f 700 870 702
f 702 870 869
f 702 869 197
f 197 869 198
f 195 196 803
f 803 196 904
f 803 904 804
f 804 904 899
f 804 899 805
f 805 899 898
f 805 898 806
f 806 898 903
f 806 903 807
f 807 903 902
f 807 902 183
f 183 902 184
f 181 182 824
f 824 182 868
f 824 868 818
f 818 868 861
f 818 861 819
f 819 861 860
f 819 860 820
f 820 860 867
f 820 867 821
f 821 867 866
f 821 866 169
f 169 866 170
f 168 148 907
f 148 129 908
f 129 128 538
f 129 538 908
f 908 538 540
f 908 540 909
f 909 540 542
f 909 542 910
f 910 542 544
f 910 544 911
f 911 544 546
f 911 546 912
f 912 546 548
f 912 548 913
f 913 548 550
f 913 550 914
f 914 550 552
f 914 552 915
f 915 552 554
f 915 554 916
f 916 554 556
f 916 556 917
f 917 556 558
f 917 558 918
f 918 558 560
f 918 560 919
f 919 560 562
f 919 562 920
f 920 562 564
f 920 564 921
f 921 564 566
f 921 566 922
f 922 566 568
f 922 568 923
f 923 568 570
f 923 570 924
f 924 570 572
f 924 572 925
f 925 572 574
f 925 574 926
f 926 574 90
f 926 90 88
f 148 908 907
f 907 908 909
f 907 909 927
f 927 909 910
f 927 910 928
f 928 910 911
f 928 911 929
f 929 911 912
f 929 912 930
f 930 912 913
f 930 913 931
f 931 913 914
f 931 914 932
f 932 914 915
f 932 915 933
f 933 915 916
f 933 916 934
f 934 916 917
f 934 917 935
f 935 917 918
f 935 918 936
f 936 918 919
f 936 919 937
f 937 919 920
f 937 920 938
f 938 920 921
f 938 921 939
f 939 921 922
f 939 922 940
f 940 922 923
f 940 923 941
f 941 923 924
f 941 924 942
f 942 924 925
f 942 925 943
f 943 925 926
f 943 926 944
f 944 926 88
f 944 88 945
f 168 907 872
f 872 907 927
f 872 927 873
f 873 927 928
f 873 928 874
f 874 928 929
f 874 929 875
f 875 929 930
f 875 930 876
f 876 930 931
f 876 931 877
f 877 931 932
f 877 932 878
f 878 932 933
f 878 933 883
f 883 933 934
f 883 934 884
f 884 934 935
f 884 935 885
f 885 935 936
f 885 936 879
f 879 936 937
f 879 937 880
f 880 937 938
f 880 938 881
f 881 938 939
f 881 939 882
f 882 939 940
f 882 940 886
f 886 940 941
f 886 941 887
f 887 941 942
f 887 942 888
f 888 942 943
f 888 943 889
f 889 943 944
f 889 944 890
f 890 944 945
f 890 945 891
f 84 64 946
f 64 45 947
f 45 44 675
f 45 675 947
f 947 675 692
f 947 692 948
f 948 692 691
f 948 691 949
f 949 691 690
f 949 690 950
f 950 690 689
f 950 689 951
f 951 689 694
f 951 694 952
f 952 694 693
f 952 693 953
f 953 693 688
f 953 688 954
f 954 688 687
f 954 687 955
f 955 687 685
f 955 685 956
f 956 685 684
f 956 684 957
f 957 684 683
f 957 683 958
f 958 683 682
f 958 682 959
f 959 682 681
f 959 681 960
f 960 681 680
f 960 680 961
f 961 680 679
f 961 679 962
f 962 679 677
f 962 677 963
f 963 677 676
f 963 676 964
f 964 676 669
f 964 669 965
f 965 669 966
f 965 966 967
f 64 947 946
f 946 947 948
f 946 948 968
f 968 948 949
f 968 949 969
f 969 949 950
f 969 950 970
f 970 950 951
f 970 951 971
f 971 951 952
f 971 952 972
f 972 952 953
f 972 953 973
f 973 953 954
f 973 954 974
f 974 954 955
f 974 955 975
f 975 955 956
f 975 956 976
f 976 956 957
f 976 957 977
f 977 957 958
f 977 958 978
f 978 958 959
f 978 959 979
f 979 959 960
f 979 960 980
f 980 960 961
f 980 961 981
f 981 961 962
f 981 962 982
f 982 962 963
f 982 963 983
f 983 963 964
f 983 964 984
f 984 964 965
f 984 965 985
f 985 965 967
f 985 967 2
f 84 946 539
f 539 946 968
f 539 968 541
f 541 968 969
f 541 969 543
f 543 969 970
f 543 970 545
f 545 970 971
f 545 971 547
f 547 971 972
f 547 972 549
f 549 972 973
f 549 973 551
f 551 973 974
f 551 974 553
f 553 974 975
f 553 975 555
f 555 975 976
f 555 976 557
f 557 976 977
f 557 977 559
f 559 977 978
f 559 978 561
f 561 978 979
f 561 979 563
f 563 979 980
f 563 980 565
f 565 980 981
f 565 981 567
f 567 981 982
f 567 982 569
f 569 982 983
f 569 983 571
f 571 983 984
f 571 984 573
f 573 984 985
f 573 985 575
f 575 985 2
f 575 2 1
f 986 987 988
f 988 987 989
f 988 989 990
f 990 989 991
f 990 991 992
f 992 991 993
f 992 993 994
f 994 993 995
f 994 995 996
f 996 995 997
f 996 997 998
f 998 997 999
f 1000 998 1001
f 1001 998 1002
f 1001 1002 1003
f 1003 1002 1004
f 1003 1004 1005
f 1005 1004 1006
f 1005 1006 1007
f 1007 1006 1008
f 1007 1008 1009
f 1009 1008 1010
f 1009 1010 1011
f 1011 1010 986
f 1011 986 1012
f 1012 986 988
f 1012 988 1013
f 1013 988 990
f 1013 990 1014
f 1014 990 992
f 1014 992 1015
f 1015 992 994
f 1015 994 1016
f 1016 994 996
f 1016 996 1000
f 1000 996 998
f 1017 1011 1018
f 1018 1011 1012
f 1018 1012 1019
f 1019 1012 1013
f 1019 1013 1020
f 1020 1013 1014
f 1020 1014 1021
f 1021 1014 1015
f 1021 1015 1022
f 1022 1015 1016
f 1022 1016 1023
f 1023 1016 1000
f 1024 1025 1026
f 1026 1025 1027
f 1026 1027 1028
f 1028 1027 1029
f 1028 1029 1030
f 1030 1029 1031
f 1030 1031 1032
f 1032 1031 1033
f 1032 1033 1034
f 1034 1033 1035
f 1034 1035 1036
f 1036 1035 1037
f 1038 1036 1039
f 1039 1036 1040
f 1039 1040 1041
f 1041 1040 1042
f 1041 1042 1043
f 1043 1042 1044
f 1043 1044 1045
f 1045 1044 1046
f 1045 1046 1047
f 1047 1046 1048
f 1047 1048 1049
f 1049 1048 1024
f 1049 1024 1050
f 1050 1024 1026
f 1050 1026 1051
f 1051 1026 1028
f 1051 1028 1052
f 1052 1028 1030
f 1052 1030 1053
f 1053 1030 1032
f 1053 1032 1054
f 1054 1032 1034
f 1054 1034 1038
f 1038 1034 1036
f 1055 1049 1056
f 1056 1049 1050
f 1056 1050 1057
f 1057 1050 1051
f 1057 1051 1058
f 1058 1051 1052
f 1058 1052 1059
f 1059 1052 1053
f 1059 1053 1060
f 1060 1053 1054
f 1060 1054 1061
f 1061 1054 1038
f 1062 1063 1064
f 1064 1063 1065
f 1064 1065 1066
f 1066 1065 1067
f 1066 1067 1068
f 1068 1067 1069
f 1068 1069 1070
f 1070 1069 1071
f 1070 1071 1072
f 1072 1071 1073
f 1072 1073 1074
f 1074 1073 1075
f 1076 1074 1077
f 1077 1074 1078
f 1077 1078 1079
f 1079 1078 1080
f 1079 1080 1081
f 1081 1080 1082
f 1081 1082 1083
f 1083 1082 1084
f 1083 1084 1085
f 1085 1084 1086
f 1085 1086 1087
f 1087 1086 1062
f 1087 1062 1088
f 1088 1062 1064
f 1088 1064 1089
f 1089 1064 1066
f 1089 1066 1090
f 1090 1066 1068
f 1090 1068 1091
f 1091 1068 1070
f 1091 1070 1092
f 1092 1070 1072
f 1092 1072 1076
f 1076 1072 1074
f 1093 1087 1094
f 1094 1087 1088
f 1094 1088 1095
f 1095 1088 1089
f 1095 1089 1096
f 1096 1089 1090
f 1096 1090 1097
f 1097 1090 1091
f 1097 1091 1098
f 1098 1091 1092
f 1098 1092 1099
f 1099 1092 1076
f 1100 1101 1102
f 1102 1101 1103
f 1102 1103 1104
f 1104 1103 1105
f 1104 1105 1106
f 1106 1105 1107
f 1106 1107 1108
f 1108 1107 1109
f 1108 1109 1110
f 1110 1109 1111
f 1110 1111 1112
f 1112 1111 1113
f 1114 1112 1115
f 1115 1112 1116
f 1115 1116 1117
f 1117 1116 1118
f 1117 1118 1119
f 1119 1118 1120
f 1119 1120 1121
f 1121 1120 1122
f 1121 1122 1123
f 1123 1122 1124
f 1123 1124 1125
f 1125 1124 1100
f 1125 1100 1126
f 1126 1100 1102
f 1126 1102 1127
f 1127 1102 1104
f 1127 1104 1128
f 1128 1104 1106
f 1128 1106 1129
f 1129 1106 1108
f 1129 1108 1130
f 1130 1108 1110
f 1130 1110 1114
f 1114 1110 1112
f 1131 1125 1132
f 1132 1125 1126
f 1132 1126 1133
f 1133 1126 1127
f 1133 1127 1134
f 1134 1127 1128
f 1134 1128 1135
f 1135 1128 1129
f 1135 1129 1136
f 1136 1129 1130
f 1136 1130 1137
f 1137 1130 1114
f 1138 1139 1140
f 1140 1139 1141
f 1140 1141 1142
f 1142 1141 1143
f 1142 1143 1144
f 1144 1143 1145
f 1144 1145 1146
f 1146 1145 1147
f 1146 1147 1148
f 1148 1147 1149
f 1148 1149 1150
f 1150 1149 1151
f 1152 1150 1153
f 1153 1150 1154
f 1153 1154 1155
f 1155 1154 1156
f 1155 1156 1157
f 1157 1156 1158
f 1157 1158 1159
f 1159 1158 1160
f 1159 1160 1161
f 1161 1160 1162
f 1161 1162 1163
f 1163 1162 1138
f 1163 1138 1164
f 1164 1138 1140
f 1164 1140 1165
f 1165 1140 1142
f 1165 1142 1166
f 1166 1142 1144
f 1166 1144 1167
f 1167 1144 1146
f 1167 1146 1168
f 1168 1146 1148
f 1168 1148 1152
f 1152 1148 1150
f 1169 1163 1170
f 1170 1163 1164
f 1170 1164 1171
f 1171 1164 1165
f 1171 1165 1172
f 1172 1165 1166
f 1172 1166 1173
f 1173 1166 1167
f 1173 1167 1174
f 1174 1167 1168
f 1174 1168 1175
f 1175 1168 1152
f 1176 1177 1178
f 1178 1177 1179
f 1178 1179 1180
f 1180 1179 1181
f 1180 1181 1182
f 1182 1181 1183
f 1182 1183 1184
f 1184 1183 1185
f 1184 1185 1186
f 1186 1185 1187
f 1186 1187 1188
f 1188 1187 1189
f 1190 1186 1188
f 1191 1192 1193
f 1186 1190 1184
f 1180 1182 1194
f 1195 1196 1197
f 1198 1199 1200
f 1201 1198 1202
f 1201 1203 1204
f 1204 1203 1205
f 1206 1207 1208
f 1208 1207 1209
f 1208 1209 1210
f 1210 1209 1211
f 1210 1211 1212
f 1212 1211 1213
f 1212 1213 1199
f 1176 1178 1214
f 1214 1178 1215
f 1214 1215 1216
f 1216 1215 1217
f 1216 1217 1218
f 1218 1217 1219
f 1218 1219 1220
f 1220 1219 1221
f 1220 1221 1222
f 1222 1221 1223
f 1222 1223 1196
f 1205 1203 1224
f 1224 1203 1225
f 1224 1225 1226
f 1207 1227 1209
f 1209 1227 1228
f 1209 1228 1211
f 1211 1228 1229
f 1211 1229 1213
f 1213 1229 1230
f 1178 1180 1215
f 1215 1180 1194
f 1215 1194 1217
f 1217 1194 1231
f 1217 1231 1219
f 1219 1231 1232
f 1219 1232 1221
f 1221 1232 1233
f 1221 1233 1223
f 1223 1233 1234
f 1227 1235 1228
f 1228 1235 1236
f 1228 1236 1229
f 1229 1236 1237
f 1229 1237 1230
f 1230 1237 1238
f 1182 1184 1194
f 1194 1184 1190
f 1194 1190 1231
f 1231 1190 1239
f 1231 1239 1232
f 1232 1239 1240
f 1232 1240 1233
f 1233 1240 1241
f 1233 1241 1234
f 1234 1241 1242
f 1226 1225 1243
f 1243 1225 1193
f 1243 1193 1244
f 1244 1193 1192
f 1244 1192 1245
f 1201 1202 1203
f 1203 1202 1246
f 1203 1246 1225
f 1225 1246 1247
f 1225 1247 1193
f 1193 1247 1248
f 1193 1248 1191
f 1198 1200 1202
f 1202 1200 1249
f 1202 1249 1246
f 1246 1249 1250
f 1246 1250 1247
f 1247 1250 1251
f 1247 1251 1248
f 1199 1213 1200
f 1200 1213 1230
f 1200 1230 1249
f 1249 1230 1238
f 1249 1238 1250
f 1250 1238 1252
f 1250 1252 1251
f 1253 1235 1254
f 1254 1235 1227
f 1254 1227 1255
f 1255 1227 1207
f 1255 1207 1256
f 1256 1207 1206
f 1256 1206 1195
f 1253 1257 1235
f 1235 1257 1258
f 1235 1258 1236
f 1236 1258 1259
f 1236 1259 1237
f 1237 1259 1260
f 1237 1260 1238
f 1238 1260 1261
f 1238 1261 1252
f 1195 1197 1256
f 1256 1197 1262
f 1256 1262 1255
f 1255 1262 1263
f 1255 1263 1254
f 1254 1263 1264
f 1254 1264 1253
f 1196 1223 1197
f 1197 1223 1234
f 1197 1234 1262
f 1262 1234 1242
f 1262 1242 1263
f 1263 1242 1265
f 1263 1265 1264
f 1188 1266 1190
f 1190 1266 1267
f 1190 1267 1239
f 1239 1267 1268
f 1239 1268 1240
f 1240 1268 1269
f 1240 1269 1241
f 1241 1269 1270
f 1241 1270 1242
f 1242 1270 1271
f 1242 1271 1265
f 1272 1273 1274
f 1275 1276 1277
f 1278 1279 1280
f 1281 1282 1283
f 1284 1285 1286
f 1287 1284 1288
f 1289 1287 1290
f 1291 1289 1292
f 1293 1291 1294
f 1295 1293 1296
f 1295 1297 1177
f 1177 1297 1179
f 1286 1285 1298
f 1298 1285 1299
f 1298 1299 1300
f 1300 1299 1301
f 1300 1301 1302
f 1302 1301 1303
f 1302 1303 1304
f 1281 1279 1305
f 1305 1279 1278
f 1305 1278 1306
f 1179 1297 1181
f 1181 1297 1307
f 1181 1307 1183
f 1308 1286 1309
f 1309 1286 1298
f 1309 1298 1310
f 1310 1298 1300
f 1310 1300 1311
f 1311 1300 1302
f 1311 1302 1312
f 1312 1302 1304
f 1312 1304 1313
f 1314 1308 1315
f 1315 1308 1309
f 1315 1309 1316
f 1316 1309 1310
f 1316 1310 1317
f 1317 1310 1311
f 1317 1311 1318
f 1318 1311 1312
f 1318 1312 1319
f 1319 1312 1313
f 1319 1313 1320
f 1281 1283 1279
f 1279 1283 1321
f 1279 1321 1280
f 1280 1321 1322
f 1280 1322 1323
f 1324 1306 1325
f 1325 1306 1278
f 1325 1278 1326
f 1326 1278 1280
f 1326 1280 1272
f 1272 1280 1323
f 1272 1323 1273
f 1183 1307 1185
f 1185 1307 1327
f 1185 1327 1187
f 1187 1327 1328
f 1187 1328 1189
f 1329 1330 1331
f 1295 1296 1297
f 1297 1296 1332
f 1297 1332 1307
f 1307 1332 1329
f 1307 1329 1327
f 1327 1329 1331
f 1327 1331 1328
f 1293 1294 1296
f 1296 1294 1333
f 1296 1333 1332
f 1332 1333 1334
f 1332 1334 1329
f 1329 1334 1335
f 1329 1335 1330
f 1291 1292 1294
f 1294 1292 1336
f 1294 1336 1333
f 1333 1336 1277
f 1333 1277 1334
f 1334 1277 1276
f 1334 1276 1335
f 1289 1290 1292
f 1292 1290 1337
f 1292 1337 1336
f 1336 1337 1338
f 1336 1338 1277
f 1277 1338 1339
f 1277 1339 1275
f 1287 1288 1290
f 1290 1288 1340
f 1290 1340 1337
f 1337 1340 1341
f 1337 1341 1338
f 1338 1341 1342
f 1338 1342 1339
f 1284 1286 1288
f 1288 1286 1308
f 1288 1308 1340
f 1340 1308 1314
f 1340 1314 1341
f 1341 1314 1343
f 1341 1343 1342
f 1318 1344 1317
f 1317 1344 1345
f 1317 1345 1316
f 1316 1345 1346
f 1316 1346 1315
f 1315 1346 1347
f 1315 1347 1314
f 1314 1347 1348
f 1314 1348 1343
f 1349 1350 1320
f 1320 1350 1351
f 1320 1351 1319
f 1319 1351 1352
f 1319 1352 1318
f 1318 1352 1353
f 1318 1353 1344
f 1303 1324 1304
f 1304 1324 1325
f 1304 1325 1313
f 1313 1325 1326
f 1313 1326 1320
f 1320 1326 1272
f 1320 1272 1349
f 1349 1272 1274
f 1245 1274 1244
f 1244 1274 1273
f 1244 1273 1243
f 1243 1273 1323
f 1243 1323 1226
f 1226 1323 1322
f 1226 1322 1224
f 1224 1322 1321
f 1224 1321 1205
f 1205 1321 1283
f 1205 1283 1204
f 1204 1283 1282
f 1281 1305 1177
f 1177 1305 1306
f 1287 1303 1301
f 1301 1299 1287
f 1287 1299 1285
f 1287 1285 1284
f 1287 1289 1303
f 1303 1289 1291
f 1303 1291 1293
f 1195 1206 1176
f 1176 1206 1208
f 1176 1208 1210
f 1306 1324 1177
f 1177 1324 1303
f 1177 1303 1295
f 1295 1303 1293
f 1220 1222 1176
f 1176 1222 1196
f 1176 1196 1195
f 1198 1201 1176
f 1176 1201 1204
f 1176 1204 1177
f 1177 1204 1282
f 1177 1282 1281
f 1220 1176 1218
f 1218 1176 1214
f 1218 1214 1216
f 1210 1212 1176
f 1176 1212 1199
f 1176 1199 1198
f 1354 1274 1355
f 1355 1274 1245
f 1355 1245 1356
f 1274 1354 1349
f 1349 1354 1357
f 1349 1357 1350
f 1350 1357 1351
f 1351 1357 1358
f 1351 1358 1352
f 1352 1358 1353
f 1353 1358 1359
f 1353 1359 1344
f 1344 1359 1345
f 1345 1359 1360
f 1345 1360 1346
f 1346 1360 1347
f 1347 1360 1361
f 1347 1361 1348
f 1348 1361 1343
f 1343 1361 1362
f 1343 1362 1342
f 1342 1362 1339
f 1339 1362 1363
f 1339 1363 1275
f 1275 1363 1276
f 1276 1363 1364
f 1276 1364 1335
f 1335 1364 1330
f 1330 1364 1365
f 1330 1365 1331
f 1331 1365 1328
f 1328 1365 1366
f 1328 1366 1189
f 1367 1188 1368
f 1368 1188 1189
f 1368 1189 1366
f 1188 1367 1266
f 1266 1367 1369
f 1266 1369 1267
f 1267 1369 1268
f 1268 1369 1370
f 1268 1370 1269
f 1269 1370 1270
f 1270 1370 1371
f 1270 1371 1271
f 1271 1371 1265
f 1265 1371 1372
f 1265 1372 1264
f 1264 1372 1253
f 1253 1372 1373
f 1253 1373 1257
f 1257 1373 1258
f 1258 1373 1374
f 1258 1374 1259
f 1259 1374 1260
f 1260 1374 1375
f 1260 1375 1261
f 1261 1375 1252
f 1252 1375 1376
f 1252 1376 1251
f 1251 1376 1248
f 1248 1376 1377
f 1248 1377 1191
f 1191 1377 1192
f 1192 1377 1356
f 1192 1356 1245
f 1378 1379 1380
f 1380 1379 1381
f 1380 1381 1382
f 1382 1381 1383
f 1382 1383 1384
f 1384 1383 1385
f 1384 1385 1386
f 1387 1388 1378
f 1378 1388 1389
f 1378 1389 1379
f 1378 1390 1387
f 1387 1390 1391
f 1387 1391 1392
f 1392 1391 1393
f 1392 1393 1394
f 1394 1393 1395
f 1394 1395 1396
f 1396 1395 1397
f 1396 1397 1398
f 1398 1397 1399
f 1398 1399 1400
f 1400 1399 1401
f 1400 1401 1402
f 1402 1401 1403
f 1402 1403 1404
f 1404 1403 1405
f 1405 1403 1406
f 1405 1406 1407
f 1386 1385 1408
f 1408 1385 1409
f 1408 1409 1410
f 1407 1406 1411
f 1407 1411 1412
f 1412 1411 1413
f 1412 1413 1414
f 1414 1413 1415
f 1414 1415 1416
f 1137 1417 1418
f 1371 1370 1417
f 1060 1061 1419
f 1420 1421 1422
f 1173 1174 1423
f 1423 1174 1175
f 1423 1175 1422
f 1173 1423 1172
f 1172 1423 1424
f 1172 1424 1171
f 1175 1425 1422
f 1422 1425 1426
f 1422 1426 1420
f 1420 1426 1427
f 1171 1424 1170
f 1170 1424 1428
f 1170 1428 1169
f 1169 1428 1429
f 1169 1429 1430
f 1430 1429 1431
f 1430 1431 1432
f 1432 1431 1433
f 1432 1433 1427
f 1427 1433 1434
f 1427 1434 1420
f 1435 1436 1437
f 1437 1436 1438
f 1437 1438 1423
f 1423 1438 1439
f 1423 1439 1424
f 1440 1441 1442
f 1099 1443 1444
f 1444 1443 1445
f 1444 1445 1442
f 1442 1445 1446
f 1442 1446 1440
f 1435 1447 1448
f 1448 1447 1442
f 1448 1442 1449
f 1449 1442 1441
f 1098 1450 1097
f 1097 1450 1451
f 1441 1093 1449
f 1449 1093 1094
f 1449 1094 1452
f 1452 1094 1095
f 1452 1095 1451
f 1451 1095 1096
f 1451 1096 1097
f 1453 1454 1444
f 1444 1454 1455
f 1098 1099 1450
f 1450 1099 1444
f 1450 1444 1456
f 1456 1444 1455
f 1457 1458 1459
f 1459 1458 1460
f 1459 1460 1453
f 1453 1460 1461
f 1453 1461 1454
f 1462 1463 1457
f 1457 1463 1464
f 1464 1465 1457
f 1457 1465 1466
f 1457 1466 1458
f 1459 1018 1019
f 1021 1022 1457
f 1457 1022 1023
f 1457 1023 1462
f 1459 1019 1457
f 1457 1019 1020
f 1457 1020 1021
f 1467 1468 1469
f 1469 1468 1470
f 1469 1470 1459
f 1459 1470 1017
f 1459 1017 1018
f 1419 1061 1471
f 1061 1472 1471
f 1471 1472 1473
f 1471 1473 1474
f 1057 1355 1056
f 1056 1355 1356
f 1056 1356 1055
f 1055 1356 1475
f 1475 1356 1377
f 1475 1377 1476
f 1476 1377 1376
f 1476 1376 1477
f 1058 1059 1469
f 1023 1478 1462
f 1462 1478 1479
f 1462 1479 1480
f 1480 1479 1467
f 1480 1467 1481
f 1481 1467 1469
f 1481 1469 1419
f 1419 1469 1059
f 1419 1059 1060
f 1473 1477 1474
f 1474 1477 1376
f 1474 1376 1482
f 1482 1376 1483
f 1376 1375 1483
f 1483 1375 1374
f 1483 1374 1484
f 1484 1374 1373
f 1484 1373 1485
f 1373 1372 1485
f 1485 1372 1371
f 1485 1371 1486
f 1486 1371 1417
f 1486 1417 1487
f 1421 1488 1489
f 1489 1131 1421
f 1421 1131 1132
f 1421 1132 1422
f 1422 1132 1133
f 1134 1135 1418
f 1418 1135 1136
f 1418 1136 1137
f 1137 1490 1417
f 1417 1490 1491
f 1417 1491 1487
f 1487 1491 1492
f 1487 1492 1488
f 1488 1492 1493
f 1488 1493 1489
f 1057 1058 1355
f 1355 1058 1469
f 1355 1469 1354
f 1354 1469 1459
f 1354 1459 1357
f 1357 1459 1358
f 1358 1459 1453
f 1358 1453 1359
f 1359 1453 1444
f 1359 1444 1360
f 1360 1444 1361
f 1361 1444 1442
f 1361 1442 1362
f 1494 1365 1447
f 1447 1365 1364
f 1447 1364 1442
f 1442 1364 1363
f 1442 1363 1362
f 1370 1369 1417
f 1417 1369 1367
f 1417 1367 1418
f 1418 1367 1368
f 1418 1368 1494
f 1494 1368 1366
f 1494 1366 1365
f 1435 1437 1447
f 1447 1437 1423
f 1447 1423 1494
f 1494 1423 1422
f 1494 1422 1418
f 1418 1422 1133
f 1418 1133 1134
f 1410 1409 1495
f 989 987 1495
f 1495 987 1496
f 1497 1498 1499
f 1500 1501 1498
f 1498 1501 1502
f 1498 1502 1499
f 1503 1504 991
f 1500 1410 1501
f 1501 1410 1495
f 1501 1495 1505
f 1505 1495 1496
f 1495 1506 989
f 989 1506 1507
f 989 1507 991
f 991 1507 1508
f 991 1508 1503
f 1499 999 1497
f 1497 999 997
f 1497 997 1509
f 1509 997 995
f 1509 995 1510
f 1510 995 993
f 1510 993 1511
f 1511 993 991
f 1511 991 1512
f 1512 991 1504
f 1143 1141 1513
f 1513 1141 1416
f 1416 1141 1139
f 1416 1139 1414
f 1514 1515 1147
f 1147 1515 1516
f 1147 1516 1517
f 1139 1518 1414
f 1414 1518 1519
f 1414 1519 1412
f 1412 1519 1520
f 1412 1520 1407
f 1407 1520 1405
f 1521 1522 1495
f 1495 1522 1523
f 1495 1523 1524
f 1525 1506 1073
f 1143 1513 1145
f 1145 1513 1526
f 1145 1526 1147
f 1147 1526 1527
f 1147 1527 1514
f 1524 1528 1495
f 1495 1528 1529
f 1495 1529 1506
f 1506 1529 1075
f 1506 1075 1073
f 1073 1071 1525
f 1525 1071 1069
f 1525 1069 1530
f 1530 1069 1067
f 1530 1067 1531
f 1531 1067 1065
f 1531 1065 1517
f 1517 1065 1063
f 1517 1063 1147
f 1147 1063 1532
f 1147 1532 1149
f 1149 1532 1523
f 1149 1523 1151
f 1151 1523 1522
f 1113 1111 1495
f 1400 1533 1398
f 1398 1533 1534
f 1398 1534 1396
f 1396 1534 1535
f 1396 1535 1394
f 1394 1535 1536
f 1495 1388 1113
f 1113 1388 1387
f 1113 1387 1536
f 1536 1387 1537
f 1536 1537 1394
f 1111 1109 1495
f 1495 1109 1405
f 1495 1405 1521
f 1521 1405 1520
f 1109 1107 1405
f 1405 1107 1105
f 1405 1105 1404
f 1404 1105 1103
f 1404 1103 1402
f 1402 1103 1101
f 1402 1101 1400
f 1400 1101 1538
f 1400 1538 1533
f 1381 1539 1383
f 1383 1539 1037
f 1383 1037 1385
f 1385 1037 1035
f 1385 1035 1409
f 1409 1035 1033
f 1409 1033 1495
f 1495 1033 1031
f 1495 1031 1029
f 1029 1027 1495
f 1495 1027 1025
f 1495 1025 1388
f 1388 1025 1540
f 1388 1540 1389
f 1389 1540 1541
f 1389 1541 1379
f 1379 1541 1542
f 1379 1542 1381
f 1381 1542 1543
f 1381 1543 1539
f 1408 1480 1386
f 1386 1480 1481
f 1406 1434 1433
f 1406 1433 1411
f 1411 1433 1431
f 1411 1431 1413
f 1413 1431 1429
f 1413 1429 1415
f 1403 1420 1406
f 1406 1420 1434
f 1386 1481 1419
f 1386 1419 1384
f 1384 1419 1471
f 1384 1471 1382
f 1382 1471 1474
f 1382 1474 1380
f 1380 1474 1482
f 1380 1482 1378
f 1378 1482 1483
f 1378 1483 1390
f 1390 1483 1484
f 1390 1484 1391
f 1391 1484 1485
f 1391 1485 1393
f 1393 1485 1486
f 1393 1486 1395
f 1395 1486 1487
f 1395 1487 1397
f 1397 1487 1488
f 1397 1488 1399
f 1399 1488 1421
f 1399 1421 1401
f 1401 1421 1420
f 1401 1420 1403
f 1480 1408 1462
f 1462 1408 1544
f 1462 1544 1463
f 1463 1544 1545
f 1463 1545 1464
f 1464 1545 1546
f 1464 1546 1465
f 1415 1429 1428
f 1415 1428 1547
f 1547 1428 1424
f 1547 1424 1548
f 1548 1424 1439
f 1548 1439 1549
f 1549 1439 1438
f 1549 1438 1550
f 1550 1438 1436
f 1550 1436 1551
f 1551 1436 1435
f 1551 1435 1552
f 1552 1435 1448
f 1552 1448 1553
f 1553 1448 1449
f 1553 1449 1554
f 1554 1449 1452
f 1554 1452 1555
f 1555 1452 1451
f 1555 1451 1556
f 1556 1451 1450
f 1556 1450 1557
f 1557 1450 1456
f 1557 1456 1558
f 1558 1456 1455
f 1558 1455 1559
f 1559 1455 1454
f 1559 1454 1560
f 1560 1454 1461
f 1560 1461 1561
f 1561 1461 1460
f 1561 1460 1562
f 1562 1460 1458
f 1562 1458 1563
f 1563 1458 1466
f 1563 1466 1564
f 1564 1466 1465
f 1564 1465 1546
f 1497 1546 1545
f 1497 1545 1498
f 1498 1545 1544
f 1498 1544 1500
f 1500 1544 1408
f 1500 1408 1410
f 1416 1415 1547
f 1416 1547 1513
f 1513 1547 1548
f 1513 1548 1526
f 1526 1548 1549
f 1526 1549 1527
f 1527 1549 1550
f 1527 1550 1514
f 1514 1550 1551
f 1514 1551 1515
f 1515 1551 1552
f 1515 1552 1516
f 1516 1552 1553
f 1516 1553 1517
f 1517 1553 1554
f 1517 1554 1531
f 1531 1554 1555
f 1531 1555 1530
f 1530 1555 1556
f 1530 1556 1525
f 1525 1556 1506
f 1506 1556 1557
f 1506 1557 1507
f 1507 1557 1558
f 1507 1558 1508
f 1508 1558 1559
f 1508 1559 1503
f 1503 1559 1560
f 1503 1560 1504
f 1504 1560 1561
f 1504 1561 1512
f 1512 1561 1562
f 1512 1562 1511
f 1511 1562 1563
f 1511 1563 1510
f 1510 1563 1564
f 1510 1564 1509
f 1509 1564 1546
f 1509 1546 1497
f 1175 1152 1425
f 1425 1152 1153
f 1425 1153 1426
f 1426 1153 1155
f 1426 1155 1427
f 1427 1155 1157
f 1427 1157 1432
f 1432 1157 1159
f 1432 1159 1430
f 1430 1159 1161
f 1430 1161 1169
f 1169 1161 1163
f 1150 1151 1154
f 1154 1151 1522
f 1154 1522 1156
f 1156 1522 1521
f 1156 1521 1158
f 1158 1521 1520
f 1158 1520 1160
f 1160 1520 1519
f 1160 1519 1162
f 1162 1519 1518
f 1162 1518 1138
f 1138 1518 1139
f 1137 1114 1490
f 1490 1114 1115
f 1490 1115 1491
f 1491 1115 1117
f 1491 1117 1492
f 1492 1117 1119
f 1492 1119 1493
f 1493 1119 1121
f 1493 1121 1489
f 1489 1121 1123
f 1489 1123 1131
f 1131 1123 1125
f 1112 1113 1116
f 1116 1113 1536
f 1116 1536 1118
f 1118 1536 1535
f 1118 1535 1120
f 1120 1535 1534
f 1120 1534 1122
f 1122 1534 1533
f 1122 1533 1124
f 1124 1533 1538
f 1124 1538 1100
f 1100 1538 1101
f 1099 1076 1443
f 1443 1076 1077
f 1443 1077 1445
f 1445 1077 1079
f 1445 1079 1446
f 1446 1079 1081
f 1446 1081 1440
f 1440 1081 1083
f 1440 1083 1441
f 1441 1083 1085
f 1441 1085 1093
f 1093 1085 1087
f 1074 1075 1078
f 1078 1075 1529
f 1078 1529 1080
f 1080 1529 1528
f 1080 1528 1082
f 1082 1528 1524
f 1082 1524 1084
f 1084 1524 1523
f 1084 1523 1086
f 1086 1523 1532
f 1086 1532 1062
f 1062 1532 1063
f 1061 1038 1472
f 1472 1038 1039
f 1472 1039 1473
f 1473 1039 1041
f 1473 1041 1477
f 1477 1041 1043
f 1477 1043 1476
f 1476 1043 1045
f 1476 1045 1475
f 1475 1045 1047
f 1475 1047 1055
f 1055 1047 1049
f 1036 1037 1040
f 1040 1037 1539
f 1040 1539 1042
f 1042 1539 1543
f 1042 1543 1044
f 1044 1543 1542
f 1044 1542 1046
f 1046 1542 1541
f 1046 1541 1048
f 1048 1541 1540
f 1048 1540 1024
f 1024 1540 1025
f 1023 1000 1478
f 1478 1000 1001
f 1478 1001 1479
f 1479 1001 1003
f 1479 1003 1467
f 1467 1003 1005
f 1467 1005 1468
f 1468 1005 1007
f 1468 1007 1470
f 1470 1007 1009
f 1470 1009 1017
f 1017 1009 1011
f 998 999 1002
f 1002 999 1499
f 1002 1499 1004
f 1004 1499 1502
f 1004 1502 1006
f 1006 1502 1501
f 1006 1501 1008
f 1008 1501 1505
f 1008 1505 1010
f 1010 1505 1496
f 1010 1496 986
f 986 1496 987
f 1565 1566 1567
f 1567 1566 1568
f 1567 1568 1569
f 1569 1568 1570
f 1569 1570 1571
f 1571 1570 1572
f 1571 1572 1573
f 1573 1572 1574
f 1573 1574 1575
f 1575 1574 1576
f 1575 1576 1577
f 1577 1576 1578
f 1579 1580 1581
f 1581 1580 1582
f 1581 1582 1583
f 1583 1582 1584
f 1583 1584 1585
f 1585 1584 1586
f 1585 1586 1587
f 1587 1586 1588
f 1587 1588 1589
f 1589 1588 1590
f 1589 1590 1591
f 1591 1590 1592
f 1593 1583 1585
f 1581 1583 1593
f 1579 1581 1593
f 1593 1589 1591
f 1587 1589 1593
f 1585 1587 1593
f 1594 1595 1596
f 1596 1595 1597
f 1596 1597 1598
f 1598 1597 1599
f 1598 1599 1600
f 1600 1599 1601
f 1600 1601 1602
f 1602 1601 1603
f 1602 1603 1604
f 1604 1603 1605
f 1604 1605 1606
f 1606 1605 1607
f 1608 1598 1600
f 1596 1598 1608
f 1594 1596 1608
f 1608 1604 1606
f 1602 1604 1608
f 1600 1602 1608
f 1609 1610 1611
f 1611 1610 1612
f 1611 1612 1613
f 1613 1612 1614
f 1613 1614 1615
f 1615 1614 1616
f 1615 1616 1617
f 1617 1616 1618
f 1617 1618 1619
f 1619 1618 1620
f 1619 1620 1621
f 1621 1620 1622
f 1623 1613 1615
f 1611 1613 1623
f 1609 1611 1623
f 1623 1619 1621
f 1617 1619 1623
f 1615 1617 1623
f 1624 1625 1626
f 1626 1625 1627
f 1626 1627 1628
f 1628 1627 1629
f 1628 1629 1630
f 1630 1629 1631
f 1630 1631 1632
f 1632 1631 1633
f 1632 1633 1634
f 1634 1633 1635
f 1634 1635 1636
f 1636 1635 1637
f 1638 1628 1630
f 1626 1628 1638
f 1624 1626 1638
f 1638 1634 1636
f 1632 1634 1638
f 1630 1632 1638
f 1639 1640 1641
f 1641 1640 1642
f 1641 1642 1643
f 1643 1642 1644
f 1643 1644 1645
f 1645 1644 1646
f 1645 1646 1647
f 1647 1646 1648
f 1647 1648 1649
f 1649 1648 1650
f 1649 1650 1651
f 1651 1650 1652
f 1653 1643 1645
f 1641 1643 1653
f 1639 1641 1653
f 1653 1649 1651
f 1647 1649 1653
f 1645 1647 1653
f 1654 1655 1656
f 1656 1655 1657
f 1658 1657 1659
f 1659 1657 1660
f 1659 1660 1661
f 1661 1660 1662
f 1658 1663 1657
f 1657 1663 1664
f 1657 1664 1665
f 1665 1666 1657
f 1657 1666 1667
f 1657 1667 1656
f 1662 1660 1668
f 1668 1660 1669
f 1655 1654 1670
f 1670 1654 1671
f 1672 1673 1674
f 1674 1673 1675
f 1674 1675 1676
f 1676 1675 1677
f 1676 1677 1669
f 1669 1677 1668
f 1670 1671 1678
f 1678 1671 1679
f 1678 1679 1680
f 1680 1679 1681
f 1680 1681 1682
f 1682 1681 1683
f 1673 1672 1684
f 1673 1684 1685
f 1685 1684 1686
f 1685 1686 1687
f 1688 1689 1690
f 1690 1689 1691
f 1690 1691 1686
f 1686 1691 1692
f 1686 1692 1687
f 1688 1690 1693
f 1693 1690 1694
f 1693 1694 1695
f 1695 1694 1696
f 1695 1696 1697
f 1697 1696 1698
f 1697 1698 1699
f 1699 1698 1700
f 1699 1700 1701
f 1701 1700 1702
f 1701 1702 1703
f 1703 1702 1704
f 1703 1704 1705
f 1705 1704 1706
f 1705 1706 1707
f 1707 1706 1708
f 1707 1708 1709
f 1710 1711 1712
f 1712 1711 1713
f 1712 1713 1708
f 1708 1713 1714
f 1708 1714 1709
f 1710 1712 1715
f 1716 1717 1715
f 1715 1717 1718
f 1715 1718 1710
f 1715 1719 1716
f 1716 1719 1720
f 1716 1720 1721
f 1721 1720 1722
f 1721 1722 1723
f 1723 1722 1724
f 1723 1724 1725
f 1725 1724 1726
f 1725 1726 1727
f 1727 1726 1728
f 1727 1728 1729
f 1729 1728 1730
f 1729 1730 1731
f 1731 1730 1732
f 1731 1732 1733
f 1734 1735 1736
f 1736 1735 1737
f 1736 1737 1738
f 1735 1734 1739
f 1739 1734 1740
f 1738 1737 1741
f 1741 1737 1742
f 1743 1744 1745
f 1745 1744 1746
f 1745 1746 1747
f 1747 1746 1748
f 1747 1748 1740
f 1740 1748 1739
f 1741 1742 1749
f 1749 1742 1750
f 1749 1750 1751
f 1751 1750 1752
f 1751 1752 1753
f 1753 1752 1754
f 1744 1743 1755
f 1756 1757 1755
f 1755 1757 1758
f 1755 1758 1744
f 1756 1759 1757
f 1757 1759 1760
f 1757 1760 1761
f 1760 1762 1761
f 1761 1762 1763
f 1761 1763 1764
f 1763 1765 1764
f 1764 1765 1766
f 1764 1766 1767
f 1766 1768 1767
f 1767 1768 1769
f 1767 1769 1770
f 1769 1771 1770
f 1770 1771 1772
f 1770 1772 1773
f 1772 1774 1773
f 1773 1774 1775
f 1773 1775 1776
f 1775 1777 1776
f 1776 1777 1778
f 1776 1778 1779
f 1778 1780 1779
f 1779 1780 1781
f 1779 1781 1782
f 1782 1781 1783
f 1782 1783 1784
f 1784 1783 1785
f 1784 1785 1786
f 1787 1788 1789
f 1787 1789 1790
f 1790 1789 1791
f 1790 1791 1792
f 1792 1791 1793
f 1792 1793 1794
f 1794 1793 1795
f 1794 1795 1796
f 1796 1795 1797
f 1796 1797 1798
f 1798 1797 1799
f 1798 1799 1800
f 1800 1799 1801
f 1800 1801 1802
f 1802 1801 1803
f 1802 1803 1804
f 1804 1803 1805
f 1804 1805 1806
f 1806 1805 1807
f 1806 1807 1808
f 1808 1807 1809
f 1808 1809 1810
f 1810 1809 1753
f 1810 1753 1754
f 1811 301 1812
f 1812 301 303
f 1812 303 1813
f 1813 303 305
f 1813 305 1814
f 1814 305 307
f 1814 307 1815
f 1815 307 615
f 1815 615 1816
f 1816 615 616
f 1816 616 1817
f 1817 616 623
f 1818 1813 1814
f 1812 1813 1818
f 1811 1812 1818
f 1818 1816 1817
f 1815 1816 1818
f 1814 1815 1818
f 1819 287 1820
f 1820 287 289
f 1820 289 1821
f 1821 289 291
f 1821 291 1822
f 1822 291 293
f 1822 293 1823
f 1823 293 638
f 1823 638 1824
f 1824 638 639
f 1824 639 1825
f 1825 639 640
f 1826 1821 1822
f 1820 1821 1826
f 1819 1820 1826
f 1826 1824 1825
f 1823 1824 1826
f 1822 1823 1826
f 1827 1828 1829
f 1829 1828 1830
f 1829 1830 1831
f 1831 1830 1832
f 1831 1832 1833
f 1833 1832 1834
f 1833 1834 1835
f 1835 1834 1836
f 1835 1836 1837
f 1837 1836 1838
f 1837 1838 1839
f 1839 1838 1840
f 1841 1831 1833
f 1829 1831 1841
f 1827 1829 1841
f 1841 1837 1839
f 1835 1837 1841
f 1833 1835 1841
f 1842 1843 1844
f 1844 1843 1845
f 1844 1845 1846
f 1846 1845 1847
f 1846 1847 1848
f 1848 1847 1849
f 1848 1849 1850
f 1850 1849 1851
f 1850 1851 1852
f 1852 1851 1853
f 1852 1853 1854
f 1854 1853 1855
f 1856 1846 1848
f 1844 1846 1856
f 1842 1844 1856
f 1856 1852 1854
f 1850 1852 1856
f 1848 1850 1856
f 1857 1858 1859
f 1859 1858 1860
f 1859 1860 1861
f 1861 1860 1862
f 1861 1862 1863
f 1863 1862 1864
f 1863 1864 1865
f 1865 1864 1866
f 1865 1866 1867
f 1867 1866 1868
f 1867 1868 1869
f 1869 1868 1870
f 1871 1861 1863
f 1859 1861 1871
f 1857 1859 1871
f 1871 1867 1869
f 1865 1867 1871
f 1863 1865 1871
f 1753 1672 1751
f 1751 1672 1674
f 1751 1674 1749
f 1749 1674 1676
f 1749 1676 1741
f 1741 1676 1669
f 1682 1743 1680
f 1680 1743 1745
f 1680 1745 1678
f 1678 1745 1747
f 1678 1747 1670
f 1670 1747 1740
f 1738 1741 1872
f 1872 1741 1669
f 1872 1669 1660
f 1655 1670 1873
f 1873 1670 1740
f 1873 1740 1734
f 1874 1875 1876
f 1876 1875 1877
f 1876 1877 1878
f 1878 1877 1879
f 1878 1879 1880
f 1880 1879 1881
f 1880 1881 1882
f 1882 1881 1883
f 1882 1883 1884
f 1884 1883 1885
f 1884 1885 1886
f 1886 1885 1887
f 1886 1887 1888
f 1888 1887 1889
f 1888 1889 1890
f 1890 1889 1891
f 1890 1891 1892
f 1892 1891 1893
f 1892 1893 1894
f 1894 1893 1895
f 1894 1895 1896
f 1896 1895 1897
f 1898 1899 1900
f 1900 1899 1901
f 1900 1901 1902
f 1902 1901 1903
f 1902 1903 1904
f 1904 1903 1905
f 1904 1905 1906
f 1906 1905 1907
f 1906 1907 1908
f 1908 1907 1909
f 1908 1909 1910
f 1910 1909 1911
f 1910 1911 1912
f 1912 1911 1913
f 1912 1913 1914
f 1914 1913 1915
f 1914 1915 1916
f 1916 1915 1917
f 1916 1917 1918
f 1918 1917 1919
f 1918 1919 1920
f 1920 1919 1921
f 1920 1921 1922
f 1922 1921 1923
f 1922 1923 1924
f 1924 1923 1925
f 1924 1925 1926
f 1926 1925 1927
f 1926 1927 1928
f 1928 1927 1929
f 1928 1929 1930
f 1930 1929 1931
f 1932 1933 1934
f 1934 1935 1932
f 1932 1935 1936
f 1932 1936 1937
f 1936 1938 1937
f 1937 1938 1939
f 1937 1939 1940
f 1939 1941 1940
f 1940 1941 1942
f 1940 1942 1943
f 1943 1942 1944
f 1943 1944 1945
f 1944 1946 1945
f 1945 1946 1947
f 1945 1947 1948
f 1948 1947 1949
f 1950 1951 1952
f 1952 1951 1949
f 1952 1949 1953
f 1953 1949 1947
f 1954 1898 1955
f 1955 1898 1900
f 1955 1900 1956
f 1956 1900 1902
f 1956 1902 1957
f 1957 1902 1904
f 1957 1904 1958
f 1958 1904 1906
f 1958 1906 1959
f 1959 1906 1908
f 1959 1908 1960
f 1960 1908 1910
f 1960 1910 1961
f 1961 1910 1912
f 1961 1912 1962
f 1962 1912 1914
f 1962 1914 1963
f 1963 1914 1916
f 1963 1916 1964
f 1964 1916 1918
f 1964 1918 1965
f 1965 1918 1920
f 1965 1920 1966
f 1966 1920 1922
f 1966 1922 1967
f 1967 1922 1924
f 1967 1924 1968
f 1968 1924 1926
f 1968 1926 1969
f 1969 1926 1928
f 1969 1928 1970
f 1970 1928 1930
f 1877 1956 1879
f 1879 1956 1957
f 1879 1957 1881
f 1971 1972 1973
f 1973 1972 1974
f 1973 1974 1875
f 1875 1974 1975
f 1875 1975 1877
f 1877 1975 1955
f 1877 1955 1956
f 1889 1965 1891
f 1891 1965 1966
f 1891 1966 1893
f 1976 1977 1978
f 1978 1977 1979
f 1978 1979 1971
f 1971 1979 1980
f 1971 1980 1972
f 1966 1967 1893
f 1893 1967 1968
f 1893 1968 1895
f 1895 1968 1969
f 1895 1969 1897
f 1897 1969 1970
f 1897 1970 1981
f 1885 1962 1887
f 1887 1962 1963
f 1887 1963 1889
f 1889 1963 1964
f 1889 1964 1965
f 1957 1958 1881
f 1881 1958 1959
f 1881 1959 1883
f 1883 1959 1960
f 1883 1960 1885
f 1885 1960 1961
f 1885 1961 1962
f 1982 1983 1984
f 1984 1983 1985
f 1984 1985 1976
f 1976 1985 1986
f 1976 1986 1977
f 1987 1988 1989
f 1989 1988 1990
f 1989 1990 1982
f 1982 1990 1991
f 1982 1991 1983
f 1970 1992 1981
f 1981 1992 1993
f 1981 1993 1994
f 1994 1993 1995
f 1994 1995 1987
f 1987 1995 1996
f 1987 1996 1988
f 1997 1998 1999
f 1999 1998 2000
f 1999 2000 2001
f 2001 2000 2002
f 2001 2002 2003
f 2003 2002 2004
f 2003 2004 2005
f 2005 2004 2006
f 2005 2006 2007
f 2007 2006 2008
f 2007 2008 2009
f 2009 2008 2010
f 2011 2012 2013
f 2013 2012 2014
f 2013 2014 2015
f 2015 2014 2016
f 2015 2016 2017
f 2017 2016 2018
f 2017 2018 2019
f 2019 2018 2020
f 2019 2020 2021
f 2021 2020 1999
f 2021 1999 2022
f 2022 1999 2001
f 2022 2001 2023
f 2023 2001 2003
f 2023 2003 2024
f 2024 2003 2005
f 2024 2005 2025
f 2025 2005 2007
f 2025 2007 2026
f 2026 2007 2009
f 2026 2009 2027
f 2027 2009 2028
f 2027 2028 2011
f 2011 2028 2012
f 2029 2030 2031
f 2031 2030 2021
f 2031 2021 2032
f 2032 2021 2022
f 2032 2022 2033
f 2033 2022 2023
f 2033 2023 2034
f 2034 2023 2024
f 2034 2024 2035
f 2035 2024 2025
f 2035 2025 2036
f 2036 2025 2026
f 2037 2038 2039
f 2039 2038 2040
f 2039 2040 2041
f 2041 2040 2042
f 2041 2042 2043
f 2043 2042 2044
f 2043 2044 2045
f 2045 2044 2046
f 2045 2046 2047
f 2047 2046 2048
f 2047 2048 2049
f 2049 2048 2050
f 2051 2039 2052
f 2052 2039 2041
f 2052 2041 2053
f 2053 2041 2043
f 2053 2043 2054
f 2054 2043 2045
f 2054 2045 2055
f 2055 2045 2047
f 2055 2047 2056
f 2056 2047 2049
f 2056 2049 2057
f 2057 2049 2058
f 2057 2058 2059
f 2059 2058 2060
f 2059 2060 2061
f 2061 2060 2062
f 2061 2062 2063
f 2063 2062 2064
f 2063 2064 2065
f 2065 2064 2066
f 2065 2066 2067
f 2067 2066 2037
f 2067 2037 2051
f 2051 2037 2039
f 2068 2067 2069
f 2069 2067 2051
f 2069 2051 2070
f 2070 2051 2052
f 2070 2052 2071
f 2071 2052 2053
f 2071 2053 2072
f 2072 2053 2054
f 2072 2054 2073
f 2073 2054 2055
f 2073 2055 2074
f 2074 2055 2056
f 2075 2076 2077
f 2077 2076 2078
f 2077 2078 2079
f 2079 2078 2080
f 2079 2080 2081
f 2081 2080 2082
f 2081 2082 2083
f 2083 2082 2084
f 2083 2084 2085
f 2085 2084 2086
f 2085 2086 2087
f 2087 2086 2088
f 2089 2077 2090
f 2090 2077 2079
f 2090 2079 2091
f 2091 2079 2081
f 2091 2081 2092
f 2092 2081 2083
f 2092 2083 2093
f 2093 2083 2085
f 2093 2085 2094
f 2094 2085 2087
f 2094 2087 2095
f 2095 2087 2096
f 2095 2096 2097
f 2097 2096 2098
f 2097 2098 2099
f 2099 2098 2100
f 2099 2100 2101
f 2101 2100 2102
f 2101 2102 2103
f 2103 2102 2104
f 2103 2104 2105
f 2105 2104 2075
f 2105 2075 2089
f 2089 2075 2077
f 2106 2105 2107
f 2107 2105 2089
f 2107 2089 2108
f 2108 2089 2090
f 2108 2090 2109
f 2109 2090 2091
f 2109 2091 2110
f 2110 2091 2092
f 2110 2092 2111
f 2111 2092 2093
f 2111 2093 2112
f 2112 2093 2094
f 2113 2114 2115
f 2115 2114 2116
f 2115 2116 2117
f 2117 2116 2118
f 2117 2118 2119
f 2119 2118 2120
f 2119 2120 2121
f 2121 2120 2122
f 2121 2122 2123
f 2123 2122 2124
f 2123 2124 2125
f 2125 2124 2126
f 2127 2115 2128
f 2128 2115 2117
f 2128 2117 2129
f 2129 2117 2119
f 2129 2119 2130
f 2130 2119 2121
f 2130 2121 2131
f 2131 2121 2123
f 2131 2123 2132
f 2132 2123 2125
f 2132 2125 2133
f 2133 2125 2134
f 2133 2134 2135
f 2135 2134 2136
f 2135 2136 2137
f 2137 2136 2138
f 2137 2138 2139
f 2139 2138 2140
f 2139 2140 2141
f 2141 2140 2142
f 2141 2142 2143
f 2143 2142 2113
f 2143 2113 2127
f 2127 2113 2115
f 2144 2143 2145
f 2145 2143 2127
f 2145 2127 2146
f 2146 2127 2128
f 2146 2128 2147
f 2147 2128 2129
f 2147 2129 2148
f 2148 2129 2130
f 2148 2130 2149
f 2149 2130 2131
f 2149 2131 2150
f 2150 2131 2132
f 2151 2152 2153
f 2154 2155 2156
f 2153 2152 2157
f 2157 2152 2158
f 2157 2158 1951
f 1951 2158 2029
f 1951 2029 1949
f 1949 2029 2031
f 1949 2031 2032
f 1948 1949 2159
f 2159 1949 2032
f 2159 2032 2160
f 2160 2032 2033
f 2160 2033 2161
f 2161 2033 2034
f 2155 2154 2036
f 2036 2154 2162
f 2036 2162 2035
f 2035 2162 2163
f 2035 2163 2034
f 2034 2163 2164
f 2034 2164 2161
f 2156 2151 2154
f 2154 2151 2153
f 2154 2153 2165
f 2165 2153 2166
f 2165 2166 2167
f 2149 2150 2168
f 2168 2150 2169
f 2168 2169 2170
f 2169 2171 2170
f 2170 2171 2172
f 2170 2172 2173
f 2173 2172 2174
f 2173 2174 2175
f 2175 2174 2176
f 2175 2176 2177
f 2177 2176 2178
f 2178 2176 2144
f 2178 2144 2179
f 2179 2144 2145
f 2179 2145 2180
f 2181 2148 2182
f 2182 2148 2149
f 2182 2149 2166
f 2166 2149 2168
f 2166 2168 2167
f 2183 2184 2185
f 2186 2068 2187
f 2187 2068 2069
f 2183 2188 2184
f 2184 2188 2180
f 2184 2180 2189
f 2189 2180 2145
f 2189 2145 2190
f 2190 2145 2146
f 2190 2146 2181
f 2181 2146 2147
f 2181 2147 2148
f 2188 2191 2180
f 2180 2191 2192
f 2180 2192 2193
f 2193 2192 2106
f 2193 2106 2194
f 2194 2106 2107
f 2194 2107 2186
f 2072 2159 2071
f 2071 2159 2195
f 2071 2195 2070
f 2070 2195 2196
f 2070 2196 2069
f 2069 2196 2197
f 2069 2197 2187
f 2072 2073 2159
f 2159 2073 2074
f 2159 2074 1948
f 1948 2074 2198
f 1948 2198 1945
f 1945 2198 1943
f 1937 2110 1932
f 1932 2110 2111
f 1932 2111 1933
f 1933 2111 2112
f 1933 2112 2185
f 2185 2112 2199
f 2185 2199 2183
f 2107 2108 2186
f 2186 2108 2109
f 2186 2109 2068
f 2068 2109 2110
f 2068 2110 2200
f 2200 2110 1937
f 2200 1937 2201
f 2201 1937 1940
f 2201 1940 2202
f 2202 1940 1943
f 2202 1943 2203
f 2203 1943 2198
f 1712 1785 1783
f 1712 1783 1715
f 1715 1783 1781
f 1715 1781 1719
f 1719 1781 1780
f 1719 1780 1720
f 1720 1780 1778
f 1720 1778 1722
f 1722 1778 1777
f 1722 1777 1724
f 1777 1775 1724
f 1724 1775 1774
f 1724 1774 1726
f 1774 1772 1726
f 1726 1772 1771
f 1726 1771 1728
f 1771 1769 1728
f 1728 1769 1768
f 1728 1768 1730
f 1763 1732 1765
f 1765 1732 1730
f 1765 1730 1766
f 1766 1730 1768
f 1788 2204 1708
f 1788 1708 1789
f 1789 1708 1706
f 1789 1706 1791
f 1791 1706 1704
f 1791 1704 1793
f 1793 1704 1702
f 1793 1702 1795
f 1795 1702 1700
f 1795 1700 1797
f 1797 1700 1698
f 1797 1698 1799
f 1799 1698 1696
f 1799 1696 1801
f 1801 1696 1694
f 1801 1694 1803
f 1803 1694 1690
f 1803 1690 1805
f 1805 1690 1686
f 1805 1686 1807
f 1807 1686 1684
f 1807 1684 1809
f 1809 1684 1672
f 1809 1672 1753
f 2205 2206 622
f 2207 2208 2209
f 2207 2209 2210
f 2208 2211 299
f 299 2211 2212
f 299 2212 301
f 301 2212 1855
f 301 1855 303
f 303 1855 1853
f 303 1853 1851
f 299 297 2208
f 2208 297 295
f 2208 295 2206
f 2206 295 630
f 2206 630 622
f 2213 2214 1872
f 1872 2214 1840
f 1872 1840 1738
f 1738 1840 1838
f 616 1830 623
f 623 1830 1828
f 623 1828 622
f 622 1828 2215
f 622 2215 2205
f 307 305 1736
f 1736 305 303
f 1736 303 1849
f 1849 303 1851
f 1838 1836 1738
f 1738 1836 1834
f 1738 1834 1736
f 1736 1834 1832
f 1736 1832 307
f 307 1832 1830
f 307 1830 615
f 615 1830 616
f 1849 1847 1736
f 1736 1847 1845
f 1736 1845 2209
f 2209 1845 1843
f 2209 1843 2210
f 2213 1872 2206
f 2206 1872 1660
f 2206 1660 2208
f 2208 1660 1657
f 2208 1657 2209
f 285 2216 287
f 287 2216 1870
f 287 1870 289
f 1864 1734 1866
f 1866 1734 289
f 1866 289 1868
f 1868 289 1870
f 1864 1862 1734
f 1734 1862 1860
f 1734 1860 1873
f 1873 1860 1858
f 1873 1858 2217
f 281 642 2209
f 639 1736 640
f 640 1736 2209
f 640 2209 641
f 641 2209 642
f 639 638 1736
f 1736 638 293
f 1736 293 1734
f 1734 293 291
f 1734 291 289
f 2217 2218 1873
f 1873 2218 2219
f 1873 2219 1655
f 285 283 2216
f 2216 283 281
f 2216 281 2220
f 2220 281 2209
f 2220 2209 2219
f 2219 2209 1657
f 2219 1657 1655
f 2221 2222 2223
f 1642 2224 2225
f 2048 2226 2227
f 1677 1675 2228
f 1627 1625 1689
f 1721 1723 2229
f 1654 1656 1671
f 1671 1656 2230
f 1671 2230 1679
f 1679 2230 1681
f 1681 2230 1683
f 1683 2230 2231
f 1683 2231 2232
f 2232 2233 2234
f 2234 2233 2235
f 2235 2233 2236
f 2236 2233 2237
f 2236 2237 2238
f 2238 2237 2239
f 2238 2239 2240
f 2240 2239 2241
f 2240 2241 1733
f 1733 2241 2242
f 1733 2242 1731
f 1729 2243 1727
f 1727 2243 2229
f 1727 2229 1725
f 1725 2229 1723
f 1716 2244 1717
f 1717 2244 2245
f 1718 2246 1710
f 1710 2246 2247
f 1710 2247 2248
f 2249 1714 1713
f 1701 1703 2250
f 2250 1703 1705
f 2251 1695 2252
f 2252 1695 1697
f 2252 1697 2250
f 2250 1697 1699
f 2250 1699 1701
f 2253 2254 2255
f 2255 2254 2256
f 2255 2256 2251
f 2251 2256 2257
f 2251 2257 2258
f 2258 1637 2251
f 2251 1637 1693
f 2251 1693 1695
f 1637 1635 1693
f 1693 1635 1633
f 1693 1633 1688
f 1688 1633 1631
f 1688 1631 1689
f 1689 1631 1629
f 1689 1629 1627
f 2259 1691 2260
f 2260 1691 1689
f 2260 1689 2255
f 2255 1689 1625
f 2255 1625 2253
f 1685 1687 2259
f 2259 1687 1692
f 2259 1692 1691
f 2228 1675 2259
f 2259 1675 1673
f 2259 1673 1685
f 1661 1662 2228
f 2228 1662 1668
f 2228 1668 1677
f 2261 2010 2225
f 2225 2010 2008
f 2225 2008 2006
f 1998 2262 2263
f 1998 2264 2262
f 2262 2264 2265
f 2262 2265 2266
f 2266 2265 2267
f 2266 2267 2268
f 2006 2004 2269
f 2269 2004 2270
f 2270 2004 2002
f 2270 2002 2263
f 2263 2002 2000
f 2263 2000 1998
f 2048 2227 2050
f 2271 2272 2273
f 2050 2274 2275
f 2275 2274 2272
f 2275 2272 2276
f 2276 2272 2271
f 2048 2046 2226
f 2226 2046 2044
f 2226 2044 2277
f 2044 2042 2277
f 2277 2042 2040
f 2277 2040 2278
f 2278 2040 2038
f 2278 2038 2279
f 2279 2038 2280
f 2279 2280 2273
f 2273 2280 2281
f 2273 2281 2271
f 2282 2088 2283
f 2283 2088 2284
f 2285 2286 2287
f 2076 2288 2287
f 2287 2288 2289
f 2287 2289 2285
f 2285 2289 2290
f 2285 2290 2291
f 2088 2086 2284
f 2284 2086 2084
f 2284 2084 2292
f 2076 2287 2078
f 2078 2287 2293
f 2078 2293 2080
f 2080 2293 2294
f 2080 2294 2082
f 2295 2126 2266
f 2266 2126 2124
f 2266 2124 2296
f 2114 2297 2116
f 2116 2297 2298
f 2299 2300 2301
f 2301 2300 2302
f 2301 2302 2303
f 2303 2302 2304
f 2303 2304 2114
f 2124 2122 2296
f 2296 2122 2120
f 2296 2120 2298
f 2298 2120 2118
f 2298 2118 2116
f 2305 2283 2306
f 2306 2283 2284
f 2306 2284 2307
f 2307 2284 2292
f 2308 2270 2309
f 2309 2270 2263
f 2309 2263 2310
f 2310 2263 2262
f 2310 2262 2311
f 2311 2262 2266
f 2311 2266 2312
f 2312 2266 2296
f 2312 2296 2313
f 2313 2296 2298
f 2313 2298 2314
f 2314 2298 2297
f 2314 2297 2305
f 2305 2297 2285
f 2305 2285 2283
f 2283 2285 2291
f 2283 2291 2282
f 2315 2316 2317
f 2315 2317 2318
f 2319 2320 2247
f 2321 1570 1568
f 1570 2321 1572
f 1572 2321 2248
f 1572 2248 1574
f 2320 2322 2247
f 2247 2322 2323
f 2247 2323 2248
f 2248 2323 1576
f 2248 1576 1574
f 1718 1717 2246
f 2246 1717 2245
f 2246 2245 2247
f 2247 2245 2317
f 2247 2317 2319
f 2319 2317 2316
f 2006 2269 2225
f 2225 2269 2324
f 2225 2324 2321
f 2321 2324 2325
f 2321 2325 2248
f 2248 2325 1711
f 2248 1711 1710
f 2321 2326 1650
f 2327 2328 2317
f 2317 2328 2329
f 2225 2224 2261
f 2261 2224 2330
f 2261 2330 2331
f 1568 2318 2321
f 2321 2318 2317
f 2321 2317 2326
f 2326 2317 2329
f 1650 1648 2321
f 2321 1648 1646
f 2321 1646 2225
f 2225 1646 1644
f 2225 1644 1642
f 1716 1721 2244
f 2244 1721 2222
f 2244 2222 2245
f 2245 2222 2221
f 2245 2221 2317
f 2317 2221 2261
f 2317 2261 2327
f 2327 2261 2331
f 2050 2227 2274
f 2274 2227 2332
f 2274 2332 2333
f 2333 2332 2334
f 2333 2334 2335
f 2336 2279 2337
f 2337 2279 2273
f 2337 2273 2338
f 2338 2273 2272
f 2338 2272 2308
f 2308 2272 2274
f 2308 2274 2270
f 2270 2274 2333
f 2270 2333 2269
f 2269 2333 2335
f 2269 2335 2324
f 2324 2335 2249
f 2324 2249 2325
f 2325 2249 1713
f 2325 1713 1711
f 2299 2339 2300
f 2300 2339 2295
f 2300 2295 2223
f 2223 2295 2266
f 2223 2266 2221
f 2221 2266 2268
f 2221 2268 2261
f 2261 2268 2340
f 2261 2340 2010
f 2341 1622 2241
f 1622 2342 2241
f 2241 2342 2243
f 2241 2243 2242
f 2242 2243 1729
f 2242 1729 1731
f 2343 2344 2239
f 2239 2344 2345
f 2239 2345 2241
f 2241 2345 2346
f 2241 2346 2341
f 1622 1620 2342
f 2342 1620 1618
f 2342 1618 2347
f 2347 1618 1616
f 1616 1614 2347
f 2347 1614 1612
f 2347 1612 1610
f 2337 2307 2336
f 2336 2307 2292
f 2336 2292 2279
f 2279 2292 2348
f 2279 2348 2278
f 2278 2348 2349
f 2232 2231 2233
f 2233 2231 2350
f 2233 2350 2237
f 2237 2350 2347
f 2237 2347 2239
f 2239 2347 1610
f 2239 1610 2343
f 2084 2082 2292
f 2292 2082 2294
f 2292 2294 2348
f 2348 2294 2351
f 2348 2351 2349
f 2349 2351 2352
f 2114 2304 2297
f 2297 2304 2353
f 2297 2353 2285
f 2285 2353 2354
f 2285 2354 2286
f 1659 1661 1597
f 1597 1595 1659
f 1659 1595 2355
f 1659 2355 2356
f 2357 2358 2352
f 2352 2358 2359
f 2352 2359 1607
f 1714 2249 1709
f 1709 2249 2335
f 1709 2335 1707
f 1707 2335 2334
f 1707 2334 1705
f 1705 2334 2332
f 1705 2332 2250
f 2250 2332 2227
f 2250 2227 2252
f 2252 2227 2226
f 2252 2226 2251
f 2251 2226 2277
f 2251 2277 2255
f 2255 2277 2278
f 2255 2278 2260
f 2260 2278 2349
f 2260 2349 2259
f 2259 2349 2352
f 2259 2352 2228
f 2228 2352 1607
f 2228 1607 1605
f 1605 1603 2228
f 2228 1603 1601
f 2228 1601 1661
f 1661 1601 1599
f 1661 1599 1597
f 1667 1580 1656
f 1656 1580 2360
f 1586 1584 1667
f 1667 1584 1582
f 1667 1582 1580
f 1592 1590 2354
f 2354 1590 1588
f 1588 1586 2354
f 2354 1586 1667
f 2354 1667 2286
f 2286 1667 1666
f 2286 1666 2287
f 2287 1666 1665
f 2287 1665 2293
f 2293 1665 1664
f 2293 1664 2294
f 2294 1664 1663
f 2294 1663 2351
f 2351 1663 1658
f 2351 1658 2352
f 2352 1658 1659
f 2352 1659 2357
f 2357 1659 2356
f 2360 2361 1656
f 1656 2361 2362
f 1656 2362 2230
f 2230 2362 2363
f 2230 2363 2364
f 1721 2229 2222
f 2222 2229 2243
f 2222 2243 2223
f 2223 2243 2342
f 2223 2342 2300
f 2300 2342 2347
f 2300 2347 2302
f 2302 2347 2350
f 2302 2350 2304
f 2304 2350 2231
f 2304 2231 2353
f 2353 2231 2230
f 2353 2230 2354
f 2354 2230 2364
f 2354 2364 1592
f 2365 2366 2367
f 2367 2366 1782
f 2367 1782 2368
f 2368 1782 1784
f 2368 1784 2369
f 2369 1784 2370
f 2369 2370 1577
f 1577 2370 1575
f 2371 1773 2372
f 2372 1773 1776
f 2372 1776 2373
f 2373 1776 1779
f 2373 1779 2374
f 2374 1779 1782
f 2374 1782 2375
f 2375 1782 2366
f 1907 1905 1794
f 1575 2370 1573
f 1573 2370 1790
f 1573 1790 1571
f 1571 1790 1792
f 1571 1792 1569
f 2365 2376 2366
f 2366 2376 1565
f 2366 1565 1901
f 1901 1565 1567
f 1901 1567 1903
f 1903 1567 1569
f 1903 1569 1905
f 1905 1569 1792
f 1905 1792 1794
f 2377 1746 2378
f 2378 1746 1744
f 2378 1744 2379
f 2379 1744 1758
f 2379 1758 2380
f 2380 1758 1757
f 2380 1757 2381
f 2381 1757 1761
f 2381 1761 2382
f 2382 1761 1764
f 2382 1764 2383
f 2383 1764 1767
f 2383 1767 2371
f 2371 1767 1770
f 2371 1770 1773
f 2384 1735 2385
f 2385 1735 1739
f 2385 1739 2377
f 2377 1739 1748
f 2377 1748 1746
f 2384 2386 1735
f 1735 2386 1931
f 1735 1931 1737
f 1923 1750 1925
f 1925 1750 1742
f 1925 1742 1927
f 1927 1742 1737
f 1927 1737 1929
f 1929 1737 1931
f 1794 1796 1907
f 1907 1796 1798
f 1907 1798 1909
f 1909 1798 1800
f 1909 1800 1911
f 1911 1800 1802
f 1911 1802 1913
f 1913 1802 1804
f 1913 1804 1915
f 1915 1804 1806
f 1915 1806 1917
f 1917 1806 1808
f 1917 1808 1919
f 1919 1808 1810
f 1919 1810 1921
f 1921 1810 1754
f 1921 1754 1923
f 1923 1754 1752
f 1923 1752 1750
f 1934 2306 1935
f 1935 2306 2307
f 1935 2307 1936
f 1936 2307 1938
f 1938 2307 2337
f 1938 2337 1939
f 1939 2337 1941
f 1941 2337 2338
f 1941 2338 1942
f 1942 2338 1944
f 1944 2338 2308
f 1944 2308 1946
f 1946 2308 1947
f 1947 2308 2309
f 1947 2309 1953
f 1953 2309 1952
f 1952 2309 2310
f 1952 2310 1950
f 2162 1874 2163
f 2163 1874 1876
f 2163 1876 2164
f 2164 1876 1878
f 2164 1878 2161
f 2161 1878 1880
f 2161 1880 2160
f 2160 1880 1882
f 2160 1882 2159
f 2159 1882 1884
f 1896 2193 1894
f 1894 2193 2194
f 1894 2194 1892
f 1892 2194 2186
f 1892 2186 1890
f 1890 2186 2187
f 1890 2187 1888
f 1888 2187 2197
f 1888 2197 1886
f 1886 2197 2196
f 1886 2196 1884
f 1884 2196 2195
f 1884 2195 2159
f 2193 1896 2180
f 2180 1896 2387
f 2388 2162 2389
f 2389 2162 2154
f 2389 2154 2390
f 2390 2154 2165
f 2390 2165 2391
f 2391 2165 2167
f 2391 2167 2392
f 2392 2167 2168
f 2392 2168 2393
f 2393 2168 2170
f 2393 2170 2394
f 2394 2170 2173
f 2394 2173 2395
f 2395 2173 2175
f 2395 2175 2396
f 2396 2175 2177
f 2396 2177 2397
f 2397 2177 2178
f 2397 2178 2387
f 2387 2178 2179
f 2387 2179 2180
f 1950 2310 2398
f 2398 2310 2311
f 2398 2311 2399
f 2399 2311 2400
f 2400 2311 2312
f 2400 2312 2401
f 2401 2312 2402
f 2402 2312 2313
f 2402 2313 2403
f 2403 2313 2404
f 2404 2313 2314
f 2404 2314 2405
f 2405 2314 2406
f 2406 2314 2305
f 2406 2305 2407
f 2407 2305 2408
f 2408 2305 2306
f 2408 2306 1934
f 1732 1763 1762
f 1732 1762 2409
f 1762 1760 2409
f 2409 1760 1759
f 2409 1759 2410
f 1759 1756 2410
f 2410 1756 1755
f 2410 1755 2411
f 2411 1755 1743
f 2411 1743 1682
f 2150 2132 2169
f 2169 2132 2133
f 2169 2133 2171
f 2171 2133 2135
f 2171 2135 2172
f 2172 2135 2137
f 2172 2137 2174
f 2174 2137 2139
f 2174 2139 2176
f 2176 2139 2141
f 2176 2141 2144
f 2144 2141 2143
f 2125 2126 2134
f 2134 2126 2295
f 2134 2295 2136
f 2136 2295 2339
f 2136 2339 2138
f 2138 2339 2299
f 2138 2299 2140
f 2140 2299 2301
f 2140 2301 2142
f 2142 2301 2303
f 2142 2303 2113
f 2113 2303 2114
f 2112 2094 2199
f 2199 2094 2095
f 2199 2095 2183
f 2183 2095 2097
f 2183 2097 2188
f 2188 2097 2099
f 2188 2099 2191
f 2191 2099 2101
f 2191 2101 2192
f 2192 2101 2103
f 2192 2103 2106
f 2106 2103 2105
f 2087 2088 2096
f 2096 2088 2282
f 2096 2282 2098
f 2098 2282 2291
f 2098 2291 2100
f 2100 2291 2290
f 2100 2290 2102
f 2102 2290 2289
f 2102 2289 2104
f 2104 2289 2288
f 2104 2288 2075
f 2075 2288 2076
f 2074 2056 2198
f 2198 2056 2057
f 2198 2057 2203
f 2203 2057 2059
f 2203 2059 2202
f 2202 2059 2061
f 2202 2061 2201
f 2201 2061 2063
f 2201 2063 2200
f 2200 2063 2065
f 2200 2065 2068
f 2068 2065 2067
f 2049 2050 2058
f 2058 2050 2275
f 2058 2275 2060
f 2060 2275 2276
f 2060 2276 2062
f 2062 2276 2271
f 2062 2271 2064
f 2064 2271 2281
f 2064 2281 2066
f 2066 2281 2280
f 2066 2280 2037
f 2037 2280 2038
f 2036 2026 2155
f 2155 2026 2027
f 2155 2027 2156
f 2156 2027 2011
f 2156 2011 2151
f 2151 2011 2013
f 2151 2013 2152
f 2152 2013 2015
f 2152 2015 2158
f 2158 2015 2017
f 2158 2017 2029
f 2029 2017 2019
f 2009 2010 2028
f 2028 2010 2340
f 2028 2340 2012
f 2012 2340 2268
f 2012 2268 2014
f 2014 2268 2267
f 2014 2267 2016
f 2016 2267 2265
f 2016 2265 2018
f 2018 2265 2264
f 2018 2264 2020
f 2020 2264 1998
f 1970 1930 1992
f 1992 1930 2412
f 1992 2412 1993
f 1993 2412 2413
f 1993 2413 1995
f 1995 2413 2414
f 1995 2414 1996
f 1996 2414 2415
f 1996 2415 1988
f 1988 2415 2416
f 1988 2416 1990
f 1990 2416 2417
f 1990 2417 1991
f 1991 2417 2418
f 1991 2418 1983
f 1983 2418 2419
f 1983 2419 1985
f 1985 2419 2420
f 1985 2420 1986
f 1986 2420 2421
f 1986 2421 1977
f 1977 2421 2422
f 1977 2422 1979
f 1979 2422 2423
f 1979 2423 1980
f 1980 2423 2424
f 1980 2424 1972
f 1972 2424 2425
f 1972 2425 1974
f 1974 2425 2426
f 1974 2426 1975
f 1975 2426 2427
f 2157 1951 1950
f 1950 2398 2157
f 2157 2398 2399
f 2157 2399 2153
f 2153 2399 2400
f 2153 2400 2166
f 2166 2400 2182
f 2182 2400 2401
f 2182 2401 2181
f 2401 2402 2181
f 2181 2402 2403
f 2181 2403 2190
f 2190 2403 2404
f 2190 2404 2189
f 2404 2405 2189
f 2189 2405 2406
f 2189 2406 2184
f 2184 2406 2185
f 1934 1933 2408
f 2408 1933 2185
f 2408 2185 2407
f 2407 2185 2406
f 1930 1931 2412
f 2412 1931 2386
f 2412 2386 2413
f 2413 2386 2384
f 2413 2384 2414
f 2414 2384 2385
f 2414 2385 2415
f 2415 2385 2377
f 2415 2377 2416
f 2416 2377 2378
f 2416 2378 2417
f 2417 2378 2379
f 2417 2379 2418
f 2418 2379 2380
f 2418 2380 2419
f 2419 2380 2381
f 2419 2381 2420
f 2420 2381 2382
f 2420 2382 2421
f 2421 2382 2383
f 2421 2383 2422
f 2422 2383 2371
f 2422 2371 2423
f 2423 2371 2372
f 2423 2372 2424
f 2424 2372 2373
f 2424 2373 2425
f 2425 2373 2374
f 2425 2374 2426
f 2426 2374 2375
f 2426 2375 1898
f 1898 2375 1899
f 1896 1897 2387
f 2387 1897 1981
f 2387 1981 2397
f 2397 1981 1994
f 2397 1994 2396
f 2396 1994 1987
f 2396 1987 2395
f 2395 1987 1989
f 2395 1989 2394
f 2394 1989 1982
f 2394 1982 2393
f 2393 1982 1984
f 2393 1984 2392
f 2392 1984 1976
f 2392 1976 2391
f 2391 1976 1978
f 2391 1978 2390
f 2390 1978 1971
f 2390 1971 2389
f 2389 1971 1973
f 2389 1973 2388
f 2388 1973 2428
f 1871 2429 2430
f 2431 2429 1871
f 1869 2431 1871
f 1871 2432 1857
f 2433 2432 1871
f 2430 2433 1871
f 1869 1870 2431
f 2431 1870 2216
f 2431 2216 2429
f 2429 2216 2220
f 2429 2220 2430
f 2430 2220 2219
f 2430 2219 2433
f 2433 2219 2218
f 2433 2218 2432
f 2432 2218 2217
f 2432 2217 1857
f 1857 2217 1858
f 1856 2434 2435
f 2436 2434 1856
f 1854 2436 1856
f 1856 2437 1842
f 2438 2437 1856
f 2435 2438 1856
f 1854 1855 2436
f 2436 1855 2212
f 2436 2212 2434
f 2434 2212 2211
f 2434 2211 2435
f 2435 2211 2208
f 2435 2208 2438
f 2438 2208 2207
f 2438 2207 2437
f 2437 2207 2210
f 2437 2210 1842
f 1842 2210 1843
f 1841 2439 2440
f 2441 2439 1841
f 1839 2441 1841
f 1841 2442 1827
f 2443 2442 1841
f 2440 2443 1841
f 1839 1840 2441
f 2441 1840 2214
f 2441 2214 2439
f 2439 2214 2213
f 2439 2213 2440
f 2440 2213 2206
f 2440 2206 2443
f 2443 2206 2205
f 2443 2205 2442
f 2442 2205 2215
f 2442 2215 1827
f 1827 2215 1828
f 1826 2444 2445
f 2446 2444 1826
f 1825 2446 1826
f 1826 2447 1819
f 2448 2447 1826
f 2445 2448 1826
f 1825 640 2446
f 2446 640 641
f 2446 641 2444
f 2444 641 642
f 2444 642 2445
f 2445 642 281
f 2445 281 2448
f 2448 281 283
f 2448 283 2447
f 2447 283 285
f 2447 285 1819
f 1819 285 287
f 1818 2449 2450
f 2451 2449 1818
f 1817 2451 1818
f 1818 2452 1811
f 2453 2452 1818
f 2450 2453 1818
f 1817 623 2451
f 2451 623 622
f 2451 622 2449
f 2449 622 630
f 2449 630 2450
f 2450 630 295
f 2450 295 2453
f 2453 295 297
f 2453 297 2452
f 2452 297 299
f 2452 299 1811
f 1811 299 301
f 2240 1733 1732
f 2240 1732 2238
f 2238 1732 2409
f 2238 2409 2236
f 2236 2409 2235
f 2235 2409 2410
f 2235 2410 2234
f 2234 2410 2411
f 2234 2411 2232
f 2232 2411 1682
f 2232 1682 1683
f 1653 2454 2455
f 2456 2454 1653
f 1651 2456 1653
f 1653 2457 1639
f 2458 2457 1653
f 2455 2458 1653
f 1651 1652 2456
f 2456 1652 2329
f 2456 2329 2454
f 2454 2329 2328
f 2454 2328 2455
f 2455 2328 2327
f 2455 2327 2458
f 2458 2327 2331
f 2458 2331 2457
f 2457 2331 2330
f 2457 2330 1639
f 1639 2330 1640
f 1638 2459 2460
f 2461 2459 1638
f 1636 2461 1638
f 1638 2462 1624
f 2463 2462 1638
f 2460 2463 1638
f 1636 1637 2461
f 2461 1637 2258
f 2461 2258 2459
f 2459 2258 2257
f 2459 2257 2460
f 2460 2257 2256
f 2460 2256 2463
f 2463 2256 2254
f 2463 2254 2462
f 2462 2254 2253
f 2462 2253 1624
f 1624 2253 1625
f 1623 2464 2465
f 2466 2464 1623
f 1621 2466 1623
f 1623 2467 1609
f 2468 2467 1623
f 2465 2468 1623
f 1621 1622 2466
f 2466 1622 2341
f 2466 2341 2464
f 2464 2341 2346
f 2464 2346 2465
f 2465 2346 2345
f 2465 2345 2468
f 2468 2345 2344
f 2468 2344 2467
f 2467 2344 2343
f 2467 2343 1609
f 1609 2343 1610
f 1608 2469 2470
f 2471 2469 1608
f 1606 2471 1608
f 1608 2472 1594
f 2473 2472 1608
f 2470 2473 1608
f 1606 1607 2471
f 2471 1607 2359
f 2471 2359 2469
f 2469 2359 2358
f 2469 2358 2470
f 2470 2358 2357
f 2470 2357 2473
f 2473 2357 2356
f 2473 2356 2472
f 2472 2356 2355
f 2472 2355 1594
f 1594 2355 1595
f 1593 2474 2475
f 2476 2474 1593
f 1591 2476 1593
f 1593 2477 1579
f 2478 2477 1593
f 2475 2478 1593
f 1591 1592 2476
f 2476 1592 2364
f 2476 2364 2474
f 2474 2364 2363
f 2474 2363 2475
f 2475 2363 2362
f 2475 2362 2478
f 2478 2362 2361
f 2478 2361 2477
f 2477 2361 2360
f 2477 2360 1579
f 1579 2360 1580
f 1577 1578 2369
f 2369 1578 2322
f 2369 2322 2368
f 2368 2322 2320
f 2368 2320 2367
f 2367 2320 2319
f 2367 2319 2365
f 2365 2319 2316
f 2365 2316 2376
f 2376 2316 2315
f 2376 2315 1565
f 1565 2315 1566
f 2479 2480 2481
f 2481 2480 2482
f 2481 2482 2483
f 2483 2482 2484
f 2483 2484 2485
f 2485 2484 2486
f 2485 2486 2487
f 2487 2486 2488
f 2487 2488 2489
f 2489 2488 2490
f 2489 2490 2491
f 2491 2490 2492
f 2493 2483 2485
f 2481 2483 2493
f 2479 2481 2493
f 2493 2489 2491
f 2487 2489 2493
f 2485 2487 2493
f 2494 2495 2496
f 2496 2495 2497
f 2496 2497 2498
f 2498 2497 2499
f 2498 2499 2500
f 2500 2499 2501
f 2500 2501 2502
f 2502 2501 2503
f 2502 2503 2504
f 2504 2503 2505
f 2504 2505 2506
f 2506 2505 2507
f 2508 2498 2500
f 2496 2498 2508
f 2494 2496 2508
f 2508 2504 2506
f 2502 2504 2508
f 2500 2502 2508
f 2509 2510 2511
f 2511 2510 2512
f 2511 2512 2513
f 2513 2512 2514
f 2513 2514 2515
f 2515 2514 2516
f 2515 2516 2517
f 2517 2516 2518
f 2517 2518 2519
f 2519 2518 2520
f 2519 2520 2521
f 2521 2520 2522
f 2523 2513 2515
f 2511 2513 2523
f 2509 2511 2523
f 2523 2519 2521
f 2517 2519 2523
f 2515 2517 2523
f 2524 2525 2526
f 2526 2525 2527
f 2526 2527 2528
f 2528 2527 2529
f 2528 2529 2530
f 2530 2529 2531
f 2530 2531 2532
f 2532 2531 2533
f 2532 2533 2534
f 2534 2533 2535
f 2534 2535 2536
f 2536 2535 2537
f 2538 2528 2530
f 2526 2528 2538
f 2524 2526 2538
f 2538 2534 2536
f 2532 2534 2538
f 2530 2532 2538
f 2539 2540 2541
f 2541 2540 2542
f 2541 2542 2543
f 2543 2542 2544
f 2543 2544 2545
f 2545 2544 2546
f 2545 2546 2547
f 2547 2546 2548
f 2547 2548 2549
f 2549 2548 2550
f 2549 2550 2551
f 2551 2550 2552
f 2553 2543 2545
f 2541 2543 2553
f 2539 2541 2553
f 2553 2549 2551
f 2547 2549 2553
f 2545 2547 2553
f 2554 2555 2556
f 2555 2557 2558
f 2557 2559 2560
f 2557 2560 2558
f 2558 2560 2561
f 2558 2561 2562
f 2562 2561 2563
f 2562 2563 2564
f 2564 2563 2565
f 2564 2565 2566
f 2566 2565 2567
f 2566 2567 2568
f 2568 2567 2569
f 2568 2569 2570
f 2570 2569 2571
f 2570 2571 2572
f 2572 2571 2573
f 2572 2573 2574
f 2574 2573 2575
f 2574 2575 2576
f 2576 2575 2577
f 2576 2577 2578
f 2578 2577 2579
f 2578 2579 2580
f 2580 2579 2581
f 2580 2581 2582
f 2582 2581 2583
f 2582 2583 2584
f 2584 2583 2585
f 2584 2585 2586
f 2555 2558 2556
f 2556 2558 2562
f 2556 2562 2587
f 2587 2562 2564
f 2587 2564 2588
f 2588 2564 2566
f 2588 2566 2589
f 2589 2566 2568
f 2589 2568 2590
f 2590 2568 2570
f 2590 2570 2591
f 2591 2570 2572
f 2591 2572 2592
f 2592 2572 2574
f 2592 2574 2593
f 2593 2574 2576
f 2593 2576 2594
f 2594 2576 2578
f 2594 2578 2595
f 2595 2578 2580
f 2595 2580 2596
f 2596 2580 2582
f 2596 2582 2597
f 2597 2582 2584
f 2597 2584 2598
f 2598 2584 2586
f 2598 2586 2599
f 2554 2556 2600
f 2600 2556 2587
f 2600 2587 2601
f 2601 2587 2588
f 2601 2588 2602
f 2602 2588 2589
f 2602 2589 2603
f 2603 2589 2590
f 2603 2590 2604
f 2604 2590 2591
f 2604 2591 2605
f 2605 2591 2592
f 2605 2592 2606
f 2606 2592 2593
f 2606 2593 2607
f 2607 2593 2594
f 2607 2594 2608
f 2608 2594 2595
f 2608 2595 2609
f 2609 2595 2596
f 2609 2596 2610
f 2610 2596 2597
f 2610 2597 2611
f 2611 2597 2598
f 2611 2598 2612
f 2612 2598 2599
f 2612 2599 2613
f 2614 2615 2616
f 2616 2615 2617
f 2616 2617 2618
f 2618 2617 2619
f 2618 2619 2620
f 2620 2619 2621
f 2622 2623 2624
f 2624 2623 2625
f 2624 2625 2626
f 2626 2625 2627
f 2626 2627 2628
f 2628 2627 2629
f 2630 2631 2632
f 2632 2631 2633
f 2632 2633 2634
f 2634 2633 2635
f 2634 2635 2636
f 2636 2635 2637
f 2638 2639 2640
f 2640 2639 2641
f 2640 2641 2642
f 2642 2641 2643
f 2642 2643 2644
f 2644 2643 2645
f 2620 2621 2646
f 2646 2621 2639
f 2646 2639 2647
f 2647 2639 2638
f 2629 2615 2628
f 2628 2615 2614
f 2636 2637 2648
f 2648 2637 2623
f 2648 2623 2649
f 2649 2623 2622
f 2645 2631 2644
f 2644 2631 2630
f 2650 2651 2652
f 2652 2651 2653
f 2654 2655 2656
f 2656 2655 2651
f 2656 2651 2650
f 2652 2653 2657
f 2657 2653 2658
f 2657 2658 2659
f 2659 2658 2660
f 2659 2660 2661
f 2661 2660 2662
f 2655 2654 2663
f 2663 2654 2664
f 2665 2666 2667
f 2665 2667 2668
f 2668 2667 2669
f 2668 2669 2670
f 2670 2669 2671
f 2670 2671 2672
f 2672 2671 2673
f 2672 2673 2674
f 2674 2673 2675
f 2674 2675 2676
f 2676 2675 2677
f 2676 2677 2678
f 2678 2677 2679
f 2678 2679 2680
f 2680 2679 2681
f 2680 2681 2682
f 2682 2681 2683
f 2682 2683 2684
f 2684 2683 2685
f 2684 2685 2686
f 2686 2685 2687
f 2686 2687 2688
f 2688 2687 2661
f 2688 2661 2662
f 2689 2690 2691
f 2691 2690 2692
f 2691 2692 2693
f 2693 2692 2694
f 2693 2694 2664
f 2664 2694 2663
f 2690 2689 2695
f 2696 2697 2695
f 2695 2697 2698
f 2695 2698 2690
f 2696 2699 2697
f 2697 2699 2700
f 2697 2700 2701
f 2700 2702 2701
f 2701 2702 2703
f 2701 2703 2704
f 2703 2705 2704
f 2704 2705 2706
f 2704 2706 2707
f 2706 2708 2707
f 2707 2708 2709
f 2707 2709 2710
f 2709 2711 2710
f 2710 2711 2712
f 2710 2712 2713
f 2712 2714 2713
f 2713 2714 2715
f 2713 2715 2716
f 2715 2717 2716
f 2716 2717 2718
f 2716 2718 2719
f 2718 2720 2719
f 2719 2720 2721
f 2719 2721 2722
f 2722 2721 2723
f 2722 2723 2724
f 2724 2723 2725
f 2724 2725 2665
f 2726 2727 2728
f 2728 2727 2729
f 2728 2729 2730
f 2731 2732 2733
f 2734 2735 2736
f 2736 2735 2737
f 2726 2738 2727
f 2727 2738 2739
f 2727 2739 2740
f 2737 2741 2736
f 2736 2741 2742
f 2736 2742 2733
f 2733 2742 2743
f 2733 2743 2731
f 2740 2744 2727
f 2727 2744 2745
f 2727 2745 2736
f 2736 2745 2746
f 2736 2746 2734
f 2747 2748 2749
f 2749 2748 2750
f 2749 2750 2751
f 2751 2750 2752
f 2751 2752 2729
f 2729 2752 2730
f 2753 2754 2755
f 2755 2754 2733
f 2755 2733 2732
f 2756 2757 2758
f 2758 2757 2748
f 2758 2748 2747
f 2759 2760 2761
f 2761 2760 2762
f 2761 2762 2756
f 2756 2762 2763
f 2756 2763 2757
f 2764 2765 2759
f 2759 2765 2766
f 2759 2766 2760
f 2759 2767 2764
f 2764 2767 2768
f 2764 2768 2769
f 2769 2768 2770
f 2769 2770 2771
f 2771 2770 2772
f 2771 2772 2773
f 2773 2772 2774
f 2773 2774 2775
f 2775 2774 2776
f 2775 2776 2777
f 2777 2776 2778
f 2777 2778 2779
f 2779 2778 2780
f 2779 2780 2781
f 2754 2753 2782
f 2782 2753 2783
f 2782 2783 2784
f 2784 2783 2785
f 2784 2785 2786
f 2786 2785 2787
f 2781 2780 2788
f 2781 2788 2789
f 2789 2788 2790
f 2789 2790 2791
f 2791 2790 2792
f 2791 2792 2793
f 2793 2792 2794
f 2793 2794 2795
f 2795 2794 2796
f 2796 2794 2797
f 2796 2797 2798
f 2798 2797 2799
f 2798 2799 2800
f 2800 2799 2801
f 2800 2801 2802
f 2802 2801 2803
f 2803 2801 2804
f 2803 2804 2805
f 2805 2804 2806
f 2805 2806 2807
f 2808 2809 2810
f 2810 2811 2808
f 2808 2811 2812
f 2808 2812 2813
f 2812 2814 2813
f 2813 2814 2815
f 2813 2815 2816
f 2815 2817 2816
f 2816 2817 2818
f 2816 2818 2819
f 2819 2818 2820
f 2819 2820 2821
f 2820 2822 2821
f 2821 2822 2823
f 2821 2823 2824
f 2823 2825 2824
f 2824 2825 2826
f 2824 2826 2827
f 2828 2829 2830
f 2830 2829 2827
f 2830 2827 2831
f 2831 2827 2826
f 2832 604 2833
f 2833 604 605
f 2833 605 2834
f 2834 605 606
f 2834 606 2835
f 2835 606 267
f 2835 267 2836
f 2836 267 269
f 2836 269 2837
f 2837 269 271
f 2837 271 2838
f 2838 271 273
f 2839 2834 2835
f 2833 2834 2839
f 2832 2833 2839
f 2839 2837 2838
f 2836 2837 2839
f 2835 2836 2839
f 2840 589 2841
f 2841 589 588
f 2841 588 2842
f 2842 588 587
f 2842 587 2843
f 2843 587 253
f 2843 253 2844
f 2844 253 255
f 2844 255 2845
f 2845 255 257
f 2845 257 2846
f 2846 257 259
f 2847 2842 2843
f 2841 2842 2847
f 2840 2841 2847
f 2847 2845 2846
f 2844 2845 2847
f 2843 2844 2847
f 2848 2849 2850
f 2850 2849 2851
f 2850 2851 2852
f 2852 2851 2853
f 2852 2853 2854
f 2854 2853 2855
f 2854 2855 2856
f 2856 2855 2857
f 2856 2857 2858
f 2858 2857 2859
f 2858 2859 2860
f 2860 2859 2861
f 2862 2852 2854
f 2850 2852 2862
f 2848 2850 2862
f 2862 2858 2860
f 2856 2858 2862
f 2854 2856 2862
f 2863 2864 2865
f 2865 2864 2866
f 2865 2866 2867
f 2867 2866 2868
f 2867 2868 2869
f 2869 2868 2870
f 2869 2870 2871
f 2871 2870 2872
f 2871 2872 2873
f 2873 2872 2874
f 2873 2874 2875
f 2875 2874 2876
f 2877 2867 2869
f 2865 2867 2877
f 2863 2865 2877
f 2877 2873 2875
f 2871 2873 2877
f 2869 2871 2877
f 2878 2879 2880
f 2880 2879 2881
f 2880 2881 2882
f 2882 2881 2883
f 2882 2883 2884
f 2884 2883 2885
f 2884 2885 2886
f 2886 2885 2887
f 2886 2887 2888
f 2888 2887 2889
f 2888 2889 2890
f 2890 2889 2891
f 2892 2882 2884
f 2880 2882 2892
f 2878 2880 2892
f 2892 2888 2890
f 2886 2888 2892
f 2884 2886 2892
f 2786 2689 2784
f 2784 2689 2691
f 2784 2691 2782
f 2782 2691 2693
f 2782 2693 2754
f 2754 2693 2664
f 2661 2747 2659
f 2659 2747 2749
f 2659 2749 2657
f 2657 2749 2751
f 2657 2751 2652
f 2652 2751 2729
f 2650 2652 2893
f 2893 2652 2729
f 2893 2729 2727
f 2733 2754 2894
f 2894 2754 2664
f 2894 2664 2654
f 2895 2896 2897
f 2897 2896 2898
f 2897 2898 2899
f 2895 2897 2900
f 2900 2897 2901
f 2900 2901 2902
f 2900 2902 2903
f 2903 2902 2904
f 2903 2904 2905
f 2895 2900 2906
f 2906 2900 2907
f 2905 2904 2908
f 2908 2904 2909
f 2910 2906 2907
f 2911 2908 2912
f 2912 2908 2909
f 2912 2909 2913
f 2905 2908 2914
f 2914 2908 2915
f 2910 2907 2916
f 2910 2916 2917
f 2917 2916 2914
f 2917 2914 2918
f 2910 2919 2906
f 2906 2919 2920
f 2906 2920 2921
f 2915 2918 2914
f 2919 2922 2920
f 2920 2922 2923
f 2920 2923 2921
f 2924 2918 2925
f 2925 2918 2915
f 2925 2915 2926
f 2919 2910 2927
f 2927 2910 2928
f 2927 2928 2924
f 2924 2928 2918
f 2895 2906 2896
f 2896 2906 2921
f 2911 2926 2908
f 2908 2926 2915
f 2907 2900 2929
f 2907 2929 2930
f 2930 2929 2905
f 2930 2905 2914
f 2931 2932 2933
f 2933 2932 2934
f 2933 2934 2935
f 2935 2934 2936
f 2935 2936 2937
f 2937 2936 2938
f 2937 2938 2939
f 2939 2938 2940
f 2939 2940 2941
f 2941 2940 2942
f 2941 2942 2943
f 2943 2942 2944
f 2945 2937 2946
f 2946 2937 2939
f 2946 2939 2947
f 2947 2939 2941
f 2947 2941 2948
f 2948 2941 2943
f 2948 2943 2949
f 2949 2943 2950
f 2949 2950 2951
f 2951 2950 2952
f 2951 2952 2953
f 2953 2952 2954
f 2953 2954 2955
f 2955 2954 2956
f 2955 2956 2957
f 2957 2956 2958
f 2957 2958 2959
f 2959 2958 2931
f 2959 2931 2960
f 2960 2931 2933
f 2960 2933 2961
f 2961 2933 2935
f 2961 2935 2945
f 2945 2935 2937
f 2962 2959 2963
f 2963 2959 2960
f 2963 2960 2964
f 2964 2960 2961
f 2964 2961 2965
f 2965 2961 2945
f 2965 2945 2966
f 2966 2945 2946
f 2966 2946 2967
f 2967 2946 2947
f 2967 2947 2968
f 2968 2947 2948
f 2969 2970 2971
f 2971 2970 2972
f 2971 2972 2973
f 2973 2972 2974
f 2973 2974 2975
f 2975 2974 2976
f 2975 2976 2977
f 2977 2976 2978
f 2977 2978 2979
f 2979 2978 2980
f 2979 2980 2981
f 2981 2980 2982
f 2983 2973 2984
f 2984 2973 2975
f 2984 2975 2985
f 2985 2975 2977
f 2985 2977 2986
f 2986 2977 2979
f 2986 2979 2987
f 2987 2979 2981
f 2987 2981 2988
f 2988 2981 2989
f 2988 2989 2990
f 2990 2989 2991
f 2990 2991 2992
f 2992 2991 2993
f 2992 2993 2994
f 2994 2993 2995
f 2994 2995 2996
f 2996 2995 2997
f 2996 2997 2998
f 2998 2997 2969
f 2998 2969 2999
f 2999 2969 2971
f 2999 2971 2983
f 2983 2971 2973
f 3000 2998 3001
f 3001 2998 2999
f 3001 2999 3002
f 3002 2999 2983
f 3002 2983 3003
f 3003 2983 2984
f 3003 2984 3004
f 3004 2984 2985
f 3004 2985 3005
f 3005 2985 2986
f 3005 2986 3006
f 3006 2986 2987
f 3007 3008 3009
f 3009 3008 3010
f 3009 3010 3011
f 3011 3010 3012
f 3011 3012 3013
f 3013 3012 3014
f 3013 3014 3015
f 3015 3014 3016
f 3015 3016 3017
f 3017 3016 3018
f 3017 3018 3019
f 3019 3018 3020
f 3021 3009 3022
f 3022 3009 3011
f 3022 3011 3023
f 3023 3011 3013
f 3023 3013 3024
f 3024 3013 3015
f 3024 3015 3025
f 3025 3015 3017
f 3025 3017 3026
f 3026 3017 3019
f 3026 3019 3027
f 3027 3019 3028
f 3027 3028 3029
f 3029 3028 3030
f 3029 3030 3031
f 3031 3030 3032
f 3031 3032 3033
f 3033 3032 3034
f 3033 3034 3035
f 3035 3034 3036
f 3035 3036 3037
f 3037 3036 3007
f 3037 3007 3021
f 3021 3007 3009
f 3038 3037 3039
f 3039 3037 3021
f 3039 3021 3040
f 3040 3021 3022
f 3040 3022 3041
f 3041 3022 3023
f 3041 3023 3042
f 3042 3023 3024
f 3042 3024 3043
f 3043 3024 3025
f 3043 3025 3044
f 3044 3025 3026
f 3045 3046 3047
f 3047 3046 3048
f 3047 3048 3049
f 3049 3048 3050
f 3049 3050 3051
f 3051 3050 3052
f 3051 3052 3053
f 3053 3052 3054
f 3053 3054 3055
f 3055 3054 3056
f 3055 3056 3057
f 3057 3056 3058
f 3059 3047 3060
f 3060 3047 3049
f 3060 3049 3061
f 3061 3049 3051
f 3061 3051 3062
f 3062 3051 3053
f 3062 3053 3063
f 3063 3053 3055
f 3063 3055 3064
f 3064 3055 3057
f 3064 3057 3065
f 3065 3057 3066
f 3065 3066 3067
f 3067 3066 3068
f 3067 3068 3069
f 3069 3068 3070
f 3069 3070 3071
f 3071 3070 3072
f 3071 3072 3073
f 3073 3072 3074
f 3073 3074 3075
f 3075 3074 3045
f 3075 3045 3059
f 3059 3045 3047
f 3076 3075 3077
f 3077 3075 3059
f 3077 3059 3078
f 3078 3059 3060
f 3078 3060 3079
f 3079 3060 3061
f 3079 3061 3080
f 3080 3061 3062
f 3080 3062 3081
f 3081 3062 3063
f 3081 3063 3082
f 3082 3063 3064
f 3083 3084 3085
f 3085 3084 3086
f 3085 3086 3087
f 3087 3086 3088
f 3087 3088 3089
f 3089 3088 3090
f 3089 3090 3091
f 3091 3090 3092
f 3091 3092 3093
f 3093 3092 3094
f 3093 3094 3095
f 3095 3094 3096
f 3097 3085 3098
f 3098 3085 3087
f 3098 3087 3099
f 3099 3087 3089
f 3099 3089 3100
f 3100 3089 3091
f 3100 3091 3101
f 3101 3091 3093
f 3101 3093 3102
f 3102 3093 3095
f 3102 3095 3103
f 3103 3095 3104
f 3103 3104 3105
f 3105 3104 3106
f 3105 3106 3107
f 3107 3106 3108
f 3107 3108 3109
f 3109 3108 3110
f 3109 3110 3111
f 3111 3110 3112
f 3111 3112 3113
f 3113 3112 3083
f 3113 3083 3097
f 3097 3083 3085
f 3114 3113 3115
f 3115 3113 3097
f 3115 3097 3116
f 3116 3097 3098
f 3116 3098 3117
f 3117 3098 3099
f 3117 3099 3118
f 3118 3099 3100
f 3118 3100 3119
f 3119 3100 3101
f 3119 3101 3120
f 3120 3101 3102
f 3121 3122 3123
f 3123 3122 3124
f 3123 3124 3125
f 3125 3124 3126
f 3125 3126 3127
f 3127 3126 3128
f 3127 3128 3129
f 3129 3128 3130
f 3129 3130 3131
f 3131 3130 3132
f 3131 3132 3133
f 3133 3132 3134
f 3135 3123 3136
f 3136 3123 3125
f 3136 3125 3137
f 3137 3125 3127
f 3137 3127 3138
f 3138 3127 3129
f 3138 3129 3139
f 3139 3129 3131
f 3139 3131 3140
f 3140 3131 3133
f 3140 3133 3141
f 3141 3133 3142
f 3141 3142 3143
f 3143 3142 3144
f 3143 3144 3145
f 3145 3144 3146
f 3145 3146 3147
f 3147 3146 3148
f 3147 3148 3149
f 3149 3148 3150
f 3149 3150 3151
f 3151 3150 3121
f 3151 3121 3135
f 3135 3121 3123
f 3152 3151 3153
f 3153 3151 3135
f 3153 3135 3154
f 3154 3135 3136
f 3154 3136 3155
f 3155 3136 3137
f 3155 3137 3156
f 3156 3137 3138
f 3156 3138 3157
f 3157 3138 3139
f 3157 3139 3158
f 3158 3139 3140
f 3159 3160 3161
f 3161 3160 3162
f 3161 3162 3163
f 3163 3162 3164
f 3163 3164 3165
f 3165 3164 3166
f 3165 3166 3167
f 3167 3166 3168
f 3167 3168 3169
f 3169 3168 3170
f 3169 3170 3171
f 3171 3170 3172
f 3173 3161 3174
f 3174 3161 3163
f 3174 3163 3175
f 3175 3163 3165
f 3175 3165 3176
f 3176 3165 3167
f 3176 3167 3177
f 3177 3167 3169
f 3177 3169 3178
f 3178 3169 3171
f 3178 3171 3179
f 3179 3171 3180
f 3179 3180 3181
f 3181 3180 3182
f 3181 3182 3183
f 3183 3182 3184
f 3183 3184 3185
f 3185 3184 3186
f 3185 3186 3187
f 3187 3186 3188
f 3187 3188 3189
f 3189 3188 3159
f 3189 3159 3173
f 3173 3159 3161
f 3190 3189 3191
f 3191 3189 3173
f 3191 3173 3192
f 3192 3173 3174
f 3192 3174 3193
f 3193 3174 3175
f 3193 3175 3194
f 3194 3175 3176
f 3194 3176 3195
f 3195 3176 3177
f 3195 3177 3196
f 3196 3177 3178
f 3197 3198 3199
f 3199 3198 3200
f 3199 3200 3201
f 3201 3200 3202
f 3201 3202 3203
f 3203 3202 3204
f 3203 3204 3205
f 3205 3204 3206
f 3205 3206 3207
f 3207 3206 3208
f 3207 3208 3209
f 3209 3208 3210
f 3211 3203 3212
f 3212 3203 3205
f 3212 3205 3213
f 3213 3205 3207
f 3213 3207 3214
f 3214 3207 3209
f 3214 3209 3215
f 3215 3209 3216
f 3215 3216 3217
f 3217 3216 3218
f 3217 3218 3219
f 3219 3218 3220
f 3219 3220 3221
f 3221 3220 3222
f 3221 3222 3223
f 3223 3222 3224
f 3223 3224 3225
f 3225 3224 3197
f 3225 3197 3226
f 3226 3197 3199
f 3226 3199 3227
f 3227 3199 3201
f 3227 3201 3211
f 3211 3201 3203
f 3228 3225 3229
f 3229 3225 3226
f 3229 3226 3230
f 3230 3226 3227
f 3230 3227 3231
f 3231 3227 3211
f 3231 3211 3232
f 3232 3211 3212
f 3232 3212 3233
f 3233 3212 3213
f 3233 3213 3234
f 3234 3213 3214
f 3235 3236 3237
f 3237 3236 3238
f 3237 3238 3239
f 3239 3238 3240
f 3239 3240 3241
f 3241 3240 3242
f 3241 3242 3243
f 3243 3242 3244
f 3243 3244 3245
f 3245 3244 3246
f 3245 3246 3247
f 3247 3246 3248
f 3249 3237 3250
f 3250 3237 3239
f 3250 3239 3251
f 3251 3239 3241
f 3251 3241 3252
f 3252 3241 3243
f 3252 3243 3253
f 3253 3243 3245
f 3253 3245 3254
f 3254 3245 3247
f 3254 3247 3255
f 3255 3247 3256
f 3255 3256 3257
f 3257 3256 3258
f 3257 3258 3259
f 3259 3258 3260
f 3259 3260 3261
f 3261 3260 3262
f 3261 3262 3263
f 3263 3262 3264
f 3263 3264 3265
f 3265 3264 3235
f 3265 3235 3249
f 3249 3235 3237
f 3266 3265 3267
f 3267 3265 3249
f 3267 3249 3268
f 3268 3249 3250
f 3268 3250 3269
f 3269 3250 3251
f 3269 3251 3270
f 3270 3251 3252
f 3270 3252 3271
f 3271 3252 3253
f 3271 3253 3272
f 3272 3253 3254
f 3273 3274 3275
f 3275 3274 3276
f 3275 3276 3277
f 3277 3276 3278
f 3277 3278 3279
f 3279 3278 3280
f 3279 3280 3281
f 3281 3280 3282
f 3281 3282 3283
f 3283 3282 3284
f 3283 3284 3285
f 3285 3284 3286
f 3287 3275 3288
f 3288 3275 3277
f 3288 3277 3289
f 3289 3277 3279
f 3289 3279 3290
f 3290 3279 3281
f 3290 3281 3291
f 3291 3281 3283
f 3291 3283 3292
f 3292 3283 3285
f 3292 3285 3293
f 3293 3285 3294
f 3293 3294 3295
f 3295 3294 3296
f 3295 3296 3297
f 3297 3296 3298
f 3297 3298 3299
f 3299 3298 3300
f 3299 3300 3301
f 3301 3300 3302
f 3301 3302 3303
f 3303 3302 3273
f 3303 3273 3287
f 3287 3273 3275
f 3304 3303 3305
f 3305 3303 3287
f 3305 3287 3306
f 3306 3287 3288
f 3306 3288 3307
f 3307 3288 3289
f 3307 3289 3308
f 3308 3289 3290
f 3308 3290 3309
f 3309 3290 3291
f 3309 3291 3310
f 3310 3291 3292
f 3311 3312 3313
f 3313 3312 3314
f 3313 3314 3315
f 3315 3314 3316
f 3315 3316 3317
f 3317 3316 3318
f 3317 3318 3319
f 3319 3318 3320
f 3319 3320 3321
f 3321 3320 3322
f 3321 3322 3323
f 3323 3322 3324
f 3325 3313 3326
f 3326 3313 3315
f 3326 3315 3327
f 3327 3315 3317
f 3327 3317 3328
f 3328 3317 3319
f 3328 3319 3329
f 3329 3319 3321
f 3329 3321 3330
f 3330 3321 3323
f 3330 3323 3331
f 3331 3323 3332
f 3331 3332 3333
f 3333 3332 3334
f 3333 3334 3335
f 3335 3334 3336
f 3335 3336 3337
f 3337 3336 3338
f 3337 3338 3339
f 3339 3338 3340
f 3339 3340 3341
f 3341 3340 3311
f 3341 3311 3325
f 3325 3311 3313
f 3342 3341 3343
f 3343 3341 3325
f 3343 3325 3344
f 3344 3325 3326
f 3344 3326 3345
f 3345 3326 3327
f 3345 3327 3346
f 3346 3327 3328
f 3346 3328 3347
f 3347 3328 3329
f 3347 3329 3348
f 3348 3329 3330
f 3349 3350 3351
f 3351 3350 3352
f 3351 3352 3353
f 3353 3352 3354
f 3353 3354 3355
f 3355 3354 3356
f 3355 3356 3357
f 3357 3356 3358
f 3357 3358 3359
f 3359 3358 3360
f 3359 3360 3361
f 3361 3360 3362
f 3363 3351 3364
f 3364 3351 3353
f 3364 3353 3365
f 3365 3353 3355
f 3365 3355 3366
f 3366 3355 3357
f 3366 3357 3367
f 3367 3357 3359
f 3367 3359 3368
f 3368 3359 3361
f 3368 3361 3369
f 3369 3361 3370
f 3369 3370 3371
f 3371 3370 3372
f 3371 3372 3373
f 3373 3372 3374
f 3373 3374 3375
f 3375 3374 3376
f 3375 3376 3377
f 3377 3376 3378
f 3377 3378 3379
f 3379 3378 3349
f 3379 3349 3363
f 3363 3349 3351
f 3380 3379 3381
f 3381 3379 3363
f 3381 3363 3382
f 3382 3363 3364
f 3382 3364 3383
f 3383 3364 3365
f 3383 3365 3384
f 3384 3365 3366
f 3384 3366 3385
f 3385 3366 3367
f 3385 3367 3386
f 3386 3367 3368
f 3387 3388 3389
f 3389 3388 3390
f 3389 3390 3391
f 3391 3390 3392
f 3391 3392 3393
f 3393 3392 3394
f 3393 3394 3395
f 3395 3394 3396
f 3395 3396 3397
f 3397 3396 3398
f 3397 3398 3399
f 3399 3398 3400
f 3401 3402 3403
f 3403 3402 3404
f 3403 3404 3405
f 3405 3404 3406
f 3405 3406 3407
f 3407 3406 3387
f 3407 3387 3408
f 3408 3387 3389
f 3408 3389 3409
f 3409 3389 3391
f 3409 3391 3410
f 3410 3391 3393
f 3410 3393 3411
f 3411 3393 3395
f 3411 3395 3412
f 3412 3395 3397
f 3412 3397 3413
f 3413 3397 3399
f 3413 3399 3414
f 3414 3399 3415
f 3414 3415 3416
f 3416 3415 3417
f 3416 3417 3401
f 3401 3417 3402
f 3418 3407 3419
f 3419 3407 3408
f 3419 3408 3420
f 3420 3408 3409
f 3420 3409 3421
f 3421 3409 3410
f 3421 3410 3422
f 3422 3410 3411
f 3422 3411 3423
f 3423 3411 3412
f 3423 3412 3424
f 3424 3412 3413
f 3425 3426 3427
f 3427 3426 3428
f 3427 3428 3429
f 3429 3428 3430
f 3429 3430 3431
f 3431 3430 3432
f 3431 3432 3433
f 3433 3432 3434
f 3433 3434 3435
f 3435 3434 3436
f 3435 3436 3437
f 3437 3436 3438
f 3439 3440 3441
f 3441 3440 3442
f 3441 3442 3443
f 3443 3442 3444
f 3443 3444 3445
f 3445 3444 3425
f 3445 3425 3446
f 3446 3425 3427
f 3446 3427 3447
f 3447 3427 3429
f 3447 3429 3448
f 3448 3429 3431
f 3448 3431 3449
f 3449 3431 3433
f 3449 3433 3450
f 3450 3433 3435
f 3450 3435 3451
f 3451 3435 3437
f 3451 3437 3452
f 3452 3437 3453
f 3452 3453 3454
f 3454 3453 3455
f 3454 3455 3439
f 3439 3455 3440
f 3456 3445 3457
f 3457 3445 3446
f 3457 3446 3458
f 3458 3446 3447
f 3458 3447 3459
f 3459 3447 3448
f 3459 3448 3460
f 3460 3448 3449
f 3460 3449 3461
f 3461 3449 3450
f 3461 3450 3462
f 3462 3450 3451
f 3463 3464 3465
f 3465 3464 3466
f 3465 3466 3467
f 3467 3466 3468
f 3467 3468 3469
f 3469 3468 3470
f 3469 3470 3471
f 3471 3470 3472
f 3471 3472 3473
f 3473 3472 3474
f 3473 3474 3475
f 3475 3474 3476
f 3477 3467 3478
f 3478 3467 3469
f 3478 3469 3479
f 3479 3469 3471
f 3479 3471 3480
f 3480 3471 3473
f 3480 3473 3481
f 3481 3473 3475
f 3481 3475 3482
f 3482 3475 3483
f 3482 3483 3484
f 3484 3483 3485
f 3484 3485 3486
f 3486 3485 3487
f 3486 3487 3488
f 3488 3487 3489
f 3488 3489 3490
f 3490 3489 3491
f 3490 3491 3492
f 3492 3491 3463
f 3492 3463 3493
f 3493 3463 3465
f 3493 3465 3477
f 3477 3465 3467
f 3494 3492 3495
f 3495 3492 3493
f 3495 3493 3496
f 3496 3493 3477
f 3496 3477 3497
f 3497 3477 3478
f 3497 3478 3498
f 3498 3478 3479
f 3498 3479 3499
f 3499 3479 3480
f 3499 3480 3500
f 3500 3480 3481
f 3501 3502 3503
f 3503 3502 3504
f 3503 3504 3505
f 3505 3504 3506
f 3505 3506 3507
f 3507 3506 3508
f 3507 3508 3509
f 3509 3508 3510
f 3509 3510 3511
f 3511 3510 3512
f 3511 3512 3513
f 3513 3512 3514
f 3515 3516 3517
f 3517 3516 3518
f 3517 3518 3519
f 3519 3518 3520
f 3519 3520 3521
f 3521 3520 3522
f 3521 3522 3523
f 3523 3522 3501
f 3523 3501 3524
f 3524 3501 3503
f 3524 3503 3525
f 3525 3503 3505
f 3525 3505 3526
f 3526 3505 3507
f 3526 3507 3527
f 3527 3507 3509
f 3527 3509 3528
f 3528 3509 3511
f 3528 3511 3529
f 3529 3511 3513
f 3529 3513 3530
f 3530 3513 3531
f 3530 3531 3515
f 3515 3531 3516
f 3532 3523 3533
f 3533 3523 3524
f 3533 3524 3534
f 3534 3524 3525
f 3534 3525 3535
f 3535 3525 3526
f 3535 3526 3536
f 3536 3526 3527
f 3536 3527 3537
f 3537 3527 3528
f 3537 3528 3538
f 3538 3528 3529
f 3539 3540 3541
f 3541 3540 3542
f 3541 3542 3543
f 3543 3542 3544
f 3543 3544 3545
f 3545 3544 3546
f 3545 3546 3547
f 3547 3546 3548
f 3547 3548 3549
f 3549 3548 3550
f 3549 3550 3551
f 3551 3550 3552
f 3551 3552 3553
f 3553 3552 3554
f 3553 3554 3555
f 3555 3554 3556
f 3555 3556 3557
f 3557 3556 3558
f 3557 3558 3559
f 3559 3558 3560
f 3559 3560 3561
f 3561 3560 3562
f 3561 3562 3563
f 3563 3562 3564
f 3563 3564 3565
f 3565 3564 3566
f 3565 3566 3567
f 3567 3566 3568
f 3567 3568 3569
f 3569 3568 3570
f 3569 3570 3571
f 3571 3570 3572
f 3571 3572 3573
f 3573 3572 3574
f 3575 3576 3577
f 3578 3579 3580
f 3581 3582 3583
f 3584 3585 3586
f 3347 3348 3587
f 3588 3589 3590
f 3591 3592 3593
f 3594 3595 3596
f 3597 3598 3599
f 3599 3598 3499
f 3499 3500 3599
f 3599 3500 3600
f 3599 3600 3594
f 3600 3601 3594
f 3594 3601 3602
f 3594 3602 3595
f 3595 3602 3603
f 3603 3604 3595
f 3595 3604 3494
f 3595 3494 3605
f 3605 3494 3495
f 3495 3496 3605
f 3605 3496 3497
f 3605 3497 3598
f 3598 3497 3498
f 3598 3498 3499
f 3606 3607 3592
f 3456 3457 3608
f 3608 3457 3458
f 3606 3592 3609
f 3609 3592 3591
f 3609 3591 3610
f 3610 3591 3611
f 3610 3611 3612
f 3612 3611 3596
f 3612 3596 3462
f 3458 3459 3595
f 3595 3459 3460
f 3595 3460 3596
f 3596 3460 3461
f 3596 3461 3462
f 3418 3419 3613
f 3592 3423 3593
f 3593 3423 3424
f 3593 3424 3614
f 3614 3424 3615
f 3614 3615 3588
f 3419 3420 3613
f 3613 3420 3421
f 3613 3421 3592
f 3592 3421 3422
f 3592 3422 3423
f 3615 3616 3588
f 3588 3616 3617
f 3588 3617 3589
f 3589 3617 3618
f 3589 3618 3619
f 3620 3380 3587
f 3587 3380 3381
f 3621 3590 3622
f 3622 3623 3621
f 3621 3623 3624
f 3621 3624 3625
f 3625 3624 3626
f 3625 3626 3620
f 3381 3382 3587
f 3587 3382 3383
f 3587 3383 3589
f 3383 3384 3589
f 3589 3384 3385
f 3589 3385 3590
f 3590 3385 3386
f 3590 3386 3622
f 3627 3628 3625
f 3625 3628 3629
f 3625 3629 3621
f 3620 3587 3625
f 3625 3587 3348
f 3625 3348 3630
f 3630 3631 3625
f 3625 3631 3632
f 3625 3632 3627
f 3627 3632 3633
f 3627 3633 3634
f 3634 3633 3635
f 3634 3635 3342
f 3343 3344 3636
f 3636 3344 3345
f 3636 3345 3587
f 3587 3345 3346
f 3587 3346 3347
f 3637 3638 3639
f 3639 3638 3634
f 3639 3634 3636
f 3636 3634 3342
f 3636 3342 3343
f 3640 3637 3641
f 3641 3637 3639
f 3641 3639 3310
f 3310 3639 3309
f 3305 3585 3304
f 3304 3585 3584
f 3304 3584 3642
f 3642 3584 3643
f 3642 3643 3644
f 3644 3643 3637
f 3644 3637 3645
f 3645 3637 3640
f 3308 3646 3307
f 3307 3646 3585
f 3307 3585 3306
f 3306 3585 3305
f 3266 3267 3647
f 3272 3648 3585
f 3585 3648 3649
f 3585 3649 3586
f 3586 3649 3650
f 3586 3650 3651
f 3651 3650 3652
f 3651 3652 3653
f 3653 3652 3654
f 3267 3268 3647
f 3647 3268 3269
f 3647 3269 3655
f 3655 3269 3270
f 3655 3270 3271
f 3656 3657 3647
f 3656 3647 3234
f 3654 3266 3653
f 3653 3266 3647
f 3653 3647 3658
f 3658 3647 3657
f 3659 3228 3660
f 3660 3228 3229
f 3657 3661 3658
f 3658 3661 3662
f 3658 3662 3659
f 3659 3662 3663
f 3659 3663 3228
f 3230 3231 3664
f 3664 3231 3232
f 3664 3232 3233
f 3665 3666 3664
f 3665 3664 3196
f 3666 3667 3664
f 3664 3667 3660
f 3664 3660 3230
f 3230 3660 3229
f 3667 3668 3660
f 3660 3668 3669
f 3660 3669 3670
f 3669 3190 3670
f 3670 3190 3191
f 3670 3191 3671
f 3191 3192 3671
f 3671 3192 3193
f 3671 3193 3672
f 3672 3193 3194
f 3672 3194 3195
f 3158 3673 3674
f 3674 3673 3675
f 3674 3675 3582
f 3675 3676 3582
f 3582 3676 3677
f 3582 3677 3583
f 3583 3677 3678
f 3678 3152 3583
f 3583 3152 3153
f 3583 3153 3679
f 3679 3153 3154
f 3679 3154 3578
f 3578 3154 3155
f 3578 3155 3579
f 3579 3155 3156
f 3579 3156 3157
f 3120 3680 3681
f 3117 3118 3682
f 3682 3118 3119
f 3680 3683 3681
f 3681 3683 3684
f 3681 3684 3579
f 3116 3685 3115
f 3115 3685 3686
f 3115 3686 3114
f 3114 3686 3580
f 3114 3580 3687
f 3687 3580 3579
f 3687 3579 3688
f 3688 3579 3684
f 3116 3117 3685
f 3685 3117 3682
f 3685 3682 3689
f 3689 3682 3690
f 3689 3690 3691
f 3692 3076 3690
f 3081 3082 3693
f 3693 3082 3694
f 3690 3076 3691
f 3691 3076 3077
f 3691 3077 3695
f 3694 3696 3693
f 3693 3696 3697
f 3693 3697 3690
f 3690 3697 3698
f 3690 3698 3692
f 3080 3699 3079
f 3079 3699 3695
f 3079 3695 3078
f 3078 3695 3077
f 3700 3038 3693
f 3693 3038 3699
f 3693 3699 3081
f 3081 3699 3080
f 3044 3701 3702
f 3038 3039 3699
f 3699 3039 3040
f 3699 3040 3703
f 3701 3704 3702
f 3702 3704 3705
f 3702 3705 3693
f 3693 3705 3706
f 3693 3706 3700
f 3040 3041 3703
f 3703 3041 3042
f 3703 3042 3707
f 3707 3042 3043
f 3708 3709 3576
f 3000 3001 3702
f 3709 3710 3711
f 3000 3702 3712
f 3043 3044 3707
f 3707 3044 3702
f 3707 3702 3713
f 3713 3702 3001
f 3713 3001 3002
f 3002 3003 3713
f 3713 3003 3004
f 3713 3004 3714
f 3714 3004 3005
f 3714 3005 3575
f 3575 3005 3006
f 3575 3006 3576
f 3576 3006 3715
f 3576 3715 3708
f 3716 3717 3718
f 3716 3718 3719
f 3720 3721 3722
f 3722 3721 2962
f 3722 2962 3576
f 2968 3723 2967
f 2967 3723 3724
f 2962 2963 3576
f 3576 2963 2964
f 3576 2964 3577
f 3577 2964 2965
f 3577 2965 3724
f 3724 2965 2966
f 3724 2966 2967
f 2968 3719 3723
f 3723 3719 3718
f 3723 3718 3725
f 3725 3718 3726
f 3725 3726 3727
f 3728 3729 3605
f 3605 3729 3532
f 3605 3532 3726
f 3726 3532 3533
f 3538 3730 3598
f 3598 3730 3731
f 3598 3731 3605
f 3605 3731 3732
f 3605 3732 3728
f 3537 3733 3536
f 3536 3733 3727
f 3536 3727 3535
f 3535 3727 3726
f 3535 3726 3534
f 3534 3726 3533
f 3537 3538 3733
f 3733 3538 3598
f 3733 3598 3734
f 3734 3598 3597
f 3735 3736 2821
f 2821 3736 3737
f 2821 3737 2819
f 3738 2808 3739
f 3739 2808 2813
f 3739 2813 2816
f 2809 3740 3741
f 3741 3740 3742
f 3741 3742 3743
f 2821 2824 3735
f 3735 2824 2827
f 3735 2827 3744
f 3744 2827 2829
f 3744 2829 3745
f 3745 2829 3746
f 3746 3747 3745
f 3745 3747 3748
f 3745 3748 3749
f 3749 3748 3750
f 3749 3750 3742
f 3742 3750 3751
f 3742 3751 3743
f 3195 3196 3672
f 3672 3196 3664
f 3672 3664 3752
f 3752 3664 3753
f 3752 3753 3738
f 3738 3753 3740
f 3738 3740 2808
f 2808 3740 2809
f 3233 3234 3664
f 3664 3234 3647
f 3664 3647 3753
f 3753 3647 3655
f 3753 3655 3740
f 3740 3655 3754
f 3740 3754 3742
f 3581 3671 3582
f 3582 3671 3672
f 3582 3672 3674
f 3674 3672 3752
f 3674 3752 3755
f 3755 3752 3738
f 3755 3738 3756
f 3756 3738 3739
f 3756 3739 3737
f 3737 3739 2816
f 3737 2816 2819
f 3119 3120 3682
f 3682 3120 3681
f 3682 3681 3690
f 3690 3681 3757
f 3690 3757 3693
f 3693 3757 3758
f 3693 3758 3702
f 3702 3758 3711
f 3702 3711 3712
f 3712 3711 3710
f 3157 3158 3579
f 3579 3158 3674
f 3579 3674 3681
f 3681 3674 3755
f 3681 3755 3757
f 3757 3755 3756
f 3757 3756 3758
f 3758 3756 3737
f 3758 3737 3711
f 3711 3737 3736
f 3308 3309 3646
f 3646 3309 3639
f 3646 3639 3759
f 3759 3639 3636
f 3759 3636 3760
f 3760 3636 3587
f 3760 3587 3613
f 3613 3587 3589
f 3613 3589 3418
f 3418 3589 3619
f 3709 3711 3576
f 3576 3711 3736
f 3576 3736 3722
f 3722 3736 3735
f 3722 3735 3761
f 3761 3735 3744
f 3761 3744 3762
f 3762 3744 3745
f 3762 3745 3608
f 3271 3272 3655
f 3655 3272 3585
f 3655 3585 3754
f 3754 3585 3646
f 3754 3646 3742
f 3742 3646 3759
f 3742 3759 3749
f 3749 3759 3760
f 3749 3760 3745
f 3745 3760 3613
f 3745 3613 3608
f 3608 3613 3592
f 3608 3592 3456
f 3456 3592 3607
f 3458 3595 3608
f 3608 3595 3605
f 3608 3605 3762
f 3762 3605 3726
f 3762 3726 3761
f 3761 3726 3718
f 3761 3718 3722
f 3722 3718 3717
f 3722 3717 3720
f 3763 2725 2723
f 3763 2723 2788
f 2788 2723 2721
f 2788 2721 2790
f 2790 2721 2720
f 2790 2720 2792
f 2792 2720 2718
f 2792 2718 2794
f 2794 2718 2717
f 2794 2717 2797
f 2717 2715 2797
f 2797 2715 2714
f 2797 2714 2799
f 2714 2712 2799
f 2799 2712 2711
f 2799 2711 2801
f 2711 2709 2801
f 2801 2709 2708
f 2801 2708 2804
f 2703 2806 2705
f 2705 2806 2804
f 2705 2804 2706
f 2706 2804 2708
f 3764 2780 2778
f 3764 2778 2667
f 2667 2778 2776
f 2667 2776 2669
f 2669 2776 2774
f 2669 2774 2671
f 2671 2774 2772
f 2671 2772 2673
f 2673 2772 2770
f 2673 2770 2675
f 2675 2770 2768
f 2675 2768 2677
f 2677 2768 2767
f 2677 2767 2679
f 2679 2767 2759
f 2679 2759 2681
f 2681 2759 2761
f 2681 2761 2683
f 2683 2761 2756
f 2683 2756 2685
f 2685 2756 2758
f 2685 2758 2687
f 2687 2758 2747
f 2687 2747 2661
f 3765 3766 275
f 3767 3768 3769
f 3767 3769 3770
f 3768 3771 608
f 608 3771 3772
f 608 3772 604
f 604 3772 2876
f 604 2876 605
f 605 2876 2874
f 605 2874 2872
f 608 607 3768
f 3768 607 279
f 3768 279 3766
f 3766 279 277
f 3766 277 275
f 3773 3774 2893
f 2893 3774 2861
f 2893 2861 2650
f 2650 2861 2859
f 271 2851 273
f 273 2851 2849
f 273 2849 275
f 275 2849 3775
f 275 3775 3765
f 267 606 2656
f 2656 606 605
f 2656 605 2870
f 2870 605 2872
f 2859 2857 2650
f 2650 2857 2855
f 2650 2855 2656
f 2656 2855 2853
f 2656 2853 267
f 267 2853 2851
f 267 2851 269
f 269 2851 271
f 2870 2868 2656
f 2656 2868 2866
f 2656 2866 3769
f 3769 2866 2864
f 3769 2864 3770
f 3773 2893 3766
f 3766 2893 2727
f 3766 2727 3768
f 3768 2727 2736
f 3768 2736 3769
f 590 3776 589
f 589 3776 2891
f 589 2891 588
f 2885 2654 2887
f 2887 2654 588
f 2887 588 2889
f 2889 588 2891
f 2885 2883 2654
f 2654 2883 2881
f 2654 2881 2894
f 2894 2881 2879
f 2894 2879 3777
f 265 263 3769
f 257 2656 259
f 259 2656 3769
f 259 3769 261
f 261 3769 263
f 257 255 2656
f 2656 255 253
f 2656 253 2654
f 2654 253 587
f 2654 587 588
f 3777 3778 2894
f 2894 3778 3779
f 2894 3779 2733
f 590 585 3776
f 3776 585 265
f 3776 265 3780
f 3780 265 3769
f 3780 3769 3779
f 3779 3769 2736
f 3779 2736 2733
f 2635 2633 2651
f 2621 2619 3781
f 3781 3782 2621
f 2621 3782 3574
f 2621 3574 2639
f 2639 3574 3572
f 2639 3572 3570
f 2651 2633 2653
f 2692 3783 3784
f 2663 2694 2617
f 2627 2655 2629
f 2629 2655 2663
f 2629 2663 2615
f 2615 2663 2617
f 3568 2643 3570
f 3570 2643 2641
f 3570 2641 2639
f 2694 2692 2617
f 2617 2692 3784
f 2617 3784 2619
f 2619 3784 3785
f 2619 3785 3781
f 2627 2625 2655
f 2655 2625 2623
f 2655 2623 2651
f 2651 2623 2637
f 2651 2637 2635
f 2633 2631 2653
f 2653 2631 2645
f 2653 2645 2658
f 2658 2645 2643
f 2658 2643 2660
f 2660 2643 3568
f 3560 2688 3562
f 3562 2688 2662
f 3562 2662 3564
f 3564 2662 2660
f 3564 2660 3566
f 3566 2660 3568
f 3783 2692 3786
f 3786 2692 2690
f 3786 2690 3787
f 2690 2698 3787
f 3787 2698 2697
f 3787 2697 3788
f 3788 2697 2701
f 3788 2701 3789
f 3789 2701 2704
f 3789 2704 3790
f 3790 2704 2707
f 3790 2707 3791
f 3791 2707 2710
f 3791 2710 3792
f 3792 2710 2713
f 3792 2713 3793
f 3793 2713 2716
f 3793 2716 3794
f 3794 2716 2719
f 3794 2719 3795
f 3795 2719 2722
f 3795 2722 3796
f 3796 2722 2724
f 3796 2724 3797
f 3797 2724 3798
f 3797 3798 3542
f 3542 3798 2668
f 3542 2668 3544
f 3544 2668 2670
f 3544 2670 3546
f 3546 2670 2672
f 3546 2672 3548
f 3548 2672 2674
f 3548 2674 3550
f 3550 2674 2676
f 3550 2676 3552
f 3552 2676 2678
f 3552 2678 3554
f 3554 2678 2680
f 3554 2680 3556
f 3556 2680 2682
f 3556 2682 3558
f 3558 2682 2684
f 3558 2684 3560
f 3560 2684 2686
f 3560 2686 2688
f 3799 2814 3800
f 3800 2814 2812
f 3800 2812 3801
f 3801 2812 2811
f 3801 2811 3802
f 3802 2811 2810
f 3802 2810 2613
f 3803 2828 3804
f 3804 2828 2830
f 3804 2830 3805
f 3805 2830 2831
f 3805 2831 3806
f 3806 2831 2826
f 3806 2826 3807
f 3807 2826 2825
f 3807 2825 3808
f 3808 2825 2823
f 3808 2823 3809
f 3809 2823 2822
f 3809 2822 3810
f 3810 2822 2820
f 3810 2820 3811
f 3811 2820 2818
f 3811 2818 3812
f 3812 2818 2817
f 3812 2817 3799
f 3799 2817 2815
f 3799 2815 2814
f 3813 3814 3660
f 3660 3670 3813
f 3813 3670 3671
f 3813 3671 3815
f 3679 3816 3583
f 3583 3816 3815
f 3583 3815 3581
f 3581 3815 3671
f 3679 3578 3816
f 3816 3578 3580
f 3816 3580 3817
f 3580 3686 3817
f 3817 3686 3685
f 3817 3685 3818
f 3685 3689 3818
f 3818 3689 3691
f 3818 3691 3819
f 3819 3691 3695
f 3819 3695 3820
f 3820 3695 3699
f 3820 3699 3821
f 3821 3699 3703
f 3821 3703 3822
f 3714 3823 3713
f 3713 3823 3822
f 3713 3822 3707
f 3707 3822 3703
f 3714 3575 3823
f 3823 3575 3577
f 3823 3577 3824
f 3824 3577 3724
f 3824 3724 3825
f 3724 3723 3825
f 3825 3723 3725
f 3825 3725 3826
f 3826 3725 3727
f 2923 2926 3827
f 3827 2926 2911
f 3727 3733 3826
f 3826 3733 3734
f 3826 3734 2913
f 2913 3734 3827
f 2913 3827 2912
f 2912 3827 2911
f 3828 3829 3830
f 3831 3832 3833
f 3834 3835 3836
f 3837 3838 3839
f 3840 3841 3834
f 3842 3843 3844
f 3845 3846 3847
f 3428 3426 3840
f 3848 3849 3850
f 3851 3852 3853
f 3854 3248 3855
f 3856 3134 3857
f 3084 3858 3859
f 2638 2640 3860
f 2620 2646 3861
f 3862 2507 3863
f 3864 2492 3865
f 2512 2510 2762
f 2773 3866 3867
f 3866 2773 2775
f 2795 3868 3869
f 2527 2525 3870
f 2732 2731 3871
f 3872 2785 3873
f 3873 2785 2783
f 3873 2783 3874
f 3874 2783 2753
f 3874 2753 3871
f 3871 2753 2755
f 3871 2755 2732
f 3875 2537 3876
f 2525 3877 3870
f 3870 3877 3878
f 3870 3878 2807
f 2807 3878 3879
f 2807 3879 2805
f 2805 3879 3880
f 2805 3880 2803
f 2803 3880 3875
f 2537 2535 3876
f 3876 2535 2533
f 3876 2533 3850
f 3850 2533 2531
f 3850 2531 2529
f 2529 2527 3850
f 3850 2527 3870
f 3850 3870 3881
f 3881 3870 3882
f 3881 3882 3883
f 3883 3882 3884
f 3883 3884 3872
f 3872 3884 2787
f 3872 2787 2785
f 3875 3876 2803
f 2803 3876 3885
f 2803 3885 2802
f 2798 2800 3886
f 3886 2800 2802
f 3886 2802 3887
f 3887 2802 3885
f 2795 3869 2793
f 2793 3869 3888
f 2793 3888 2791
f 3889 2542 3890
f 3890 2542 2540
f 3890 2540 3891
f 3892 3893 2789
f 2550 2779 2552
f 2552 2779 2781
f 2552 2781 3894
f 3894 2781 2789
f 3894 2789 3895
f 3895 2789 3893
f 2550 2548 2779
f 2779 2548 2546
f 2779 2546 3889
f 3889 2546 2544
f 3889 2544 2542
f 3896 2765 2764
f 2762 2510 3897
f 3016 2765 3018
f 3018 2765 3896
f 3018 3896 3020
f 2765 2520 2766
f 2766 2520 2518
f 2766 2518 2760
f 2760 2518 2516
f 2760 2516 2762
f 2762 2516 2514
f 2762 2514 2512
f 2510 3898 3897
f 3897 3898 3899
f 3897 3899 3012
f 3012 3899 3900
f 3012 3900 3014
f 3014 3900 3901
f 3014 3901 3016
f 3016 3901 3902
f 3016 3902 2765
f 2765 3902 2522
f 2765 2522 2520
f 3897 3056 2762
f 2762 3056 3054
f 2762 3054 2763
f 3054 3052 2763
f 2763 3052 3050
f 2763 3050 3048
f 2728 2730 3903
f 3903 3904 2728
f 2728 3904 2738
f 2728 2738 2726
f 2492 2490 3905
f 3905 2490 2488
f 2486 2484 2737
f 2737 2484 2482
f 2737 2482 2741
f 2741 2482 2480
f 2741 2480 2742
f 2742 2480 3906
f 3906 3907 2742
f 2742 3907 3908
f 2742 3908 3909
f 3909 3908 3910
f 3909 3910 3864
f 3911 2744 3912
f 3912 3913 3911
f 3911 3913 3914
f 3911 3914 3862
f 2507 2505 3915
f 2739 2497 2740
f 2740 2497 2495
f 2740 2495 2744
f 2744 2495 3916
f 2744 3916 3912
f 2505 2503 3915
f 3915 2503 2501
f 3915 2501 2739
f 2739 2501 2499
f 2739 2499 2497
f 2569 2567 3917
f 3917 2567 2565
f 3917 2565 2563
f 2563 2561 3917
f 3917 2561 2560
f 3917 2560 3918
f 3918 2560 2559
f 3919 2573 2571
f 2575 3920 2577
f 2577 3920 2579
f 3921 3922 2585
f 3923 3924 3925
f 3925 3924 3926
f 3925 3926 3927
f 3928 3929 3930
f 3930 3929 3931
f 3929 3932 3931
f 3931 3932 3933
f 3931 3933 3925
f 3925 3933 3934
f 3925 3934 3923
f 3935 3936 3930
f 3930 3936 3937
f 3930 3937 3928
f 2616 2618 3938
f 3938 2618 2620
f 2626 2737 2624
f 2624 2737 2735
f 2624 2735 2622
f 2626 2628 2737
f 2737 2628 3905
f 2737 3905 2486
f 2486 3905 2488
f 2622 2735 2649
f 2649 2735 2734
f 2649 2734 2648
f 2648 2734 2746
f 2648 2746 2636
f 2636 2746 2745
f 2636 2745 2634
f 2634 2745 2632
f 2632 2745 2744
f 2632 2744 2630
f 2630 2744 3911
f 2630 3911 2644
f 2644 3911 2642
f 2642 3911 3939
f 2642 3939 2640
f 2638 3860 2647
f 2647 3860 3940
f 2647 3940 2646
f 3941 2936 2934
f 2936 3941 2938
f 2938 3941 3942
f 2938 3942 2940
f 3943 3944 3945
f 3945 3944 3946
f 3945 3946 3947
f 3946 3948 3947
f 3947 3948 3949
f 3947 3949 3950
f 3950 3949 2944
f 3950 2944 3942
f 3942 2944 2942
f 3942 2942 2940
f 2982 2980 3951
f 2980 2978 3951
f 3951 2978 2976
f 3951 2976 3837
f 2976 2974 3837
f 3837 2974 2972
f 3837 2972 3838
f 3838 2972 2970
f 3838 2970 3952
f 3953 3954 3955
f 3953 3955 3941
f 3941 3955 3956
f 3941 3956 3957
f 3958 3959 3839
f 3012 3010 3897
f 3897 3010 3008
f 3897 3008 3960
f 3008 3961 3960
f 3960 3961 3962
f 3960 3962 3839
f 3839 3962 3963
f 3839 3963 3958
f 2730 2752 3903
f 3903 2752 2750
f 3903 2750 3964
f 3964 2750 2748
f 3964 2748 3965
f 3965 2748 2757
f 3965 2757 3966
f 3966 2757 2763
f 3966 2763 3967
f 3967 2763 3048
f 3967 3048 3046
f 3968 3969 3970
f 3970 3969 3971
f 3970 3971 3960
f 3971 3972 3960
f 3960 3972 3973
f 3960 3973 3897
f 3897 3973 3058
f 3897 3058 3056
f 3974 3975 3976
f 3976 3975 3096
f 3084 3859 3086
f 3096 3094 3966
f 3094 3092 3966
f 3966 3092 3090
f 3966 3090 3965
f 3965 3090 3088
f 3965 3088 3086
f 3977 3978 3974
f 3134 3132 3977
f 3977 3132 3979
f 3977 3979 3978
f 3978 3979 3980
f 3856 3981 3982
f 3982 3981 3983
f 3982 3983 3984
f 3984 3983 3985
f 3132 3130 3979
f 3979 3130 3128
f 3979 3128 3986
f 3986 3128 3126
f 3986 3126 3124
f 3828 3987 3988
f 3210 3208 3989
f 3989 3208 3206
f 3989 3206 3990
f 3991 3992 3993
f 3993 3992 3210
f 2620 3861 3938
f 3938 3861 3198
f 3938 3198 3994
f 3206 3204 3990
f 3990 3204 3202
f 3990 3202 3861
f 3861 3202 3200
f 3861 3200 3198
f 3853 3852 3995
f 3851 3853 3996
f 3996 3853 3997
f 3996 3997 3998
f 3242 3828 3993
f 3993 3828 3988
f 3993 3988 3991
f 3236 3829 3238
f 3238 3829 3828
f 3238 3828 3240
f 3240 3828 3242
f 3999 3246 3993
f 3993 3246 3244
f 3993 3244 3242
f 4000 3276 3274
f 3274 4001 4002
f 4003 3286 4004
f 4001 4005 4002
f 4002 4005 4006
f 4002 4006 3833
f 3833 4006 4007
f 3278 3853 3280
f 3280 3853 3995
f 3280 3995 3282
f 3282 3995 3284
f 3322 3320 4008
f 3318 3316 3831
f 3322 4008 3324
f 3316 3314 3831
f 3831 3314 3312
f 3831 3312 3832
f 3832 3312 4009
f 4009 4010 3881
f 3881 4010 4011
f 3881 4011 3850
f 3850 4011 4012
f 3850 4012 3848
f 4013 3400 4014
f 4015 4016 4017
f 4017 4016 4018
f 4017 4018 3844
f 3844 4018 4019
f 3398 3396 3841
f 3841 3396 3394
f 3841 3394 3834
f 3834 3394 3392
f 3834 3392 3835
f 3835 3392 3390
f 3835 3390 3388
f 4020 4021 3841
f 3840 3426 3841
f 3841 3426 4022
f 3841 4022 4020
f 3436 4023 3438
f 3438 4023 4024
f 3438 4024 4025
f 4025 4024 4026
f 4025 4026 4027
f 3436 3434 4023
f 4023 3434 3432
f 4023 3432 4028
f 4028 3432 3430
f 3890 3476 3474
f 3476 3890 4029
f 4029 3890 4030
f 4029 4030 4031
f 3847 3468 3466
f 3468 3847 3470
f 3470 3847 3846
f 3470 3846 3472
f 3464 4032 4028
f 4028 4032 4033
f 4028 4033 4023
f 4023 4033 4034
f 4035 4036 3889
f 3512 3510 3947
f 3947 3510 3508
f 3947 3508 3945
f 3945 3508 3506
f 3945 3506 3504
f 3504 3502 4037
f 4037 3502 4038
f 4037 4038 4039
f 4040 4041 3362
f 3362 3360 3836
f 3836 3360 3358
f 3836 3358 3356
f 3354 3352 4008
f 4008 3352 3849
f 4008 3849 3324
f 3324 3849 3848
f 3352 3350 3849
f 3849 3350 4042
f 3849 4042 3850
f 3850 4042 4043
f 3850 4043 3876
f 4043 4044 3876
f 3876 4044 4045
f 3876 4045 4041
f 4046 3172 4047
f 3172 3170 3983
f 3170 3168 3983
f 3983 3168 4048
f 3983 4048 3985
f 3985 4048 4049
f 3160 3940 3162
f 3162 3940 3860
f 3162 3860 3164
f 3164 3860 4048
f 3164 4048 3166
f 3166 4048 3168
f 3160 4050 3940
f 3940 4050 4051
f 3940 4051 4052
f 4052 4051 4053
f 4052 4053 4047
f 4047 4053 4054
f 4047 4054 4046
f 3514 3512 4055
f 4055 3512 3947
f 4055 3947 4056
f 4056 3947 3950
f 4056 3950 4057
f 4057 3950 3942
f 3474 3472 3890
f 3890 3472 3846
f 3890 3846 3889
f 3889 3846 3845
f 3889 3845 4035
f 4035 3845 4058
f 4034 4031 4023
f 4023 4031 4030
f 4023 4030 4024
f 4024 4030 4059
f 4024 4059 4026
f 2795 2796 3868
f 3868 2796 3843
f 3868 3843 3869
f 3869 3843 3842
f 3869 3842 3888
f 2982 3951 4060
f 4060 3951 3867
f 4060 3867 4061
f 4061 3867 3866
f 4061 3866 4062
f 4062 3866 2775
f 4062 2775 2777
f 4036 3514 3889
f 3889 3514 4055
f 3889 4055 2779
f 2779 4055 4056
f 2779 4056 2777
f 2777 4056 4057
f 2777 4057 4062
f 4062 4057 3942
f 4062 3942 4061
f 4061 3942 3941
f 4061 3941 4060
f 4060 3941 3957
f 4060 3957 2982
f 3400 3398 4014
f 4014 3398 3841
f 4014 3841 4026
f 4026 3841 4021
f 4026 4021 4027
f 3891 3892 3890
f 3890 3892 2789
f 3890 2789 4030
f 4030 2789 2791
f 4030 2791 4059
f 4059 2791 3888
f 4059 3888 4026
f 4026 3888 3842
f 4026 3842 4014
f 4014 3842 3844
f 4014 3844 4013
f 4013 3844 4019
f 4063 4064 4037
f 3959 3020 3839
f 3839 3020 3896
f 3839 3896 3837
f 3837 3896 2764
f 3837 2764 3951
f 3951 2764 2769
f 3951 2769 3867
f 3867 2769 2771
f 3867 2771 2773
f 3504 4037 3945
f 3945 4037 4064
f 3945 4064 4065
f 4065 4064 4066
f 4065 4066 3930
f 3935 3930 4067
f 4067 3930 4066
f 4067 4066 2559
f 2559 4066 4064
f 2559 4064 3918
f 3918 4064 4063
f 3918 4063 3917
f 3430 3428 4028
f 4028 3428 3840
f 4028 3840 4068
f 4068 3840 3834
f 4068 3834 4069
f 4069 3834 3836
f 4069 3836 4008
f 4008 3836 3356
f 4008 3356 3354
f 3362 3836 4040
f 4040 3836 3835
f 4040 3835 4017
f 4017 3835 3388
f 4017 3388 4015
f 4041 4040 3876
f 3876 4040 4017
f 3876 4017 3885
f 3885 4017 3844
f 3885 3844 3887
f 3887 3844 3843
f 3887 3843 3886
f 3886 3843 2796
f 3886 2796 2798
f 3466 3464 3847
f 3847 3464 4028
f 3847 4028 4070
f 4070 4028 4068
f 4070 4068 4071
f 4071 4068 4069
f 4071 4069 4072
f 4072 4069 4008
f 4072 4008 3831
f 3831 4008 3320
f 3831 3320 3318
f 3096 3966 3976
f 3976 3966 3967
f 3976 3967 3970
f 3970 3967 3046
f 3970 3046 3968
f 3974 3976 3977
f 3977 3976 3970
f 3977 3970 4073
f 4073 3970 3960
f 4073 3960 4074
f 4074 3960 3839
f 4074 3839 4075
f 4075 3839 3838
f 4075 3838 3953
f 3953 3838 3952
f 3953 3952 3954
f 3134 3977 3857
f 3857 3977 4073
f 3857 4073 4076
f 4076 4073 4074
f 4076 4074 4077
f 4077 4074 4075
f 4077 4075 4078
f 4078 4075 3953
f 4078 3953 4079
f 4079 3953 3941
f 4079 3941 4080
f 4080 3941 2934
f 4080 2934 2932
f 3856 3857 3981
f 3981 3857 4076
f 3981 4076 3925
f 3925 4076 4077
f 3925 4077 3931
f 3931 4077 4078
f 3931 4078 3930
f 3930 4078 4079
f 3930 4079 4065
f 4065 4079 4080
f 4065 4080 3945
f 3945 4080 2932
f 3945 2932 3943
f 3920 3855 3999
f 3999 3855 3248
f 3999 3248 3246
f 3852 3854 3995
f 3995 3854 3855
f 3995 3855 4081
f 4081 3855 3920
f 4081 3920 3919
f 3919 3920 2575
f 3919 2575 2573
f 3286 3284 4004
f 4004 3284 3995
f 4004 3995 4082
f 4082 3995 4081
f 4082 4081 4083
f 4083 4081 3919
f 4083 3919 3917
f 3917 3919 2571
f 3917 2571 2569
f 4007 4003 3833
f 3833 4003 4004
f 3833 4004 3831
f 3831 4004 4082
f 3831 4082 4072
f 4072 4082 4083
f 4072 4083 4071
f 4071 4083 3917
f 4071 3917 4070
f 4070 3917 4063
f 4070 4063 3847
f 3847 4063 4037
f 3847 4037 3845
f 3845 4037 4039
f 3845 4039 4058
f 3172 3983 4047
f 4047 3983 3981
f 4047 3981 3921
f 3921 3981 3925
f 3921 3925 3922
f 3922 3925 3927
f 3922 3927 2585
f 3210 3989 3993
f 3993 3989 4084
f 3993 4084 3999
f 3999 4084 4085
f 3999 4085 3920
f 2640 3939 3860
f 3860 3939 4086
f 3860 4086 4048
f 4048 4086 3122
f 4048 3122 4049
f 2646 3940 3861
f 3861 3940 4052
f 3861 4052 3990
f 3990 4052 4047
f 3990 4047 3989
f 3989 4047 3921
f 3989 3921 4084
f 4084 3921 2585
f 4084 2585 4085
f 4085 2585 2583
f 4085 2583 3920
f 3920 2583 2581
f 3920 2581 2579
f 2628 2614 3905
f 3905 2614 2616
f 3905 2616 3830
f 3830 2616 3938
f 3830 3938 3828
f 3828 3938 3994
f 3828 3994 3987
f 2507 3915 3863
f 3863 3915 4087
f 3863 4087 4088
f 4088 4087 4089
f 4088 4089 3986
f 3986 4089 3859
f 3986 3859 3979
f 3979 3859 3858
f 3979 3858 3980
f 3862 3863 3911
f 3911 3863 4088
f 3911 4088 3939
f 3939 4088 3986
f 3939 3986 4086
f 4086 3986 3124
f 4086 3124 3122
f 2492 3905 3865
f 3865 3905 3830
f 3865 3830 4090
f 4090 3830 3829
f 4090 3829 3997
f 3997 3829 3236
f 3997 3236 3998
f 3864 3865 3909
f 3909 3865 4090
f 3909 4090 4091
f 4091 4090 3997
f 4091 3997 4092
f 4092 3997 3853
f 4092 3853 4000
f 4000 3853 3278
f 4000 3278 3276
f 3086 3859 3965
f 3965 3859 4089
f 3965 4089 3964
f 3964 4089 4087
f 3964 4087 3903
f 3903 4087 3915
f 3903 3915 3904
f 3904 3915 2739
f 3904 2739 2738
f 3274 4002 4000
f 4000 4002 4093
f 4000 4093 4092
f 4092 4093 4094
f 4092 4094 4091
f 4091 4094 4095
f 4091 4095 3909
f 3909 4095 2743
f 3909 2743 2742
f 4009 3881 3832
f 3832 3881 3883
f 3832 3883 3833
f 3833 3883 3872
f 3833 3872 4002
f 4002 3872 3873
f 4002 3873 4093
f 4093 3873 3874
f 4093 3874 4094
f 4094 3874 3871
f 4094 3871 4095
f 4095 3871 2731
f 4095 2731 2743
f 2897 4096 4097
f 3826 2913 2909
f 2897 4097 2901
f 2901 4097 4098
f 2901 4098 4099
f 4099 4098 4100
f 4099 4100 2904
f 2904 4100 3541
f 2904 3541 2909
f 2909 3541 3543
f 2909 3543 3545
f 4101 4102 4103
f 4103 4102 4104
f 4103 4104 4105
f 4105 4104 4106
f 4105 4106 4107
f 4107 4106 4108
f 4107 4108 4109
f 4109 4108 4110
f 4109 4110 4111
f 4111 4110 4112
f 4111 4112 4113
f 4113 4112 4096
f 4113 4096 4114
f 4114 4096 2897
f 4114 2897 2899
f 3816 3567 3815
f 3815 3567 3569
f 3815 3569 3813
f 3813 3569 3571
f 3813 3571 3814
f 3814 3571 3573
f 3814 3573 4115
f 4115 3573 4116
f 4115 4116 4117
f 3820 3557 3819
f 3819 3557 3559
f 3819 3559 3818
f 3818 3559 3561
f 3818 3561 3817
f 3817 3561 3563
f 3817 3563 3816
f 3816 3563 3565
f 3816 3565 3567
f 4116 4118 4117
f 4117 4118 4119
f 4117 4119 4120
f 4120 4119 4121
f 4120 4121 4122
f 4122 4121 4123
f 4122 4123 4124
f 4124 4123 4125
f 4124 4125 4101
f 4101 4125 4126
f 4101 4126 4102
f 3826 2909 3825
f 3825 2909 3545
f 3825 3545 3824
f 3824 3545 3547
f 3824 3547 3823
f 3823 3547 3549
f 3823 3549 3822
f 3822 3549 3551
f 3822 3551 3821
f 3821 3551 3553
f 3821 3553 3820
f 3820 3553 3555
f 3820 3555 3557
f 2921 2923 2896
f 2896 2923 3597
f 2896 3597 2898
f 2898 3597 2899
f 2899 3597 4114
f 4114 3597 3599
f 4114 3599 4113
f 3611 4111 3596
f 3596 4111 4113
f 3596 4113 3594
f 3594 4113 3599
f 3611 3591 4111
f 4111 3591 3593
f 4111 3593 4109
f 3628 4101 3629
f 3629 4101 4103
f 3629 4103 3621
f 3621 4103 4105
f 3621 4105 3590
f 3590 4105 4107
f 3590 4107 3588
f 3588 4107 4109
f 3588 4109 3614
f 3614 4109 3593
f 3628 3627 4101
f 4101 3627 3634
f 4101 3634 4124
f 3643 4122 3637
f 3637 4122 4124
f 3637 4124 3638
f 3638 4124 3634
f 3643 3584 4122
f 4122 3584 3586
f 4122 3586 4120
f 3660 3814 3659
f 3659 3814 4115
f 3659 4115 3658
f 3658 4115 4117
f 3658 4117 3653
f 3653 4117 4120
f 3653 4120 3651
f 3651 4120 3586
f 4127 2810 2612
f 2612 2810 4128
f 2612 4128 2611
f 2611 4128 4129
f 2611 4129 2610
f 2610 4129 4130
f 2610 4130 2609
f 2609 4130 4131
f 2609 4131 2608
f 2608 4131 4132
f 2608 4132 2607
f 2607 4132 4133
f 2607 4133 2606
f 2606 4133 4134
f 2606 4134 2605
f 2605 4134 4135
f 2605 4135 2604
f 2604 4135 4136
f 2604 4136 2603
f 2603 4136 4137
f 2603 4137 2602
f 2602 4137 4138
f 2602 4138 2601
f 2601 4138 4139
f 2601 4139 2600
f 2600 4139 4140
f 2600 4140 3803
f 3803 4140 2828
f 2806 2703 2702
f 2806 2702 4141
f 2702 2700 4141
f 4141 2700 2699
f 4141 2699 4142
f 2699 2696 4142
f 4142 2696 2695
f 4142 2695 4143
f 4143 2695 2689
f 4143 2689 2786
f 3573 3574 4116
f 4116 3574 3782
f 4116 3782 4118
f 4118 3782 3781
f 4118 3781 4119
f 4119 3781 3785
f 4119 3785 4121
f 4121 3785 3784
f 4121 3784 4123
f 4123 3784 3783
f 4123 3783 4125
f 4125 3783 3786
f 4125 3786 4126
f 4126 3786 3787
f 4126 3787 4102
f 4102 3787 3788
f 4102 3788 4104
f 4104 3788 3789
f 4104 3789 4106
f 4106 3789 3790
f 4106 3790 4108
f 4108 3790 3791
f 4108 3791 4110
f 4110 3791 3792
f 4110 3792 4112
f 4112 3792 3793
f 4112 3793 4096
f 4096 3793 3794
f 4096 3794 4097
f 4097 3794 3795
f 4097 3795 4098
f 4098 3795 3796
f 4098 3796 4100
f 4100 3796 3797
f 3538 3529 3730
f 3730 3529 3530
f 3730 3530 3731
f 3731 3530 3515
f 3731 3515 3732
f 3732 3515 3517
f 3732 3517 3728
f 3728 3517 3519
f 3728 3519 3729
f 3729 3519 3521
f 3729 3521 3532
f 3532 3521 3523
f 3513 3514 3531
f 3531 3514 4036
f 3531 4036 3516
f 3516 4036 4035
f 3516 4035 3518
f 3518 4035 4058
f 3518 4058 3520
f 3520 4058 4039
f 3520 4039 3522
f 3522 4039 4038
f 3522 4038 3501
f 3501 4038 3502
f 3500 3481 3600
f 3600 3481 3482
f 3600 3482 3601
f 3601 3482 3484
f 3601 3484 3602
f 3602 3484 3486
f 3602 3486 3603
f 3603 3486 3488
f 3603 3488 3604
f 3604 3488 3490
f 3604 3490 3494
f 3494 3490 3492
f 3475 3476 3483
f 3483 3476 4029
f 3483 4029 3485
f 3485 4029 4031
f 3485 4031 3487
f 3487 4031 4034
f 3487 4034 3489
f 3489 4034 4033
f 3489 4033 3491
f 3491 4033 4032
f 3491 4032 3463
f 3463 4032 3464
f 3462 3451 3612
f 3612 3451 3452
f 3612 3452 3610
f 3610 3452 3454
f 3610 3454 3609
f 3609 3454 3439
f 3609 3439 3606
f 3606 3439 3441
f 3606 3441 3607
f 3607 3441 3443
f 3607 3443 3456
f 3456 3443 3445
f 3437 3438 3453
f 3453 3438 4025
f 3453 4025 3455
f 3455 4025 4027
f 3455 4027 3440
f 3440 4027 4021
f 3440 4021 3442
f 3442 4021 4020
f 3442 4020 3444
f 3444 4020 4022
f 3444 4022 3425
f 3425 4022 3426
f 3424 3413 3615
f 3615 3413 3414
f 3615 3414 3616
f 3616 3414 3416
f 3616 3416 3617
f 3617 3416 3401
f 3617 3401 3618
f 3618 3401 3403
f 3618 3403 3619
f 3619 3403 3405
f 3619 3405 3418
f 3418 3405 3407
f 3399 3400 3415
f 3415 3400 4013
f 3415 4013 3417
f 3417 4013 4019
f 3417 4019 3402
f 3402 4019 4018
f 3402 4018 3404
f 3404 4018 4016
f 3404 4016 3406
f 3406 4016 4015
f 3406 4015 3387
f 3387 4015 3388
f 3386 3368 3622
f 3622 3368 3369
f 3622 3369 3623
f 3623 3369 3371
f 3623 3371 3624
f 3624 3371 3373
f 3624 3373 3626
f 3626 3373 3375
f 3626 3375 3620
f 3620 3375 3377
f 3620 3377 3380
f 3380 3377 3379
f 3361 3362 3370
f 3370 3362 4041
f 3370 4041 3372
f 3372 4041 4045
f 3372 4045 3374
f 3374 4045 4044
f 3374 4044 3376
f 3376 4044 4043
f 3376 4043 3378
f 3378 4043 4042
f 3378 4042 3349
f 3349 4042 3350
f 3348 3330 3630
f 3630 3330 3331
f 3630 3331 3631
f 3631 3331 3333
f 3631 3333 3632
f 3632 3333 3335
f 3632 3335 3633
f 3633 3335 3337
f 3633 3337 3635
f 3635 3337 3339
f 3635 3339 3342
f 3342 3339 3341
f 3323 3324 3332
f 3332 3324 3848
f 3332 3848 3334
f 3334 3848 4012
f 3334 4012 3336
f 3336 4012 4011
f 3336 4011 3338
f 3338 4011 4010
f 3338 4010 3340
f 3340 4010 4009
f 3340 4009 3311
f 3311 4009 3312
f 3310 3292 3641
f 3641 3292 3293
f 3641 3293 3640
f 3640 3293 3295
f 3640 3295 3645
f 3645 3295 3297
f 3645 3297 3644
f 3644 3297 3299
f 3644 3299 3642
f 3642 3299 3301
f 3642 3301 3304
f 3304 3301 3303
f 3285 3286 3294
f 3294 3286 4003
f 3294 4003 3296
f 3296 4003 4007
f 3296 4007 3298
f 3298 4007 4006
f 3298 4006 3300
f 3300 4006 4005
f 3300 4005 3302
f 3302 4005 4001
f 3302 4001 3273
f 3273 4001 3274
f 3272 3254 3648
f 3648 3254 3255
f 3648 3255 3649
f 3649 3255 3257
f 3649 3257 3650
f 3650 3257 3259
f 3650 3259 3652
f 3652 3259 3261
f 3652 3261 3654
f 3654 3261 3263
f 3654 3263 3266
f 3266 3263 3265
f 3247 3248 3256
f 3256 3248 3854
f 3256 3854 3258
f 3258 3854 3852
f 3258 3852 3260
f 3260 3852 3851
f 3260 3851 3262
f 3262 3851 3996
f 3262 3996 3264
f 3264 3996 3998
f 3264 3998 3235
f 3235 3998 3236
f 3234 3214 3656
f 3656 3214 3215
f 3656 3215 3657
f 3657 3215 3217
f 3657 3217 3661
f 3661 3217 3219
f 3661 3219 3662
f 3662 3219 3221
f 3662 3221 3663
f 3663 3221 3223
f 3663 3223 3228
f 3228 3223 3225
f 3209 3210 3216
f 3216 3210 3992
f 3216 3992 3218
f 3218 3992 3991
f 3218 3991 3220
f 3220 3991 3988
f 3220 3988 3222
f 3222 3988 3987
f 3222 3987 3224
f 3224 3987 3994
f 3224 3994 3197
f 3197 3994 3198
f 3196 3178 3665
f 3665 3178 3179
f 3665 3179 3666
f 3666 3179 3181
f 3666 3181 3667
f 3667 3181 3183
f 3667 3183 3668
f 3668 3183 3185
f 3668 3185 3669
f 3669 3185 3187
f 3669 3187 3190
f 3190 3187 3189
f 3171 3172 3180
f 3180 3172 4046
f 3180 4046 3182
f 3182 4046 4054
f 3182 4054 3184
f 3184 4054 4053
f 3184 4053 3186
f 3186 4053 4051
f 3186 4051 3188
f 3188 4051 4050
f 3188 4050 3159
f 3159 4050 3160
f 3158 3140 3673
f 3673 3140 3141
f 3673 3141 3675
f 3675 3141 3143
f 3675 3143 3676
f 3676 3143 3145
f 3676 3145 3677
f 3677 3145 3147
f 3677 3147 3678
f 3678 3147 3149
f 3678 3149 3152
f 3152 3149 3151
f 3133 3134 3142
f 3142 3134 3856
f 3142 3856 3144
f 3144 3856 3982
f 3144 3982 3146
f 3146 3982 3984
f 3146 3984 3148
f 3148 3984 3985
f 3148 3985 3150
f 3150 3985 4049
f 3150 4049 3121
f 3121 4049 3122
f 3120 3102 3680
f 3680 3102 3103
f 3680 3103 3683
f 3683 3103 3105
f 3683 3105 3684
f 3684 3105 3107
f 3684 3107 3688
f 3688 3107 3109
f 3688 3109 3687
f 3687 3109 3111
f 3687 3111 3114
f 3114 3111 3113
f 3095 3096 3104
f 3104 3096 3975
f 3104 3975 3106
f 3106 3975 3974
f 3106 3974 3108
f 3108 3974 3978
f 3108 3978 3110
f 3110 3978 3980
f 3110 3980 3112
f 3112 3980 3858
f 3112 3858 3083
f 3083 3858 3084
f 3082 3064 3694
f 3694 3064 3065
f 3694 3065 3696
f 3696 3065 3067
f 3696 3067 3697
f 3697 3067 3069
f 3697 3069 3698
f 3698 3069 3071
f 3698 3071 3692
f 3692 3071 3073
f 3692 3073 3076
f 3076 3073 3075
f 3057 3058 3066
f 3066 3058 3973
f 3066 3973 3068
f 3068 3973 3972
f 3068 3972 3070
f 3070 3972 3971
f 3070 3971 3072
f 3072 3971 3969
f 3072 3969 3074
f 3074 3969 3968
f 3074 3968 3045
f 3045 3968 3046
f 3044 3026 3701
f 3701 3026 3027
f 3701 3027 3704
f 3704 3027 3029
f 3704 3029 3705
f 3705 3029 3031
f 3705 3031 3706
f 3706 3031 3033
f 3706 3033 3700
f 3700 3033 3035
f 3700 3035 3038
f 3038 3035 3037
f 3019 3020 3028
f 3028 3020 3959
f 3028 3959 3030
f 3030 3959 3958
f 3030 3958 3032
f 3032 3958 3963
f 3032 3963 3034
f 3034 3963 3962
f 3034 3962 3036
f 3036 3962 3961
f 3036 3961 3007
f 3007 3961 3008
f 3006 2987 3715
f 3715 2987 2988
f 3715 2988 3708
f 3708 2988 2990
f 3708 2990 3709
f 3709 2990 2992
f 3709 2992 3710
f 3710 2992 2994
f 3710 2994 3712
f 3712 2994 2996
f 3712 2996 3000
f 3000 2996 2998
f 2981 2982 2989
f 2989 2982 3957
f 2989 3957 2991
f 2991 3957 3956
f 2991 3956 2993
f 2993 3956 3955
f 2993 3955 2995
f 2995 3955 3954
f 2995 3954 2997
f 2997 3954 3952
f 2997 3952 2969
f 2969 3952 2970
f 2968 2948 3719
f 3719 2948 2949
f 3719 2949 3716
f 3716 2949 2951
f 3716 2951 3717
f 3717 2951 2953
f 3717 2953 3720
f 3720 2953 2955
f 3720 2955 3721
f 3721 2955 2957
f 3721 2957 2962
f 2962 2957 2959
f 2943 2944 2950
f 2950 2944 3949
f 2950 3949 2952
f 2952 3949 3948
f 2952 3948 2954
f 2954 3948 3946
f 2954 3946 2956
f 2956 3946 3944
f 2956 3944 2958
f 2958 3944 3943
f 2958 3943 2931
f 2931 3943 2932
f 2922 2924 2923
f 2923 2924 2925
f 2923 2925 2926
f 2892 4144 4145
f 4146 4144 2892
f 2890 4146 2892
f 2892 4147 2878
f 4148 4147 2892
f 4145 4148 2892
f 2890 2891 4146
f 4146 2891 3776
f 4146 3776 4144
f 4144 3776 3780
f 4144 3780 4145
f 4145 3780 3779
f 4145 3779 4148
f 4148 3779 3778
f 4148 3778 4147
f 4147 3778 3777
f 4147 3777 2878
f 2878 3777 2879
f 2877 4149 4150
f 4151 4149 2877
f 2875 4151 2877
f 2877 4152 2863
f 4153 4152 2877
f 4150 4153 2877
f 2875 2876 4151
f 4151 2876 3772
f 4151 3772 4149
f 4149 3772 3771
f 4149 3771 4150
f 4150 3771 3768
f 4150 3768 4153
f 4153 3768 3767
f 4153 3767 4152
f 4152 3767 3770
f 4152 3770 2863
f 2863 3770 2864
f 2862 4154 4155
f 4156 4154 2862
f 2860 4156 2862
f 2862 4157 2848
f 4158 4157 2862
f 4155 4158 2862
f 2860 2861 4156
f 4156 2861 3774
f 4156 3774 4154
f 4154 3774 3773
f 4154 3773 4155
f 4155 3773 3766
f 4155 3766 4158
f 4158 3766 3765
f 4158 3765 4157
f 4157 3765 3775
f 4157 3775 2848
f 2848 3775 2849
f 2847 4159 4160
f 4161 4159 2847
f 2846 4161 2847
f 2847 4162 2840
f 4163 4162 2847
f 4160 4163 2847
f 2846 259 4161
f 4161 259 261
f 4161 261 4159
f 4159 261 263
f 4159 263 4160
f 4160 263 265
f 4160 265 4163
f 4163 265 585
f 4163 585 4162
f 4162 585 590
f 4162 590 2840
f 2840 590 589
f 2839 4164 4165
f 4166 4164 2839
f 2838 4166 2839
f 2839 4167 2832
f 4168 4167 2839
f 4165 4168 2839
f 2838 273 4166
f 4166 273 275
f 4166 275 4164
f 4164 275 277
f 4164 277 4165
f 4165 277 279
f 4165 279 4168
f 4168 279 607
f 4168 607 4167
f 4167 607 608
f 4167 608 2832
f 2832 608 604
f 3746 2829 2828
f 2828 4140 3746
f 3746 4140 4139
f 3746 4139 3747
f 4139 4138 3747
f 3747 4138 4137
f 3747 4137 3748
f 4137 4136 3748
f 3748 4136 4135
f 3748 4135 3750
f 3750 4135 4134
f 3750 4134 3751
f 4134 4133 3751
f 3751 4133 4132
f 3751 4132 3743
f 4132 4131 3743
f 3743 4131 4130
f 3743 4130 3741
f 2810 2809 4128
f 4128 2809 3741
f 4128 3741 4129
f 4129 3741 4130
f 2807 2806 4141
f 2807 4141 3870
f 3870 4141 4142
f 3870 4142 3882
f 3882 4142 4143
f 3882 4143 3884
f 3884 4143 2786
f 3884 2786 2787
f 2613 2599 4169
f 2599 2586 4170
f 2586 2585 3927
f 2586 3927 4170
f 4170 3927 3926
f 4170 3926 4171
f 4171 3926 3924
f 4171 3924 4172
f 4172 3924 3923
f 4172 3923 4173
f 4173 3923 3934
f 4173 3934 4174
f 4174 3934 3933
f 4174 3933 4175
f 4175 3933 3932
f 4175 3932 4176
f 4176 3932 3929
f 4176 3929 4177
f 4177 3929 3928
f 4177 3928 4178
f 4178 3928 3937
f 4178 3937 4179
f 4179 3937 3936
f 4179 3936 4180
f 4180 3936 3935
f 4180 3935 4181
f 4181 3935 4067
f 4181 4067 4182
f 4182 4067 2559
f 4182 2559 2557
f 2599 4170 4169
f 4169 4170 4171
f 4169 4171 4183
f 4183 4171 4172
f 4183 4172 4184
f 4184 4172 4173
f 4184 4173 4185
f 4185 4173 4174
f 4185 4174 4186
f 4186 4174 4175
f 4186 4175 4187
f 4187 4175 4176
f 4187 4176 4188
f 4188 4176 4177
f 4188 4177 4189
f 4189 4177 4178
f 4189 4178 4190
f 4190 4178 4179
f 4190 4179 4191
f 4191 4179 4180
f 4191 4180 4192
f 4192 4180 4181
f 4192 4181 4193
f 4193 4181 4182
f 4193 4182 4194
f 4194 4182 2557
f 4194 2557 4195
f 2613 4169 3802
f 3802 4169 4183
f 3802 4183 3801
f 3801 4183 4184
f 3801 4184 3800
f 3800 4184 4185
f 3800 4185 3799
f 3799 4185 4186
f 3799 4186 3812
f 3812 4186 4187
f 3812 4187 3811
f 3811 4187 4188
f 3811 4188 3810
f 3810 4188 4189
f 3810 4189 3809
f 3809 4189 4190
f 3809 4190 3808
f 3808 4190 4191
f 3808 4191 3807
f 3807 4191 4192
f 3807 4192 3806
f 3806 4192 4193
f 3806 4193 3805
f 3805 4193 4194
f 3805 4194 3804
f 3804 4194 4195
f 3804 4195 3803
f 2553 4196 4197
f 4198 4196 2553
f 2551 4198 2553
f 2553 4199 2539
f 4200 4199 2553
f 4197 4200 2553
f 2551 2552 4198
f 4198 2552 3894
f 4198 3894 4196
f 4196 3894 3895
f 4196 3895 4197
f 4197 3895 3893
f 4197 3893 4200
f 4200 3893 3892
f 4200 3892 4199
f 4199 3892 3891
f 4199 3891 2539
f 2539 3891 2540
f 2538 4201 4202
f 4203 4201 2538
f 2536 4203 2538
f 2538 4204 2524
f 4205 4204 2538
f 4202 4205 2538
f 2536 2537 4203
f 4203 2537 3875
f 4203 3875 4201
f 4201 3875 3880
f 4201 3880 4202
f 4202 3880 3879
f 4202 3879 4205
f 4205 3879 3878
f 4205 3878 4204
f 4204 3878 3877
f 4204 3877 2524
f 2524 3877 2525
f 2523 4206 4207
f 4208 4206 2523
f 2521 4208 2523
f 2523 4209 2509
f 4210 4209 2523
f 4207 4210 2523
f 2521 2522 4208
f 4208 2522 3902
f 4208 3902 4206
f 4206 3902 3901
f 4206 3901 4207
f 4207 3901 3900
f 4207 3900 4210
f 4210 3900 3899
f 4210 3899 4209
f 4209 3899 3898
f 4209 3898 2509
f 2509 3898 2510
f 2508 4211 4212
f 4213 4211 2508
f 2506 4213 2508
f 2508 4214 2494
f 4215 4214 2508
f 4212 4215 2508
f 2506 2507 4213
f 4213 2507 3862
f 4213 3862 4211
f 4211 3862 3914
f 4211 3914 4212
f 4212 3914 3913
f 4212 3913 4215
f 4215 3913 3912
f 4215 3912 4214
f 4214 3912 3916
f 4214 3916 2494
f 2494 3916 2495
f 2493 4216 4217
f 4218 4216 2493
f 2491 4218 2493
f 2493 4219 2479
f 4220 4219 2493
f 4217 4220 2493
f 2491 2492 4218
f 4218 2492 3864
f 4218 3864 4216
f 4216 3864 3910
f 4216 3910 4217
f 4217 3910 3908
f 4217 3908 4220
f 4220 3908 3907
f 4220 3907 4219
f 4219 3907 3906
f 4219 3906 2479
f 2479 3906 2480
f 4221 4222 4223
f 4223 4222 4224
f 4223 4224 4225
f 4225 4224 4226
f 4225 4226 4227
f 4227 4226 4228
f 4227 4228 4229
f 4229 4228 4230
f 4229 4230 4231
f 4231 4230 4232
f 4231 4232 4233
f 4233 4232 4234
f 4235 4233 4236
f 4236 4233 4237
f 4236 4237 4238
f 4238 4237 4239
f 4238 4239 4240
f 4240 4239 4241
f 4240 4241 4242
f 4242 4241 4243
f 4242 4243 4244
f 4244 4243 4245
f 4244 4245 4246
f 4246 4245 4221
f 4246 4221 4247
f 4247 4221 4223
f 4247 4223 4248
f 4248 4223 4225
f 4248 4225 4249
f 4249 4225 4227
f 4249 4227 4250
f 4250 4227 4229
f 4250 4229 4251
f 4251 4229 4231
f 4251 4231 4235
f 4235 4231 4233
f 4252 4246 4253
f 4253 4246 4247
f 4253 4247 4254
f 4254 4247 4248
f 4254 4248 4255
f 4255 4248 4249
f 4255 4249 4256
f 4256 4249 4250
f 4256 4250 4257
f 4257 4250 4251
f 4257 4251 4258
f 4258 4251 4235
f 4259 4260 4261
f 4261 4260 4262
f 4261 4262 4263
f 4263 4262 4264
f 4263 4264 4265
f 4265 4264 4266
f 4265 4266 4267
f 4267 4266 4268
f 4267 4268 4269
f 4269 4268 4270
f 4269 4270 4271
f 4271 4270 4272
f 4273 4271 4274
f 4274 4271 4275
f 4274 4275 4276
f 4276 4275 4277
f 4276 4277 4278
f 4278 4277 4279
f 4278 4279 4280
f 4280 4279 4281
f 4280 4281 4282
f 4282 4281 4283
f 4282 4283 4284
f 4284 4283 4259
f 4284 4259 4285
f 4285 4259 4261
f 4285 4261 4286
f 4286 4261 4263
f 4286 4263 4287
f 4287 4263 4265
f 4287 4265 4288
f 4288 4265 4267
f 4288 4267 4289
f 4289 4267 4269
f 4289 4269 4273
f 4273 4269 4271
f 4290 4284 4291
f 4291 4284 4285
f 4291 4285 4292
f 4292 4285 4286
f 4292 4286 4293
f 4293 4286 4287
f 4293 4287 4294
f 4294 4287 4288
f 4294 4288 4295
f 4295 4288 4289
f 4295 4289 4296
f 4296 4289 4273
f 4297 4298 4299
f 4299 4298 4300
f 4299 4300 4301
f 4301 4300 4302
f 4301 4302 4303
f 4303 4302 4304
f 4303 4304 4305
f 4305 4304 4306
f 4305 4306 4307
f 4307 4306 4308
f 4307 4308 4309
f 4309 4308 4310
f 4311 4309 4312
f 4312 4309 4313
f 4312 4313 4314
f 4314 4313 4315
f 4314 4315 4316
f 4316 4315 4317
f 4316 4317 4318
f 4318 4317 4319
f 4318 4319 4320
f 4320 4319 4321
f 4320 4321 4322
f 4322 4321 4297
f 4322 4297 4323
f 4323 4297 4299
f 4323 4299 4324
f 4324 4299 4301
f 4324 4301 4325
f 4325 4301 4303
f 4325 4303 4326
f 4326 4303 4305
f 4326 4305 4327
f 4327 4305 4307
f 4327 4307 4311
f 4311 4307 4309
f 4328 4322 4329
f 4329 4322 4323
f 4329 4323 4330
f 4330 4323 4324
f 4330 4324 4331
f 4331 4324 4325
f 4331 4325 4332
f 4332 4325 4326
f 4332 4326 4333
f 4333 4326 4327
f 4333 4327 4334
f 4334 4327 4311
f 4335 4336 4337
f 4337 4336 4338
f 4337 4338 4339
f 4339 4338 4340
f 4339 4340 4341
f 4341 4340 4342
f 4341 4342 4343
f 4343 4342 4344
f 4343 4344 4345
f 4345 4344 4346
f 4345 4346 4347
f 4347 4346 4348
f 4349 4347 4350
f 4350 4347 4351
f 4350 4351 4352
f 4352 4351 4353
f 4352 4353 4354
f 4354 4353 4355
f 4354 4355 4356
f 4356 4355 4357
f 4356 4357 4358
f 4358 4357 4359
f 4358 4359 4360
f 4360 4359 4335
f 4360 4335 4361
f 4361 4335 4337
f 4361 4337 4362
f 4362 4337 4339
f 4362 4339 4363
f 4363 4339 4341
f 4363 4341 4364
f 4364 4341 4343
f 4364 4343 4365
f 4365 4343 4345
f 4365 4345 4349
f 4349 4345 4347
f 4366 4360 4367
f 4367 4360 4361
f 4367 4361 4368
f 4368 4361 4362
f 4368 4362 4369
f 4369 4362 4363
f 4369 4363 4370
f 4370 4363 4364
f 4370 4364 4371
f 4371 4364 4365
f 4371 4365 4372
f 4372 4365 4349
f 4373 4374 4375
f 4375 4374 4376
f 4375 4376 4377
f 4377 4376 4378
f 4377 4378 4379
f 4379 4378 4380
f 4379 4380 4381
f 4381 4380 4382
f 4381 4382 4383
f 4383 4382 4384
f 4383 4384 4385
f 4385 4384 4386
f 4387 4385 4388
f 4388 4385 4389
f 4388 4389 4390
f 4390 4389 4391
f 4390 4391 4392
f 4392 4391 4393
f 4392 4393 4394
f 4394 4393 4395
f 4394 4395 4396
f 4396 4395 4397
f 4396 4397 4398
f 4398 4397 4373
f 4398 4373 4399
f 4399 4373 4375
f 4399 4375 4400
f 4400 4375 4377
f 4400 4377 4401
f 4401 4377 4379
f 4401 4379 4402
f 4402 4379 4381
f 4402 4381 4403
f 4403 4381 4383
f 4403 4383 4387
f 4387 4383 4385
f 4404 4398 4405
f 4405 4398 4399
f 4405 4399 4406
f 4406 4399 4400
f 4406 4400 4407
f 4407 4400 4401
f 4407 4401 4408
f 4408 4401 4402
f 4408 4402 4409
f 4409 4402 4403
f 4409 4403 4410
f 4410 4403 4387
f 4411 4412 4413
f 4413 4412 4414
f 4413 4414 4415
f 4415 4414 4416
f 4415 4416 4417
f 4417 4416 4418
f 4417 4418 4419
f 4419 4418 4420
f 4419 4420 4421
f 4421 4420 4422
f 4421 4422 4423
f 4423 4422 4424
f 4425 4421 4423
f 4426 4427 4428
f 4421 4425 4419
f 4415 4417 4429
f 4430 4431 4432
f 4433 4434 4435
f 4436 4433 4437
f 4436 4438 4439
f 4439 4438 4440
f 4441 4442 4443
f 4443 4442 4444
f 4443 4444 4445
f 4445 4444 4446
f 4445 4446 4447
f 4447 4446 4448
f 4447 4448 4434
f 4411 4413 4449
f 4449 4413 4450
f 4449 4450 4451
f 4451 4450 4452
f 4451 4452 4453
f 4453 4452 4454
f 4453 4454 4455
f 4455 4454 4456
f 4455 4456 4457
f 4457 4456 4458
f 4457 4458 4431
f 4440 4438 4459
f 4459 4438 4460
f 4459 4460 4461
f 4442 4462 4444
f 4444 4462 4463
f 4444 4463 4446
f 4446 4463 4464
f 4446 4464 4448
f 4448 4464 4465
f 4413 4415 4450
f 4450 4415 4429
f 4450 4429 4452
f 4452 4429 4466
f 4452 4466 4454
f 4454 4466 4467
f 4454 4467 4456
f 4456 4467 4468
f 4456 4468 4458
f 4458 4468 4469
f 4462 4470 4463
f 4463 4470 4471
f 4463 4471 4464
f 4464 4471 4472
f 4464 4472 4465
f 4465 4472 4473
f 4417 4419 4429
f 4429 4419 4425
f 4429 4425 4466
f 4466 4425 4474
f 4466 4474 4467
f 4467 4474 4475
f 4467 4475 4468
f 4468 4475 4476
f 4468 4476 4469
f 4469 4476 4477
f 4461 4460 4478
f 4478 4460 4428
f 4478 4428 4479
f 4479 4428 4427
f 4479 4427 4480
f 4436 4437 4438
f 4438 4437 4481
f 4438 4481 4460
f 4460 4481 4482
f 4460 4482 4428
f 4428 4482 4483
f 4428 4483 4426
f 4433 4435 4437
f 4437 4435 4484
f 4437 4484 4481
f 4481 4484 4485
f 4481 4485 4482
f 4482 4485 4486
f 4482 4486 4483
f 4434 4448 4435
f 4435 4448 4465
f 4435 4465 4484
f 4484 4465 4473
f 4484 4473 4485
f 4485 4473 4487
f 4485 4487 4486
f 4488 4470 4489
f 4489 4470 4462
f 4489 4462 4490
f 4490 4462 4442
f 4490 4442 4491
f 4491 4442 4441
f 4491 4441 4430
f 4488 4492 4470
f 4470 4492 4493
f 4470 4493 4471
f 4471 4493 4494
f 4471 4494 4472
f 4472 4494 4495
f 4472 4495 4473
f 4473 4495 4496
f 4473 4496 4487
f 4430 4432 4491
f 4491 4432 4497
f 4491 4497 4490
f 4490 4497 4498
f 4490 4498 4489
f 4489 4498 4499
f 4489 4499 4488
f 4431 4458 4432
f 4432 4458 4469
f 4432 4469 4497
f 4497 4469 4477
f 4497 4477 4498
f 4498 4477 4500
f 4498 4500 4499
f 4423 4501 4425
f 4425 4501 4502
f 4425 4502 4474
f 4474 4502 4503
f 4474 4503 4475
f 4475 4503 4504
f 4475 4504 4476
f 4476 4504 4505
f 4476 4505 4477
f 4477 4505 4506
f 4477 4506 4500
f 4507 4508 4509
f 4510 4511 4512
f 4513 4514 4515
f 4516 4517 4518
f 4519 4520 4521
f 4522 4519 4523
f 4524 4522 4525
f 4526 4524 4527
f 4528 4526 4529
f 4530 4528 4531
f 4530 4532 4412
f 4412 4532 4414
f 4521 4520 4533
f 4533 4520 4534
f 4533 4534 4535
f 4535 4534 4536
f 4535 4536 4537
f 4537 4536 4538
f 4537 4538 4539
f 4516 4514 4540
f 4540 4514 4513
f 4540 4513 4541
f 4414 4532 4416
f 4416 4532 4542
f 4416 4542 4418
f 4543 4521 4544
f 4544 4521 4533
f 4544 4533 4545
f 4545 4533 4535
f 4545 4535 4546
f 4546 4535 4537
f 4546 4537 4547
f 4547 4537 4539
f 4547 4539 4548
f 4549 4543 4550
f 4550 4543 4544
f 4550 4544 4551
f 4551 4544 4545
f 4551 4545 4552
f 4552 4545 4546
f 4552 4546 4553
f 4553 4546 4547
f 4553 4547 4554
f 4554 4547 4548
f 4554 4548 4555
f 4516 4518 4514
f 4514 4518 4556
f 4514 4556 4515
f 4515 4556 4557
f 4515 4557 4558
f 4559 4541 4560
f 4560 4541 4513
f 4560 4513 4561
f 4561 4513 4515
f 4561 4515 4507
f 4507 4515 4558
f 4507 4558 4508
f 4418 4542 4420
f 4420 4542 4562
f 4420 4562 4422
f 4422 4562 4563
f 4422 4563 4424
f 4564 4565 4566
f 4530 4531 4532
f 4532 4531 4567
f 4532 4567 4542
f 4542 4567 4564
f 4542 4564 4562
f 4562 4564 4566
f 4562 4566 4563
f 4528 4529 4531
f 4531 4529 4568
f 4531 4568 4567
f 4567 4568 4569
f 4567 4569 4564
f 4564 4569 4570
f 4564 4570 4565
f 4526 4527 4529
f 4529 4527 4571
f 4529 4571 4568
f 4568 4571 4512
f 4568 4512 4569
f 4569 4512 4511
f 4569 4511 4570
f 4524 4525 4527
f 4527 4525 4572
f 4527 4572 4571
f 4571 4572 4573
f 4571 4573 4512
f 4512 4573 4574
f 4512 4574 4510
f 4522 4523 4525
f 4525 4523 4575
f 4525 4575 4572
f 4572 4575 4576
f 4572 4576 4573
f 4573 4576 4577
f 4573 4577 4574
f 4519 4521 4523
f 4523 4521 4543
f 4523 4543 4575
f 4575 4543 4549
f 4575 4549 4576
f 4576 4549 4578
f 4576 4578 4577
f 4553 4579 4552
f 4552 4579 4580
f 4552 4580 4551
f 4551 4580 4581
f 4551 4581 4550
f 4550 4581 4582
f 4550 4582 4549
f 4549 4582 4583
f 4549 4583 4578
f 4584 4585 4555
f 4555 4585 4586
f 4555 4586 4554
f 4554 4586 4587
f 4554 4587 4553
f 4553 4587 4588
f 4553 4588 4579
f 4538 4559 4539
f 4539 4559 4560
f 4539 4560 4548
f 4548 4560 4561
f 4548 4561 4555
f 4555 4561 4507
f 4555 4507 4584
f 4584 4507 4509
f 4480 4509 4479
f 4479 4509 4508
f 4479 4508 4478
f 4478 4508 4558
f 4478 4558 4461
f 4461 4558 4557
f 4461 4557 4459
f 4459 4557 4556
f 4459 4556 4440
f 4440 4556 4518
f 4440 4518 4439
f 4439 4518 4517
f 4516 4540 4412
f 4412 4540 4541
f 4522 4538 4536
f 4536 4534 4522
f 4522 4534 4520
f 4522 4520 4519
f 4522 4524 4538
f 4538 4524 4526
f 4538 4526 4528
f 4430 4441 4411
f 4411 4441 4443
f 4411 4443 4445
f 4541 4559 4412
f 4412 4559 4538
f 4412 4538 4530
f 4530 4538 4528
f 4455 4457 4411
f 4411 4457 4431
f 4411 4431 4430
f 4433 4436 4411
f 4411 4436 4439
f 4411 4439 4412
f 4412 4439 4517
f 4412 4517 4516
f 4455 4411 4453
f 4453 4411 4449
f 4453 4449 4451
f 4445 4447 4411
f 4411 4447 4434
f 4411 4434 4433
f 4589 4509 4590
f 4590 4509 4480
f 4590 4480 4591
f 4509 4589 4584
f 4584 4589 4592
f 4584 4592 4585
f 4585 4592 4586
f 4586 4592 4593
f 4586 4593 4587
f 4587 4593 4588
f 4588 4593 4594
f 4588 4594 4579
f 4579 4594 4580
f 4580 4594 4595
f 4580 4595 4581
f 4581 4595 4582
f 4582 4595 4596
f 4582 4596 4583
f 4583 4596 4578
f 4578 4596 4597
f 4578 4597 4577
f 4577 4597 4574
f 4574 4597 4598
f 4574 4598 4510
f 4510 4598 4511
f 4511 4598 4599
f 4511 4599 4570
f 4570 4599 4565
f 4565 4599 4600
f 4565 4600 4566
f 4566 4600 4563
f 4563 4600 4601
f 4563 4601 4424
f 4602 4423 4603
f 4603 4423 4424
f 4603 4424 4601
f 4423 4602 4501
f 4501 4602 4604
f 4501 4604 4502
f 4502 4604 4503
f 4503 4604 4605
f 4503 4605 4504
f 4504 4605 4505
f 4505 4605 4606
f 4505 4606 4506
f 4506 4606 4500
f 4500 4606 4607
f 4500 4607 4499
f 4499 4607 4488
f 4488 4607 4608
f 4488 4608 4492
f 4492 4608 4493
f 4493 4608 4609
f 4493 4609 4494
f 4494 4609 4495
f 4495 4609 4610
f 4495 4610 4496
f 4496 4610 4487
f 4487 4610 4611
f 4487 4611 4486
f 4486 4611 4483
f 4483 4611 4612
f 4483 4612 4426
f 4426 4612 4427
f 4427 4612 4591
f 4427 4591 4480
f 4613 4614 4615
f 4615 4614 4616
f 4615 4616 4617
f 4617 4616 4618
f 4617 4618 4619
f 4619 4618 4620
f 4619 4620 4621
f 4622 4623 4613
f 4613 4623 4624
f 4613 4624 4614
f 4613 4625 4622
f 4622 4625 4626
f 4622 4626 4627
f 4627 4626 4628
f 4627 4628 4629
f 4629 4628 4630
f 4629 4630 4631
f 4631 4630 4632
f 4631 4632 4633
f 4633 4632 4634
f 4633 4634 4635
f 4635 4634 4636
f 4635 4636 4637
f 4637 4636 4638
f 4637 4638 4639
f 4639 4638 4640
f 4640 4638 4641
f 4640 4641 4642
f 4621 4620 4643
f 4643 4620 4644
f 4643 4644 4645
f 4642 4641 4646
f 4642 4646 4647
f 4647 4646 4648
f 4647 4648 4649
f 4649 4648 4650
f 4649 4650 4651
f 4372 4652 4653
f 4606 4605 4652
f 4295 4296 4654
f 4655 4656 4657
f 4408 4409 4658
f 4658 4409 4410
f 4658 4410 4657
f 4408 4658 4407
f 4407 4658 4659
f 4407 4659 4406
f 4410 4660 4657
f 4657 4660 4661
f 4657 4661 4655
f 4655 4661 4662
f 4406 4659 4405
f 4405 4659 4663
f 4405 4663 4404
f 4404 4663 4664
f 4404 4664 4665
f 4665 4664 4666
f 4665 4666 4667
f 4667 4666 4668
f 4667 4668 4662
f 4662 4668 4669
f 4662 4669 4655
f 4670 4671 4672
f 4672 4671 4673
f 4672 4673 4658
f 4658 4673 4674
f 4658 4674 4659
f 4675 4676 4677
f 4334 4678 4679
f 4679 4678 4680
f 4679 4680 4677
f 4677 4680 4681
f 4677 4681 4675
f 4670 4682 4683
f 4683 4682 4677
f 4683 4677 4684
f 4684 4677 4676
f 4333 4685 4332
f 4332 4685 4686
f 4676 4328 4684
f 4684 4328 4329
f 4684 4329 4687
f 4687 4329 4330
f 4687 4330 4686
f 4686 4330 4331
f 4686 4331 4332
f 4688 4689 4679
f 4679 4689 4690
f 4333 4334 4685
f 4685 4334 4679
f 4685 4679 4691
f 4691 4679 4690
f 4692 4693 4694
f 4694 4693 4695
f 4694 4695 4688
f 4688 4695 4696
f 4688 4696 4689
f 4697 4698 4692
f 4692 4698 4699
f 4699 4700 4692
f 4692 4700 4701
f 4692 4701 4693
f 4694 4253 4254
f 4256 4257 4692
f 4692 4257 4258
f 4692 4258 4697
f 4694 4254 4692
f 4692 4254 4255
f 4692 4255 4256
f 4702 4703 4704
f 4704 4703 4705
f 4704 4705 4694
f 4694 4705 4252
f 4694 4252 4253
f 4654 4296 4706
f 4296 4707 4706
f 4706 4707 4708
f 4706 4708 4709
f 4292 4590 4291
f 4291 4590 4591
f 4291 4591 4290
f 4290 4591 4710
f 4710 4591 4612
f 4710 4612 4711
f 4711 4612 4611
f 4711 4611 4712
f 4293 4294 4704
f 4258 4713 4697
f 4697 4713 4714
f 4697 4714 4715
f 4715 4714 4702
f 4715 4702 4716
f 4716 4702 4704
f 4716 4704 4654
f 4654 4704 4294
f 4654 4294 4295
f 4708 4712 4709
f 4709 4712 4611
f 4709 4611 4717
f 4717 4611 4718
f 4611 4610 4718
f 4718 4610 4609
f 4718 4609 4719
f 4719 4609 4608
f 4719 4608 4720
f 4608 4607 4720
f 4720 4607 4606
f 4720 4606 4721
f 4721 4606 4652
f 4721 4652 4722
f 4656 4723 4724
f 4724 4366 4656
f 4656 4366 4367
f 4656 4367 4657
f 4657 4367 4368
f 4369 4370 4653
f 4653 4370 4371
f 4653 4371 4372
f 4372 4725 4652
f 4652 4725 4726
f 4652 4726 4722
f 4722 4726 4727
f 4722 4727 4723
f 4723 4727 4728
f 4723 4728 4724
f 4292 4293 4590
f 4590 4293 4704
f 4590 4704 4589
f 4589 4704 4694
f 4589 4694 4592
f 4592 4694 4593
f 4593 4694 4688
f 4593 4688 4594
f 4594 4688 4679
f 4594 4679 4595
f 4595 4679 4596
f 4596 4679 4677
f 4596 4677 4597
f 4729 4600 4682
f 4682 4600 4599
f 4682 4599 4677
f 4677 4599 4598
f 4677 4598 4597
f 4605 4604 4652
f 4652 4604 4602
f 4652 4602 4653
f 4653 4602 4603
f 4653 4603 4729
f 4729 4603 4601
f 4729 4601 4600
f 4670 4672 4682
f 4682 4672 4658
f 4682 4658 4729
f 4729 4658 4657
f 4729 4657 4653
f 4653 4657 4368
f 4653 4368 4369
f 4645 4644 4730
f 4224 4222 4730
f 4730 4222 4731
f 4732 4733 4734
f 4735 4736 4733
f 4733 4736 4737
f 4733 4737 4734
f 4738 4739 4226
f 4735 4645 4736
f 4736 4645 4730
f 4736 4730 4740
f 4740 4730 4731
f 4730 4741 4224
f 4224 4741 4742
f 4224 4742 4226
f 4226 4742 4743
f 4226 4743 4738
f 4734 4234 4732
f 4732 4234 4232
f 4732 4232 4744
f 4744 4232 4230
f 4744 4230 4745
f 4745 4230 4228
f 4745 4228 4746
f 4746 4228 4226
f 4746 4226 4747
f 4747 4226 4739
f 4378 4376 4748
f 4748 4376 4651
f 4651 4376 4374
f 4651 4374 4649
f 4749 4750 4382
f 4382 4750 4751
f 4382 4751 4752
f 4374 4753 4649
f 4649 4753 4754
f 4649 4754 4647
f 4647 4754 4755
f 4647 4755 4642
f 4642 4755 4640
f 4756 4757 4730
f 4730 4757 4758
f 4730 4758 4759
f 4760 4741 4308
f 4378 4748 4380
f 4380 4748 4761
f 4380 4761 4382
f 4382 4761 4762
f 4382 4762 4749
f 4759 4763 4730
f 4730 4763 4764
f 4730 4764 4741
f 4741 4764 4310
f 4741 4310 4308
f 4308 4306 4760
f 4760 4306 4304
f 4760 4304 4765
f 4765 4304 4302
f 4765 4302 4766
f 4766 4302 4300
f 4766 4300 4752
f 4752 4300 4298
f 4752 4298 4382
f 4382 4298 4767
f 4382 4767 4384
f 4384 4767 4758
f 4384 4758 4386
f 4386 4758 4757
f 4348 4346 4730
f 4635 4768 4633
f 4633 4768 4769
f 4633 4769 4631
f 4631 4769 4770
f 4631 4770 4629
f 4629 4770 4771
f 4730 4623 4348
f 4348 4623 4622
f 4348 4622 4771
f 4771 4622 4772
f 4771 4772 4629
f 4346 4344 4730
f 4730 4344 4640
f 4730 4640 4756
f 4756 4640 4755
f 4344 4342 4640
f 4640 4342 4340
f 4640 4340 4639
f 4639 4340 4338
f 4639 4338 4637
f 4637 4338 4336
f 4637 4336 4635
f 4635 4336 4773
f 4635 4773 4768
f 4616 4774 4618
f 4618 4774 4272
f 4618 4272 4620
f 4620 4272 4270
f 4620 4270 4644
f 4644 4270 4268
f 4644 4268 4730
f 4730 4268 4266
f 4730 4266 4264
f 4264 4262 4730
f 4730 4262 4260
f 4730 4260 4623
f 4623 4260 4775
f 4623 4775 4624
f 4624 4775 4776
f 4624 4776 4614
f 4614 4776 4777
f 4614 4777 4616
f 4616 4777 4778
f 4616 4778 4774
f 4643 4715 4621
f 4621 4715 4716
f 4641 4669 4668
f 4641 4668 4646
f 4646 4668 4666
f 4646 4666 4648
f 4648 4666 4664
f 4648 4664 4650
f 4638 4655 4641
f 4641 4655 4669
f 4621 4716 4654
f 4621 4654 4619
f 4619 4654 4706
f 4619 4706 4617
f 4617 4706 4709
f 4617 4709 4615
f 4615 4709 4717
f 4615 4717 4613
f 4613 4717 4718
f 4613 4718 4625
f 4625 4718 4719
f 4625 4719 4626
f 4626 4719 4720
f 4626 4720 4628
f 4628 4720 4721
f 4628 4721 4630
f 4630 4721 4722
f 4630 4722 4632
f 4632 4722 4723
f 4632 4723 4634
f 4634 4723 4656
f 4634 4656 4636
f 4636 4656 4655
f 4636 4655 4638
f 4715 4643 4697
f 4697 4643 4779
f 4697 4779 4698
f 4698 4779 4780
f 4698 4780 4699
f 4699 4780 4781
f 4699 4781 4700
f 4650 4664 4663
f 4650 4663 4782
f 4782 4663 4659
f 4782 4659 4783
f 4783 4659 4674
f 4783 4674 4784
f 4784 4674 4673
f 4784 4673 4785
f 4785 4673 4671
f 4785 4671 4786
f 4786 4671 4670
f 4786 4670 4787
f 4787 4670 4683
f 4787 4683 4788
f 4788 4683 4684
f 4788 4684 4789
f 4789 4684 4687
f 4789 4687 4790
f 4790 4687 4686
f 4790 4686 4791
f 4791 4686 4685
f 4791 4685 4792
f 4792 4685 4691
f 4792 4691 4793
f 4793 4691 4690
f 4793 4690 4794
f 4794 4690 4689
f 4794 4689 4795
f 4795 4689 4696
f 4795 4696 4796
f 4796 4696 4695
f 4796 4695 4797
f 4797 4695 4693
f 4797 4693 4798
f 4798 4693 4701
f 4798 4701 4799
f 4799 4701 4700
f 4799 4700 4781
f 4732 4781 4780
f 4732 4780 4733
f 4733 4780 4779
f 4733 4779 4735
f 4735 4779 4643
f 4735 4643 4645
f 4651 4650 4782
f 4651 4782 4748
f 4748 4782 4783
f 4748 4783 4761
f 4761 4783 4784
f 4761 4784 4762
f 4762 4784 4785
f 4762 4785 4749
f 4749 4785 4786
f 4749 4786 4750
f 4750 4786 4787
f 4750 4787 4751
f 4751 4787 4788
f 4751 4788 4752
f 4752 4788 4789
f 4752 4789 4766
f 4766 4789 4790
f 4766 4790 4765
f 4765 4790 4791
f 4765 4791 4760
f 4760 4791 4741
f 4741 4791 4792
f 4741 4792 4742
f 4742 4792 4793
f 4742 4793 4743
f 4743 4793 4794
f 4743 4794 4738
f 4738 4794 4795
f 4738 4795 4739
f 4739 4795 4796
f 4739 4796 4747
f 4747 4796 4797
f 4747 4797 4746
f 4746 4797 4798
f 4746 4798 4745
f 4745 4798 4799
f 4745 4799 4744
f 4744 4799 4781
f 4744 4781 4732
f 4410 4387 4660
f 4660 4387 4388
f 4660 4388 4661
f 4661 4388 4390
f 4661 4390 4662
f 4662 4390 4392
f 4662 4392 4667
f 4667 4392 4394
f 4667 4394 4665
f 4665 4394 4396
f 4665 4396 4404
f 4404 4396 4398
f 4385 4386 4389
f 4389 4386 4757
f 4389 4757 4391
f 4391 4757 4756
f 4391 4756 4393
f 4393 4756 4755
f 4393 4755 4395
f 4395 4755 4754
f 4395 4754 4397
f 4397 4754 4753
f 4397 4753 4373
f 4373 4753 4374
f 4372 4349 4725
f 4725 4349 4350
f 4725 4350 4726
f 4726 4350 4352
f 4726 4352 4727
f 4727 4352 4354
f 4727 4354 4728
f 4728 4354 4356
f 4728 4356 4724
f 4724 4356 4358
f 4724 4358 4366
f 4366 4358 4360
f 4347 4348 4351
f 4351 4348 4771
f 4351 4771 4353
f 4353 4771 4770
f 4353 4770 4355
f 4355 4770 4769
f 4355 4769 4357
f 4357 4769 4768
f 4357 4768 4359
f 4359 4768 4773
f 4359 4773 4335
f 4335 4773 4336
f 4334 4311 4678
f 4678 4311 4312
f 4678 4312 4680
f 4680 4312 4314
f 4680 4314 4681
f 4681 4314 4316
f 4681 4316 4675
f 4675 4316 4318
f 4675 4318 4676
f 4676 4318 4320
f 4676 4320 4328
f 4328 4320 4322
f 4309 4310 4313
f 4313 4310 4764
f 4313 4764 4315
f 4315 4764 4763
f 4315 4763 4317
f 4317 4763 4759
f 4317 4759 4319
f 4319 4759 4758
f 4319 4758 4321
f 4321 4758 4767
f 4321 4767 4297
f 4297 4767 4298
f 4296 4273 4707
f 4707 4273 4274
f 4707 4274 4708
f 4708 4274 4276
f 4708 4276 4712
f 4712 4276 4278
f 4712 4278 4711
f 4711 4278 4280
f 4711 4280 4710
f 4710 4280 4282
f 4710 4282 4290
f 4290 4282 4284
f 4271 4272 4275
f 4275 4272 4774
f 4275 4774 4277
f 4277 4774 4778
f 4277 4778 4279
f 4279 4778 4777
f 4279 4777 4281
f 4281 4777 4776
f 4281 4776 4283
f 4283 4776 4775
f 4283 4775 4259
f 4259 4775 4260
f 4258 4235 4713
f 4713 4235 4236
f 4713 4236 4714
f 4714 4236 4238
f 4714 4238 4702
f 4702 4238 4240
f 4702 4240 4703
f 4703 4240 4242
f 4703 4242 4705
f 4705 4242 4244
f 4705 4244 4252
f 4252 4244 4246
f 4233 4234 4237
f 4237 4234 4734
f 4237 4734 4239
f 4239 4734 4737
f 4239 4737 4241
f 4241 4737 4736
f 4241 4736 4243
f 4243 4736 4740
f 4243 4740 4245
f 4245 4740 4731
f 4245 4731 4221
f 4221 4731 4222
