mtllib converted_arml_Link5_cad1eeff.mtl
usemtl material
v 6.62689899399993e-06 -0.01115044392645359 -0.02429335005581379
v 0.0004851581179536879 -0.01128456275910139 -0.025179291144013405
v 0.0006066068890504539 -0.01112628635019064 -0.024134330451488495
v 0.0013471896527335048 -0.011222275905311108 -0.024768725037574768
v 0.00104578270111233 -0.01106045302003622 -0.023700006306171417
v 0.0019436769653111696 -0.011110171675682068 -0.024029012769460678
v 0.0012064777547493577 -0.01097058318555355 -0.023106753826141357
v 0.002156477887183428 -0.010970452800393105 -0.023106656968593597
v 0.0010456335730850697 -0.010880758985877037 -0.022513536736369133
v 0.0019434449495747685 -0.010830792598426342 -0.0221843458712101
v 0.0006063487962819636 -0.010815047658979893 -0.022079305723309517
v 0.0013467720709741116 -0.01071885321289301 -0.021444758400321007
v 6.328590643533971e-06 -0.010791055858135223 -0.02192041277885437
v 0.00048463730490766466 -0.010656804777681828 -0.021034371107816696
v -0.00047220263513736427 -0.010656937025487423 -0.021034469828009605
v -0.0005936513189226389 -0.010815213434398174 -0.022079432383179665
v -0.0013342341408133507 -0.010719223879277706 -0.02144503779709339
v -0.0010328271891921759 -0.010881046764552593 -0.022513756528496742
v -0.00193072110414505 -0.01083132904022932 -0.02218475379049778
v -0.0011935222428292036 -0.010970916599035263 -0.023107009008526802
v -0.002143522258847952 -0.01097104698419571 -0.023107105866074562
v -0.0010326780611649156 -0.011060740798711777 -0.023700226098299026
v -0.0019304893212392926 -0.011110707186162472 -0.024029415100812912
v -0.0005933931679464877 -0.011126452125608921 -0.024134455248713493
v -0.0013338164426386356 -0.01122264750301838 -0.02476900815963745
v -0.000471681822091341 -0.011284695006906986 -0.025179389864206314
v 4.129999524593586e-06 0.009217286482453346 -0.02737809345126152
v -0.0004741787270177156 0.00908303540199995 -0.028264135122299194
v -0.0005958900437690318 0.009241278283298016 -0.027219200506806374
v -0.0013363133184611797 0.009145082905888557 -0.027853751555085182
v -0.0010351749369874597 0.00930698961019516 -0.026784969493746758
v -0.0019329863134771585 0.009257023222744465 -0.027114160358905792
v -0.0011960191186517477 0.009396813809871674 -0.026191752403974533
v -0.002146019134670496 0.009396682493388653 -0.026191849261522293
v -0.00103532406501472 0.009486683644354343 -0.025598499923944473
v -0.0019332179799675941 0.009536401368677616 -0.02526949718594551
v -0.000596148194745183 0.009552516974508762 -0.025164175778627396
v -0.0013367310166358948 0.00964850652962923 -0.02452978305518627
v 3.831691174127627e-06 0.009576673619449139 -0.0250051561743021
v -0.0004746995400637388 0.009710793383419514 -0.024119215086102486
v 0.00048214042908512056 0.009710925631225109 -0.024119116365909576
v 0.0006038518622517586 0.009552682749927044 -0.025164050981402397
v 0.0013442750787362456 0.009648877196013927 -0.024529501795768738
v 0.0010431366972625256 0.0094869714230299 -0.025598280131816864
v 0.0019409479573369026 0.009536937810480595 -0.02526909112930298
v 0.0012039808789268136 0.009397147223353386 -0.026191499084234238
v 0.0021539810113608837 0.009397277608513832 -0.02619140036404133
v 0.0010432858252897859 0.009307277388870716 -0.026784749701619148
v 0.0019411800894886255 0.009257558733224869 -0.02711375616490841
v 0.0006041100132279098 0.009241444058716297 -0.027219073846936226
v 0.0013446927769109607 0.009145454503595829 -0.0278534684330225
v 0.00048266121302731335 0.009083167649805546 -0.028264036402106285
v -0.0011938494862988591 -0.008301358669996262 -0.023511318489909172
v -0.001033005304634571 -0.00839118380099535 -0.024104537442326546
v -0.0005937204114161432 -0.00845689419656992 -0.024538766592741013
v 6.299635515460977e-06 -0.008480885997414589 -0.02469766139984131
v 0.0006062796455807984 -0.008456728421151638 -0.024538641795516014
v 0.0010454554576426744 -0.008390895090997219 -0.024104317650198936
v 0.0012061505112797022 -0.008301026187837124 -0.023511065170168877
v -0.002143243560567498 -0.013245114125311375 -0.022762691602110863
v -0.001930210622958839 -0.013384774327278137 -0.023685002699494362
v -0.0013335376279428601 -0.01349671371281147 -0.0244245957583189
v -0.00047140303649939597 -0.013558762148022652 -0.024834977462887764
v 0.00048543690354563296 -0.013558629900217056 -0.024834878742694855
v 0.0013474684674292803 -0.013496342115104198 -0.02442431077361107
v 0.0019439557800069451 -0.013384237885475159 -0.02368459850549698
v 0.0021567565854638815 -0.013244519010186195 -0.022762244567275047
v -0.008418678306043148 -0.012721876613795757 -0.019302815198898315
v 0.008431321941316128 -0.012719542719423771 -0.019301047548651695
v -0.008419284597039223 -0.007778252009302378 -0.020051538944244385
v 0.008430715650320053 -0.007775918580591679 -0.020049771293997765
v 0.00215370231308043 0.011671342886984348 -0.026535814628005028
v 0.00194090127479285 0.011531624011695385 -0.02745816856622696
v 0.001344414078630507 0.01141951885074377 -0.02819788083434105
v 0.0004823824274353683 0.011357231996953487 -0.028608448803424835
v -0.0004744575126096606 0.011357099749147892 -0.028608547523617744
v -0.0013365921331569552 0.011419147253036499 -0.02819816581904888
v -0.0019332650117576122 0.011531087569892406 -0.027458572760224342
v -0.0021462980657815933 0.011670747771859169 -0.026536261662840843
v 0.0012043081223964691 0.0067275892943143845 -0.02578718774020672
v 0.0010436130687594414 0.006637719925493002 -0.02638043835759163
v 0.0006044372566975653 0.006571886595338583 -0.026814762502908707
v 4.45726345787989e-06 0.006547729484736919 -0.026973782107234
v -0.0005955628002993762 0.006571720354259014 -0.026814889162778854
v -0.0010348476935178041 0.0066374316811561584 -0.026380660012364388
v -0.0011956918751820922 0.006727256346493959 -0.025787441059947014
v -0.008421126753091812 0.007250363007187843 -0.022327661514282227
v 0.008428873494267464 0.007252696435898542 -0.022325893864035606
v -0.008421733044087887 0.012193985283374786 -0.023076385259628296
v 0.008428267203271389 0.012196319177746773 -0.023074617609381676
v 0.009579399600625038 -0.012753580696880817 -0.019526716321706772
v 0.009578793309628963 -0.007809956092387438 -0.02027544192969799
v 0.010552750900387764 -0.012850827537477016 -0.02016960084438324
v 0.010552145540714264 -0.007907203398644924 -0.02091832458972931
v 0.011203190311789513 -0.01299647893756628 -0.02113182842731476
v 0.011202584020793438 -0.008052854798734188 -0.021880552172660828
v 0.011431694030761719 -0.013168361969292164 -0.02226690948009491
v 0.011431087739765644 -0.008224737830460072 -0.02301563322544098
v 0.009576951153576374 0.007218658924102783 -0.022551562637090683
v 0.0095763448625803 0.012162281200289726 -0.023300286382436752
v 0.0105503024533391 0.007121412083506584 -0.023194445297122
v 0.0105496970936656 0.012065034359693527 -0.02394317090511322
v 0.011200741864740849 0.006975760217756033 -0.02415667474269867
v 0.011200135573744774 0.011919382028281689 -0.02490539848804474
v 0.011429245583713055 0.0068038771860301495 -0.02529175393283367
v 0.01142863929271698 0.01174749992787838 -0.02604047954082489
v 0.011433896608650684 -0.02336515113711357 -0.02982521615922451
v 0.011433151550590992 -0.02246668189764023 -0.02389286831021309
v 0.011299238540232182 -0.02296106331050396 -0.023818010464310646
v 0.0112999826669693 -0.023859532549977303 -0.029750358313322067
v 0.010933256708085537 -0.02332301251590252 -0.02376323752105236
v 0.01093400176614523 -0.024221479892730713 -0.029695585370063782
v 0.010433273389935493 -0.02345554530620575 -0.02374322898685932
v 0.010434018447995186 -0.024354014545679092 -0.029675576835870743
v 0.01143146026879549 -0.008673972450196743 -0.025981808081269264
v 0.0114296181127429 0.006354642566293478 -0.028257930651307106
v -0.0114185381680727 -0.008677136152982712 -0.025984201580286026
v -0.01142038032412529 0.006351478863507509 -0.028260324150323868
v 0.0006060214946046472 -0.008145489729940891 -0.022483617067337036
v 6.0013267102476675e-06 -0.008121498860418797 -0.02232472412288189
v -0.011418911628425121 -0.00822790153324604 -0.02301802672445774
v -0.011190692894160748 -0.008055955171585083 -0.02188289724290371
v 0.0010453063296154141 -0.008211201056838036 -0.022917848080396652
v -0.0005939785623922944 -0.008145656436681747 -0.022483743727207184
v -0.0010331544326618314 -0.008211489766836166 -0.02291806787252426
v -0.009567305445671082 -0.00781260710209608 -0.020277444273233414
v -0.010540495626628399 -0.007910123094916344 -0.020920533686876297
v -0.009566700085997581 -0.012756231240928173 -0.019528720527887344
v -0.010539889335632324 -0.012853747233748436 -0.020171809941530228
v -0.011190086603164673 -0.012999579310417175 -0.02113417163491249
v -0.011418305337429047 -0.013171525672078133 -0.022269301116466522
v 0.011432066559791565 -0.013617596589028835 -0.025233084335923195
v -0.0019304422894492745 -0.013105395250022411 -0.02184034138917923
v -0.011417931877076626 -0.013620760291814804 -0.025235477834939957
v 0.0004849160904996097 -0.012930870987474918 -0.020689958706498146
v -0.0004719238495454192 -0.012931003235280514 -0.020690057426691055
v -0.0013339553261175752 -0.012993290089070797 -0.02110062539577484
v 0.0013470507692545652 -0.0129929194226861 -0.021100344136357307
v 0.0019437236478552222 -0.013104858808219433 -0.021839933469891548
v -0.010415981523692608 -0.02435689978301525 -0.02967775985598564
v -0.010416727513074875 -0.023458432406187057 -0.02374541200697422
v -0.01091674156486988 -0.02332603745162487 -0.023765526711940765
v -0.010915997438132763 -0.024224504828453064 -0.029697874560952187
v -0.011282811872661114 -0.02296419069170952 -0.02382037416100502
v -0.011282066814601421 -0.023862658068537712 -0.02975272201001644
v -0.011416846886277199 -0.022469844669103622 -0.02389526180922985
v -0.011416101828217506 -0.023368313908576965 -0.029827609658241272
v 0.001940669259056449 0.01181100308895111 -0.02561350353062153
v 0.001343996380455792 0.011922942474484444 -0.024873914197087288
v 0.011429011821746826 0.011298264376819134 -0.029006654396653175
v -0.011420986615121365 0.011295100674033165 -0.029009047895669937
v 0.0004818616434931755 0.011984990909695625 -0.024463528767228127
v -0.0004749782965518534 0.01198485866189003 -0.024463627487421036
v -0.011421360075473785 0.011744336225092411 -0.026042871177196503
v -0.011193141341209412 0.011916281655430794 -0.02490774169564247
v -0.0013370098313316703 0.011922570876777172 -0.024874195456504822
v -0.0019334967946633697 0.011810466647148132 -0.02561391144990921
v -0.009569753892719746 0.01215963065624237 -0.023302290588617325
v -0.010542944073677063 0.012062113732099533 -0.023945380002260208
v -0.009569148533046246 0.0072160083800554276 -0.022553566843271255
v -0.010542337782680988 0.007118491921573877 -0.02319665439426899
v -0.011192535050213337 0.006972659844905138 -0.024159017950296402
v -0.01142075378447771 0.006800713483244181 -0.025294147431850433
v -0.0005958209512755275 0.006882959045469761 -0.024759864434599876
v 4.15895465266658e-06 0.006907116621732712 -0.024600844830274582
v -0.0010349968215450644 0.006817125715315342 -0.025194188579916954
v 0.000604179163929075 0.00688312528654933 -0.024759739637374878
v 0.001043463940732181 0.0068174139596521854 -0.025193968787789345
v -0.0114213265478611 0.01924571581184864 -0.036281611770391464
v -0.011422071605920792 0.020144185051321983 -0.030349263921380043
v -0.011288157664239407 0.020638568326830864 -0.030424121767282486
v -0.011287412606179714 0.01974009908735752 -0.036356471478939056
v -0.010922175832092762 0.021000515669584274 -0.03047889471054077
v -0.01092143077403307 0.02010204643011093 -0.03641124069690704
v -0.010422193445265293 0.021133050322532654 -0.03049890324473381
v -0.0104214483872056 0.02023458108305931 -0.03643125295639038
v 0.010428552515804768 0.02023746818304062 -0.03642906993627548
v 0.010427807457745075 0.021135937422513962 -0.030496720224618912
v 0.010927822440862656 0.021003540605306625 -0.030476605519652367
v 0.010928567498922348 0.020105071365833282 -0.03640895336866379
v 0.011293892748653889 0.020641693845391273 -0.030421758070588112
v 0.011294637806713581 0.01974322460591793 -0.03635410591959953
v 0.0114279268309474 0.020147349685430527 -0.03034687042236328
v 0.011428672820329666 0.019248880445957184 -0.03627921640872955
v 0.00902104564011097 0.017724644392728806 -0.029980245977640152
v 0.009128175675868988 0.01812014728784561 -0.030040131881833076
v 0.00902094878256321 0.01851562224328518 -0.03010004200041294
v 0.007635404821485281 0.017724452540278435 -0.02998039312660694
v 0.008728260174393654 0.01743508130311966 -0.029936430975794792
v 0.008328273892402649 0.017329055815935135 -0.029920421540737152
v 0.00792826060205698 0.017434971407055855 -0.029936514794826508
v 0.007528176065534353 0.018119925633072853 -0.030040301382541656
v 0.007635307963937521 0.01851543039083481 -0.03010018914937973
v 0.00792809296399355 0.018804991617798805 -0.03014400787651539
v 0.008328079245984554 0.01891101524233818 -0.03016001358628273
v 0.008728091605007648 0.01880510337650776 -0.030143924057483673
v -0.007624324411153793 -0.020046943798661232 -0.02426173724234104
v -0.00900996569544077 -0.020047135651111603 -0.02426188252866268
v -0.009117096662521362 -0.020442642271518707 -0.024201996624469757
v -0.008717180229723454 -0.019757578149437904 -0.02430570125579834
v -0.008317193947732449 -0.01965155079960823 -0.02432170696556568
v -0.007917179726064205 -0.01975746639072895 -0.024305617436766624
v -0.007517096120864153 -0.02044242061674595 -0.024201827123761177
v -0.007624227553606033 -0.020837923511862755 -0.024141941219568253
v -0.007917012088000774 -0.02112748473882675 -0.024098124355077744
v -0.008317000232636929 -0.021233510226011276 -0.024082114920020103
v -0.008717011660337448 -0.021127594634890556 -0.024098210036754608
v -0.009009867906570435 -0.020838115364313126 -0.024142086505889893
v 0.007528698071837425 0.017490997910499573 -0.034192945808172226
v 0.007635829038918018 0.017886502668261528 -0.03425282984972
v 0.007928614504635334 0.018176063895225525 -0.03429665043950081
v 0.008328601717948914 0.0182820875197649 -0.0343126580119133
v 0.008728614076972008 0.01817617379128933 -0.034296564757823944
v 0.009021470323204994 0.0178866945207119 -0.03425268828868866
v 0.009128698147833347 0.01749121956527233 -0.034192778170108795
v -0.009116574190557003 -0.021071569994091988 -0.028354639187455177
v -0.00900944322347641 -0.020676063373684883 -0.028414525091648102
v -0.008716657757759094 -0.020386505872011185 -0.02845834381878376
v -0.00831667147576809 -0.02028047852218151 -0.0284743495285511
v -0.00791665818542242 -0.02038639597594738 -0.028458259999752045
v -0.007623802404850721 -0.020675871521234512 -0.02841438166797161
v -0.007516574580222368 -0.02107134833931923 -0.028354473412036896
v -0.01042188610881567 0.019919706508517265 -0.031832244247198105
v 0.00542811444029212 0.01992190070450306 -0.03183058649301529
v -0.010419964790344238 0.004248421173542738 -0.0294587891548872
v 0.005430035293102264 0.004250615369528532 -0.029457129538059235
v -0.010416102595627308 -0.023368176072835922 -0.029827503487467766
v 0.010433897376060486 -0.023365288972854614 -0.029825320467352867
v 0.010428673587739468 0.01924874261021614 -0.03627932444214821
v -0.010421326383948326 0.019245855510234833 -0.03628150746226311
v 0.010433338582515717 -0.022691436111927032 -0.025376059114933014
v -0.005416661500930786 -0.022693632170557976 -0.02537771873176098
v 0.010431417264044285 -0.007020152639597654 -0.02774951420724392
v -0.005418582819402218 -0.007022347301244736 -0.027751173824071884
v 0.007228735368698835 0.017446033656597137 -0.03448959439992905
v 0.007376040332019329 0.017989853397011757 -0.03457193821668625
v 0.007778619881719351 0.018387991935014725 -0.03463218733668327
v 0.008328602649271488 0.018533779308199883 -0.034654196351766586
v 0.008878620341420174 0.01838814467191696 -0.03463207185268402
v 0.009281297214329243 0.017990117892622948 -0.03457174077630043
v 0.009428735822439194 0.017446337267756462 -0.03448936343193054
v -0.00941653735935688 -0.021116534247994423 -0.02865128591656685
v -0.0092692319303751 -0.020572716370224953 -0.0287336315959692
v -0.008866652846336365 -0.020174572244286537 -0.028793880715966225
v -0.008316670544445515 -0.02002878487110138 -0.028815893456339836
v -0.007766652386635542 -0.0201744195073843 -0.02879376709461212
v -0.007363975513726473 -0.020572451874613762 -0.02873343415558338
v -0.007216537371277809 -0.0211162306368351 -0.028651056811213493
v -0.00541628897190094 -0.023142866790294647 -0.028343893587589264
v -0.005418209824711084 -0.007471581920981407 -0.03071734867990017
v -0.010416289791464806 -0.023143557831645012 -0.02834441512823105
v -0.010419592261314392 0.00379918678663671 -0.032424960285425186
v 0.005430408287793398 0.0038013809826225042 -0.03242330253124237
v 0.005428486969321966 0.019472667947411537 -0.034796759486198425
v 0.010428487323224545 0.019473358988761902 -0.03479623794555664
v 0.010431790724396706 -0.007469387724995613 -0.030715690925717354
v -0.007766421418637037 -0.022058192640542984 -0.028508465737104416
v -0.007363842334598303 -0.02166004851460457 -0.02856871485710144
v -0.008316404186189175 -0.022203980013728142 -0.028486454859375954
v -0.00886642187833786 -0.02205834537744522 -0.02850857935845852
v -0.00926909875124693 -0.02166031301021576 -0.02856891229748726
v 0.007376173976808786 0.016902253031730652 -0.03440721705555916
v 0.0077788508497178555 0.01650422252714634 -0.03434688597917557
v 0.008328869007527828 0.01635858789086342 -0.034324757754802704
v 0.008878851309418678 0.016504375264048576 -0.034346770495176315
v 0.009281430393457413 0.016902517527341843 -0.03440701961517334
v 0.009021567180752754 0.017095714807510376 -0.03413289040327072
v 0.008728781715035439 0.01680615358054638 -0.03408907353878021
v 0.008328795433044434 0.016700126230716705 -0.03407306596636772
v 0.007928782142698765 0.016806043684482574 -0.03408915549516678
v 0.007635925896465778 0.017095524817705154 -0.03413303568959236
v -0.007623705547302961 -0.021466853097081184 -0.028294585645198822
v -0.00791649054735899 -0.021756412461400032 -0.028250766918063164
v -0.00831647776067257 -0.021862439811229706 -0.028234757483005524
v -0.008716490119695663 -0.021756522357463837 -0.02825085259974003
v -0.00900934636592865 -0.021467044949531555 -0.028294729068875313
v 0.010178516618907452 0.01922614686191082 -0.03475882485508919
v -0.010171482339501381 0.019223328679800034 -0.03476095572113991
v 0.01018367987126112 -0.022893523797392845 -0.028379695490002632
v -0.010166319087147713 -0.02289634197950363 -0.028381826356053352
v -0.010165076702833176 -0.02439378947019577 -0.03826907277107239
v -0.010170239955186844 0.017725881189107895 -0.044648200273513794
v 0.010179759934544563 0.01772869937121868 -0.044646069407463074
v 0.010184923186898232 -0.024390973150730133 -0.03826694190502167
v -0.01650078594684601 0.046993106603622437 -0.030370619148015976
v -0.016501199454069138 0.050354767590761185 -0.030879752710461617
v -0.01690252311527729 0.0467684306204319 -0.031853750348091125
v -0.01690293662250042 0.05013009533286095 -0.03236288204789162
v -0.018000463023781776 0.04660384729504585 -0.03293956071138382
v -0.018000874668359756 0.0499655120074749 -0.03344869241118431
v -0.01950041577219963 0.04654345661401749 -0.03333710879087448
v -0.01950082741677761 0.049905117601156235 -0.03384624049067497
v -0.021000463515520096 0.04660343378782272 -0.03293987363576889
v -0.021000877022743225 0.04996509477496147 -0.03344900533556938
v -0.02209867537021637 0.0467677116394043 -0.031854297965765
v -0.02209908701479435 0.050129372626543045 -0.03236342966556549
v -0.022500788792967796 0.04699227586388588 -0.030371248722076416
v -0.022501200437545776 0.05035393685102463 -0.030880382284522057
v -0.020972924306988716 0.046865202486515045 -0.031211504712700844
v -0.021200785413384438 0.046992454677820206 -0.030371112748980522
v -0.02097313478589058 0.04711977019906044 -0.02953067049384117
v -0.022099049761891365 0.04721694812178612 -0.028888121247291565
v -0.020350970327854156 0.047213032841682434 -0.02891537919640541
v -0.02100110799074173 0.047381531447172165 -0.02780231088399887
v -0.01950099878013134 0.047247257083654404 -0.028690103441476822
v -0.019501160830259323 0.04744192212820053 -0.02740476280450821
v -0.018650971353054047 0.04721326753497124 -0.028915200382471085
v -0.01800110936164856 0.047381944954395294 -0.0278019979596138
v -0.01802864857017994 0.04712017625570297 -0.029530363157391548
v -0.016902895644307137 0.04721766710281372 -0.02888757549226284
v -0.01780078560113907 0.04699292406439781 -0.03037075698375702
v -0.018028438091278076 0.04686560854315758 -0.03121119737625122
v -0.018650604411959648 0.046772345900535583 -0.03182648867368698
v -0.019500575959682465 0.046738121658563614 -0.03205176815390587
v -0.020350603386759758 0.04677211120724678 -0.03182666748762131
v -0.01780047081410885 0.04442224279046059 -0.029981419444084167
v -0.018028123304247856 0.04429492726922035 -0.03082186169922352
v -0.018650289624929428 0.04420166462659836 -0.03143715485930443
v -0.019500261172652245 0.04416744038462639 -0.031662434339523315
v -0.020350288599729538 0.04420142620801926 -0.031437329947948456
v -0.020972607657313347 0.04429451748728752 -0.03082216903567314
v -0.021200470626354218 0.04442176967859268 -0.02998177520930767
v 0.022499212995171547 0.04699850454926491 -0.03036653622984886
v 0.022498801350593567 0.050360165536403656 -0.030875667929649353
v 0.022097473964095116 0.04677383229136467 -0.03184966742992401
v 0.022097062319517136 0.05013549327850342 -0.0323587991297245
v 0.02099953405559063 0.04660924896597862 -0.032935477793216705
v 0.02099912241101265 0.04997090995311737 -0.0334446094930172
v 0.019499585032463074 0.04654885455965996 -0.03333302587270737
v 0.019499173387885094 0.049910515546798706 -0.03384215757250786
v 0.01799953542649746 0.046608831733465195 -0.032935790717601776
v 0.01799912191927433 0.04997049644589424 -0.03344492241740227
v 0.016901323571801186 0.04677311331033707 -0.03185021132230759
v 0.016900910064578056 0.050134774297475815 -0.03235934302210808
v 0.016499212011694908 0.04699767380952835 -0.030367165803909302
v 0.016498800367116928 0.0503593347966671 -0.030876297503709793
v 0.01802707463502884 0.046870600432157516 -0.031207425519824028
v 0.01779921166598797 0.04699785262346268 -0.03036702796816826
v 0.018026864156126976 0.04712516814470291 -0.029526589438319206
v 0.01690094918012619 0.04722234606742859 -0.0288840364664793
v 0.018649030476808548 0.047218430787324905 -0.028911298140883446
v 0.017998889088630676 0.047386929392814636 -0.027798227965831757
v 0.019499002024531364 0.047252655029296875 -0.02868601866066456
v 0.01949883997440338 0.0474473237991333 -0.027400678023695946
v 0.020349029451608658 0.04721866920590401 -0.02891111746430397
v 0.020998889580368996 0.047387346625328064 -0.027797913178801537
v 0.020971348509192467 0.04712557792663574 -0.029526278376579285
v 0.02209710143506527 0.04722306504845619 -0.028883492574095726
v 0.021199211478233337 0.04699832573533058 -0.030366672202944756
v 0.02097156085073948 0.04687101021409035 -0.031207114458084106
v 0.020349396392703056 0.04677774757146835 -0.03182240575551987
v 0.01949942484498024 0.046743523329496384 -0.032047685235738754
v 0.018649397417902946 0.04677750915288925 -0.03182258456945419
v 0.021199526265263557 0.04442764073610306 -0.029977336525917053
v 0.0209718756377697 0.044300325214862823 -0.030817776918411255
v 0.020349711179733276 0.04420706257224083 -0.031433068215847015
v 0.01949973963201046 0.04417283833026886 -0.0316583476960659
v 0.018649712204933167 0.044206827878952026 -0.03143324702978134
v 0.01802738942205906 0.04429991915822029 -0.030818087980151176
v 0.01779952645301819 0.04442717134952545 -0.029977690428495407
v 0.022998305037617683 0.05095921456813812 -0.02692072093486786
v 0.02499854564666748 0.04898204654455185 -0.026621023193001747
v 0.023002399131655693 0.04602387174963951 -0.05950746685266495
v 0.02500264160335064 0.04404670000076294 -0.059207767248153687
v 0.027861064299941063 0.04250448942184448 -0.06939288973808289
v 0.0261466633528471 0.04432743787765503 -0.07071110606193542
v 0.02629075199365616 0.04298980161547661 -0.06618724018335342
v 0.02441931888461113 0.04486127942800522 -0.06718488782644272
v 0.025327526032924652 0.04350949078798294 -0.06275508552789688
v 0.023359771817922592 0.04543294012546539 -0.06340951472520828
v 0.03041282296180725 0.04171585664153099 -0.07460206747055054
v 0.028541389852762222 0.0435873381793499 -0.07559971511363983
v 0.0319780595600605 0.040871359407901764 -0.08017932623624802
v 0.03001030720770359 0.042794808745384216 -0.08083375543355942
v 0.03250600025057793 0.03999839350581169 -0.08594371378421783
v 0.03050575964152813 0.04197556525468826 -0.0862434133887291
v -0.02499735914170742 0.0440397784113884 -0.059213005006313324
v -0.022997600957751274 0.04601750150322914 -0.05951228365302086
v -0.0253213532269001 0.043502479791641235 -0.06276039034128189
v -0.02335399203002453 0.04542647302150726 -0.06341440230607986
v -0.026283714920282364 0.042982522398233414 -0.06619274616241455
v -0.024412592872977257 0.04485451802611351 -0.06718999892473221
v -0.02785322070121765 0.04249677434563637 -0.06939872354269028
v -0.026139050722122192 0.04432019591331482 -0.07071657478809357
v -0.023001696914434433 0.05095284432172775 -0.02692553587257862
v -0.02500145323574543 0.04897512122988701 -0.026626257225871086
v -0.02499663084745407 0.03810742497444153 -0.05831453576683998
v -0.02532062493264675 0.037570126354694366 -0.06186191737651825
v -0.026282988488674164 0.037050168961286545 -0.0652942806482315
v -0.02785249426960945 0.0365644209086895 -0.06850025802850723
v 0.027861792594194412 0.036572135984897614 -0.06849442422389984
v 0.026291480287909508 0.03705744817852974 -0.06528877466917038
v 0.025328252464532852 0.03757713735103607 -0.06185661256313324
v 0.02500336989760399 0.03811434656381607 -0.058309298008680344
v -0.03040366992354393 0.04170743748545647 -0.07460843771696091
v -0.03040294349193573 0.0357750840485096 -0.07370997220277786
v -0.03196750581264496 0.04086250811815262 -0.08018602430820465
v -0.03196677938103676 0.03493015468120575 -0.07928755134344101
v -0.03249399736523628 0.039989396929740906 -0.08595052361488342
v -0.03249327093362808 0.03405704349279404 -0.08505205065011978
v 0.003006171202287078 0.03861009329557419 -0.08573716133832932
v 0.0030057590920478106 0.041971754282712936 -0.08624628931283951
v 0.0026044335681945086 0.03838542103767395 -0.08722028881311417
v 0.002604021457955241 0.0417470820248127 -0.08772942423820496
v 0.001506494008935988 0.0382208377122879 -0.08830609917640686
v 0.0015060818986967206 0.04158249869942665 -0.08881523460149765
v 6.543964445882011e-06 0.03816044330596924 -0.08870364725589752
v 6.131855116109364e-06 0.041522108018398285 -0.08921278268098831
v -0.0014935060171410441 0.038220424205064774 -0.08830641210079193
v -0.0014939181273803115 0.04158208519220352 -0.08881554752588272
v -0.002591718453913927 0.03838470205664635 -0.08722083270549774
v -0.0025921305641531944 0.041746363043785095 -0.08772996813058853
v -0.0029938288498669863 0.03860926255583763 -0.08573778718709946
v -0.0029942409601062536 0.04197092354297638 -0.08624692261219025
v 0.0014785199891775846 0.03848259896039963 -0.08657773584127426
v 0.0008563541341573 0.038389336317777634 -0.08719302713871002
v 6.382423634931911e-06 0.038355112075805664 -0.08741831034421921
v -0.0008436458883807063 0.03838910162448883 -0.08719320595264435
v -0.001465966459363699 0.038482192903757095 -0.08657804131507874
v -0.0016938288463279605 0.038609445095062256 -0.08573765307664871
v -0.001466177636757493 0.03873675689101219 -0.08489721268415451
v -0.002592091215774417 0.03883393481373787 -0.0842546597123146
v -0.0008440117817372084 0.038830023258924484 -0.08428192138671875
v -0.0014941516565158963 0.03899851813912392 -0.08316884934902191
v 5.959954705758719e-06 0.038864243775606155 -0.08405664563179016
v 5.798422535008285e-06 0.03905891254544258 -0.08277130126953125
v 0.0008559882990084589 0.03883025795221329 -0.08428174257278442
v 0.0015058483695611358 0.038998935371637344 -0.08316853642463684
v 0.0014783088117837906 0.03873716667294502 -0.08489690721035004
v 0.0026040608063340187 0.03883465752005577 -0.08425411581993103
v 0.0017061711987480521 0.03860991448163986 -0.08573729544878006
v 0.0017063651466742158 0.037027958780527115 -0.08549770712852478
v 0.0014787139371037483 0.03690064325928688 -0.08633814752101898
v 0.0008565480820834637 0.036807380616664886 -0.08695343881845474
v 6.576357009180356e-06 0.03677315637469292 -0.08717871457338333
v -0.0008434519404545426 0.036807142198085785 -0.08695361763238907
v -0.0014657725114375353 0.03690023347735405 -0.08633845299482346
v -0.0016936348984017968 0.03702748566865921 -0.08549806475639343
v -0.0011056337971240282 0.03629761561751366 -0.09031767398118973
v 0.0011195754632353783 0.03629792481660843 -0.09031744301319122
v 0.0031242999248206615 0.03644277900457382 -0.08936263620853424
v 0.0045114788226783276 0.03670348599553108 -0.0876423716545105
v 0.0050063650123775005 0.03702841326594353 -0.08549735695123672
v 0.0014785027597099543 0.03715520724654198 -0.08465731143951416
v 0.0045109400525689125 0.03735320642590523 -0.0833524540066719
v 0.0008561821887269616 0.03724830225110054 -0.08404215425252914
v 0.0031233285553753376 0.037613529711961746 -0.08163248002529144
v 0.0011183640453964472 0.03775782883167267 -0.08067809045314789
v 6.153888534754515e-06 0.03728228807449341 -0.08381704986095428
v -0.0011068452149629593 0.037757519632577896 -0.08067832142114639
v -0.0008438178338110447 0.03724806383252144 -0.08404232561588287
v -0.0031115696765482426 0.0376126654446125 -0.08163312822580338
v -0.0014659836888313293 0.037154801189899445 -0.08465762436389923
v -0.004498748574405909 0.03735195845365524 -0.08335340023040771
v -0.0049936347641050816 0.0370270311832428 -0.08549840748310089
v -0.0044982098042964935 0.0367022380232811 -0.08764331042766571
v -0.0031105983071029186 0.03644191473722458 -0.08936329185962677
v -0.004993271082639694 0.034060850739479065 -0.08504917472600937
v -0.004497846122831106 0.033736057579517365 -0.08719407767057419
v -0.0031102346256375313 0.033475734293460846 -0.08891405165195465
v -0.0011052701156586409 0.033331435173749924 -0.0898684412240982
v 0.0011199390282854438 0.033331744372844696 -0.0898682102560997
v 0.003124663606286049 0.03347659856081009 -0.08891340345144272
v 0.004511842504143715 0.03373730555176735 -0.08719313144683838
v 0.005006728228181601 0.034062232822179794 -0.0850481241941452
v -0.0059997327625751495 0.04184744134545326 -0.033635593950748444
v -0.006000702269375324 0.04975724220275879 -0.034833550453186035
v -0.0062675573863089085 0.0416976623237133 -0.03462434560060501
v -0.006268526893109083 0.04960745945572853 -0.0358223058283329
v -0.006999517325311899 0.041587937623262405 -0.03534821793437004
v -0.007000486832112074 0.04949773848056793 -0.03654617816209793
v -0.007999484427273273 0.04154767468571663 -0.035613253712654114
v -0.008000453934073448 0.049457475543022156 -0.036811210215091705
v -0.008999517187476158 0.04158766195178032 -0.03534843027591705
v -0.009000486694276333 0.04949745908379555 -0.036546386778354645
v -0.009731659665703773 0.0416971817612648 -0.03462471067905426
v -0.009732629172503948 0.04960697889328003 -0.03582266718149185
v -0.009999732486903667 0.04184689000248909 -0.03363601118326187
v -0.010000701993703842 0.04975668713450432 -0.03483397141098976
v 0.010000267066061497 0.04184965789318085 -0.033633917570114136
v 0.009999297559261322 0.049759455025196075 -0.034831877797842026
v 0.00973244197666645 0.04169987514615059 -0.0346226692199707
v 0.009731472469866276 0.049609676003456116 -0.03582062944769859
v 0.00900048203766346 0.04159015417098999 -0.03534654527902603
v 0.008999512530863285 0.04949995130300522 -0.03654450178146362
v 0.008000516332685947 0.041549891233444214 -0.035611577332019806
v 0.007999545894563198 0.04945968836545944 -0.036809537559747696
v 0.007000482641160488 0.041589874774217606 -0.035346753895282745
v 0.006999513134360313 0.04949967563152313 -0.036544714123010635
v 0.00626834062859416 0.04169939458370209 -0.03462303429841995
v 0.006267370656132698 0.049609195441007614 -0.03582099452614784
v 0.006000267807394266 0.041849102824926376 -0.03363433852791786
v 0.005999298300594091 0.0497589036822319 -0.034832295030355453
v -0.010000726208090782 0.04304484650492668 -0.02572621777653694
v -0.010000539943575859 0.04282023012638092 -0.02720930427312851
v -0.010000782087445259 0.04479768127202988 -0.027508793398737907
v -0.009999917820096016 0.04207150638103485 -0.0321529246866703
v -0.01000016089528799 0.04404895752668381 -0.03245241567492485
v -0.010001695714890957 0.05095464736223221 -0.026924176141619682
v 0.010000080801546574 0.04207427427172661 -0.03215083107352257
v 0.009999837726354599 0.04405172914266586 -0.032450322061777115
v 0.00999945867806673 0.04282299801707268 -0.027207208797335625
v 0.009999273344874382 0.04304761439561844 -0.025724122300744057
v 0.00999921653419733 0.04480045288801193 -0.027506699785590172
v 0.009998303838074207 0.050957415252923965 -0.026922082528471947
v -0.025000160560011864 0.044046882539987564 -0.0324539877474308
v -0.024999918416142464 0.04206942766904831 -0.032154496759176254
v -0.025000538676977158 0.04281815141439438 -0.027210872620344162
v -0.025000782683491707 0.04479560628533363 -0.02751036360859871
v -0.02097281999886036 0.044549085199832916 -0.02914133481681347
v -0.018650656566023827 0.04464258626103401 -0.028525864705443382
v -0.01950068399310112 0.04467657208442688 -0.02830076776444912
v -0.020350655540823936 0.04464234784245491 -0.02852604165673256
v -0.01802833378314972 0.04454949498176575 -0.029141027480363846
v -0.016903309151530266 0.05057932808995247 -0.02939670905470848
v -0.01800152100622654 0.05074360594153404 -0.02831112965941429
v -0.019501572474837303 0.05080358684062958 -0.0279138945043087
v -0.02100152149796486 0.05074319243431091 -0.02831144444644451
v 0.02209668979048729 0.05058472603559494 -0.029392624273896217
v -0.022099461406469345 0.050578609108924866 -0.029397252947092056
v -0.019596360623836517 0.038469936698675156 -0.1093495711684227
v 0.020998477935791016 0.05074900761246681 -0.028307044878602028
v 0.0194984283298254 0.05080898478627205 -0.027909809723496437
v -0.015240957960486412 0.03801390156149864 -0.11236415058374405
v -0.010422294028103352 0.03767811506986618 -0.11458516865968704
v 0.017998475581407547 0.050748590379953384 -0.028307359665632248
v 0.01690053753554821 0.05058400705456734 -0.029393168166279793
v -0.023356160148978233 0.039032354950904846 -0.10563302040100098
v -0.026406120508909225 0.039684075862169266 -0.10132742673158646
v -0.028653569519519806 0.04040529206395149 -0.09656360000371933
v -0.03003021888434887 0.04117409512400627 -0.09148630499839783
v -0.030494239181280136 0.04196711629629135 -0.08624979853630066
v -0.028532547876238823 0.04357943683862686 -0.07560569047927856
v -0.030000150203704834 0.042786501348018646 -0.08084004372358322
v 0.0015054362593218684 0.04236059635877609 -0.08367766439914703
v 5.386313205235638e-06 0.04242057353258133 -0.08328043669462204
v -0.0014945637667551637 0.04236018285155296 -0.0836779847741127
v -0.0025925033260136843 0.042195599526166916 -0.0847637951374054
v 0.0026036486960947514 0.04219631850719452 -0.08476325124502182
v -0.00528677785769105 0.03747277706861496 -0.11594512313604355
v 9.548874913889449e-06 0.037404123693704605 -0.11640270799398422
v 0.01044093444943428 0.03768100589513779 -0.11458298563957214
v 0.005305761005729437 0.037474244832992554 -0.1159440129995346
v 0.026421427726745605 0.039691388607025146 -0.10132189095020294
v 0.023372549563646317 0.039038825780153275 -0.1056281328201294
v 0.019613683223724365 0.038475364446640015 -0.10934547334909439
v 0.01525904145091772 0.0380181260406971 -0.11236096173524857
v 0.03004305250942707 0.04118240997195244 -0.09148001670837402
v 0.02866768091917038 0.040413226932287216 -0.0965576022863388
v 0.0031236920040100813 0.03464734926819801 -0.08118323981761932
v 0.0045113037340343 0.034387025982141495 -0.08290322124958038
v 0.025000080466270447 0.04207635298371315 -0.032149262726306915
v 0.005654271226376295 0.02926955185830593 -0.11669342964887619
v -0.0044983853586018085 0.03438577800989151 -0.0829041600227356
v 0.011126178316771984 0.029489872977137566 -0.11524314433336258
v 0.01626022532582283 0.0298491008579731 -0.11287541687488556
v 0.020900418981909752 0.030336320400238037 -0.10966219007968903
v 0.024905767291784286 0.03093673102557659 -0.10570108890533447
v 0.02815457247197628 0.031632084399461746 -0.1011124774813652
v 0.03054811991751194 0.03240125998854637 -0.09603577107191086
v 0.032013680785894394 0.03322087973356247 -0.09062522649765015
v 0.03250672668218613 0.03406604006886482 -0.08504524827003479
v 0.03041354939341545 0.03578350692987442 -0.07370360195636749
v 0.0319787859916687 0.034939009696245193 -0.07928086072206497
v 1.0767033927550074e-05 0.02919483557343483 -0.11718219518661499
v -0.003111206227913499 0.03464648500084877 -0.08118389546871185
v -0.001106481533497572 0.03479133918881416 -0.08022908866405487
v 0.0011187276104465127 0.034791648387908936 -0.08022885769605637
v -0.020880775526165962 0.030330535024404526 -0.10966656357049942
v -0.024887120351195335 0.03092983551323414 -0.10570630431175232
v -0.028137078508734703 0.031624291092157364 -0.10111837089061737
v -0.016239773482084274 0.029844600707292557 -0.11287882179021835
v -0.011105131357908249 0.029486794024705887 -0.11524547636508942
v -0.005632859654724598 0.029267989099025726 -0.1166946068406105
v -0.03199882060289383 0.03321201726794243 -0.09063193202018738
v -0.030531900003552437 0.03239280357956886 -0.09604216367006302
v -0.02500072680413723 0.04304277151823044 -0.025727787986397743
v 0.024999838322401047 0.044053804129362106 -0.032448749989271164
v 0.02499927394092083 0.04304969310760498 -0.025722552090883255
v 0.024999460205435753 0.04282507672905922 -0.027205638587474823
v 0.024999218061566353 0.044802527874708176 -0.02750512957572937
v 0.018027178943157196 0.04455448314547539 -0.029137253761291504
v 0.020971665158867836 0.04455489292740822 -0.029136942699551582
v 0.018649345263838768 0.04464774951338768 -0.028521962463855743
v 0.019499316811561584 0.04468197003006935 -0.028296682983636856
v 0.020349344238638878 0.04464798420667648 -0.02852177992463112
v -0.03199955075979233 0.039144366979599 -0.09153040498495102
v -0.030532626435160637 0.03832515329122543 -0.09694063663482666
v -0.028137804940342903 0.03755664452910423 -0.10201683640480042
v -0.024887846782803535 0.03686219081282616 -0.10660476982593536
v -0.020881501957774162 0.036262888461351395 -0.11056503653526306
v -0.016240501776337624 0.035776954144239426 -0.113777294754982
v -0.011105858720839024 0.035419147461652756 -0.11614394187927246
v -0.005633587017655373 0.035200342535972595 -0.11759307980537415
v 1.0039781955129001e-05 0.0351271890103817 -0.11808066815137863
v 0.00565354386344552 0.03520190343260765 -0.11759190261363983
v 0.01112545095384121 0.035422224551439285 -0.11614161729812622
v 0.01625949889421463 0.03578145429491997 -0.1137738898396492
v 0.020899692550301552 0.036268673837184906 -0.11056065559387207
v 0.024905040860176086 0.03686908259987831 -0.10659956187009811
v 0.02815384604036808 0.037564437836408615 -0.10201094299554825
v 0.03054739348590374 0.03833360970020294 -0.0969342440366745
v 0.032012954354286194 0.03915322944521904 -0.09152369946241379
v 0.003922465723007917 0.008957401849329472 0.06035047024488449
v 0.003325551748275757 0.008329489268362522 0.060445502400398254
v -0.0007208173046819866 0.007123530376702547 0.06062764674425125
v -0.0015692556044086814 0.007320674601942301 0.060597676783800125
v -0.0023701766040176153 0.007660497911274433 0.06054610759019852
v 0.004743746481835842 0.01047015655785799 0.06012146547436714
v 0.001558466232381761 0.016711916774511337 0.05917573347687721
v 0.002359387231990695 0.01637209765613079 0.05922730267047882
v -0.0037343085277825594 0.008722841739654541 0.060385044664144516
v 0.0030884561128914356 0.01589992828667164 0.059298910200595856
v 0.0037235193885862827 0.015309753827750683 0.05938836559653282
v 0.004245281219482422 0.014619512483477592 0.05949297174811363
v 0.004637889098376036 0.01385017391294241 0.0596095472574234
v -0.003099244786426425 0.008132667280733585 0.06047450006008148
v 0.00494315754622221 0.011309036053717136 0.059994447976350784
v -0.0010256216628476977 0.016855893656611443 0.05915360525250435
v -0.00016014846914913505 0.01695755124092102 0.05913832411170006
v 0.0007100273505784571 0.016909068450331688 0.05914577841758728
v 0.0048894127830863 0.013025111518800259 0.0597345307469368
v 0.004992210306227207 0.012169397436082363 0.059864141047000885
v 0.0044000339694321156 0.00967826321721077 0.06024136766791344
v 0.002627428388223052 0.007813598960638046 0.06052354350686073
v 0.0018493074458092451 0.007425403222441673 0.0605822429060936
v 0.00014935905346646905 0.007075044326484203 0.06063508614897728
v 0.0010148327564820647 0.00717669865116477 0.06061980500817299
v -0.004256070591509342 0.009413083083927631 0.060280438512563705
v -0.0026382175274193287 0.016218995675444603 0.059249866753816605
v -0.0018600964685902 0.016607193276286125 0.05919116735458374
v -0.004648677539080381 0.010182422585785389 0.06016386300325394
v -0.004900201689451933 0.011007481254637241 0.06003887951374054
v -0.0050029996782541275 0.01186319813132286 0.05990926921367645
v -0.0047545358538627625 0.013562439009547234 0.059651944786310196
v -0.0044108242727816105 0.014354335144162178 0.059532057493925095
v -0.003933255560696125 0.015075189992785454 0.05942294001579285
v -0.00495394691824913 0.012723560445010662 0.05977896228432655
v -0.0033363408874720335 0.015703102573752403 0.05932790786027908
v 0.0030872132629156113 0.017397375777363777 0.06918615102767944
v 0.0023581443820148706 0.01786954514682293 0.06911454349756241
v -0.00373555114492774 0.01022028923034668 0.0702722892165184
v 0.001557223848067224 0.018209366127848625 0.0690629780292511
v 0.0007087850826792419 0.018406515941023827 0.06903302669525146
v -0.00016139076615218073 0.01845499873161316 0.06902556866407394
v -0.0010268643964082003 0.01835334114730358 0.06904084980487823
v -0.0018613389693200588 0.018104640766978264 0.06907840818166733
v 0.004941915161907673 0.012806483544409275 0.06988169252872467
v 0.004742503631860018 0.011967604979872704 0.07000871002674103
v -0.003100487170740962 0.009630114771425724 0.07036174833774567
v -0.0023714189883321524 0.009157945401966572 0.0704333558678627
v -0.0015704978723078966 0.008818122558295727 0.07048492133617401
v -0.00072206009645015 0.008620978333055973 0.07051488757133484
v 0.0001481167710153386 0.008572492748498917 0.07052233070135117
v 0.0049909669905900955 0.013666847720742226 0.06975139677524567
v 0.0048881699331104755 0.014522559009492397 0.06962177902460098
v 0.004636646248400211 0.015347621403634548 0.06949678808450699
v 0.0042440383695065975 0.01611695997416973 0.06938021630048752
v 0.003722276072949171 0.016807204112410545 0.0692756250500679
v -0.0026394601445645094 0.01771644502878189 0.06913711130619049
v -0.0033375832717865705 0.017200550064444542 0.06921515613794327
v -0.003934497945010662 0.016572637483477592 0.06931018084287643
v -0.004955189302563667 0.0142210079357028 0.06966620683670044
v -0.0050042420625686646 0.013360645622015 0.06979651749134064
v -0.004901444539427757 0.01250492874532938 0.06992612779140472
v -0.004649920389056206 0.011679870076477528 0.07005111128091812
v -0.004257312975823879 0.010910531505942345 0.07016768306493759
v -0.0044120666570961475 0.015851782634854317 0.06941930204629898
v -0.0047557782381772995 0.015059886500239372 0.06953918933868408
v 0.0010135899065062404 0.008674146607518196 0.07050704956054688
v 0.0018480647122487426 0.008922850713133812 0.07046949118375778
v 0.0026261855382472277 0.00931104738265276 0.07041078805923462
v 0.0033243088982999325 0.009826937690377235 0.07033275067806244
v 0.003921224270015955 0.010454850271344185 0.07023771852254868
v 0.004398792050778866 0.011175710707902908 0.07012861222028732
v -0.004248549230396748 0.016210513189435005 0.059250954538583755
v -0.00554894981905818 0.014285740442574024 0.05954229086637497
v -0.006005394272506237 0.012015464715659618 0.05988607555627823
v -0.004247521050274372 0.007820907048881054 0.060521580278873444
v -0.002300823340192437 0.006535204593092203 0.060716547071933746
v -0.005548393353819847 0.009745319373905659 0.06022994965314865
v 0.005994605831801891 0.012017127126455307 0.05988733470439911
v 0.0055376035161316395 0.014287276193499565 0.059543460607528687
v 0.0042367312125861645 0.01621168665587902 0.05925184488296509
v 0.004237759858369827 0.007822081446647644 0.060522470623254776
v 0.0055381604470312595 0.009746856056153774 0.06023111939430237
v 0.0022913783323019743 0.006535838823765516 0.06071702018380165
v -4.667454959417228e-06 0.006083950866013765 0.06078517436981201
v -0.0023021672386676073 0.017496753484010696 0.059056393802165985
v -6.1219589042593725e-06 0.01794864423573017 0.058988235890865326
v 0.002290034433826804 0.017497386783361435 0.05905686318874359
v 0.005993113853037357 0.013814065605401993 0.07175203412771225
v 0.00553611246868968 0.01608421467244625 0.07140816003084183
v 0.004235240630805492 0.018008623272180557 0.07111652940511703
v 0.0022885433863848448 0.01929432712495327 0.07092157006263733
v -7.6130427260068245e-06 0.019745584577322006 0.07085293531417847
v -0.0023036585189402103 0.019293691962957382 0.07092109322547913
v -0.004250040277838707 0.018007449805736542 0.071115642786026
v -0.005550440866500139 0.016082677990198135 0.07140699774026871
v -0.006006885785609484 0.013812404125928879 0.07175077497959137
v -0.017231754958629608 0.03435353934764862 0.00036859570536762476
v -0.017230823636054993 0.03323045372962952 -0.007046845275908709
v -0.017067108303308487 0.03496138006448746 0.0002765576646197587
v -0.01706617698073387 0.03383829444646835 -0.007138883229345083
v -0.01661713421344757 0.03540639951825142 0.00020921370014548302
v -0.016616202890872955 0.03428331017494202 -0.0072062197141349316
v -0.016002405434846878 0.03556935116648674 0.0001846099185058847
v -0.016001472249627113 0.034446265548467636 -0.007230823859572411
v -0.015387633815407753 0.03540656715631485 0.0002093396324198693
v -0.015386702492833138 0.034283481538295746 -0.0072060939855873585
v -0.014937551692128181 0.034961674362421036 0.0002767749538179487
v -0.014936619438230991 0.03383858874440193 -0.007138658780604601
v -0.014772756025195122 0.03435388207435608 0.00036884748260490596
v -0.014771823771297932 0.033230796456336975 -0.0070465863682329655
v -0.016002347692847252 0.034464336931705475 0.0010991496965289116
v -0.01722423918545246 -0.026947390288114548 0.009652775712311268
v -0.017223307862877846 -0.0280704777687788 0.0022373350802809
v -0.01705959253013134 -0.02633954957127571 0.009560737758874893
v -0.017058661207556725 -0.027462637051939964 0.0021452968940138817
v -0.016609620302915573 -0.025894533842802048 0.009493393823504448
v -0.016608688980340958 -0.02701761946082115 0.002077960642054677
v -0.01599489152431488 -0.025731582194566727 0.00946879107505083
v -0.015993958339095116 -0.02685466967523098 0.0020533569622784853
v -0.01538011897355318 -0.025894364342093468 0.009493520483374596
v -0.015379187650978565 -0.02701744996011257 0.00207808637060225
v -0.01493003685027361 -0.026339255273342133 0.009560954757034779
v -0.014929104596376419 -0.027462340891361237 0.0021455215755850077
v -0.01476524118334055 -0.026947051286697388 0.009653028100728989
v -0.01476430892944336 -0.02807013690471649 0.0022375942207872868
v -0.015994831919670105 -0.026836594566702843 0.010383330285549164
v 0.014768244698643684 0.03435797244310379 0.0003719456144608557
v 0.014769176952540874 0.03323488309979439 -0.007043495308607817
v 0.014932891353964806 0.03496580943465233 0.00027990760281682014
v 0.014933823607861996 0.033842723816633224 -0.007135533262044191
v 0.015382863581180573 0.03541082888841629 0.00021256358013488352
v 0.015383795835077763 0.034287743270397186 -0.007202870212495327
v 0.015997596085071564 0.03557378053665161 0.0001879599003586918
v 0.01599852740764618 0.03445069491863251 -0.007227473892271519
v 0.01661236584186554 0.03541099652647972 0.0002126895560650155
v 0.016613297164440155 0.03428791090846062 -0.007202744018286467
v 0.01706244796514511 0.03496610373258591 0.00028012486291117966
v 0.017063379287719727 0.0338430181145668 -0.007135308813303709
v 0.01722724363207817 0.03435831144452095 0.00037219736259430647
v 0.017228174954652786 0.033235225826501846 -0.007043236400932074
v 0.01599765382707119 0.034468766301870346 0.0011024996638298035
v 0.014775759540498257 -0.026942959055304527 0.00965612567961216
v 0.014776691794395447 -0.02806604653596878 0.002240685047581792
v 0.014940406195819378 -0.02633511833846569 0.009564087726175785
v 0.014941338449716568 -0.027458205819129944 0.0021486468613147736
v 0.01539037935435772 -0.025890102609992027 0.00949674379080534
v 0.015391310676932335 -0.02701318822801113 0.0020813103765249252
v 0.01600510999560356 -0.025727152824401855 0.009472141042351723
v 0.016006043180823326 -0.02685023844242096 0.002056706929579377
v 0.016619881615042686 -0.025889933109283447 0.009496870450675488
v 0.016620812937617302 -0.02701301872730255 0.002081436337903142
v 0.01706996187567711 -0.02633482590317726 0.00956430472433567
v 0.017070895060896873 -0.027457911521196365 0.0021488715428858995
v 0.01723475754261017 -0.026942620053887367 0.00965637806802988
v 0.017235688865184784 -0.02806570567190647 0.0022409441880881786
v 0.016005167737603188 -0.02683216519653797 0.010386680252850056
v 0.006003793329000473 -0.02838028408586979 0.025549469515681267
v 0.006203817203640938 -0.028578000143170357 0.025579441338777542
v 0.005546785891056061 -0.028036518022418022 0.02781962975859642
v 0.00573157612234354 -0.02822277694940567 0.027925273403525352
v 0.0042459070682525635 -0.027745213359594345 0.029744086787104607
v 0.0043873353861272335 -0.027921762317419052 0.029913879930973053
v 0.0022992054000496864 -0.027550719678401947 0.031029852107167244
v 0.0023757435847073793 -0.02772078476846218 0.031242504715919495
v 3.048178768949583e-06 -0.027482645586133003 0.031481191515922546
v 3.0474770937871654e-06 -0.027650441974401474 0.03170888125896454
v -0.002292995573952794 -0.027551356703042984 0.031029371544718742
v -0.002369531197473407 -0.02772144228219986 0.03124200738966465
v -0.004239373840391636 -0.02774638868868351 0.029743194580078125
v -0.004380789119750261 -0.02792297676205635 0.029912956058979034
v -0.0055397688411176205 -0.02803805284202099 0.02781846933066845
v -0.0057245297357439995 -0.028224362060427666 0.027924075722694397
v -0.005996206309646368 -0.028381945565342903 0.025548210367560387
v -0.00619618222117424 -0.028579717501997948 0.02557814121246338
v -0.019902946427464485 -0.01832307130098343 0.07661602646112442
v -0.020002933219075203 -0.01833805814385414 0.07651714980602264
v -0.019667847082018852 -0.019573921337723732 0.07670436054468155
v -0.01958126202225685 -0.01950949802994728 0.07679575681686401
v -0.018752671778202057 -0.020478539168834686 0.07684148102998734
v -0.01870269514620304 -0.020377930253744125 0.07692739367485046
v -0.01750263012945652 -0.02080952562391758 0.07689177244901657
v -0.01750265620648861 -0.020695677027106285 0.07697567343711853
v 0.017497368156909943 -0.02080467902123928 0.07689543813467026
v 0.017497343942523003 -0.020690830424427986 0.07697933167219162
v -0.0032526308204978704 -0.020807553082704544 0.07689325511455536
v -0.020005224272608757 0.0003571348497644067 0.07368571311235428
v -0.01990523748099804 0.00037212256575003266 0.07378458976745605
v 0.018747327849268913 -0.02047334611415863 0.07684540748596191
v 0.018697304651141167 -0.020372752100229263 0.07693131268024445
v 0.01966228149831295 -0.01956847682595253 0.07670847326517105
v 0.019575659185647964 -0.01950407586991787 0.07679984718561172
v 0.019997065886855125 -0.018332522362470627 0.07652132958173752
v 0.01989705301821232 -0.018317561596632004 0.0766201913356781
v -0.01999448798596859 0.0004017191822640598 0.07367896288633347
v -0.01996457204222679 0.00043672483297996223 0.07367365807294846
v -0.019921904429793358 0.0004546349518932402 0.07367095351219177
v 0.019894761964678764 0.00037763253203593194 0.07378875464200974
v 0.019994772970676422 0.0003626718244049698 0.07368989288806915
v -0.01970856636762619 0.0005441841203719378 0.07365742325782776
v -0.019649233669042587 0.0004795799613930285 0.07376835495233536
v -0.01955898478627205 0.000719220086466521 0.0736309215426445
v -0.0194697342813015 0.0006896256818436086 0.07373656332492828
v -0.019505297765135765 0.0009421418071724474 0.07359717786312103
v -0.019405310973525047 0.0009571295231580734 0.07369605451822281
v 0.019954100251197815 0.0004422513593453914 0.07367783784866333
v 0.019911428913474083 0.0004601501568686217 0.07367512583732605
v 0.01998402550816536 0.0004072524607181549 0.07368313521146774
v -0.01996469497680664 0.001447427785024047 0.07352058589458466
v -0.01992202363908291 0.0014295309083536267 0.07352329790592194
v -0.01990538090467453 0.0015419969568029046 0.07360740751028061
v -0.019994620233774185 0.0014824285171926022 0.07351528853178024
v -0.020005367696285248 0.0015270091826096177 0.07350853085517883
v 0.019911309704184532 0.0014350460842251778 0.07352747768163681
v 0.019894618541002274 0.0015475068939849734 0.07361157238483429
v 0.019697971642017365 0.0013454969739541411 0.07354100048542023
v 0.019638612866401672 0.0014400517102330923 0.07362782955169678
v 0.019548390060663223 0.001170460949651897 0.07356750220060349
v 0.019459113478660583 0.0012300059897825122 0.07365962117910385
v 0.01949470303952694 0.0009475414408370852 0.07360126078128815
v 0.019394688308238983 0.0009625021484680474 0.07370012253522873
v 0.01954844407737255 0.0007246359600685537 0.0736350268125534
v 0.019459180533885956 0.0006950160604901612 0.0737406462430954
v 0.019698068499565125 0.0005496381781995296 0.07366153597831726
v 0.019638730213046074 0.0004850197583436966 0.07377246767282486
v -0.020008375868201256 0.02606397680938244 0.06979234516620636
v -0.019908389076590538 0.02607896365225315 0.06989122182130814
v 0.019983893260359764 0.0014879618538543582 0.07351946085691452
v 0.01999462954699993 0.0015325462445616722 0.07351271063089371
v 0.019953975453972816 0.001452954369597137 0.07352476567029953
v -0.01999763958156109 0.02610856108367443 0.06978559494018555
v -0.01996772177517414 0.026143567636609077 0.06978029757738113
v -0.019925056025385857 0.026161476969718933 0.06977758556604385
v 0.019891610369086266 0.026084475219249725 0.06989538669586182
v 0.019991621375083923 0.026069514453411102 0.06979652494192123
v -0.01971171796321869 0.02625102549791336 0.06976405531167984
v -0.019652385264635086 0.026186419650912285 0.06987498700618744
v -0.019562136381864548 0.026426060125231743 0.06973755359649658
v -0.019472885876893997 0.02639646641910076 0.06984319537878036
v -0.019508449360728264 0.026648981496691704 0.06970380991697311
v -0.019408462569117546 0.026663970202207565 0.06980269402265549
v 0.019950948655605316 0.026149094104766846 0.06978446990251541
v 0.019908277317881584 0.026166992262005806 0.06978175789117813
v 0.01998087391257286 0.026114095002412796 0.06978977471590042
v -0.01996784657239914 0.02715427242219448 0.06962721794843674
v -0.019925175234675407 0.02713637240231037 0.06962993741035461
v -0.01990853250026703 0.027248838916420937 0.06971404701471329
v -0.019997771829366684 0.02718926966190338 0.06962192058563232
v -0.020008519291877747 0.027233850210905075 0.06961516290903091
v 0.019908158108592033 0.027141887694597244 0.06963410973548889
v 0.019891466945409775 0.027254348620772362 0.06971821188926697
v 0.019694820046424866 0.027052339166402817 0.0696476399898529
v 0.019635461270809174 0.027146892622113228 0.06973446160554886
v 0.019545238465070724 0.026877300813794136 0.06967414170503616
v 0.019455963745713234 0.02693684585392475 0.06976625323295593
v 0.01949155144393444 0.026654381304979324 0.06970790028572083
v 0.019391538575291634 0.026669342070817947 0.06980676203966141
v 0.019545292481780052 0.026431476697325706 0.06974165886640549
v 0.019456028938293457 0.026401856914162636 0.06984727829694748
v 0.019694916903972626 0.02625647932291031 0.06976816803216934
v 0.019635578617453575 0.02619186043739319 0.06987910717725754
v -0.02001081220805645 0.045929040759801865 0.06678373366594315
v -0.019910823553800583 0.04594402760267258 0.06688261032104492
v 0.019980741664767265 0.027194803580641747 0.0696260929107666
v 0.019991477951407433 0.02723938785493374 0.06961935013532639
v 0.019950823858380318 0.02715979889035225 0.06963139772415161
v -0.017511116340756416 0.048317305743694305 0.066523477435112
v -0.017511114478111267 0.048401206731796265 0.066409632563591
v -0.018761074170470238 0.04806986451148987 0.06645964831113815
v -0.01871107704937458 0.04799922555685043 0.06657150387763977
v -0.019676027819514275 0.047164998948574066 0.06659658253192902
v -0.01958942972123623 0.04713054746389389 0.0667029470205307
v 0.01988917402923107 0.0459495410323143 0.0668867751955986
v 0.01998918689787388 0.04593458026647568 0.06678791344165802
v 0.017488883808255196 0.048322152346372604 0.06652714312076569
v 0.017488883808255196 0.048406049609184265 0.06641329824924469
v 0.015428634360432625 0.04840576648712158 0.06641308218240738
v 0.012549133971333504 0.04840536788105965 0.0664127767086029
v 0.00011388450366212055 0.04840364307165146 0.06641146540641785
v -0.015575865283608437 0.048401471227407455 0.06640982627868652
v 0.019654100760817528 0.04717044532299042 0.06660069525241852
v 0.019567489624023438 0.04713597148656845 0.06670704483985901
v 0.018738925457000732 0.048075057566165924 0.06646358221769333
v 0.018688922747969627 0.048004407435655594 0.06657542288303375
v 0.015437928959727287 0.03720485046505928 -0.007543531246483326
v 0.017498178407549858 0.03720513731241226 -0.007543310057371855
v 0.017498202621936798 0.03709128871560097 -0.0076272133737802505
v -0.017501821741461754 0.03720029070973396 -0.007546974346041679
v -0.015566571615636349 0.03720055893063545 -0.007546774577349424
v -0.017501795664429665 0.03708644211292267 -0.007630877662450075
v 0.00012317886285018176 0.037202730774879456 -0.007545135449618101
v 0.012558428570628166 0.037204451858997345 -0.007543830666691065
v -0.01990150660276413 0.03471316769719124 -0.00727174011990428
v -0.020001517608761787 0.03472812846302986 -0.007172877434641123
v -0.019666733220219612 0.03596408665180206 -0.007360026240348816
v -0.019580110907554626 0.03589968755841255 -0.007451400626450777
v -0.018751781433820724 0.036868952214717865 -0.007496952079236507
v -0.018701758235692978 0.036768365651369095 -0.007582850754261017
v 0.018748218193650246 0.03687414526939392 -0.007493028417229652
v 0.01869824156165123 0.03677354380488396 -0.007578935939818621
v 0.01966339536011219 0.035969533026218414 -0.0073559037409722805
v 0.01957681030035019 0.035905107855796814 -0.007447303272783756
v 0.01999848149716854 0.034733664244413376 -0.007168688345700502
v 0.019898492842912674 0.034718677401542664 -0.007267574779689312
v -0.019999226555228233 0.016032937914133072 -0.0043414440006017685
v -0.019899213686585426 0.01601797714829445 -0.004440306220203638
v 0.019900785759091377 0.016023486852645874 -0.00443614087998867
v 0.020000772550702095 0.016038475558161736 -0.004337254911661148
v -0.01998847909271717 0.015988357365131378 -0.004334688186645508
v -0.019958551973104477 0.01595335826277733 -0.004329388961195946
v -0.019915880635380745 0.015935460105538368 -0.004326667170971632
v 0.01996011845767498 0.015958884730935097 -0.0043252031318843365
v 0.019917452707886696 0.015940973535180092 -0.004322501365095377
v 0.019990036264061928 0.015993891283869743 -0.004330506082624197
v -0.019702522084116936 0.015845971181988716 -0.004313087556511164
v -0.019643183797597885 0.015910588204860687 -0.004424012266099453
v -0.019552897661924362 0.01567097194492817 -0.004286568146198988
v -0.019463632255792618 0.01570059359073639 -0.004392179194837809
v -0.0194991547614336 0.015448068268597126 -0.004252797458320856
v -0.019399141892790794 0.015433107502758503 -0.004351659677922726
v -0.019552843645215034 0.01522514782845974 -0.0042190467938780785
v -0.019463567063212395 0.015165603719651699 -0.004311153199523687
v -0.019702423363924026 0.015050112269818783 -0.004192552994936705
v -0.019643066450953484 0.014955556951463223 -0.004279370419681072
v -0.019915761426091194 0.01496056467294693 -0.004179016686975956
v -0.019899070262908936 0.014848101884126663 -0.004263125825673342
v 0.019917571917176247 0.014966078102588654 -0.004174850881099701
v 0.019900929182767868 0.014853612519800663 -0.004258960485458374
v 0.019704211503267288 0.015055567026138306 -0.004188430495560169
v 0.019644899293780327 0.014960996806621552 -0.004275253973901272
v 0.019554587081074715 0.015230562537908554 -0.004214949440211058
v 0.01946534775197506 0.015170992352068424 -0.004307080060243607
v 0.019500846043229103 0.015453466214239597 -0.0042487201280891895
v 0.019400857388973236 0.015438479371368885 -0.004347599111497402
v -0.019958429038524628 0.01494265254586935 -0.004176315385848284
v -0.019988346844911575 0.014907646924257278 -0.004171011969447136
v -0.019999083131551743 0.014863062649965286 -0.004164263606071472
v 0.019990168511867523 0.014913181774318218 -0.004166829865425825
v 0.020000915974378586 0.014868601225316525 -0.0041600740514695644
v 0.01996024139225483 0.014948180876672268 -0.004172129090875387
v -0.019996074959635735 -0.00967390462756157 -0.00044807797530665994
v -0.019896062090992928 -0.009688865393400192 -0.0005469403695315123
v 0.019903937354683876 -0.009683355689048767 -0.0005427750875242054
v 0.020003924146294594 -0.009668366052210331 -0.00044388874084688723
v -0.019985327497124672 -0.009718485176563263 -0.000441322335973382
v -0.019955400377511978 -0.009753486141562462 -0.00043602276127785444
v -0.019912729039788246 -0.009771381504833698 -0.000433301116572693
v 0.01996327005326748 -0.009747957810759544 -0.00043183675734326243
v 0.019920604303479195 -0.009765868075191975 -0.00042913551442325115
v 0.019993187859654427 -0.009712950326502323 -0.00043714011553674936
v -0.019699370488524437 -0.00986087042838335 -0.000419721647631377
v -0.019640032202005386 -0.00979625154286623 -0.0005306466482579708
v -0.019549746066331863 -0.010035867802798748 -0.00039320261566899717
v -0.01946048066020012 -0.010006246156990528 -0.0004988132859580219
v -0.019496003165841103 -0.010258771479129791 -0.0003594316076487303
v -0.019395990297198296 -0.010273732244968414 -0.0004582940018735826
v -0.019549692049622536 -0.010481692850589752 -0.0003256812924519181
v -0.019460415467619896 -0.010541236028075218 -0.0004177877272013575
v -0.019699271768331528 -0.010656729340553284 -0.00029918685322627425
v -0.019639914855360985 -0.01075128372758627 -0.00038600462721660733
v -0.019912609830498695 -0.010746277868747711 -0.00028565069078467786
v -0.019895918667316437 -0.010858739726245403 -0.0003697599458973855
v 0.019920723512768745 -0.010740763507783413 -0.000281485088635236
v 0.019904080778360367 -0.010853230021893978 -0.00036559466389007866
v 0.019707363098859787 -0.01065127458423376 -0.00029506461578421295
v 0.019648050889372826 -0.01074584387242794 -0.0003818883269559592
v 0.019557738676667213 -0.010476278141140938 -0.00032158364774659276
v 0.01946849934756756 -0.010535847395658493 -0.00041371435509063303
v 0.019503997638821602 -0.01025337353348732 -0.00035535459755919874
v 0.019404008984565735 -0.010268361307680607 -0.0004542335809674114
v -0.01995527744293213 -0.010764189064502716 -0.0002829492441378534
v -0.019985195249319077 -0.010799194686114788 -0.000277646176982671
v -0.019995931535959244 -0.01084377896040678 -0.00027089755167253315
v 0.019993320107460022 -0.010793659836053848 -0.0002734639565460384
v 0.020004067569971085 -0.010838240385055542 -0.00026670831721276045
v 0.019963392987847328 -0.010758661665022373 -0.0002787632402032614
v -0.01999364048242569 -0.029538972303271294 0.0025605366099625826
v -0.019893627613782883 -0.029553933069109917 0.0024616741575300694
v 0.01990637183189392 -0.02954842336475849 0.002465839497745037
v 0.020006360486149788 -0.02953343465924263 0.0025647259317338467
v -0.017493335530161858 -0.03192653879523277 0.002821312053129077
v -0.017493335530161858 -0.03201043978333473 0.0029351648408919573
v -0.018743377178907394 -0.03167945146560669 0.0028848766814917326
v -0.01869337446987629 -0.03160879388451576 0.002773042069748044
v -0.01965855062007904 -0.030774833634495735 0.0027477515395730734
v -0.0195719413459301 -0.03074035979807377 0.0026414021849632263
v 0.019671576097607613 -0.030769389122724533 0.002751873806118965
v 0.019584979861974716 -0.030734939500689507 0.0026454997714608908
v 0.018756622448563576 -0.031674258410930634 0.002888800110667944
v 0.01870662532746792 -0.0316036157310009 0.002776957117021084
v 0.017506662756204605 -0.03200559318065643 0.002938829595223069
v 0.017506662756204605 -0.031921692192554474 0.002824976807460189
v -0.0032433366868644953 -0.03200846537947655 0.0029366544913500547
v -0.017507556825876236 0.04411254823207855 0.03809279948472977
v -0.017505379393696785 0.04148894548416138 0.020769847556948662
v -0.01750296913087368 0.03858322277665138 0.00158414407633245
v -0.017493633553385735 -0.031651053577661514 0.005308098159730434
v 0.017506364732980728 -0.031646206974983215 0.005311762448400259
v 0.017492443323135376 0.04411739483475685 0.038096461445093155
v 0.017497031018137932 0.03858806937932968 0.00158780871424824
v 0.017494618892669678 0.041493792086839676 0.0207735113799572
v 0.0009280088706873357 -0.031043842434883118 0.008589676581323147
v 0.0008309221011586487 -0.030565783381462097 0.009119972586631775
v 5.78886283619795e-06 -0.03053279221057892 0.009338478557765484
v 0.0014352219877764583 -0.03090326115489006 0.006891218479722738
v 0.0015141642652451992 -0.030880019068717957 0.00704460684210062
v 0.0009282162063755095 -0.03129338100552559 0.006942041218280792
v 0.0016562060918658972 -0.030779674649238586 0.007707043085247278
v 0.0009281361126340926 -0.03136012330651283 0.007794859819114208
v 0.0015139976749196649 -0.03067936934530735 0.008369453251361847
v 0.001435016980394721 -0.030656149610877037 0.008522828109562397
v 6.180046966619557e-06 -0.03149661421775818 0.0068776607513427734
v 6.198956725711469e-06 -0.031027013435959816 0.006075266748666763
v 0.0008312776335515082 -0.030993793159723282 0.006293946411460638
v 5.949456408416154e-06 -0.031218932941555977 0.008711124770343304
v 6.091134309826884e-06 -0.031570885330438614 0.007826665416359901
v 0.0004394118732307106 -0.03084702603518963 0.003924331162124872
v -0.00024368563026655465 -0.030744843184947968 0.00459956843405962
v 0.00025642215041443706 -0.030874457210302353 0.0037433598190546036
v -0.00042667536763474345 -0.030772274360060692 0.004418597556650639
v 0.00025631452444940805 -0.030744774267077446 0.004599617328494787
v 6.30619297226076e-06 -0.030734777450561523 0.004665825050324202
v 0.0004393499402794987 -0.030772153288125992 0.004418692085891962
v 0.0005063682910986245 -0.03080958127975464 0.004171513020992279
v -0.00024357775691896677 -0.030874526128172874 0.003743303706869483
v 6.430309440474957e-06 -0.030884522944688797 0.0036771034356206656
v -0.0004266134346835315 -0.03084714710712433 0.003924236632883549
v -0.0004936315235681832 -0.03080972097814083 0.004171408247202635
v 0.0005064895376563072 -0.03179830312728882 0.004321257583796978
v 0.000439471157733351 -0.03176087513566017 0.004568436648696661
v 0.00025643574190326035 -0.031733497977256775 0.004749361891299486
v 6.427401785913389e-06 -0.0317234992980957 0.0048155696131289005
v -0.00024356442736461759 -0.03173356503248215 0.004749312996864319
v -0.0004265541792847216 -0.03176099807024002 0.0045683421194553375
v -0.0004935103352181613 -0.03179844468832016 0.004321152810007334
v 0.00457332469522953 -0.030771581456065178 0.004419121891260147
v 0.004506367724388838 -0.030809028074145317 0.004171932581812143
v 0.005506368353962898 -0.030808888375759125 0.004172037821263075
v 0.004573386628180742 -0.030846454203128815 0.0039247614331543446
v 0.004756421782076359 -0.03087383508682251 0.003743828274309635
v 0.005006430204957724 -0.030883830040693283 0.0036776280030608177
v 0.005256421864032745 -0.03087376430630684 0.0037438843864947557
v 0.00543941231444478 -0.030846334993839264 0.003924848511815071
v 0.0050063058733940125 -0.03073408640921116 0.00466634938493371
v 0.004756314214318991 -0.030744150280952454 0.004600093234330416
v 0.005256314296275377 -0.03074408322572708 0.004600142128765583
v 0.005439349915832281 -0.030771462246775627 0.0044192164205014706
v 0.005506489425897598 -0.0317976139485836 0.004321782384067774
v 0.005439470987766981 -0.031760185956954956 0.0045689609833061695
v 0.005256435833871365 -0.03173280507326126 0.004749886691570282
v 0.0050064269453287125 -0.03172281011939049 0.004816093947738409
v 0.004756435286253691 -0.03173287585377693 0.004749837797135115
v 0.00457344576716423 -0.03176030516624451 0.004568866454064846
v 0.004506489261984825 -0.031797751784324646 0.004321677144616842
v -0.005426675081253052 -0.030772967264056206 0.004418072756379843
v -0.005493631586432457 -0.030810412019491196 0.004170890897512436
v -0.004493631422519684 -0.030810272321105003 0.00417099567130208
v -0.00542661314830184 -0.030847838148474693 0.003923711832612753
v -0.005243577994406223 -0.03087521903216839 0.0037427865900099277
v -0.0049935695715248585 -0.03088521398603916 0.0036765788681805134
v -0.004743577912449837 -0.030875150114297867 0.0037428352516144514
v -0.004560588393360376 -0.030847718939185143 0.003923806361854076
v -0.00499369390308857 -0.030735470354557037 0.004665300250053406
v -0.005243685096502304 -0.03074553608894348 0.004599044099450111
v -0.004743685480207205 -0.03074546530842781 0.004599099978804588
v -0.004560650326311588 -0.030772846192121506 0.004418167285621166
v -0.004493510350584984 -0.03179899603128433 0.004320740234106779
v -0.004560529254376888 -0.031761568039655685 0.004567911848425865
v -0.004743564408272505 -0.03173419088125229 0.004748845007270575
v -0.004993572365492582 -0.03172419220209122 0.004815044812858105
v -0.005243564024567604 -0.03173425793647766 0.00474878866225481
v -0.005426554009318352 -0.031761690974235535 0.004567817319184542
v -0.005493510514497757 -0.031799133867025375 0.004320635460317135
v 0.0020059943199157715 -0.030779626220464706 0.007707078941166401
v 0.0020060548558831215 -0.031273990869522095 0.00778195122256875
v 0.001737920450977981 -0.030629917979240417 0.008695779368281364
v 0.001737981103360653 -0.031124280765652657 0.008770652115345001
v 0.0010057787876576185 -0.030520400032401085 0.009419496171176434
v 0.0010058393236249685 -0.031014762818813324 0.00949436891824007
v 5.745420367020415e-06 -0.030480414628982544 0.009684319607913494
v 5.806025001220405e-06 -0.030974777415394783 0.009759192354977131
v -0.0009942211909219623 -0.03052067570388317 0.009419286623597145
v -0.0009941605385392904 -0.03101504035294056 0.009494159370660782
v -0.0017261810135096312 -0.03063039854168892 0.008695416152477264
v -0.0017261204775422812 -0.031124761328101158 0.008770288899540901
v -0.0019940058700740337 -0.030780181288719177 0.007706659380346537
v -0.0019939453341066837 -0.03127454221248627 0.007781531661748886
v -0.004238537512719631 -0.027237311005592346 0.021084051579236984
v -0.0022918363101780415 -0.027431804686784744 0.019798286259174347
v 4.321037522458937e-06 -0.027499878779053688 0.01934695430099964
v 0.004245688673108816 -0.025965509936213493 0.029474545270204544
v 0.0022989872377365828 -0.025771016255021095 0.03076031059026718
v 2.830003040799056e-06 -0.025702940300107002 0.031211649999022484
v 0.004246743395924568 -0.02723613567650318 0.021084941923618317
v 0.005547138396650553 -0.026944471523165703 0.02300966903567314
v 0.006003574933856726 -0.026600578799843788 0.025279927998781204
v -0.0022932137362658978 -0.025771651417016983 0.03075983189046383
v -0.004239591769874096 -0.02596668340265751 0.02947365492582321
v 0.002300364663824439 -0.027431169524788857 0.0197987649589777
v 0.0055465674959123135 -0.02625681273639202 0.027550090104341507
v -0.0055394163355231285 -0.02694600634276867 0.02300850674510002
v -0.005996424239128828 -0.026602240279316902 0.025278668850660324
v -0.0055399867706000805 -0.026258347555994987 0.027548927813768387
v 0.01276188064366579 0.04522772505879402 0.04676712676882744
v 0.0125618577003479 0.04542544484138489 0.04673716053366661
v 0.012926526367664337 0.045319803059101105 0.04737495630979538
v 0.01275328453630209 0.045532502233982086 0.04744385927915573
v 0.013376498594880104 0.045387253165245056 0.047819964587688446
v 0.01327645406126976 0.045610927045345306 0.04796125367283821
v 0.013991228304803371 0.045412007719278336 0.047982893884181976
v 0.013991179876029491 0.045639701187610626 0.048150684684515
v 0.014605998992919922 0.045387424528598785 0.047820091247558594
v 0.014705954119563103 0.045611124485731125 0.047961410135030746
v 0.015056082047522068 0.04532009735703468 0.047375187277793884
v 0.015229251235723495 0.045532844960689545 0.04744412750005722
v 0.015220880508422852 0.04522806406021118 0.046767376363277435
v 0.015420855954289436 0.04542584344744682 0.04673745855689049
v -0.015238117426633835 0.04522384703159332 0.04676418751478195
v -0.015438142232596874 0.04542156681418419 0.046734221279621124
v -0.015073473565280437 0.045315928757190704 0.04737203195691109
v -0.015246715396642685 0.04552862420678139 0.04744093865156174
v -0.014623500406742096 0.045383378863334656 0.04781702533364296
v -0.014723547734320164 0.04560704901814461 0.04795832931995392
v -0.014008771628141403 0.04540812969207764 0.04797995463013649
v -0.014008820988237858 0.045635826885700226 0.04814776033163071
v -0.013394000940024853 0.04538354650139809 0.04781715199351311
v -0.013294047676026821 0.045607246458530426 0.04795847460627556
v -0.012943916954100132 0.045316219329833984 0.047372251749038696
v -0.012770747765898705 0.045528966933488846 0.047441188246011734
v -0.012779118493199348 0.04522418975830078 0.04676445573568344
v -0.012579143047332764 0.045421965420246124 0.0467345230281353
v 0.012743555009365082 0.04260718822479248 0.029464440420269966
v 0.012543530203402042 0.04280490800738335 0.02943447418510914
v 0.012910946272313595 0.04270080104470253 0.03008241392672062
v 0.012737704440951347 0.04291350021958351 0.03015131689608097
v 0.013368421234190464 0.04276937618851662 0.030534837394952774
v 0.013268375769257545 0.04299305006861687 0.03067612834274769
v 0.01399340108036995 0.04279454052448273 0.030700478702783585
v 0.01399335078895092 0.043022237718105316 0.030868271365761757
v 0.014618420973420143 0.042769551277160645 0.030534964054822922
v 0.014718376100063324 0.042993247509002686 0.030676277354359627
v 0.015076009556651115 0.04270109906792641 0.030082639306783676
v 0.015249178744852543 0.04291384667158127 0.030151577666401863
v 0.01524355635046959 0.04260753467679024 0.029464706778526306
v 0.0154435308650136 0.04280531033873558 0.029434774070978165
v 0.01276622898876667 0.03998665511608124 0.01216176152229309
v 0.012566206976771355 0.040184374898672104 0.012131788767874241
v 0.012930875644087791 0.04007873311638832 0.012769599445164204
v 0.012757633812725544 0.0402914322912693 0.01283850334584713
v 0.013380847871303558 0.04014618694782257 0.013214600272476673
v 0.013280803337693214 0.04036985710263252 0.013355889357626438
v 0.013995577581226826 0.04017093777656555 0.013377528637647629
v 0.013995529152452946 0.04039863497018814 0.013545320369303226
v 0.014610348269343376 0.040146354585886 0.013214726001024246
v 0.014710303395986557 0.04037005454301834 0.013356039300560951
v 0.015060431323945522 0.0400790311396122 0.012769823893904686
v 0.01523360051214695 0.04029177501797676 0.012838762253522873
v 0.01522523071616888 0.039986997842788696 0.012162021361291409
v 0.01542520523071289 0.04018476977944374 0.012132087722420692
v -0.015233769081532955 0.03998278081417084 0.01215883158147335
v -0.01543379295617342 0.040180500596761703 0.012128857895731926
v -0.015069123357534409 0.04007485881447792 0.012766669504344463
v -0.01524236612021923 0.0402875579893589 0.012835572473704815
v -0.014619151130318642 0.04014230892062187 0.013211669400334358
v -0.01471919845789671 0.040365979075431824 0.013352959416806698
v -0.014004423283040524 0.04016705974936485 0.013374597765505314
v -0.014004471711814404 0.04039475694298744 0.013542389497160912
v -0.013389652594923973 0.0401424802839756 0.013211795128881931
v -0.013289698399603367 0.04036617651581764 0.013353108428418636
v -0.012939567677676678 0.0400751531124115 0.012766886502504349
v -0.012766399420797825 0.04028790071606636 0.012835832312703133
v -0.012774769216775894 0.039983119815588 0.012159090489149094
v -0.012574794702231884 0.04018089547753334 0.012129157781600952
v -0.014256289228796959 0.04241626709699631 0.02822570875287056
v -0.014256288297474384 0.04258406534790993 0.02799801155924797
v -0.014881310053169727 0.04244126006960869 0.028391225263476372
v -0.014981312677264214 0.04261305555701256 0.028190013021230698
v -0.0153388986364007 0.04250970855355263 0.028843550011515617
v -0.015512115322053432 0.042692456394433975 0.028714705258607864
v -0.015506443567574024 0.042603276669979095 0.029461482539772987
v -0.015706468373537064 0.04280099645256996 0.02943151630461216
v -0.014256599359214306 0.04279062896966934 0.030697520822286606
v -0.01425664871931076 0.04301832616329193 0.030865313485264778
v -0.01375659927725792 0.04279069975018501 0.030697569251060486
v -0.013756648637354374 0.0430183969438076 0.030865369364619255
v -0.013756288215517998 0.0425841361284256 0.027998067438602448
v -0.013756289146840572 0.04241633787751198 0.02822575904428959
v -0.013131578452885151 0.04276571050286293 0.03053206205368042
v -0.013031624257564545 0.04298940673470497 0.030673375353217125
v -0.012673989869654179 0.04269725829362869 0.030079737305641174
v -0.012500821612775326 0.042910005897283554 0.03014867566525936
v -0.01250644400715828 0.042603690177202225 0.029461797326803207
v -0.01230646762996912 0.04280146583914757 0.029431872069835663
v -0.012673834338784218 0.042510077357292175 0.028843823820352554
v -0.012500641867518425 0.0426928736269474 0.028715020045638084
v -0.013131309300661087 0.04244150221347809 0.028391405940055847
v -0.013031312264502048 0.042613327503204346 0.028190210461616516
v 0.012762523256242275 0.039987482130527496 0.04756077378988266
v 0.012927168980240822 0.04007956013083458 0.0481686033308506
v 0.013377141207456589 0.04014701396226883 0.04861361160874367
v 0.013991870917379856 0.04017176479101181 0.0487765409052372
v 0.014606641605496407 0.04014718532562256 0.048613738268613815
v 0.015056724660098553 0.040079858154058456 0.048168834298849106
v 0.015221523120999336 0.039987824857234955 0.047561027109622955
v 0.01399211399257183 0.0392572283744812 0.047671522945165634
v -0.015237475745379925 0.039983607828617096 0.04755783453583717
v -0.015072830952703953 0.04007568582892418 0.04816568270325661
v -0.014622857794165611 0.04014313593506813 0.04861067607998848
v -0.014008129015564919 0.04016788676381111 0.04877360165119171
v -0.013393358327448368 0.04014330729842186 0.04861079901456833
v -0.012943274341523647 0.04007598012685776 0.04816589877009392
v -0.012778475880622864 0.039983946830034256 0.04755810275673866
v -0.014007887803018093 0.0392533540725708 0.04766860231757164
v 0.012766871601343155 0.03474641591310501 0.012955409474670887
v 0.012931517325341702 0.034838493913412094 0.013563247397542
v 0.013381490483880043 0.034905944019556046 0.014008247293531895
v 0.01399622019380331 0.034930694848299026 0.01417117565870285
v 0.014610989950597286 0.034906115382909775 0.014008373953402042
v 0.015061073936522007 0.03483878821134567 0.013563471846282482
v 0.015225873328745365 0.03474675491452217 0.01295566838234663
v 0.013996463268995285 0.03401615843176842 0.01306616049259901
v -0.01523312646895647 0.03474253788590431 0.012952479533851147
v -0.015068480744957924 0.034834615886211395 0.013560316525399685
v -0.014618508517742157 0.034902069717645645 0.014005317352712154
v -0.014003780670464039 0.034926820546388626 0.01416824571788311
v -0.013389009982347488 0.034902237355709076 0.014005443081259727
v -0.012938925065100193 0.034834910184144974 0.013560534454882145
v -0.01277412660419941 0.03474288061261177 0.01295273844152689
v -0.014003538526594639 0.03401228412985802 0.013063229620456696
v -0.013131177984178066 0.03950292244553566 0.031026218086481094
v -0.012673590332269669 0.03943447023630142 0.03057389333844185
v -0.012506043538451195 0.039340902119874954 0.02995595522224903
v -0.014880909584462643 0.03917847201228142 0.028885383158922195
v -0.015338498167693615 0.03924692049622536 0.02933770790696144
v -0.01550604309886694 0.039340488612651825 0.02995564043521881
v -0.014256199821829796 0.03952784091234207 0.03119167871773243
v -0.013756198808550835 0.03952791169285774 0.03119172714650631
v -0.013755888678133488 0.03915354982018471 0.028719915077090263
v -0.013130908831954002 0.03917871415615082 0.02888556383550167
v -0.012673433870077133 0.039247289299964905 0.029337981715798378
v -0.014255888760089874 0.03915347903966904 0.028719866648316383
v -0.014881178736686707 0.03950268030166626 0.03102603740990162
v -0.015338653698563576 0.039434101432561874 0.030573612079024315
v 0.014619089663028717 0.03918255493044853 0.02888847328722477
v 0.013994112610816956 0.03915739059448242 0.028722824528813362
v 0.013369089923799038 0.0391823835670948 0.028888341039419174
v 0.013368820771574974 0.039506591856479645 0.031028995290398598
v 0.01399380061775446 0.03953175246715546 0.031194636598229408
v 0.014618820510804653 0.039506763219833374 0.031029121950268745
v 0.012743955478072166 0.03934440016746521 0.02995859831571579
v 0.01291134674102068 0.03943801298737526 0.030576571822166443
v 0.01291150227189064 0.03925083205103874 0.029340658336877823
v 0.015076409094035625 0.039438314735889435 0.0305767972022295
v 0.0152439558878541 0.03934474661946297 0.02995886467397213
v 0.015076564624905586 0.03925113379955292 0.029340891167521477
v 0.01991971582174301 -0.016694974154233932 0.017214393243193626
v 0.019920866936445236 -0.026087859645485878 0.018636969849467278
v 0.019963538274168968 -0.02609056606888771 0.018619075417518616
v 0.019962387159466743 -0.016697680577635765 0.017196498811244965
v 0.019993463531136513 -0.026095863431692123 0.01858407072722912
v 0.019992312416434288 -0.016702977940440178 0.017161494120955467
v 0.020004212856292725 -0.026102613657712936 0.018539490178227425
v 0.02000305987894535 -0.01670972816646099 0.017116913571953773
v 0.019962234422564507 -0.015599186532199383 0.017203930765390396
v 0.019992157816886902 -0.015593407675623894 0.017169008031487465
v 0.020002905279397964 -0.015586050227284431 0.017124522477388382
v 0.02000271901488304 -0.014519721269607544 0.01747899502515793
v 0.019991975277662277 -0.014540465548634529 0.0175190232694149
v 0.02000252529978752 -0.013615119270980358 0.018145624548196793
v 0.019991783425211906 -0.013647220097482204 0.01817728951573372
v 0.0200023390352726 -0.01296079158782959 0.01905917003750801
v 0.019991600885987282 -0.013001108542084694 0.019079366698861122
v 0.020002178847789764 -0.012620791792869568 0.020130198448896408
v 0.019991444423794746 -0.01266537606716156 0.02013694867491722
v 0.01996205374598503 -0.014556755311787128 0.017550455406308174
v 0.01996186375617981 -0.013672427274286747 0.018202148377895355
v 0.019961681216955185 -0.013032764196395874 0.019095223397016525
v 0.01996152475476265 -0.012700383551418781 0.02014225162565708
v 0.019919563084840775 -0.015602145344018936 0.01722179539501667
v 0.01991938427090645 -0.014565090648829937 0.017566531896591187
v 0.019919194281101227 -0.013685323297977448 0.018214866518974304
v 0.01991901360452175 -0.013048959895968437 0.01910332962870598
v 0.019918857142329216 -0.012718291953206062 0.020144959911704063
v 0.01992085576057434 -0.026485152542591095 0.01926969178020954
v 0.019920825958251953 -0.026399264112114906 0.019432077184319496
v 0.019963497295975685 -0.026413409039378166 0.019443385303020477
v 0.019920820370316505 -0.026372060179710388 0.019463347271084785
v 0.01992078125476837 -0.026193823665380478 0.019583474844694138
v 0.019963450729846954 -0.026200419291853905 0.019600337371230125
v 0.019920779392123222 -0.026172678917646408 0.019591206684708595
v 0.019920744001865387 -0.02594020962715149 0.019611869007349014
v 0.01996340975165367 -0.02593749202787876 0.01962977834045887
v 0.01999337039887905 -0.026213327422738075 0.019633306190371513
v 0.01999332755804062 -0.02593218721449375 0.019664784893393517
v 0.020004110410809517 -0.026229770854115486 0.01967529207468033
v 0.020004063844680786 -0.02592543326318264 0.01970936544239521
v 0.01999342069029808 -0.026441067457199097 0.019465476274490356
v 0.020004164427518845 -0.02647629752755165 0.019493618980050087
v 0.019920865073800087 -0.026501482352614403 0.019198240712285042
v 0.019963538274168968 -0.026519378647208214 0.019200963899493217
v 0.019993461668491364 -0.026554377749562263 0.01920626312494278
v 0.020004209131002426 -0.026598958298563957 0.01921301893889904
v 0.01991450786590576 -0.007477222941815853 0.05475032329559326
v 0.019957175478339195 -0.007459314540028572 0.05474761500954628
v 0.019987095147371292 -0.007424307055771351 0.05474231392145157
v 0.01999782957136631 -0.007379722781479359 0.054735563695430756
v 0.02000291272997856 -0.016532547771930695 0.01828679069876671
v 0.019992176443338394 -0.016539299860596657 0.018242210149765015
v 0.019962258636951447 -0.016544606536626816 0.01820720173418522
v 0.019919591024518013 -0.016547324135899544 0.018189294263720512
v 0.019957061856985092 -0.007466750685125589 0.05584610998630524
v 0.01998697780072689 -0.007431818637996912 0.05585188791155815
v 0.019997714087367058 -0.007387329358607531 0.05585923790931702
v 0.019997650757431984 -0.007741797715425491 0.05692557618021965
v 0.019986916333436966 -0.007781838532537222 0.05690482258796692
v 0.019997648894786835 -0.008408433757722378 0.05783017352223396
v 0.019986914470791817 -0.008440102450549603 0.057798076421022415
v 0.01999770663678646 -0.009321979247033596 0.05848449468612671
v 0.019986972212791443 -0.009342179633677006 0.058444175869226456
v 0.019997818395495415 -0.010393008589744568 0.058824505656957626
v 0.019987082108855247 -0.010399763472378254 0.058779917657375336
v 0.019957000389695168 -0.007813275791704655 0.05688854679465294
v 0.01995699852705002 -0.00846496969461441 0.05777287110686302
v 0.019957056269049644 -0.009358040988445282 0.05841252580285072
v 0.0199571643024683 -0.010405067354440689 0.058744918555021286
v 0.01991439424455166 -0.0074846213683485985 0.055843155831098557
v 0.019914334639906883 -0.007829360663890839 0.05688020959496498
v 0.019914332777261734 -0.008477694354951382 0.05775997042655945
v 0.01991438865661621 -0.00936615839600563 0.05839633196592331
v 0.019914498552680016 -0.010407785885035992 0.05872700363397598
v 0.019919482991099358 -0.01576298102736473 0.01819460280239582
v 0.01991945318877697 -0.015570179559290409 0.018234312534332275
v 0.019962120801210403 -0.015574521385133266 0.018251895904541016
v 0.01991935633122921 -0.01501866802573204 0.018442029133439064
v 0.01991928741335869 -0.014684646390378475 0.018649837002158165
v 0.019961955025792122 -0.014695381745696068 0.018664421513676643
v 0.019919220358133316 -0.014387243427336216 0.018907342106103897
v 0.019919119775295258 -0.014025532640516758 0.019372619688510895
v 0.01996179111301899 -0.014041031710803509 0.019381975755095482
v 0.01991908811032772 -0.013930514454841614 0.01954500935971737
v 0.019918976351618767 -0.0136931873857975 0.020292609930038452
v 0.019961649551987648 -0.013711086474359035 0.02029532380402088
v 0.019991714507341385 -0.014071337878704071 0.019400274381041527
v 0.019991576671600342 -0.013746085576713085 0.020300624892115593
v 0.02000245824456215 -0.014109940268099308 0.019423574209213257
v 0.020002322271466255 -0.013790666125714779 0.020307378843426704
v 0.019991876557469368 -0.014716379344463348 0.018692923709750175
v 0.020002618432044983 -0.014743128791451454 0.01872922293841839
v 0.020002780482172966 -0.015593835152685642 0.018330035731196404
v 0.0199920404702425 -0.015583014115691185 0.018286261707544327
v 0.01991564966738224 -0.019800672307610512 0.060149576514959335
v 0.019958317279815674 -0.019797952845692635 0.06016749516129494
v 0.01998823508620262 -0.019792648032307625 0.06020249426364899
v 0.01999897137284279 -0.019785894080996513 0.06024708226323128
v 0.0199979729950428 -0.00854959711432457 0.0549127422273159
v 0.019987227395176888 -0.008505016565322876 0.05490598827600479
v 0.019957300275564194 -0.008470017462968826 0.05490068718791008
v 0.01991462893784046 -0.008452118374407291 0.0548979751765728
v 0.019915761426091194 -0.020345613360404968 0.05980740860104561
v 0.019915733486413956 -0.02025972679257393 0.059969786554574966
v 0.01995840296149254 -0.02027387171983719 0.0599810853600502
v 0.01991572603583336 -0.02023252286016941 0.06000106409192085
v 0.019915686920285225 -0.02005428448319435 0.060121189802885056
v 0.019958356395363808 -0.020060881972312927 0.060138046741485596
v 0.019915685057640076 -0.02003314346075058 0.06012890860438347
v 0.019988276064395905 -0.02007378824055195 0.06017102301120758
v 0.01999901793897152 -0.02009023353457451 0.06021299958229065
v 0.019988324493169785 -0.02030153013765812 0.060003191232681274
v 0.01999906823039055 -0.020336760208010674 0.060031335800886154
v 0.01991577260196209 -0.020361945033073425 0.05973595008254051
v 0.019958442077040672 -0.020379843190312386 0.05973866581916809
v 0.019988369196653366 -0.020414840430021286 0.0597439780831337
v 0.01999911665916443 -0.02045942097902298 0.05975073203444481
v 0.019914546981453896 -0.008457430638372898 0.055682308971881866
v 0.01991453394293785 -0.008497138507664204 0.05587511137127876
v 0.019957203418016434 -0.008514710702002048 0.05587077885866165
v 0.019914504140615463 -0.008704852312803268 0.05642663687467575
v 0.019914496690034866 -0.008912668563425541 0.056760650128126144
v 0.019957171753048897 -0.008927240036427975 0.05674990639090538
v 0.019914502277970314 -0.009170175530016422 0.057058047503232956
v 0.019914528355002403 -0.009635445661842823 0.057419758290052414
v 0.019957199692726135 -0.009644796140491962 0.05740427225828171
v 0.019914543256163597 -0.00980784185230732 0.057514775544404984
v 0.019914621487259865 -0.01055543590337038 0.057752110064029694
v 0.019957290962338448 -0.010558141395449638 0.05773421376943588
v 0.01998712867498398 -0.009663085453212261 0.057373952120542526
v 0.01998721808195114 -0.010563438758254051 0.057699210941791534
v 0.01999787613749504 -0.009686381556093693 0.05733535811305046
v 0.019997967407107353 -0.010570188984274864 0.05765463039278984
v 0.01998709887266159 -0.008955733850598335 0.05672891065478325
v 0.019997848197817802 -0.008992031216621399 0.05670217052102089
v 0.01999788172543049 -0.008592846803367138 0.05585145577788353
v 0.019987132400274277 -0.00854907650500536 0.055862270295619965
v 0.019999118521809578 -0.01996307447552681 0.05907720699906349
v 0.019988371059298515 -0.019956324249505997 0.059121787548065186
v 0.01995844393968582 -0.019951026886701584 0.059156790375709534
v 0.01991577260196209 -0.0199483223259449 0.059174686670303345
v 0.019998658448457718 0.02567106857895851 0.003112707519903779
v 0.019997507333755493 0.035063959658145905 0.001690130797214806
v 0.01998675987124443 0.03507070988416672 0.0017347120447084308
v 0.019987910985946655 0.025677820667624474 0.00315728853456676
v 0.019956834614276886 0.03507600352168083 0.0017697078874334693
v 0.01995798572897911 0.025683116167783737 0.0031922846101224422
v 0.019914161413908005 0.035078711807727814 0.00178761116694659
v 0.01991531252861023 0.02568582259118557 0.003210187889635563
v 0.019986601546406746 0.035661425441503525 0.002474368317052722
v 0.019997335970401764 0.03570341318845749 0.0024908168707042933
v 0.019997334107756615 0.0355217382311821 0.0027373426128178835
v 0.019986625760793686 0.03569290041923523 0.002193227643147111
v 0.019997362047433853 0.03573748469352722 0.0021864790469408035
v 0.019986668601632118 0.03557958826422691 0.0019340148428454995
v 0.019997408613562584 0.035614822059869766 0.0019058786565437913
v 0.019986717030405998 0.03535185009241104 0.0017661842284724116
v 0.019997460767626762 0.03536829352378845 0.001724198111332953
v 0.019986599683761597 0.03549359738826752 0.0027021088171750307
v 0.0199566837400198 0.03547149896621704 0.0026744415517896414
v 0.019956685602664948 0.03562845662236214 0.002461453201249242
v 0.019956795498728752 0.035338934510946274 0.0017991499044001102
v 0.01991412602365017 0.0353323258459568 0.0018160055624321103
v 0.01991412788629532 0.03531436622142792 0.0018093674443662167
v 0.01995674893260002 0.03555192053318024 0.0019561010412871838
v 0.019914081320166588 0.03553776443004608 0.001967403572052717
v 0.019914085045456886 0.0355151891708374 0.0019410888198763132
v 0.019914032891392708 0.03564554080367088 0.002274313708767295
v 0.019914042204618454 0.03563998267054558 0.002201232360675931
v 0.019956709817051888 0.035657890141010284 0.002198524074628949
v 0.0199140515178442 0.03562365099787712 0.0021297819912433624
v 0.019914017990231514 0.035611592233181 0.002454849425703287
v 0.019997360184788704 0.03524113819003105 0.002860007109120488
v 0.019986623898148537 0.03523438423871994 0.002815418876707554
v 0.01995670795440674 0.03522907942533493 0.0027804120909422636
v 0.019914040341973305 0.03522635996341705 0.0027625032234936953
v 0.019914019852876663 0.03544500470161438 0.0026719425804913044
v 0.019914019852876663 0.03546019271016121 0.0026602912694215775
v 0.019914017990231514 0.035597819834947586 0.0024866615422070026
v 0.019915303215384483 0.02275525964796543 0.00718686543405056
v 0.019957974553108215 0.02273736521601677 0.007189586758613586
v 0.019958090037107468 0.02274479903280735 0.006091094110161066
v 0.01998790167272091 0.02270236238837242 0.007194886915385723
v 0.019988015294075012 0.02270987629890442 0.006085319444537163
v 0.019998649135231972 0.022657781839370728 0.0072016422636806965
v 0.019998764619231224 0.022665388882160187 0.006077967118471861
v 0.019998827949166298 0.023019855841994286 0.0050116367638111115
v 0.019988076761364937 0.023059897124767303 0.005032376851886511
v 0.019998829811811447 0.023686494678258896 0.0041070315055549145
v 0.019988080486655235 0.023718159645795822 0.004139130003750324
v 0.01999877206981182 0.024600038304924965 0.0034527096431702375
v 0.01998802460730076 0.024620233103632927 0.003493022406473756
v 0.019958151504397392 0.023091327399015427 0.005048657301813364
v 0.01995815336704254 0.02374301850795746 0.0041643306612968445
v 0.019958095625042915 0.02463609352707863 0.003524669213220477
v 0.019915416836738586 0.022762659937143326 0.006094041280448437
v 0.019915476441383362 0.02310739830136299 0.0050569879822432995
v 0.01991548016667366 0.023755734786391258 0.004177219234406948
v 0.019915424287319183 0.024644197896122932 0.0035408500116318464
v 0.01991519331932068 0.02583347260951996 0.00418508006259799
v 0.019957859069108963 0.025836190208792686 0.004202988930046558
v 0.01998777501285076 0.025841495022177696 0.004237995482981205
v 0.01999851129949093 0.025848250836133957 0.004282583948224783
v 0.019992435351014137 0.03014502301812172 0.056637875735759735
v 0.019981687888503075 0.030189603567123413 0.056631118059158325
v 0.01995176263153553 0.03022460639476776 0.056625816971063614
v 0.019909091293811798 0.030242500826716423 0.056623104959726334
v 0.0199152659624815 0.023735467344522476 0.006254873238503933
v 0.019915280863642693 0.023775173351168633 0.006062071770429611
v 0.019957946613430977 0.02379276230931282 0.006066424772143364
v 0.01991530880331993 0.02398289367556572 0.005510561168193817
v 0.019915316253900528 0.024190707132220268 0.005176539067178965
v 0.019957980141043663 0.0242052860558033 0.005187289789319038
v 0.01991531066596508 0.024448208510875702 0.004879135638475418
v 0.01991528458893299 0.02491348423063755 0.0045174239203333855
v 0.019957950338721275 0.024922845885157585 0.004532931372523308
v 0.019915271550416946 0.025085877627134323 0.004422405734658241
v 0.019987866282463074 0.02494114078581333 0.0045632487162947655
v 0.01999860256910324 0.02496444247663021 0.004601854365319014
v 0.01998789608478546 0.02423379011452198 0.005208293907344341
v 0.01999863050878048 0.02427009493112564 0.005235043819993734
v 0.019998596981167793 0.023870905861258507 0.00608575064688921
v 0.019987862557172775 0.02382713370025158 0.006074926815927029
v 0.01999850571155548 0.023827657103538513 0.0070244618691504
v 0.019987769424915314 0.02378307282924652 0.007031210698187351
v 0.019957851618528366 0.023748070001602173 0.0070365131832659245
v 0.019915184006094933 0.02373015508055687 0.007039214950054884
v 0.019908232614398003 0.03421918302774429 0.059553664177656174
v 0.019950900226831436 0.03422190248966217 0.05957157909870148
v 0.019951052963733673 0.03312341123819351 0.05956413224339485
v 0.019980818033218384 0.03422720730304718 0.05960657820105553
v 0.01998097263276577 0.033117637038230896 0.059599071741104126
v 0.01999155431985855 0.03423396125435829 0.05965116620063782
v 0.019991710782051086 0.03311028331518173 0.05964355170726776
v 0.01999189518392086 0.032043956220149994 0.05928908661007881
v 0.019981155171990395 0.03206469491124153 0.05924905091524124
v 0.01999209076166153 0.031139349564909935 0.05862245708703995
v 0.019981347024440765 0.03117145225405693 0.05859077721834183
v 0.019992277026176453 0.03048502281308174 0.05770890414714813
v 0.01998153142631054 0.030525337904691696 0.05768870934844017
v 0.01995123364031315 0.03208097815513611 0.05921761319041252
v 0.01995142363011837 0.031196650117635727 0.05856592208147049
v 0.019951606169342995 0.03055698424577713 0.05767284706234932
v 0.01990838535130024 0.033126357942819595 0.059546276926994324
v 0.019908566027879715 0.03208930417895317 0.059201523661613464
v 0.019908754155039787 0.031209532171487808 0.058553196489810944
v 0.019908934831619263 0.03057316690683365 0.057664722204208374
v 0.019908970221877098 0.03121739812195301 0.056475453078746796
v 0.01995163969695568 0.031235311180353165 0.056472744792699814
v 0.01998155564069748 0.03127031400799751 0.0564674437046051
v 0.019992291927337646 0.031314898282289505 0.05646069347858429
v 0.019990403205156326 0.043626848608255386 0.058228589594364166
v 0.01997966691851616 0.043620094656944275 0.058184001594781876
v 0.01994974911212921 0.043614789843559265 0.058149002492427826
v 0.019907081499695778 0.04361207038164139 0.05813108757138252
v 0.019908465445041656 0.03328718990087509 0.05857345461845398
v 0.019908497110009193 0.033094391226768494 0.058533743023872375
v 0.019951166585087776 0.0330987423658371 0.05851616710424423
v 0.019908593967556953 0.0325428731739521 0.058326028287410736
v 0.019908662885427475 0.03220885619521141 0.058118220418691635
v 0.01995133049786091 0.03221960365772247 0.05810365453362465
v 0.019908729940652847 0.0319114550948143 0.05786072090268135
v 0.019908830523490906 0.031549740582704544 0.057395439594984055
v 0.01995149627327919 0.03156525269150734 0.057386092841625214
v 0.019908860325813293 0.031454723328351974 0.057223040610551834
v 0.019981415942311287 0.03159556910395622 0.057367805391550064
v 0.019992155954241753 0.031634170562028885 0.057344499975442886
v 0.019981253892183304 0.0322406068444252 0.05807515233755112
v 0.01999199390411377 0.03226736560463905 0.0580388568341732
v 0.019991835579276085 0.03311806917190552 0.05843804404139519
v 0.01998108997941017 0.03310724347829819 0.05848180502653122
v 0.01999170146882534 0.034056778997182846 0.05848129093647003
v 0.019980954006314278 0.03406352922320366 0.058525871485471725
v 0.019951026886701584 0.03406882658600807 0.058560874313116074
v 0.019908355548977852 0.034071534872055054 0.058578770607709885
v 0.01997964270412922 0.04404713585972786 0.05784295126795769
v 0.019990377128124237 0.044089123606681824 0.0578593984246254
v 0.019990375265479088 0.043907444924116135 0.058105919510126114
v 0.01997966878116131 0.044078610837459564 0.057561811059713364
v 0.019990405067801476 0.044123195111751556 0.05755506083369255
v 0.01997970975935459 0.04396529868245125 0.05730259791016579
v 0.019990449771285057 0.0440005324780941 0.057274460792541504
v 0.01997976005077362 0.043737560510635376 0.05713476613163948
v 0.019990503787994385 0.04375400394201279 0.057092782109975815
v 0.019990550354123116 0.04344967007637024 0.05705871433019638
v 0.019979802891612053 0.04345642030239105 0.057103294879198074
v 0.01994987577199936 0.043461717665195465 0.05713829770684242
v 0.01997964270412922 0.04387930780649185 0.05807069316506386
v 0.01994972676038742 0.043857209384441376 0.058043017983436584
v 0.01994972676038742 0.04401416704058647 0.05783002823591232
v 0.019949834793806076 0.04372464492917061 0.05716773122549057
v 0.019907167181372643 0.04371803626418114 0.05718458071351051
v 0.019907169044017792 0.04370007663965225 0.05717794969677925
v 0.019907204434275627 0.04346442222595215 0.057156194001436234
v 0.019949790090322495 0.04393763467669487 0.057324692606925964
v 0.01990712247788906 0.043923474848270416 0.0573359876871109
v 0.01990712806582451 0.043900903314352036 0.05730967968702316
v 0.01990707591176033 0.04403125122189522 0.057642895728349686
v 0.019907083362340927 0.04402569308876991 0.05756980925798416
v 0.01994975097477436 0.04404360055923462 0.05756711587309837
v 0.019907092675566673 0.044009361416101456 0.05749836564064026
v 0.019907061010599136 0.043997298926115036 0.05782342329621315
v 0.019907061010599136 0.043830715119838715 0.05804052576422691
v 0.019907061010599136 0.04384590685367584 0.058028873056173325
v 0.019907059147953987 0.04398353025317192 0.05785525217652321
v -0.019918950274586678 0.02680339477956295 0.010621455498039722
v -0.01992010325193405 0.036196283996105194 0.009198878891766071
v -0.019962769001722336 0.03619356453418732 0.00918097048997879
v -0.01996161788702011 0.026800677180290222 0.010603547096252441
v -0.019992686808109283 0.03618825972080231 0.009145956486463547
v -0.01999153569340706 0.026795370504260063 0.010568533092737198
v -0.02000342309474945 0.036181505769491196 0.009101375006139278
v -0.020002271980047226 0.02678861655294895 0.01052395161241293
v -0.019961507990956306 0.025753652676939964 0.010935924015939236
v -0.019991422072052956 0.025737784802913666 0.010904266498982906
v -0.020002158358693123 0.025717586278915405 0.010863954201340675
v -0.020002100616693497 0.024804044514894485 0.011518283747136593
v -0.019991368055343628 0.02483571134507656 0.01155038084834814
v -0.020002104341983795 0.024137403815984726 0.012422881089150906
v -0.019991369917988777 0.024177448824048042 0.012443628162145615
v -0.02000216580927372 0.023782936856150627 0.013489210978150368
v -0.019991431385278702 0.02382742613554001 0.013496571220457554
v -0.020002281293272972 0.023775329813361168 0.014612887054681778
v -0.019991545006632805 0.02381991408765316 0.014606138691306114
v -0.01996145211160183 0.024860577657818794 0.01157558523118496
v -0.01996145397424698 0.024208886548876762 0.012459912337362766
v -0.019961515441536903 0.023862358182668686 0.013502349145710468
v -0.019961629062891006 0.023854924365878105 0.014600842259824276
v -0.019918842241168022 0.025761770084500313 0.01095211785286665
v -0.019918784499168396 0.02487330511212349 0.01158847939223051
v -0.019918786361813545 0.024224968627095222 0.01246824860572815
v -0.01991884782910347 0.023880230262875557 0.013505308888852596
v -0.019918961450457573 0.02387283183634281 0.014598133973777294
v -0.01992023177444935 0.036763112992048264 0.009685574099421501
v -0.019920244812965393 0.03672916069626808 0.009866110049188137
v -0.019962918013334274 0.03674601763486862 0.009872708469629288
v -0.019920246675610542 0.03671243414282799 0.009904040023684502
v -0.019920246675610542 0.03657776489853859 0.01007155142724514
v -0.019962918013334274 0.03658905625343323 0.0100856963545084
v -0.019920244812965393 0.036559853702783585 0.010085199028253555
v -0.01992022432386875 0.036343932151794434 0.010173771530389786
v -0.019962895661592484 0.03634663671255112 0.010191666893661022
v -0.019992846995592117 0.03661114722490311 0.010113360360264778
v -0.019992822781205177 0.03635193407535553 0.010226670652627945
v -0.02000359632074833 0.03663928434252739 0.010148586705327034
v -0.02000356838107109 0.03635868802666664 0.010271251201629639
v -0.019992845132946968 0.03677897900342941 0.009885619394481182
v -0.02000359445810318 0.03682095929980278 0.009902060963213444
v -0.019920222461223602 0.03675755485892296 0.009612500667572021
v -0.019962895661592484 0.03677545115351677 0.009609785862267017
v -0.019992820918560028 0.03681045025587082 0.009604479186236858
v -0.02000356651842594 0.03685503080487251 0.009597723372280598
v -0.019923310726881027 0.029113899916410446 0.04920349642634392
v -0.01996597647666931 0.02909599430859089 0.0492062047123909
v -0.01999589428305626 0.029060982167720795 0.049211494624614716
v -0.020006630569696426 0.02901639975607395 0.04921825975179672
v -0.020002417266368866 0.026965798810124397 0.01169382780790329
v -0.019991671666502953 0.026959046721458435 0.011649247258901596
v -0.01996174454689026 0.026953749358654022 0.011614243499934673
v -0.019919073209166527 0.02695104479789734 0.011596348136663437
v -0.019966132938861847 0.029428372159600258 0.050253234803676605
v -0.019996052607893944 0.029396716505289078 0.05026908591389656
v -0.02000679075717926 0.029356399551033974 0.05028928816318512
v -0.020006977021694183 0.030010724440217018 0.05120282620191574
v -0.019996237009763718 0.03004283271729946 0.05117116868495941
v -0.020007170736789703 0.030915331095457077 0.051869455724954605
v -0.01999642886221409 0.030936073511838913 0.05182942748069763
v -0.020007357001304626 0.031981658190488815 0.05222393572330475
v -0.019996611401438713 0.03198901563882828 0.052179452031850815
v -0.020007511600852013 0.033105336129665375 0.05223153531551361
v -0.0199967660009861 0.03309858590364456 0.05218695476651192
v -0.01996631547808647 0.030068036168813705 0.05114629492163658
v -0.019966505467891693 0.030952364206314087 0.05179800093173981
v -0.01996668614447117 0.03199479728937149 0.05214451998472214
v -0.019966838881373405 0.03309328854084015 0.05215195193886757
v -0.019923465326428413 0.02944456785917282 0.05024512857198715
v -0.01992364600300789 0.03008093126118183 0.051133591681718826
v -0.01992383599281311 0.030960701406002045 0.05178191885352135
v -0.019924014806747437 0.03199775516986847 0.052126653492450714
v -0.019924167543649673 0.03309058025479317 0.05213405564427376
v -0.01991899497807026 0.026203449815511703 0.0118336733430624
v -0.019918980076909065 0.02603105641901493 0.011928691528737545
v -0.019961653277277946 0.02604040689766407 0.01194419339299202
v -0.019918953999876976 0.025565780699253082 0.012290403246879578
v -0.019918950274586678 0.02530827932059765 0.012587807141244411
v -0.01996162161231041 0.025322845205664635 0.012598544359207153
v -0.019918955862522125 0.0251004658639431 0.012921828776597977
v -0.019918983802199364 0.024892743676900864 0.013473340310156345
v -0.019961657002568245 0.024910321459174156 0.013477679342031479
v -0.019919000566005707 0.024853039532899857 0.013666141778230667
v -0.019919080659747124 0.02484772726893425 0.01445048302412033
v -0.019961753860116005 0.02486562915146351 0.014447768218815327
v -0.01999158412218094 0.024944685399532318 0.013486171141266823
v -0.0199916772544384 0.02490062452852726 0.014442462474107742
v -0.020002331584692 0.024988453835248947 0.013496994972229004
v -0.020002424716949463 0.024945205077528954 0.014435706660151482
v -0.019991548731923103 0.02535134181380272 0.012619544751942158
v -0.020002298057079315 0.02538764290511608 0.012646288610994816
v -0.020002329722046852 0.02608199045062065 0.012013099156320095
v -0.01999158039689064 0.02605869248509407 0.011974499560892582
v -0.019925318658351898 0.04248347133398056 0.05071147903800011
v -0.01996798999607563 0.042486175894737244 0.05072937533259392
v -0.019997917115688324 0.042491473257541656 0.050764378160238266
v -0.020008664578199387 0.04249822348356247 0.05080895870923996
v -0.020006773993372917 0.030186275020241737 0.04904107749462128
v -0.019996026530861855 0.030141692608594894 0.04904782027006149
v -0.01996610127389431 0.030106699094176292 0.0490531325340271
v -0.019923429936170578 0.030088797211647034 0.04905584827065468
v -0.019925326108932495 0.04290265217423439 0.05022329092025757
v -0.01992533914744854 0.04286869987845421 0.05040381848812103
v -0.01996801234781742 0.04288555681705475 0.05041041597723961
v -0.01992534101009369 0.042851973325014114 0.05044174939393997
v -0.01992534101009369 0.042717304080724716 0.05060926824808121
v -0.01996801234781742 0.042728595435619354 0.05062340572476387
v -0.01992533914744854 0.04269939288496971 0.05062291398644447
v -0.019997941330075264 0.04275068640708923 0.05065106973052025
v -0.020008690655231476 0.042778823524713516 0.0506863035261631
v -0.019997939467430115 0.04291851446032524 0.05042332783341408
v -0.020008688792586327 0.04296049848198891 0.05043977126479149
v -0.01992531679570675 0.04289709031581879 0.050150200724601746
v -0.01996798999607563 0.0429149866104126 0.050147488713264465
v -0.019997915253043175 0.042949989438056946 0.050142187625169754
v -0.020008662715554237 0.04299456998705864 0.050135429948568344
v -0.019923539832234383 0.030326122418045998 0.04980343207716942
v -0.01992357149720192 0.030421137809753418 0.04997583106160164
v -0.01996624283492565 0.030436642467975616 0.0499664805829525
v -0.019923672080039978 0.030782856047153473 0.050441112369298935
v -0.01992373913526535 0.031080255284905434 0.05069861188530922
v -0.019966408610343933 0.031090987846255302 0.05068402737379074
v -0.019923806190490723 0.031414274126291275 0.05090642347931862
v -0.019923904910683632 0.031965792179107666 0.05111415311694145
v -0.019966572523117065 0.031970132142305374 0.05109655484557152
v -0.01992393657565117 0.032158590853214264 0.05115386098623276
v -0.019924044609069824 0.03294293209910393 0.05115916579961777
v -0.019966712221503258 0.03294021263718605 0.051141247153282166
v -0.019996492192149162 0.03197862207889557 0.051062196493148804
v -0.019996630027890205 0.03293490782380104 0.051106248050928116
v -0.020007232204079628 0.0319894440472126 0.05101841315627098
v -0.020007366314530373 0.03292815387248993 0.051061660051345825
v -0.01999633014202118 0.031111987307667732 0.05065552890300751
v -0.020007072016596794 0.031138740479946136 0.050619225949048996
v -0.02000691182911396 0.030505549162626266 0.049924883991479874
v -0.019996166229248047 0.030466947704553604 0.049948181957006454
v -0.020008517429232597 0.04232104495167732 0.049639083445072174
v -0.01999778114259243 0.042327798902988434 0.049683671444654465
v -0.019967863336205482 0.042333103716373444 0.049718670547008514
v -0.01992519572377205 0.04233581945300102 0.049736589193344116
v -0.019996006041765213 -0.01783835142850876 0.009697291068732738
v -0.01999485306441784 -0.027231238782405853 0.01111986767500639
v -0.019984116777777672 -0.027224484831094742 0.011164448224008083
v -0.019985269755125046 -0.017831599339842796 0.009741871617734432
v -0.019954200834035873 -0.027219180017709732 0.01119945477694273
v -0.019955353811383247 -0.017826292663812637 0.009776878170669079
v -0.01991153508424759 -0.027216462418437004 0.011217364110052586
v -0.019912686198949814 -0.01782357506453991 0.009794787503778934
v -0.019984163343906403 -0.027569688856601715 0.01204585935920477
v -0.01999490335583687 -0.027604922652244568 0.012073995545506477
v -0.019994957372546196 -0.027358394116163254 0.012255668640136719
v -0.01998411864042282 -0.027682999148964882 0.011786647140979767
v -0.01999485492706299 -0.027727583423256874 0.01179339550435543
v -0.01998409442603588 -0.027651527896523476 0.011505498550832272
v -0.0199948288500309 -0.02769351191818714 0.011489057913422585
v -0.01998409442603588 -0.02748369611799717 0.011277765966951847
v -0.0199948288500309 -0.02751183696091175 0.011242532171308994
v -0.019984211772680283 -0.027341948822140694 0.012213682755827904
v -0.019954288378357887 -0.027329033240675926 0.012180724181234837
v -0.019954241812229156 -0.02754202112555504 0.012023765593767166
v -0.019954180344939232 -0.027461597695946693 0.011305432766675949
v -0.0199115127325058 -0.02745029330253601 0.011319583281874657
v -0.0199115127325058 -0.02743510529398918 0.011307924054563046
v -0.019954178482294083 -0.027618559077382088 0.011518414132297039
v -0.0199115127325058 -0.027601690962910652 0.01152502465993166
v -0.01991151086986065 -0.027587922289967537 0.011493206024169922
v -0.019911546260118484 -0.027613753452897072 0.011850085109472275
v -0.01991153508424759 -0.02763008326292038 0.01177863497287035
v -0.019954202696681023 -0.027647992596030235 0.011781343258917332
v -0.019911527633666992 -0.027635641396045685 0.011705560609698296
v -0.019911574199795723 -0.027527865022420883 0.01201247051358223
v -0.019995002076029778 -0.027054056525230408 0.01228974387049675
v -0.019984252750873566 -0.02706080861389637 0.012245162390172482
v -0.01995432749390602 -0.027066105976700783 0.012210159562528133
v -0.01991165615618229 -0.027068810537457466 0.012192263267934322
v -0.019911620765924454 -0.02730446495115757 0.01217050664126873
v -0.019911618903279305 -0.027322424575686455 0.012163869105279446
v -0.01991157978773117 -0.027505293488502502 0.012038785964250565
v -0.01991354301571846 -0.01384689286351204 0.012725353240966797
v -0.019956214353442192 -0.013828996568918228 0.012722639366984367
v -0.019956059753894806 -0.014161377213895321 0.011675604619085789
v -0.019986139610409737 -0.013793996535241604 0.012717331759631634
v -0.0199859831482172 -0.014129729010164738 0.011659749783575535
v -0.0199968870729208 -0.01374941598623991 0.012710575945675373
v -0.019996728748083115 -0.014089415781199932 0.011639546602964401
v -0.019996540620923042 -0.014743742533028126 0.010726001113653183
v -0.019985798746347427 -0.014775840565562248 0.01075767446309328
v -0.019996346905827522 -0.01564834639430046 0.010059364140033722
v -0.019985605031251907 -0.015669086948037148 0.010099407285451889
v -0.01999616250395775 -0.01671467535197735 0.009704899042844772
v -0.019985424354672432 -0.016722029075026512 0.009749384596943855
v -0.01995587721467018 -0.014801040291786194 0.010782536119222641
v -0.01995568536221981 -0.015685368329286575 0.010130844078958035
v -0.019955506548285484 -0.01672779954969883 0.009784319438040257
v -0.019913388416171074 -0.014177561737596989 0.011683722026646137
v -0.0199132077395916 -0.014813924208283424 0.010795259848237038
v -0.019913015887141228 -0.01569369249045849 0.010146926157176495
v -0.0199128370732069 -0.016730746254324913 0.009802188724279404
v -0.019912807270884514 -0.01767592504620552 0.010769686661660671
v -0.019955480471253395 -0.017673220485448837 0.010787582956254482
v -0.01998540572822094 -0.017667921259999275 0.01082258578389883
v -0.019996153190732002 -0.017661171033978462 0.010867167264223099
v -0.020003100857138634 -0.006262173876166344 0.06214681640267372
v -0.01999235339462757 -0.006306754425168037 0.06215357035398483
v -0.019962428137660027 -0.006341754924505949 0.062158871442079544
v -0.019919754937291145 -0.006359652150422335 0.062161583453416824
v -0.019913313910365105 -0.01505911536514759 0.0121254101395607
v -0.01991328038275242 -0.015154133550822735 0.011953013017773628
v -0.019955949857831 -0.015169643796980381 0.011962363496422768
v -0.01991318166255951 -0.015515844337642193 0.011487736366689205
v -0.019913112744688988 -0.015813248232007027 0.011230230331420898
v -0.01995578408241272 -0.01582399569451809 0.011244801804423332
v -0.019913045689463615 -0.016147268936038017 0.011022422462701797
v -0.019912946969270706 -0.01669878140091896 0.010814705863595009
v -0.019955620169639587 -0.016703134402632713 0.01083227526396513
v -0.01991291716694832 -0.016891581937670708 0.010774997062981129
v -0.019985543563961983 -0.016711633652448654 0.010866645723581314
v -0.019996287301182747 -0.016722459346055984 0.010910412296652794
v -0.019985703751444817 -0.015845000743865967 0.011273299343883991
v -0.01999644748866558 -0.015871752053499222 0.011309600435197353
v -0.019996607676148415 -0.01523856446146965 0.012003950774669647
v -0.01998586766421795 -0.01519995927810669 0.011980650015175343
v -0.01999674364924431 -0.014919290319085121 0.01288775634020567
v -0.01998600736260414 -0.014874706044793129 0.012881007976830006
v -0.019956089556217194 -0.014839699491858482 0.012875712476670742
v -0.01991342380642891 -0.014821789227426052 0.012873003259301186
v -0.01991976611316204 -0.00929021555930376 0.06613826006650925
v -0.019962437450885773 -0.009287508204579353 0.06615617126226425
v -0.019962547346949577 -0.008240481838583946 0.06582377851009369
v -0.019992364570498466 -0.00928221270442009 0.0661911591887474
v -0.01999247446656227 -0.008224627003073692 0.06585543602705002
v -0.02000311203300953 -0.009275461547076702 0.0662357434630394
v -0.020003223791718483 -0.008204430341720581 0.06589575111865997
v -0.02000328153371811 -0.007290884852409363 0.06524142622947693
v -0.019992532208561897 -0.007322552148252726 0.06520932167768478
v -0.02000327967107296 -0.006624251138418913 0.06433681398630142
v -0.019992530345916748 -0.0066642859019339085 0.06431607902050018
v -0.020003216341137886 -0.006269779987633228 0.06327049434185028
v -0.019992467015981674 -0.006314268335700035 0.06326313316822052
v -0.019962605088949203 -0.007347410544753075 0.06518412381410599
v -0.019962603226304054 -0.006695716176182032 0.0642997995018959
v -0.01996254175901413 -0.006349191069602966 0.0632573664188385
v -0.019919876009225845 -0.008248585276305676 0.06580761075019836
v -0.019919931888580322 -0.007360123097896576 0.06517122685909271
v -0.019919930025935173 -0.006711789406836033 0.06429146975278854
v -0.01991986855864525 -0.00636705057695508 0.06325441598892212
v -0.019919635728001595 -0.00733454804867506 0.06230923533439636
v -0.019962303340435028 -0.0073524583131074905 0.062311943620443344
v -0.019992221146821976 -0.0073874639347195625 0.062317248433828354
v -0.020002957433462143 -0.007432048209011555 0.06232399493455887
v -0.020001960918307304 -0.018668347969651222 0.06765832006931305
v -0.019991211593151093 -0.018675098195672035 0.06761373579502106
v -0.019961286336183548 -0.0186803936958313 0.0675787478685379
v -0.019918614998459816 -0.01868310198187828 0.0675608366727829
v -0.01991972327232361 -0.008690271526575089 0.06492603570222855
v -0.019919736310839653 -0.008517872542142868 0.06483103334903717
v -0.019962402060627937 -0.008527238853275776 0.06481551378965378
v -0.019919762387871742 -0.008052604272961617 0.06446930766105652
v -0.01991976797580719 -0.007795097306370735 0.06417191028594971
v -0.019962433725595474 -0.007809678558260202 0.06416117399930954
v -0.019919762387871742 -0.00758728152140975 0.06383789330720901
v -0.019919732585549355 -0.0073795681819319725 0.06328637152910233
v -0.01996239833533764 -0.007397151552140713 0.06328203529119492
v -0.01991971768438816 -0.007339857518672943 0.06309358030557632
v -0.019992314279079437 -0.007431523874402046 0.06327353417873383
v -0.020003048703074455 -0.007475297432392836 0.0632627084851265
v -0.019992347806692123 -0.007838183082640171 0.06414015591144562
v -0.02000308223068714 -0.007874484173953533 0.06411340832710266
v -0.020003052428364754 -0.008568834513425827 0.06474659591913223
v -0.019992319867014885 -0.008545532822608948 0.06478521227836609
v -0.02000296488404274 -0.009452642872929573 0.06506586819887161
v -0.019992228597402573 -0.009445887990295887 0.0651104524731636
v -0.019962310791015625 -0.009440581314265728 0.06514547020196915
v -0.01991964504122734 -0.00943786557763815 0.06516337394714355
v -0.01999112032353878 -0.01918397843837738 0.06741443276405334
v -0.020001860335469246 -0.019219212234020233 0.06744257360696793
v -0.020001914352178574 -0.01897268369793892 0.06762424856424332
v -0.019991077482700348 -0.019297288730740547 0.06715521961450577
v -0.020001813769340515 -0.01934187300503254 0.06716196984052658
v -0.019991053268313408 -0.01926581747829914 0.06687407940626144
v -0.020001787692308426 -0.019307803362607956 0.06685763597488403
v -0.019991053268313408 -0.019097987562417984 0.06664633750915527
v -0.020001787692308426 -0.019126126542687416 0.06661111116409302
v -0.020001811906695366 -0.01884552836418152 0.06648844480514526
v -0.0199910756200552 -0.018838774412870407 0.06653302907943726
v -0.0199611596763134 -0.018833467736840248 0.0665680468082428
v -0.01999117061495781 -0.01895623840391636 0.06758226454257965
v -0.019961247220635414 -0.01894332282245159 0.06754930317401886
v -0.019961200654506683 -0.019156312569975853 0.06739234179258347
v -0.01996113732457161 -0.01907588727772236 0.06667401641607285
v -0.019918471574783325 -0.019064584746956825 0.0666881576180458
v -0.019918471574783325 -0.019049394875764847 0.06667650490999222
v -0.019918492063879967 -0.01883075200021267 0.06658594310283661
v -0.01996113732457161 -0.019232846796512604 0.0668870061635971
v -0.019918471574783325 -0.019215978682041168 0.06689360737800598
v -0.019918469712138176 -0.019202211871743202 0.06686179339885712
v -0.019918503239750862 -0.019228043034672737 0.06721866875886917
v -0.019918493926525116 -0.019244370982050896 0.06714722514152527
v -0.01996116153895855 -0.01926228404045105 0.06714992225170135
v -0.01991848461329937 -0.0192499328404665 0.06707413494586945
v -0.01991853304207325 -0.019142156466841698 0.06738104671239853
v -0.01991857960820198 -0.018918754532933235 0.06753908097743988
v -0.019918575882911682 -0.01893671415746212 0.06753244996070862
v -0.019918538630008698 -0.019119583070278168 0.06740736961364746
v 0.019799163565039635 -0.013504995964467525 0.050100505352020264
v 0.01999913901090622 -0.013307224027812481 0.05007057264447212
v 0.01979910582304001 -0.013575803488492966 0.050732992589473724
v 0.019999073818325996 -0.013389552012085915 0.050805941224098206
v 0.01979910582304001 -0.013953369110822678 0.05124532803893089
v 0.019999071955680847 -0.013828531838953495 0.05140163004398346
v 0.019799157977104187 -0.014536521397531033 0.05150025710463524
v 0.01999913528561592 -0.01450654398649931 0.05169802904129028
v 0.019799254834651947 -0.015169006772339344 0.05142943933606148
v 0.019999245181679726 -0.015241913497447968 0.05161569267511368
v 0.01979936473071575 -0.015681348741054535 0.05105188116431236
v 0.019999373704195023 -0.015837600454688072 0.051176704466342926
v 0.01979946158826351 -0.015936270356178284 0.05046872794628143
v 0.019999485462903976 -0.016133988276124 0.05049869418144226
v 0.01980065368115902 -0.015281664207577705 0.03823274001479149
v 0.020000627264380455 -0.015083891339600086 0.038202814757823944
v 0.019800594076514244 -0.015353653579950333 0.038875773549079895
v 0.020000562071800232 -0.015167400240898132 0.038948722183704376
v 0.019800592213869095 -0.015737513080239296 0.039396658539772034
v 0.020000560209155083 -0.015612676739692688 0.039552953094244
v 0.019800648093223572 -0.01633038930594921 0.03965582698583603
v 0.020000623539090157 -0.016300413757562637 0.03985359147191048
v 0.019800744950771332 -0.01697341911494732 0.03958383947610855
v 0.02000073529779911 -0.017046328634023666 0.039770085364580154
v 0.019800856709480286 -0.017494305968284607 0.03919998183846474
v 0.020000865682959557 -0.017650555819272995 0.0393248051404953
v 0.019800955429673195 -0.01775347627699375 0.03860710188746452
v 0.02000097744166851 -0.01795119419693947 0.03863707557320595
v 0.019802145659923553 -0.017098871991038322 0.02637111395597458
v 0.020002121105790138 -0.01690109819173813 0.026341188699007034
v 0.019802089780569077 -0.017169678583741188 0.02700360119342804
v 0.020002055913209915 -0.016983427107334137 0.027076559141278267
v 0.019802087917923927 -0.0175472442060709 0.027515944093465805
v 0.020002054050564766 -0.017422407865524292 0.027672240510582924
v 0.019802141934633255 -0.01813039742410183 0.027770858258008957
v 0.02000211551785469 -0.018100420013070107 0.027968630194664
v 0.019802236929535866 -0.018762880936264992 0.02770005539059639
v 0.020002227276563644 -0.01883578859269619 0.027886301279067993
v 0.01980234868824482 -0.019275223836302757 0.027322489768266678
v 0.02000235579907894 -0.019431475549936295 0.027447322383522987
v 0.01980244368314743 -0.019530145451426506 0.02673933655023575
v 0.020002467557787895 -0.019727863371372223 0.026769310235977173
v 0.019793102517724037 0.035931237041950226 0.04261326417326927
v 0.01999307982623577 0.03612901270389557 0.04258332774043083
v 0.01979304663836956 0.03586042299866676 0.043245747685432434
v 0.0199930127710104 0.03604668378829956 0.043318700045347214
v 0.01979304477572441 0.03548286482691765 0.0437580868601799
v 0.01999301090836525 0.03560769557952881 0.04391438886523247
v 0.01979309879243374 0.03489970788359642 0.04401301592588425
v 0.019993074238300323 0.03492968529462814 0.04421078786253929
v 0.01979319378733635 0.03426722437143326 0.043942198157310486
v 0.019993184134364128 0.03419431671500206 0.044128451496362686
v 0.019793303683400154 0.03375488147139549 0.04356463998556137
v 0.019993314519524574 0.033598631620407104 0.043689463287591934
v 0.019793400540947914 0.03349996358156204 0.04298148304224014
v 0.019993426278233528 0.033302243798971176 0.04301144927740097
v 0.019994862377643585 0.033195920288562775 0.02942417562007904
v 0.01979483850300312 0.03322584182024002 0.029621900990605354
v 0.019994985312223434 0.032207194715738297 0.029573921114206314
v 0.01979495957493782 0.03223711624741554 0.029771646484732628
v 0.01979474164545536 0.03386887162923813 0.029693888500332832
v 0.01999475061893463 0.033941835165023804 0.029507683590054512
v 0.019794629886746407 0.03438975661993027 0.030077746137976646
v 0.019994620233774185 0.03454606235027313 0.029952963814139366
v 0.019794531166553497 0.03464892879128456 0.03067062608897686
v 0.019994506612420082 0.034846704453229904 0.030640698969364166
v 0.0197946485131979 0.03261147812008858 0.032243456691503525
v 0.019994623959064484 0.03264145180583 0.03244122117757797
v 0.01979474537074566 0.03196844831109047 0.03217146918177605
v 0.019994735717773438 0.03189554437994957 0.03235771507024765
v 0.019794857129454613 0.03144756704568863 0.03178761154413223
v 0.019994866102933884 0.031291309744119644 0.031912434846162796
v 0.019794955849647522 0.031188391149044037 0.03119473159313202
v 0.019994977861642838 0.030990678817033768 0.031224705278873444
v 0.019795013591647148 0.03126038610935211 0.030551698058843613
v 0.01999504491686821 0.03107418119907379 0.030478788539767265
v 0.019795013591647148 0.03164424002170563 0.030030814930796623
v 0.01999504677951336 0.031519465148448944 0.029874557629227638
v 0.019994501024484634 0.03363018110394478 0.0322914756834507
v 0.0197945274412632 0.033600203692913055 0.03209371119737625
v 0.019796084612607956 0.032337360084056854 0.018883872777223587
v 0.01999606005847454 0.0325351357460022 0.018853945657610893
v 0.019796030595898628 0.03226654976606369 0.0195163581520319
v 0.019995994865894318 0.03245281055569649 0.019589316099882126
v 0.01979602873325348 0.031888991594314575 0.020028702914714813
v 0.01999599300324917 0.032013822346925735 0.020184999331831932
v 0.019796082749962807 0.03130583092570305 0.020283617079257965
v 0.019996056333184242 0.03133580833673477 0.02048138901591301
v 0.019796177744865417 0.030673351138830185 0.020212814211845398
v 0.019996166229248047 0.030600441619753838 0.020399060100317
v 0.019796287640929222 0.03016100637614727 0.019835248589515686
v 0.019996294751763344 0.03000475838780403 0.019960079342126846
v 0.019796382635831833 0.02990609034895897 0.019252093508839607
v 0.019996406510472298 0.029708370566368103 0.019282067194581032
v -0.019806597381830215 0.033494483679533005 0.042977336794137955
v -0.02000657469034195 0.03329670801758766 0.043007269501686096
v -0.019806694239377975 0.03374939784407616 0.043560490012168884
v -0.020006684586405754 0.03359309583902359 0.04368527978658676
v -0.01980680413544178 0.03426174446940422 0.043938048183918
v -0.02000681310892105 0.034188780933618546 0.04412426799535751
v -0.01980689913034439 0.034894224256277084 0.04400886595249176
v -0.020006924867630005 0.03492414578795433 0.044206589460372925
v -0.01980695314705372 0.03547738119959831 0.043753936886787415
v -0.02000698633491993 0.035602159798145294 0.04391020908951759
v -0.01980695314705372 0.035854943096637726 0.043241601437330246
v -0.02000698447227478 0.036041148006916046 0.04331451654434204
v -0.019806895405054092 0.03592575341463089 0.042609114199876785
v -0.020006921142339706 0.036123473197221756 0.04257914796471596
v -0.01980510540306568 0.03167727217078209 0.031115718185901642
v -0.020005078986287117 0.03147950395941734 0.031145643442869186
v -0.01980520226061344 0.031936440616846085 0.03170859068632126
v -0.02000519447028637 0.03178013488650322 0.03183337301015854
v -0.019805315881967545 0.03245732933282852 0.03209244832396507
v -0.020005322992801666 0.03238436207175255 0.03227865323424339
v -0.019805410876870155 0.03310035914182663 0.03216443583369255
v -0.02000543661415577 0.033130280673503876 0.032362159341573715
v -0.019805466756224632 0.033693231642246246 0.031905267387628555
v -0.020005499944090843 0.03381801396608353 0.03206152468919754
v -0.019805464893579483 0.03407709300518036 0.03138438239693642
v -0.020005498081445694 0.03426329046487808 0.03145729377865791
v -0.019805407151579857 0.03414908051490784 0.030741356313228607
v -0.02000543102622032 0.034346804022789 0.030711382627487183
v -0.019803615286946297 0.029900606721639633 0.01924794539809227
v -0.02000359259545803 0.02970283105969429 0.01927787810564041
v -0.019803710281848907 0.030155522748827934 0.01983110047876835
v -0.020003702491521835 0.02999921888113022 0.019955890253186226
v -0.01980382204055786 0.03066786751151085 0.02020866610109806
v -0.020003831014037132 0.030594902113080025 0.02039487101137638
v -0.019803917035460472 0.03130035102367401 0.020279474556446075
v -0.020003940910100937 0.03133027255535126 0.02047719992697239
v -0.0198039710521698 0.03188350796699524 0.020024552941322327
v -0.02000400424003601 0.03200828284025192 0.02018081024289131
v -0.01980396918952465 0.032261066138744354 0.01951221004128456
v -0.02000400237739086 0.032447271049022675 0.019585127010941505
v -0.019803913310170174 0.03233187645673752 0.0188797228038311
v -0.020003939047455788 0.03252959996461868 0.018849756568670273
v -0.019800538197159767 -0.01594175398349762 0.05046457797288895
v -0.020000513643026352 -0.016139525920152664 0.05049451068043709
v -0.019800635054707527 -0.01568683236837387 0.051047731190919876
v -0.020000625401735306 -0.015843138098716736 0.05117252469062805
v -0.019800743088126183 -0.015174489468336105 0.05142528936266899
v -0.020000753924250603 -0.015247451141476631 0.051611509174108505
v -0.019800839945673943 -0.014542004093527794 0.05149610713124275
v -0.020000863820314407 -0.014512082561850548 0.05169383063912392
v -0.01980089209973812 -0.013958851806819439 0.051241178065538406
v -0.02000092715024948 -0.013834068551659584 0.051397450268268585
v -0.01980089209973812 -0.013581287115812302 0.05072884261608124
v -0.020000925287604332 -0.013395088724792004 0.05080176144838333
v -0.019800836220383644 -0.013510478660464287 0.05009635537862778
v -0.02000086009502411 -0.01331276074051857 0.05006638914346695
v -0.019998954609036446 -0.017234573140740395 0.037056971341371536
v -0.01979897916316986 -0.01720459572970867 0.03725473955273628
v -0.019999075680971146 -0.016245847567915916 0.03690722957253456
v -0.01979910023510456 -0.016215872019529343 0.03710499405860901
v -0.019798925146460533 -0.017797471955418587 0.037513915449380875
v -0.019998889416456223 -0.017922310158610344 0.03735760971903801
v -0.019798927009105682 -0.01818133145570755 0.038034796714782715
v -0.01999889314174652 -0.0183675866574049 0.03796184062957764
v -0.01979898288846016 -0.018253320828080177 0.03867783397436142
v -0.019998958334326744 -0.018451092764735222 0.038707759231328964
v -0.019799411296844482 -0.015841510146856308 0.039576806128025055
v -0.019999435171484947 -0.015811588615179062 0.03977452963590622
v -0.01979946717619896 -0.015248634852468967 0.03931763768196106
v -0.01999950036406517 -0.015123853459954262 0.039473891258239746
v -0.01979946531355381 -0.014864775352180004 0.03879675269126892
v -0.01999949850142002 -0.014678576961159706 0.03886966407299042
v -0.019799407571554184 -0.014792785048484802 0.03815372660756111
v -0.01999943144619465 -0.01459506805986166 0.03812375292181969
v -0.019799308851361275 -0.015051956288516521 0.0375608466565609
v -0.019999317824840546 -0.014895705506205559 0.03743601590394974
v -0.01979919709265232 -0.01557284127920866 0.037176989018917084
v -0.0199991874396801 -0.015499933622777462 0.03699073567986488
v -0.019999314099550247 -0.01680031232535839 0.03992427513003349
v -0.019799290224909782 -0.016830233857035637 0.03972654789686203
v -0.01979755610227585 -0.019535629078745842 0.02673518843948841
v -0.019997531548142433 -0.019733401015400887 0.026765119284391403
v -0.01979765109717846 -0.019280707463622093 0.02731834165751934
v -0.019997641444206238 -0.019437013193964958 0.027443133294582367
v -0.019797760993242264 -0.018768364563584328 0.027695907279849052
v -0.019997769966721535 -0.018841328099370003 0.027882112190127373
v -0.019797855988144875 -0.018135879188776016 0.027766717597842216
v -0.01999788172543049 -0.01810595765709877 0.02796444110572338
v -0.019797910004854202 -0.017552725970745087 0.027511795982718468
v -0.019997943192720413 -0.017427945509552956 0.027668051421642303
v -0.019797908142209053 -0.017175162211060524 0.026999451220035553
v -0.019997941330075264 -0.0169889647513628 0.027072370052337646
v -0.019797854125499725 -0.01710435375571251 0.02636696584522724
v -0.01999787800014019 -0.01690663769841194 0.026336999610066414
v -0.016499197110533714 -0.015572383999824524 0.03717733547091484
v -0.016499100252985954 -0.016215413808822632 0.037105340510606766
v -0.016499411314725876 -0.015841051936149597 0.03957715258002281
v -0.016499290242791176 -0.016829777508974075 0.039726898074150085
v -0.016499407589435577 -0.01479232870042324 0.03815406560897827
v -0.016499308869242668 -0.01505149994045496 0.03756118565797806
v -0.016499465331435204 -0.014864318072795868 0.03879709914326668
v -0.016499467194080353 -0.015248177573084831 0.039317984133958817
v -0.016498925164341927 -0.017797015607357025 0.03751426190137863
v -0.016498925164341927 -0.01818087510764599 0.03803513944149017
v -0.016498982906341553 -0.018252864480018616 0.03867817297577858
v -0.016498979181051254 -0.01720413938164711 0.03725508600473404
v -0.016499193385243416 -0.017472809180617332 0.03965491056442261
v -0.016499081626534462 -0.01799369417130947 0.039271049201488495
v -0.01650541089475155 0.03310081362724304 0.03216478228569031
v -0.016505196690559387 0.033369481563568115 0.029764967039227486
v -0.016505315899848938 0.032457783818244934 0.03209279477596283
v -0.016505099833011627 0.03272645175457001 0.02969297207891941
v -0.01650540716946125 0.03414953872561455 0.030741695314645767
v -0.01650531031191349 0.03389037027955055 0.030148817226290703
v -0.016505464911460876 0.03407755121588707 0.031384728848934174
v -0.016505466774106026 0.03369368985295296 0.03190561383962631
v -0.016505105420947075 0.0316777303814888 0.031116057187318802
v -0.016505202278494835 0.031936898827552795 0.031708937138319016
v -0.01650504767894745 0.03174971789121628 0.030473023653030396
v -0.0165050458163023 0.03213357925415039 0.029952147975564003
v -0.014506598003208637 0.0334952175617218 0.042977891862392426
v -0.014506693929433823 0.033750131726264954 0.043561048805713654
v -0.014506804756820202 0.03426247835159302 0.04393860697746277
v -0.014506899751722813 0.03489496186375618 0.04400942102074623
v -0.01450695376843214 0.03547811508178711 0.043754491955041885
v -0.014506951905786991 0.03585567697882652 0.04324215650558472
v -0.014506896026432514 0.03592648729681969 0.042609669268131256
v -0.013767989352345467 0.034710951149463654 0.04279385879635811
v -0.014503614977002144 0.02990134060382843 0.01924850232899189
v -0.014503711834549904 0.03015625663101673 0.01983165740966797
v -0.014503821730613708 0.030668601393699646 0.02020922116935253
v -0.01450391672551632 0.03130108490586281 0.020280031487345695
v -0.014503970742225647 0.031884241849184036 0.020025109872221947
v -0.014503969810903072 0.03226180002093315 0.01951276697218418
v -0.01450391300022602 0.032332610338926315 0.01888027973473072
v -0.013765007257461548 0.031117074191570282 0.019064469262957573
v -0.01450053695589304 -0.015941020101308823 0.050465136766433716
v -0.014500632882118225 -0.015686098486185074 0.051048289984464645
v -0.014500743709504604 -0.015173755586147308 0.05142584815621376
v -0.01450083963572979 -0.014541270211338997 0.05149666592478752
v -0.014500892721116543 -0.013958117924630642 0.051241736859083176
v -0.014500891789793968 -0.01358055230230093 0.05072939768433571
v -0.014500834979116917 -0.01350974477827549 0.050096914172172546
v -0.013761928305029869 -0.014725279994308949 0.0502810999751091
v -0.014497554861009121 -0.019534895196557045 0.02673574537038803
v -0.014497651718556881 -0.019279973581433296 0.02731889858841896
v -0.014497761614620686 -0.01876763068139553 0.027696464210748672
v -0.014497856609523296 -0.01813514530658722 0.027767274528741837
v -0.014497910626232624 -0.01755199208855629 0.027512352913618088
v -0.01449790969491005 -0.017174428328871727 0.027000008150935173
v -0.014497852884232998 -0.017103619873523712 0.02636752277612686
v -0.013758947141468525 -0.018319156020879745 0.026551710441708565
v -0.01970866322517395 0.0013400427997112274 0.07353688776493073
v -0.019559040665626526 0.0011650450760498643 0.07356339693069458
v -0.01971181482076645 0.02704688534140587 0.0696435198187828
v -0.019562192261219025 0.026871884241700172 0.06967003643512726
v -0.0198260135948658 -0.02758118510246277 0.011534065939486027
v -0.01973545365035534 -0.027315745130181313 0.01209558267146349
v -0.01973768137395382 -0.027565784752368927 0.011635679751634598
v -0.019705917686223984 -0.027546051889657974 0.011765940114855766
v -0.019737714901566505 -0.027526330202817917 0.011896192096173763
v -0.019826071336865425 -0.027510954067111015 0.011997782625257969
v -0.0197027325630188 -0.02720336988568306 0.011303635314106941
v -0.019735362380743027 -0.027423687279224396 0.011382869444787502
v -0.019549887627363205 -0.027176721021533012 0.011479469947516918
v -0.01959959976375103 -0.02740001678466797 0.011539045721292496
v -0.019494928419589996 -0.02714257873594761 0.011704853735864162
v -0.019550785422325134 -0.02736969105899334 0.011739246547222137
v -0.01954994536936283 -0.0271084513515234 0.011930233798921108
v -0.01959965005517006 -0.027339376509189606 0.011939438059926033
v -0.019702835008502007 -0.027081845328211784 0.012106034904718399
v -0.019832972437143326 -0.019195472821593285 0.06690265983343124
v -0.019742410629987717 -0.018930034711956978 0.06746415793895721
v -0.019744640216231346 -0.019180074334144592 0.0670042559504509
v -0.01971287652850151 -0.01916034147143364 0.06713452190160751
v -0.019744671881198883 -0.019140619784593582 0.06726477295160294
v -0.019833030179142952 -0.01912524178624153 0.06736636906862259
v -0.019709691405296326 -0.018817659467458725 0.06667222082614899
v -0.019742321223020554 -0.01903797686100006 0.06675145030021667
v -0.019556846469640732 -0.018791010603308678 0.06684804707765579
v -0.019606558606028557 -0.019014308229088783 0.0669076219201088
v -0.019501887261867523 -0.018756868317723274 0.06707343459129333
v -0.019557742401957512 -0.018983980640769005 0.06710781902074814
v -0.01955690234899521 -0.018722740933299065 0.06729881465435028
v -0.019606608897447586 -0.01895366795361042 0.06730801612138748
v -0.019709791988134384 -0.01869613490998745 0.0674746111035347
v -0.019699348136782646 -0.01780998706817627 0.009884332306683064
v -0.019549768418073654 -0.017783459275960922 0.010059366002678871
v -0.01949607953429222 -0.017749693244695663 0.010282278060913086
v -0.01970008574426174 -0.014732240699231625 0.012859467417001724
v -0.01969997026026249 -0.014978138729929924 0.012084870599210262
v -0.019699834287166595 -0.015451362356543541 0.011424177326261997
v -0.019699692726135254 -0.016105590388178825 0.010942053981125355
v -0.01969956047832966 -0.016876785084605217 0.01068569254130125
v -0.019699446856975555 -0.017689453437924385 0.01068018563091755
v -0.019549943506717682 -0.016847889870405197 0.010511064901947975
v -0.01954982429742813 -0.01771594025194645 0.010505183599889278
v -0.019496211782097816 -0.016811106353998184 0.01028863713145256
v -0.019549908116459846 -0.016774339601397514 0.010066195391118526
v -0.019699495285749435 -0.016745485365390778 0.009891537018120289
v -0.019550086930394173 -0.016024142503738403 0.010784896090626717
v -0.019496364519000053 -0.015920422971248627 0.01058471854776144
v -0.019550073891878128 -0.015816718339920044 0.01038452796638012
v -0.019699670374393463 -0.015735311433672905 0.01022733747959137
v -0.01955023780465126 -0.015325329266488552 0.011299870908260345
v -0.019496528431773186 -0.01516482699662447 0.011141542345285416
v -0.019550248980522156 -0.015004338696599007 0.010983199812471867
v -0.019699856638908386 -0.014878346584737301 0.010858869180083275
v -0.01955038122832775 -0.0148198576644063 0.012005594559013844
v -0.019496683031320572 -0.014618280343711376 0.011904606595635414
v -0.019550416618585587 -0.014416718855500221 0.011803613044321537
v -0.019700031727552414 -0.01425847876816988 0.011724304407835007
v -0.0195505041629076 -0.014557204209268093 0.012832973152399063
v -0.019496817141771317 -0.014334282837808132 0.012799222953617573
v -0.019550558179616928 -0.014111381024122238 0.012765452265739441
v -0.0197001826018095 -0.013936381787061691 0.012738932855427265
v -0.019706396386027336 -0.006449140142649412 0.06217517331242561
v -0.019556771963834763 -0.006624139845371246 0.06220168247818947
v -0.019503029063344002 -0.00684704352170229 0.06223544850945473
v -0.019556717947125435 -0.007069963030517101 0.06226920336484909
v -0.019706297665834427 -0.007244998589158058 0.06229570508003235
v -0.019706305116415024 -0.009424278512597084 0.06525290757417679
v -0.01970638707280159 -0.008649683557450771 0.06500702351331711
v -0.019706429913640022 -0.007988987490534782 0.0645337849855423
v -0.019706428050994873 -0.007506862748414278 0.06387956440448761
v -0.019706381484866142 -0.007250502705574036 0.06310836225748062
v -0.019556807354092598 -0.007075839675962925 0.06313725560903549
v -0.01950312778353691 -0.006853395141661167 0.0631740465760231
v -0.01955687627196312 -0.006630969233810902 0.06321081519126892
v -0.01970650628209114 -0.006456348579376936 0.06323966383934021
v -0.019556855782866478 -0.0073496694676578045 0.06396100670099258
v -0.01950317993760109 -0.0071494788862764835 0.06406471878290176
v -0.019556932151317596 -0.006949302274733782 0.06416843086481094
v -0.019706564024090767 -0.006792149040848017 0.06424985080957413
v -0.019556857645511627 -0.007864651270210743 0.06465981155633926
v -0.01950318180024624 -0.007706306874752045 0.0648203119635582
v -0.019556934013962746 -0.007547974586486816 0.06498081237077713
v -0.019706567749381065 -0.007423678413033485 0.06510680913925171
v -0.019556812942028046 -0.008570371195673943 0.06516528874635696
v -0.01950313337147236 -0.008469369262456894 0.06536687165498734
v -0.019556883722543716 -0.008368385955691338 0.06556843966245651
v -0.01970651187002659 -0.008289115503430367 0.06572666764259338
v -0.019556725397706032 -0.009397749789059162 0.06542795151472092
v -0.019503038376569748 -0.009363982826471329 0.06565085798501968
v -0.01955678127706051 -0.009330229833722115 0.06587376445531845
v -0.019706405699253082 -0.00930374301970005 0.0660487711429596
v -0.019831551238894463 0.03670547157526016 0.009862059727311134
v -0.01992012932896614 0.03638843819499016 0.009207730181515217
v -0.01971130073070526 0.03620937466621399 0.009285143576562405
v -0.019741522148251534 0.03668980300426483 0.0097585404291749
v -0.019709128886461258 0.03666970878839493 0.009625826962292194
v -0.019920215010643005 0.0367441289126873 0.009550835005939007
v -0.019741490483283997 0.03664960339665413 0.00949311163276434
v -0.019920196384191513 0.036692194640636444 0.009431576356291771
v -0.019831489771604538 0.03663391247391701 0.009389578364789486
v -0.019920162856578827 0.03656258061528206 0.009289447218179703
v -0.01971140131354332 0.036330897361040115 0.010087542235851288
v -0.01974317990243435 0.0365484394133091 0.010009982623159885
v -0.019558511674404144 0.0363042950630188 0.009911748580634594
v -0.01960691064596176 0.03652472794055939 0.009853295050561428
v -0.01950349658727646 0.03627016767859459 0.009686369448900223
v -0.019557872787117958 0.03649430721998215 0.009652417153120041
v -0.019558455795049667 0.03623602166771889 0.009460977278649807
v -0.019606860354542732 0.03646387532353401 0.009451523423194885
v -0.019743090495467186 0.03644012659788132 0.009294806979596615
v -0.019920136779546738 0.03642890229821205 0.009219594299793243
v -0.01983664557337761 0.04284500703215599 0.0503997765481472
v -0.019925234839320183 0.04258943349123001 0.049764975905418396
v -0.019925231114029884 0.04256828874349594 0.04975725710391998
v -0.019748184829950333 0.042579662054777145 0.04983251541852951
v -0.01974661834537983 0.04282933846116066 0.050296247005462646
v -0.019714223220944405 0.042809244245290756 0.050163544714450836
v -0.019925307482481003 0.04288076236844063 0.05007875710725784
v -0.019746584817767143 0.04278913885354996 0.050030820071697235
v -0.019925279542803764 0.04279487580060959 0.049916379153728485
v -0.019836585968732834 0.042773447930812836 0.04992728680372238
v -0.019925272092223167 0.04276766628026962 0.0498851016163826
v -0.019716495648026466 0.04247043654322624 0.05062524974346161
v -0.019748276099562645 0.042687978595495224 0.05054769665002823
v -0.01956360787153244 0.04244383051991463 0.05044945701956749
v -0.019612004980444908 0.042664263397455215 0.05039101094007492
v -0.019508590921759605 0.04240970313549042 0.050224076956510544
v -0.019562967121601105 0.042633846402168274 0.050190117210149765
v -0.019563550129532814 0.042375560849905014 0.0499986857175827
v -0.01961195468902588 0.04260341450572014 0.049989230930805206
v -0.019716395065188408 0.042348913848400116 0.0498228594660759
v -0.01970571279525757 0.026937516406178474 0.011506853625178337
v -0.019556088373064995 0.02691102959215641 0.011331851594150066
v -0.019502345472574234 0.026877276599407196 0.011108946055173874
v -0.019556032493710518 0.026843508705496788 0.010886027477681637
v -0.01970561221241951 0.02681698091328144 0.01071099378168583
v -0.019705630838871002 0.026162922382354736 0.011752747930586338
v -0.019705623388290405 0.02396237850189209 0.014584597200155258
v -0.01970551162958145 0.023969588801264763 0.013520095497369766
v -0.019705453887581825 0.02430538833141327 0.012509921565651894
v -0.019705450162291527 0.024936914443969727 0.011652953922748566
v -0.019705506041646004 0.025802355259656906 0.01103308703750372
v -0.01955593191087246 0.02588167041540146 0.01119136344641447
v -0.019502252340316772 0.02598266303539276 0.011392940767109394
v -0.01955600082874298 0.026083648204803467 0.011594503186643124
v -0.01955587789416313 0.02506125532090664 0.011778983287513256
v -0.019502202048897743 0.02521960437297821 0.011939485557377338
v -0.0195559561252594 0.02537793107330799 0.01209997572004795
v -0.01970558986067772 0.02550222910940647 0.01222597248852253
v -0.01970558986067772 0.02502010390162468 0.01288019958883524
v -0.01955588161945343 0.024462582543492317 0.012591362930834293
v -0.019502203911542892 0.024662774056196213 0.012695079669356346
v -0.01955595798790455 0.024862952530384064 0.012798789888620377
v -0.01970563642680645 0.024763744324445724 0.013651390559971333
v -0.019555937498807907 0.0241442508995533 0.013548985123634338
v -0.01950225606560707 0.02436669170856476 0.013585769571363926
v -0.01955600641667843 0.024589117616415024 0.013622533529996872
v -0.019556041806936264 0.02413741871714592 0.014558102935552597
v -0.01950235478579998 0.02436033822596073 0.014524352736771107
v -0.019556095823645592 0.02458324283361435 0.0144905811175704
v -0.019705720245838165 0.024758238345384598 0.014464062638580799
v -0.01971006952226162 0.029999306425452232 0.049069419503211975
v -0.019560446962714195 0.029824312776327133 0.04909594729542732
v -0.019506704062223434 0.029601406306028366 0.04912970960140228
v -0.01956039108335972 0.029378486797213554 0.049163468182086945
v -0.01970997080206871 0.029203446581959724 0.04918995499610901
v -0.019710319116711617 0.030718432739377022 0.050504717975854874
v -0.019710185006260872 0.030245207250118256 0.04984401538968086
v -0.019710807129740715 0.03307705372571945 0.05204456299543381
v -0.019710659980773926 0.03201255202293396 0.052037350833415985
v -0.01971048302948475 0.031002376228570938 0.05170155689120293
v -0.019710298627614975 0.030145414173603058 0.05107003077864647
v -0.019710123538970947 0.029525546357035637 0.05020458996295929
v -0.01956053450703621 0.029683826491236687 0.050125304609537125
v -0.01950683631002903 0.02988540008664131 0.05002431944012642
v -0.019560568034648895 0.03008696436882019 0.04992332309484482
v -0.01956070214509964 0.030271446332335472 0.05094572529196739
v -0.019506992772221565 0.030431950464844704 0.050787389278411865
v -0.019560713320970535 0.03059243969619274 0.05062904581427574
v -0.019560877233743668 0.03108382597565651 0.051544398069381714
v -0.01950715482234955 0.031187549233436584 0.051344212144613266
v -0.019560862332582474 0.03129125013947487 0.05114402249455452
v -0.019710460677742958 0.03137265890836716 0.050986841320991516
v -0.019710592925548553 0.03214384987950325 0.051243193447589874
v -0.0195610411465168 0.03204144909977913 0.051862724125385284
v -0.019507309421896935 0.032078225165605545 0.05164029449224472
v -0.019561005756258965 0.03211499750614166 0.05141786113381386
v -0.01956118270754814 0.03305056691169739 0.05186956003308296
v -0.01950743980705738 0.03301681578159332 0.051646653562784195
v -0.019561126828193665 0.032983046025037766 0.05142374336719513
v -0.019710706546902657 0.03295651823282242 0.0512487031519413
v 0.01649501360952854 0.031643785536289215 0.030030474066734314
v 0.016494959592819214 0.03223665803670883 0.02977129817008972
v 0.016494648531079292 0.032611019909381866 0.03224311023950577
v 0.016494527459144592 0.033599745482206345 0.032093364745378494
v 0.016494955867528915 0.031187934800982475 0.031194385141134262
v 0.016495011746883392 0.0312599316239357 0.030551357194781303
v 0.016494857147336006 0.03144711256027222 0.031787265092134476
v 0.016494745388627052 0.03196799010038376 0.03217112272977829
v 0.016494741663336754 0.033868417143821716 0.029693549498915672
v 0.01649462804198265 0.034389302134513855 0.030077407136559486
v 0.01649453118443489 0.03464847058057785 0.030670277774333954
v 0.016494838520884514 0.03322538360953331 0.029621554538607597
v 0.016494471579790115 0.03419262170791626 0.0318341962993145
v 0.016494473442435265 0.03457648307085037 0.03131331130862236
v 0.016500648111104965 -0.016330847516655922 0.03965548053383827
v 0.016501013189554214 -0.017298083752393723 0.03744284436106682
v 0.01650059223175049 -0.015737969428300858 0.03939630836248398
v 0.016500959172844887 -0.016705209389328957 0.037183668464422226
v 0.01650095544755459 -0.017753932625055313 0.038606755435466766
v 0.016501013189554214 -0.017681945115327835 0.03796372935175896
v 0.01650085672736168 -0.01749476231634617 0.03919963538646698
v 0.016500744968652725 -0.01697387732565403 0.039583493024110794
v 0.016500653699040413 -0.015282121486961842 0.03823239356279373
v 0.016500594094395638 -0.015354110859334469 0.03887542709708214
v 0.016500750556588173 -0.015541291795670986 0.037639521062374115
v 0.016500862315297127 -0.01606217585504055 0.0372556634247303
v 0.014499162323772907 -0.013505729846656322 0.050099946558475494
v 0.014499107375741005 -0.013576537370681763 0.050732433795928955
v 0.01449910644441843 -0.013954102993011475 0.051244769245386124
v 0.014499159529805183 -0.01453725527971983 0.05149969831109047
v 0.014499255456030369 -0.015169740654528141 0.05142888054251671
v 0.014499365352094173 -0.015682082623243332 0.05105132237076759
v 0.014499460346996784 -0.01593700423836708 0.050468169152736664
v 0.013760555535554886 -0.014721469022333622 0.05028398334980011
v 0.014502146281301975 -0.01709960587322712 0.02637055702507496
v 0.014502089470624924 -0.017170414328575134 0.02700304426252842
v 0.014502087607979774 -0.017547978088259697 0.027515387162566185
v 0.014502141624689102 -0.018131131306290627 0.027770308777689934
v 0.014502236619591713 -0.01876361481845379 0.02769949845969677
v 0.014502347446978092 -0.019275957718491554 0.027321932837367058
v 0.014502444304525852 -0.019530879333615303 0.026738779619336128
v 0.013763537630438805 -0.01831534504890442 0.026554591953754425
v 0.014493102207779884 0.03593050315976143 0.0426127053797245
v 0.014493047259747982 0.035859689116477966 0.04324519261717796
v 0.014493045397102833 0.03548213094472885 0.04375752806663513
v 0.01449309941381216 0.03489897400140762 0.04401245713233948
v 0.014493194408714771 0.03426649048924446 0.04394163936376572
v 0.01449330523610115 0.033754147589206696 0.0435640811920166
v 0.014493400231003761 0.033499229699373245 0.04298092797398567
v 0.013754495419561863 0.03471476212143898 0.04279674217104912
v 0.014496085233986378 0.03233662620186806 0.018883315846323967
v 0.014496028423309326 0.03226581588387489 0.01951580122113228
v 0.014496026560664177 0.03188825771212578 0.020028145983815193
v 0.014496080577373505 0.03130510076880455 0.020283067598938942
v 0.014496175572276115 0.030672617256641388 0.020212257280945778
v 0.01449628733098507 0.030160272493958473 0.019834691658616066
v 0.01449638418853283 0.029905356466770172 0.019251536577939987
v 0.013757476583123207 0.03112088516354561 0.019067350775003433
v 0.01982857845723629 0.03552085533738136 0.0019820844754576683
v 0.01973786950111389 0.035433586686849594 0.002597004873678088
v 0.01974022015929222 0.035536229610443115 0.0020836826879531145
v 0.01970842480659485 0.03555595129728317 0.0022139339707791805
v 0.019740186631679535 0.035575684159994125 0.0023441947996616364
v 0.019828518852591515 0.03559108451008797 0.0024458079133182764
v 0.019705340266227722 0.03509174659848213 0.001873839762993157
v 0.019737958908081055 0.03532564267516136 0.0018842839635908604
v 0.019552450627088547 0.03511835262179375 0.0020496335346251726
v 0.019602155312895775 0.035349275916814804 0.002040436491370201
v 0.01949743553996086 0.03515248000621796 0.0022750128991901875
v 0.01955329068005085 0.03537959232926369 0.002240627771243453
v 0.01955239474773407 0.03518662229180336 0.0025004048366099596
v 0.019602106884121895 0.03540991619229317 0.002440821612253785
v 0.019705239683389664 0.03521326929330826 0.0026762315537780523
v 0.019821619614958763 0.0439065657556057 0.057350676506757736
v 0.019730910658836365 0.04381929710507393 0.05796558037400246
v 0.019733263179659843 0.04392194002866745 0.057452257722616196
v 0.01970146782696247 0.04394166171550751 0.05758250877261162
v 0.019733229652047157 0.04396139457821846 0.05771277844905853
v 0.019821561872959137 0.0439767949283123 0.05781438946723938
v 0.019698381423950195 0.04347745701670647 0.05724242329597473
v 0.019731000065803528 0.043711356818675995 0.05725287273526192
v 0.01954549178481102 0.04350406304001808 0.05741821601986885
v 0.019595198333263397 0.04373498633503914 0.05740901827812195
v 0.019490476697683334 0.04353819042444229 0.057643596082925797
v 0.019546331837773323 0.04376530274748802 0.05760921165347099
v 0.019545434042811394 0.043572332710027695 0.05786898732185364
v 0.01959514617919922 0.0437956303358078 0.057809412479400635
v 0.019698280841112137 0.04359897971153259 0.05804481357336044
v 0.01970195397734642 0.025699350982904434 0.0032996819354593754
v 0.019552329555153847 0.02572583593428135 0.0034746837336570024
v 0.019498586654663086 0.025759590789675713 0.0036975895054638386
v 0.019701845943927765 0.023640606552362442 0.007052751258015633
v 0.01970192976295948 0.023646114394068718 0.006240086629986763
v 0.01970197632908821 0.023902473971247673 0.005468887742608786
v 0.01970197632908821 0.024384599179029465 0.0048146615736186504
v 0.019701935350894928 0.02504529245197773 0.004341436084359884
v 0.019701853394508362 0.025819886475801468 0.004095542244613171
v 0.019552361220121384 0.024965977296233177 0.00418316014111042
v 0.01955227367579937 0.02579335868358612 0.003920508548617363
v 0.019498681649565697 0.02486497536301613 0.003981584217399359
v 0.019552430137991905 0.02476399764418602 0.0037800201680511236
v 0.019702060148119926 0.02468472346663475 0.0036217758897691965
v 0.019552405923604965 0.024260258302092552 0.00468863220885396
v 0.019498730078339577 0.024101918563246727 0.004528135992586613
v 0.019552484154701233 0.0239435825496912 0.004367639776319265
v 0.019702116027474403 0.02381928451359272 0.004241649992763996
v 0.019552404060959816 0.023745279759168625 0.005387446843087673
v 0.019498728215694427 0.02354508824646473 0.00528373010456562
v 0.019552480429410934 0.023344911634922028 0.005180027335882187
v 0.019702112302184105 0.023187758401036263 0.0050986106507480145
v 0.019552355632185936 0.023471446707844734 0.006211197469383478
v 0.01949867606163025 0.023249004036188126 0.006174413021653891
v 0.019552424550056458 0.02302657999098301 0.006137641612440348
v 0.01970205269753933 0.022851957008242607 0.0061087841168046
v 0.019552266225218773 0.02346557192504406 0.007079245522618294
v 0.01949857734143734 0.023242652416229248 0.007113003171980381
v 0.0195523202419281 0.02301974780857563 0.007146766874939203
v 0.019701944664120674 0.022844748571515083 0.007173286285251379
v 0.01969572901725769 0.030331989750266075 0.05660951882600784
v 0.019546106457710266 0.030506988987326622 0.05658300593495369
v 0.019492365419864655 0.03072989173233509 0.056549228727817535
v 0.01954605057835579 0.0309528149664402 0.05651548504829407
v 0.01969563215970993 0.031127847731113434 0.05648898333311081
v 0.019694996997714043 0.03408506140112877 0.058668263256549835
v 0.019695108756422997 0.0332723930478096 0.0586627721786499
v 0.01969524286687374 0.03250120207667351 0.05840640142560005
v 0.019695382565259933 0.03184697404503822 0.05792427808046341
v 0.019695516675710678 0.031373750418424606 0.0572635792195797
v 0.01954592950642109 0.031215466558933258 0.05734286457300186
v 0.01949223130941391 0.031013889238238335 0.05744384974241257
v 0.019545963034033775 0.030812328681349754 0.05754484236240387
v 0.019695580005645752 0.030654089525341988 0.057624153792858124
v 0.0195457860827446 0.03172094002366066 0.05804857239127159
v 0.019492074847221375 0.03156043589115143 0.05820690840482712
v 0.019545795395970345 0.03139994665980339 0.05836525186896324
v 0.019695403054356575 0.03127395734190941 0.0584895946085453
v 0.01954563334584236 0.032419752329587936 0.058563560247421265
v 0.01949191465973854 0.03231603279709816 0.05876373127102852
v 0.019545622169971466 0.03221232444047928 0.058963924646377563
v 0.019695216789841652 0.03213091939687729 0.05912112072110176
v 0.01954549178481102 0.03324349597096443 0.05883738398551941
v 0.019491758197546005 0.03320671245455742 0.05905981361865997
v 0.019545456394553185 0.0331699512898922 0.05928226187825203
v 0.019695043563842773 0.03314109519124031 0.05945691466331482
v 0.01954537071287632 0.03411154821515083 0.05884326621890068
v 0.01949162781238556 0.0341452993452549 0.05906617268919945
v 0.019545314833521843 0.034179069101810455 0.05928908288478851
v 0.019694894552230835 0.0342055968940258 0.05946412682533264
v 0.019832134246826172 -0.026377838104963303 0.019421163946390152
v 0.01992088370025158 -0.02626877836883068 0.018702324479818344
v 0.019712043926119804 -0.02607482671737671 0.018723199144005775
v 0.019742131233215332 -0.026393530890345573 0.0193176306784153
v 0.019709769636392593 -0.026413634419441223 0.019184913486242294
v 0.019920872524380684 -0.026506919413805008 0.019135374575853348
v 0.019742166623473167 -0.026433730497956276 0.019052201882004738
v 0.01992088556289673 -0.026492631062865257 0.019006086513400078
v 0.019832193851470947 -0.02644939534366131 0.018948689103126526
v 0.019920891150832176 -0.026410914957523346 0.018831942230463028
v 0.019711941480636597 -0.025953300297260284 0.019525598734617233
v 0.01974373310804367 -0.026184052228927612 0.019515935331583023
v 0.019559098407626152 -0.02597995102405548 0.01934976316988468
v 0.019607501104474068 -0.026207804679870605 0.019359217956662178
v 0.019504139199852943 -0.026014091446995735 0.019124379381537437
v 0.019558515399694443 -0.02623823471367359 0.01915833167731762
v 0.019559156149625778 -0.026048220694065094 0.018898991867899895
v 0.019607551395893097 -0.026268653571605682 0.01895744726061821
v 0.019743822515010834 -0.02629236690700054 0.018800759688019753
v 0.019920887425541878 -0.026303915306925774 0.018725639209151268
v 0.019827039912343025 -0.020238300785422325 0.05995887890458107
v 0.01991579495370388 -0.020182155072689056 0.059276897460222244
v 0.01991579309105873 -0.0201642494648695 0.05926325172185898
v 0.019738728180527687 -0.020152829587459564 0.059338465332984924
v 0.019737036898732185 -0.020253991708159447 0.059855345636606216
v 0.019704675301909447 -0.020274097099900246 0.059722620993852615
v 0.019915778189897537 -0.02036750316619873 0.05966287478804588
v 0.01973707042634487 -0.02029419131577015 0.05958991497755051
v 0.01991579309105873 -0.02033355087041855 0.05948234722018242
v 0.01982709765434265 -0.02030985988676548 0.05948638916015625
v 0.01991579495370388 -0.020316828042268753 0.05944441631436348
v 0.0197068490087986 -0.019813762977719307 0.060063306242227554
v 0.019738638773560524 -0.020044513046741486 0.06005365028977394
v 0.019554004073143005 -0.019840411841869354 0.05988747999072075
v 0.01960240676999092 -0.02006826549768448 0.059896934777498245
v 0.019499044865369797 -0.019874554127454758 0.05966208875179291
v 0.019553421065211296 -0.020098699256777763 0.05969603359699249
v 0.019554059952497482 -0.019908681511878967 0.05943670868873596
v 0.01960245706140995 -0.020129116252064705 0.05949515476822853
v 0.019706949591636658 -0.019935287535190582 0.05926091596484184
v 0.019706254824995995 -0.016560912132263184 0.018099749460816383
v 0.019556675106287003 -0.01658743992447853 0.017924714833498
v 0.01950298808515072 -0.01662120595574379 0.017701802775263786
v 0.01955673098564148 -0.016654960811138153 0.01747889071702957
v 0.019706355407834053 -0.016681445762515068 0.017303887754678726
v 0.01970614120364189 -0.015748243778944016 0.018105247989296913
v 0.019705520942807198 -0.012807839550077915 0.020158495754003525
v 0.019705669954419136 -0.013129937462508678 0.019143860787153244
v 0.019705846905708313 -0.0137498052790761 0.018278425559401512
v 0.019706033170223236 -0.014606769196689129 0.017646901309490204
v 0.019706208258867264 -0.015616944059729576 0.01731109991669655
v 0.019556589424610138 -0.015645839273929596 0.01748572662472725
v 0.019502857699990273 -0.01568262092769146 0.017708154395222664
v 0.019556554034352303 -0.01571938954293728 0.017930597066879272
v 0.019556423649191856 -0.014688218012452126 0.017804058268666267
v 0.019502703100442886 -0.014791937544941902 0.01800423674285412
v 0.019556410610675812 -0.014895642176270485 0.018204418942332268
v 0.019706007093191147 -0.014977049082517624 0.018361609429121017
v 0.019705865532159805 -0.014322820119559765 0.018843740224838257
v 0.019556250423192978 -0.013875838369131088 0.01840273104608059
v 0.019502541050314903 -0.01403634063899517 0.01856105960905552
v 0.019556261599063873 -0.014196828939020634 0.018719403073191643
v 0.01970573328435421 -0.013849596492946148 0.019504433497786522
v 0.019556082785129547 -0.013288217596709728 0.01922314427793026
v 0.019502384588122368 -0.013489793054759502 0.019324131309986115
v 0.019556116312742233 -0.013691356405615807 0.019425125792622566
v 0.019555939361453056 -0.012982879765331745 0.02018498256802559
v 0.019502250477671623 -0.013205797411501408 0.02021874114871025
v 0.019555995240807533 -0.0134287029504776 0.02025250345468521
v 0.019705617800354958 -0.013603698462247849 0.02027903124690056
v 0.019701268523931503 -0.008362630382180214 0.05488438904285431
v 0.01955164596438408 -0.008187634870409966 0.05485786125063896
v 0.019497903063893318 -0.007964729331433773 0.054824098944664
v 0.01955159194767475 -0.007741812150925398 0.05479034036397934
v 0.019701171666383743 -0.007566771935671568 0.054763853549957275
v 0.019701140001416206 -0.008624492213129997 0.056468259543180466
v 0.01970118284225464 -0.008368132635951042 0.05569705739617348
v 0.019701160490512848 -0.010421372950077057 0.05863746255636215
v 0.019701052457094193 -0.009406745433807373 0.05831536278128624
v 0.019700998440384865 -0.008541308343410492 0.057695504277944565
v 0.019701000303030014 -0.00790978129953146 0.05683852732181549
v 0.01970105990767479 -0.007573978044092655 0.055828362703323364
v 0.019551483914256096 -0.007748641539365053 0.05579947307705879
v 0.01949780434370041 -0.007971083745360374 0.05576268211007118
v 0.019551554694771767 -0.00819350965321064 0.05572592467069626
v 0.019551429897546768 -0.008066974580287933 0.056757088750600815
v 0.01949775218963623 -0.008267165161669254 0.05665336921811104
v 0.019551506265997887 -0.008467339910566807 0.05654967576265335
v 0.01955142803490162 -0.008665647357702255 0.0575694665312767
v 0.01949775218963623 -0.008823993615806103 0.05740896612405777
v 0.019551504403352737 -0.008982321247458458 0.05724848061800003
v 0.019701136276125908 -0.009106617420911789 0.05712248384952545
v 0.01970117911696434 -0.009767316281795502 0.05759570375084877
v 0.019551478326320648 -0.009486057795584202 0.058157093822956085
v 0.01949779875576496 -0.009587057866156101 0.057955510914325714
v 0.01955154910683632 -0.009688043966889381 0.057753946632146835
v 0.019551578909158707 -0.010447901673614979 0.05846242234110832
v 0.019497891888022423 -0.010481668636202812 0.05823951214551926
v 0.019551634788513184 -0.010515421628952026 0.05801660567522049
v 0.019701261073350906 -0.01054190844297409 0.057841602712869644
v -0.015378928743302822 -0.02912299335002899 0.0023969763424247503
v -0.01599366031587124 -0.029285944998264313 0.002421580022200942
v -0.016608430072665215 -0.02912316285073757 0.0023968503810465336
v -0.017058512195944786 -0.028678273782134056 0.0023294081911444664
v 0.017071044072508812 -0.028673548251390457 0.0023329828400164843
v 0.016621069982647896 -0.02911856211721897 0.002400326309725642
v 0.016006341204047203 -0.02928151562809944 0.002424929989501834
v 0.015391568653285503 -0.02911873161792755 0.0024002003483474255
v 0.014941487461328506 -0.028673844411969185 0.0023327581584453583
v -0.01492895558476448 -0.028677979484200478 0.0023296328727155924
v 0.017063528299331665 0.03262737765908241 -0.006951197050511837
v -0.016001174226403236 0.032014984637498856 -0.0068626003339886665
v -0.015386444516479969 0.032177940011024475 -0.006887204013764858
v -0.014936470426619053 0.03262294828891754 -0.006954547017812729
v 0.014933972619473934 0.032627083361148834 -0.006951421964913607
v 0.015384053811430931 0.03218219801783562 -0.006883980240672827
v 0.015998825430870056 0.032019417732954025 -0.006859250366687775
v 0.019644781947135925 0.01591602899134159 -0.0044198958203196526
v 0.016613556072115898 0.032182369381189346 -0.006883854046463966
v -0.017066027969121933 0.03262265399098396 -0.006954771466553211
v -0.01661594584584236 0.032177768647670746 -0.006887330207973719
v 0.019647933542728424 -0.009790811687707901 -0.0005265303188934922
v 0.019465280696749687 0.015705982223153114 -0.0043881055898964405
v 0.019468432292342186 -0.010000857524573803 -0.0004947399720549583
v -0.01946979947388172 0.0012246156111359596 0.07365553826093674
v 0.0022898870520293713 0.00833277776837349 0.07258172333240509
v -6.15853878116468e-06 0.007880889810621738 0.07264987379312515
v -0.019652502611279488 0.027141451835632324 0.06973034888505936
v -0.01947295106947422 0.026931455358862877 0.06976217031478882
v -0.01964935101568699 0.0014346119714900851 0.07362370938062668
v -0.00230231462046504 0.008332143537700176 0.07258124649524689
v -0.004249011632055044 0.00961784366518259 0.07238627225160599
v -0.0055498844012618065 0.011542258784174919 0.07209464907646179
v 0.004236269276589155 0.009619018994271755 0.07238715887069702
v 0.0055366693995893 0.01154379453510046 0.07209581881761551
v 0.0017382295336574316 -0.031423769891262054 0.006793201435357332
v -0.004379699472337961 -0.0292359571903944 0.02124369703233242
v 0.0010062695946544409 -0.03153349459171295 0.006069331429898739
v 6.303003829088993e-06 -0.03157375380396843 0.00580429844558239
v -0.003243634942919016 -0.03164907917380333 0.0053095947951078415
v -0.000993730267509818 -0.03153377026319504 0.006069121416658163
v -0.0017258719308301806 -0.031424250453710556 0.0067928386852145195
v 0.005732165649533272 -0.028933357447385788 0.023233501240611076
v 0.004388425033539534 -0.029234742745757103 0.02124461904168129
v 0.0023771668784320354 -0.029436277225613594 0.019915567710995674
v 4.58821477877791e-06 -0.02950727753341198 0.019448695704340935
v -0.002368107670918107 -0.029436934739351273 0.01991507224738598
v -0.005723940208554268 -0.028934942558407784 0.02323230355978012
v -0.004560466855764389 -0.03183644264936447 0.004073550924658775
v -0.00542649207636714 -0.03183656185865402 0.004073456861078739
v -0.004743456374853849 -0.031863871961832047 0.0038925798144191504
v -0.0049934484995901585 -0.03187393769621849 0.0038263234309852123
v -0.005243456922471523 -0.03186394274234772 0.0038925311528146267
v 0.0004395330906845629 -0.03183574974536896 0.004074075724929571
v 0.0002565433387644589 -0.03186317905783653 0.0038931043818593025
v 0.004573507700115442 -0.031835176050662994 0.0040745059959590435
v 0.00543953338637948 -0.031835056841373444 0.00407459307461977
v 6.551517799380235e-06 -0.03187324479222298 0.0038268479984253645
v 0.005256543401628733 -0.03186248615384102 0.0038936289492994547
v 0.005006551276892424 -0.03187255188822746 0.0038273725658655167
v 0.004756543319672346 -0.03186255693435669 0.003893572837114334
v -0.00024345653946511447 -0.0318632498383522 0.003893048269674182
v -0.0004264922172296792 -0.03183586895465851 0.004073981195688248
v -0.0155677180737257 0.03858349099755287 0.001584343845024705
v 0.015249358490109444 0.042696718126535416 0.028717931360006332
v 0.015434369444847107 0.041493505239486694 0.020773299038410187
v -0.01557012926787138 0.041489213705062866 0.020770054310560226
v 0.00011744321091100574 0.044114988297224045 0.038094643503427505
v 0.00011962011194555089 0.04149138554930687 0.02077169343829155
v -0.01557230670005083 0.04411281645298004 0.038092996925115585
v -0.015512295067310333 0.042909588664770126 0.030148359015583992
v -0.01498162467032671 0.04298913851380348 0.03067316859960556
v 0.012552693486213684 0.04411671310663223 0.038095951080322266
v 0.01543219294399023 0.04411711171269417 0.03809624910354614
v 0.012737884186208248 0.04269636794924736 0.028717663139104843
v 0.01255486998707056 0.04149310663342476 0.02077299915254116
v 0.013268686830997467 0.04261696711182594 0.028192970901727676
v 0.013993712142109871 0.04258797690272331 0.02800096943974495
v 0.014718687161803246 0.04261716827750206 0.028193119913339615
v 0.00012203147343825549 0.038585662841796875 0.00158598308917135
v 0.012557282112538815 0.038587383925914764 0.00158728810492903
v 0.015436781570315361 0.0385877825319767 0.0015875875251367688
v 0.012757810764014721 0.04007737338542938 0.011425120756030083
v 0.013281110674142838 0.0399990938603878 0.010907844640314579
v 0.013995884917676449 0.039970513433218 0.010718556120991707
v 0.01471061073243618 0.03999929130077362 0.010907994583249092
v 0.015233778394758701 0.04007771611213684 0.0114253805950284
v -0.012766221538186073 0.04007383808493614 0.01142245065420866
v -0.014718890190124512 0.0399952158331871 0.010904907248914242
v -0.014004116877913475 0.0399666354060173 0.010715626180171967
v -0.013289390131831169 0.03999541327357292 0.010905057191848755
v -0.015242188237607479 0.040073495358228683 0.011422190815210342
v 0.012753462418913841 0.04531843960285187 0.046030476689338684
v 0.013276761397719383 0.045240163803100586 0.04551320895552635
v 0.013991535641252995 0.045211583375930786 0.045323919504880905
v 0.0147062623873353 0.045240361243486404 0.045513350516557693
v 0.015229429118335247 0.045318786054849625 0.04603074491024017
v -0.015246537514030933 0.04531456530094147 0.04602755606174469
v -0.014723239466547966 0.04523628577589989 0.045510269701480865
v -0.01400846615433693 0.04520770534873009 0.04532099887728691
v -0.013293739408254623 0.045236483216285706 0.0455104298889637
v -0.012770569883286953 0.045314908027648926 0.04602780565619469
v 0.020001046359539032 -0.017867684364318848 0.03789115697145462
v 0.02000236138701439 -0.017793171107769012 0.025224188342690468
v 0.020002473145723343 -0.018528541550040245 0.02514185942709446
v 0.019999250769615173 -0.013603610917925835 0.049392566084861755
v 0.01999937929213047 -0.014199295081198215 0.0489535816013813
v 0.019999491050839424 -0.014934665523469448 0.04887125641107559
v 0.019999142736196518 -0.020425349473953247 0.05944639444351196
v 0.019999142736196518 -0.020243674516677856 0.05919986218214035
v 0.020000740885734558 -0.01538452971726656 0.037515077739953995
v 0.020000871270895004 -0.015988757833838463 0.03706979751586914
v 0.020000984892249107 -0.016734672710299492 0.03698629140853882
v 0.020001046359539032 -0.017422407865524292 0.03728692606091499
v 0.020002534613013268 -0.01920655369758606 0.025438249111175537
v 0.02000253275036812 -0.019645534455776215 0.02603393979370594
v 0.020004233345389366 -0.02631971426308155 0.018617916852235794
v 0.020004240795969963 -0.02649027854204178 0.018773453310132027
v 0.01999955251812935 -0.015612677671015263 0.04916764050722122
v 0.0199995506554842 -0.016051659360527992 0.049763329327106476
v 0.020002232864499092 -0.017197486013174057 0.02566317655146122
v 0.020004231482744217 -0.026588337495923042 0.018982430920004845
v 0.019996171817183495 0.03223874792456627 0.01817593351006508
v 0.019996412098407745 0.030907688662409782 0.017654618248343468
v 0.01999647542834282 0.030229676514863968 0.017951007932424545
v 0.0199934933334589 0.03382355347275734 0.04168039932847023
v 0.01999349147081375 0.033384572714567184 0.042276088148355484
v 0.01999647356569767 0.029790697619318962 0.01854669861495495
v 0.019993191584944725 0.03583262488245964 0.041905324906110764
v 0.01999444141983986 0.034763190895318985 0.0313866101205349
v 0.019993320107460022 0.03523693233728409 0.04146633669734001
v 0.01999630220234394 0.031643059104681015 0.017736947163939476
v 0.019993430003523827 0.034501563757658005 0.0413840152323246
v 0.01999443955719471 0.03431791812181473 0.031990841031074524
v -0.019997766241431236 -0.01720302551984787 0.0256589874625206
v -0.01999746635556221 -0.019651073962450027 0.02602975070476532
v -0.01999746449291706 -0.019212091341614723 0.025434060022234917
v -0.019999071955680847 -0.018150456249713898 0.03939548879861832
v -0.019997527822852135 -0.01853407919406891 0.025137677788734436
v -0.01999763771891594 -0.017798708751797676 0.025219999253749847
v -0.02000044845044613 -0.016057197004556656 0.049759142100811005
v -0.02000044658780098 -0.015618215315043926 0.04916344955563545
v -0.020000619813799858 -0.014204833656549454 0.04894939064979553
v -0.020000508055090904 -0.014940203167498112 0.04886706918478012
v -0.019999202340841293 -0.01754622906446457 0.03984076902270317
v -0.020000748336315155 -0.013609149493277073 0.049388378858566284
v -0.020003827288746834 0.032233212143182755 0.01817174442112446
v -0.020003698766231537 0.0316375195980072 0.017732758074998856
v -0.020003587007522583 0.03090215101838112 0.017650436609983444
v -0.020006505772471428 0.03381801396608353 0.04167620837688446
v -0.020006569102406502 0.03449602797627449 0.04137982800602913
v -0.020005319267511368 0.03404616191983223 0.030023645609617233
v -0.020005013793706894 0.03156300634145737 0.030399726703763008
v -0.020005010068416595 0.03200828284025192 0.02979549765586853
v -0.020006507635116577 0.03337903320789337 0.04227190092206001
v -0.020008616149425507 0.042871907353401184 0.0498548299074173
v -0.02000856213271618 0.04262538254261017 0.0496731661260128
v -0.02000507526099682 0.03269601985812187 0.029494859278202057
v -0.020005187019705772 0.0334419347345829 0.02957836724817753
v -0.02000352554023266 0.030224138870835304 0.017946818843483925
v -0.020003456622362137 0.03641209006309509 0.009111999534070492
v -0.02000349573791027 0.03662106394767761 0.00921006128191948
v -0.020006678998470306 0.035231396555900574 0.04146214947104454
v -0.020006807520985603 0.03582708537578583 0.041901133954524994
v -0.020003527402877808 0.0297851599752903 0.01854250766336918
v -0.020003534853458405 0.03677660599350929 0.009380621835589409
v 0.0017381689976900816 -0.030929408967494965 0.006718329153954983
v 0.001006208942271769 -0.031039129942655563 0.005994458682835102
v 6.242399194889003e-06 -0.03107939288020134 0.005729425698518753
v -0.00099379091989249 -0.0310394074767828 0.005994249135255814
v -0.0008189345244318247 -0.030994022265076637 0.006293772254139185
v -0.0017259324667975307 -0.030929887667298317 0.006717965938150883
v -0.0014230288797989488 -0.030903656035661697 0.00689091719686985
v -0.001502009923569858 -0.030880438163876534 0.0070442920550704
v -0.0016442183405160904 -0.030780130997300148 0.007706702221184969
v -0.001502176164649427 -0.030679786577820778 0.008369138464331627
v -0.0014232342364266515 -0.030656544491648674 0.008522527292370796
v -0.0008192895911633968 -0.030566012486815453 0.009119799360632896
v 0.019557684659957886 -0.010030453093349934 -0.0003891049709636718
v 0.019707264378666878 -0.009855415672063828 -0.00041559943929314613
v 0.019554533064365387 0.015676386654376984 -0.004282470792531967
v 0.01970411278307438 0.015851426869630814 -0.004308965522795916
v 0.014496440067887306 0.0303537268191576 0.018106713891029358
v 0.014496386051177979 0.03093687631189823 0.01785179413855076
v 0.01449644099920988 0.02997615933418274 0.018619051203131676
v 0.014496182091534138 0.03208170458674431 0.018300160765647888
v 0.014496291056275368 0.03156936541199684 0.017922602593898773
v 0.01979644037783146 0.029976893216371536 0.018619608134031296
v 0.01979644224047661 0.030354460701346397 0.01810726337134838
v 0.01979638822376728 0.03093761019408703 0.01785234361886978
v 0.01979629322886467 0.03157009929418564 0.017923152074217796
v 0.019796181470155716 0.032082438468933105 0.018300717696547508
v 0.014493458904325962 0.03394760191440582 0.04183610528707504
v 0.014493404887616634 0.034530751407146454 0.041581183671951294
v 0.014493457041680813 0.03357003629207611 0.04234844073653221
v 0.014493199065327644 0.03567557781934738 0.04202955216169357
v 0.014493309892714024 0.03516324236989021 0.04165199398994446
v 0.01979345828294754 0.03357077017426491 0.04234899953007698
v 0.01979346014559269 0.03394833579659462 0.041836660355329514
v 0.019793406128883362 0.03453148528933525 0.04158174246549606
v 0.01979331113398075 0.03516397625207901 0.04165254905819893
v 0.019793199375271797 0.03567631170153618 0.042030107229948044
v 0.014502501115202904 -0.019082505255937576 0.0255939569324255
v 0.014502447098493576 -0.018499353900551796 0.02533903531730175
v 0.014502501115202904 -0.019460070878267288 0.026106292381882668
v 0.014502243138849735 -0.01735452562570572 0.02578740380704403
v 0.014502352103590965 -0.017866866663098335 0.025409845635294914
v 0.019802499562501907 -0.01945933699607849 0.026106849312782288
v 0.019802501425147057 -0.01908177137374878 0.025594506412744522
v 0.01980244740843773 -0.018498620018363 0.025339584797620773
v 0.019802352413535118 -0.017866134643554688 0.025410395115613937
v 0.019802242517471313 -0.017353791743516922 0.0257879588752985
v 0.014499519020318985 -0.01548862922936678 0.049323346465826035
v 0.014499465003609657 -0.014905477873980999 0.049068424850702286
v 0.01449951808899641 -0.015866193920373917 0.0498356819152832
v 0.014499259181320667 -0.013760649599134922 0.049516793340444565
v 0.014499370008707047 -0.014272991567850113 0.04913923516869545
v 0.019799519330263138 -0.01586546003818512 0.04983624070882797
v 0.019799519330263138 -0.015487895347177982 0.049323905259370804
v 0.01979946531355381 -0.014904743991792202 0.049068983644247055
v 0.0197993703186512 -0.014272257685661316 0.04913979396224022
v 0.019799260422587395 -0.013759915716946125 0.049517352133989334
v 0.01980101317167282 -0.017681488767266273 0.03796406835317612
v 0.01980101317167282 -0.01729762740433216 0.03744318336248398
v 0.019800959154963493 -0.016704751178622246 0.03718401491641998
v 0.019800862297415733 -0.016061721369624138 0.03725600242614746
v 0.01980075053870678 -0.015540835447609425 0.037639860063791275
v 0.01979447342455387 0.03457694128155708 0.03131365776062012
v 0.019794471561908722 0.03419307991862297 0.031834542751312256
v -0.014497646130621433 -0.017870884388685226 0.02540680207312107
v -0.014497551135718822 -0.018503369763493538 0.025335993617773056
v -0.014497756958007812 -0.01735853962600231 0.025784367695450783
v -0.014497498981654644 -0.01946408487856388 0.02610325813293457
v -0.014497497119009495 -0.019086521118879318 0.025590913370251656
v -0.019797757267951965 -0.01735927350819111 0.02578381821513176
v -0.01979764550924301 -0.017871616408228874 0.025406252592802048
v -0.0197975505143404 -0.018504101783037186 0.025335444137454033
v -0.019797496497631073 -0.019087253138422966 0.025590363889932632
v -0.019797498360276222 -0.019464818760752678 0.026102708652615547
v -0.014500629156827927 -0.01427700649946928 0.0491361990571022
v -0.014500533230602741 -0.014909493736922741 0.04906538501381874
v -0.014500738121569157 -0.01376466453075409 0.04951375722885132
v -0.014500480145215988 -0.01587020978331566 0.049832649528980255
v -0.014500480145215988 -0.015492644160985947 0.04932031035423279
v -0.019800739362835884 -0.013765398412942886 0.04951320216059685
v -0.01980062946677208 -0.014277740381658077 0.04913564398884773
v -0.01980053447186947 -0.014910225756466389 0.049064841121435165
v -0.01980048045516014 -0.015493378043174744 0.04931975528597832
v -0.01980048045516014 -0.015870943665504456 0.049832090735435486
v -0.014503706246614456 0.0315653495490551 0.01791956089437008
v -0.014503611251711845 0.03093286044895649 0.017848750576376915
v -0.014503817074000835 0.032077688723802567 0.01829712651669979
v -0.014503559097647667 0.029972145333886147 0.01861601695418358
v -0.014503557235002518 0.03034971095621586 0.018103672191500664
v -0.019803818315267563 0.03207695484161377 0.018296577036380768
v -0.01980370655655861 0.0315646193921566 0.017919011414051056
v -0.019803611561655998 0.030932128429412842 0.017848201096057892
v -0.01980355754494667 0.03034897893667221 0.01810312271118164
v -0.01980355940759182 0.02997141145169735 0.018615467473864555
v -0.01450668927282095 0.03515922650694847 0.04164895787835121
v -0.014506594277918339 0.03452673554420471 0.04157814010977745
v -0.014506799168884754 0.03567156568169594 0.04202651605010033
v -0.014506541192531586 0.03356602042913437 0.04234540835022926
v -0.014506540261209011 0.03394358977675438 0.041833069175481796
v -0.01980680041015148 0.03567083179950714 0.042025960981845856
v -0.019806688651442528 0.035158492624759674 0.04164840281009674
v -0.019806593656539917 0.03452600538730621 0.041577599942684174
v -0.01980653963983059 0.03394285589456558 0.041832514107227325
v -0.01980654150247574 0.03356528654694557 0.042344849556684494
v -0.019805310294032097 0.03388991206884384 0.030148478224873543
v -0.019805196672677994 0.0333690270781517 0.02976461872458458
v -0.019805099815130234 0.032725997269153595 0.029692623764276505
v -0.019805045798420906 0.03213312104344368 0.029951799660921097
v -0.019805047661066055 0.03174925968050957 0.030472684651613235
v -0.01979908160865307 -0.017994150519371033 0.03927070274949074
v -0.019799193367362022 -0.017473265528678894 0.03965456038713455
v -0.019997872412204742 0.04283667728304863 0.04988297447562218
v -0.019997823983430862 0.04260893911123276 0.04971514269709587
v -0.019967904314398766 0.04259603098034859 0.049748118966817856
v -0.019967949017882347 0.04280902072787285 0.04990508034825325
v -0.01999278925359249 0.03673799708485603 0.009403922595083714
v -0.019992753863334656 0.036594320088624954 0.009246360510587692
v -0.019962863996624947 0.036707691848278046 0.009422220289707184
v -0.01996283233165741 0.036573320627212524 0.00927486177533865
v -0.019962798804044724 0.036392778158187866 0.009190147742629051
v -0.01999271661043167 0.03640126809477806 0.009155773557722569
v 0.019988393411040306 -0.02038336731493473 0.059462837874889374
v 0.019988393411040306 -0.020215537399053574 0.0592350959777832
v 0.019958466291427612 -0.020193446427583694 0.05926275998353958
v 0.019958466291427612 -0.02035040594637394 0.05947574973106384
v 0.019993484020233154 -0.026544563472270966 0.018993254750967026
v 0.01999349147081375 -0.026453983038663864 0.01880020461976528
v 0.01996355690062046 -0.026510201394557953 0.01900174468755722
v 0.019963564351201057 -0.02642548643052578 0.01882120594382286
v 0.01996355876326561 -0.02627813071012497 0.01868683099746704
v 0.019993485882878304 -0.02629641629755497 0.018656523898243904
v 0.015076165087521076 0.04251391813158989 0.028846733272075653
v 0.014618690125644207 0.0424453429877758 0.028394315391778946
v 0.013993712142109871 0.04242017865180969 0.028228668496012688
v 0.013368690386414528 0.04244517162442207 0.02839418314397335
v 0.012911101803183556 0.04251362010836601 0.028846500441432
v -0.01533905416727066 0.042696889489889145 0.03007945604622364
v -0.014881578274071217 0.04276546835899353 0.030531879514455795
v -0.013388744555413723 0.03458334878087044 0.011899900622665882
v -0.014003475196659565 0.03455859795212746 0.011736972257494926
v -0.012938772328197956 0.03465079888701439 0.012344900518655777
v -0.015068328008055687 0.03465050458908081 0.012344676069915295
v -0.014618244022130966 0.03458317741751671 0.011899767443537712
v -0.01293941494077444 0.039891041815280914 0.011551253497600555
v -0.013389387167990208 0.039823587983846664 0.011106252670288086
v -0.01400411780923605 0.039798837155103683 0.01094332430511713
v -0.01461888663470745 0.039823420345783234 0.011106119491159916
v -0.015068970620632172 0.039890747517347336 0.011551028117537498
v 0.014611254446208477 0.03458722308278084 0.011902830563485622
v 0.013996525667607784 0.03456247225403786 0.011739902198314667
v 0.015061227604746819 0.03465467691421509 0.012347831390798092
v 0.012931670993566513 0.03465438261628151 0.01234760694205761
v 0.013381754979491234 0.03458705544471741 0.01190270483493805
v 0.015060584992170334 0.039894916117191315 0.011554183438420296
v 0.014610611833631992 0.03982746601104736 0.011109182611107826
v 0.0139958830550313 0.03980271518230438 0.01094625424593687
v 0.01338111236691475 0.039827294647693634 0.011109056882560253
v 0.012931029312312603 0.039894621819257736 0.011553958989679813
v -0.013393093831837177 0.03982441872358322 0.046505264937877655
v -0.01400782447308302 0.03979966789484024 0.046342335641384125
v -0.01294312160462141 0.03989186882972717 0.04695025831460953
v -0.015072678215801716 0.039891574531793594 0.04695004224777222
v -0.01462259329855442 0.03982424736022949 0.04650513827800751
v -0.012943764217197895 0.0451321080327034 0.046156611293554306
v -0.013393736444413662 0.04506465792655945 0.045711617916822433
v -0.01400846615433693 0.04503990709781647 0.0455486886203289
v -0.014623235911130905 0.04506449028849602 0.045711491256952286
v -0.015073319897055626 0.04513181373476982 0.0461563915014267
v 0.014606906101107597 0.03982829302549362 0.04650818929076195
v 0.01399217639118433 0.03980354219675064 0.04634525999426842
v 0.015056878328323364 0.03989574685692787 0.046953193843364716
v 0.012927322648465633 0.039895448833703995 0.04695296287536621
v 0.01337740570306778 0.03982812166213989 0.0465080626308918
v 0.01505623571574688 0.0451359860599041 0.046159546822309494
v 0.014606263488531113 0.04506853222846985 0.04571453854441643
v 0.013991533778607845 0.04504378139972687 0.045551612973213196
v 0.01337676402181387 0.04506836459040642 0.04571441560983658
v 0.012926680035889149 0.04513569176197052 0.04615931585431099
v -0.005539197940379381 -0.02872571162879467 0.023278048262000084
v -0.004238319583237171 -0.029017016291618347 0.021353593096137047
v -0.0022916181478649378 -0.029211509972810745 0.02006782591342926
v 4.5392134779831395e-06 -0.02927958406507969 0.019616495817899704
v 0.0023005830589681864 -0.029210874810814857 0.020068306475877762
v 0.0042469617910683155 -0.029015840962529182 0.02135448344051838
v 0.005547356326133013 -0.028724176809191704 0.023279208689928055
v -0.0009200646891258657 -0.03129170835018158 0.006942454259842634
v -0.0009202714427374303 -0.03104243613779545 0.008588328026235104
v -0.0009201444918289781 -0.031358376145362854 0.0077943648211658
v 0.01662013866007328 -0.027995476499199867 0.0098157599568367
v 0.01600540801882744 -0.028158430010080338 0.009840363636612892
v 0.017070110887289047 -0.027550462633371353 0.009748416021466255
v 0.014940555207431316 -0.02755075693130493 0.00974819902330637
v 0.015390637330710888 -0.027995645999908447 0.009815634228289127
v 0.016612624749541283 0.03330545499920845 0.0005315793678164482
v 0.01599789410829544 0.03314250335097313 0.0005561831640079618
v 0.01706259697675705 0.03375046327710152 0.00046423650928772986
v 0.014933040365576744 0.03375017270445824 0.0004640192200895399
v 0.015383122488856316 0.03330528363585472 0.0005314534064382315
v -0.015379860997200012 -0.027999907732009888 0.009812409989535809
v -0.015994593501091003 -0.02816285938024521 0.009837013669312
v -0.01492988783866167 -0.027554892003536224 0.009745066054165363
v -0.0170594435185194 -0.027555186301469803 0.009744849056005478
v -0.01660936139523983 -0.028000077232718468 0.009812284260988235
v -0.015387375839054585 0.03330102562904358 0.0005282294587232172
v -0.016002107411623 0.03313807025551796 0.000552833138499409
v -0.014937402680516243 0.033746033906936646 0.00046088657109066844
v -0.01706695929169655 0.03374573960900307 0.00046066928189247847
v -0.016616877168416977 0.03330085426568985 0.0005281035555526614
v 0.002002841793000698 -0.1477467566728592 0.04227733984589577
v 0.0020363195799291134 -0.14762315154075623 0.04225862771272659
v 0.0017863118555396795 -0.14761315286159515 0.04232482612133026
v 0.001911346334964037 -0.14783723652362823 0.04229103401303291
v 0.0017863503890112042 -0.14787037670612335 0.04229603707790375
v 0.0016613462939858437 -0.14783726632595062 0.042291007936000824
v 0.0015698287170380354 -0.14774681627750397 0.042277295142412186
v 0.0015363199636340141 -0.1476232260465622 0.042258571833372116
v 0.0015699438517913222 -0.14809627830982208 0.04163942486047745
v 0.0016614538617432117 -0.14796695113182068 0.04143474996089935
v 0.001786457491107285 -0.1480000615119934 0.04143977910280228
v 0.0017864357214421034 -0.14776290953159332 0.04133610799908638
v 0.002036427613347769 -0.14775283634662628 0.041402362287044525
v 0.002002948895096779 -0.14787642657756805 0.041421081870794296
v 0.001569936634041369 -0.14787648618221283 0.04142102971673012
v 0.0014114311197772622 -0.14793957769870758 0.041615668684244156
v 0.0013533913297578692 -0.14793527126312256 0.04186785966157913
v 0.001536427647806704 -0.14775291085243225 0.041402313858270645
v 0.0017864570254459977 -0.14815360307693481 0.04164813086390495
v 0.0019114537863060832 -0.1479669213294983 0.041434768587350845
v 0.0020029565785080194 -0.1480962187051773 0.04163946583867073
v 0.0021614311262965202 -0.14793948829174042 0.041615746915340424
v 0.0022194175980985165 -0.1477254033088684 0.041583333164453506
v 0.0013533922610804439 -0.14772552251815796 0.041583240032196045
v 0.001286373590119183 -0.1476881057024002 0.04183041676878929
v 0.0013533297460526228 -0.14765065908432007 0.04207760840654373
v 0.0015364264836534858 -0.14811620116233826 0.04189528152346611
v 0.001786434673704207 -0.14818239212036133 0.04190533980727196
v 0.002036426216363907 -0.1481161266565323 0.04189533740282059
v 0.0022194168996065855 -0.147935152053833 0.041867949068546295
v 0.0022863736376166344 -0.14768795669078827 0.04183052480220795
v 0.0014113689539954066 -0.1478647142648697 0.042110029608011246
v 0.0015698816860094666 -0.148021399974823 0.04213378578424454
v 0.0017863953253254294 -0.14807872474193573 0.04214249178767204
v 0.0020028946455568075 -0.14802134037017822 0.04213382676243782
v 0.0021613689605146646 -0.14786460995674133 0.04211010783910751
v 0.002219355432316661 -0.14765053987503052 0.042077694088220596
v -0.0015326922293752432 -0.1477472335100174 0.04227696731686592
v -0.0014992138603702188 -0.14762364327907562 0.04225825518369675
v -0.0017492221668362617 -0.14761364459991455 0.04232446104288101
v -0.0016241875709965825 -0.14783772826194763 0.04229066148400307
v -0.0017491834005340934 -0.14787086844444275 0.0422956645488739
v -0.0018741873791441321 -0.14783775806427002 0.04229063540697098
v -0.0019657050725072622 -0.14774729311466217 0.04227692261338234
v -0.00199921359308064 -0.1476237177848816 0.04225819930434227
v -0.0019655898213386536 -0.14809675514698029 0.0416390523314476
v -0.0018740799278020859 -0.14796744287014008 0.04143437743186951
v -0.0017490759491920471 -0.1480005532503128 0.04143940657377243
v -0.0017490977188572288 -0.14776340126991272 0.041335735470056534
v -0.0014991064090281725 -0.14775332808494568 0.041401997208595276
v -0.001532584778033197 -0.14787691831588745 0.04142070934176445
v -0.001965597504749894 -0.14787697792053223 0.04142066463828087
v -0.0021241025533527136 -0.14794006943702698 0.04161529615521431
v -0.0021821423433721066 -0.14793576300144196 0.041867487132549286
v -0.0019991062581539154 -0.14775340259075165 0.0414019413292408
v -0.0017490765312686563 -0.1481540948152542 0.04164775833487511
v -0.001624080236069858 -0.1479674130678177 0.041434403508901596
v -0.0015325772110372782 -0.1480966955423355 0.041639093309640884
v -0.001374102896079421 -0.14793996512889862 0.041615381836891174
v -0.0013161161914467812 -0.1477258950471878 0.04158296063542366
v -0.0021821418777108192 -0.14772601425647736 0.041582874953746796
v -0.0022491600830107927 -0.1476885974407196 0.041830044239759445
v -0.002182204043492675 -0.14765115082263947 0.042077235877513885
v -0.0019991076551377773 -0.14811669290065765 0.04189491644501686
v -0.0017490994650870562 -0.14818288385868073 0.04190497472882271
v -0.0014991073403507471 -0.14811661839485168 0.04189496487379074
v -0.0013161171227693558 -0.1479356437921524 0.041867583990097046
v -0.0012491600355133414 -0.14768844842910767 0.0418301522731781
v -0.002124164951965213 -0.1478652060031891 0.042109664529561996
v -0.001965651987120509 -0.1480218917131424 0.04213341325521469
v -0.00174913858063519 -0.14807921648025513 0.0421421192586422
v -0.00153263914398849 -0.14802183210849762 0.042133454233407974
v -0.001374164829030633 -0.14786510169506073 0.042109742760658264
v -0.0013161783572286367 -0.14765103161334991 0.04207732155919075
v 0.00023485497513320297 -0.1474822759628296 0.0440249890089035
v 0.00026833335869014263 -0.14735868573188782 0.04400627687573433
v 1.8325072232983075e-05 -0.14734868705272675 0.044072479009628296
v 0.00014335957530420274 -0.14757277071475983 0.04403868690133095
v 1.8363607523497194e-05 -0.14760591089725494 0.044043686240911484
v -0.00010664024739526212 -0.14757280051708221 0.04403865709900856
v -0.0001981578243430704 -0.14748233556747437 0.04402494803071022
v -0.00023166651953943074 -0.1473587602376938 0.04400622099637985
v -0.00019804258772637695 -0.14783179759979248 0.04338706657290459
v -0.00010653259960236028 -0.14770248532295227 0.04318239167332649
v 1.84714917850215e-05 -0.147735595703125 0.043187420815229416
v 1.8449421986588277e-05 -0.14749842882156372 0.043083757162094116
v 0.00026844124658964574 -0.14748837053775787 0.04315001517534256
v 0.00023496286303270608 -0.14761196076869965 0.043168723583221436
v -0.00019805018382612616 -0.14761202037334442 0.04316868260502815
v -0.00035655542160384357 -0.14767511188983917 0.04336332157254219
v -0.000414595240727067 -0.14767080545425415 0.04361551254987717
v -0.00023155915550887585 -0.14748844504356384 0.04314996302127838
v 1.8470960640115663e-05 -0.1478891223669052 0.04339577630162239
v 0.0001434672303730622 -0.14770245552062988 0.04318242147564888
v 0.00023497016809415072 -0.1478317379951477 0.043387118726968765
v 0.0003934443520847708 -0.14767500758171082 0.04336339607834816
v 0.0004514307656791061 -0.1474609375 0.04333098605275154
v -0.00041459433850832283 -0.14746105670928955 0.04333088919520378
v -0.00048161292215809226 -0.1474236249923706 0.043578069657087326
v -0.0004146565042901784 -0.14738619327545166 0.04382525011897087
v -0.0002315601013833657 -0.14785173535346985 0.043642930686473846
v 1.8447852198733017e-05 -0.14791792631149292 0.043652988970279694
v 0.0002684397913981229 -0.14785166084766388 0.04364298656582832
v 0.00045143012539483607 -0.1476706862449646 0.04361559823155403
v 0.0005183868925087154 -0.14742349088191986 0.04357817396521568
v -0.00035661758738569915 -0.14760024845600128 0.04385767877101898
v -0.00019810481171589345 -0.1477569341659546 0.043881434947252274
v 1.8408503819955513e-05 -0.14781425893306732 0.04389014467597008
v 0.0002349079877603799 -0.14775687456130981 0.043881479650735855
v 0.0003933826519642025 -0.14760014414787292 0.04385775700211525
v 0.00045136906555853784 -0.14738605916500092 0.04382534697651863
v 0.0020024022087454796 -0.14721731841564178 0.04577300697565079
v 0.002035880694165826 -0.1470937281847 0.04575429484248161
v 0.0017858725041151047 -0.14708372950553894 0.04582050070166588
v 0.0019109067507088184 -0.14730781316757202 0.04578670114278793
v 0.0017859108047559857 -0.14734095335006714 0.04579170420765877
v 0.0016609071753919125 -0.1473078429698944 0.045786671340465546
v 0.0015693895984441042 -0.14721737802028656 0.045772962272167206
v 0.0015358806122094393 -0.14709380269050598 0.04575424641370773
v 0.0015695048496127129 -0.14756684005260468 0.04513508826494217
v 0.0016610148595646024 -0.14743752777576447 0.04493041709065437
v 0.0017860184889286757 -0.147470623254776 0.0449354462325573
v 0.0017859966028481722 -0.14723347127437592 0.0448317714035511
v 0.002035988261923194 -0.14722341299057007 0.04489803686738014
v 0.0020025097765028477 -0.14734700322151184 0.044916749000549316
v 0.0015694972826167941 -0.14734706282615662 0.044916704297065735
v 0.001410992001183331 -0.14741015434265137 0.045111335813999176
v 0.001352952211163938 -0.14740584790706635 0.04536352679133415
v 0.0015359885292127728 -0.14722347259521484 0.044897980988025665
v 0.0017860179068520665 -0.1476241648197174 0.04514379799365997
v 0.0019110144348815084 -0.14743749797344208 0.04493044316768646
v 0.0020025174599140882 -0.1475667804479599 0.04513513296842575
v 0.0021609917748719454 -0.147410050034523 0.04511142149567604
v 0.0022189784795045853 -0.1471959799528122 0.04507900029420853
v 0.0013529527932405472 -0.14719609916210175 0.04507891461253166
v 0.0012859345879405737 -0.1471586674451828 0.04532608389854431
v 0.0013528906274586916 -0.14712122082710266 0.04557327553629875
v 0.001535987132228911 -0.14758676290512085 0.04539095610380173
v 0.001785994740203023 -0.14765296876430511 0.045401014387607574
v 0.0020359870977699757 -0.14758670330047607 0.04539100453257561
v 0.0022189775481820107 -0.1474057286977768 0.045363619923591614
v 0.002285934519022703 -0.14715853333473206 0.04532618820667267
v 0.0014109296025708318 -0.14733529090881348 0.04560570418834686
v 0.0015694426838308573 -0.14749197661876678 0.04562944918870926
v 0.001785955741070211 -0.14754930138587952 0.04563815891742706
v 0.0020024552941322327 -0.147491917014122 0.04562949389219284
v 0.00216092960909009 -0.14733518660068512 0.04560578241944313
v 0.0022189163137227297 -0.1471211016178131 0.045573361217975616
v -0.0015331318136304617 -0.14721781015396118 0.04577264189720154
v -0.0014996530953794718 -0.1470942199230194 0.04575392231345177
v -0.0017496615182608366 -0.14708422124385834 0.04582012817263603
v -0.001624627155251801 -0.14730830490589142 0.045786336064338684
v -0.0017496229847893119 -0.14734143018722534 0.04579133912920952
v -0.0018746270798146725 -0.1473083347082138 0.045786306262016296
v -0.001966144423931837 -0.14721786975860596 0.04577259719371796
v -0.0019996531773358583 -0.14709427952766418 0.04575387388467789
v -0.0019660291727632284 -0.14756733179092407 0.04513471946120262
v -0.001874519162811339 -0.14743801951408386 0.04493004456162453
v -0.0017495150677859783 -0.1474711149930954 0.04493507370352745
v -0.0017495373031124473 -0.1472339630126953 0.04483140632510185
v -0.0014995455276221037 -0.14722390472888947 0.044897664338350296
v -0.0015330238966271281 -0.14734749495983124 0.04491637647151947
v -0.0019660366233438253 -0.147347554564476 0.04491633176803589
v -0.002124542137607932 -0.14741064608097076 0.04511097073554993
v -0.002182581927627325 -0.14740633964538574 0.0453631617128849
v -0.0019995453767478466 -0.14722396433353424 0.04489760845899582
v -0.0017495155334472656 -0.1476246565580368 0.04514342546463013
v -0.0016245193546637893 -0.14743798971176147 0.044930070638656616
v -0.0015330163296312094 -0.1475672721862793 0.045134760439395905
v -0.0013745420146733522 -0.1474105417728424 0.045111048966646194
v -0.0013165557757019997 -0.1471964716911316 0.04507863521575928
v -0.0021825809963047504 -0.14719659090042114 0.045078542083501816
v -0.002249599201604724 -0.1471591591835022 0.045325711369514465
v -0.002182643162086606 -0.14712171256542206 0.045572903007268906
v -0.0019995467737317085 -0.14758725464344025 0.04539058357477188
v -0.0017495387000963092 -0.1476534605026245 0.04540064185857773
v -0.0014995469246059656 -0.14758719503879547 0.04539063945412636
v -0.0013165564741939306 -0.1474062204360962 0.04536324739456177
v -0.0012495991541072726 -0.14715902507305145 0.04532581567764282
v -0.0021246043033897877 -0.14733576774597168 0.04560533165931702
v -0.0019660911057144403 -0.14749246835708618 0.04562907665967941
v -0.0017495780484750867 -0.1475497931241989 0.045637793838977814
v -0.0015330787282437086 -0.1474923938512802 0.04562912881374359
v -0.0013746041804552078 -0.14733566343784332 0.045605409890413284
v -0.0013166177086532116 -0.1471215933561325 0.04557299613952637
v -0.0012503385078161955 -0.141127809882164 0.04441237449645996
v -0.0013173570623621345 -0.14109037816524506 0.04465955123305321
v -0.0015003924490883946 -0.14106300473213196 0.04484047740697861
v -0.0017504008719697595 -0.1410530060529709 0.04490668699145317
v -0.002000392647460103 -0.14106306433677673 0.04484042897820473
v -0.0021833826322108507 -0.1410904973745346 0.044659458100795746
v -0.0022503386717289686 -0.14112794399261475 0.044412270188331604
v -0.0012498993892222643 -0.14165723323822021 0.04091670736670494
v -0.0013169177109375596 -0.14161980152130127 0.04116388037800789
v -0.0014999532140791416 -0.14159242808818817 0.04134481027722359
v -0.0017499615205451846 -0.1415824294090271 0.04141101986169815
v -0.0019999530632048845 -0.14159250259399414 0.04134475439786911
v -0.002182943280786276 -0.14161992073059082 0.041163790971040726
v -0.0022498993203043938 -0.14165736734867096 0.040916603058576584
v 0.002285195281729102 -0.1411273181438446 0.04441274702548981
v 0.002218176843598485 -0.14108988642692566 0.04465991631150246
v 0.002035141224041581 -0.14106251299381256 0.04484084993600845
v 0.0017851331504061818 -0.1410525143146515 0.04490705952048302
v 0.0015351412585005164 -0.14106257259845734 0.04484080150723457
v 0.0013521512737497687 -0.1410900056362152 0.04465983062982559
v 0.001285195117816329 -0.14112745225429535 0.04441264271736145
v 0.0022856344003230333 -0.14165674149990082 0.04091707989573479
v 0.002218615962192416 -0.14161930978298187 0.041164252907037735
v 0.0020355803426355124 -0.14159193634986877 0.04134518280625343
v 0.0017855725018307567 -0.1415819376707077 0.0414113849401474
v 0.0015355806099250913 -0.14159201085567474 0.041345126926898956
v 0.0013525903923437 -0.14161942899227142 0.04116416350007057
v 0.0012856342364102602 -0.14165687561035156 0.04091697558760643
v 0.0005176475387997925 -0.1413922756910324 0.04266472905874252
v 0.0004506296827457845 -0.14135484397411346 0.04291190207004547
v 0.00026759400498121977 -0.14132747054100037 0.04309283569455147
v 1.7585700334166177e-05 -0.1413174718618393 0.043159034103155136
v -0.00023240590235218406 -0.14132753014564514 0.04309277981519699
v -0.00041539588710293174 -0.14135496318340302 0.04291180893778801
v -0.0004823523049708456 -0.14139240980148315 0.042664624750614166
v -0.002144522499293089 -0.14337827265262604 0.036231864243745804
v -0.00214514066465199 -0.13833577930927277 0.03546816483139992
v -0.0015316552016884089 -0.1429857462644577 0.03548409789800644
v -0.001532152178697288 -0.1389319747686386 0.03487014397978783
v -0.003040425945073366 -0.14291255176067352 0.03596862405538559
v -0.0030409228056669235 -0.13885878026485443 0.03535467013716698
v 0.0021800606045871973 -0.14138385653495789 0.049396976828575134
v 0.0021794424392282963 -0.13634136319160461 0.04863327741622925
v 0.0015670721186324954 -0.14078766107559204 0.049994997680187225
v 0.0015665751416236162 -0.13673388957977295 0.04938104376196861
v 0.003075842745602131 -0.14086085557937622 0.04951047524809837
v 0.00307534565217793 -0.13680708408355713 0.04889652132987976
v 0.005042376462370157 -0.14105232059955597 0.04824468493461609
v 0.0050418796017766 -0.13699854910373688 0.047630731016397476
v 0.004131562542170286 -0.14153248071670532 0.048414114862680435
v 0.0041309441439807415 -0.13648997247219086 0.04765041545033455
v 0.0037588756531476974 -0.14091287553310394 0.049166467040777206
v 0.0037583785597234964 -0.13685910403728485 0.048552513122558594
v 0.005680376663804054 -0.14176416397094727 0.04688311740756035
v 0.00567975826561451 -0.1367216557264328 0.04611941799521446
v 0.00558446766808629 -0.1411334127187729 0.04770882800221443
v 0.005583970807492733 -0.1370796412229538 0.04709487408399582
v 0.006517061498016119 -0.1413254588842392 0.0464400090277195
v 0.006516564637422562 -0.1372716873884201 0.045826055109500885
v 0.007355543784797192 -0.14165353775024414 0.04427311196923256
v 0.007355046458542347 -0.13759976625442505 0.04365915432572365
v 0.006674895994365215 -0.14205622673034668 0.0449538454413414
v 0.006674277596175671 -0.1370137333869934 0.044190146028995514
v 0.006865146569907665 -0.14142769575119019 0.04576475918292999
v 0.006864649709314108 -0.1373739242553711 0.04515080526471138
v 0.007017768919467926 -0.14238010346889496 0.04281515255570412
v 0.007017150986939669 -0.1373375952243805 0.04205145314335823
v 0.007475549820810556 -0.14176690578460693 0.04352456331253052
v 0.007475052960216999 -0.13771311938762665 0.042910609394311905
v 0.007475747726857662 -0.14200444519519806 0.0419560931622982
v 0.007475250866264105 -0.13795067369937897 0.04134213924407959
v 0.0068659065291285515 -0.14234381914138794 0.03971577063202858
v 0.006865409668534994 -0.13829004764556885 0.03910181671380997
v 0.006675433367490768 -0.1427040696144104 0.04067638888955116
v 0.006674815434962511 -0.13766156136989594 0.039912689477205276
v 0.007355928421020508 -0.14211784303188324 0.04120752215385437
v 0.0073554315604269505 -0.13806405663490295 0.04059356823563576
v 0.005681399255990982 -0.1429964154958725 0.0387469083070755
v 0.005680781323462725 -0.13795390725135803 0.037983208894729614
v 0.006517990492284298 -0.1424461454153061 0.039040450006723404
v 0.006517493631690741 -0.138392373919487 0.03842649608850479
v 0.00558571657165885 -0.1426384598016739 0.03777143359184265
v 0.005585219711065292 -0.1385846883058548 0.03715747594833374
v 0.0021817153319716454 -0.14337767660617828 0.03623231500387192
v 0.0021810971666127443 -0.138335183262825 0.03546861559152603
v 0.0030775442719459534 -0.14291170239448547 0.035969264805316925
v 0.0030770471785217524 -0.13885793089866638 0.035355307161808014
v 0.0015688955318182707 -0.14298532903194427 0.03548441827297211
v 0.0015683985548093915 -0.13893155753612518 0.034870464354753494
v 0.003760490333661437 -0.14285950362682343 0.036313414573669434
v 0.0037599934730678797 -0.13880573213100433 0.03569946065545082
v 0.004132969304919243 -0.14322851598262787 0.03721558675169945
v 0.0041323513723909855 -0.1381860226392746 0.03645188733935356
v 0.005043759476393461 -0.14271970093250275 0.03723546490073204
v 0.005043262615799904 -0.13866592943668365 0.03662151098251343
v -0.0021461769938468933 -0.14138445258140564 0.04939652606844902
v -0.0021467951592057943 -0.13634195923805237 0.048632826656103134
v -0.0030421274714171886 -0.14086170494556427 0.04950983077287674
v -0.003042624332010746 -0.13680793344974518 0.04889587685465813
v -0.0015334788477048278 -0.14078809320926666 0.04999467357993126
v -0.001533975824713707 -0.13673432171344757 0.049380719661712646
v -0.0037250739987939596 -0.14091390371322632 0.04916568845510483
v -0.003725570859387517 -0.13686013221740723 0.048551734536886215
v -0.004097431432455778 -0.14153361320495605 0.04841325059533119
v -0.0040980493649840355 -0.13649111986160278 0.047649551182985306
v -0.005008343141525984 -0.1410537213087082 0.048243626952171326
v -0.005008840002119541 -0.1369999349117279 0.04762967303395271
v -0.00564586091786623 -0.14176572859287262 0.04688193276524544
v -0.005646478850394487 -0.13672323524951935 0.04611823335289955
v -0.0064825741574168205 -0.14132726192474365 0.04643865302205086
v -0.006483071018010378 -0.13727349042892456 0.045824699103832245
v -0.005550299305468798 -0.14113496243953705 0.04770766198635101
v -0.005550796166062355 -0.13708117604255676 0.0470937080681324
v -0.0068304892629384995 -0.1414295881986618 0.045763324946165085
v -0.006830986123532057 -0.1373758167028427 0.045149367302656174
v -0.006639895029366016 -0.14205807447433472 0.04495244845747948
v -0.006640512961894274 -0.13701558113098145 0.04418874904513359
v -0.007320511620491743 -0.1416555792093277 0.044271573424339294
v -0.0073210084810853004 -0.1376018077135086 0.04365761950612068
v -0.007320126052945852 -0.1421198695898056 0.041205983608961105
v -0.00732062291353941 -0.1380660980939865 0.04059202969074249
v -0.006639357656240463 -0.14270590245723724 0.04067499563097954
v -0.006639976054430008 -0.13766340911388397 0.03991129621863365
v -0.006829729303717613 -0.14234572649002075 0.03971433639526367
v -0.006830226164311171 -0.13829195499420166 0.03910038247704506
v -0.005644838325679302 -0.14299798011779785 0.03874571993947029
v -0.00564545625820756 -0.1379554718732834 0.037982020527124405
v -0.005549050401896238 -0.14263999462127686 0.03777026757597923
v -0.005549547728151083 -0.13858622312545776 0.03715631365776062
v -0.00648164376616478 -0.14244794845581055 0.03903908282518387
v -0.006482141092419624 -0.13839417695999146 0.038425128906965256
v -0.006982231047004461 -0.14238204061985016 0.04281368479132652
v -0.006982848979532719 -0.1373395323753357 0.04204998537898064
v -0.007440133020281792 -0.142006516456604 0.04195453226566315
v -0.007440629880875349 -0.1379527449607849 0.041340578347444534
v -0.00744033046066761 -0.14176896214485168 0.04352300241589546
v -0.0074408273212611675 -0.1377151906490326 0.04290904849767685
v 1.6899191905395128e-05 -0.14133284986019135 0.04973549395799637
v 1.6281028365483508e-05 -0.13629035651683807 0.04897179454565048
v -0.0007763938046991825 -0.14077003300189972 0.050113312900066376
v -0.0007768907817080617 -0.13671626150608063 0.04949935898184776
v 0.0008099576225504279 -0.1407698094844818 0.050113480538129807
v 0.0008094606455415487 -0.13671603798866272 0.049499526619911194
v -0.005006959196180105 -0.14272108674049377 0.03723440691828728
v -0.005007456056773663 -0.13866731524467468 0.036620453000068665
v -0.004096024204045534 -0.1432296633720398 0.037214722484350204
v -0.0040966421365737915 -0.13818715512752533 0.03645102307200432
v -0.003723458619788289 -0.1428605318069458 0.03631262481212616
v -0.0037239554803818464 -0.1388067603111267 0.03569867089390755
v -0.0007745404145680368 -0.14300359785556793 0.03536561504006386
v -0.000775037391576916 -0.13894982635974884 0.034751661121845245
v 1.863897341536358e-05 -0.14342927932739258 0.03589334711432457
v 1.802080987545196e-05 -0.1383867859840393 0.035129647701978683
v 0.00081181077985093 -0.14300338923931122 0.03536578267812729
v 0.0008113138028420508 -0.13894961774349213 0.034751828759908676
v -0.0005817144992761314 -0.14966048300266266 0.04750731587409973
v -0.0005827932618558407 -0.14086082577705383 0.046174585819244385
v -0.0005023713456466794 -0.1409057378768921 0.04587797820568085
v -0.0005012925830669701 -0.14970539510250092 0.047210708260536194
v -0.000282728869933635 -0.14093859493732452 0.04566086083650589
v -0.0002816501073539257 -0.14973825216293335 0.04699359089136124
v 1.7281479813391343e-05 -0.14095059037208557 0.04558141157031059
v 1.8360236936132424e-05 -0.1497502475976944 0.04691414162516594
v 0.00031727139139547944 -0.14093852043151855 0.04566092789173126
v 0.00031835015397518873 -0.1497381627559662 0.04699365422129631
v 0.0005368591519072652 -0.14090560376644135 0.045878082513809204
v 0.0005379379144869745 -0.14970524609088898 0.04721081256866455
v 0.0006172070861794055 -0.1408606618642807 0.046174708753824234
v 0.0006182858487591147 -0.14966031908988953 0.04750743508338928
v 0.0006182162906043231 -0.14957699179649353 0.04805756360292435
v 0.0006171375862322748 -0.1407773494720459 0.0467248372733593
v -0.0005828622961416841 -0.14077751338481903 0.04672470688819885
v -0.0005817835335619748 -0.14957717061042786 0.0480574369430542
v 0.0063500734977424145 -0.10325414687395096 0.036889344453811646
v 0.006347759626805782 -0.10299155116081238 0.036849576979875565
v 0.006163493730127811 -0.1027645617723465 0.0383484847843647
v 0.006231029983609915 -0.10275568813085556 0.03681383654475212
v 0.006050158757716417 -0.10253287851810455 0.03828513249754906
v 0.006022755987942219 -0.10259275138378143 0.03678913414478302
v 0.00584794208407402 -0.10237740725278854 0.0382111519575119
v 0.005763745866715908 -0.10253466665744781 0.036780305206775665
v 0.005596465431153774 -0.1023285984992981 0.03814104199409485
v 0.0051046875305473804 -0.10213455557823181 0.0394226610660553
v 0.005334015469998121 -0.10217461735010147 0.03955049440264702
v 0.004316992592066526 -0.10196381062269211 0.040550678968429565
v 0.004510845057666302 -0.10199618339538574 0.04072931408882141
v 0.0032791581470519304 -0.10182628780603409 0.041459545493125916
v 0.003426268929615617 -0.10185246914625168 0.04167911782860756
v 0.0020514996722340584 -0.10172998160123825 0.04209643974900246
v 0.0021433201618492603 -0.10175182670354843 0.04234468936920166
v 0.0007053646841086447 -0.10168047994375229 0.04242433235049248
v 0.0007365595665760338 -0.10170009732246399 0.04268735647201538
v -0.0006810146733187139 -0.10168067365884781 0.042424190789461136
v -0.0007122588576748967 -0.1017002984881401 0.04268720746040344
v -0.002027067355811596 -0.10173054039478302 0.042096007615327835
v -0.0021189339458942413 -0.10175241529941559 0.042344242334365845
v -0.0032545654103159904 -0.10182718932628632 0.041458860039711
v -0.0034017153084278107 -0.10185341536998749 0.041678398847579956
v -0.004292171914130449 -0.10196500271558762 0.040549781173467636
v -0.004486051853746176 -0.10199743509292603 0.0407283753156662
v -0.005079583264887333 -0.10213596373796463 0.03942159190773964
v -0.005308926571160555 -0.10217609256505966 0.03954938426613808
v -0.00557103892788291 -0.10233014822006226 0.03813986852765083
v -0.005822516046464443 -0.10237902402877808 0.038209930062294006
v -0.00573797756806016 -0.10253626108169556 0.036779098212718964
v -0.005996973253786564 -0.10259441286325455 0.03678787499666214
v 0.005518422462046146 -0.10232306271791458 0.03967088460922241
v 0.004666727501899004 -0.102138452231884 0.04089055582880974
v 0.003544569481164217 -0.1019897535443306 0.0418732687830925
v 0.002217164495959878 -0.10188561677932739 0.04256190359592438
v 0.0007616561488248408 -0.10183209925889969 0.042916443198919296
v -0.0007373669068329036 -0.1018323078751564 0.04291629046201706
v -0.002192786196246743 -0.10188622772693634 0.04256144165992737
v -0.0035200186539441347 -0.1019907295703888 0.0418725311756134
v -0.004641929641366005 -0.10213974118232727 0.04088957980275154
v -0.005493318196386099 -0.10232459008693695 0.03966973349452019
v -0.006024705246090889 -0.10253454744815826 0.03828386589884758
v -0.006205207202583551 -0.10275740921497345 0.03681253269314766
v 0.005621779710054398 -0.10255081951618195 0.03976023942232132
v 0.004754099063575268 -0.1023627296090126 0.04100280627608299
v 0.0036108805797994137 -0.10221124440431595 0.04200395941734314
v 0.0022585622500628233 -0.10210515558719635 0.04270552471280098
v 0.0007757372222840786 -0.10205063968896866 0.04306671395897865
v -0.0007514191092923284 -0.10205084830522537 0.04306655749678612
v -0.00223415344953537 -0.10210578143596649 0.042705047875642776
v -0.003586295060813427 -0.10221224278211594 0.04200320318341255
v -0.004729262087494135 -0.10236404836177826 0.0410018116235733
v -0.005596629809588194 -0.1025523692369461 0.0397590696811676
v -0.0061379894614219666 -0.10276626795530319 0.03834719583392143
v -0.006321879103779793 -0.10299330949783325 0.036848247051239014
v 0.006165740545839071 -0.10302706807851791 0.03838879242539406
v 0.0056238314136862755 -0.1028132438659668 0.039801061153411865
v 0.004755838308483362 -0.10262509435415268 0.041044071316719055
v 0.0036122084129601717 -0.10247355699539185 0.042045582085847855
v 0.002259403234347701 -0.10236743092536926 0.04274740070104599
v 0.0007760437438264489 -0.10231288522481918 0.043108727782964706
v -0.000751662184484303 -0.1023131012916565 0.043108563870191574
v -0.00223493087105453 -0.10236804932355881 0.042746931314468384
v -0.003587559564039111 -0.10247454792261124 0.042044833302497864
v -0.0047309380024671555 -0.10262640565633774 0.041043080389499664
v -0.005598617717623711 -0.10281480103731155 0.03979988396167755
v -0.006140172481536865 -0.10302877426147461 0.03838749974966049
v -0.006324129179120064 -0.10325589776039124 0.03688801825046539
v -0.0008935689693316817 -0.149417906999588 0.04910925775766373
v -0.0019768537022173405 -0.14964735507965088 0.04759511351585388
v -0.0026068382430821657 -0.14951151609420776 0.048492494970560074
v -0.0031210770830512047 -0.14978601038455963 0.04668055847287178
v -0.004003426060080528 -0.14968721568584442 0.04733356460928917
v -0.0038706231862306595 -0.14997568726539612 0.045428723096847534
v -0.004914882592856884 -0.14992380142211914 0.0457722432911396
v -0.004131273366510868 -0.15019257366657257 0.04399697110056877
v -0.005231272894889116 -0.1501927226781845 0.04399685189127922
v -0.003815176198258996 -0.1504303365945816 0.04242677614092827
v -0.004914436023682356 -0.15046155452728271 0.04222152382135391
v -0.002915401943027973 -0.1506318300962448 0.04109569638967514
v -0.004002587404102087 -0.15069788694381714 0.040660399943590164
v -0.0015689333667978644 -0.15076634287834167 0.04020637273788452
v -0.0026057083159685135 -0.15087319910526276 0.03950176015496254
v 1.9242366761318408e-05 -0.15081343054771423 0.03989419713616371
v -0.0008922838605940342 -0.1509663313627243 0.038885362446308136
v 0.0009310219902545214 -0.150966078042984 0.038885559886693954
v 0.0016073390142992139 -0.15076591074466705 0.040206700563430786
v 0.002644291613250971 -0.15087246894836426 0.03950231149792671
v 0.002953584073111415 -0.15063101053237915 0.04109630733728409
v 0.00404087919741869 -0.1506967693567276 0.04066124185919762
v 0.0038530242163687944 -0.15042927861213684 0.04242757335305214
v 0.004952335264533758 -0.15046019852161407 0.04222256317734718
v 0.004168726038187742 -0.15019142627716064 0.043997835367918015
v 0.005268726497888565 -0.1501912623643875 0.043997958302497864
v 0.003907716367393732 -0.14997461438179016 0.0454295389354229
v 0.004951889161020517 -0.1499224305152893 0.045773282647132874
v 0.0031578559428453445 -0.1497851461172104 0.04668121412396431
v 0.0040400405414402485 -0.14968609809875488 0.04733440652489662
v 0.002013402758166194 -0.1496468037366867 0.047595538198947906
v 0.002643161453306675 -0.14951080083847046 0.048493050038814545
v 0.0009297368815168738 -0.14941765367984772 0.04910944402217865
v -0.005231418646872044 -0.14900624752044678 0.04381715878844261
v -0.004915027879178524 -0.1487373262643814 0.045592550188302994
v -0.004003571346402168 -0.14850075542926788 0.04715387150645256
v -0.0026069835294038057 -0.14832505583763123 0.048312801867723465
v -0.0008937144302763045 -0.14823143184185028 0.04892956465482712
v 0.0009295914205722511 -0.14823117852210999 0.04892975091934204
v 0.002643016166985035 -0.14832432568073273 0.048313356935977936
v 0.0040398952551186085 -0.14849963784217834 0.04715471342206001
v 0.004951743874698877 -0.14873595535755157 0.045593589544296265
v 0.005268581211566925 -0.14900480210781097 0.043818261474370956
v -0.004002733156085014 -0.1495114117860794 0.040480706840753555
v -0.00415592547506094 -0.14953069388866425 0.040353577584028244
v -0.0026058536022901535 -0.14968672394752502 0.03932206705212593
v -0.0027058322448283434 -0.1497126817703247 0.03915080428123474
v -0.000892429263330996 -0.14977987110614777 0.03870566934347153
v -0.0009271345334127545 -0.14980937540531158 0.03851092979311943
v 0.0009308765293098986 -0.14977961778640747 0.03870586305856705
v 0.0009656308684498072 -0.1498091071844101 0.03851112350821495
v 0.002644146326929331 -0.14968599379062653 0.0393226183950901
v 0.002744167810305953 -0.14971192181110382 0.03915137052536011
v 0.00404073391109705 -0.14951030910015106 0.04048154875636101
v 0.004193958360701799 -0.14952953159809113 0.04035445675253868
v 0.004952189978212118 -0.14927372336387634 0.042042870074510574
v 0.005140137393027544 -0.14928394556045532 0.04197525605559349
v 0.005468581337481737 -0.1490047723054886 0.04381828010082245
v 0.00513967452570796 -0.148725688457489 0.04566124081611633
v 0.004193088039755821 -0.1484803706407547 0.047281842678785324
v 0.002742994809523225 -0.14829838275909424 0.048484619706869125
v 0.0009642971563152969 -0.14820168912410736 0.049124494194984436
v -0.0009284682455472648 -0.14820194244384766 0.04912429675459862
v -0.0027070052456110716 -0.14829912781715393 0.04848404973745346
v -0.004156796261668205 -0.14848151803016663 0.047280970960855484
v -0.005102974828332663 -0.14872710406780243 0.04566016420722008
v -0.005431418772786856 -0.14900627732276917 0.04381714016199112
v -0.004914581775665283 -0.14927509427070618 0.0420418307185173
v -0.005102511961013079 -0.14928536117076874 0.041974179446697235
v -0.005431515630334616 -0.14821529388427734 0.04369734600186348
v -0.00510307215154171 -0.1479361206293106 0.04554037004709244
v -0.004156893119215965 -0.1476905345916748 0.047161173075437546
v -0.0027071023359894753 -0.1475081443786621 0.04836425185203552
v -0.0009285652195103467 -0.14741095900535583 0.04900449886918068
v 0.000964200182352215 -0.14741070568561554 0.0490046963095665
v 0.002742897951975465 -0.14750739932060242 0.04836482182145119
v 0.004192991182208061 -0.14768937230110168 0.047162044793367386
v 0.005139577202498913 -0.1479347050189972 0.045541442930698395
v 0.005468484479933977 -0.14821378886699677 0.04369848221540451
v -0.0041560223326087 -0.14873971045017242 0.040233783423900604
v -0.004577302839607 -0.14879269897937775 0.03988419100642204
v -0.002705929335206747 -0.1489216834306717 0.0390310063958168
v -0.002980870194733143 -0.14899305999279022 0.038560040295124054
v -0.0009272315073758364 -0.14901837706565857 0.03839113190770149
v -0.0010226706508547068 -0.14909949898719788 0.03785558044910431
v 0.0009655338944867253 -0.14901812374591827 0.03839132934808731
v 0.0010611077304929495 -0.1490992158651352 0.03785579651594162
v 0.0027440707199275494 -0.148920938372612 0.03903157636523247
v 0.0030191298574209213 -0.14899222552776337 0.0385606624186039
v 0.004193861503154039 -0.1487385481595993 0.04023466259241104
v 0.004615230020135641 -0.14879143238067627 0.039885152131319046
v 0.005140040069818497 -0.1484929621219635 0.04185545817017555
v 0.005656895227730274 -0.1485210508108139 0.04166951775550842
v 0.00601848354563117 -0.1482137143611908 0.043698541820049286
v 0.005656384862959385 -0.14790646731853485 0.04572748392820358
v 0.004614271689206362 -0.14763638377189636 0.04751163348555565
v 0.0030178383458405733 -0.1474360227584839 0.04883579537272453
v 0.001059638918377459 -0.14732958376407623 0.04954024404287338
v -0.0010241392301395535 -0.14732986688613892 0.04954002797603607
v -0.002982161473482847 -0.14743685722351074 0.04883516579866409
v -0.00457826117053628 -0.14763765037059784 0.047510672360658646
v -0.005619926378130913 -0.1479080319404602 0.04572630673646927
v -0.0059815156273543835 -0.1482153683900833 0.043697282671928406
v -0.005102608818560839 -0.14849437773227692 0.041854385286569595
v -0.005619416479021311 -0.14852261543273926 0.04166834056377411
v -0.005982206668704748 -0.14257964491844177 0.042843736708164215
v -0.0056206174194812775 -0.14227229356765747 0.04487276077270508
v -0.004578952211886644 -0.1420019268989563 0.046657126396894455
v -0.002982852514833212 -0.1418011337518692 0.0479816198348999
v -0.0010248301550745964 -0.14169412851333618 0.04868648201227188
v 0.0010589479934424162 -0.1416938453912735 0.04868669807910919
v 0.0030171475373208523 -0.14180029928684235 0.04798224940896034
v 0.004613580647855997 -0.14200064539909363 0.04665809124708176
v 0.00565569382160902 -0.14227072894573212 0.04487394168972969
v 0.006017792969942093 -0.14257797598838806 0.042844995856285095
v 0.00596698559820652 -0.1421489417552948 0.04567783698439598
v 0.005180106032639742 -0.14196155965328217 0.046915698796510696
v -0.005620107054710388 -0.14288689196109772 0.04081479460000992
v -0.005931398831307888 -0.14300867915153503 0.04001089930534363
v -0.004577993880957365 -0.1431569755077362 0.03903064504265785
v -0.005144519731402397 -0.14319606125354767 0.03877303749322891
v -0.002981561003252864 -0.1433573216199875 0.03770649433135986
v -0.0064203254878520966 -0.142359659075737 0.044296544045209885
v -0.006585706491023302 -0.14257971942424774 0.04284367710351944
v -0.006419960409402847 -0.1427997350692749 0.04139084368944168
v -0.004100062884390354 -0.14180627465248108 0.04794854670763016
v -0.005145542323589325 -0.14196299016475677 0.046914614737033844
v -0.005932110361754894 -0.14215059578418732 0.045676589012145996
v -0.0014524237485602498 -0.14161495864391327 0.04920956492424011
v -0.0028480971232056618 -0.1416882872581482 0.048726532608270645
v 0.004134366288781166 -0.14180512726306915 0.0479494147002697
v 0.002882205182686448 -0.14168749749660492 0.048727136105298996
v 0.0014864105032756925 -0.14161455631256104 0.049209870398044586
v 1.6972731827991083e-05 -0.1415899693965912 0.049373406916856766
v 0.0056562041863799095 -0.14288532733917236 0.04081597551703453
v 0.006455912254750729 -0.14279796183109283 0.041392188519239426
v 0.006621292792260647 -0.1425779014825821 0.04284505918622017
v 0.006455546710640192 -0.14235788583755493 0.04429789260029793
v 0.0030184390489012003 -0.14335648715496063 0.037707116454839706
v 0.0010604168055579066 -0.14346349239349365 0.03700225427746773
v 0.0014880100497975945 -0.14354264736175537 0.03647917881608009
v 0.002883683890104294 -0.14346933364868164 0.036962203681468964
v 0.004135649651288986 -0.14335134625434875 0.03774018958210945
v 0.004614539444446564 -0.14315569400787354 0.039031609892845154
v 0.005181129090487957 -0.14319463074207306 0.038774117827415466
v 0.005967697128653526 -0.14300702512264252 0.04001214727759361
v -0.004098779987543821 -0.14335249364376068 0.03773932158946991
v -0.002846618415787816 -0.14347012341022491 0.03696160018444061
v -0.0010233615757897496 -0.14346377551555634 0.03700203448534012
v -0.0014508236199617386 -0.1435430645942688 0.03647886589169502
v 1.8613684005686082e-05 -0.14356765151023865 0.03631532937288284
v -0.006785730831325054 -0.14238201081752777 0.04281371086835861
v -0.006758923642337322 -0.14248088002204895 0.04282868653535843
v -0.006589205004274845 -0.1422550529241562 0.04431965947151184
v -0.006685710046440363 -0.14255325496196747 0.0428396537899971
v -0.006517824251204729 -0.1423298567533493 0.04431452229619026
v -0.006022215820848942 -0.14211761951446533 0.04571546986699104
v -0.005223736632615328 -0.14192718267440796 0.04697224497795105
v -0.004162425175309181 -0.14176808297634125 0.0480218343436718
v -0.0028915000148117542 -0.1416483223438263 0.048811595886945724
v -0.0014746912056580186 -0.14157387614250183 0.04930194094777107
v 1.69571976584848e-05 -0.1415484994649887 0.0494682751595974
v 0.0015086471103131771 -0.1415734738111496 0.049302250146865845
v 0.002925579436123371 -0.14164751768112183 0.048812203109264374
v 0.004196702037006617 -0.14176692068576813 0.04802270978689194
v 0.005258278921246529 -0.14192572236061096 0.0469733402132988
v 0.00605707336217165 -0.14211595058441162 0.04571673646569252
v 0.006553033832460642 -0.14232805371284485 0.0443158857524395
v 0.00672129075974226 -0.14255139231681824 0.04284105449914932
v -0.006088184658437967 -0.14204049110412598 0.045735906809568405
v -0.005280985031276941 -0.14184796810150146 0.04700640216469765
v -0.004208083730190992 -0.14168713986873627 0.04806745424866676
v -0.002923279767856002 -0.14156606793403625 0.04886584356427193
v -0.0014909985475242138 -0.14149081707000732 0.04936154559254646
v 1.6939258784987032e-05 -0.1414651721715927 0.04952969029545784
v 0.0015249191783368587 -0.1414903998374939 0.049361854791641235
v 0.0029573249630630016 -0.1415652483701706 0.04886646196246147
v 0.004242328926920891 -0.14168597757816315 0.0480683371424675
v 0.005315497517585754 -0.14184650778770447 0.047007519751787186
v 0.006123016122728586 -0.14203880727291107 0.04573718085885048
v 0.006624393165111542 -0.14225322008132935 0.04432104155421257
v 0.006794486194849014 -0.14247900247573853 0.042830102145671844
v -0.006615341175347567 -0.14215528964996338 0.04431057721376419
v -0.006112339440733194 -0.14193987846374512 0.045732419937849045
v -0.005301948636770248 -0.14174659550189972 0.04700794816017151
v -0.004224804695695639 -0.14158514142036438 0.048073187470436096
v -0.0029349206015467644 -0.14146357774734497 0.048874739557504654
v -0.001496976357884705 -0.14138802886009216 0.04937239736318588
v 1.6923731891438365e-05 -0.1413622796535492 0.049541208893060684
v 0.0015308661386370659 -0.14138761162757874 0.04937271401286125
v 0.002968935063108802 -0.1414627581834793 0.0488753579556942
v 0.004259021487087011 -0.14158396422863007 0.04807407781481743
v 0.005336432717740536 -0.14174513518810272 0.04700905829668045
v 0.006147143431007862 -0.14193817973136902 0.04573370888829231
v 0.006650502793490887 -0.14215345680713654 0.04431196674704552
v 0.006821268703788519 -0.14238013327121735 0.042815133929252625
v -0.006896185223013163 -0.14221805334091187 0.0438963919878006
v -0.006614964921027422 -0.14260868728160858 0.04131687432527542
v 0.006650879047811031 -0.14260685443878174 0.04131826013326645
v 0.006930688861757517 -0.14254505932331085 0.041726004332304
v 0.006931451614946127 -0.14221613109111786 0.0438978374004364
v 0.0062544201500713825 -0.1419043242931366 0.04595717042684555
v 0.004260343033820391 -0.14317700266838074 0.03755564987659454
v 0.004968131426721811 -0.14312158524990082 0.0379210002720356
v 0.005337486509233713 -0.1430155336856842 0.03862089291214943
v 0.006147877778857946 -0.1428222507238388 0.039896417409181595
v 0.0062552099116146564 -0.14285609126091003 0.03967297077178955
v 0.0015325139975175261 -0.14337410032749176 0.036256447434425354
v 0.002970458474010229 -0.14329855144023895 0.036754101514816284
v 0.003196477424353361 -0.14331459999084473 0.03664802759885788
v -0.004223483148962259 -0.14317817986011505 0.03755476325750351
v -0.002933397190645337 -0.14329937100410461 0.03675348311662674
v -0.0031593891326338053 -0.14331547915935516 0.03664736449718475
v -0.0014953278005123138 -0.14337453246116638 0.03625612333416939
v -0.0049325935542583466 -0.1416405588388443 0.04770783707499504
v -0.006219671573489904 -0.14190605282783508 0.04595586657524109
v 0.0011119513073936105 -0.14134560525417328 0.0496504008769989
v -0.001076413202099502 -0.14341652393341064 0.035978443920612335
v 1.8614435248309746e-05 -0.14339986443519592 0.036087632179260254
v 0.0011136692482978106 -0.14341622591018677 0.03597867116332054
v -0.0010781313758343458 -0.14134591817855835 0.0496501699090004
v -0.0031609393190592527 -0.1414475440979004 0.04898080974817276
v 0.004966901149600744 -0.14163918793201447 0.04770887270569801
v 0.0031949274707585573 -0.14144666492938995 0.048981476575136185
v -0.006895913276821375 -0.14254599809646606 0.04173100367188454
v -0.006111606024205685 -0.1428239494562149 0.039895135909318924
v -0.0062188818119466305 -0.14285780489444733 0.03967166692018509
v -0.005300894379615784 -0.1430170089006424 0.03861978277564049
v -0.0049313632771372795 -0.14312295615673065 0.037919964641332626
v 0.006649884395301342 -0.13711094856262207 0.04354826733469963
v 0.006930833216756582 -0.1371736377477646 0.043134137988090515
v 0.006820650305598974 -0.13733762502670288 0.04205143451690674
v 0.006650261115282774 -0.13756434619426727 0.04055456072092056
v 0.005335814785212278 -0.13670262694358826 0.046245358884334564
v 0.006146525032818317 -0.13689568638801575 0.044970009475946426
v 0.006253801751881838 -0.13686183094978333 0.045193471014499664
v 0.0015302479732781649 -0.13634511828422546 0.048609014600515366
v 0.002968316897749901 -0.13642026484012604 0.04811165854334831
v 0.0031943093053996563 -0.1364041566848755 0.0482177771627903
v 0.004258403088897467 -0.1365414559841156 0.04731037840247154
v 0.004966283217072487 -0.1365966796875 0.04694517329335213
v -0.001497594523243606 -0.1363455355167389 0.048608697950839996
v -0.0010787495411932468 -0.13630340993404388 0.04888647049665451
v 1.630556653253734e-05 -0.13631978631019592 0.0487775094807148
v 0.0011113331420347095 -0.13630311191082 0.048886701464653015
v -0.004225423093885183 -0.13654263317584991 0.04730948805809021
v -0.0029355387669056654 -0.1364210844039917 0.04811104014515877
v -0.0031615574844181538 -0.13640505075454712 0.048217110335826874
v 0.006931105628609657 -0.1375015825033188 0.040968749672174454
v 0.006147259380668402 -0.13777975738048553 0.03913271799683571
v 0.006254591979086399 -0.13781358301639557 0.038909271359443665
v 0.005336868576705456 -0.13797304034233093 0.03785719349980354
v 0.004259724635630846 -0.13813450932502747 0.03679195046424866
v -0.006615583319216967 -0.1375661939382553 0.040553174912929535
v -0.00689549557864666 -0.1375044733285904 0.04096086323261261
v -0.006786349229514599 -0.1373395174741745 0.042050011456012726
v -0.006615959107875824 -0.1371127814054489 0.043546877801418304
v -0.005301512777805328 -0.13797451555728912 0.0378560833632946
v -0.006112223956733942 -0.13778145611286163 0.03913143649697304
v -0.006219500210136175 -0.13781531155109406 0.0389079675078392
v -0.0014959459658712149 -0.13833202421665192 0.0354924239218235
v -0.002934015356004238 -0.13825687766075134 0.03598978370428085
v -0.0031600072979927063 -0.1382729709148407 0.03588366508483887
v -0.004224101081490517 -0.13813567161560059 0.03679106384515762
v -0.004931981675326824 -0.1380804479122162 0.03715626522898674
v 0.0015318958321586251 -0.1383316069841385 0.03549274802207947
v 0.0011130510829389095 -0.1383737325668335 0.035214971750974655
v 1.7996269889408723e-05 -0.13835735619068146 0.03532393276691437
v -0.0010770313674584031 -0.13837403059005737 0.03521474450826645
v -0.006896803621202707 -0.1371755450963974 0.04313269257545471
v -0.006112957373261452 -0.13689738512039185 0.04496872052550316
v -0.006220289506018162 -0.1368635594844818 0.0451921671628952
v -0.005302566569298506 -0.13670410215854645 0.04624424874782562
v -0.004933211486786604 -0.13659805059432983 0.046944137662649155
v 0.004967513494193554 -0.13807907700538635 0.03715730085968971
v 0.002969840308651328 -0.13825605809688568 0.0359904021024704
v 0.00319585925899446 -0.13827209174633026 0.03588432818651199
v -0.0065863728523254395 -0.13714174926280975 0.042020078748464584
v -0.006686369888484478 -0.13716824352741241 0.04202408343553543
v -0.0065184845589101315 -0.13694486021995544 0.04349894821643829
v -0.00675956578925252 -0.13724064826965332 0.04203503578901291
v -0.00658984761685133 -0.13701480627059937 0.04352601245045662
v -0.006088826805353165 -0.13680025935173035 0.044942259788513184
v -0.005281627643853426 -0.13660773634910583 0.046212755143642426
v -0.00420872587710619 -0.13644690811634064 0.04727380722761154
v -0.002923922147601843 -0.13632582128047943 0.048072196543216705
v -0.0014916409272700548 -0.1362505704164505 0.04856789484620094
v 1.6296851754304953e-05 -0.1362249255180359 0.04873603954911232
v 0.0015242767985910177 -0.13625015318393707 0.048568207770586014
v 0.002956682350486517 -0.13632501661777496 0.04807281494140625
v 0.004241686314344406 -0.13644573092460632 0.04727469012141228
v 0.005314855370670557 -0.13660626113414764 0.046213869005441666
v 0.006122373975813389 -0.13679856061935425 0.04494353383779526
v 0.006623751018196344 -0.13701297342777252 0.04352739080786705
v 0.00679384358227253 -0.1372387707233429 0.04203645512461662
v -0.006022876128554344 -0.13673262298107147 0.044899895787239075
v -0.00522439694032073 -0.1365421712398529 0.04615667089819908
v -0.004163085017353296 -0.1363830864429474 0.04720626026391983
v -0.002892160089686513 -0.13626331090927124 0.047996021807193756
v -0.0014753512805327773 -0.13618887960910797 0.048486366868019104
v 1.629704456718173e-05 -0.13616350293159485 0.04865270107984543
v 0.0015079869190230966 -0.13618846237659454 0.048486679792404175
v 0.0029249191284179688 -0.13626250624656677 0.047996632754802704
v 0.0041960421949625015 -0.13638192415237427 0.04720713943243027
v 0.005257618613541126 -0.1365407258272171 0.04615776985883713
v 0.0060564130544662476 -0.13673093914985657 0.04490116238594055
v 0.0065523735247552395 -0.1369430422782898 0.04350031539797783
v 0.006720630452036858 -0.13716639578342438 0.04202548414468765
v -0.006420992314815521 -0.136921688914299 0.04347294941544533
v -0.005932777188718319 -0.13671261072158813 0.04485299438238144
v -0.00514620915055275 -0.1365250051021576 0.04609102010726929
v -0.004100729711353779 -0.1363682895898819 0.0471249483525753
v -0.002848763717338443 -0.1362503170967102 0.04790293797850609
v -0.0014530903426930308 -0.13617698848247528 0.04838596656918526
v 1.630608494451735e-05 -0.136151984333992 0.04854981228709221
v 0.0014857437927275896 -0.13617657124996185 0.04838627576828003
v 0.002881538588553667 -0.13624951243400574 0.04790353775024414
v 0.004133699927479029 -0.13636715710163116 0.047125816345214844
v 0.005179439205676317 -0.13652358949184418 0.04609210044145584
v 0.005966318771243095 -0.13671095669269562 0.044854242354631424
v 0.006454880349338055 -0.13691990077495575 0.04347429424524307
v 0.006620625965297222 -0.1371399164199829 0.04202146455645561
v 0.004892127122730017 -0.137140154838562 0.04202128201723099
v 0.0045208074152469635 -0.13686084747314453 0.04386579245328903
v 0.0034638438373804092 -0.13662415742874146 0.04542940855026245
v 1.6520772987860255e-05 -0.13641081750392914 0.04684080556035042
v 0.0018821487901732326 -0.1364661306142807 0.046474095433950424
v -0.0018490146612748504 -0.13646665215492249 0.046473708003759384
v -0.0034304470755159855 -0.13662511110305786 0.04542868956923485
v -0.004857873544096947 -0.13714151084423065 0.04202026128768921
v -0.004487017635256052 -0.13686208426952362 0.04386484995484352
v 0.0018832681234925985 -0.13781501352787018 0.03756783902645111
v 0.003464700421318412 -0.1376565396785736 0.03861285373568535
v 0.0041349828243255615 -0.13791336119174957 0.036916594952344894
v 0.006455245427787304 -0.13735997676849365 0.04056859388947487
v 0.004521271213889122 -0.13741956651210785 0.040176693350076675
v 0.005967030301690102 -0.13756904006004333 0.03918854892253876
v 0.005180462263524532 -0.13775664567947388 0.03795052319765091
v -0.004486554302275181 -0.13742081820964813 0.04017575457692146
v -0.006420627236366272 -0.13736176490783691 0.040567249059677124
v -0.003429590491577983 -0.13765749335289001 0.038612134754657745
v -0.0051451860927045345 -0.1377580761909485 0.037949442863464355
v -0.005932065192610025 -0.13757069408893585 0.03918730467557907
v 1.7732580090523697e-05 -0.13787083327770233 0.03720073774456978
v -0.0014514902140945196 -0.13810507953166962 0.035655271261930466
v -0.001847895560786128 -0.13781552016735077 0.03756745159626007
v -0.0028472852427512407 -0.13803213834762573 0.036138005554676056
v -0.004099446814507246 -0.1379145085811615 0.03691572695970535
v 0.002883017063140869 -0.13803134858608246 0.03613860532641411
v 0.0014873434556648135 -0.13810467720031738 0.035655584186315536
v 1.794703712221235e-05 -0.13812966644763947 0.03549173101782799
v -0.004858055151998997 -0.1356584131717682 0.04179564490914345
v -0.004487199708819389 -0.13537900149822235 0.04364022985100746
v -0.003430628916248679 -0.1351420283317566 0.04520407319068909
v -0.001849196502007544 -0.13498355448246002 0.046249087899923325
v 1.6338959540007636e-05 -0.13492773473262787 0.04661618918180466
v 0.0018819669494405389 -0.13498304784297943 0.046249475330114365
v 0.0034636619966477156 -0.13514107465744019 0.04520479217171669
v 0.0045206258073449135 -0.13537774980068207 0.04364117234945297
v 0.004891945049166679 -0.13565705716609955 0.041796665638685226
v 0.0016426844522356987 -0.13672353327274323 0.03475764021277428
v 0.0018830862827599049 -0.13633191585540771 0.03734321892261505
v 1.755076664267108e-05 -0.13638775050640106 0.03697612136602402
v -0.007102211005985737 -0.13541540503501892 0.043401941657066345
v 0.007135697174817324 -0.13541343808174133 0.04340343549847603
v 0.006595454178750515 -0.13518239557743073 0.04492935165762901
v -0.0018480772851034999 -0.1363324373960495 0.03734283149242401
v -0.0016070256242528558 -0.13672399520874023 0.03475730121135712
v 1.7852047676569782e-05 -0.1367511749267578 0.03457645699381828
v -0.004486735910177231 -0.13593772053718567 0.0399511344730854
v -0.005691447760909796 -0.13634027540683746 0.03729415312409401
v -0.0034297723323106766 -0.13617441058158875 0.038387518376111984
v -0.00453508784994483 -0.13651326298713684 0.036151088774204254
v -0.003150470321998 -0.13664333522319794 0.035291094332933426
v -0.007285086438059807 -0.13565875589847565 0.04179539158940315
v -0.007101807277649641 -0.1359020322561264 0.04018887132406235
v -0.00656156474724412 -0.136133074760437 0.03866295889019966
v -0.005692578852176666 -0.13497677445411682 0.04629696533083916
v -0.00656235171481967 -0.13518422842025757 0.04492797702550888
v 0.005725336726754904 -0.13497519493103027 0.04629816487431526
v 0.004568977281451225 -0.1348022222518921 0.04744121804833412
v 0.0031859951559454203 -0.1366424560546875 0.03529176488518715
v 0.004570395685732365 -0.13651199638843536 0.03615204244852066
v 0.003464518580585718 -0.13617345690727234 0.03838823735713959
v 0.005726468749344349 -0.13633869588375092 0.03729534521698952
v 0.004521089140325785 -0.13593648374080658 0.039952076971530914
v -0.0016087944386526942 -0.1345919370651245 0.0488346666097641
v -0.0031521052587777376 -0.13467301428318024 0.048300545662641525
v -0.004536506719887257 -0.13480348885059357 0.047440268099308014
v 0.003184359986335039 -0.134672150015831 0.04830121248960495
v 0.001640915172174573 -0.1345914900302887 0.048835013061761856
v 1.6037447494454682e-05 -0.13456429541110992 0.04901584982872009
v 0.006596241611987352 -0.13613125681877136 0.038664329797029495
v 0.0071361009031534195 -0.13590006530284882 0.04019036889076233
v 0.007318975869566202 -0.13565672934055328 0.04179691523313522
v -0.006901407614350319 -0.1208968535065651 0.03955971077084541
v -0.007353827822953463 -0.12580575048923492 0.04030311852693558
v -0.007169261574745178 -0.12556016445159912 0.04192453250288963
v -0.007481902372092009 -0.13073335587978363 0.041049402207136154
v -0.00729411281645298 -0.130483478307724 0.04269912838935852
v -0.006739747244864702 -0.1302460879087448 0.04426616430282593
v -0.005846602376550436 -0.13003306090831757 0.045671939849853516
v -0.00465946551412344 -0.12985511124134064 0.04684595763683319
v -0.0032378642354160547 -0.12972114980220795 0.047729358077049255
v -0.0016530834836885333 -0.12963788211345673 0.0482778362929821
v 1.5409097613883205e-05 -0.12960949540138245 0.048463888466358185
v 0.0016839489107951522 -0.12963742017745972 0.04827818274497986
v 0.0032688674982637167 -0.12972024083137512 0.047730036079883575
v 0.0046906908974051476 -0.12985381484031677 0.046846937388181686
v 0.005878122057765722 -0.13003143668174744 0.04567316919565201
v 0.006771620828658342 -0.1302442103624344 0.04426757991313934
v 0.0073263803496956825 -0.13048146665096283 0.04270065203309059
v 0.007514584809541702 -0.13073128461837769 0.04105097055435181
v -0.00662440899759531 -0.12532684206962585 0.04346468299627304
v -0.0057465918362140656 -0.1251174807548523 0.04484632983803749
v -0.004579827189445496 -0.12494257837533951 0.046000201255083084
v -0.0031826223712414503 -0.12481091171503067 0.04686843976378441
v -0.0016250383341684937 -0.12472907453775406 0.04740750417113304
v 1.482142397435382e-05 -0.12470117956399918 0.04759036377072334
v 0.0016547269187867641 -0.12472862005233765 0.0474078468978405
v 0.003212446579709649 -0.12481002509593964 0.04686911031603813
v 0.004609869793057442 -0.12494130432605743 0.046001166105270386
v 0.005776924081146717 -0.12511588633060455 0.04484753683209419
v 0.006655088160187006 -0.12532499432563782 0.04346606880426407
v 0.007200327701866627 -0.12555818259716034 0.04192603379487991
v 0.007385301403701305 -0.12580370903015137 0.04030466452240944
v -0.006728186737746 -0.12066635489463806 0.04108145460486412
v -0.006216827314347029 -0.12044737488031387 0.04252692684531212
v -0.005392971448600292 -0.1202508807182312 0.043823640793561935
v -0.004297930281609297 -0.12008673697710037 0.044906578958034515
v -0.002986614592373371 -0.1199631616473198 0.045721448957920074
v -0.0015247781993821263 -0.1198863536119461 0.04622737318277359
v 1.4275411558628548e-05 -0.11986017227172852 0.04639899730682373
v 0.001553372829221189 -0.11988592892885208 0.046227697283029556
v 0.003015336347743869 -0.11996232718229294 0.045722078531980515
v 0.0043268571607768536 -0.12008553743362427 0.04490748792886734
v 0.005422169808298349 -0.12024938315153122 0.043824777007102966
v 0.006246352102607489 -0.12044564634561539 0.04252822697162628
v 0.0067580752074718475 -0.12066449224948883 0.04108286276459694
v 0.0069316779263317585 -0.12089493870735168 0.039561159908771515
v -0.005486085079610348 -0.11094038188457489 0.03805195912718773
v -0.005579730495810509 -0.10836130380630493 0.037661340087652206
v -0.005326101556420326 -0.11113746464252472 0.03675058111548424
v -0.005417032167315483 -0.10856172442436218 0.036337874829769135
v -0.004855775739997625 -0.1113230437040329 0.035524867475032806
v -0.004938725847750902 -0.10875045508146286 0.03509136661887169
v -0.004102441016584635 -0.11148633807897568 0.034446053206920624
v -0.0041726077906787395 -0.1089165210723877 0.033994246274232864
v -0.003109879093244672 -0.11161786317825317 0.033576834946870804
v -0.003163202665746212 -0.10905027389526367 0.03311027213931084
v -0.0019357730634510517 -0.11170996725559235 0.03296772018074989
v -0.0019691737834364176 -0.1091439425945282 0.03249083459377289
v -0.0006483587785623968 -0.1117573082447052 0.03265412896871567
v -0.0006599128246307373 -0.10919208824634552 0.032171908766031265
v 0.0006775445654056966 -0.11175712198019028 0.03265427052974701
v 0.0006884898175485432 -0.1091919019818306 0.03217205032706261
v 0.001964880619198084 -0.11170943081378937 0.03296813741326332
v 0.0019976699259132147 -0.10914339870214462 0.03249124437570572
v 0.0031388329807668924 -0.11161699891090393 0.033577486872673035
v 0.003191543510183692 -0.10904939472675323 0.03311093896627426
v 0.004131176974624395 -0.11148519814014435 0.03444691002368927
v 0.004200726747512817 -0.10891535878181458 0.033995117992162704
v 0.0048842402175068855 -0.11132169514894485 0.035525884479284286
v 0.004966569133102894 -0.10874908417463303 0.03509239852428436
v 0.005354257766157389 -0.11113598197698593 0.036751698702573776
v 0.005444562062621117 -0.1085602194070816 0.036339014768600464
v 0.0055139148607850075 -0.11093886196613312 0.038053106516599655
v 0.005606927443295717 -0.10835975408554077 0.037662506103515625
v -0.005859555676579475 -0.10579542815685272 0.03727269172668457
v -0.005688726902008057 -0.10600586980581284 0.0358830951154232
v -0.005186517722904682 -0.10620402544736862 0.03457428887486458
v -0.004382115788757801 -0.10637839138507843 0.03342234715819359
v -0.0033222686033695936 -0.10651883482933044 0.032494205981492996
v -0.0020685712806880474 -0.10661718249320984 0.03184380382299423
v -0.0006938843871466815 -0.10666772723197937 0.03150895610451698
v 0.0007219007820822299 -0.10666753351688385 0.03150910139083862
v 0.002096503507345915 -0.10661660879850388 0.03184424713253975
v 0.003350037382915616 -0.10651791095733643 0.03249490633606911
v 0.004409650806337595 -0.10637717694044113 0.03342326730489731
v 0.005213763564825058 -0.10620258748531342 0.034575384110212326
v 0.005715643987059593 -0.10600429028272629 0.03588429093360901
v 0.005886123515665531 -0.10579380393028259 0.03727392479777336
v -0.006139795761555433 -0.10348296910524368 0.03538857027888298
v -0.00559788616374135 -0.1036967933177948 0.03397630155086517
v -0.004729893524199724 -0.10388495028018951 0.03273329138755798
v -0.00358626339584589 -0.10403648763895035 0.031731776893138885
v -0.0022334582172334194 -0.10414261370897293 0.0310299601405859
v -0.0007500991341657937 -0.10419715195894241 0.03066864050924778
v 0.000777607609052211 -0.1041969433426857 0.030668796971440315
v 0.002260875888168812 -0.10414199531078339 0.031030429527163506
v 0.003613504348322749 -0.10403548926115036 0.031732529401779175
v 0.004756883252412081 -0.10388363152742386 0.032734282314777374
v 0.005624562967568636 -0.10369524359703064 0.03397747874259949
v 0.006166117265820503 -0.10348127037286758 0.03538985922932625
v 0.0031128842383623123 -0.10253503173589706 0.03678002581000328
v 0.0028057205490767956 -0.102333664894104 0.03810986876487732
v 0.001945401425473392 -0.10217226296663284 0.039176251739263535
v 0.0007023235666565597 -0.10208279639482498 0.039767976850271225
v -0.0019202352268621325 -0.10217279940843582 0.0391758494079113
v -0.000677306205034256 -0.1020829826593399 0.039767831563949585
v -0.0027802863623946905 -0.10233443230390549 0.03810928016901016
v -0.0030871157068759203 -0.10253588855266571 0.03677937760949135
v -0.0027799520175904036 -0.10273726284503937 0.03544953465461731
v -0.005570696666836739 -0.10274232178926468 0.03541836142539978
v -0.0019196330104023218 -0.10289866477251053 0.034383151680231094
v -0.004291223827749491 -0.10310710966587067 0.033008724451065063
v -0.005078919231891632 -0.10293637216091156 0.03413674235343933
v -0.000676554802339524 -0.10298813134431839 0.033791426569223404
v -0.0020257311407476664 -0.10334094613790512 0.03146296367049217
v -0.0032533893827348948 -0.10324463993310928 0.03209985792636871
v 0.0019460039911791682 -0.10289812833070755 0.03438355401158333
v 0.0020528363529592752 -0.10334037989377975 0.031463395804166794
v 0.0007030748529359698 -0.10298793762922287 0.03379157930612564
v 0.0007067834376357496 -0.10339024662971497 0.031135214492678642
v -0.0006795961526222527 -0.10339044034481049 0.031135069206357002
v 0.0028060548938810825 -0.10273648798465729 0.03545012325048447
v 0.004317940212786198 -0.10310592502355576 0.03300962224602699
v 0.003280334174633026 -0.10324373096227646 0.03210054337978363
v 0.005596808157861233 -0.10274077951908112 0.035419534891843796
v 0.005105352029204369 -0.10293495655059814 0.03413781151175499
v -0.00309097021818161 -0.07109445333480835 0.03201749548316002
v -0.0027841406408697367 -0.07089299708604813 0.033347394317388535
v -0.0019240896217525005 -0.07073135673999786 0.03441396355628967
v -0.000681160599924624 -0.07064154744148254 0.035005949437618256
v 0.0006984691135585308 -0.07064135372638702 0.0350060909986496
v 0.001941547030583024 -0.07073082029819489 0.03441436588764191
v 0.0028018662706017494 -0.07089222222566605 0.03334798663854599
v 0.0031090297270566225 -0.0710935965180397 0.03201813995838165
v -0.0027838062960654497 -0.07129582017660141 0.030687648802995682
v -0.0019234874052926898 -0.07145722210407257 0.029621265828609467
v -0.0006804092554375529 -0.07154668867588043 0.029029542580246925
v 0.0006992204580456018 -0.07154649496078491 0.029029693454504013
v 0.0028022003825753927 -0.07129504531621933 0.03068823739886284
v 0.0019421494798734784 -0.07145668566226959 0.0296216681599617
v -0.001977932406589389 -0.14084771275520325 0.046262383460998535
v 0.0009014215902425349 -0.14125986397266388 0.04353868588805199
v 0.0009146032971329987 -0.14078548550605774 0.046670883893966675
v -0.0013172951294109225 -0.14116525650024414 0.044165194034576416
v -0.0015002848813310266 -0.14119267463684082 0.043984219431877136
v -0.001750276773236692 -0.14120274782180786 0.04391796514391899
v -0.00403481163084507 -0.14125888049602509 0.04354913532733917
v -0.0020002848468720913 -0.1411927491426468 0.04398416355252266
v -0.002183320466428995 -0.1411653757095337 0.044165097177028656
v -0.003871701890602708 -0.1411760449409485 0.04409599304199219
v -0.003122155787423253 -0.1409863531589508 0.045347828418016434
v 0.0020123240537941456 -0.14084714651107788 0.04626280814409256
v 0.003156777238473296 -0.14098548889160156 0.04534848406910896
v 0.003906637895852327 -0.14117497205734253 0.04409680888056755
v 0.004069885239005089 -0.14125776290893555 0.04354998096823692
v 0.0022182390093803406 -0.14116476476192474 0.04416555538773537
v 0.0020352487917989492 -0.14119219779968262 0.04398459196090698
v 0.0017852572491392493 -0.14120225608348846 0.04391833022236824
v 0.00153524917550385 -0.1411922574043274 0.043984536081552505
v 0.0013522134395316243 -0.1411648839712143 0.0441654697060585
v 0.0009173943544737995 -0.14199890196323395 0.038659051060676575
v 0.0013526527909561992 -0.1416943073272705 0.040669795125722885
v 0.0041676475666463375 -0.14139176905155182 0.04266510531306267
v 0.0038519452791661024 -0.14162962138652802 0.04109484702348709
v 0.0029525053687393665 -0.14183136820793152 0.03976357728242874
v 0.0022186781279742718 -0.14169418811798096 0.040669891983270645
v 0.002035688143223524 -0.14172162115573883 0.040488917380571365
v 0.0016062603099271655 -0.14196625351905823 0.03887397050857544
v 0.0017856963677331805 -0.14173167943954468 0.04042266309261322
v 0.0015356882940977812 -0.1417216807603836 0.040488868951797485
v -0.0029164806474000216 -0.141832172870636 0.039762966334819794
v -0.002182881347835064 -0.1416947990655899 0.040669430047273636
v -0.0038162549026310444 -0.14163069427013397 0.04109404608607292
v -0.00413235230371356 -0.14139291644096375 0.042664241045713425
v -0.0004153336922172457 -0.1414298415184021 0.04241744801402092
v -0.00023229852376971394 -0.1414572149515152 0.04223652184009552
v 0.0004506913828663528 -0.14142972230911255 0.04241754114627838
v -0.001316855545155704 -0.14169467985630035 0.0406695194542408
v 0.0002677018928807229 -0.14145715534687042 0.0422365702688694
v 1.7710048268781975e-05 -0.14146721363067627 0.042170312255620956
v 1.8163609638577327e-05 -0.1420137882232666 0.038561467081308365
v -0.0014998457627370954 -0.14172211289405823 0.040488556027412415
v -0.0015700121875852346 -0.14196670055389404 0.038873642683029175
v -0.0017498370725661516 -0.14173217117786407 0.040422290563583374
v -0.0019998454954475164 -0.141722172498703 0.04048849642276764
v -0.005284933373332024 -0.14268158376216888 0.037495486438274384
v -0.0066644176840782166 -0.14239750802516937 0.039372313767671585
v -0.00738980807363987 -0.1420634239912033 0.0415787473320961
v -0.007390099577605724 -0.1417120397090912 0.0438988022506237
v -0.006665263790637255 -0.1413777619600296 0.046105384826660156
v -0.005286251660436392 -0.14109329879283905 0.04798249900341034
v -0.0011564706219360232 -0.1407776027917862 0.050063565373420715
v -0.0033880507107824087 -0.14088650047779083 0.04934639483690262
v 0.0011918873060494661 -0.14299580454826355 0.03541553020477295
v 0.003423467744141817 -0.1428869068622589 0.036132704466581345
v 0.005321667995303869 -0.1426801085472107 0.037496600300073624
v 0.0067006805911660194 -0.14239564538002014 0.03937371075153351
v 0.007424409035593271 -0.14206241071224213 0.04157339036464691
v 0.007425224874168634 -0.14170999825000763 0.04390035569667816
v 0.006699834018945694 -0.14137591421604156 0.046106789261102676
v 0.005320350173860788 -0.14109182357788086 0.04798360913991928
v 0.0034218067303299904 -0.14088556170463562 0.049347106367349625
v 0.0011900465469807386 -0.14077728986740112 0.050063811242580414
v -0.001154629630036652 -0.14299613237380981 0.03541528806090355
v -0.0033863899298012257 -0.14288786053657532 0.03613198921084404
v -0.005285430233925581 -0.1386278122663498 0.03688152879476547
v -0.006664914544671774 -0.1383437216281891 0.03875835984945297
v -0.007389195263385773 -0.13801069557666779 0.04095789045095444
v -0.007390596438199282 -0.1376582682132721 0.04328484833240509
v -0.006665760651230812 -0.1373239904642105 0.045491430908441544
v -0.005286748521029949 -0.13703952729701996 0.04736854508519173
v -0.0011569675989449024 -0.1367238312959671 0.0494496114552021
v -0.0033885478042066097 -0.13683272898197174 0.048732440918684006
v 0.001191390329040587 -0.13894203305244446 0.03480157628655434
v 0.003422970650717616 -0.13883313536643982 0.03551875054836273
v 0.005321171134710312 -0.1386263370513916 0.03688264638185501
v 0.006700183730572462 -0.13834187388420105 0.038759756833314896
v 0.007425019983202219 -0.13800759613513947 0.04096633940935135
v 0.007424728013575077 -0.13765621185302734 0.04328640177845955
v 0.006699337158352137 -0.13732214272022247 0.045492835342884064
v 0.005319853313267231 -0.13703805208206177 0.04736965522170067
v 0.0034213096369057894 -0.13683179020881653 0.04873315244913101
v 0.0011895495699718595 -0.13672350347042084 0.0494498573243618
v -0.0011551266070455313 -0.13894236087799072 0.034801334142684937
v -0.003386886790394783 -0.13883408904075623 0.03551803529262543
v 0.005353930871933699 -0.11074178665876389 0.039354484528303146
v 0.005444229114800692 -0.10815933346748352 0.0389859713613987
v 0.004883605521172285 -0.1105562075972557 0.040580201894044876
v 0.004965922329574823 -0.10797060281038284 0.04023247957229614
v 0.004130270332098007 -0.11039290577173233 0.04165901616215706
v 0.004199804272502661 -0.10780453681945801 0.041329607367515564
v 0.0031377081759274006 -0.11026138812303543 0.04252823442220688
v 0.0031903996132314205 -0.10767077654600143 0.042213574051856995
v 0.001963602611795068 -0.11016927659511566 0.04313734546303749
v 0.001996370730921626 -0.10757710784673691 0.04283301159739494
v 0.0006761880358681083 -0.1101219430565834 0.043450936675071716
v 0.0006871100049465895 -0.10752896964550018 0.043151937425136566
v -0.0006497154827229679 -0.11012212187051773 0.04345079883933067
v -0.0006612928700633347 -0.1075291559100151 0.043151795864105225
v -0.0019370513036847115 -0.11016981303691864 0.04313693940639496
v -0.00197047321125865 -0.10757765918970108 0.04283260181546211
v -0.00311100366525352 -0.11026225239038467 0.04252757877111435
v -0.0031643465626984835 -0.10767165571451187 0.04221290722489357
v -0.004103347659111023 -0.11039404571056366 0.041658155620098114
v -0.0041735293343663216 -0.10780569165945053 0.04132872819900513
v -0.0048564113676548 -0.11055755615234375 0.040579184889793396
v -0.004939371719956398 -0.10797197371721268 0.04023144766688347
v -0.005326428916305304 -0.11074326187372208 0.03935336694121361
v -0.005417364649474621 -0.1081608384847641 0.03898483142256737
v 0.005715294275432825 -0.10558336973190308 0.03866352140903473
v 0.005213085561990738 -0.1053852066397667 0.03997232764959335
v 0.004408683627843857 -0.10521084070205688 0.04112427309155464
v 0.003348835976794362 -0.10507039725780487 0.04205241799354553
v 0.0020951388869434595 -0.10497204959392548 0.042702816426754
v 0.0007204521680250764 -0.10492150485515594 0.043037671595811844
v -0.0006953329429961741 -0.10492169857025146 0.04303751885890961
v -0.0020699361339211464 -0.10497262328863144 0.04270238056778908
v -0.003323469776660204 -0.10507132112979889 0.04205171763896942
v -0.0043830834329128265 -0.10521205514669418 0.04112334921956062
v -0.0051871961914002895 -0.1053866446018219 0.039971236139535904
v -0.0056890761479735374 -0.10558494925498962 0.03866232559084892
v 0.007200735155493021 -0.12604930996894836 0.03868325054645538
v 0.007326794788241386 -0.13098116219043732 0.039401255548000336
v 0.006772429216653109 -0.1312185674905777 0.03783421218395233
v 0.005879284348338842 -0.13143157958984375 0.036428436636924744
v 0.0046921479515731335 -0.13160952925682068 0.03525441512465477
v 0.003270546207204461 -0.13174350559711456 0.034371018409729004
v 0.0016857656883075833 -0.1318267583847046 0.03382254019379616
v 1.7272774130105972e-05 -0.13185514509677887 0.033636488020420074
v -0.0016512667061761022 -0.1318272203207016 0.0338221937417984
v -0.0032361855264753103 -0.1317443996667862 0.034370336681604385
v -0.004658008925616741 -0.13161082565784454 0.03525343909859657
v -0.005845440551638603 -0.13143320381641388 0.03642720729112625
v -0.006738938391208649 -0.13122043013572693 0.03783279284834862
v -0.007293697912245989 -0.13098318874835968 0.03939972072839737
v 0.006655883509665728 -0.12628263235092163 0.03714310750365257
v 0.005778065416961908 -0.1264919936656952 0.035761453211307526
v 0.004611301235854626 -0.12666688859462738 0.03460758179426193
v 0.0032140964176505804 -0.12679855525493622 0.03373934328556061
v 0.001656512264162302 -0.12688039243221283 0.033200278878211975
v 1.665275703999214e-05 -0.1269082874059677 0.033017419278621674
v -0.0016232527559623122 -0.12688083946704865 0.03319993615150452
v -0.003180972533300519 -0.12679944932460785 0.03373867645859718
v -0.004578395280987024 -0.12666817009449005 0.03460661694407463
v -0.005745450034737587 -0.12649358808994293 0.035760246217250824
v -0.006623614579439163 -0.12628446519374847 0.03714171424508095
v -0.007168853655457497 -0.12605129182338715 0.0386817492544651
v 0.00675845704972744 -0.12112542986869812 0.03803941607475281
v 0.006247097160667181 -0.12134440988302231 0.036593951284885406
v 0.005423241760581732 -0.12154090404510498 0.03529722988605499
v 0.004328201059252024 -0.12170504778623581 0.03421429172158241
v 0.0030168851371854544 -0.12182862311601639 0.033399421721696854
v 0.0015550487441942096 -0.12190543115139008 0.03289349749684334
v 1.5994464774848893e-05 -0.12193161249160767 0.032721880823373795
v -0.0015231024008244276 -0.1219058558344841 0.03289317339658737
v -0.0029850660357624292 -0.12182945758104324 0.03339879587292671
v -0.004296586383134127 -0.12170624732971191 0.03421338275074959
v -0.005391899961978197 -0.12154240161180496 0.03529610112309456
v -0.006216081324964762 -0.1213461384177208 0.036592643707990646
v -0.006727804429829121 -0.12112729251384735 0.03803801164031029
v 0.006552743725478649 -0.13738977909088135 0.04055061936378479
v 0.00662412540987134 -0.13746459782123566 0.04054548218846321
v 0.006123104598373175 -0.13767915964126587 0.03912923485040665
v 0.005315904971212149 -0.1378716677427292 0.037858739495277405
v 0.0042430036701262 -0.13803249597549438 0.03679768741130829
v 0.0029581994749605656 -0.1381535828113556 0.035999298095703125
v 0.0015259184874594212 -0.13822883367538452 0.03550359606742859
v 1.798074481484946e-05 -0.13825447857379913 0.03533545136451721
v -0.001489998889155686 -0.13822925090789795 0.03550328314304352
v -0.002922404557466507 -0.13815438747406006 0.03599867969751358
v -0.004207409452646971 -0.1380336731672287 0.036796800792217255
v -0.005280577577650547 -0.13787314295768738 0.037857621908187866
v -0.006088096182793379 -0.13768084347248077 0.03912796080112457
v -0.006589472759515047 -0.1374664306640625 0.04054410010576248
v 0.0060571362264454365 -0.13760201632976532 0.03914967179298401
v 0.0052586570382118225 -0.1377924680709839 0.037892896682024
v 0.004197345115244389 -0.1379515528678894 0.03684330731630325
v 0.0029264199547469616 -0.13807132840156555 0.03605354577302933
v 0.001509611145593226 -0.13814575970172882 0.03556320071220398
v 1.796303695300594e-05 -0.13817113637924194 0.035396866500377655
v -0.001473727053962648 -0.13814617693424225 0.03556288778781891
v -0.00289065926335752 -0.13807213306427002 0.03605293482542038
v -0.0041617825627326965 -0.13795271515846252 0.03684243559837341
v -0.005223358049988747 -0.1377939134836197 0.037891801446676254
v -0.006022152956575155 -0.13760370016098022 0.03914840519428253
v -0.0065181138925254345 -0.137391597032547 0.040549252182245255
v 0.006624767556786537 -0.14270484447479248 0.04133912920951843
v 0.0065534040331840515 -0.1427747905254364 0.04136618971824646
v 0.0060577960684895515 -0.14298702776432037 0.03996524214744568
v 0.005259316880255938 -0.14317746460437775 0.03870846703648567
v 0.004198004957288504 -0.14333654940128326 0.03765887767076492
v 0.0029270800296217203 -0.1434563249349594 0.036869116127491
v 0.0015102713368833065 -0.14353075623512268 0.03637877106666565
v 1.8623190044309013e-05 -0.1435561329126358 0.036212436854839325
v -0.0014730669790878892 -0.1435311734676361 0.03637846186757088
v -0.0028899991884827614 -0.14345712959766388 0.03686850890517235
v -0.0041611227206885815 -0.14333771169185638 0.03765800967812538
v -0.005222698207944632 -0.14317891001701355 0.038707371801137924
v -0.00602149311453104 -0.14298869669437408 0.0399639755487442
v -0.006517453584820032 -0.14277659356594086 0.04136482626199722
v 0.006123747210949659 -0.1429193913936615 0.03992288187146187
v 0.005316547583788633 -0.143111914396286 0.038652386516332626
v 0.004243646282702684 -0.1432727426290512 0.03759133443236351
v 0.0029588418547064066 -0.14339381456375122 0.03679294511675835
v 0.001526560983620584 -0.14346906542778015 0.03629724308848381
v 1.8623150026542135e-05 -0.14349472522735596 0.036129098385572433
v -0.0014893565094098449 -0.14346948266029358 0.03629693388938904
v -0.002921762177720666 -0.14339463412761688 0.0367923267185688
v -0.004206766840070486 -0.14327391982078552 0.037590451538562775
v -0.005279934965074062 -0.143113374710083 0.03865126892924309
v -0.0060874540358781815 -0.1429210901260376 0.039921607822179794
v -0.00658883061259985 -0.14270666241645813 0.0413377471268177
v -0.006137612741440535 -0.10322029888629913 0.03534933924674988
v -0.006024335511028767 -0.10298021882772446 0.03534124046564102
v -0.005822158884257078 -0.10280976444482803 0.03536585718393326
v -0.005308232270181179 -0.10301254689693451 0.03402651473879814
v -0.004485061392188072 -0.10319098085165024 0.03284769505262375
v -0.0034004859626293182 -0.1033346951007843 0.0318978913128376
v -0.0021175374276936054 -0.10343534499406815 0.03123231790959835
v -0.0007107763085514307 -0.10348706692457199 0.03088965266942978
v 0.0007380421156994998 -0.10348686575889587 0.030889803543686867
v 0.00214471691288054 -0.10343475639820099 0.031232766807079315
v 0.0034274982754141092 -0.10333374887704849 0.031898610293865204
v 0.004511835053563118 -0.10318973660469055 0.03284863382577896
v 0.005334709770977497 -0.10301107168197632 0.03402763232588768
v 0.005848298780620098 -0.1028081476688385 0.035367079079151154
v -0.005492599681019783 -0.10319002717733383 0.03395548462867737
v -0.004640904720872641 -0.10337464511394501 0.03273581713438034
v -0.0035187467001378536 -0.10352334380149841 0.03175310418009758
v -0.002191341482102871 -0.10362747311592102 0.031064467504620552
v -0.000735832960344851 -0.10368099063634872 0.030709926038980484
v 0.0007631900953128934 -0.10368078947067261 0.03071008063852787
v 0.0022186092101037502 -0.10362686216831207 0.03106492944061756
v 0.0035458416678011417 -0.10352236032485962 0.03175384923815727
v 0.004667752888053656 -0.10337335616350174 0.03273679316043854
v 0.005519140511751175 -0.10318849980831146 0.03395664319396019
v 0.006050527561455965 -0.10297854244709015 0.0353425033390522
v -0.0055958982557058334 -0.10343404859304428 0.03393758088350296
v -0.004728218074887991 -0.10362213104963303 0.03269501402974129
v -0.003584999591112137 -0.10377361625432968 0.03169386461377144
v -0.00223268149420619 -0.10387970507144928 0.0309922993183136
v -0.0007498564082197845 -0.10393422842025757 0.030631106346845627
v 0.0007773000979796052 -0.10393401980400085 0.03063126653432846
v 0.0022600339725613594 -0.10387908667325974 0.030992776155471802
v 0.003612176049500704 -0.1037726178765297 0.031694620847702026
v 0.004755143076181412 -0.10362081974744797 0.032696012407541275
v 0.005622510332614183 -0.10343249142169952 0.033938754349946976
v 0.006163870915770531 -0.10321860015392303 0.035350628197193146
v -0.006117123644798994 -0.1176263615489006 0.03906448557972908
v -0.005963554605841637 -0.11742201447486877 0.04041358456015587
v -0.0055102091282606125 -0.11722787469625473 0.041695065796375275
v -0.004779820330440998 -0.11705368012189865 0.04284466803073883
v -0.0038090122397989035 -0.11690814793109894 0.043804749846458435
v 0.00614659208804369 -0.1176246628165245 0.03906577080488205
v 0.005992684047669172 -0.11742036044597626 0.04041483625769615
v 0.005539016332477331 -0.11722634732723236 0.0416962169110775
v 0.004808338824659586 -0.1170523464679718 0.042845677584409714
v 0.0038372892886400223 -0.11690708994865417 0.0438055545091629
v 0.0026745612267404795 -0.11679785698652267 0.044527724385261536
v 0.0013784582260996103 -0.11673013120889664 0.04497598856687546
v 1.3972403394291177e-05 -0.11670729517936707 0.04512785002589226
v -0.0013504752423614264 -0.11673050373792648 0.04497569799423218
v -0.002646465552970767 -0.11679859459400177 0.04452717304229736
v -0.005643981508910656 -0.11429791152477264 0.03856044262647629
v -0.005502271931618452 -0.1141093522310257 0.03980535268783569
v -0.005083938129246235 -0.11393020302057266 0.04098787158727646
v -0.004409955348819494 -0.11376945674419403 0.04204869642853737
v -0.003514120588079095 -0.11363517493009567 0.04293462634086609
v -0.002441355027258396 -0.11353407800197601 0.04360125958919525
v 0.0056726341135799885 -0.11429634690284729 0.0385616309940815
v 0.005530612077564001 -0.11410782486200333 0.039806511253118515
v 0.00511197978630662 -0.11392879486083984 0.04098894074559212
v 0.004437730647623539 -0.11376823484897614 0.04204962030053139
v 0.00354167353361845 -0.11363419145345688 0.04293536767363548
v 0.002468740800395608 -0.1135333999991417 0.04360176995396614
v 0.001272732624784112 -0.1134708970785141 0.04401540756225586
v 1.362335115118185e-05 -0.113449826836586 0.0441555455327034
v -0.0012454511597752571 -0.11347124725580215 0.04401514679193497
v 0.005993023049086332 -0.11782900243997574 0.03771667182445526
v 0.0055396780371665955 -0.11802314221858978 0.03643518686294556
v 0.004809289239346981 -0.11819734424352646 0.0352855883538723
v 0.0038384809158742428 -0.11834286898374557 0.034325506538152695
v -0.005963215604424477 -0.11783065646886826 0.03771542012691498
v -0.005509548354893923 -0.11802466958761215 0.03643403574824333
v -0.00477887038141489 -0.11819867044687271 0.03528458625078201
v -0.0038078208453953266 -0.11834392696619034 0.03432470187544823
v -0.00264509255066514 -0.11845315992832184 0.033602528274059296
v -0.0013489894336089492 -0.11852089315652847 0.03315426781773567
v 1.5496381820412353e-05 -0.11854372173547745 0.03300240635871887
v 0.0013799438020214438 -0.11852051317691803 0.03315455839037895
v 0.0026759339962154627 -0.11845242232084274 0.033603083342313766
v 0.005530925001949072 -0.11448490619659424 0.03731672093272209
v 0.00511259026825428 -0.11466405540704727 0.036134205758571625
v 0.0044386074878275394 -0.1148248016834259 0.035073377192020416
v 0.0035427729599177837 -0.11495909094810486 0.0341874435544014
v 0.002470007399097085 -0.11506018042564392 0.033520814031362534
v -0.005501959007233381 -0.11448643356561661 0.03731556236743927
v -0.005083328112959862 -0.11466546356678009 0.036133140325546265
v -0.004409078508615494 -0.1148260310292244 0.0350724495947361
v -0.0035130211617797613 -0.11496006697416306 0.034186702221632004
v -0.0024400881957262754 -0.11506086587905884 0.033520303666591644
v -0.0012440801365301013 -0.11512336134910583 0.033106666058301926
v 1.5029375390440691e-05 -0.11514443159103394 0.032966528087854385
v 0.0012741034151986241 -0.11512301862239838 0.03310692310333252
v 0.001615592511370778 -0.005242462269961834 0.08283001184463501
v 0.0016165990382432938 -0.006455395836383104 0.0748213455080986
v 0.0013985179830342531 -0.006043854169547558 0.08295135945081711
v 0.0013995245099067688 -0.007256787735968828 0.0749426856637001
v 0.0008052626508288085 -0.006630573887377977 0.08304014056921005
v 0.0008062692359089851 -0.007843507453799248 0.07503146678209305
v -5.21049742019386e-06 -0.006845409516245127 0.08307257294654846
v -4.2045330701512285e-06 -0.008058341220021248 0.07506391406059265
v -0.0008157373522408307 -0.006630797404795885 0.08303997665643692
v -0.000814730825368315 -0.007843730971217155 0.07503130286931992
v -0.0014091364573687315 -0.00604424299672246 0.08295106142759323
v -0.0014081299304962158 -0.00725717656314373 0.07494238764047623
v -0.0016264074947685003 -0.005242912098765373 0.08282966911792755
v -0.0016254009678959846 -0.006455845665186644 0.07482099533081055
v -5.52855635760352e-06 -0.005096836015582085 0.08379285782575607
v 0.0016106229741126299 0.03529525175690651 0.07669047266244888
v 0.0016116295009851456 0.0340823195874691 0.06868180632591248
v 0.001393548445776105 0.03449385613203049 0.07681182026863098
v 0.0013945549726486206 0.03328092396259308 0.06880314648151398
v 0.0008002931135706604 0.03390713781118393 0.07690060138702393
v 0.000801299640443176 0.03269420191645622 0.06889192759990692
v -1.018005332298344e-05 0.03369230031967163 0.07693303376436234
v -9.174089427688159e-06 0.03247936815023422 0.06892437487840652
v -0.0008207068894989789 0.03390691429376602 0.0769004374742508
v -0.0008197003626264632 0.032693978399038315 0.06889176368713379
v -0.0014141059946268797 0.03449346870183945 0.0768115222454071
v -0.001413099467754364 0.03328053280711174 0.0688028484582901
v -0.0016313770320266485 0.035294800996780396 0.07669012993574142
v -0.0016303705051541328 0.03408186882734299 0.06868145614862442
v -1.0498113624635153e-05 0.035440877079963684 0.07765331864356995
v -0.01750268042087555 -0.02049793116748333 0.0769457221031189
v -0.01750268042087555 -0.02074962854385376 0.07728725671768188
v -0.018752722069621086 -0.020418640226125717 0.07723697274923325
v -0.01860271580517292 -0.020206667482852936 0.07690146565437317
v -0.019667895510792732 -0.019514024257659912 0.07709984481334686
v -0.01940806768834591 -0.019410599023103714 0.07678079605102539
v -0.020002983510494232 -0.01827816106379032 0.07691262662410736
v -0.01970294490456581 -0.01832304336130619 0.07661604136228561
v -0.019710823893547058 0.045944057404994965 0.06688262522220612
v -0.02001086063683033 0.045988939702510834 0.06717921793460846
v 0.017497317865490913 -0.02074478194117546 0.07729092240333557
v 0.017497319728136063 -0.02049308642745018 0.07694938778877258
v -0.019676078110933304 0.047224897891283035 0.06699206680059433
v -0.019416213035583496 0.047031696885824203 0.06671794503927231
v -0.018761126324534416 0.048129767179489136 0.06685514748096466
v -0.018611054867506027 0.04782798886299133 0.06659744679927826
v -0.017511164769530296 0.048461101949214935 0.06680511683225632
v -0.017511092126369476 0.04811955615878105 0.06655342876911163
v 0.019697053357958794 -0.018317587673664093 0.0766201764345169
v 0.019997015595436096 -0.01827262155711651 0.07691682875156403
v 0.01966223120689392 -0.01950857602059841 0.07710397243499756
v 0.019402440637350082 -0.019405227154493332 0.07678485661745071
v 0.018747279420495033 -0.02041344903409481 0.07724089175462723
v 0.018597284331917763 -0.020201517269015312 0.07690535485744476
v 0.017488908022642136 0.04812440276145935 0.06655709445476532
v 0.017488833516836166 0.048465948551893234 0.06680878251791
v 0.01998913660645485 0.04599447920918465 0.06718341261148453
v 0.019689174368977547 0.04594951122999191 0.06688676029443741
v 0.018738877028226852 0.04813495650887489 0.06685906648635864
v 0.018588943406939507 0.047833140939474106 0.06660133600234985
v 0.0196540504693985 0.04723034426569939 0.06699619442224503
v 0.019394295290112495 0.047037072479724884 0.06672200560569763
v 0.014338275417685509 0.0491393618285656 0.07125771045684814
v 0.01413829904049635 0.048941586166620255 0.07128763943910599
v 0.01433772873133421 0.04979824274778366 0.07560810446739197
v 0.014137753285467625 0.04960046336054802 0.07563802599906921
v 0.014098125509917736 0.04891911894083023 0.07113932073116302
v 0.014271318912506104 0.04910191521048546 0.071010522544384
v 0.013988331891596317 0.048902660608291626 0.07103074342012405
v 0.01408832985907793 0.04907448589801788 0.07082955539226532
v 0.013838337734341621 0.04889662191271782 0.07099098712205887
v 0.013838336803019047 0.04906442016363144 0.07076329737901688
v 0.013837714679539204 0.04964534565806389 0.07593461126089096
v 0.013837667182087898 0.04987304285168648 0.07610240578651428
v 0.01398772094398737 0.049639347940683365 0.07589489966630936
v 0.01408767607063055 0.049863047897815704 0.07603620737791061
v 0.014097541570663452 0.04962291941046715 0.07578632980585098
v 0.01427071075886488 0.04983566701412201 0.07585527002811432
v 0.004138336516916752 0.04889528080821037 0.07098998129367828
v 0.004138337913900614 0.04906307905912399 0.0707622766494751
v 0.01173766516149044 0.0498727522790432 0.07610218971967697
v 0.01173771545290947 0.04964505508542061 0.07593439519405365
v 0.0039883325807750225 0.0489012748003006 0.07102969288825989
v 0.003888328792527318 0.049073074012994766 0.07082848995923996
v 0.0038785110227763653 0.048917707055807114 0.07113826274871826
v 0.0037052941042929888 0.04910045489668846 0.07100941985845566
v 0.003838299075141549 0.04894016310572624 0.07128656655550003
v 0.003638276131823659 0.04913787916302681 0.07125658541917801
v 0.011487708427011967 0.04965505003929138 0.07600059360265732
v 0.011587660759687424 0.04987874999642372 0.07614191621541977
v 0.011304671876132488 0.04968243092298508 0.07618153095245361
v 0.011477841064333916 0.04989517852663994 0.07625046372413635
v 0.011237652972340584 0.049719858914613724 0.07642870396375656
v 0.011437629349529743 0.04991763457655907 0.07639877498149872
v 0.003837753087282181 0.04959904029965401 0.07563695311546326
v 0.003637728514149785 0.04979676008224487 0.07560698688030243
v 0.011437379755079746 0.050217125564813614 0.07837623357772827
v 0.01123740617185831 0.05001934617757797 0.07840614765882492
v 0.003877926617860794 0.04962150752544403 0.07578527182340622
v 0.0037046847864985466 0.04983420670032501 0.07585417479276657
v 0.0039877211675047874 0.049637965857982635 0.07589384913444519
v 0.003887675004079938 0.04986163601279259 0.07603514194488525
v 0.004137715324759483 0.04964400455355644 0.07593360543251038
v 0.004137666895985603 0.04987170174717903 0.0761013925075531
v 0.011237402446568012 0.04934816434979439 0.07931692898273468
v 0.011437378823757172 0.04937814176082611 0.07951469719409943
v 0.011437333188951015 0.04985244199633598 0.07930735498666763
v 0.011237367056310177 0.049727607518434525 0.07915106415748596
v 0.01143733412027359 0.050159528851509094 0.07889064401388168
v 0.011237368918955326 0.04997327923774719 0.0788176953792572
v 0.006237715482711792 0.04964429512619972 0.07593382149934769
v 0.006237667053937912 0.04987199231982231 0.07610161602497101
v 0.011445621028542519 -0.017855137586593628 0.08969734609127045
v 0.01124564465135336 -0.01788511499762535 0.0894995778799057
v 0.0065376292914152145 0.04991695657372475 0.07639826834201813
v 0.006737653631716967 0.04971923679113388 0.07642823457717896
v 0.006670697592198849 0.04968179017305374 0.07618103921413422
v 0.006497455760836601 0.04989448934793472 0.07624994218349457
v 0.006487707141786814 0.049654360860586166 0.07600007951259613
v 0.006387661211192608 0.04987803101539612 0.0761413648724556
v 0.011245842091739178 -0.018795888870954514 0.08882839232683182
v 0.011445864103734493 -0.01899360492825508 0.08885837346315384
v 0.011445785872638226 -0.018786268308758736 0.08933266252279282
v 0.011245778761804104 -0.018630018457770348 0.08920783549547195
v 0.011445696465671062 -0.018369559198617935 0.08963974565267563
v 0.011245707049965858 -0.018296651542186737 0.08945351094007492
v 0.006737405434250832 0.05001872777938843 0.07840568572282791
v 0.006537381559610367 0.050216443836688995 0.07837571203708649
v 0.01144611369818449 -0.01929309591650963 0.08688091486692429
v 0.01124608889222145 -0.01909537799656391 0.08685094863176346
v 0.006537334993481636 0.05015885457396507 0.07889013737440109
v 0.006737368181347847 0.04997265338897705 0.078817218542099
v 0.006537334062159061 0.04985176399350166 0.07930684834718704
v 0.006737368181347847 0.04972698166966438 0.07915058732032776
v 0.006537377834320068 0.04937746375799179 0.07951419055461884
v 0.006737402640283108 0.049347542226314545 0.07931646704673767
v 0.011313107796013355 -0.01913280598819256 0.08660376816987991
v 0.011486325412988663 -0.019315551966428757 0.08673260360956192
v 0.011496144346892834 -0.019160185009241104 0.08642283827066422
v 0.011596146039664745 -0.019331978633999825 0.08662405610084534
v 0.011746151372790337 -0.019170181825757027 0.08635663986206055
v 0.011746150441467762 -0.019337978214025497 0.08658432960510254
v 0.006745644845068455 -0.017885737121105194 0.08949911594390869
v 0.006545620039105415 -0.017855815589427948 0.08969683945178986
v 0.013846151530742645 -0.019337687641382217 0.08658454567193985
v 0.013846151530742645 -0.019169891253113747 0.08635685592889786
v 0.006545697338879108 -0.018370237201452255 0.08963923901319504
v 0.006745707243680954 -0.01829727552831173 0.08945303410291672
v 0.006545787211507559 -0.018786946311593056 0.08933215588331223
v 0.006745778489857912 -0.01863064244389534 0.08920736610889435
v 0.006545865908265114 -0.01899428479373455 0.08885784447193146
v 0.006745841354131699 -0.018796510994434357 0.08882793039083481
v 0.014146189205348492 -0.019214773550629616 0.08606027066707611
v 0.014346213079988956 -0.019412487745285034 0.08609024435281754
v 0.01410597749054432 -0.019192315638065338 0.08620857447385788
v 0.014279195107519627 -0.019375063478946686 0.08633740991353989
v 0.013996156863868237 -0.01917588710784912 0.08631713688373566
v 0.014096160419285297 -0.01934768259525299 0.08651834726333618
v 0.006746089551597834 -0.019096001982688904 0.08685047179460526
v 0.0065461136400699615 -0.01929377391934395 0.0868804082274437
v 0.014346759766340256 -0.02007136680185795 0.08173985034227371
v 0.014146734960377216 -0.01987364888191223 0.08170988410711288
v 0.006246151868253946 -0.019338738173246384 0.08658375591039658
v 0.006246151402592659 -0.019170941784977913 0.08635606616735458
v 0.006496143527328968 -0.019160877913236618 0.08642231673002243
v 0.006396146025508642 -0.019332699477672577 0.08662350475788116
v 0.006679133512079716 -0.019133446738123894 0.08660328388214111
v 0.006505940109491348 -0.019316241145133972 0.08673208206892014
v 0.013846773654222488 -0.019918614998459816 0.08141323179006577
v 0.013846822082996368 -0.020146308466792107 0.08124543726444244
v 0.013996767811477184 -0.01991257630288601 0.08145298808813095
v 0.014096814207732677 -0.020136242732405663 0.08131169527769089
v 0.014106562361121178 -0.019896117970347404 0.08156156539916992
v 0.014279804192483425 -0.020108813419938087 0.08149266242980957
v 0.00414615124464035 -0.019171232357621193 0.08635584264993668
v 0.00414615124464035 -0.019339028745889664 0.08658353239297867
v 0.004146822262555361 -0.020147651433944702 0.08124441653490067
v 0.004146772436797619 -0.019919956102967262 0.08141222596168518
v 0.0039961570873856544 -0.01917727291584015 0.08631609380245209
v 0.0038961595855653286 -0.019349094480276108 0.08651728183031082
v 0.0038863627705723047 -0.019193729385733604 0.08620750904083252
v 0.0037131693679839373 -0.019376523792743683 0.08633631467819214
v 0.0038461892399936914 -0.019216198474168777 0.08605919033288956
v 0.0036462133284658194 -0.019413970410823822 0.086089126765728
v 0.0038467352278530598 -0.019875075668096542 0.08170881122350693
v 0.0036467607133090496 -0.020072849467396736 0.08173872530460358
v 0.003886947175487876 -0.01989753171801567 0.08156049996614456
v 0.0037137786857783794 -0.020110273733735085 0.08149155974388123
v 0.003996768966317177 -0.019913960248231888 0.08145193755626678
v 0.0038968136068433523 -0.02013765461742878 0.08131062984466553
v -0.00676259770989418 0.049345675855875015 0.07931505143642426
v -0.006562621798366308 0.04937564954161644 0.0795128121972084
v -0.00656266650184989 0.04984995350241661 0.07930547744035721
v -0.006762632634490728 0.049725111573934555 0.07914917916059494
v -0.006562665104866028 0.05015704035758972 0.07888877391815186
v -0.006762631703168154 0.04997078701853752 0.07881581038236618
v -0.006562619004398584 0.05021463334560394 0.07837434113025665
v -0.006762595381587744 0.0500168576836586 0.07840427756309509
v -0.006762346252799034 0.04971736669540405 0.07642681896686554
v -0.006562370341271162 0.049915142357349396 0.0763968825340271
v -0.0065543800592422485 -0.0178576298058033 0.08969546109437943
v -0.006754355505108833 -0.017887605354189873 0.08949770033359528
v -0.00626233359798789 0.04987026005983353 0.07610031217336655
v -0.006262284237891436 0.04964256286621094 0.07593251019716263
v -0.0065122926607728004 0.04965256154537201 0.07599872350692749
v -0.006412337999790907 0.04987625777721405 0.07614003121852875
v -0.006695327814668417 0.049679942429065704 0.07617965340614319
v -0.006522159557789564 0.04989268630743027 0.07624859362840652
v -0.0067541589960455894 -0.018798379227519035 0.08882651478052139
v -0.006554134655743837 -0.018996097147464752 0.08885648101568222
v -0.006554212886840105 -0.018788758665323257 0.08933079242706299
v -0.006754221394658089 -0.01863251067698002 0.08920595049858093
v -0.0065543027594685555 -0.018372049555182457 0.0896378755569458
v -0.006754293572157621 -0.018299145624041557 0.0894516259431839
v -0.004162284079939127 0.04964285343885422 0.07593272626399994
v -0.004162333440035582 0.04987055063247681 0.07610052824020386
v -0.006553885526955128 -0.0192955881357193 0.08687902241945267
v -0.006753910332918167 -0.019097870215773582 0.08684905618429184
v -0.004012279212474823 0.049636855721473694 0.07589300721883774
v -0.0039123245514929295 0.04986055567860603 0.076034314930439
v -0.0039024576544761658 0.04962042719125748 0.07578444480895996
v -0.0037292898632586002 0.04983317479491234 0.07585339993238449
v -0.0038622471038252115 0.04959797486662865 0.07563615590333939
v -0.0036622711922973394 0.04979575052857399 0.07560621947050095
v -0.00668689189478755 -0.01913529634475708 0.08660189807415009
v -0.00651367474347353 -0.01931804232299328 0.08673073351383209
v -0.0065038567408919334 -0.019162677228450775 0.08642096072435379
v -0.006403853185474873 -0.019334470853209496 0.08662216365337372
v -0.006253847852349281 -0.019172674044966698 0.08635474741458893
v -0.006253848783671856 -0.01934046857059002 0.08658245205879211
v -0.0038617001846432686 0.048939093947410583 0.07128575444221497
v -0.0036617242731153965 0.049136869609355927 0.07125581800937653
v -0.004153848625719547 -0.01934017799794674 0.08658266812562943
v -0.004153847694396973 -0.019172383472323418 0.08635496348142624
v -0.003901874180883169 0.04891663044691086 0.0711374506354332
v -0.0037286810111254454 0.049099426716566086 0.07100864499807358
v -0.004011667799204588 0.048900168389081955 0.07102885842323303
v -0.003911670297384262 0.04907199367880821 0.0708276703953743
v -0.004161662422120571 0.04889412969350815 0.07098910212516785
v -0.004161661956459284 0.04906192794442177 0.07076141238212585
v -0.003853810951113701 -0.019217263907194138 0.08605839312076569
v -0.0036537866108119488 -0.019414981827139854 0.08608835935592651
v -0.003894021501764655 -0.01919480971992016 0.08620668947696686
v -0.0037208052817732096 -0.019377553835511208 0.08633553981781006
v -0.004003843292593956 -0.019178379327058792 0.08631525188684464
v -0.003903839970007539 -0.019350174814462662 0.08651645481586456
v -0.013861662708222866 0.0488927885890007 0.07098809629678726
v -0.013861661776900291 0.04906058683991432 0.07076039910316467
v -0.003653239691630006 -0.02007385902106762 0.0817379578948021
v -0.003853264031931758 -0.01987614296376705 0.08170799165964127
v -0.014011668041348457 0.048898786306381226 0.07102782279253006
v -0.014111670665442944 0.049070581793785095 0.07082660496234894
v -0.014121489599347115 0.048915211111307144 0.07113637030124664
v -0.014294706284999847 0.04909796267747879 0.07100753486156464
v -0.014161700382828712 0.04893767088651657 0.07128468155860901
v -0.014361725188791752 0.04913539066910744 0.07125471532344818
v -0.004153226502239704 -0.019921107217669487 0.08141134679317474
v -0.004153177607804537 -0.020148800686001778 0.08124355226755142
v -0.004003231413662434 -0.01991506852209568 0.08145109564065933
v -0.0039031857158988714 -0.020138734951615334 0.08130981028079987
v -0.0038934380281716585 -0.019898608326911926 0.0815596878528595
v -0.0037201964296400547 -0.02011130377650261 0.08149078488349915
v -0.014162247069180012 0.04959654435515404 0.07563506066799164
v -0.014362270943820477 0.0497942678630352 0.07560509443283081
v -0.013853177428245544 -0.020150141790509224 0.08124253898859024
v -0.013853226788341999 -0.019922450184822083 0.08141033351421356
v -0.014122073538601398 0.04961901530623436 0.0757833793759346
v -0.014295314438641071 0.04983171448111534 0.07585228979587555
v -0.014012278988957405 0.049635473638772964 0.07589196413755417
v -0.014112325385212898 0.049859143793582916 0.07603324949741364
v -0.013862283900380135 0.04964151233434677 0.07593171298503876
v -0.013862332329154015 0.04986920952796936 0.07609950751066208
v -0.014153264462947845 -0.019877567887306213 0.08170691877603531
v -0.01435323990881443 -0.020075339823961258 0.08173685520887375
v -0.014113052748143673 -0.019900023937225342 0.08155861496925354
v -0.0142862219363451 -0.020112765952944756 0.0814896747469902
v -0.01400323212146759 -0.01991645060479641 0.08145006000995636
v -0.014103185385465622 -0.02014014683663845 0.0813087448477745
v -0.011762283742427826 0.04964180290699005 0.07593193650245667
v -0.01176233310252428 0.04986950010061264 0.07609972357749939
v -0.014353785663843155 -0.019416462630033493 0.08608723431825638
v -0.014153811149299145 -0.01921869069337845 0.08605730533599854
v -0.011462369933724403 0.049914464354515076 0.07639637589454651
v -0.011262346990406513 0.04971674457192421 0.07642635703086853
v -0.011329302564263344 0.04967929795384407 0.07617916911840439
v -0.011502544395625591 0.04989199712872505 0.07624807208776474
v -0.011512292549014091 0.049651868641376495 0.07599818706512451
v -0.01161233801394701 0.04987553879618645 0.07613947987556458
v -0.013853847980499268 -0.019173726439476013 0.08635395765304565
v -0.013853847980499268 -0.019341520965099335 0.08658164739608765
v -0.014003843069076538 -0.01917976513504982 0.08631420135498047
v -0.014103841036558151 -0.01935158669948578 0.0865153893828392
v -0.014113637618720531 -0.019196223467588425 0.0862056240439415
v -0.014286830089986324 -0.019379017874598503 0.08633442968130112
v -0.011262594722211361 0.05001623183488846 0.07840380072593689
v -0.011462618596851826 0.05021395534276962 0.07837383449077606
v -0.011753847822546959 -0.019341232255101204 0.08658186346292496
v -0.011753847822546959 -0.019173435866832733 0.08635417371988297
v -0.011462665162980556 0.0501563586294651 0.07888825237751007
v -0.011262631043791771 0.04997016116976738 0.07881533354520798
v -0.011462666094303131 0.04984927177429199 0.07930495589971542
v -0.01126263290643692 0.04972448945045471 0.07914870232343674
v -0.011462622322142124 0.04937497153878212 0.07951229810714722
v -0.011262597516179085 0.049345050007104874 0.07931457459926605
v -0.01150385569781065 -0.01916337013244629 0.08642043173313141
v -0.011603852733969688 -0.019335191696882248 0.08662161976099014
v -0.011320866644382477 -0.019135937094688416 0.08660140633583069
v -0.011494060046970844 -0.019318731501698494 0.08673021197319031
v -0.011253911070525646 -0.019098492339253426 0.08684860169887543
v -0.011453885585069656 -0.01929626613855362 0.08687851577997208
v -0.011254355311393738 -0.017888229340314865 0.08949722349643707
v -0.011454380117356777 -0.01785830780863762 0.08969495445489883
v -0.011454134248197079 -0.018996775150299072 0.08885597437620163
v -0.011254158802330494 -0.018799003213644028 0.08882603794336319
v -0.011454302817583084 -0.018372731283307076 0.08963735401630402
v -0.011254293844103813 -0.01829976961016655 0.0894511491060257
v -0.011454212479293346 -0.018789438530802727 0.0893302634358406
v -0.011254221200942993 -0.01863313466310501 0.08920547366142273
v 0.017495865002274513 -0.018992768600583076 0.08885899931192398
v 0.017495786771178246 -0.018785428255796432 0.08933330327272415
v 0.017495697364211082 -0.01836872100830078 0.08964038640260696
v 0.017495619133114815 -0.017854301258921623 0.08969797194004059
v 0.019995560869574547 -0.016520608216524124 0.08848489820957184
v 0.019861524924635887 -0.01644575595855713 0.08897924423217773
v 0.019780978560447693 -0.01705123670399189 0.08907093852758408
v 0.01949545554816723 -0.01639099419116974 0.08934111148118973
v 0.01942737028002739 -0.016902808099985123 0.08941861242055893
v 0.018995435908436775 -0.016371000558137894 0.08947352319955826
v 0.018944373354315758 -0.016754861921072006 0.08953165262937546
v 0.01879456639289856 -0.017112573608756065 0.0895858108997345
v 0.01922762766480446 -0.01737975887954235 0.08949081599712372
v 0.018556227907538414 -0.017419766634702682 0.0896322950720787
v 0.018909839913249016 -0.017789343371987343 0.08955281972885132
v 0.018245594576001167 -0.017655497416853905 0.08966796845197678
v 0.01849566586315632 -0.01810365542769432 0.08960036188364029
v 0.017883842810988426 -0.017803708091378212 0.08969037234783173
v 0.018013328313827515 -0.01830127090215683 0.08963023871183395
v 0.019544681534171104 -0.01761547289788723 0.0891563668847084
v 0.019168736413121223 -0.01810002326965332 0.08922969549894333
v 0.018678760156035423 -0.0184718556702137 0.0892859473824501
v 0.018108149990439415 -0.018705636262893677 0.08932128548622131
v 0.019910456612706184 -0.01716037467122078 0.08858177810907364
v 0.01966077834367752 -0.017756562680006027 0.08867204934358597
v 0.01926354318857193 -0.01826854795217514 0.08874953538179398
v 0.018745826557278633 -0.018661435693502426 0.08880896866321564
v 0.018142901360988617 -0.01890845224261284 0.08884631097316742
v 0.01998768374323845 0.04774649068713188 0.07875148952007294
v 0.01985364593565464 0.04782134294509888 0.07924582809209824
v 0.019487576559185982 0.04787610471248627 0.07960769534111023
v 0.018987556919455528 0.04789609834551811 0.07974011451005936
v 0.017487380653619766 0.05021796002984047 0.07837685942649841
v 0.017487334087491035 0.05016037076711655 0.07889129221439362
v 0.018099717795848846 0.050080738961696625 0.07890341430902481
v 0.017487334087491035 0.04985328018665314 0.07930799573659897
v 0.01800497993826866 0.04978597164154053 0.07931825518608093
v 0.017487376928329468 0.049378979951143265 0.07951532304286957
v 0.017875611782073975 0.04932849854230881 0.07952302694320679
v 0.0182374007999897 0.04918038472533226 0.0795455053448677
v 0.018487365916371346 0.049588486552238464 0.07934822142124176
v 0.018548091873526573 0.04894474148750305 0.07958122342824936
v 0.01890161819756031 0.049274295568466187 0.07939586043357849
v 0.018786506727337837 0.048637621104717255 0.07962778210639954
v 0.01921950653195381 0.04886479303240776 0.07945791631937027
v 0.01893640123307705 0.04827994853258133 0.07968196272850037
v 0.019419366493821144 0.04838790372014046 0.07953017204999924
v 0.01867038570344448 0.04984712228178978 0.07893887162208557
v 0.019160451367497444 0.04947542026638985 0.0789952278137207
v 0.019536515697836876 0.04899097979068756 0.07906865328550339
v 0.019772952422499657 0.048426806926727295 0.0791541263461113
v 0.01813443750143051 0.05013382062315941 0.07838968187570572
v 0.018737422302365303 0.04988696798682213 0.07842713594436646
v 0.01925523765385151 0.04949422553181648 0.07848668843507767
v 0.0196525976061821 0.04898235946893692 0.07856427133083344
v 0.019902421161532402 0.048386234790086746 0.07865457981824875
v -0.02001231536269188 0.04774095118045807 0.07874728739261627
v -0.020004436373710632 -0.016526147723197937 0.08848070353269577
v -0.019870523363351822 -0.016451256349682808 0.08897508680820465
v -0.01987840235233307 0.04781584441661835 0.07924167066812515
v -0.019504545256495476 -0.01639639399945736 0.08933702856302261
v -0.019512424245476723 0.047870706766843796 0.07960361242294312
v -0.019004561007022858 -0.01637626439332962 0.0894695371389389
v -0.019012439996004105 0.047890838235616684 0.0797361209988594
v -0.019797855988144875 0.04842132702469826 0.07914997637271881
v -0.019444338977336884 0.04838252440094948 0.07952611148357391
v -0.018961375579237938 0.048274699598550797 0.0796779990196228
v -0.01881156861782074 0.048632413148880005 0.07962384074926376
v -0.019244596362113953 0.04885946959257126 0.07945388555526733
v -0.018573230132460594 0.048939600586891174 0.07957734167575836
v -0.01892680861055851 0.04926905781030655 0.07939190417528152
v -0.018262596800923347 0.049175333231687546 0.07954168319702148
v -0.018512634560465813 0.04958336427807808 0.07934433966875076
v -0.017900845035910606 0.04932354763150215 0.07951927930116653
v -0.01803029514849186 0.04978098347783089 0.07931448519229889
v -0.017512621358036995 0.049374133348464966 0.07951165735721588
v -0.017512666061520576 0.04984843730926514 0.07930433005094528
v -0.019561560824513435 0.048985566943883896 0.07906455546617508
v -0.019185613840818405 0.04947011172771454 0.07899121940135956
v -0.018695639446377754 0.049841947853565216 0.07893496006727219
v -0.018125027418136597 0.050075724720954895 0.07889962941408157
v -0.017512664198875427 0.05015552416443825 0.07888762652873993
v -0.019927209243178368 0.04838072136044502 0.07865041494369507
v -0.019677530974149704 0.04897691309452057 0.07856015861034393
v -0.019280297681689262 0.049488890916109085 0.07848265767097473
v -0.018762579187750816 0.04988177865743637 0.07842322438955307
v -0.01815965585410595 0.05012879520654678 0.07838588207960129
v -0.017512619495391846 0.05021311715245247 0.07837319374084473
v -0.01750413328409195 -0.018997613340616226 0.0888553336262703
v -0.017504213377833366 -0.01879027485847473 0.08932963758707047
v -0.018116595223546028 -0.018710650503635406 0.08931749314069748
v -0.01750430278480053 -0.01837356761097908 0.08963672816753387
v -0.018021948635578156 -0.01830625906586647 0.08962646871805191
v -0.017504379153251648 -0.017859145998954773 0.0896943062543869
v -0.017892615869641304 -0.017808660864830017 0.08968661725521088
v -0.01825440302491188 -0.01766055077314377 0.08966414630413055
v -0.01850433461368084 -0.018108779564499855 0.08959648758172989
v -0.018565094098448753 -0.01742490381002426 0.08962841331958771
v -0.018918586894869804 -0.01779458113014698 0.08954886347055435
v -0.018803508952260017 -0.017117779701948166 0.08958186954259872
v -0.019236475229263306 -0.017385084182024002 0.08948679268360138
v -0.01895340345799923 -0.01676010899245739 0.0895276814699173
v -0.01943633332848549 -0.0169081874191761 0.0894145518541336
v -0.018687263131141663 -0.018477028235793114 0.08928204327821732
v -0.019177328795194626 -0.01810533180832863 0.08922568708658218
v -0.019553394988179207 -0.017620887607336044 0.0891522765159607
v -0.01978982985019684 -0.017056714743375778 0.08906678855419159
v -0.018151191994547844 -0.018913477659225464 0.08884251117706299
v -0.018754174932837486 -0.018666625022888184 0.08880504965782166
v -0.019271990284323692 -0.018273882567882538 0.08874550461769104
v -0.01966935023665428 -0.01776200719177723 0.08866793662309647
v -0.019919173792004585 -0.017165888100862503 0.08857761323451996
v 0.001399328000843525 -0.0056540644727647305 0.07469995319843292
v 0.0013943584635853767 0.03488364443182945 0.0685604140162468
v 0.0008009593584574759 0.03547019883990288 0.0684714987874031
v -0.0008200407028198242 0.03546997532248497 0.06847133487462997
v -9.567047527525574e-06 0.03568480908870697 0.06843890249729156
v -0.0014132959768176079 0.03488325700163841 0.06856011599302292
v -0.0014083264395594597 -0.00565445376560092 0.07469965517520905
v -0.0008150711073540151 -0.0050677340477705 0.0746108740568161
v -4.597491624735994e-06 -0.004852896090596914 0.07457844167947769
v 0.0008059288957156241 -0.005067510064691305 0.07461103796958923
v -0.0008210472296923399 0.03668291121721268 0.07648000866174698
v -1.0573011422820855e-05 0.03689774125814438 0.07644756138324738
v -0.0014143025036901236 0.03609618917107582 0.07656878978013992
v 0.001393351936712861 0.03609658032655716 0.0765690803527832
v 0.0007999528315849602 0.036683134734630585 0.07648017257452011
v -0.0008160776342265308 -0.00385480048134923 0.08261954039335251
v -5.603455974778626e-06 -0.003639965085312724 0.0825871005654335
v -0.0014093329664319754 -0.004441520199179649 0.08270832896232605
v 0.0013983214739710093 -0.00444113090634346 0.08270861953496933
v 0.0008049223688431084 -0.003854576498270035 0.08261971175670624
v 0.011253266595304012 0.001580638694576919 -0.009026228450238705
v 0.010953303426504135 0.0015356744406744838 -0.009322873316705227
v 0.011420657858252525 0.002198615111410618 -0.009119795635342598
v 0.011160869151353836 0.0023019667714834213 -0.009438903070986271
v 0.01187813375145197 0.0026510520838201046 -0.00918826274573803
v 0.011728140525519848 0.002862987807020545 -0.009523799642920494
v 0.012503114528954029 0.002816720400005579 -0.009213277138769627
v 0.012503115460276604 0.003068411722779274 -0.009554820135235786
v 0.013128133490681648 0.0026512255426496267 -0.00918812956660986
v 0.013278141617774963 0.002863201778382063 -0.00952364131808281
v 0.013585721142590046 0.0021989147644490004 -0.009119570255279541
v 0.013845548033714294 0.0023023379035294056 -0.009438625536859035
v 0.013753265142440796 0.0015809854958206415 -0.00902596302330494
v 0.014053303748369217 0.0015361033147200942 -0.009322550147771835
v -0.012996508739888668 -1.6465409657939745e-07 -0.009093275293707848
v -0.012996582314372063 0.0003413767262827605 -0.00884158629924059
v -0.011996508575975895 -2.6175710488018922e-08 -0.009093170054256916
v -0.01199658215045929 0.00034151520230807364 -0.008841481991112232
v -0.013621602207422256 0.000506869051605463 -0.00886672642081976
v -0.013771533966064453 0.00020504894200712442 -0.009124454110860825
v -0.01407918892800808 0.0009591798298060894 -0.008935285732150078
v -0.014338942244648933 0.0007659127586521208 -0.009209469892084599
v -0.01424673292785883 0.0015771090984344482 -0.00902889296412468
v -0.014546697027981281 0.0015321436803787947 -0.009325544349849224
v -0.011996885761618614 0.0028133282903581858 -0.009215843863785267
v -0.01199688483029604 0.0030650205444544554 -0.00955737940967083
v -0.011371864005923271 0.00264783320017159 -0.0091906962916255
v -0.011221859604120255 0.0028598096687346697 -0.00952620804309845
v -0.010914277285337448 0.0021955224219709635 -0.009122136980295181
v -0.0106544503942132 0.0022989457938820124 -0.009441192261874676
v -0.010746734216809273 0.0015775932697579265 -0.00902852974832058
v -0.010446696542203426 0.0015327110886573792 -0.009325116872787476
v -0.010914125479757786 0.0009596178424544632 -0.008934956043958664
v -0.010654263198375702 0.0007664223667234182 -0.009209088049829006
v -0.011371602304279804 0.0005071809282526374 -0.008866488933563232
v -0.011221533641219139 0.00020540134573820978 -0.009124191477894783
v -0.012996884062886238 0.003064882243052125 -0.009557483717799187
v -0.012996884994208813 0.0028131897561252117 -0.009215949103236198
v -0.019700637087225914 0.03366498276591301 -0.014192788861691952
v -0.020000673830509186 0.03370986506342888 -0.013896201737225056
v -0.01966588757932186 0.03494582325220108 -0.014083350077271461
v -0.019406024366617203 0.03475262224674225 -0.014357481151819229
v -0.018750935792922974 0.03585068881511688 -0.01422028336673975
v -0.018600866198539734 0.03554891422390938 -0.014477979391813278
v -0.017500976100564003 0.03618202731013298 -0.014270305633544922
v -0.017500901594758034 0.0358404815196991 -0.014522001147270203
v -0.01677590236067772 0.035840582102537155 -0.014521922916173935
v 0.01749902404844761 0.03618687018752098 -0.01426664087921381
v 0.01749909669160843 0.0358453243970871 -0.01451833639293909
v 0.016524096950888634 0.03584519028663635 -0.014518436044454575
v 0.01213434711098671 0.0358445830643177 -0.014518896117806435
v 0.0002490973856765777 0.03584293648600578 -0.014520140364766121
v -0.014140651561319828 0.035840943455696106 -0.014521650038659573
v -0.019694017246365547 -0.020333966240286827 -0.00601451238617301
v -0.019692758098244667 -0.030602118000388145 -0.004459374584257603
v -0.01999279484152794 -0.030557235702872276 -0.004162787459790707
v -0.019699377939105034 0.02339683286845684 -0.012637652456760406
v -0.019697625190019608 0.009105309844017029 -0.010473164729773998
v -0.019695768132805824 -0.006042444612830877 -0.00817899964749813
v 0.018749063834547997 0.03585588186979294 -0.014216352254152298
v 0.0185991320759058 0.03555406257510185 -0.014474080875515938
v 0.019664239138364792 0.03495126590132713 -0.01407923549413681
v 0.019404485821723938 0.03475799411535263 -0.014353418722748756
v 0.019999327138066292 0.03371540084481239 -0.013892012648284435
v 0.01969936490058899 0.03367043659090996 -0.01418866403400898
v -0.017492489889264107 -0.032777007669210434 -0.004129709675908089
v -0.017492491751909256 -0.033028703182935715 -0.003788166679441929
v -0.018742531538009644 -0.03269771486520767 -0.00383845460601151
v -0.018592527136206627 -0.03248574212193489 -0.004173958674073219
v -0.01965770684182644 -0.03179309889674187 -0.003975572530180216
v -0.019397879019379616 -0.03168967366218567 -0.00429462781175971
v 0.01970062218606472 0.023402288556098938 -0.012633527629077435
v 0.019707242026925087 -0.030596664175391197 -0.004455249756574631
v 0.019705984741449356 -0.02032851055264473 -0.006010387558490038
v 0.02000720426440239 -0.030551698058843613 -0.004158598370850086
v 0.01970423199236393 -0.0060369898565113544 -0.008174874819815159
v 0.019702374935150146 0.009110764600336552 -0.010469039902091026
v 0.01653250865638256 -0.03277229890227318 -0.004126144107431173
v 0.017507508397102356 -0.032772164791822433 -0.004126044921576977
v 0.017507508397102356 -0.033023856580257416 -0.003784501925110817
v -0.016767490655183792 -0.032776907086372375 -0.004129631444811821
v -0.014132239855825901 -0.032776542007923126 -0.004129358567297459
v 0.00025750926579348743 -0.03277455270290375 -0.004127849359065294
v 0.012142758816480637 -0.03277290612459183 -0.004126604646444321
v 0.019672419875860214 -0.031787652522325516 -0.003971457481384277
v 0.019412631168961525 -0.03168430179357529 -0.004290565382689238
v 0.018757468089461327 -0.032692525535821915 -0.0038345239590853453
v 0.018607473000884056 -0.032480593770742416 -0.004170060623437166
v 0.017498226836323738 0.036893539130687714 -0.007597263902425766
v 0.017498228698968887 0.03714523836970329 -0.007938800379633904
v -0.017501771450042725 0.036888692528009415 -0.007600928191095591
v -0.017501771450042725 0.037140391767024994 -0.00794246420264244
v 0.0196984950453043 0.034718651324510574 -0.007267591077834368
v 0.01999853178858757 0.034673769026994705 -0.007564178667962551
v 0.01966344378888607 0.035909634083509445 -0.007751394063234329
v 0.019403615966439247 0.03580620884895325 -0.007432345766574144
v 0.018748268485069275 0.03681424632668495 -0.007888518273830414
v 0.018598264083266258 0.03660227730870247 -0.007553007919341326
v -0.018751731142401695 0.036809056997299194 -0.007892441935837269
v -0.018601736053824425 0.036597128957509995 -0.007556905969977379
v -0.019666684791445732 0.035904187709093094 -0.007755516096949577
v -0.019406894221901894 0.035800836980342865 -0.007436408661305904
v -0.020001467317342758 0.03466822952032089 -0.0075683677569031715
v -0.019701505079865456 0.03471319377422333 -0.00727171590551734
v 0.020006410777568817 -0.02959333173930645 0.0021692358423024416
v 0.019706374034285545 -0.02954844944179058 0.0024658229667693377
v -0.019693627953529358 -0.029553905129432678 0.0024616981390863657
v -0.01999359019100666 -0.029598869383335114 0.0021650465205311775
v 0.017506638541817665 -0.03172395005822182 0.0027950278017669916
v 0.017506713047623634 -0.0320654921233654 0.002543339505791664
v 0.018756672739982605 -0.0317341573536396 0.002493310021236539
v 0.018606603145599365 -0.0314323790371418 0.002751012332737446
v 0.019671624526381493 -0.030829286202788353 0.00235638371668756
v 0.019411761313676834 -0.03063608892261982 0.0026305075734853745
v -0.01965850405395031 -0.030834732577204704 0.0023522614501416683
v -0.019398748874664307 -0.0306414607912302 0.002626444911584258
v -0.018743326887488365 -0.03173935040831566 0.0024893865920603275
v -0.01859339512884617 -0.031437527388334274 0.002747114049270749
v -0.017493287101387978 -0.0320703350007534 0.002539674751460552
v -0.017493359744548798 -0.031728796660900116 0.0027913632802665234
v 0.013256997801363468 -0.029039599001407623 -0.004186180420219898
v 0.013270403258502483 -0.029047083109617233 -0.0042356159538030624
v 0.013363735750317574 -0.0297473706305027 -0.004129547625780106
v 0.01330700982362032 -0.029052559286355972 -0.004271799698472023
v 0.013399094343185425 -0.029743479564785957 -0.004167152103036642
v 0.013357010670006275 -0.029054557904601097 -0.004285042639821768
v 0.013447391800582409 -0.029732683673501015 -0.004182330332696438
v 0.013712204992771149 -0.030364569276571274 -0.004086590837687254
v 0.013668904080986977 -0.030387287959456444 -0.004069611430168152
v 0.014133404940366745 -0.030907155945897102 -0.004004363901913166
v 0.014098051935434341 -0.030940111726522446 -0.003985824529081583
v 0.014682289212942123 -0.03132346644997597 -0.003941247705370188
v 0.014657292515039444 -0.03136427700519562 -0.003921514842659235
v 0.015321449376642704 -0.031585127115249634 -0.0039015375077724457
v 0.01530851423740387 -0.031630877405405045 -0.003881055163219571
v 0.016007332131266594 -0.03167431056499481 -0.003887940663844347
v 0.016007335856556892 -0.03172174468636513 -0.0038672061637043953
v 0.01669319160282612 -0.03158493712544441 -0.0039013943169265985
v 0.016706136986613274 -0.031630683690309525 -0.0038809101097285748
v 0.0173322893679142 -0.03132310137152672 -0.003940969239920378
v 0.017357291653752327 -0.03136390075087547 -0.0039212326519191265
v 0.01788107119500637 -0.030906636267900467 -0.004003971349447966
v 0.017916429787874222 -0.030939582735300064 -0.0039854273200035095
v 0.01830214075744152 -0.030363934114575386 -0.004086114466190338
v 0.018345441669225693 -0.03038664162158966 -0.004069119226187468
v 0.0185667984187603 -0.029731975868344307 -0.004181794356554747
v 0.01861509308218956 -0.029742756858468056 -0.004166602622717619
v 0.018657011911273003 -0.0290538240224123 -0.004284486174583435
v 0.01870700903236866 -0.02905181236565113 -0.004271234851330519
v 0.01363720279186964 -0.030399907380342484 -0.004030680749565363
v 0.014072168618440628 -0.03096022643148899 -0.003945762291550636
v 0.014638991095125675 -0.03139013797044754 -0.0038805860094726086
v 0.015299039892852306 -0.031660351902246475 -0.003839573124423623
v 0.01600733771920204 -0.03175245225429535 -0.0038255369290709496
v 0.016715610399842262 -0.03166015446186066 -0.0038394276052713394
v 0.01737559400498867 -0.031389761716127396 -0.0038802989292889833
v 0.017942309379577637 -0.030959689989686012 -0.003945361357182264
v 0.018377136439085007 -0.030399251729249954 -0.00403018482029438
v 0.018650446087121964 -0.029746638610959053 -0.004128993488848209
v 0.0187436081469059 -0.029046325013041496 -0.004235041793435812
v 0.013350787572562695 -0.029743313789367676 -0.004079590085893869
v 0.013625594787299633 -0.03039904497563839 -0.003980241250246763
v 0.014062689617276192 -0.030962105840444565 -0.00389490881934762
v 0.014632286503911018 -0.03139412775635719 -0.0038294128607958555
v 0.01529556792229414 -0.03166566044092178 -0.003788204165175557
v 0.016007332131266594 -0.03175821155309677 -0.00377409509383142
v 0.016719073057174683 -0.031665463000535965 -0.0037880500312894583
v 0.017382286489009857 -0.03139374405145645 -0.0038291187956929207
v 0.017951779067516327 -0.030961569398641586 -0.003894507186487317
v 0.01838873326778412 -0.030398385599255562 -0.003979747649282217
v 0.018663382157683372 -0.02974257804453373 -0.004079034551978111
v 0.01875699870288372 -0.029038837179541588 -0.004185607191175222
v -0.0187430027872324 -0.029044028371572495 -0.00418953038752079
v -0.018729597330093384 -0.029051514342427254 -0.004238965921103954
v -0.01863626390695572 -0.02975180186331272 -0.0041328975930809975
v -0.018692990764975548 -0.029056988656520844 -0.004275149665772915
v -0.018600907176733017 -0.029747910797595978 -0.004170502070337534
v -0.018642989918589592 -0.029058989137411118 -0.00428839260712266
v -0.018552608788013458 -0.029737114906311035 -0.00418568029999733
v -0.018287796527147293 -0.030369000509381294 -0.0040899477899074554
v -0.018331093713641167 -0.030391719192266464 -0.004072961397469044
v -0.017866594716906548 -0.030911585316061974 -0.004007713869214058
v -0.017901945859193802 -0.030944542959332466 -0.003989181946963072
v -0.01731771044433117 -0.03132789954543114 -0.00394459767267108
v -0.0173427052795887 -0.03136870637536049 -0.003924864809960127
v -0.016678547486662865 -0.0315895602107048 -0.003904887242242694
v -0.016691485419869423 -0.031635306775569916 -0.0038844048976898193
v -0.015992669388651848 -0.03167874366044998 -0.003891290631145239
v -0.0159926638007164 -0.03172617405653 -0.003870556131005287
v -0.015306808054447174 -0.03158937022089958 -0.0039047440513968468
v -0.015293862670660019 -0.031635113060474396 -0.003884259844198823
v -0.014667710289359093 -0.03132753074169159 -0.00394431920722127
v -0.014642707072198391 -0.031368330121040344 -0.003924582619220018
v -0.014118928462266922 -0.030911067500710487 -0.0040073213167488575
v -0.014083570800721645 -0.030944013968110085 -0.003988777287304401
v -0.013697860762476921 -0.030368365347385406 -0.00408946443349123
v -0.013654557056725025 -0.030391070991754532 -0.0040724691934883595
v -0.013433202169835567 -0.029736405238509178 -0.0041851443238556385
v -0.013384906575083733 -0.029747188091278076 -0.004169952590018511
v -0.013342988677322865 -0.02905825525522232 -0.004287836141884327
v -0.013292989693582058 -0.029056241735816002 -0.004274584818631411
v -0.018362795934081078 -0.030404338613152504 -0.004034030716866255
v -0.017927831038832664 -0.030964655801653862 -0.003949112258851528
v -0.017361009493470192 -0.03139456734061241 -0.0038839359767735004
v -0.01670095883309841 -0.031664781272411346 -0.003842923091724515
v -0.0159926638007164 -0.03175688162446022 -0.0038288868963718414
v -0.01528438925743103 -0.031664587557315826 -0.0038427775725722313
v -0.014624406583607197 -0.03139419108629227 -0.0038836488965898752
v -0.014057689346373081 -0.030964121222496033 -0.003948711324483156
v -0.013622862286865711 -0.030403681099414825 -0.004033534787595272
v -0.013349553570151329 -0.029751069843769073 -0.004132343456149101
v -0.013256392441689968 -0.029050756245851517 -0.004238391760736704
v -0.018649211153388023 -0.029747745022177696 -0.004082940053194761
v -0.018374403938651085 -0.03040347434580326 -0.003983591217547655
v -0.0179373100399971 -0.030966537073254585 -0.003898258786648512
v -0.017367713153362274 -0.031398557126522064 -0.0038327628280967474
v -0.016704430803656578 -0.03167009353637695 -0.003791554132476449
v -0.015992669388651848 -0.03176264092326164 -0.003777445061132312
v -0.015280927531421185 -0.031669892370700836 -0.00379139999859035
v -0.01461771223694086 -0.03139817342162132 -0.0038324687629938126
v -0.01404822152107954 -0.030965998768806458 -0.003897857153788209
v -0.013611264526844025 -0.030402814969420433 -0.003983097616583109
v -0.013336618430912495 -0.02974700927734375 -0.004082384519279003
v -0.013243000954389572 -0.02904326654970646 -0.004188957158476114
v -0.018750516697764397 0.032256901264190674 -0.013473710976541042
v -0.01873711310327053 0.032249417155981064 -0.013523146510124207
v -0.018643779680132866 0.0315491259098053 -0.013417077250778675
v -0.018700506538152695 0.032243940979242325 -0.013559330254793167
v -0.018608421087265015 0.03155301883816719 -0.013454682193696499
v -0.01865050569176674 0.03224194049835205 -0.0135725736618042
v -0.018560124561190605 0.03156381845474243 -0.013469860889017582
v -0.01829531043767929 0.030931927263736725 -0.013374127447605133
v -0.018338609486818314 0.030909212306141853 -0.013357141986489296
v -0.017874108627438545 0.030389342457056046 -0.013291893526911736
v -0.01790946163237095 0.03035638853907585 -0.013273362070322037
v -0.017325226217508316 0.029973028227686882 -0.013228777796030045
v -0.017350221052765846 0.02993222512304783 -0.013209044933319092
v -0.01668606325984001 0.029711369425058365 -0.013189067132771015
v -0.01669900119304657 0.029665622860193253 -0.013168585486710072
v -0.016000183299183846 0.029622187837958336 -0.013175470754504204
v -0.016000179573893547 0.02957475744187832 -0.01315473672002554
v -0.015314322896301746 0.029711557552218437 -0.013188923709094524
v -0.015301377512514591 0.029665816575288773 -0.013168440200388432
v -0.014675225131213665 0.02997339703142643 -0.013228499330580235
v -0.014650221914052963 0.029932599514722824 -0.013208762742578983
v -0.014126443304121494 0.030389860272407532 -0.013291501440107822
v -0.014091085642576218 0.030356917530298233 -0.013272957876324654
v -0.013705375604331493 0.030932562425732613 -0.013373644091188908
v -0.013662072829902172 0.030909860506653786 -0.013356649316847324
v -0.01344071701169014 0.03156452625989914 -0.013469325378537178
v -0.013392421416938305 0.03155374154448509 -0.013454132713377476
v -0.013350503519177437 0.03224267438054085 -0.01357201673090458
v -0.013300505466759205 0.032244689762592316 -0.013558764941990376
v -0.018370311707258224 0.030896589159965515 -0.01331821084022522
v -0.01793534681200981 0.030336275696754456 -0.01323329284787178
v -0.01736852526664734 0.02990635856986046 -0.013168116100132465
v -0.01670847460627556 0.029636148363351822 -0.013127103447914124
v -0.016000179573893547 0.0295440461486578 -0.013113066554069519
v -0.015291905030608177 0.02963634394109249 -0.013126958161592484
v -0.014631921425461769 0.029906736686825752 -0.013167829252779484
v -0.014065204188227654 0.030336810275912285 -0.013232892379164696
v -0.013630377128720284 0.030897246673703194 -0.01331771444529295
v -0.013357068412005901 0.031549859791994095 -0.013416523113846779
v -0.01326390728354454 0.03225017338991165 -0.013522572815418243
v -0.01865672506392002 0.03155318647623062 -0.013367120176553726
v -0.018381917849183083 0.03089745342731476 -0.01326777134090662
v -0.0179448239505291 0.030334390699863434 -0.013182438910007477
v -0.017375227063894272 0.029902374371886253 -0.013116943649947643
v -0.016711946576833725 0.029630839824676514 -0.013075734488666058
v -0.016000183299183846 0.029538288712501526 -0.013061625882983208
v -0.015288442373275757 0.029631037265062332 -0.013075580820441246
v -0.014625227078795433 0.029902756214141846 -0.013116649352014065
v -0.014055736362934113 0.03033492900431156 -0.013182037509977818
v -0.013618779368698597 0.030898110941052437 -0.013267277739942074
v -0.013344133272767067 0.03155392408370972 -0.013366565108299255
v -0.013250515796244144 0.03225766494870186 -0.01347313728183508
v 0.013249482959508896 0.032261334359645844 -0.01347036100924015
v 0.013262888416647911 0.032253846526145935 -0.013519796542823315
v 0.013356220908463001 0.03155355527997017 -0.013413727283477783
v 0.013299494050443172 0.032248370349407196 -0.013555980287492275
v 0.013391579501330853 0.03155745193362236 -0.013451332226395607
v 0.013349494896829128 0.03224637359380722 -0.013569223694503307
v 0.013439876958727837 0.0315682478249073 -0.01346651092171669
v 0.013704689219594002 0.030936358496546745 -0.013370770961046219
v 0.013661389239132404 0.030913641676306725 -0.013353792019188404
v 0.014125890098512173 0.030393771827220917 -0.013288544490933418
v 0.01409053709357977 0.030360819771885872 -0.013270005583763123
v 0.014674773439764977 0.029977459460496902 -0.013225427828729153
v 0.014649777673184872 0.02993665635585785 -0.013205695897340775
v 0.015313934534788132 0.029715798795223236 -0.013185717165470123
v 0.015300999395549297 0.029670054093003273 -0.01316523551940918
v 0.015999816358089447 0.029626619070768356 -0.013172120787203312
v 0.015999821946024895 0.02957918867468834 -0.013151386752724648
v 0.01668567582964897 0.029715988785028458 -0.013185573741793633
v 0.016698621213436127 0.029670247808098793 -0.01316509023308754
v 0.017324773594737053 0.0299778264015913 -0.013225149363279343
v 0.01734977774322033 0.029937028884887695 -0.013205412775278091
v 0.017873555421829224 0.030394291505217552 -0.01328815147280693
v 0.017908914014697075 0.030361346900463104 -0.013269607909023762
v 0.018294624984264374 0.030936993658542633 -0.013370294123888016
v 0.018337925896048546 0.030914289876818657 -0.013353299349546432
v 0.018559282645583153 0.03156895563006401 -0.013465975411236286
v 0.018607579171657562 0.03155817463994026 -0.013450782746076584
v 0.018649496138095856 0.03224710747599602 -0.013568666763603687
v 0.018699493259191513 0.03224911913275719 -0.013555414974689484
v 0.013629687950015068 0.030901020392775536 -0.013314860872924328
v 0.014064653776586056 0.030340705066919327 -0.013229942880570889
v 0.014631476253271103 0.02991078794002533 -0.013164766132831573
v 0.015291525050997734 0.029640579596161842 -0.013123753480613232
v 0.015999821946024895 0.02954847738146782 -0.013109716586768627
v 0.016708094626665115 0.02964077517390251 -0.013123608194291592
v 0.017368078231811523 0.029911167919635773 -0.013164479285478592
v 0.01793479546904564 0.030341239646077156 -0.013229542411863804
v 0.01836962252855301 0.030901676043868065 -0.013314364477992058
v 0.018642930313944817 0.031554289162158966 -0.013413174077868462
v 0.018736092373728752 0.03225460648536682 -0.013519222848117352
v 0.013343272730708122 0.03155761584639549 -0.013363770209252834
v 0.01361807994544506 0.03090188279747963 -0.013264421373605728
v 0.01405517477542162 0.030338820070028305 -0.013179088942706585
v 0.014624771662056446 0.029906805604696274 -0.013113593682646751
v 0.015288053080439568 0.029635269194841385 -0.013072384521365166
v 0.015999816358089447 0.029542718082666397 -0.013058275915682316
v 0.016711559146642685 0.029635466635227203 -0.013072230853140354
v 0.01737477257847786 0.029907187446951866 -0.013113299384713173
v 0.01794426329433918 0.030339358374476433 -0.013178687542676926
v 0.01838121935725212 0.030902542173862457 -0.013263927772641182
v 0.018655866384506226 0.03155835345387459 -0.013363215140998363
v 0.018749484792351723 0.03226209431886673 -0.013469787314534187
v -0.01724306121468544 -0.029577679932117462 -0.002894837176427245
v -0.017243236303329468 -0.02815057709813118 -0.0031109752599149942
v -0.01599297486245632 -0.030291054397821426 -0.002786635421216488
v -0.015993325039744377 -0.02743685431778431 -0.0032189113553613424
v -0.014743063598871231 -0.029577331617474556 -0.0028945712838321924
v -0.014743238687515259 -0.028150230646133423 -0.0031107093673199415
v -0.014742901548743248 -0.02977200224995613 -0.004179919604212046
v -0.014743076637387276 -0.02834489941596985 -0.004396057687699795
v -0.015992814674973488 -0.030485723167657852 -0.004071976523846388
v -0.017242901027202606 -0.02977234683930874 -0.0041801780462265015
v -0.017243076115846634 -0.028345245867967606 -0.0043963161297142506
v -0.015993164852261543 -0.027631521224975586 -0.004504252225160599
v -0.01600049063563347 0.031009873375296593 -0.012070815078914165
v -0.017250576987862587 0.031723249703645706 -0.012179017066955566
v -0.014750578440725803 0.03172359615564346 -0.012178750708699226
v -0.017250752076506615 0.03315035253763199 -0.012395155616104603
v -0.014750753529369831 0.033150698989629745 -0.012394889257848263
v -0.016000840812921524 0.03386407345533371 -0.012503091245889664
v -0.01475041639059782 0.03152892738580704 -0.01346409972757101
v -0.014750591479241848 0.03295603021979332 -0.013680238276720047
v -0.016000330448150635 0.030815204605460167 -0.013356156647205353
v -0.017250416800379753 0.03152858093380928 -0.013464357703924179
v -0.01725059188902378 0.03295568376779556 -0.013680496253073215
v -0.01600068062543869 0.033669404685497284 -0.013788431882858276
v 0.014749422669410706 0.03172767907381058 -0.012175667099654675
v 0.014749247580766678 0.03315478190779686 -0.012391805648803711
v 0.015999510884284973 0.031014302745461464 -0.012067465111613274
v 0.015999160706996918 0.03386850282549858 -0.012499741278588772
v 0.017249422147870064 0.031728025525808334 -0.012175400741398335
v 0.017249247059226036 0.03315512835979462 -0.012391539290547371
v 0.017249582335352898 0.03153335675597191 -0.013460742309689522
v 0.01724940724670887 0.03296045958995819 -0.013676880858838558
v 0.015999671071767807 0.030819635838270187 -0.013352806679904461
v 0.014749583788216114 0.03153301030397415 -0.013461007736623287
v 0.014749408699572086 0.032960113137960434 -0.013677146285772324
v 0.01599932089447975 0.033673837780952454 -0.013785081915557384
v 0.01725693792104721 -0.029572902247309685 -0.0028912213165313005
v 0.01600702479481697 -0.030286623165011406 -0.002783285453915596
v 0.017256762832403183 -0.028145799413323402 -0.0031073594000190496
v 0.014756937511265278 -0.02957324869930744 -0.0028914872091263533
v 0.016006674617528915 -0.02743242308497429 -0.0032155613880604506
v 0.014756763353943825 -0.02814614772796631 -0.003107625525444746
v 0.017257098108530045 -0.02976757101714611 -0.004176562186330557
v 0.017256923019886017 -0.028340468183159828 -0.004392700269818306
v 0.016007184982299805 -0.03048129193484783 -0.004068626556545496
v 0.014757098630070686 -0.029767917469143867 -0.00417682807892561
v 0.014756923541426659 -0.028340814635157585 -0.004392966162413359
v 0.0160068366676569 -0.027627091854810715 -0.004500902257859707
v 0.015999330207705498 0.031015142798423767 -0.010348206385970116
v 0.016849301755428314 0.031240450218319893 -0.010382220149040222
v 0.017471469938755035 0.031855762004852295 -0.010475334711372852
v 0.015998918563127518 0.034376803785562515 -0.010857339017093182
v 0.015148944221436977 0.03415149822831154 -0.010823318734765053
v 0.01452677696943283 0.03353618457913399 -0.01073021162301302
v 0.01684894599020481 0.03415173292160034 -0.010823140852153301
v 0.01747126318514347 0.03353659436106682 -0.010729900561273098
v 0.017699124291539192 0.032696209847927094 -0.010602595284581184
v 0.014299123547971249 0.03269573673605919 -0.010602950118482113
v 0.01452698279172182 0.031855352222919464 -0.010475645773112774
v 0.015149300917983055 0.03124021366238594 -0.010382397100329399
v 0.018749123439192772 0.032696355134248734 -0.010602486319839954
v 0.01838085986673832 0.03133680298924446 -0.010396625846624374
v 0.017374413087964058 0.03034144639968872 -0.01024599839001894
v 0.015999456867575645 0.0299769788980484 -0.010190973989665508
v 0.01462441124022007 0.030341066420078278 -0.010246284306049347
v 0.01361772045493126 0.03133614361286163 -0.010397120378911495
v 0.013249123468995094 0.03269559144973755 -0.010603060014545918
v 0.015313314273953438 0.034777481108903885 -0.01395232230424881
v 0.015999173745512962 0.03486685827374458 -0.013965768739581108
v 0.01343971025198698 0.03292452171444893 -0.013671922497451305
v 0.018294304609298706 0.033557113260030746 -0.013767117634415627
v 0.01855911687016487 0.03292522951960564 -0.013671386055648327
v 0.016685055568814278 0.034777671098709106 -0.013952178880572319
v 0.017324218526482582 0.03451601043343544 -0.01391246821731329
v 0.01787310093641281 0.034099698066711426 -0.013849345035851002
v 0.013704368844628334 0.03355647996068001 -0.01376759447157383
v 0.01412543561309576 0.03409918025135994 -0.013849737122654915
v 0.014674217440187931 0.03451564535498619 -0.0139127466827631
v -0.01747322268784046 0.033531755208969116 -0.010733561590313911
v -0.01770087704062462 0.03269130736589432 -0.010606300085783005
v -0.017473015934228897 0.03185092285275459 -0.010478994809091091
v -0.016850698739290237 0.03123578242957592 -0.010385754518210888
v -0.014528735540807247 0.03353216126561165 -0.01073325052857399
v -0.016000671312212944 0.031010711565613747 -0.010351556353271008
v -0.01685105450451374 0.03414706885814667 -0.010826676152646542
v -0.016001082956790924 0.034372374415397644 -0.010860688984394073
v -0.01515105552971363 0.03414730355143547 -0.010826490819454193
v -0.015150698833167553 0.031236018985509872 -0.010385570116341114
v -0.014528529718518257 0.031851332634687424 -0.010478684678673744
v -0.014300876297056675 0.032691776752471924 -0.010605945251882076
v -0.01325087621808052 0.032691922038793564 -0.010605836287140846
v -0.013619139790534973 0.03133236989378929 -0.010399975813925266
v -0.01462558750063181 0.03033701702952385 -0.010249347425997257
v -0.016000544652342796 0.02997254952788353 -0.0101943239569664
v -0.017375588417053223 0.030336635187268257 -0.010249641723930836
v -0.018382279202342033 0.03133171424269676 -0.010400469414889812
v -0.018750876188278198 0.03269116207957268 -0.01060640998184681
v -0.014126896858215332 0.034095268696546555 -0.013852695003151894
v -0.013705696910619736 0.033552683889865875 -0.013770467601716518
v -0.01600082591176033 0.03486242890357971 -0.013969118706882
v -0.01531494315713644 0.034773241728544235 -0.013955528847873211
v -0.018560290336608887 0.03292009234428406 -0.013675272464752197
v -0.018295632675290108 0.03355204686522484 -0.013770951889455318
v -0.014675782062113285 0.03451158106327057 -0.013915818184614182
v -0.017874563112854958 0.03409475088119507 -0.013853087089955807
v -0.017325781285762787 0.03451121225953102 -0.013916096650063992
v -0.016686683520674706 0.034773051738739014 -0.013955671340227127
v -0.013440883718430996 0.032920800149440765 -0.013674736022949219
v -0.015993569046258926 -0.026928557083010674 -0.001576508511789143
v -0.016843540593981743 -0.0271538645029068 -0.0015424955636262894
v -0.017465706914663315 -0.0277691762894392 -0.0014493808848783374
v -0.015993155539035797 -0.03029021807014942 -0.0010673763463273644
v -0.015143183059990406 -0.030064912512898445 -0.0011013891780748963
v -0.014521014876663685 -0.029449598863720894 -0.0011945038568228483
v -0.01684318296611309 -0.030065149068832397 -0.0011015741620212793
v -0.01746550016105175 -0.029450006783008575 -0.001194814802147448
v -0.01769336126744747 -0.02860962226986885 -0.0013221199624240398
v -0.014293361455202103 -0.028609152883291245 -0.0013217647792771459
v -0.014521220698952675 -0.02776876837015152 -0.0014490699395537376
v -0.015143540687859058 -0.027153627946972847 -0.0015423105796799064
v -0.013243361376225948 -0.028609007596969604 -0.001321655698120594
v -0.0136116249486804 -0.02996855601668358 -0.0011157961562275887
v -0.014618072658777237 -0.030963914468884468 -0.0009651674190536141
v -0.01599302887916565 -0.03132838383316994 -0.0009101438336074352
v -0.017368072643876076 -0.03096429631114006 -0.000965461484156549
v -0.018374763429164886 -0.029969215393066406 -0.0011162899900227785
v -0.0187433622777462 -0.02860976755619049 -0.0013222290435805917
v -0.016679169610142708 -0.026527876034379005 -0.0046714916825294495
v -0.015993310138583183 -0.026438500732183456 -0.004684938117861748
v -0.01855277456343174 -0.02838083915412426 -0.004391091410070658
v -0.013698182068765163 -0.027748243883252144 -0.004486287944018841
v -0.013433368876576424 -0.028380131348967552 -0.0043905554339289665
v -0.01828811690211296 -0.02774888090789318 -0.0044867717660963535
v -0.01786704920232296 -0.02720617689192295 -0.004568907432258129
v -0.01731826737523079 -0.026789715513586998 -0.004631916526705027
v -0.015307428315281868 -0.026527686044573784 -0.004671348724514246
v -0.014668266288936138 -0.0267893485724926 -0.004631638061255217
v -0.01411938201636076 -0.027205659076571465 -0.004568514414131641
v 0.017478985711932182 -0.029445169493556023 -0.0011911540059372783
v 0.01770663820207119 -0.028604721650481224 -0.001318414811976254
v 0.017478778958320618 -0.02776433899998665 -0.0014457199722528458
v 0.01685645990073681 -0.027149196714162827 -0.0015389606123790145
v 0.014534497633576393 -0.029445577412843704 -0.0011914648348465562
v 0.016006432473659515 -0.026924125850200653 -0.0015731585444882512
v 0.01685681752860546 -0.030060481280088425 -0.0010980393271893263
v 0.016006845980882645 -0.03028578869998455 -0.0010640263790264726
v 0.015156815759837627 -0.030060715973377228 -0.0010982169769704342
v 0.01515645906329155 -0.02714943327009678 -0.0015391382621601224
v 0.014534291811287403 -0.02776474691927433 -0.0014460309175774455
v 0.014306638389825821 -0.02860519289970398 -0.0013187701115384698
v 0.01875663734972477 -0.028604576364159584 -0.0013183057308197021
v 0.018388373777270317 -0.029964124783873558 -0.0011124463053420186
v 0.017381926998496056 -0.030959485098719597 -0.0009618175099603832
v 0.016006972640752792 -0.03132395073771477 -0.0009067938080988824
v 0.014631927013397217 -0.03095986507833004 -0.000962104182690382
v 0.013625235296785831 -0.029964784160256386 -0.0011129400227218866
v 0.013256638310849667 -0.02860533818602562 -0.0013188790762796998
v 0.013711883686482906 -0.02774444967508316 -0.004483414348214865
v 0.014132950454950333 -0.02720174752175808 -0.004565557464957237
v 0.014681732282042503 -0.026785286143422127 -0.004628566559404135
v 0.01532082911580801 -0.026523446664214134 -0.004668142180889845
v 0.01600668951869011 -0.026434071362018585 -0.004681588150560856
v 0.013447225093841553 -0.02837640978395939 -0.004387741442769766
v 0.018301818519830704 -0.027743814513087273 -0.004482937976717949
v 0.018566632643342018 -0.028375700116157532 -0.004387205932289362
v 0.016692569479346275 -0.026523256674408913 -0.004667998757213354
v 0.01733173243701458 -0.02678491920232773 -0.004628288559615612
v 0.017880616709589958 -0.027201227843761444 -0.004565164912492037
v -0.014079738408327103 0.002674268325790763 -0.005958545953035355
v -0.013622262515127659 0.003126705065369606 -0.006027013063430786
v -0.012997283600270748 0.0032923733815550804 -0.006052028387784958
v -0.013621999882161617 0.0009860527934506536 -0.005702806171029806
v -0.01407958660274744 0.00143836357165128 -0.005771365482360125
v -0.012996980920433998 0.0008205604390241206 -0.005677666049450636
v -0.014247131533920765 0.0020562917925417423 -0.005864979699254036
v -0.011372261680662632 0.003127015894278884 -0.006026782561093569
v -0.010914674960076809 0.002674706280231476 -0.005958216264843941
v -0.011997283436357975 0.0032925119157880545 -0.006051923148334026
v -0.010747131891548634 0.002056777011603117 -0.005864609032869339
v -0.010914523154497147 0.0014388015260919929 -0.005771035328507423
v -0.01199697982519865 0.0008206989150494337 -0.005677561275660992
v -0.01137199904769659 0.0009863635059446096 -0.005702575668692589
v 0.013127736747264862 0.003130408003926277 -0.0060242158360779285
v 0.013585323467850685 0.002678098389878869 -0.0059556495398283005
v 0.013752867467701435 0.00206016912125051 -0.005862042307853699
v 0.01187799870967865 0.0009895834373310208 -0.005700134206563234
v 0.011420411989092827 0.0014418931677937508 -0.00576870096847415
v 0.011252868920564651 0.0020598224364221096 -0.0058623082004487514
v 0.011420260183513165 0.002677797805517912 -0.005955881904810667
v 0.011877737008035183 0.003130235942080617 -0.006024341564625502
v 0.012502716854214668 0.0032959040254354477 -0.006049356423318386
v 0.013585475273430347 0.001442193752154708 -0.005768468603491783
v 0.012503020465373993 0.0008240911411121488 -0.005674994084984064
v 0.013127999380230904 0.0009897557320073247 -0.0057000089436769485
v 0.013006637804210186 -0.028605373576283455 -0.001318907248787582
v 0.013007061555981636 -0.029114505276083946 -0.0046805692836642265
v 0.013303574174642563 -0.027318358421325684 -0.0015137884765863419
v 0.013303996063768864 -0.027827490121126175 -0.004875450395047665
v 0.014135885052382946 -0.02628616988658905 -0.0016700138803571463
v 0.014136306010186672 -0.02679530158638954 -0.005031676031649113
v 0.015338720753788948 -0.025713244453072548 -0.0017566327005624771
v 0.015339142642915249 -0.02622237615287304 -0.0051182946190238
v 0.016673846170306206 -0.025713060051202774 -0.0017564946319907904
v 0.01667427085340023 -0.026222191751003265 -0.005118156783282757
v 0.017876822501420975 -0.026285652071237564 -0.0016696220263838768
v 0.01787724532186985 -0.026794783771038055 -0.0050312839448452
v 0.018709387630224228 -0.027317609637975693 -0.0015132272383198142
v 0.018709810450673103 -0.027826743200421333 -0.004874889273196459
v 0.01900663785636425 -0.028604542836546898 -0.0013182777911424637
v 0.019007060676813126 -0.02911367453634739 -0.0046799397096037865
v 0.016674555838108063 -0.031496673822402954 -0.0008805519319139421
v 0.015339430421590805 -0.03149685636162758 -0.0008806900004856288
v 0.014136453159153461 -0.03092426434159279 -0.0009675626643002033
v 0.013303889892995358 -0.02989230491220951 -0.0011239576851949096
v 0.013624901883304119 -0.027245791628956795 -0.0015247383853420615
v 0.014631349593400955 -0.026250431314110756 -0.001675359788350761
v 0.016006305813789368 -0.025885963812470436 -0.001730390707962215
v 0.017381349578499794 -0.026250051334500313 -0.0016750730574131012
v 0.018388040363788605 -0.027245132252573967 -0.0015242445515468717
v 0.018709702417254448 -0.02989155799150467 -0.001123396446928382
v 0.01787739247083664 -0.030923746526241302 -0.000967170693911612
v 0.014306190423667431 -0.028066111728549004 0.0022406408097594976
v 0.014533843845129013 -0.027225663885474205 0.0021133797708898783
v 0.015156013891100883 -0.026610352098941803 0.002020265208557248
v 0.0160059854388237 -0.026385044679045677 0.0019862523768097162
v 0.016856012865900993 -0.026610117405653 0.002020442858338356
v 0.017478330060839653 -0.027225255966186523 0.0021136908326298
v 0.017706191167235374 -0.028065640479326248 0.00224099587649107
v -0.01900087669491768 0.03269112855195999 -0.010606437921524048
v -0.019000452011823654 0.0321819968521595 -0.01396809983998537
v -0.018703941255807877 0.033978138118982315 -0.010801318101584911
v -0.01870352029800415 0.033469006419181824 -0.014162987470626831
v -0.01787162944674492 0.035010334104299545 -0.010957544669508934
v -0.017871206626296043 0.034501202404499054 -0.014319206587970257
v -0.01666879467666149 0.0355832576751709 -0.011044163256883621
v -0.016668371856212616 0.03507412597537041 -0.014405825175344944
v -0.015333668328821659 0.03558344393968582 -0.011044025421142578
v -0.015333245508372784 0.03507431223988533 -0.014405687339603901
v -0.014130691066384315 0.03501085191965103 -0.010957152582705021
v -0.014130269177258015 0.03450172021985054 -0.014318814501166344
v -0.013298127800226212 0.033978886902332306 -0.010800757445394993
v -0.013297704979777336 0.033469755202531815 -0.014162419363856316
v -0.013000876642763615 0.03269195929169655 -0.010605808347463608
v -0.01300045382231474 0.03218282759189606 -0.01396747026592493
v -0.015332958661019802 0.029799828305840492 -0.01016808208078146
v -0.016668085008859634 0.02979964390397072 -0.010168220847845078
v -0.017871061339974403 0.03037223592400551 -0.01025509275496006
v -0.018703626468777657 0.03140419349074364 -0.010411487892270088
v -0.018382612615823746 0.03405070677399635 -0.01081226859241724
v -0.017376165837049484 0.03504607081413269 -0.010962897911667824
v -0.016001209616661072 0.03541053831577301 -0.011017921380698681
v -0.01462616492062807 0.035046450793743134 -0.010962603613734245
v -0.013619473204016685 0.03405136615037918 -0.010811774991452694
v -0.013297812081873417 0.03140493854880333 -0.010410926304757595
v -0.0141301229596138 0.030372753739356995 -0.010254700668156147
v -0.017701322212815285 0.03323039039969444 -0.007046889513731003
v -0.017473669722676277 0.03407083824276924 -0.007174150552600622
v -0.016851501539349556 0.034686148166656494 -0.007267265114933252
v -0.01600152999162674 0.03491145744919777 -0.007301277946680784
v -0.015151502564549446 0.0346863828599453 -0.007267087697982788
v -0.014529183506965637 0.034071244299411774 -0.007173839490860701
v -0.014301324263215065 0.03323085978627205 -0.007046534214168787
v 0.012999122962355614 0.03269555792212486 -0.010603087954223156
v 0.01299954578280449 0.03218642622232437 -0.013964749872684479
v 0.01329605933278799 0.033982571214437485 -0.01079796813428402
v 0.013296480290591717 0.033473435789346695 -0.014159630052745342
v 0.014128370210528374 0.035014763474464417 -0.010954194702208042
v 0.0141287911683321 0.034505631774663925 -0.014315856620669365
v 0.015331205911934376 0.03558768704533577 -0.01104081328958273
v 0.015331627801060677 0.03507855534553528 -0.014402475208044052
v 0.016666332259774208 0.03558787330985069 -0.011040675453841686
v 0.016666755080223083 0.0350787416100502 -0.014402337372303009
v 0.017869308590888977 0.0350152812898159 -0.010953802615404129
v 0.017869729548692703 0.03450614959001541 -0.014315464533865452
v 0.01870187185704708 0.03398331627249718 -0.010797407478094101
v 0.018702296540141106 0.033474184572696686 -0.014159069396555424
v 0.018999122083187103 0.03269638866186142 -0.010602458380162716
v 0.01899954490363598 0.03218725696206093 -0.013964120298624039
v 0.014623833820223808 0.03505050018429756 -0.010959540493786335
v 0.01599879190325737 0.03541496768593788 -0.011014571413397789
v 0.017373835667967796 0.0350508838891983 -0.010959253646433353
v 0.018380526453256607 0.03405579552054405 -0.010808425024151802
v 0.01870218850672245 0.0314093716442585 -0.010407576337456703
v 0.017869876697659492 0.030377183109521866 -0.01025135163217783
v 0.016667040064930916 0.029804259538650513 -0.010164732113480568
v 0.015331915579736233 0.02980407327413559 -0.010164870880544186
v 0.01412893831729889 0.03037666529417038 -0.010251742787659168
v 0.013296375051140785 0.03140862286090851 -0.010408137924969196
v 0.013617387041449547 0.034055136144161224 -0.010808918625116348
v 0.014298675581812859 0.033234819769859314 -0.007043539546430111
v 0.01452632900327444 0.03407526761293411 -0.00717080058529973
v 0.015148499049246311 0.034690577536821365 -0.0072639151476323605
v 0.015998469665646553 0.03491588681936264 -0.007297927979379892
v 0.016848497092723846 0.03469081595540047 -0.007263737730681896
v 0.017470816150307655 0.034075673669576645 -0.007170489523559809
v 0.017698675394058228 0.03323528915643692 -0.0070431847125291824
v -0.018993360921740532 -0.028609802946448326 -0.001322257099673152
v -0.018992938101291656 -0.029118934646248817 -0.004683919250965118
v -0.01869642734527588 -0.027322787791490555 -0.001517138327471912
v -0.018696004524827003 -0.027831921353936195 -0.0048788078129291534
v -0.01786411553621292 -0.02629059925675392 -0.0016733638476580381
v -0.017863692715764046 -0.026799732819199562 -0.005035025998950005
v -0.016661278903484344 -0.02571767568588257 -0.001759982667863369
v -0.01666085608303547 -0.02622680738568306 -0.005121644586324692
v -0.015326153486967087 -0.025717489421367645 -0.0017598444828763604
v -0.015325730666518211 -0.026226622983813286 -0.005121506750583649
v -0.014123176224529743 -0.026290081441402435 -0.0016729718772694468
v -0.014122753404080868 -0.026799215003848076 -0.0050346339121460915
v -0.01329061295837164 -0.027322040870785713 -0.0015165770892053843
v -0.013290190137922764 -0.027831172570586205 -0.004878239240497351
v -0.012993361800909042 -0.02860897220671177 -0.0013216276420280337
v -0.012992938980460167 -0.02911810390651226 -0.004683289676904678
v -0.01532544381916523 -0.031501103192567825 -0.0008839018410071731
v -0.016660571098327637 -0.03150128573179245 -0.0008840399677865207
v -0.017863545566797256 -0.03092869557440281 -0.0009709125733934343
v -0.01869611069560051 -0.029896734282374382 -0.0011273076524958014
v -0.0183750968426466 -0.027250220999121666 -0.0015280882362276316
v -0.017368650063872337 -0.026254862546920776 -0.001678717089816928
v -0.015993695706129074 -0.025890395045280457 -0.0017337406752631068
v -0.014618650078773499 -0.026254480704665184 -0.001678423024713993
v -0.013611958362162113 -0.027249563485383987 -0.0015275945188477635
v -0.013290297240018845 -0.02989598736166954 -0.0011267464142292738
v -0.014122608117759228 -0.030928177759051323 -0.000970520603004843
v -0.017693808302283287 -0.028070541098713875 0.0022372908424586058
v -0.01746615394949913 -0.027230095118284225 0.00211003003641963
v -0.01684398762881756 -0.026614781469106674 0.0020169152412563562
v -0.015994016081094742 -0.026389475911855698 0.0019829024095088243
v -0.015143987722694874 -0.02661454677581787 0.002017092891037464
v -0.014521668665111065 -0.027229687198996544 0.002110340865328908
v -0.014293809421360493 -0.02807007171213627 0.0022376461420208216
v 0.011274876073002815 -0.012396681122481823 -0.0011443174444139004
v 0.011275621131062508 -0.013295150361955166 -0.007076668553054333
v 0.011439522728323936 -0.011788840405642986 -0.0012363557470962405
v 0.011440268717706203 -0.01268730964511633 -0.007168706972151995
v 0.011889496818184853 -0.011343822814524174 -0.0013036996824666858
v 0.01189024280756712 -0.012242292053997517 -0.00723605090752244
v 0.01250422652810812 -0.011180873960256577 -0.0013283028965815902
v 0.012504972517490387 -0.01207934319972992 -0.007260654121637344
v 0.01311899721622467 -0.011343652382493019 -0.001303573721088469
v 0.013119742274284363 -0.012242120690643787 -0.00723591772839427
v 0.013569079339504242 -0.011788546107709408 -0.0012361383996903896
v 0.013569826260209084 -0.012687014415860176 -0.007168482523411512
v 0.013733875006437302 -0.012396341189742088 -0.0011440656380727887
v 0.013734620995819569 -0.013294809497892857 -0.00707640964537859
v 0.012504284270107746 -0.012285885401070118 -0.0004137633659411222
v -0.013728760182857513 0.017261596396565437 -0.005639285314828157
v -0.013728014193475246 0.016363129019737244 -0.011571628972887993
v -0.013564112596213818 0.017869438976049423 -0.005731324199587107
v -0.013563367538154125 0.01697096973657608 -0.011663667857646942
v -0.013114139437675476 0.018314454704523087 -0.005798660218715668
v -0.013113394379615784 0.017415985465049744 -0.011731011793017387
v -0.012499408796429634 0.01847740262746811 -0.005823263432830572
v -0.012498663738369942 0.017578933387994766 -0.011755614541471004
v -0.011884639039635658 0.018314624205231667 -0.005798534024506807
v -0.011883893050253391 0.017416154965758324 -0.01173088513314724
v -0.011434556916356087 0.017869733273983 -0.005731099285185337
v -0.01143381092697382 0.016971265897154808 -0.01166344340890646
v -0.011269760318100452 0.017261937260627747 -0.005639026407152414
v -0.011269014328718185 0.016363468021154404 -0.01157137006521225
v -0.012499351985752583 0.017372392117977142 -0.004908724222332239
v -0.01372512336820364 -0.012400142848491669 -0.0011469402816146612
v -0.013724378310143948 -0.013298611156642437 -0.00707928417250514
v -0.013560476712882519 -0.011792302131652832 -0.0012389785842970014
v -0.013559731654822826 -0.0126907704398036 -0.007171322591602802
v -0.013110502623021603 -0.011347283609211445 -0.0013063151855021715
v -0.01310975756496191 -0.012245752848684788 -0.0072386665269732475
v -0.012495772913098335 -0.011184334754943848 -0.001330918399617076
v -0.012495027855038643 -0.01208280399441719 -0.007263269741088152
v -0.01188100315630436 -0.01134711317718029 -0.0013061893405392766
v -0.011880257166922092 -0.012245583347976208 -0.0072385407984256744
v -0.011430920101702213 -0.011792006902396679 -0.0012387539027258754
v -0.011430174112319946 -0.012690475210547447 -0.007171097677201033
v -0.011266124434769154 -0.01239980198442936 -0.0011466811411082745
v -0.011265378445386887 -0.013298270292580128 -0.007079025264829397
v -0.012495716102421284 -0.012289347127079964 -0.0004163788980804384
v 0.011271239258348942 0.017265059053897858 -0.00563666271045804
v 0.011271984316408634 0.016366589814424515 -0.011569013819098473
v 0.011435886844992638 0.017872901633381844 -0.005728701129555702
v 0.011436632834374905 0.0169744323939085 -0.011661052703857422
v 0.01188586000353098 0.018317915499210358 -0.00579604459926486
v 0.011886605992913246 0.017419446259737015 -0.011728395707905293
v 0.012500590644776821 0.01848086342215538 -0.0058206478133797646
v 0.012501336634159088 0.017582394182682037 -0.011752999387681484
v 0.013115361332893372 0.018318084999918938 -0.005795918405056
v 0.013116106390953064 0.017419615760445595 -0.011728262528777122
v 0.013565443456172943 0.017873194068670273 -0.0057284836657345295
v 0.01356618944555521 0.01697472669184208 -0.011660827323794365
v 0.013730238191783428 0.017265398055315018 -0.005636410787701607
v 0.01373098511248827 0.016366930678486824 -0.01156875491142273
v 0.012500648386776447 0.017375852912664413 -0.004906108602881432
v 0.017478536814451218 -0.028906086459755898 0.002368256915360689
v 0.016856370493769646 -0.02952140010893345 0.0024613640271127224
v 0.01600639708340168 -0.029746707528829575 0.002495384542271495
v -0.016851145774126053 0.031774863600730896 -0.006826343946158886
v -0.017473462969064713 0.03239000588655472 -0.006919584237039089
v 0.01452653482556343 0.03239443525671959 -0.006916234735399485
v 0.014534049667418003 -0.02890649624168873 0.0023679458536207676
v 0.01747102290391922 0.03239484503865242 -0.006915923673659563
v 0.0168488547205925 0.03177953138947487 -0.0068228160962462425
v 0.015998883172869682 0.03155422583222389 -0.006788795813918114
v -0.01600111834704876 0.03154979273676872 -0.006792145781219006
v -0.017465949058532715 -0.0289109256118536 0.0023645961191505194
v -0.016843630000948906 -0.029526066035032272 0.0024578366428613663
v -0.015993602573871613 -0.029751136898994446 0.002492034574970603
v -0.015143631026148796 -0.02952583134174347 0.002458014292642474
v -0.014521462842822075 -0.028910517692565918 0.0023649069480597973
v 0.015156370587646961 -0.0295216366648674 0.002461186610162258
v -0.015151145868003368 0.0317750982940197 -0.006826166063547134
v -0.014528977684676647 0.03239041194319725 -0.006919273640960455
v 0.015148855745792389 0.031779296696186066 -0.006822993978857994
v 0.012137624435126781 0.009109717793762684 -0.010469833388924599
v -0.017870638519525528 0.029863104224205017 -0.013616754673421383
v -0.01666766218841076 0.029290512204170227 -0.0135298827663064
v -0.0167743768543005 0.023397238925099373 -0.012637346982955933
v -0.016767533496022224 -0.03243085741996765 -0.004182041622698307
v -0.018695689737796783 -0.030405867844820023 -0.004488977137953043
v -0.01786312460899353 -0.03143782913684845 -0.004332574550062418
v 0.01666746474802494 0.029295125976204872 -0.01352639403194189
v 0.01787029765546322 0.029868051409721375 -0.013613013550639153
v 0.018702611327171326 0.03090023808181286 -0.013769238255918026
v -0.01870320364832878 0.030895059928297997 -0.013773157261312008
v -0.014135517179965973 -0.006041675340384245 -0.00817842222750187
v 0.00025423182523809373 -0.006039682775735855 -0.008176912553608418
v 0.00025237485533580184 0.009108072146773338 -0.010471077635884285
v -0.014137374237179756 0.009106079116463661 -0.010472587309777737
v -0.013771858997642994 0.0028594571631401777 -0.009526470676064491
v -0.014339130371809006 0.002298436127603054 -0.009441574104130268
v -0.016772625967860222 0.009105714969336987 -0.010472860187292099
v -0.01677076891064644 -0.006042039953172207 -0.008178694173693657
v 0.011161057278513908 0.000769443460740149 -0.009206797927618027
v 0.013278466649353504 0.00020879357180092484 -0.009121624752879143
v 0.016529232263565063 -0.006037429440766573 -0.008175207301974297
v 0.012503491714596748 3.3649291708570672e-06 -0.009090610779821873
v 0.012139481492340565 -0.0060380371287465096 -0.008175667375326157
v 0.011728466488420963 0.00020857964409515262 -0.009121782146394253
v 0.013845736160874367 0.0007698145927861333 -0.009206521324813366
v 0.01652737520635128 0.009110325016081333 -0.010469373315572739
v 0.013304310850799084 -0.030401436612010002 -0.004485619720071554
v 0.012142715975642204 -0.032426852732896805 -0.004179014824330807
v 0.012141233310103416 -0.020329559221863747 -0.006011180579662323
v 0.014136875048279762 -0.03143339604139328 -0.004329224582761526
v 0.015339851379394531 -0.03200598806142807 -0.004242352209985256
v 0.016532467678189278 -0.032426245510578156 -0.004178554750978947
v 0.016674978658556938 -0.032005805522203445 -0.004242213908582926
v 0.017877813428640366 -0.031432878226041794 -0.0043288329616189
v 0.018710125237703323 -0.03040068969130516 -0.004485058598220348
v -0.013297389261424541 0.030895808711647987 -0.013772588223218918
v -0.015332536771893501 0.02929069660604 -0.013529743999242783
v -0.014139126054942608 0.023397602140903473 -0.012637075036764145
v -0.014129700139164925 0.029863622039556503 -0.013616363517940044
v 0.00025062283384613693 0.02339959517121315 -0.012635565362870693
v 0.013296796008944511 0.030899491161108017 -0.013769799843430519
v 0.01213587261736393 0.02340124174952507 -0.012634320184588432
v 0.01412936020642519 0.02986753359436989 -0.013613405637443066
v 0.015332336537539959 0.0292949415743351 -0.013526532799005508
v 0.0002559838176239282 -0.020331203937530518 -0.006012425292283297
v -0.014132282696664333 -0.0324304923415184 -0.004181769210845232
v -0.014122185297310352 -0.031437311321496964 -0.004332182463258505
v 0.00025746686151251197 -0.032428499311208725 -0.00418025953695178
v -0.01328987441956997 -0.030405119061470032 -0.00448840856552124
v -0.01666014827787876 -0.03201042115688324 -0.004245702177286148
v -0.015325021930038929 -0.03201023489236832 -0.004245563875883818
v -0.014133765362203121 -0.020333196967840195 -0.006013934966176748
v 0.012501634657382965 0.015151123516261578 -0.011384776793420315
v 0.013116364367306232 0.01531407330185175 -0.01140937302261591
v 0.016525622457265854 0.02340184897184372 -0.012633860111236572
v 0.013566338457167149 0.015759091824293137 -0.011476716957986355
v 0.011436781845986843 0.01575879566371441 -0.011476941406726837
v 0.01188686490058899 0.01531390193849802 -0.01140950620174408
v 0.01653098315000534 -0.020328950136899948 -0.006010720506310463
v 0.012505270540714264 -0.014510615728795528 -0.006892431993037462
v 0.013120000250637531 -0.014347665943205357 -0.00691702775657177
v 0.013569975271821022 -0.013902650214731693 -0.006984371226280928
v 0.011440417729318142 -0.013902945443987846 -0.006984596140682697
v 0.011890500783920288 -0.014347837306559086 -0.00691716093569994
v -0.013109499588608742 -0.014351298101246357 -0.006919776555150747
v -0.012494729831814766 -0.0145140765234828 -0.0068950471468269825
v -0.011430025100708008 -0.013906111009418964 -0.006986986845731735
v -0.011879999190568924 -0.014351127669215202 -0.006919650360941887
v -0.013559582643210888 -0.013906406238675117 -0.0069872112944722176
v -0.016769016161561012 -0.020333562046289444 -0.006014207378029823
v -0.013563218526542187 0.015755334869027138 -0.011479556560516357
v -0.013113136403262615 0.015310441143810749 -0.0114121213555336
v -0.012498365715146065 0.015147662721574306 -0.01138739287853241
v -0.011883635073900223 0.015310611575841904 -0.011411995626986027
v -0.011433661915361881 0.015755631029605865 -0.011479332111775875
v 0.01311561930924654 0.016212541610002518 -0.005477028898894787
v 0.012500888668000698 0.016049593687057495 -0.005452425684779882
v 0.013565592467784882 0.01665755920112133 -0.005544372834265232
v 0.011436035856604576 0.016657264903187752 -0.005544590298086405
v 0.011886118911206722 0.016212372109293938 -0.00547715462744236
v -0.011880745179951191 -0.01345265842974186 -0.0009872991358861327
v -0.012495474889874458 -0.013615607284009457 -0.0009626959799788892
v -0.011430771090090275 -0.013007642701268196 -0.0010546428384259343
v -0.01356032770127058 -0.01300793793052435 -0.0010548675199970603
v -0.013110244646668434 -0.013452828861773014 -0.0009874250972643495
v -0.01188438106328249 0.016209080815315247 -0.005479644518345594
v -0.012499110773205757 0.016046131029725075 -0.00545504130423069
v -0.011434407904744148 0.01665409840643406 -0.00554698845371604
v -0.013563963584601879 0.01665380410850048 -0.005547212902456522
v -0.013113881461322308 0.016208911314606667 -0.0054797702468931675
v 0.013119255192577839 -0.013449197635054588 -0.000984683632850647
v 0.012504524551331997 -0.013612146489322186 -0.0009600804769434035
v 0.01356922835111618 -0.013004181906580925 -0.0010520273353904486
v 0.011439671739935875 -0.013004475273191929 -0.0010522446827962995
v 0.011889754794538021 -0.013449367135763168 -0.0009848095942288637
v 0.013585872948169708 0.0009630100685171783 -0.008932389318943024
v 0.01312839612364769 0.0005105730961076915 -0.008863922208547592
v 0.012503418140113354 0.0003449074283707887 -0.008838915266096592
v 0.01187839638441801 0.0005103997536934912 -0.008864055387675762
v 0.011420809663832188 0.0009627105318941176 -0.00893261469900608
v -0.014079340733587742 0.0021950844675302505 -0.009122466668486595
v -0.013621864840388298 0.0026475214399397373 -0.009190933778882027
v 0.01335061527788639 -0.02833585813641548 -0.004292753059417009
v 0.01362526137381792 -0.02768005058169365 -0.004392039496451616
v 0.014062218368053436 -0.027116868644952774 -0.004477279726415873
v 0.014631709083914757 -0.02668469212949276 -0.004542668350040913
v 0.01529492437839508 -0.026412971317768097 -0.004583737347275019
v 0.01600666530430317 -0.02632022462785244 -0.004597692284733057
v 0.01671842858195305 -0.02641277387738228 -0.00458358321338892
v 0.017381709069013596 -0.026684310287237167 -0.0045423745177686214
v 0.01795130781829357 -0.027116330340504646 -0.004476878326386213
v 0.018388399854302406 -0.02767939306795597 -0.00439154589548707
v 0.018663208931684494 -0.028335122391581535 -0.004292197059839964
v -0.018649382516741753 -0.028340289369225502 -0.004296102561056614
v -0.018374737352132797 -0.02768448181450367 -0.004395389463752508
v -0.017937781289219856 -0.027121298015117645 -0.0044806296937167645
v -0.017368290573358536 -0.02668912336230278 -0.0045460183173418045
v -0.016705075278878212 -0.026417400687932968 -0.004587087314575911
v -0.015993334352970123 -0.02632465586066246 -0.004601041786372662
v -0.015281571075320244 -0.02641720324754715 -0.004586933180689812
v -0.014618289656937122 -0.026688741520047188 -0.004545724485069513
v -0.014048692770302296 -0.027120759710669518 -0.004480228293687105
v -0.013611597940325737 -0.027683822438120842 -0.004394895862787962
v -0.013336790725588799 -0.028339553624391556 -0.004295547027140856
v -0.0186568982899189 0.032960645854473114 -0.013580283150076866
v -0.018382251262664795 0.03361644595861435 -0.013679569587111473
v -0.017945295199751854 0.03417963162064552 -0.01376480981707573
v -0.017375804483890533 0.03461180999875069 -0.013830198906362057
v -0.01671259105205536 0.0348835289478302 -0.013871267437934875
v -0.01600085012614727 0.034976277500391006 -0.013885222375392914
v -0.015289085917174816 0.03488372638821602 -0.013871113769710064
v -0.014625804498791695 0.03461218997836113 -0.013829904608428478
v -0.014056208543479443 0.0341801680624485 -0.01376440841704607
v -0.01361911278218031 0.03361710533499718 -0.013679075986146927
v -0.013344306498765945 0.03296137973666191 -0.013579728081822395
v 0.013343100436031818 0.032965075224637985 -0.013576933182775974
v 0.013617746531963348 0.03362087905406952 -0.013676219619810581
v 0.014054703526198864 0.034184060990810394 -0.013761459849774837
v 0.014624194242060184 0.03461623936891556 -0.013826848939061165
v 0.015287409536540508 0.03488795831799507 -0.013867918401956558
v 0.015999149531126022 0.03498070687055588 -0.013881872408092022
v 0.01671091467142105 0.03488815948367119 -0.013867763802409172
v 0.017374195158481598 0.0346166230738163 -0.013826555572450161
v 0.017943792045116425 0.03418459743261337 -0.013761058449745178
v 0.01838088594377041 0.03362153843045235 -0.013675726018846035
v 0.018655695021152496 0.03296580910682678 -0.013576378114521503
v 0.018642758950591087 0.03295488655567169 -0.01362529769539833
v 0.018607409670948982 0.03294004127383232 -0.013660070486366749
v 0.01833759993314743 0.03358384966850281 -0.013757610693573952
v 0.017908452078700066 0.03413667157292366 -0.013841390609741211
v 0.017349209636449814 0.03456083685159683 -0.013905700296163559
v 0.016697989776730537 0.03482743725180626 -0.01394615974277258
v 0.015999166294932365 0.03491830453276634 -0.013960009440779686
v 0.015300367027521133 0.03482724353671074 -0.01394630502909422
v 0.01464921049773693 0.03456046059727669 -0.013905982486903667
v 0.014090074226260185 0.03413614258170128 -0.013841787353157997
v 0.013661062344908714 0.033583201467990875 -0.013758103363215923
v 0.013391410000622272 0.03293931856751442 -0.013660619966685772
v 0.018369290977716446 0.03360742703080177 -0.013724157586693764
v 0.017934326082468033 0.03416774794459343 -0.013809076510369778
v 0.01736750453710556 0.03459765762090683 -0.013874259777367115
v 0.01670745387673378 0.03486787527799606 -0.01391526497900486
v 0.01599915884435177 0.03495996817946434 -0.01392930094152689
v 0.015290884301066399 0.034867677837610245 -0.013915411196649075
v 0.014630901627242565 0.03459727764129639 -0.013874546624720097
v 0.01406418439000845 0.03416721150279045 -0.013809476979076862
v 0.01362935546785593 0.033606767654418945 -0.01372465305030346
v 0.013356049545109272 0.03295415639877319 -0.013625851832330227
v -0.01335723977535963 0.03295045718550682 -0.013628647662699223
v -0.013392590917646885 0.03293560817837715 -0.01366342045366764
v -0.013662399724125862 0.03357941657304764 -0.013760960660874844
v -0.014091548509895802 0.03413224220275879 -0.013844740577042103
v -0.014650789089500904 0.03455640375614166 -0.01390905026346445
v -0.015302009880542755 0.03482300788164139 -0.013949509710073471
v -0.016000833362340927 0.03491387143731117 -0.013963359408080578
v -0.01669963262975216 0.03482281416654587 -0.013949654996395111
v -0.017350787296891212 0.034556031227111816 -0.01390933245420456
v -0.017909923568367958 0.03413171321153641 -0.013845144771039486
v -0.018338937312364578 0.033578768372535706 -0.013761453330516815
v -0.018608590587973595 0.03293488547205925 -0.013663969933986664
v -0.013630708679556847 0.0336029939353466 -0.013727507553994656
v -0.01406567357480526 0.03416331857442856 -0.01381242647767067
v -0.014632496051490307 0.03459322452545166 -0.013877609744668007
v -0.015292545780539513 0.034863442182540894 -0.013918614946305752
v -0.016000842675566673 0.03495553880929947 -0.013932650908827782
v -0.016709115356206894 0.034863248467445374 -0.013918761163949966
v -0.017369098961353302 0.034592848271131516 -0.013877896592020988
v -0.01793581433594227 0.03416278213262558 -0.013812826946377754
v -0.018370643258094788 0.033602338284254074 -0.013728003017604351
v -0.018643951043486595 0.03294972702860832 -0.013629201799631119
v -0.013349724933505058 -0.028350472450256348 -0.004344467539340258
v -0.013385075144469738 -0.028365323320031166 -0.004379239398986101
v -0.01365488488227129 -0.02772151492536068 -0.004476780071854591
v -0.01408403366804123 -0.027168691158294678 -0.004560559522360563
v -0.014643274247646332 -0.026744525879621506 -0.004624869674444199
v -0.015294495038688183 -0.02647792547941208 -0.004665329121053219
v -0.01599331945180893 -0.026387060061097145 -0.004679178353399038
v -0.01669211871922016 -0.0264781191945076 -0.0046654739417135715
v -0.017343273386359215 -0.0267449002712965 -0.004625151865184307
v -0.01790240965783596 -0.02716922014951706 -0.004560964182019234
v -0.01833142153918743 -0.027722163125872612 -0.004477272275835276
v -0.018601076677441597 -0.028366046026349068 -0.004379788879305124
v -0.013623193837702274 -0.027697933837771416 -0.004443326964974403
v -0.014058158732950687 -0.02713761478662491 -0.00452824542298913
v -0.014624981209635735 -0.02670770138502121 -0.004593429155647755
v -0.01528503093868494 -0.026437487453222275 -0.004634434822946787
v -0.015993326902389526 -0.02634538896381855 -0.004648471251130104
v -0.016701599583029747 -0.026437683030962944 -0.004634580574929714
v -0.017361585050821304 -0.026708081364631653 -0.0045937164686620235
v -0.01792830042541027 -0.027138151228427887 -0.004528646357357502
v -0.01836312748491764 -0.027698589488863945 -0.004443822894245386
v -0.018636435270309448 -0.028351204469799995 -0.004345021676272154
v 0.018650272861123085 -0.028346041217446327 -0.004341117572039366
v 0.01861492358148098 -0.028360893949866295 -0.004375889431685209
v 0.018345113843679428 -0.02771708555519581 -0.0044734301045536995
v 0.017915965989232063 -0.027164261788129807 -0.004557209555059671
v 0.01735672540962696 -0.026740094646811485 -0.004621519707143307
v 0.016705503687262535 -0.026473496109247208 -0.004661979153752327
v 0.016006682068109512 -0.026382628828287125 -0.0046758283860981464
v 0.015307881869375706 -0.02647368796169758 -0.004662124440073967
v 0.014656725339591503 -0.02674046903848648 -0.004621801897883415
v 0.014097589068114758 -0.02716478891670704 -0.004557606764137745
v 0.013668577186763287 -0.02771773375570774 -0.004473922774195671
v 0.013398924842476845 -0.028361616656184196 -0.004376438912004232
v 0.018376804888248444 -0.027693504467606544 -0.0044399769976735115
v 0.01794183999300003 -0.027133185416460037 -0.004524895455688238
v 0.017375018447637558 -0.02670327201485634 -0.00459007965400815
v 0.016714969649910927 -0.026433058083057404 -0.004631084855645895
v 0.016006674617528915 -0.02634095959365368 -0.004645121283829212
v 0.015298399142920971 -0.026433253660798073 -0.004631230607628822
v 0.014638416469097137 -0.026703650131821632 -0.004590366501361132
v 0.014071699231863022 -0.027133719995617867 -0.00452529639005661
v 0.013636870309710503 -0.027694160118699074 -0.0044404733926057816
v 0.013363564386963844 -0.028346773236989975 -0.004341671708971262
v -0.0030696140602231026 -0.03425398841500282 0.026842478662729263
v -0.0030694929882884026 -0.0352427139878273 0.026992222294211388
v -0.002652502618730068 -0.035063400864601135 0.0281758364289999
v -0.002652623923495412 -0.034074679017066956 0.028026090934872627
v -0.0017911848844960332 -0.03492401912808418 0.029095450416207314
v -0.0017913061892613769 -0.033935293555259705 0.02894570678472519
v -0.0006295690545812249 -0.03484787419438362 0.02959728054702282
v -0.0006296902429312468 -0.03385914862155914 0.029447535052895546
v 0.0006380993290804327 -0.034847695380449295 0.029597418382763863
v 0.0006379780825227499 -0.033858973532915115 0.02944767288863659
v 0.001799841527827084 -0.03492351993918419 0.029095826670527458
v 0.0017997203394770622 -0.03393479809165001 0.028946081176400185
v 0.0026613902300596237 -0.03506266698241234 0.02817639708518982
v 0.0026612691581249237 -0.03407394140958786 0.028026651591062546
v 0.0030786776915192604 -0.03524186462163925 0.026992863044142723
v 0.0030785563867539167 -0.034253139048814774 0.02684311755001545
v -0.003069395897909999 -0.036033693701028824 0.027112018316984177
v -0.003069274825975299 -0.0370224192738533 0.02726176381111145
v -0.0026522844564169645 -0.036843106150627136 0.028445376083254814
v -0.002652405761182308 -0.03585438057780266 0.02829563245177269
v -0.0017909667221829295 -0.036703724414110184 0.029364991933107376
v -0.0017910879105329514 -0.035714998841285706 0.029215246438980103
v -0.0006293508922681212 -0.036627575755119324 0.029866820201277733
v -0.0006294720806181431 -0.035638853907585144 0.02971707656979561
v 0.0006383174913935363 -0.036627400666475296 0.029866958037018776
v 0.0006381962448358536 -0.03563867509365082 0.02971721440553665
v 0.0018000596901401877 -0.03670322522521019 0.02936536632478237
v 0.001799938501790166 -0.03571449965238571 0.029215622693300247
v 0.0026616083923727274 -0.03684236854314804 0.028445936739444733
v 0.0026614873204380274 -0.03585364669561386 0.02829619310796261
v 0.003078895853832364 -0.037021566182374954 0.027262404561042786
v 0.0030787745490670204 -0.036032844334840775 0.027112659066915512
v -0.0030691777355968952 -0.037813398987054825 0.02738155983388424
v -0.0030690564308315516 -0.0388021245598793 0.027531305328011513
v -0.002652066294103861 -0.03862281143665314 0.028714917600154877
v -0.002652187366038561 -0.03763408586382866 0.028565172106027603
v -0.0017907485598698258 -0.038483425974845886 0.02963453158736229
v -0.0017908697482198477 -0.03749470412731171 0.029484787955880165
v -0.0006291327299550176 -0.038407281041145325 0.030136361718177795
v -0.0006292539183050394 -0.03741855546832085 0.029986616224050522
v 0.00063853565370664 -0.0384071059525013 0.03013649955391884
v 0.0006384144653566182 -0.03741838037967682 0.029986754059791565
v 0.0018002779688686132 -0.03848293051123619 0.029634907841682434
v 0.0018001566641032696 -0.03749420493841171 0.02948516234755516
v 0.002661826554685831 -0.03862207382917404 0.028715478256344795
v 0.002661705482751131 -0.037633348256349564 0.02856573276221752
v 0.0030791140161454678 -0.038801271468400955 0.0275319442152977
v 0.003078992711380124 -0.03781254589557648 0.027382198721170425
v 0.0030793107580393553 -0.039712049067020416 0.026860760524868965
v 0.003079432062804699 -0.040700770914554596 0.02701050415635109
v 0.0026624416932463646 -0.04088008403778076 0.025826891884207726
v 0.002662320388481021 -0.03989136219024658 0.025677146390080452
v 0.0018011238425970078 -0.04101946949958801 0.024907277897000313
v 0.001801002654246986 -0.040030743926763535 0.02475753240287304
v 0.0006395081873051822 -0.041095614433288574 0.024405447766184807
v 0.0006393869989551604 -0.040106888860464096 0.024255702272057533
v -0.000628160429187119 -0.0410957895219326 0.024405309930443764
v -0.0006282816175371408 -0.04010706767439842 0.02425556629896164
v -0.0017899024533107877 -0.04101996496319771 0.024906901642680168
v -0.0017900236416608095 -0.04003123939037323 0.024757156148552895
v -0.0026514511555433273 -0.04088082164525986 0.025826331228017807
v -0.002651572460308671 -0.03989209607243538 0.025676587596535683
v -0.0030687388498336077 -0.040701624006032944 0.027009865269064903
v -0.0030688601545989513 -0.039712898433208466 0.02686011977493763
v -0.0030689595732837915 -0.039593104273080826 0.027651101350784302
v -0.003068838268518448 -0.040581826120615005 0.027800844982266426
v -0.002651848131790757 -0.04040251672267914 0.02898445911705494
v -0.002651969203725457 -0.03941379114985466 0.028834713622927666
v -0.0017905303975567222 -0.04026313126087189 0.029904073104262352
v -0.001790651585906744 -0.03927440568804741 0.02975432761013508
v -0.000628914509434253 -0.040186986327171326 0.030405903235077858
v -0.0006290357559919357 -0.03919826075434685 0.030256157740950584
v 0.0006387538160197437 -0.0401868112385273 0.030406039208173752
v 0.0006386326276697218 -0.03919808566570282 0.030256295576691628
v 0.001800496131181717 -0.04026263579726219 0.029904449358582497
v 0.001800374942831695 -0.039273910224437714 0.029754703864455223
v 0.0026620447169989347 -0.04040177911520004 0.02898501791059971
v 0.0026619236450642347 -0.039413053542375565 0.028835274279117584
v 0.0030793321784585714 -0.040580976754426956 0.02780148573219776
v 0.0030792108736932278 -0.03959225118160248 0.027651740238070488
v 0.0030790925957262516 -0.037932343780994415 0.026591219007968903
v 0.0030792139004915953 -0.03892106935381889 0.026740964502096176
v 0.002662223530933261 -0.03910038247704506 0.025557352229952812
v 0.0026621022261679173 -0.03811165690422058 0.02540760673582554
v 0.001800905680283904 -0.03923976421356201 0.02463773638010025
v 0.0018007844919338822 -0.038251038640737534 0.024487990885972977
v 0.0006392900249920785 -0.03931590914726257 0.024135906249284744
v 0.0006391687784343958 -0.038327183574438095 0.02398616261780262
v -0.0006283785915002227 -0.0393160879611969 0.02413577027618885
v -0.0006284997798502445 -0.03832736238837242 0.023986024782061577
v -0.0017901206156238914 -0.03924025967717171 0.024637361988425255
v -0.0017902418039739132 -0.03825153782963753 0.02448761649429798
v -0.002651669317856431 -0.039101116359233856 0.025556791573762894
v -0.0026517906226217747 -0.03811239078640938 0.02540704607963562
v -0.003068957244977355 -0.03892191872000694 0.02674032375216484
v -0.003069078316912055 -0.037933193147182465 0.026590580120682716
v 0.003078874433413148 -0.036152638494968414 0.02632167935371399
v 0.0030789957381784916 -0.03714136406779289 0.026471422985196114
v 0.0026620053686201572 -0.03732067719101906 0.02528781071305275
v 0.0026618840638548136 -0.03633195161819458 0.025138065218925476
v 0.0018006875179708004 -0.03746005892753601 0.024368196725845337
v 0.0018005662132054567 -0.03647133335471153 0.024218451231718063
v 0.000639071804471314 -0.03753620386123657 0.02386636659502983
v 0.0006389506161212921 -0.03654748201370239 0.023716621100902557
v -0.0006285967538133264 -0.0375363826751709 0.023866228759288788
v -0.0006287180003710091 -0.03654765710234642 0.023716483265161514
v -0.001790338777936995 -0.037460558116436005 0.024367820471525192
v -0.0017904599662870169 -0.036471832543611526 0.02421807497739792
v -0.0026518874801695347 -0.037321411073207855 0.02528725005686283
v -0.0026520087849348783 -0.036332689225673676 0.025137506425380707
v -0.0030691754072904587 -0.03714221343398094 0.026470784097909927
v -0.0030692964792251587 -0.03615349158644676 0.026321038603782654
v 0.0030786562711000443 -0.03437293320894241 0.026052137836813927
v 0.003078777575865388 -0.03536165878176689 0.0262018833309412
v 0.0026617872063070536 -0.03554097190499306 0.025018269196152687
v 0.00266166590154171 -0.03455224633216858 0.024868525564670563
v 0.001800469239242375 -0.03568035364151001 0.024098655208945274
v 0.001800348050892353 -0.03469163179397583 0.023948909714818
v 0.0006388536421582103 -0.03575650230050087 0.02359682507812977
v 0.0006387324538081884 -0.03476777672767639 0.023447081446647644
v -0.00062881491612643 -0.0357566773891449 0.023596689105033875
v -0.0006289361626841128 -0.03476795181632042 0.0234469436109066
v -0.0017905569402500987 -0.035680852830410004 0.02409827895462513
v -0.0017906781286001205 -0.034692127257585526 0.023948535323143005
v -0.0026521056424826384 -0.03554170951247215 0.025017710402607918
v -0.002652226947247982 -0.034552983939647675 0.024867964908480644
v -0.0030693935696035624 -0.03536251187324524 0.026201242581009865
v -0.0030695146415382624 -0.03437378630042076 0.02605149894952774
v 0.0016875602304935455 -0.0352533683180809 0.020239997655153275
v 0.006492001004517078 -0.03437246009707451 0.02605249732732773
v 0.006283006630837917 -0.03456450253725052 0.024784674867987633
v 5.328419319994282e-06 -0.03528676554560661 0.020020846277475357
v -0.0016769581707194448 -0.03525383397936821 0.02023964747786522
v 0.0032550955656915903 -0.03515591844916344 0.020882166922092438
v 0.0046011097729206085 -0.03500105440616608 0.021903594955801964
v 0.005633873865008354 -0.03479933366179466 0.023234665393829346
v -0.00324465474113822 -0.035156819969415665 0.02088148333132267
v -0.004590925760567188 -0.03500232845544815 0.021902630105614662
v -0.005624024197459221 -0.03480089455842972 0.02323349006474018
v -0.006273547187447548 -0.0345662422478199 0.024783361703157425
v -0.00648285960778594 -0.034374259412288666 0.02605113759636879
v -0.0063774315640330315 -0.03536296635866165 0.026200897991657257
v -0.006171905901283026 -0.03555087745189667 0.02496001310646534
v -0.0016496466705575585 -0.036227352917194366 0.020489774644374847
v 5.436641913547646e-06 -0.03625975176692009 0.020274512469768524
v 0.0016604658449068666 -0.036226894706487656 0.020490117371082306
v 0.0032026530243456364 -0.03613102063536644 0.021121904253959656
v 0.004526901990175247 -0.035978659987449646 0.02212681621313095
v 0.005542965605854988 -0.035780202597379684 0.02343636192381382
v 0.00618160143494606 -0.03554916754364967 0.024961305782198906
v 0.006386815570294857 -0.03536120057106018 0.026202235370874405
v -0.003191992873325944 -0.036131903529167175 0.021121235564351082
v -0.004516493529081345 -0.03597991541028023 0.022125862538814545
v -0.005532886832952499 -0.03578173741698265 0.023435203358530998
v 0.001638790243305266 -0.037005715072155 0.020690210163593292
v 0.006302661262452602 -0.0361521914601326 0.026322022080421448
v 0.006100477650761604 -0.03633689880371094 0.025102606043219566
v 5.523342224478256e-06 -0.03703813999891281 0.02047744020819664
v -0.001627797377295792 -0.03700616583228111 0.02068987488746643
v 0.003160699736326933 -0.03691110014915466 0.02131369151175022
v 0.004467535298317671 -0.03676074743270874 0.022305389866232872
v 0.005470238626003265 -0.0365648977458477 0.02359771728515625
v -0.0031498633325099945 -0.0369119755923748 0.021313032135367393
v -0.004456948023289442 -0.03676198050379753 0.02230445295572281
v -0.005459976848214865 -0.03656641021370888 0.023596569895744324
v -0.00609059352427721 -0.03633858636021614 0.02510133385658264
v -0.006293084006756544 -0.03615393489599228 0.026320703327655792
v -0.006187643390148878 -0.03714264556765556 0.026470456272363663
v -0.005988952703773975 -0.037323225289583206 0.025277983397245407
v -0.0016004858771339059 -0.03797968477010727 0.02094000019133091
v 5.631331987387966e-06 -0.03801112622022629 0.020731104537844658
v 0.0016116960905492306 -0.03797924146056175 0.02094033733010292
v 0.0031082574278116226 -0.037886202335357666 0.02155342698097229
v 0.004393327049911022 -0.03773835301399231 0.02252861112356186
v 0.005379329901188612 -0.037545762956142426 0.023799415677785873
v 0.0059990729205310345 -0.03732156381011009 0.02527923695743084
v 0.006197463721036911 -0.03714093193411827 0.026471750810742378
v -0.0030972009990364313 -0.03788706287741661 0.02155277691781521
v -0.004382515791803598 -0.03773956745862961 0.02252768725156784
v -0.005368838552385569 -0.03754725307226181 0.02379828318953514
v 0.001590020372532308 -0.038758061826229095 0.021140431985259056
v 0.006113299168646336 -0.03793192282319069 0.02659153752028942
v 0.005917948670685291 -0.038109298795461655 0.025420544669032097
v 5.718032753065927e-06 -0.03878951445221901 0.020934032276272774
v -0.0015786365838721395 -0.038758501410484314 0.021140100434422493
v 0.003066303674131632 -0.03866628557443619 0.021745214238762856
v 0.004333960358053446 -0.038520436733961105 0.02270718477666378
v 0.005306603852659464 -0.03833045810461044 0.023960771039128304
v -0.003055071458220482 -0.03866713121533394 0.02174457348883152
v -0.004322970751672983 -0.03852163627743721 0.022706275805830956
v -0.005295929033309221 -0.03833192586898804 0.023959659039974213
v -0.0059076398611068726 -0.03811093419790268 0.02541930414736271
v -0.00610328558832407 -0.03793361410498619 0.026590261608362198
v -0.005997830536216497 -0.038922324776649475 0.02674001455307007
v -0.005805999506264925 -0.039095573127269745 0.025595955550670624
v -0.0015513249672949314 -0.03973202034831047 0.02139022760093212
v 5.826022515975637e-06 -0.039762500673532486 0.02118769846856594
v 0.001562926103360951 -0.03973158821463585 0.021390551701188087
v 0.0030138613656163216 -0.03964138776063919 0.021984951570630074
v 0.004259753040969372 -0.039498042315244675 0.02293039858341217
v 0.005215695593506098 -0.039311327040195465 0.02416246011853218
v 0.005816543009132147 -0.03909396380186081 0.02559717558324337
v 0.006008087191730738 -0.03892066329717636 0.02674127370119095
v -0.003002409590408206 -0.03964221850037575 0.021984325721859932
v -0.004248538985848427 -0.03949921950697899 0.022929510101675987
v -0.0052047912031412125 -0.03931276872754097 0.02416137233376503
v -0.005913560278713703 -0.039593495428562164 0.027650801464915276
v -0.0057250685058534145 -0.03942345455288887 0.028773384168744087
v 0.005923811811953783 -0.03959185630083084 0.027652040123939514
v 0.005735037848353386 -0.039421867579221725 0.02877458557486534
v -0.004190035630017519 -0.03902502357959747 0.03140288591384888
v -0.005132618360221386 -0.03920913115143776 0.030188044533133507
v 4.438557880348526e-06 -0.038764260709285736 0.03312122821807861
v -0.001530899666249752 -0.03879474103450775 0.032921213656663895
v -0.0029615568928420544 -0.03888368234038353 0.03233512118458748
v 0.0051422324031591415 -0.03920770809054375 0.030189121142029762
v 0.004199344199150801 -0.03902386128902435 0.031403761357069016
v 0.0029706310015171766 -0.03888286277651787 0.032335735857486725
v 0.0015398268587887287 -0.03879431635141373 0.03292153403162956
v 0.005818585399538279 -0.04058059677481651 0.02780177630484104
v 0.005633639637380838 -0.040414679795503616 0.028897423297166824
v 0.0050513362511992455 -0.04020431265234947 0.030286896973848343
v 0.004125155042856932 -0.04002372547984123 0.03148001804947853
v 0.002918211044743657 -0.03988522291183472 0.03239548206329346
v 0.0015127576189115644 -0.039798248559236526 0.03297089785337448
v 4.572703801386524e-06 -0.039768725633621216 0.03316706046462059
v -0.0015035629039630294 -0.039798665791749954 0.03297058492898941
v -0.0029088719747960567 -0.03988603129982948 0.03239487484097481
v -0.004115585703402758 -0.04002486541867256 0.031479157507419586
v -0.0050414674915373325 -0.040205709636211395 0.03028583712875843
v -0.005623421166092157 -0.04041624069213867 0.028896242380142212
v -0.005808091256767511 -0.04058220610022545 0.027800554409623146
v 0.0015412503853440285 -0.04051040858030319 0.021590646356344223
v 0.005923911463469267 -0.03971165418624878 0.02686106041073799
v 0.005735419224947691 -0.03988169506192207 0.02573847584426403
v 5.912441338296048e-06 -0.04054088890552521 0.021390633657574654
v -0.0015294755576178432 -0.04051083326339722 0.021590325981378555
v 0.002971907611936331 -0.040421467274427414 0.02217673882842064
v 0.004200386814773083 -0.04028012976050377 0.02310897409915924
v 0.00514296954497695 -0.04009602218866348 0.02432381734251976
v -0.0029602800495922565 -0.040422286838293076 0.022176122292876244
v -0.004188993014395237 -0.04028128832578659 0.02310810051858425
v -0.005131881218403578 -0.040097445249557495 0.024322738870978355
v -0.005724686663597822 -0.03988328203558922 0.025737276300787926
v -0.005913461092859507 -0.0397132933139801 0.026859819889068604
v -0.0058079916052520275 -0.04070200398564339 0.027009574696421623
v -0.005623046308755875 -0.040867917239665985 0.025913933292031288
v -0.0015021642902866006 -0.04148435220122337 0.021840453147888184
v 6.020663477102062e-06 -0.041513875126838684 0.02164429798722267
v 0.0015141561161726713 -0.041483934968709946 0.021840766072273254
v 0.0029194653034210205 -0.04139656946063042 0.022416481748223305
v 0.004126179032027721 -0.04125773534178734 0.02333219349384308
v 0.005052061285823584 -0.041076887398958206 0.024525513872504234
v 0.005634014960378408 -0.04086636006832123 0.025915106758475304
v 0.005818684585392475 -0.04070039093494415 0.02701079472899437
v -0.0029076177161186934 -0.04139737784862518 0.02241586707532406
v -0.004114561714231968 -0.04125887528061867 0.023331332951784134
v -0.005040743388235569 -0.04107828438282013 0.02452445961534977
v -0.0061033847741782665 -0.03781381994485855 0.02738124132156372
v -0.005908033810555935 -0.037636443972587585 0.028552234172821045
v 0.006113199517130852 -0.03781212866306305 0.027382517233490944
v 0.005917554255574942 -0.03763480857014656 0.028553474694490433
v -0.004324046429246664 -0.037225306034088135 0.03126560151576996
v -0.005296689458191395 -0.0374152809381485 0.030012015253305435
v 4.19638263338129e-06 -0.03695622459053993 0.03303874656558037
v -0.0015801057452335954 -0.036987680941820145 0.032832346856594086
v -0.003056389046832919 -0.03707945719361305 0.032227564603090286
v 0.005305843893438578 -0.0374138168990612 0.03001311980187893
v 0.004332885146141052 -0.03722410649061203 0.031266503036022186
v 0.0030649860855191946 -0.0370786115527153 0.03222820535302162
v 0.0015885509783402085 -0.036987241357564926 0.03283267840743065
v 0.006007988005876541 -0.03880086541175842 0.02753225341439247
v 0.005816156510263681 -0.03862762078642845 0.028676314279437065
v 0.005214948207139969 -0.03841042146086693 0.03011089749634266
v 0.004258695989847183 -0.03822397068142891 0.0313427597284317
v 0.003012566827237606 -0.03808097168803215 0.03228794410824776
v 0.0015614815056324005 -0.037991173565387726 0.032882049679756165
v 4.330810043029487e-06 -0.03796068951487541 0.03308457136154175
v -0.0015527689829468727 -0.03799160569906235 0.0328817181289196
v -0.003003704594448209 -0.038081806153059006 0.032287318259477615
v -0.004249596036970615 -0.03822514787316322 0.03134186938405037
v -0.005205539055168629 -0.03841186314821243 0.03010980784893036
v -0.005806386470794678 -0.03862923011183739 0.02867509238421917
v -0.005997929722070694 -0.038802530616521835 0.02753099426627159
v -0.006293183192610741 -0.03603414073586464 0.027111683040857315
v -0.006090999580919743 -0.0358494333922863 0.0283310916274786
v 0.0063025616109371185 -0.03603239730000496 0.02711300179362297
v 0.006100071594119072 -0.0358477458357811 0.028332365676760674
v -0.004458056762814522 -0.035425588488578796 0.031128307804465294
v -0.005460760556161404 -0.035621438175439835 0.029835980385541916
v 3.95495408156421e-06 -0.03514819219708443 0.032956257462501526
v -0.0016293121734634042 -0.03518061712384224 0.032743487507104874
v -0.0031512214336544275 -0.035275232046842575 0.032120008021593094
v 0.0054694549180567265 -0.03561992198228836 0.029837127774953842
v 0.004466426558792591 -0.03542435169219971 0.031129244714975357
v 0.0031593414023518562 -0.035274356603622437 0.03212066367268562
v 0.0016372756799682975 -0.035180166363716125 0.032743822783231735
v 0.006197364069521427 -0.03702113777399063 0.02726273238658905
v 0.005998672917485237 -0.03684055805206299 0.028455203399062157
v 0.005378559231758118 -0.036616530269384384 0.029934903606772423
v 0.0043922364711761475 -0.036424215883016586 0.031205501407384872
v 0.003106921911239624 -0.036276720464229584 0.032180409878492355
v 0.0016102062072604895 -0.03618409484624863 0.03279319405555725
v 4.089381945959758e-06 -0.03615265712141991 0.033002082258462906
v -0.0016019754111766815 -0.03618454188108444 0.03279285877943039
v -0.0030985367484390736 -0.03627758100628853 0.03217976167798042
v -0.004383606370538473 -0.036425430327653885 0.03120458498597145
v -0.0053696101531386375 -0.03661801666021347 0.029933780431747437
v -0.005989351775497198 -0.036842215806245804 0.028453949838876724
v -0.006187742576003075 -0.037022851407527924 0.027261435985565186
v 0.0063867163844406605 -0.03524140641093254 0.02699320763349533
v 0.0061811902560293674 -0.035053495317697525 0.028234094381332397
v 0.005542170722037554 -0.03482263907790184 0.02975890226662159
v 0.004525777418166399 -0.03462446108460426 0.031068243086338043
v 0.0032012772280722857 -0.03447246924042702 0.032072871923446655
v 0.0016589307924732566 -0.034377019852399826 0.03270433843135834
v 3.847671905532479e-06 -0.0343446210026741 0.03291960060596466
v -0.0016511814901605248 -0.03437747806310654 0.03270398825407028
v -0.0031933689024299383 -0.03447335213422775 0.03207220137119293
v -0.004517617169767618 -0.034625712782144547 0.031067291274666786
v -0.005533681251108646 -0.03482417017221451 0.029757743701338768
v -0.006172317545861006 -0.03505520522594452 0.028232799842953682
v -0.006377531215548515 -0.03524317219853401 0.02699187770485878
v -0.006482959259301424 -0.03425446152687073 0.026842117309570312
v -0.006273964885622263 -0.034062422811985016 0.028109941631555557
v 0.006491901818662882 -0.03425266593694687 0.0268434789031744
v 0.006282588932663202 -0.034060683101415634 0.028111254796385765
v 3.713525757120806e-06 -0.03334015980362892 0.032873768359422684
v -0.0016785184852778912 -0.03337355703115463 0.032654620707035065
v 0.005633065942674875 -0.03382603079080582 0.02966112643480301
v 0.004599967505782843 -0.033624596893787384 0.030991986393928528
v 0.0032536969520151615 -0.03347010537981987 0.03201313316822052
v 0.001686000032350421 -0.033373087644577026 0.03265497460961342
v -0.0032460535876452923 -0.0334710069000721 0.0320124477148056
v -0.004592067562043667 -0.03362586721777916 0.030991021543741226
v -0.0056248316541314125 -0.033827587962150574 0.029659951105713844
v 0.0031090297270566225 -0.0710935890674591 0.03201813995838165
v 0.00310539361089468 -0.04143185168504715 0.02752579376101494
v 0.002869272604584694 -0.04125423729419708 0.028698718175292015
v 0.00287290895357728 -0.07091597467660904 0.03319106251001358
v 0.0021971524693071842 -0.04110373184084892 0.029693013057112694
v 0.0022007888182997704 -0.07076547294855118 0.03418535739183426
v 0.0011913562193512917 -0.04100324213504791 0.030357329174876213
v 0.001194992451928556 -0.07066497951745987 0.03484967350959778
v 5.00829173688544e-06 -0.040968071669340134 0.030590521171689034
v 8.644552508485503e-06 -0.07062981277704239 0.0350828655064106
v -0.001181280706077814 -0.04100356996059418 0.030357077717781067
v -0.0011776444735005498 -0.07066530734300613 0.03484942391514778
v -0.002186909783631563 -0.04110433906316757 0.02969255857169628
v -0.0021832736674696207 -0.07076607644557953 0.03418490290641785
v -0.0028587800916284323 -0.041255030781030655 0.028698110952973366
v -0.002855143742635846 -0.07091677188873291 0.03319045528769493
v -0.0030946063343435526 -0.041432708501815796 0.027525147423148155
v -0.00309097021818161 -0.07109444588422775 0.03201749175786972
v 0.0022013336420059204 -0.07142195850610733 0.029850728809833527
v -0.002854849211871624 -0.07127206027507782 0.03084457665681839
v 0.0011957045644521713 -0.07152272760868073 0.02918620966374874
v 9.415037311555352e-06 -0.07155822962522507 0.02895277366042137
v -0.0011769328266382217 -0.07152305543422699 0.029185958206653595
v -0.0021827288437634706 -0.07142256945371628 0.029850274324417114
v 0.002873203717172146 -0.07127127051353455 0.030845176428556442
v 0.0014911021571606398 -0.040601395070552826 0.033010389655828476
v 0.00555252144113183 -0.04120893031358719 0.028995687142014503
v 0.004978620447218418 -0.04100159928202629 0.0303651150316
v 0.0040658037178218365 -0.040823616087436676 0.03154102712869644
v 0.002876275684684515 -0.040687114000320435 0.03244327753782272
v 0.001192068331874907 -0.04186099022626877 0.024693865329027176
v 0.0028775115497410297 -0.04217664897441864 0.02260826900601387
v 0.0021976972930133343 -0.041760221123695374 0.025358382612466812
v 0.004066812340170145 -0.042039819061756134 0.02351076900959015
v 0.0028695673681795597 -0.04160952940583229 0.026352832093834877
v 0.004979334305971861 -0.041861582547426224 0.024686869233846664
v 0.005552890710532665 -0.04165409132838249 0.02605641447007656
v 0.0057483939453959465 -0.0414314828813076 0.02752607688307762
v -0.0011805691756308079 -0.04186131805181503 0.02469361200928688
v -0.0014803148806095123 -0.04226316511631012 0.022040553390979767
v 5.778776994702639e-06 -0.04189648851752281 0.024460429325699806
v 6.107364242780022e-06 -0.042292263358831406 0.021847225725650787
v 0.0014924808638170362 -0.04226275533437729 0.02204086072742939
v -0.00285848556086421 -0.04161032289266586 0.026352232322096825
v -0.004967833403497934 -0.041862960904836655 0.024685828015208244
v -0.002186365192756057 -0.04176082834601402 0.0253579281270504
v -0.004055016208440065 -0.04204094409942627 0.023509923368692398
v -0.0028654884081333876 -0.04217744618654251 0.02260766364634037
v -0.00496854679659009 -0.04100297763943672 0.03036407195031643
v -0.005542102735489607 -0.041210468858480453 0.028994526714086533
v -0.005737606436014175 -0.041433073580265045 0.027524873614311218
v -0.005541733931750059 -0.04165562987327576 0.02605525404214859
v 4.679986432165606e-06 -0.04057229682803154 0.033203717321157455
v -0.0014816935872659087 -0.04060180485248566 0.033010080456733704
v -0.0028667242731899023 -0.040687911212444305 0.03244267404079437
v -0.004056025296449661 -0.04082474112510681 0.031540174037218094
v 5.242233328317525e-06 -0.03450837731361389 0.019817911088466644
v 0.0017092358320951462 -0.03447454795241356 0.02003990299999714
v 0.006588257849216461 -0.03352157026529312 0.026328198611736298
v 0.006363707594573498 -0.03326643258333206 0.02801298350095749
v 0.005705781746655703 -0.033028744161129 0.029582910239696503
v 0.004659318830817938 -0.03282470256090164 0.030930984765291214
v 0.0032956323120743036 -0.03266821429133415 0.031965337693691254
v 0.0017076554941013455 -0.032569944858551025 0.032615482807159424
v 3.605777919801767e-06 -0.0325365886092186 0.03283711150288582
v 0.003297049319371581 -0.034375835210084915 0.020690379664301872
v 0.00466047553345561 -0.03421897068619728 0.021725019440054893
v 0.005706599913537502 -0.03401464223861694 0.023073308169841766
v 0.0063641308806836605 -0.033776771277189255 0.024643367156386375
v 0.000856181257404387 -0.02126270718872547 0.03047749772667885
v 0.0024948418140411377 -0.02133452706038952 0.030001962557435036
v 0.002496198518201709 -0.02296908013522625 0.019209453836083412
v 0.0008576569962315261 -0.02304135449230671 0.018733568489551544
v -0.0008501210832037032 -0.02304159104824066 0.018733395263552666
v -0.0024901379365473986 -0.021335218101739883 0.030001439154148102
v -0.0024887816980481148 -0.022969771176576614 0.01920893043279648
v -0.000851596996653825 -0.021262943744659424 0.03047732450067997
v 0.003931630868464708 -0.021472588181495667 0.029089229181408882
v 0.005050148349255323 -0.021665701642632484 0.027813244611024857
v 0.0057597775012254715 -0.02189822308719158 0.026277385652065277
v -0.003925570752471685 -0.022831710055470467 0.02012166567146778
v -0.005044087767601013 -0.02263859659433365 0.021397648379206657
v -0.005753717385232449 -0.02240607514977455 0.022933507338166237
v -0.005996969994157553 -0.022152980789542198 0.02460481785237789
v -0.0057541378773748875 -0.021899817511439323 0.026276178658008575
v -0.00392669765278697 -0.021473675966262817 0.02908840775489807
v -0.005044893827289343 -0.021667098626494408 0.027812188491225243
v 0.006003029644489288 -0.022151317447423935 0.02460607700049877
v 0.005760197527706623 -0.02240448072552681 0.02293471433222294
v 0.003932757768779993 -0.022830622270703316 0.020122487097978592
v 0.005050953943282366 -0.022637199610471725 0.02139870449900627
v -0.005996182095259428 -0.02857969142496586 0.025578157976269722
v -0.005753349978476763 -0.028326528146862984 0.027249520644545555
v -0.005044105928391218 -0.028093809261918068 0.028785530477762222
v -0.0039259097538888454 -0.027900386601686478 0.0300617478787899
v -0.0024893502704799175 -0.027761928737163544 0.03097478114068508
v -0.0008508091559633613 -0.027689654380083084 0.03145066648721695
v 0.0008569691563025117 -0.027689417824149132 0.03145084157586098
v 0.0024956294801086187 -0.02776123769581318 0.030975304543972015
v 0.003932418767362833 -0.027899298816919327 0.030062569305300713
v 0.005050935782492161 -0.028092412278056145 0.028786586597561836
v 0.005760565400123596 -0.028324933722615242 0.027250727638602257
v 0.006003817543387413 -0.028578028082847595 0.025579417124390602
v -0.006579409819096327 -0.03352339193224907 0.026326825842261314
v -0.006355282850563526 -0.033268194645643234 0.028011657297611237
v -0.009117710404098034 -0.03352374583482742 0.026326557621359825
v -0.005697752349078655 -0.033030323684215546 0.029581716284155846
v -0.00455762492492795 -0.03234012797474861 0.03413796424865723
v -0.004651627968996763 -0.03282599523663521 0.03093000501394272
v -0.0032882015220820904 -0.032669126987457275 0.03196464478969574
v -0.0017003878019750118 -0.03257041797041893 0.03261512145400047
v 0.0045645092613995075 -0.03233886510133743 0.03413891792297363
v -0.0032867847476154566 -0.03437674790620804 0.020689694210886955
v -0.004650471266359091 -0.03422025963664055 0.021724047139286995
v -0.004555661231279373 -0.03470609709620476 0.01851610839366913
v -0.0056969341821968555 -0.03401621803641319 0.02307211421430111
v -0.006354859564453363 -0.03377852961421013 0.024642040953040123
v 0.009126557968556881 -0.033521220088005066 0.026328466832637787
v 0.004566472489386797 -0.03470483422279358 0.01851706951856613
v -0.0016988072311505675 -0.034475021064281464 0.020039541646838188
v 0.009125951677560806 -0.028577595949172974 0.025579743087291718
v 0.004563902970403433 -0.02739524282515049 0.033390194177627563
v -0.004558230750262737 -0.02739650569856167 0.03338923677802086
v 0.0024969864170998335 -0.02939579077064991 0.020182793959975243
v 0.003933545667678118 -0.029257332906126976 0.021095827221870422
v 0.00456586666405201 -0.029761211946606636 0.017768345773220062
v 0.0050517418421804905 -0.029063910245895386 0.02237204648554325
v 0.005760985426604748 -0.02883119136095047 0.023908056318759918
v -0.009118315763771534 -0.02858012169599533 0.025577833876013756
v -0.005752929951995611 -0.028832783922553062 0.023906849324703217
v -0.004556267522275448 -0.029762474820017815 0.01776738278567791
v -0.0050432998687028885 -0.02906530722975731 0.022370988503098488
v -0.003924782853573561 -0.029258420690894127 0.02109500579535961
v -0.00248799379914999 -0.029396481812000275 0.02018227055668831
v -0.0008493332425132394 -0.029468301683664322 0.019706735387444496
v 0.0008584448369219899 -0.02946806512773037 0.019706910476088524
v 0.018250437453389168 0.03701179847121239 -0.02885456010699272
v 0.018249528482556343 0.04442723095417023 -0.029977645725011826
v 0.018417827785015106 0.037105411291122437 -0.028236590325832367
v 0.01841691881418228 0.044520847499370575 -0.02935967780649662
v 0.018875300884246826 0.03717398643493652 -0.02778417058289051
v 0.018874391913414 0.04458942264318466 -0.028907256200909615
v 0.019500283524394035 0.037199150770902634 -0.027618521824479103
v 0.01949937269091606 0.04461458697915077 -0.028741607442498207
v 0.02012530341744423 0.03717416152358055 -0.027784036472439766
v 0.020124392583966255 0.04458959400653839 -0.02890712395310402
v 0.020582890138030052 0.037105709314346313 -0.02823636122047901
v 0.020581981167197227 0.04452114552259445 -0.029359448701143265
v 0.020750436931848526 0.037012144923210144 -0.02885429747402668
v 0.0207495279610157 0.044427577406167984 -0.029977384954690933
v 0.019500527530908585 0.03626935929059982 -0.028741957619786263
v -0.020749561488628387 0.03700639680027962 -0.028858644887804985
v -0.020750470459461212 0.044421833008527756 -0.02998173050582409
v -0.0205821730196476 0.037100013345479965 -0.028240671381354332
v -0.020583081990480423 0.044515445828437805 -0.029363756999373436
v -0.02012469805777073 0.03716858848929405 -0.027788249775767326
v -0.020125607028603554 0.04458402469754219 -0.02891133725643158
v -0.01949971728026867 0.03719375282526016 -0.027622606605291367
v -0.019500626251101494 0.044609185308218 -0.02874569222331047
v -0.018874695524573326 0.03716875985264778 -0.02778812125325203
v -0.01887560449540615 0.04458419606089592 -0.028911206871271133
v -0.018417106941342354 0.03710031136870384 -0.028240446001291275
v -0.01841801591217518 0.04451574757695198 -0.029363533481955528
v -0.01824956201016903 0.037006743252277374 -0.028858382254838943
v -0.018250470981001854 0.04442217946052551 -0.029981467872858047
v -0.01949947141110897 0.03626396134495735 -0.028746042400598526
v 0.020759647712111473 -0.03813093155622482 -0.01747369021177292
v 0.020760556682944298 -0.04554636776447296 -0.016350602731108665
v 0.02059210278093815 -0.038037363439798355 -0.01685575395822525
v 0.020593011751770973 -0.045452799648046494 -0.015732668340206146
v 0.020134514197707176 -0.037968914955854416 -0.016403429210186005
v 0.02013542316854 -0.045384351164102554 -0.015280342660844326
v 0.019509494304656982 -0.037943921983242035 -0.016237914562225342
v 0.019510403275489807 -0.04535935819149017 -0.015114827081561089
v 0.018884513527154922 -0.037969086319208145 -0.0164035614579916
v 0.018885422497987747 -0.045384522527456284 -0.015280475839972496
v 0.018427040427923203 -0.03803766518831253 -0.016855983063578606
v 0.018427949398756027 -0.04545309767127037 -0.015732895582914352
v 0.018259648233652115 -0.03813127800822258 -0.01747395284473896
v 0.01826055720448494 -0.04554671421647072 -0.016350865364074707
v 0.019509557634592056 -0.037388499826192856 -0.01758628897368908
v -0.018240351229906082 -0.038136329501867294 -0.017477774992585182
v -0.018239442259073257 -0.04555176571011543 -0.01635468751192093
v -0.018407896161079407 -0.038042765110731125 -0.016859838739037514
v -0.018406987190246582 -0.045458197593688965 -0.01573675125837326
v -0.01886548474431038 -0.03797431290149689 -0.016407513990998268
v -0.018864575773477554 -0.045389749109745026 -0.015284426510334015
v -0.019490506500005722 -0.037949323654174805 -0.016241997480392456
v -0.019489597529172897 -0.04536475986242294 -0.015118911862373352
v -0.020115485414862633 -0.037974487990140915 -0.016407642513513565
v -0.020114576444029808 -0.045389920473098755 -0.015284555964171886
v -0.020572960376739502 -0.038043063133955 -0.01686006411910057
v -0.020572051405906677 -0.04545849934220314 -0.015736976638436317
v -0.02074035070836544 -0.03813667595386505 -0.017478035762906075
v -0.020739441737532616 -0.04555211216211319 -0.01635495014488697
v -0.0194904413074255 -0.03739389777183533 -0.017590373754501343
v -0.027994461357593536 -0.0011651251697912812 -0.02712399698793888
v -0.027995456010103226 3.283353362348862e-05 -0.019214197993278503
v -0.027592353522777557 -0.002648155903443694 -0.02689933590590954
v -0.027593348175287247 -0.001450197072699666 -0.01898953877389431
v -0.026494143530726433 -0.003733696648851037 -0.026734789833426476
v -0.026495138183236122 -0.002535737818107009 -0.018824992701411247
v -0.024994095787405968 -0.00413088221102953 -0.02667444758117199
v -0.024995090439915657 -0.002932923613116145 -0.018764648586511612
v -0.023494144901633263 -0.0037332812789827585 -0.026734475046396255
v -0.023495137691497803 -0.0025353224482387304 -0.018824677914381027
v -0.022396201267838478 -0.00264743622392416 -0.026898792013525963
v -0.022397195920348167 -0.0014494776260107756 -0.018988993018865585
v -0.021994460374116898 -0.0011642943136394024 -0.02712336741387844
v -0.021995453163981438 3.366386954439804e-05 -0.019213572144508362
v 0.022005539387464523 -0.001158202881924808 -0.027118761092424393
v 0.022004546597599983 3.975589788751677e-05 -0.019208963960409164
v 0.022407645359635353 -0.0026412333827465773 -0.0268941018730402
v 0.022406650707125664 -0.0014432747848331928 -0.01898430474102497
v 0.02350585348904133 -0.003726774360984564 -0.026729555800557137
v 0.02350485883653164 -0.0025288155302405357 -0.018819758668541908
v 0.025005903095006943 -0.0041239601559937 -0.0266692116856575
v 0.025004908442497253 -0.002926001325249672 -0.018759414553642273
v 0.026505853980779648 -0.0037263587582856417 -0.026729241013526917
v 0.02650485932826996 -0.0025284001603722572 -0.018819443881511688
v 0.027603797614574432 -0.002640513936057687 -0.026893557980656624
v 0.027602802962064743 -0.0014425552217289805 -0.018983758985996246
v 0.028005540370941162 -0.0011573719093576074 -0.027118131518363953
v 0.028004547581076622 4.058679041918367e-05 -0.019208334386348724
v 0.036003150045871735 0.014363432303071022 -0.024815334007143974
v 0.0360037200152874 0.013674605637788773 -0.029363468289375305
v 0.035467494279146194 0.012385908514261246 -0.024515900760889053
v 0.03546806424856186 0.011697081848978996 -0.029064035043120384
v 0.034003570675849915 0.010938115417957306 -0.02429681271314621
v 0.03400414064526558 0.010249288752675056 -0.02884494699537754
v 0.03200363740324974 0.010407979600131512 -0.024216772988438606
v 0.032004207372665405 0.009719152934849262 -0.028764909133315086
v 0.030003570020198822 0.01093756128102541 -0.024297231808304787
v 0.030004139989614487 0.010248735547065735 -0.02884536422789097
v 0.028539292514324188 0.012384949252009392 -0.024516625329852104
v 0.028539862483739853 0.011696123518049717 -0.029064757749438286
v 0.0280031505972147 0.014362324960529804 -0.024816172197461128
v 0.028003722429275513 0.013673498295247555 -0.02936430461704731
v 0.03087838552892208 0.012436135672032833 -0.024524085223674774
v 0.03005472756922245 0.013250293210148811 -0.024647492915391922
v 0.029753150418400764 0.014362567104399204 -0.024815991520881653
v 0.030054455623030663 0.015474924817681313 -0.024984419345855713
v 0.02853880636394024 0.016339847818017006 -0.02511560544371605
v 0.030877912417054176 0.01628931052982807 -0.02510765753686428
v 0.03000272996723652 0.017787644639611244 -0.025334693491458893
v 0.032002877444028854 0.0165875107049942 -0.025152679532766342
v 0.03200266510248184 0.018317777663469315 -0.025414731353521347
v 0.033127911388874054 0.016289621591567993 -0.02510742098093033
v 0.03400273248553276 0.017788199707865715 -0.025334274396300316
v 0.033951569348573685 0.015475464053452015 -0.02498401328921318
v 0.035467009991407394 0.01634080708026886 -0.02511487901210785
v 0.03425314649939537 0.014363190159201622 -0.024815518409013748
v 0.03395184129476547 0.013250832445919514 -0.02464708685874939
v 0.03312838450074196 0.01243644766509533 -0.024523846805095673
v 0.03200342506170273 0.0121382474899292 -0.02447882667183876
v 0.034252725541591644 0.014872322790324688 -0.0214538536965847
v 0.03395141661167145 0.01375996507704258 -0.021285420283675194
v 0.033127959817647934 0.01294557936489582 -0.021162185817956924
v 0.032003000378608704 0.01264737918972969 -0.021117163822054863
v 0.030877962708473206 0.012945268303155899 -0.02116241864860058
v 0.030054306611418724 0.013759425841271877 -0.021285831928253174
v 0.02975272946059704 0.01487169973552227 -0.021454324945807457
v 0.03600678592920303 -0.015298306941986084 -0.02032298780977726
v 0.0360073558986187 -0.015987133607268333 -0.02487112395465374
v 0.03547113016247749 -0.01727583073079586 -0.02002355456352234
v 0.03547170013189316 -0.01796465739607811 -0.02457169070839882
v 0.03400720655918121 -0.01872362568974495 -0.019804466515779495
v 0.034007780253887177 -0.0194124523550272 -0.024352602660655975
v 0.03200727328658104 -0.01925375871360302 -0.01972442865371704
v 0.032007843255996704 -0.01994258537888527 -0.02427256479859352
v 0.03000720590353012 -0.01872417889535427 -0.019804885610938072
v 0.030007775872945786 -0.01941300556063652 -0.024353018030524254
v 0.028542928397655487 -0.017276789993047714 -0.02002428099513054
v 0.02854349836707115 -0.017965616658329964 -0.02457241341471672
v 0.028006786480545998 -0.015299414284527302 -0.020323827862739563
v 0.02800735831260681 -0.015988240018486977 -0.024871960282325745
v 0.03313202038407326 -0.017225289717316628 -0.020031502470374107
v 0.03200706094503403 -0.017523489892482758 -0.019986482337117195
v 0.03088202141225338 -0.0172256026417017 -0.02003174088895321
v 0.03005836345255375 -0.016411444172263145 -0.020155148580670357
v 0.029756786301732063 -0.015299172140657902 -0.02032364532351494
v 0.03005809150636196 -0.014186814427375793 -0.020492073148489
v 0.028542442247271538 -0.013321890495717525 -0.020623261108994484
v 0.030881548300385475 -0.013372429646551609 -0.020615313202142715
v 0.030006365850567818 -0.011874095536768436 -0.020842349156737328
v 0.03200651332736015 -0.013074229471385479 -0.020660333335399628
v 0.03200630098581314 -0.01134396344423294 -0.020922387018799782
v 0.03313155099749565 -0.013372117653489113 -0.020615074783563614
v 0.03400636836886406 -0.01187354139983654 -0.0208419281989336
v 0.033955205231904984 -0.014186275191605091 -0.020491667091846466
v 0.03547064587473869 -0.013320931233465672 -0.020622534677386284
v 0.03425678238272667 -0.015298549085855484 -0.020323174074292183
v 0.03395548090338707 -0.01641090400516987 -0.020154740661382675
v 0.03425636142492294 -0.014789416454732418 -0.016961507499217987
v 0.03395505249500275 -0.015901772305369377 -0.01679307594895363
v 0.03313159570097923 -0.016716158017516136 -0.01666983962059021
v 0.0320066399872303 -0.017014358192682266 -0.016624819487333298
v 0.030881600454449654 -0.016716469079256058 -0.016670074313879013
v 0.030057942494750023 -0.015902312472462654 -0.01679348573088646
v 0.029756365343928337 -0.014790039509534836 -0.016961978748440742
v -0.02799321338534355 -0.015307167544960976 -0.020329691469669342
v -0.027992643415927887 -0.015995994210243225 -0.024877823889255524
v -0.028528869152069092 -0.017284691333770752 -0.02003025822341442
v -0.028528297320008278 -0.017973517999053 -0.024578390643000603
v -0.02999279275536537 -0.01873248629271984 -0.019811170175671577
v -0.029992220923304558 -0.01942131295800209 -0.02435930259525776
v -0.031992729753255844 -0.01926261931657791 -0.019731132313609123
v -0.03199215978384018 -0.01995144598186016 -0.024279264733195305
v -0.033992793411016464 -0.018733039498329163 -0.019811585545539856
v -0.0339922234416008 -0.019421866163611412 -0.024359721690416336
v -0.0354570709168911 -0.017285650596022606 -0.020030980929732323
v -0.03545650094747543 -0.017974477261304855 -0.024579117074608803
v -0.03599321097135544 -0.015308274887502193 -0.020330527797341347
v -0.035992637276649475 -0.015997102484107018 -0.024878662079572678
v -0.03311844915151596 -0.0133812902495265 -0.0206220131367445
v -0.03399363532662392 -0.011882956139743328 -0.02084904909133911
v -0.03199348598718643 -0.01308309007436037 -0.02066703699529171
v -0.031993698328733444 -0.011352824047207832 -0.020929090678691864
v -0.030868448317050934 -0.013380979187786579 -0.020621778443455696
v -0.029993632808327675 -0.011882402934134007 -0.020848631858825684
v -0.030044792219996452 -0.014195135794579983 -0.02049836702644825
v -0.028529353439807892 -0.013329792767763138 -0.020629238337278366
v -0.029743213206529617 -0.015307409688830376 -0.020329874008893967
v -0.030044520273804665 -0.01641976460814476 -0.02016144059598446
v -0.03086797520518303 -0.01723415032029152 -0.02003820613026619
v -0.031992942094802856 -0.01753235049545765 -0.019993185997009277
v -0.033117976039648056 -0.01723446324467659 -0.020038440823554993
v -0.03394163399934769 -0.016420304775238037 -0.02016185224056244
v -0.03424321115016937 -0.015308032743632793 -0.020330345258116722
v -0.033941905945539474 -0.01419567596167326 -0.02049877680838108
v -0.0354575552046299 -0.013330751098692417 -0.020629961043596268
v -0.029743637889623642 -0.014798277989029884 -0.01696821115911007
v -0.03004494309425354 -0.01591063290834427 -0.01679977960884571
v -0.030868399888277054 -0.016725018620491028 -0.016676539555191994
v -0.03199336305260658 -0.017023218795657158 -0.01663151942193508
v -0.03311839699745178 -0.01672532968223095 -0.016676777973771095
v -0.03394205495715141 -0.015911173075437546 -0.016800185665488243
v -0.0342436358332634 -0.014798900112509727 -0.016968678683042526
v -0.02799684926867485 0.01435457170009613 -0.024822035804390907
v -0.027996279299259186 0.013665745034813881 -0.02937016822397709
v -0.02853250503540039 0.012377047911286354 -0.024522602558135986
v -0.028531933203339577 0.011688221246004105 -0.029070734977722168
v -0.02999642863869667 0.01092925388365984 -0.024303516373038292
v -0.029995856806635857 0.010240428149700165 -0.028851646929979324
v -0.03199636563658714 0.010399118065834045 -0.02422347664833069
v -0.03199579566717148 0.00971029233187437 -0.02877160906791687
v -0.03399643301963806 0.010928700678050518 -0.02430393174290657
v -0.0339958593249321 0.010239874012768269 -0.02885206788778305
v -0.0354607068002224 0.0123760886490345 -0.024523325264453888
v -0.03546013683080673 0.01168726198375225 -0.029071461409330368
v -0.03599684685468674 0.014353464357554913 -0.024822872132062912
v -0.035996273159980774 0.013664637692272663 -0.029371008276939392
v -0.030048156157135963 0.013241971842944622 -0.024653786793351173
v -0.030871611088514328 0.012427586130797863 -0.024530550464987755
v -0.031996577978134155 0.012129385955631733 -0.024485530331730843
v -0.033121611922979355 0.012427275069057941 -0.024530785158276558
v -0.033945269882678986 0.01324143260717392 -0.024654196575284004
v -0.03424684703350067 0.014353706501424313 -0.024822689592838287
v -0.03394554182887077 0.015466063283383846 -0.024991123005747795
v -0.0354611910879612 0.016330987215042114 -0.025122305378317833
v -0.03312208503484726 0.01628044992685318 -0.025114357471466064
v -0.033997271209955215 0.017778784036636353 -0.025341393426060677
v -0.03199712187051773 0.01657864823937416 -0.025159383192658424
v -0.03199733421206474 0.018308917060494423 -0.02542143501341343
v -0.030872084200382233 0.0162807609885931 -0.02511412464082241
v -0.029997268691658974 0.017779339104890823 -0.025340978056192398
v -0.0300484299659729 0.015466603450477123 -0.024990711361169815
v -0.02853299118578434 0.016331946477293968 -0.02512158267199993
v -0.029746849089860916 0.01435432955622673 -0.024822218343615532
v -0.02974727377295494 0.014863461256027222 -0.021460555493831635
v -0.03004857897758484 0.013751104474067688 -0.021292123943567276
v -0.030872035771608353 0.012936718761920929 -0.021168885752558708
v -0.03199700266122818 0.012638518586754799 -0.021123863756656647
v -0.03312203288078308 0.012936406768858433 -0.02116912230849266
v -0.03394569084048271 0.013750565238296986 -0.02129253000020981
v -0.034247271716594696 0.014862839132547379 -0.02146102488040924
v 1.0667062269931193e-05 -0.04989388585090637 -0.01164915319532156
v -0.009989332407712936 -0.0498952716588974 -0.011650199070572853
v -0.009989209473133087 -0.05046450346708298 -0.012069690972566605
v 0.010010790079832077 -0.05046173557639122 -0.012067596428096294
v 0.010010667145252228 -0.049892500042915344 -0.011648104526102543
v 0.009510912001132965 -0.05103103816509247 -0.012487136758863926
v -0.009489087387919426 -0.05103366822004318 -0.01248912699520588
v -1.5750171087347553e-06 0.049967311322689056 -0.02677338384091854
v 0.009998424910008907 0.049968697130680084 -0.026772333309054375
v 0.009998426772654057 0.05038817971944809 -0.0273415707051754
v -0.010001572780311108 0.05038541182875633 -0.027343664318323135
v -0.010001574642956257 0.04996592551469803 -0.02677442878484726
v -0.009501571767032146 0.05080496892333031 -0.027912845835089684
v 0.009498427622020245 0.05080760270357132 -0.027910856530070305
v 0.025009289383888245 -0.038649801164865494 -0.013348954729735851
v 0.025010282173752785 -0.039847757667303085 -0.021258752793073654
v 0.025399383157491684 -0.03591396287083626 -0.013763255439698696
v 0.025400377810001373 -0.03711192309856415 -0.0216730535030365
v 0.02653987891972065 -0.03339165449142456 -0.014145121909677982
v 0.02654087543487549 -0.03458961099386215 -0.022054919973015785
v 0.028341718018054962 -0.03127982094883919 -0.014464739710092545
v 0.0283427145332098 -0.03247777745127678 -0.022374538704752922
v 0.028334040194749832 0.03136109188199043 -0.02395186387002468
v 0.02833503484725952 0.030163131654262543 -0.03186166286468506
v 0.026531683281064034 0.03347242623567581 -0.024271855130791664
v 0.026532677933573723 0.03227446600794792 -0.03218165412545204
v 0.025390569120645523 0.03599441796541214 -0.0246539618819952
v 0.025391561910510063 0.03479646146297455 -0.03256376087665558
v 0.02499980293214321 0.03873014822602272 -0.025068342685699463
v 0.02500079572200775 0.03753218799829483 -0.03297813981771469
v -0.0250001959502697 0.03872322663664818 -0.02507357858121395
v -0.02499920316040516 0.03752526640892029 -0.03298337757587433
v -0.025390291586518288 0.03598738834261894 -0.024659279733896255
v -0.025389298796653748 0.03478943184018135 -0.032569076865911484
v -0.026530789211392403 0.033465079963207245 -0.02427741140127182
v -0.026529792696237564 0.032267119735479355 -0.03218720853328705
v -0.028332628309726715 0.03135324642062187 -0.02395779639482498
v -0.028331631794571877 0.030155286192893982 -0.03186759352684021
v -0.028324948623776436 -0.03128766641020775 -0.01447067316621542
v -0.028323953971266747 -0.03248562291264534 -0.022380471229553223
v -0.026522591710090637 -0.03339900076389313 -0.014150677248835564
v -0.026521597057580948 -0.03459695726633072 -0.02206047624349594
v -0.025381475687026978 -0.035920996218919754 -0.0137685751542449
v -0.025380482897162437 -0.037118952721357346 -0.021678369492292404
v -0.024990711361169815 -0.038656722754240036 -0.013354189693927765
v -0.024989716708660126 -0.039854682981967926 -0.021263986825942993
v 0.03750697150826454 -0.019732588902115822 -0.016212444752454758
v 0.03750796616077423 -0.020930547267198563 -0.024122241884469986
v 0.03750550374388695 -0.007744304370135069 -0.018028100952506065
v 0.03750639036297798 -0.008077128790318966 -0.026068925857543945
v 0.03750359266996384 0.00782811176031828 -0.020386582240462303
v 0.03750469163060188 0.00576501851901412 -0.02816535346210003
v 0.03750212490558624 0.01981639862060547 -0.02220223844051361
v 0.037503115832805634 0.018618440255522728 -0.03011203557252884
v -0.037497878074645996 0.019806014373898506 -0.02221009135246277
v -0.037496887147426605 0.018608056008815765 -0.030119890347123146
v -0.0374964103102684 0.007817727513611317 -0.02039443515241146
v -0.037495311349630356 0.005754634737968445 -0.028173208236694336
v -0.03749449923634529 -0.007754688151180744 -0.018035953864455223
v -0.03749361261725426 -0.008087513037025928 -0.026076778769493103
v -0.0374930314719677 -0.019742973148822784 -0.016220297664403915
v -0.03749203681945801 -0.020940931513905525 -0.024130096659064293
v -0.009500701911747456 0.04975675791501999 -0.03483391925692558
v -0.010000641457736492 0.04926232248544693 -0.034759096801280975
v 0.009999358095228672 0.049265094101428986 -0.03475700318813324
v 0.009499297477304935 0.0497593879699707 -0.034831929951906204
v -0.025000721216201782 0.044720735400915146 -0.0280047245323658
v -0.025000721216201782 0.044301241636276245 -0.027435490861535072
v -0.014000721275806427 0.04472225531935692 -0.028003573417663574
v -0.014000723138451576 0.044302765280008316 -0.0274343378841877
v -0.02500010095536709 0.043552517890930176 -0.032379113137722015
v -0.025000223889946938 0.04412175342440605 -0.03195962682366371
v -0.014000101014971733 0.04355404153466225 -0.03237796202301979
v -0.014000223949551582 0.04412327706813812 -0.03195847198367119
v 0.013999278657138348 0.04472613334655762 -0.028000639751553535
v 0.013999277725815773 0.044306643307209015 -0.02743140608072281
v 0.024999279528856277 0.04472765699028969 -0.02799949049949646
v 0.024999277666211128 0.044308166950941086 -0.027430256828665733
v 0.013999899849295616 0.043557919561862946 -0.0323750302195549
v 0.013999776914715767 0.04412715509533882 -0.0319555401802063
v 0.024999897927045822 0.043559443205595016 -0.032373879104852676
v 0.024999776855111122 0.04412867873907089 -0.031954385340213776
v -0.024989811703562737 -0.04468397796154022 -0.013958455063402653
v -0.024989690631628036 -0.0452532097697258 -0.01437794417142868
v -0.01398981362581253 -0.04468245431780815 -0.013957301154732704
v -0.013989690691232681 -0.04525168985128403 -0.014376793056726456
v -0.024989193305373192 -0.045852191746234894 -0.018332844600081444
v -0.024989191442728043 -0.04543270170688629 -0.01890207827091217
v -0.013989194296300411 -0.04585066810250282 -0.01833168976008892
v -0.013989192433655262 -0.04543118178844452 -0.018900927156209946
v 0.014010186307132244 -0.04467858001589775 -0.013954371213912964
v 0.014010309241712093 -0.04524781182408333 -0.014373859390616417
v 0.025010187178850174 -0.04467705637216568 -0.01395322009921074
v 0.025010310113430023 -0.04524628818035126 -0.014372709207236767
v 0.014010807499289513 -0.045846790075302124 -0.01832875981926918
v 0.014010808430612087 -0.04542730376124382 -0.018897993490099907
v 0.025010807439684868 -0.04584526643157005 -0.018327606841921806
v 0.025010807439684868 -0.04542578011751175 -0.018896842375397682
v -0.009988278150558472 -0.05158758908510208 -0.019485125318169594
v -0.009488217532634735 -0.0520818829536438 -0.01941020041704178
v 0.009511781856417656 -0.052079252898693085 -0.01940820924937725
v 0.010011721402406693 -0.051584821194410324 -0.01948302984237671
v -0.009989187121391296 -0.04417215287685394 -0.020608210936188698
v -0.009990180842578411 -0.04297419637441635 -0.012698412872850895
v -0.010257257148623466 -0.04318346828222275 -0.02075798436999321
v -0.010258251801133156 -0.04198550805449486 -0.012848186306655407
v -0.010989396832883358 -0.042459771037101746 -0.02086768113076687
v -0.010990390554070473 -0.041261810809373856 -0.01295788399875164
v -0.011989429593086243 -0.04219498112797737 -0.02090791054069996
v -0.011990424245595932 -0.04099702090024948 -0.012998112477362156
v -0.012989397160708904 -0.04246004670858383 -0.02086789160966873
v -0.012990391813218594 -0.04126209020614624 -0.012958093546330929
v -0.013721358962357044 -0.04318394884467125 -0.02075834758579731
v -0.013722352683544159 -0.04198598861694336 -0.012848549522459507
v -0.013990181498229504 -0.042974747717380524 -0.012698832899332047
v -0.013989996165037155 -0.043199364095926285 -0.01418191846460104
v -0.013989374041557312 -0.04394809156656265 -0.019125545397400856
v -0.013989187777042389 -0.044172707945108414 -0.020608630031347275
v 0.014010004699230194 -0.043195489794015884 -0.0141789885237813
v 0.014009819366037846 -0.04297087341547012 -0.012695902027189732
v 0.013741747476160526 -0.04198218509554863 -0.012845675460994244
v 0.014010626822710037 -0.043944213539361954 -0.019122611731290817
v 0.01401081308722496 -0.044168829917907715 -0.020605696365237236
v 0.013742741197347641 -0.04318014532327652 -0.020755469799041748
v 0.013010603375732899 -0.04245644807815552 -0.020865168422460556
v 0.01300960872322321 -0.04125848785042763 -0.012955373153090477
v 0.01201056968420744 -0.04219165816903114 -0.020905395969748497
v 0.012009575963020325 -0.04099369794130325 -0.012995597906410694
v 0.011010602116584778 -0.042456723749637604 -0.02086537703871727
v 0.011009608395397663 -0.04125876724720001 -0.012955578975379467
v 0.010278640314936638 -0.04318062588572502 -0.020755833014845848
v 0.010277645662426949 -0.04198266565799713 -0.012846034951508045
v 0.010010812431573868 -0.044169384986162186 -0.020606117323040962
v 0.010009818710386753 -0.042971424758434296 -0.012696318328380585
v 1.1782185538322665e-05 -0.05208056792616844 -0.01940920762717724
v -0.014000540599226952 0.04281967505812645 -0.027209719642996788
v -0.013999919407069683 0.04207095131278038 -0.03215334564447403
v -0.014000726863741875 0.04304429516196251 -0.02572663314640522
v -0.013732654973864555 0.042055610567331314 -0.025576861575245857
v -0.01399973314255476 0.04184633493423462 -0.0336364321410656
v -0.01373166125267744 0.04085765406489372 -0.033486660569906235
v -0.012999522499740124 0.04013395309448242 -0.03337696194648743
v -0.013000517152249813 0.04133190959692001 -0.02546716295182705
v -0.011999490670859814 0.039869166910648346 -0.03333673253655434
v -0.012000484392046928 0.04106712341308594 -0.02542693354189396
v -0.010999522171914577 0.04013422876596451 -0.033376749604940414
v -0.011000515893101692 0.0413321852684021 -0.025466952472925186
v -0.010267559438943863 0.040858130902051926 -0.033486295491456985
v -0.010268554091453552 0.042056091129779816 -0.025576498359441757
v -0.010000726208090782 0.04304484650492668 -0.025726214051246643
v 0.013999459333717823 0.04282355308532715 -0.027206789702177048
v 0.014000081457197666 0.04207482933998108 -0.03215041011571884
v 0.009999273344874382 0.04304761812090874 -0.025724118575453758
v 0.010268337093293667 0.04086097702383995 -0.03348414599895477
v 0.010267342440783978 0.04205893352627754 -0.025574347004294395
v 0.011000476777553558 0.04013727605342865 -0.033374447375535965
v 0.010999483056366444 0.04133523255586624 -0.025464648380875587
v 0.012000509537756443 0.039872489869594574 -0.033334217965602875
v 0.011999515816569328 0.041070446372032166 -0.025424420833587646
v 0.01300047803670168 0.040137551724910736 -0.03337423503398895
v 0.01299948338419199 0.04133550822734833 -0.025464441627264023
v 0.01373243797570467 0.040861453860998154 -0.033483780920505524
v 0.013731444254517555 0.042059414088726044 -0.025573987513780594
v 0.01399927493184805 0.04304816946387291 -0.02572370320558548
v 0.014000268653035164 0.04185021296143532 -0.03363349661231041
v -7.023101034064894e-07 0.049758072942495346 -0.034832924604415894
v 0.018417073413729668 0.04433366656303406 -0.030595581978559494
v 0.01887466199696064 0.04426521435379982 -0.03104790672659874
v 0.019499683752655983 0.04424022510647774 -0.031213419511914253
v 0.020124662667512894 0.04426538944244385 -0.031047774478793144
v 0.020582137629389763 0.044333964586257935 -0.030595354735851288
v -0.0318363755941391 0.026669351384043694 -0.03134008124470711
v -0.03183736652135849 0.027867309749126434 -0.02343028225004673
v -0.034905459731817245 0.02280263975262642 -0.03075484372675419
v -0.034906450659036636 0.02400059811770916 -0.02284504659473896
v -0.035931285470724106 0.022470861673355103 -0.022613493725657463
v -0.02499973215162754 0.04184481129050255 -0.03363758325576782
v -0.02500072680413723 0.04304277151823044 -0.025727784261107445
v 0.02499927207827568 0.04304969310760498 -0.025722548365592957
v 0.02500026673078537 0.04185173287987709 -0.033632345497608185
v 0.031847454607486725 -0.02899184823036194 -0.022902049124240875
v 0.031846459954977036 -0.02779388800263405 -0.014992251060903072
v 0.03491653874516487 -0.025125134736299515 -0.023487288504838943
v 0.03491554409265518 -0.023927176371216774 -0.015577489510178566
v 0.025010624900460243 -0.04394268989562988 -0.019121460616588593
v 0.025010811164975166 -0.044167306274175644 -0.02060454711318016
v 0.02501000463962555 -0.043193966150283813 -0.01417783834040165
v 0.025009818375110626 -0.04296934977173805 -0.012694748118519783
v -0.024989187717437744 -0.044174231588840485 -0.0206097811460495
v -0.024989373981952667 -0.043949611485004425 -0.01912669464945793
v -0.02498999424278736 -0.043200887739658356 -0.014183072373270988
v -0.024990180507302284 -0.042976271361112595 -0.012699983082711697
v -0.020582925528287888 0.04432826489210129 -0.03059966303408146
v -0.020125336945056915 0.04425981640815735 -0.031051987782120705
v -0.01950031705200672 0.04423482343554497 -0.031217504292726517
v -0.01887533627450466 0.04425998777151108 -0.031051859259605408
v -0.01841786317527294 0.04432856664061546 -0.030599437654018402
v -0.018406832590699196 -0.04564537853002548 -0.016972657293081284
v -0.02011430822312832 -0.0457141287624836 -0.017425207421183586
v -0.019489288330078125 -0.04573912173509598 -0.01759072206914425
v -0.018864305689930916 -0.04571395739912987 -0.01742507889866829
v -0.02057189680635929 -0.04564568027853966 -0.01697288267314434
v -0.024995308369398117 0.005756366066634655 -0.028171895071864128
v 0.030003299936652184 0.017098819836974144 -0.029882825911045074
v 0.028539376333355904 0.015651023015379906 -0.02966373786330223
v 0.025001266971230507 0.033694759011268616 -0.03239695355296135
v 0.025004690513014793 0.0057632881216704845 -0.02816666103899479
v 0.03546757996082306 0.01565198041498661 -0.02966301515698433
v 0.0349106602370739 0.02281230501830578 -0.030747532844543457
v 0.034003302454948425 0.017099373042583466 -0.029882410541176796
v 0.03184062987565994 0.026678167283535004 -0.03133341297507286
v 0.03200323507189751 0.017628950998187065 -0.029962867498397827
v 1.2673310720856534e-06 0.033691294491291046 -0.03239957243204117
v -0.024998731911182404 0.033687833696603775 -0.03240218758583069
v -0.028532417491078377 0.015643121674656868 -0.029669715091586113
v -0.02999669685959816 0.017090512439608574 -0.02988911047577858
v -0.03546062111854553 0.015642160549759865 -0.029670441523194313
v -0.03399670124053955 0.017089959233999252 -0.029889529570937157
v -0.03199676424264908 0.017620090395212173 -0.02996956743299961
v -0.02999306097626686 -0.012571228668093681 -0.025396764278411865
v -0.03199312835931778 -0.012041650712490082 -0.025477223098278046
v -0.03399306535720825 -0.012571782805025578 -0.02539718523621559
v -0.024993611499667168 -0.008085781708359718 -0.026075467467308044
v -0.028528781607747078 -0.014018618501722813 -0.025177370756864548
v -0.03545698523521423 -0.014019577763974667 -0.025178097188472748
v -0.03489958122372627 -0.025134801864624023 -0.023494599387049675
v -0.03182955086231232 -0.02900066412985325 -0.022908715531229973
v 6.388398560375208e-06 -0.008082320913672447 -0.026072852313518524
v 0.025006387382745743 -0.008078859187662601 -0.026070233434438705
v 0.03547121584415436 -0.014009757898747921 -0.025170670822262764
v 0.034006938338279724 -0.01256236806511879 -0.02539006434381008
v 0.032006874680519104 -0.01203279010951519 -0.025470523163676262
v 0.030006935819983482 -0.012562922202050686 -0.02539048157632351
v 0.02854301407933235 -0.014010717160999775 -0.025171393528580666
v -0.027592716738581657 0.00031802052399143577 -0.02734857238829136
v 4.691476533480454e-06 0.005759826861321926 -0.028169279918074608
v -0.022396566346287727 0.00031874002888798714 -0.027348026633262634
v -0.023494774475693703 0.0014042808907106519 -0.027512572705745697
v -0.024994824081659317 0.0018014665693044662 -0.027572916820645332
v -0.026494773104786873 0.0014038654044270515 -0.027512887492775917
v 0.022407282143831253 0.0003249428700655699 -0.02734333649277687
v 0.02350522391498089 0.0014107878087088466 -0.027507653459906578
v 0.025005176663398743 0.0018083889735862613 -0.027567680925130844
v 0.02650522254407406 0.001411203178577125 -0.027507338672876358
v 0.027603434398770332 0.00032566237496212125 -0.027342792600393295
v 0.02888050116598606 -0.007745498325675726 -0.018029002472758293
v -0.03587140887975693 0.007817952893674374 -0.02039426378905773
v 4.4007774135934596e-07 0.03352976217865944 -0.02428387477993965
v 0.0288785919547081 0.007826917804777622 -0.02038748376071453
v 0.030054034665226936 0.015984056517481804 -0.021622756496071815
v 0.03087749145925045 0.016798442229628563 -0.021745992824435234
v 0.03183963894844055 0.027876125648617744 -0.023423613980412483
v 0.03200245648622513 0.017096642404794693 -0.021791016682982445
v 0.03490966930985451 0.02401026338338852 -0.02283773571252823
v 0.03312748670578003 0.016798753291368484 -0.02174575813114643
v 0.03395114466547966 0.01598459668457508 -0.021622346714138985
v 0.030057670548558235 -0.013677682727575302 -0.01713041216135025
v 0.03395478054881096 -0.013677142560482025 -0.01713000237941742
v 0.03088112734258175 -0.012863297015428543 -0.01725364662706852
v 0.03200609236955643 -0.012565096840262413 -0.01729867234826088
v 0.03313112258911133 -0.012862985953688622 -0.017253413796424866
v 5.500541192304809e-06 -0.007749496027827263 -0.018032027408480644
v -0.028869500383734703 -0.0077534932643175125 -0.018035048618912697
v -0.03086887113749981 -0.012871845625340939 -0.01726011373102665
v -0.030045216903090477 -0.013686004094779491 -0.017136704176664352
v -0.0339423269033432 -0.013686543330550194 -0.017137112095952034
v -0.035869501531124115 -0.007754462771117687 -0.018035782501101494
v -0.03311887010931969 -0.012872157618403435 -0.017260350286960602
v -0.03199391067028046 -0.012573957443237305 -0.017305372282862663
v -0.03592578321695328 -0.02240738831460476 -0.015816569328308105
v -0.03183054178953171 -0.02780270390212536 -0.01499891746789217
v -0.03490057587623596 -0.023936841636896133 -0.015584800392389297
v -0.0339459627866745 0.015975195914506912 -0.0216294564306736
v -0.033122505992650986 0.01678958162665367 -0.021752696484327316
v -0.031997546553611755 0.0170877818018198 -0.02179771661758423
v -0.030872507020831108 0.016789892688393593 -0.021752458065748215
v -0.030048852786421776 0.01597573608160019 -0.021629050374031067
v -0.028871409595012665 0.007818922400474548 -0.020393529906868935
v 3.5915038552047918e-06 0.007822919636964798 -0.020390508696436882
v 0.022406287491321564 0.0015229015843942761 -0.019433539360761642
v 0.0235042292624712 0.002608746523037553 -0.0195978544652462
v 0.025004182010889053 0.0030063476879149675 -0.019657883793115616
v 0.02650422975420952 0.0026091618929058313 -0.01959753967821598
v 0.027602439746260643 0.0015236211474984884 -0.019432993605732918
v -0.027593711391091347 0.001515979296527803 -0.01943877339363098
v -0.026495767757296562 0.0026018242351710796 -0.01960308849811554
v -0.024995816871523857 0.0029994254000484943 -0.019663117825984955
v -0.023495767265558243 0.002602239605039358 -0.01960277371108532
v -0.022397559136152267 0.0015166987432166934 -0.019438229501247406
v 0.02059316821396351 -0.04563998058438301 -0.01696857251226902
v 0.02013569325208664 -0.0457085557281971 -0.017420994117856026
v 0.01951071247458458 -0.04573372006416321 -0.017586639150977135
v 0.018885690718889236 -0.045708730816841125 -0.01742112636566162
v 0.018428102135658264 -0.045640282332897186 -0.016968801617622375
v -0.020115217193961143 -0.03829869255423546 -0.01854829303920269
v -0.01949019730091095 -0.03832368552684784 -0.018713809549808502
v -0.020572805777192116 -0.03823024407029152 -0.018095968291163445
v -0.01840774156153202 -0.03822994604706764 -0.018095744773745537
v -0.01886521466076374 -0.03829852119088173 -0.018548164516687393
v 0.018884781748056412 -0.03829329460859299 -0.018544213846325874
v 0.019509803503751755 -0.03831828385591507 -0.01870972476899624
v 0.01842719316482544 -0.03822484612464905 -0.01809188909828663
v 0.020592259243130684 -0.03822454437613487 -0.018091659992933273
v 0.020134784281253815 -0.03829311951994896 -0.01854407973587513
v -0.018874427303671837 0.03684455528855324 -0.029928771778941154
v -0.019499408081173897 0.03681939095258713 -0.030094416812062263
v -0.018416954204440117 0.036913130432367325 -0.029476352035999298
v -0.020582016557455063 0.03691283240914345 -0.029476577416062355
v -0.02012442797422409 0.03684438019990921 -0.0299289021641016
v 0.02012557163834572 0.03684995323419571 -0.02992468886077404
v 0.019500592723488808 0.0368247888982296 -0.03009033203125
v 0.020583046600222588 0.036918528378009796 -0.029472267255187035
v 0.018417982384562492 0.03691823035478592 -0.02947249636054039
v 0.018875570967793465 0.03684977814555168 -0.029924821108579636
v -0.001985646318644285 -0.04843877628445625 -0.04878602921962738
v -0.001984676579013467 -0.05634857341647148 -0.04758806899189949
v -0.0017175726825371385 -0.048588480800390244 -0.04977472126483917
v -0.00171660294290632 -0.05649828165769577 -0.04857676476240158
v -0.000985430902801454 -0.048698000609874725 -0.050498444586992264
v -0.0009844612795859575 -0.05660780146718025 -0.049300484359264374
v 1.4602405826735776e-05 -0.048737987875938416 -0.050763268023729324
v 1.5572075426462106e-05 -0.056647785007953644 -0.049565307796001434
v 0.0010145691921934485 -0.04869772493839264 -0.05049823224544525
v 0.001015538815408945 -0.05660752207040787 -0.04930027574300766
v 0.0017465288983657956 -0.04858800396323204 -0.04977435991168022
v 0.0017474985215812922 -0.05649780109524727 -0.04857639968395233
v 0.0020143541041761637 -0.04843822121620178 -0.048785608261823654
v 0.0020153236109763384 -0.05634801834821701 -0.04758765175938606
v 0.02301078848540783 -0.050879426300525665 -0.01149700302630663
v 0.023010849952697754 -0.05095429718494415 -0.01199136022478342
v 0.025010544806718826 -0.04890169948339462 -0.011796282604336739
v 0.023013366386294365 -0.05398663133382797 -0.03201303258538246
v 0.025014642626047134 -0.053837042301893234 -0.044383030384778976
v 0.02301488257944584 -0.05581476911902428 -0.04408374801278114
v 0.025339525192975998 -0.05437425151467323 -0.04793034493923187
v 0.023372257128357887 -0.056405700743198395 -0.04798579588532448
v 0.026302753016352654 -0.054893944412469864 -0.051362503319978714
v 0.024431804195046425 -0.05697736144065857 -0.051761168986558914
v 0.02787306345999241 -0.05537925660610199 -0.054568152874708176
v 0.026159148663282394 -0.05751120299100876 -0.05528738349676132
v 0.029981298372149467 -0.05901048704981804 -0.06518984586000443
v 0.03194585070014 -0.05697685480117798 -0.06511995941400528
v 0.031011316925287247 -0.05642150714993477 -0.061452411115169525
v 0.02910427935421467 -0.05848931893706322 -0.061747994273900986
v 0.029647424817085266 -0.05588650703430176 -0.05791882425546646
v 0.027824318036437035 -0.057987239211797714 -0.05843186005949974
v 0.031118864193558693 -0.057279203087091446 -0.06711561977863312
v 0.03159676864743233 -0.057209357619285583 -0.06665483117103577
v 0.03022504225373268 -0.057330261915922165 -0.06745202094316483
v 0.03175250068306923 -0.05717185512185097 -0.06640733033418655
v 0.03193233534693718 -0.05709850788116455 -0.06592319905757904
v 0.03198105841875076 -0.057032760232686996 -0.06548912823200226
v 0.023008810356259346 -0.05746394395828247 -0.0683288425207138
v 0.022765066474676132 -0.059144169092178345 -0.0660666674375534
v 0.01962350867688656 -0.05937277898192406 -0.07004790008068085
v 0.021252794191241264 -0.05776144191622734 -0.07029173523187637
v 0.019377639517188072 -0.059572599828243256 -0.06950826197862625
v 0.021358013153076172 -0.05766553059220314 -0.0696585476398468
v 0.019300885498523712 -0.059646718204021454 -0.06938207149505615
v 0.022386038675904274 -0.05749136582016945 -0.06850940734148026
v 0.021519524976611137 -0.0591990165412426 -0.0664278045296669
v 0.01946347765624523 -0.05954734608530998 -0.0687260776758194
v 0.02148135006427765 -0.05762235075235367 -0.06937352567911148
v 0.02025688625872135 -0.05934213474392891 -0.06737175583839417
v 0.02175471931695938 -0.057562924921512604 -0.06898138672113419
v 0.022114988416433334 -0.05751500278711319 -0.06866524368524551
v -0.019629398360848427 -0.059358276426792145 -0.07018586993217468
v -0.02121828868985176 -0.057778116315603256 -0.07036744058132172
v -0.01973094418644905 -0.05936650186777115 -0.07083414494991302
v -0.02123199962079525 -0.05789279192686081 -0.0711246058344841
v -0.01973181590437889 -0.05937566980719566 -0.0708998292684555
v -0.019264759495854378 -0.05965206027030945 -0.06938610970973969
v -0.019393209367990494 -0.059568651020526886 -0.0688352882862091
v -0.01954151876270771 -0.059407610446214676 -0.06992711871862411
v -0.021305225789546967 -0.057679399847984314 -0.06971558183431625
v -0.021454958245158195 -0.059207089245319366 -0.06644631177186966
v -0.022729773074388504 -0.059150468558073044 -0.06607142835855484
v -0.02297350950539112 -0.05747031047940254 -0.06833365559577942
v -0.022336101159453392 -0.057498618960380554 -0.06852109730243683
v -0.02205991931259632 -0.057523179799318314 -0.06868349760770798
v -0.020173978060483932 -0.059355881065130234 -0.0674297958612442
v -0.021695610135793686 -0.05757301673293114 -0.0690128356218338
v -0.021423982456326485 -0.05763470381498337 -0.06942036747932434
v -0.030189961194992065 -0.05733862519264221 -0.06745834648609161
v -0.029946226626634598 -0.059018783271312714 -0.06519611924886703
v -0.03095952421426773 -0.05729968473315239 -0.06720059365034103
v -0.031083866953849792 -0.05728781595826149 -0.06712213158607483
v -0.03191135451197624 -0.05698569491505623 -0.06512664258480072
v -0.031946469098329544 -0.05704161152243614 -0.0654958188533783
v -0.031897637993097305 -0.0571073442697525 -0.06592988222837448
v -0.031717680394649506 -0.05718064308166504 -0.06641397625207901
v -0.03156189247965813 -0.057218100875616074 -0.06666144728660583
v -0.026126567274332047 -0.05751844123005867 -0.05529285967350006
v -0.027841221541166306 -0.055386967957019806 -0.05457398667931557
v -0.02961474098265171 -0.05589471012353897 -0.0579250268638134
v -0.027790945023298264 -0.057994939386844635 -0.05843768268823624
v -0.030977744609117508 -0.056430090218782425 -0.061458900570869446
v -0.029070071876049042 -0.05849737301468849 -0.06175408512353897
v -0.026271715760231018 -0.05490122362971306 -0.05136800929903984
v -0.02440010756254196 -0.05698412284255028 -0.0517662838101387
v -0.025309352204203606 -0.05438126623630524 -0.047935646027326584
v -0.023341508582234383 -0.056412167847156525 -0.04799068719148636
v -0.024985359981656075 -0.053843967616558075 -0.044388264417648315
v -0.02298511564731598 -0.05582113936543465 -0.044088564813137054
v -0.022989150136709213 -0.05096066743135452 -0.011996178887784481
v -0.022989211603999138 -0.05088579282164574 -0.011501817964017391
v -0.024989454075694084 -0.048908621072769165 -0.011801517568528652
v -0.022986633703112602 -0.053992997854948044 -0.03201785311102867
v 0.023008082062005997 -0.0515315942466259 -0.06922730803489685
v 0.022114260122179985 -0.05158265307545662 -0.06956370919942856
v 0.02148062363266945 -0.0516900010406971 -0.07027199864387512
v 0.021252067759633064 -0.05182909592986107 -0.07119020074605942
v 0.0319451205432415 -0.05104450508952141 -0.06601842492818832
v 0.03193160891532898 -0.05116615816950798 -0.06682166457176208
v 0.03159604221582413 -0.05127700790762901 -0.06755330413579941
v 0.030993813648819923 -0.05135875567793846 -0.06809257715940475
v 0.03022431582212448 -0.051397912204265594 -0.06835048645734787
v -0.030190689489245415 -0.05140627920627594 -0.06835681200027466
v -0.031084595248103142 -0.05135546624660492 -0.06802060455083847
v -0.031718410551548004 -0.05124829337000847 -0.06731244921684265
v -0.03194719925522804 -0.05110926181077957 -0.06639429181814194
v -0.02121901698410511 -0.051845766603946686 -0.07126591354608536
v -0.021424708887934685 -0.0517023541033268 -0.07031883299350739
v -0.02206064574420452 -0.05159083381295204 -0.06958197057247162
v -0.02297423779964447 -0.05153796076774597 -0.06923212856054306
v 0.021254101768136024 -0.057772234082221985 -0.07036300003528595
v 0.021268000826239586 -0.05788690596818924 -0.07112015038728714
v 0.021253375336527824 -0.05183988809585571 -0.071261465549469
v 0.021267274394631386 -0.05195455998182297 -0.07201862335205078
v 0.025013914331793785 -0.04790469631552696 -0.04528149962425232
v 0.025338798761367798 -0.04844190552830696 -0.048828814178705215
v 0.026302024722099304 -0.04896159470081329 -0.05226097255945206
v 0.02787233702838421 -0.04944690689444542 -0.05546662211418152
v -0.027841949835419655 -0.049454621970653534 -0.05547245591878891
v -0.026272442191839218 -0.04896887391805649 -0.052266478538513184
v -0.025310080498456955 -0.048448916524648666 -0.04883411526679993
v -0.024986086413264275 -0.047911617904901505 -0.04528673365712166
v 0.016510872170329094 -0.04811764135956764 -0.01596171036362648
v 0.016511285677552223 -0.05147930607199669 -0.015452578663825989
v 0.01691298373043537 -0.048342201858758926 -0.017444757744669914
v 0.01691339537501335 -0.05170386657118797 -0.016935626044869423
v 0.018011195585131645 -0.0485064797103405 -0.018530337139964104
v 0.018011607229709625 -0.051868144422769547 -0.018021205440163612
v 0.01951124519109726 -0.048566460609436035 -0.018927572295069695
v 0.01951165869832039 -0.05192812532186508 -0.018418438732624054
v 0.021011194214224815 -0.04850606620311737 -0.018530022352933884
v 0.021011605858802795 -0.05186773091554642 -0.018020890653133392
v 0.02210913598537445 -0.04834148287773132 -0.01744421385228634
v 0.02210954762995243 -0.05170314759016037 -0.016935080289840698
v 0.022510873153805733 -0.048116810619831085 -0.01596108078956604
v 0.022511286661028862 -0.05147847160696983 -0.015451949089765549
v 0.020983221009373665 -0.048244304955005646 -0.016801660880446434
v 0.021210871636867523 -0.04811698943376541 -0.015961218625307083
v 0.020983008667826653 -0.04798973724246025 -0.015120824798941612
v 0.022108761593699455 -0.0478922463953495 -0.014478038065135479
v 0.020360689610242844 -0.047896645963191986 -0.014505662955343723
v 0.02101054973900318 -0.04772796854376793 -0.01339245866984129
v 0.01951066218316555 -0.04786266013979912 -0.014280565083026886
v 0.019510500133037567 -0.04766799136996269 -0.012995224446058273
v 0.018660690635442734 -0.04789688065648079 -0.014505844563245773
v 0.018010549247264862 -0.04772838577628136 -0.01339277345687151
v 0.018038524314761162 -0.04799014702439308 -0.015121135860681534
v 0.016912609338760376 -0.047892969101667404 -0.014478582888841629
v 0.017810871824622154 -0.04811745882034302 -0.015961574390530586
v 0.018038734793663025 -0.04824471101164818 -0.016801970079541206
v 0.018661057576537132 -0.04833780229091644 -0.01741712912917137
v 0.019511085003614426 -0.04837179183959961 -0.017642231658101082
v 0.020361056551337242 -0.04833756759762764 -0.017416952177882195
v 0.017810557037591934 -0.04554677754640579 -0.01635091006755829
v 0.018038420006632805 -0.04567402973771095 -0.017191307619214058
v 0.018660742789506912 -0.04576711729168892 -0.017806466668844223
v 0.019510770216584206 -0.045801106840372086 -0.018031567335128784
v 0.020360741764307022 -0.045766882598400116 -0.017806287854909897
v 0.020982906222343445 -0.04567361995577812 -0.017190996557474136
v 0.021210556849837303 -0.04554630443453789 -0.016350554302334785
v -0.02248912863433361 -0.048123039305210114 -0.015965795144438744
v -0.02248871512711048 -0.05148470401763916 -0.015456662513315678
v -0.022087015211582184 -0.048347603529691696 -0.017448842525482178
v -0.022086603567004204 -0.051709264516830444 -0.016939710825681686
v -0.02098880335688591 -0.04851188138127327 -0.01853441819548607
v -0.02098839171230793 -0.051873546093702316 -0.018025284633040428
v -0.019488755613565445 -0.048571858555078506 -0.018931657075881958
v -0.019488342106342316 -0.05193352326750755 -0.018422523513436317
v -0.01798880286514759 -0.04851146414875984 -0.018534107133746147
v -0.01798838935792446 -0.05187312886118889 -0.018024973571300507
v -0.016890862956643105 -0.048346880823373795 -0.017448298633098602
v -0.016890451312065125 -0.05170854553580284 -0.01693916507065296
v -0.016489125788211823 -0.048122208565473557 -0.015965165570378304
v -0.016488714143633842 -0.0514838732779026 -0.015456032939255238
v -0.01801677793264389 -0.04824970290064812 -0.01680574379861355
v -0.017789125442504883 -0.04812238737940788 -0.015965303406119347
v -0.018016988411545753 -0.04799513891339302 -0.015124909579753876
v -0.01689123548567295 -0.04789764806628227 -0.014482121914625168
v -0.01863931119441986 -0.04790204390883446 -0.014509747736155987
v -0.017989449203014374 -0.0477333702147007 -0.013396543450653553
v -0.019489338621497154 -0.04786805808544159 -0.01428464986383915
v -0.019489498808979988 -0.047673389315605164 -0.012999308295547962
v -0.02033931016921997 -0.04790228232741356 -0.014509924687445164
v -0.020989447832107544 -0.04773378372192383 -0.013396858237683773
v -0.020961474627256393 -0.04799554497003555 -0.015125216916203499
v -0.02208738960325718 -0.047898367047309875 -0.014482666738331318
v -0.021189125254750252 -0.04812286049127579 -0.0159656573086977
v -0.02096126414835453 -0.04825011268258095 -0.01680605113506317
v -0.020338943228125572 -0.04834320396184921 -0.017421213909983635
v -0.01948891580104828 -0.04837718978524208 -0.017646314576268196
v -0.018638944253325462 -0.04834296926856041 -0.017421036958694458
v -0.021189440041780472 -0.045552175492048264 -0.016354994848370552
v -0.02096157893538475 -0.045679427683353424 -0.017195388674736023
v -0.020339258015155792 -0.04577251896262169 -0.017810549587011337
v -0.0194892305880785 -0.04580650478601456 -0.018035652115941048
v -0.018639259040355682 -0.045772284269332886 -0.01781037263572216
v -0.01801709271967411 -0.04567901790142059 -0.0171950813382864
v -0.017789440229535103 -0.04555170610547066 -0.01635463908314705
v 0.005270940717309713 -0.04960488900542259 -0.0564914345741272
v 0.005271910224109888 -0.05751468613743782 -0.05529347434639931
v 0.0054384865798056126 -0.04969845712184906 -0.057109370827674866
v 0.005439456086605787 -0.05760825425386429 -0.055911410599946976
v 0.005896075163036585 -0.049766905605793 -0.05756169557571411
v 0.00589704466983676 -0.05767670273780823 -0.05636373534798622
v 0.006521095987409353 -0.04979189485311508 -0.057727210223674774
v 0.006522065494209528 -0.05770169571042061 -0.056529249995946884
v 0.007146074902266264 -0.04976673051714897 -0.057561565190553665
v 0.007147044409066439 -0.0576765313744545 -0.056363604962825775
v 0.007603549398481846 -0.049698155373334885 -0.05710914358496666
v 0.007604519370943308 -0.05760795250535011 -0.05591118335723877
v 0.007770941127091646 -0.049604542553424835 -0.056491173803806305
v 0.007771910633891821 -0.057514339685440063 -0.055293213576078415
v -0.00773639278486371 -0.05431045964360237 -0.08755052089691162
v -0.007735422812402248 -0.0622202567756176 -0.08635256439447403
v -0.007568846456706524 -0.05440402776002884 -0.08816845715045929
v -0.007567876949906349 -0.06231382489204407 -0.0869705006480217
v -0.007111258339136839 -0.05447247624397278 -0.08862078189849854
v -0.007110288366675377 -0.06238227337598801 -0.08742282539606094
v -0.0064862375147640705 -0.05449746921658516 -0.0887862965464592
v -0.0064852675423026085 -0.06240726634860039 -0.0875883400440216
v -0.00586125859990716 -0.05447230488061905 -0.08862065523862839
v -0.005860288627445698 -0.06238210201263428 -0.0874226912856102
v -0.005403783638030291 -0.054403726011514664 -0.08816822618246078
v -0.005402814131230116 -0.06231352686882019 -0.0869702696800232
v -0.005236392840743065 -0.054310113191604614 -0.08755026012659073
v -0.005235422868281603 -0.06221991032361984 -0.08635230362415314
v 0.0147049929946661 -0.06172901764512062 -0.08312719315290451
v 0.014717350713908672 -0.06169179081916809 -0.08288141340017319
v 0.014684932306408882 -0.06166895106434822 -0.08329099416732788
v 0.014716999605298042 -0.05882449075579643 -0.08331567049026489
v 0.01450366247445345 -0.061495617032051086 -0.08393419533967972
v 0.014576810412108898 -0.058948151767253876 -0.08413207530975342
v 0.014163249172270298 -0.061445076018571854 -0.08450645953416824
v 0.013903923332691193 -0.061476148664951324 -0.08478076756000519
v 0.013903905637562275 -0.0591009259223938 -0.08514024317264557
v 0.013696135021746159 -0.06152498722076416 -0.0849456712603569
v 0.012828151695430279 -0.059187766164541245 -0.08571276068687439
v 0.013120198622345924 -0.06173265352845192 -0.08523338288068771
v 0.011606449261307716 -0.059187933802604675 -0.08571288734674454
v 0.012466245330870152 -0.06206461042165756 -0.0853412076830864
v 0.012821885757148266 -0.06187247112393379 -0.08530782163143158
v 0.009716999717056751 -0.05882517993450165 -0.08331619203090668
v 0.009717350825667381 -0.061692483723163605 -0.08288193494081497
v 0.009857392869889736 -0.058948807418346405 -0.08413256704807281
v 0.00985774490982294 -0.06181610748171806 -0.08369830250740051
v 0.010530552826821804 -0.05910139158368111 -0.08514060080051422
v 0.010530903935432434 -0.06196869537234306 -0.08470633625984192
v 0.011606801301240921 -0.06205523759126663 -0.08527862280607224
v 0.012217167764902115 -0.059026990085840225 -0.08465071022510529
v 0.012892144732177258 -0.058999814093112946 -0.08447181433439255
v 0.013386217877268791 -0.058925751596689224 -0.08398319780826569
v 0.013566999696195126 -0.05882464721798897 -0.08331578969955444
v 0.01338605023920536 -0.05872359499335289 -0.08264841884374619
v 0.014381907880306244 -0.0586373545229435 -0.08207979798316956
v 0.012891854159533978 -0.05864967033267021 -0.08215990662574768
v 0.013466729782521725 -0.05850045382976532 -0.08117514848709106
v 0.012216832488775253 -0.058622680604457855 -0.08198115229606628
v 0.012216689996421337 -0.058450471609830856 -0.08084411919116974
v 0.011541853658854961 -0.058649856597185135 -0.08216004818677902
v 0.010966729372739792 -0.05850080028176308 -0.08117540925741196
v 0.011047780513763428 -0.058723919093608856 -0.08264866471290588
v 0.010051780380308628 -0.05863795429468155 -0.08208025246858597
v 0.010866998694837093 -0.05882502347230911 -0.08331607282161713
v 0.011047948151826859 -0.05892607569694519 -0.08398344367742538
v 0.011542145162820816 -0.05900000035762787 -0.08447195589542389
v 0.010866381227970123 -0.05378252640366554 -0.08407977223396301
v 0.011047330684959888 -0.05388357862830162 -0.08474714308977127
v 0.011541526764631271 -0.0539575032889843 -0.08523565530776978
v 0.01221654936671257 -0.053984493017196655 -0.08541440963745117
v 0.012891526333987713 -0.053957317024469376 -0.08523551374673843
v 0.013385599479079247 -0.053883254528045654 -0.08474689722061157
v 0.013566381298005581 -0.0537821501493454 -0.08407948911190033
v 0.019768184050917625 -0.05937020108103752 -0.07089569419622421
v 0.019767893478274345 -0.05699726194143295 -0.07125508040189743
v 0.019740741699934006 -0.05944938212633133 -0.07125764340162277
v 0.019627703353762627 -0.057120926678180695 -0.07207148522138596
v 0.018954798579216003 -0.05727370083332062 -0.0730796605348587
v 0.019203221425414085 -0.06010172516107559 -0.0723862573504448
v 0.01955489069223404 -0.05970681086182594 -0.07186702638864517
v 0.01476789265871048 -0.05699795484542847 -0.07125560194253922
v 0.01476824376732111 -0.059865258634090424 -0.07082134485244751
v 0.014908285811543465 -0.057121578603982925 -0.07207197695970535
v 0.01490863785147667 -0.05998888239264488 -0.07163771986961365
v 0.015581445768475533 -0.057274166494607925 -0.07308001071214676
v 0.015581796877086163 -0.060141466557979584 -0.07264575362205505
v 0.01665734127163887 -0.057360708713531494 -0.07365229725837708
v 0.016657693311572075 -0.06022800877690315 -0.07321803271770477
v 0.017879042774438858 -0.05736054107546806 -0.07365217059850693
v 0.017879394814372063 -0.06022784113883972 -0.07321790605783463
v 0.018955150619149208 -0.060141000896692276 -0.0726453959941864
v 0.017267724499106407 -0.056795455515384674 -0.06992056220769882
v 0.01665673963725567 -0.056634679436683655 -0.06885851919651031
v 0.01659274473786354 -0.056822631508111954 -0.07009945809841156
v 0.015580986626446247 -0.0567215196788311 -0.06943102926015854
v 0.01609867252409458 -0.056896694004535675 -0.07058807462453842
v 0.01490808092057705 -0.056874290108680725 -0.07043920457363129
v 0.015917891636490822 -0.05699779465794563 -0.07125548273324966
v 0.016098840162158012 -0.05709885060787201 -0.07192285358905792
v 0.01659303717315197 -0.05717277526855469 -0.07241136580705643
v 0.01726805977523327 -0.057199764996767044 -0.07259012013673782
v 0.017943037673830986 -0.057172589004039764 -0.07241122424602509
v 0.018437109887599945 -0.05709852650761604 -0.07192260771989822
v 0.018617890775203705 -0.05699742212891579 -0.07125519961118698
v 0.018436942249536514 -0.05689636990427971 -0.07058782875537872
v 0.01962749846279621 -0.056873638182878494 -0.07043870538473129
v 0.017942747101187706 -0.05682244524359703 -0.07009931653738022
v 0.018954340368509293 -0.056721050292253494 -0.06943067163228989
v 0.017878441140055656 -0.056634508073329926 -0.06885838508605957
v 0.015917273238301277 -0.05195530131459236 -0.07201918214559555
v 0.016098221763968468 -0.05205635353922844 -0.07268655300140381
v 0.016592418774962425 -0.05213027819991112 -0.07317506521940231
v 0.017267441377043724 -0.052157267928123474 -0.07335381954908371
v 0.01794241927564144 -0.052130091935396194 -0.07317492365837097
v 0.0184364914894104 -0.05205602943897247 -0.07268630713224411
v 0.01861727423965931 -0.05195492506027222 -0.07201889902353287
v 0.009713968262076378 -0.05517212674021721 -0.059196073561906815
v 0.009714319370687008 -0.058039430528879166 -0.05876181274652481
v 0.010049059055745602 -0.055359262973070145 -0.06043194606900215
v 0.010049411095678806 -0.0582265667617321 -0.05999768525362015
v 0.01096423715353012 -0.05549616366624832 -0.06133659556508064
v 0.010964588262140751 -0.05836346372961998 -0.06090233474969864
v 0.012214279733598232 -0.055546145886182785 -0.06166762486100197
v 0.012214630842208862 -0.05841344594955444 -0.061233364045619965
v 0.013464237563312054 -0.055495817214250565 -0.06133633106946945
v 0.013464588671922684 -0.05836311727762222 -0.06090207397937775
v 0.014379186555743217 -0.05535866320133209 -0.06043149158358574
v 0.014379538595676422 -0.05822596698999405 -0.059997230768203735
v 0.014713968150317669 -0.05517143756151199 -0.05919554829597473
v 0.014714319258928299 -0.05803873762488365 -0.05876128748059273
v 0.012889113277196884 -0.055346760898828506 -0.060351692140102386
v 0.013383186422288418 -0.055272698402404785 -0.05986307933926582
v 0.013563968241214752 -0.05517159402370453 -0.05919567123055458
v 0.013383018784224987 -0.05507054179906845 -0.05852830037474632
v 0.01437887642532587 -0.05498430132865906 -0.05795967951416969
v 0.012888822704553604 -0.05499661713838577 -0.05803978815674782
v 0.013463699258863926 -0.05484740063548088 -0.0570550300180912
v 0.01221380103379488 -0.054969627410173416 -0.05786103382706642
v 0.012213658541440964 -0.054797422140836716 -0.056724000722169876
v 0.011538822203874588 -0.054996803402900696 -0.05803992971777916
v 0.010963698849081993 -0.05484774708747864 -0.057055290788412094
v 0.011044749058783054 -0.05507086589932442 -0.05852854624390602
v 0.010048748925328255 -0.05498490110039711 -0.057960133999586105
v 0.010863968171179295 -0.05517197027802467 -0.059195950627326965
v 0.01104491762816906 -0.05527302250266075 -0.05986332148313522
v 0.011539113707840443 -0.05534694716334343 -0.06035183370113373
v 0.012214136309921741 -0.055373936891555786 -0.06053059175610542
v 0.01086334977298975 -0.050129473209381104 -0.05995965003967285
v 0.01104430016130209 -0.05023052543401718 -0.06062702089548111
v 0.011538495309650898 -0.05030445009469986 -0.061115533113479614
v 0.012213517911732197 -0.050331439822912216 -0.06129428744316101
v 0.01288849487900734 -0.050304263830184937 -0.06111539155244827
v 0.013382568024098873 -0.050230201333761215 -0.06062677502632141
v 0.013563349843025208 -0.05012910068035126 -0.05995936691761017
v -0.0024842512793838978 -0.05441724509000778 -0.05420190840959549
v -0.0024838997051119804 -0.05728454515337944 -0.053767647594213486
v -0.0021491595543920994 -0.05460438132286072 -0.055437780916690826
v -0.002148807980120182 -0.057471681386232376 -0.05500352010130882
v -0.001233982271514833 -0.054741278290748596 -0.05634243041276932
v -0.0012336308136582375 -0.05760858207941055 -0.055908169597387314
v 1.6059280824265443e-05 -0.05479126051068306 -0.05667345970869064
v 1.641078597458545e-05 -0.057658564299345016 -0.05623919889330864
v 0.0012660176726058125 -0.05474093183875084 -0.056342169642448425
v 0.001266369130462408 -0.057608235627412796 -0.05590790882706642
v 0.002180967479944229 -0.054603781551122665 -0.055437326431274414
v 0.0021813190542161465 -0.057471081614494324 -0.05500306561589241
v 0.0025157483760267496 -0.05441655218601227 -0.054201386868953705
v 0.002516099950298667 -0.057283855974674225 -0.0537671260535717
v 0.0011847990099340677 -0.054315660148859024 -0.053534135222435
v 0.002180656651034951 -0.05422941967844963 -0.05296551436185837
v 0.0006906033377163112 -0.054241735488176346 -0.05304562672972679
v 0.0012654796009883285 -0.054092518985271454 -0.05206086486577988
v 1.55808447743766e-05 -0.05421474203467369 -0.052866868674755096
v 1.543804319226183e-05 -0.05404253676533699 -0.05172983556985855
v -0.0006593966973014176 -0.05424192175269127 -0.05304576829075813
v -0.001234520343132317 -0.05409286543726921 -0.05206112563610077
v -0.0011534694349393249 -0.05431598424911499 -0.053534381091594696
v -0.0021494701504707336 -0.05423001945018768 -0.05296596884727478
v -0.001334251370280981 -0.05441708490252495 -0.05420178920030594
v -0.001153301796875894 -0.054518137127161026 -0.0548691600561142
v -0.0006591061246581376 -0.054592065513134 -0.0553576722741127
v 1.5916384654701687e-05 -0.05461905524134636 -0.0555364266037941
v 0.0006908939103595912 -0.05459187924861908 -0.05535753071308136
v 0.0011849668808281422 -0.05451781675219536 -0.0548689141869545
v 0.0013657488161697984 -0.0544167123734951 -0.054201506078243256
v -0.001334869535639882 -0.04937459155917168 -0.054965488612651825
v -0.001153919962234795 -0.049475643783807755 -0.05563285946846008
v -0.0006597242900170386 -0.04954956844449043 -0.05612136796116829
v 1.5298221114790067e-05 -0.04957655817270279 -0.056300122290849686
v 0.0006902757450006902 -0.04954938217997551 -0.05612122640013695
v 0.0011843487154692411 -0.04947531968355179 -0.055632613599300385
v 0.0013651306508108974 -0.04937421530485153 -0.05496520549058914
v -0.014681214466691017 -0.055175505578517914 -0.05919862538576126
v -0.014680863358080387 -0.05804280936717987 -0.058764368295669556
v -0.014346123673021793 -0.05536264181137085 -0.0604344978928566
v -0.014345771633088589 -0.05822994187474251 -0.060000237077474594
v -0.013430946506559849 -0.05549953877925873 -0.06133914738893509
v -0.013430595397949219 -0.058366842567920685 -0.060904890298843384
v -0.012180904857814312 -0.05554952099919319 -0.061670176684856415
v -0.012180553749203682 -0.05841682478785515 -0.06123591586947441
v -0.010930946096777916 -0.05549919232726097 -0.0613388866186142
v -0.010930594988167286 -0.05836649611592293 -0.06090462580323219
v -0.010015996173024178 -0.0553620420396328 -0.060434043407440186
v -0.010015644133090973 -0.058229342103004456 -0.05999978631734848
v -0.0096812155097723 -0.0551748126745224 -0.059198103845119476
v -0.00968086440116167 -0.05804211646318436 -0.05876384302973747
v -0.012856069952249527 -0.055350326001644135 -0.06035438925027847
v -0.012181047350168228 -0.05537731572985649 -0.06053314357995987
v -0.011506070382893085 -0.05535013973712921 -0.06035424768924713
v -0.011011997237801552 -0.05527607724070549 -0.05986563116312027
v -0.010831215418875217 -0.055174972862005234 -0.05919822305440903
v -0.011012164875864983 -0.055073920637369156 -0.05853085592389107
v -0.010016307234764099 -0.05498768016695976 -0.05796223133802414
v -0.011506360024213791 -0.05499999597668648 -0.05804234370589256
v -0.010931483469903469 -0.054850779473781586 -0.05705758184194565
v -0.012181383557617664 -0.05497300252318382 -0.05786358565092087
v -0.01218152604997158 -0.05480079725384712 -0.05672655254602432
v -0.012856360524892807 -0.0550001822412014 -0.058042485266923904
v -0.013431483879685402 -0.05485112592577934 -0.05705784261226654
v -0.01335043366998434 -0.05507424473762512 -0.05853109806776047
v -0.014346434734761715 -0.054988279938697815 -0.05796268582344055
v -0.013531215488910675 -0.05517534539103508 -0.05919850617647171
v -0.01335026603192091 -0.05527639761567116 -0.05986587703227997
v -0.013531832955777645 -0.05013285204768181 -0.059962205588817596
v -0.01335088349878788 -0.050233904272317886 -0.060629576444625854
v -0.012856688350439072 -0.050307828933000565 -0.06111808866262436
v -0.012181665748357773 -0.05033481866121292 -0.061296842992305756
v -0.01150668878108263 -0.05030764266848564 -0.06111794710159302
v -0.011012615635991096 -0.05023358017206192 -0.060629330575466156
v -0.010831833817064762 -0.050132475793361664 -0.05996192246675491
v -0.018918555229902267 -0.057278942316770554 -0.07308362424373627
v -0.019591713324189186 -0.05712635815143585 -0.07207559049129486
v -0.01939939334988594 -0.059851206839084625 -0.07208727300167084
v -0.01973210833966732 -0.057002730667591095 -0.07125921547412872
v -0.01964752934873104 -0.0595448836684227 -0.07152488082647324
v -0.01916634291410446 -0.0601070374250412 -0.07239027321338654
v -0.018918203189969063 -0.06014624610543251 -0.07264935970306396
v -0.01784265600144863 -0.05736548453569412 -0.07365591078996658
v -0.017842305824160576 -0.06023278832435608 -0.07322164624929428
v -0.016620956361293793 -0.05736531689763069 -0.07365578413009644
v -0.016620604321360588 -0.06023261696100235 -0.07322151958942413
v -0.015545202419161797 -0.057278476655483246 -0.07308326661586761
v -0.015544851310551167 -0.060145776718854904 -0.07264900952577591
v -0.014872296713292599 -0.05712570250034332 -0.07207509875297546
v -0.014871945604681969 -0.05999300628900528 -0.07164083421230316
v -0.014732107520103455 -0.05700203776359558 -0.07125869393348694
v -0.014731756411492825 -0.05986934155225754 -0.07082442939281464
v -0.017232276499271393 -0.0568002313375473 -0.06992417573928833
v -0.017843259498476982 -0.05663945525884628 -0.06886212527751923
v -0.01790725253522396 -0.05682740733027458 -0.07010307163000107
v -0.018919015303254128 -0.05672629550099373 -0.06943464279174805
v -0.01840132474899292 -0.0569014698266983 -0.07059168815612793
v -0.01959192007780075 -0.05687906965613365 -0.0704428106546402
v -0.01858210749924183 -0.05700257420539856 -0.07125909626483917
v -0.01840115711092949 -0.05710362643003464 -0.07192646712064743
v -0.01790696382522583 -0.057177551090717316 -0.07241497933864594
v -0.017231939360499382 -0.05720454081892967 -0.07259373366832733
v -0.016556961461901665 -0.05717736482620239 -0.0724148377776146
v -0.016062889248132706 -0.05710330232977867 -0.07192622125148773
v -0.015882108360528946 -0.057002197951078415 -0.07125881314277649
v -0.016063056886196136 -0.05690114572644234 -0.07059144228696823
v -0.014872501604259014 -0.05687841400504112 -0.0704423189163208
v -0.016557252034544945 -0.05682722106575966 -0.07010293006896973
v -0.015545660629868507 -0.05672582983970642 -0.0694342851638794
v -0.016621557995676994 -0.05663928762078285 -0.06886199861764908
v -0.018582725897431374 -0.05196007713675499 -0.07202279567718506
v -0.018401775509119034 -0.05206112936139107 -0.07269016653299332
v -0.017907580360770226 -0.052135054022073746 -0.07317867875099182
v -0.017232557758688927 -0.0521620437502861 -0.07335743308067322
v -0.01655757986009121 -0.05213486775755882 -0.07317853718996048
v -0.01606350764632225 -0.0520608052611351 -0.07268992066383362
v -0.01588272675871849 -0.051959700882434845 -0.07202251255512238
v -0.013189104385674 -0.06169033423066139 -0.08519743382930756
v -0.012783468700945377 -0.06187518313527107 -0.08531021326780319
v -0.012788734398782253 -0.05919131264090538 -0.08571543544530869
v -0.012579080648720264 -0.06198209896683693 -0.08533655107021332
v -0.012426108121871948 -0.06206805631518364 -0.08534381538629532
v -0.011566679924726486 -0.06205844506621361 -0.08528105169534683
v -0.011567031033337116 -0.05919114127755165 -0.08571530878543854
v -0.013747365213930607 -0.06150525063276291 -0.08488119393587112
v -0.013864630833268166 -0.05910477042198181 -0.08514315634965897
v -0.013864544220268726 -0.061479900032281876 -0.08478324860334396
v -0.014193585142493248 -0.061448391526937485 -0.08441735804080963
v -0.014537789858877659 -0.05895218253135681 -0.08413512259721756
v -0.014509135857224464 -0.06152252480387688 -0.08382360637187958
v -0.014665411785244942 -0.06173308193683624 -0.08313027024269104
v -0.014678183943033218 -0.05882855877280235 -0.08331874758005142
v -0.014677832834422588 -0.06169585883617401 -0.08288449048995972
v -0.010491278022527695 -0.059104301035404205 -0.08514279872179031
v -0.010490926913917065 -0.06197160482406616 -0.08470854163169861
v -0.009818372316658497 -0.05895153060555458 -0.08413462340831757
v -0.009818021208047867 -0.06181883066892624 -0.08370036631822586
v -0.009678184054791927 -0.05882786586880684 -0.08331822603940964
v -0.009677832946181297 -0.061695169657468796 -0.08288396149873734
v -0.012178015895187855 -0.05903036892414093 -0.08465326577425003
v -0.011503038927912712 -0.05900318920612335 -0.08447436988353729
v -0.011008965782821178 -0.05892912670969963 -0.08398575335741043
v -0.010828183963894844 -0.05882802605628967 -0.08331834524869919
v -0.01100913342088461 -0.058726973831653595 -0.08265097439289093
v -0.010013275779783726 -0.0586407333612442 -0.0820823535323143
v -0.011503328569233418 -0.05865304544568062 -0.08216246217489243
v -0.01092845294624567 -0.058503832668066025 -0.08117770403623581
v -0.012178352102637291 -0.05862605571746826 -0.08198370784521103
v -0.012178494594991207 -0.05845385044813156 -0.08084667474031448
v -0.012853329069912434 -0.05865323543548584 -0.08216260373592377
v -0.013428453356027603 -0.05850417912006378 -0.0811779648065567
v -0.013347402215003967 -0.05872729793190956 -0.08265122026205063
v -0.014343403279781342 -0.058641329407691956 -0.08208280801773071
v -0.013528184033930302 -0.05882839858531952 -0.08331862837076187
v -0.013347234576940536 -0.0589294508099556 -0.08398599922657013
v -0.012853038497269154 -0.059003379195928574 -0.08447451144456863
v -0.013528801500797272 -0.05378590151667595 -0.08408232778310776
v -0.013347852043807507 -0.053886957466602325 -0.08474969863891602
v -0.012853656895458698 -0.053960882127285004 -0.08523820340633392
v -0.0121786342933774 -0.05398787185549736 -0.08541696518659592
v -0.011503657326102257 -0.05396069586277008 -0.08523806929588318
v -0.011009584181010723 -0.05388663336634636 -0.08474945276975632
v -0.010828802362084389 -0.0537855289876461 -0.08408204466104507
v 0.0014815094182267785 -0.06267102062702179 -0.08989667892456055
v 0.0016038570320233703 -0.06273990124464035 -0.0897911936044693
v 0.001707292627543211 -0.06272649019956589 -0.08970270305871964
v 0.0009219947969540954 -0.06245178356766701 -0.09023651480674744
v 0.0017069411696866155 -0.05985918641090393 -0.09013696759939194
v 0.0006349767791107297 -0.062385961413383484 -0.0903390496969223
v 0.0006311877514235675 -0.059946026653051376 -0.09070947021245956
v 0.0002865420829039067 -0.06234075129032135 -0.09040912985801697
v -0.0003592834109440446 -0.06235165148973465 -0.09039253741502762
v -0.0005905142752453685 -0.05994619429111481 -0.09070960432291031
v -0.0005940261762589216 -0.06238619238138199 -0.09033908694982529
v -0.0009896672563627362 -0.0624844953417778 -0.09018619358539581
v -0.0016664116410538554 -0.05985965207219124 -0.09013731777667999
v -0.0015626022359356284 -0.06274034082889557 -0.08979152143001556
v -0.0024799644015729427 -0.05958344042301178 -0.08831290900707245
v -0.0024796128273010254 -0.06245074421167374 -0.08787865191698074
v -0.002339570317417383 -0.05970706790685654 -0.08912928402423859
v -0.002339218743145466 -0.0625743716955185 -0.08869502693414688
v -0.001666060066781938 -0.0627269521355629 -0.08970305323600769
v 0.002379846293479204 -0.05970641225576401 -0.08912879228591919
v 0.0023801978677511215 -0.06257371604442596 -0.08869452774524689
v 0.0025200352538377047 -0.059582751244306564 -0.08831238746643066
v 0.002520386828109622 -0.06245005130767822 -0.08787812292575836
v 2.02032442757627e-05 -0.05978525057435036 -0.08964742720127106
v 0.0006951807881705463 -0.05975807458162308 -0.08946853131055832
v 0.0011892536422237754 -0.059684012085199356 -0.08897991478443146
v 0.0013700354611501098 -0.0595829077064991 -0.08831250667572021
v 0.0011890858877450228 -0.05948185548186302 -0.08764513581991196
v 0.00218494376167655 -0.05939561501145363 -0.08707651495933533
v 0.0006948902737349272 -0.059407930821180344 -0.08715662360191345
v 0.0012697664787992835 -0.05925871431827545 -0.08617186546325684
v 1.986777533602435e-05 -0.05938094109296799 -0.08697786927223206
v 1.972484460566193e-05 -0.05920873209834099 -0.08584083616733551
v -0.0006551097612828016 -0.05940811708569527 -0.0871567651629448
v -0.0012302335817366838 -0.05925906077027321 -0.08617212623357773
v -0.0011491826735436916 -0.05948217958211899 -0.08764538168907166
v -0.0021451832726597786 -0.05939621478319168 -0.08707696944475174
v -0.0013299646088853478 -0.059583283960819244 -0.0883127897977829
v -0.001149014919064939 -0.05968433618545532 -0.08898016065359116
v -0.0006548192468471825 -0.059758260846138 -0.08946867287158966
v -0.0013305827742442489 -0.054540786892175674 -0.08907648921012878
v -0.00114963308442384 -0.05464183911681175 -0.08974386006593704
v -0.0006554374122060835 -0.05471576377749443 -0.09023237228393555
v 1.9585078916861676e-05 -0.05474275350570679 -0.09041112661361694
v 0.0006945626228116453 -0.05471557751297951 -0.0902322307229042
v 0.0011886354768648744 -0.054641515016555786 -0.08974361419677734
v 0.0013694172957912087 -0.05454041063785553 -0.0890762060880661
v 0.00601081270724535 -0.044169940054416656 -0.02060653641819954
v 0.006011782679706812 -0.052079737186431885 -0.0194085780531168
v 0.006278885528445244 -0.044319648295640945 -0.02159523218870163
v 0.006279855500906706 -0.052229445427656174 -0.02039727382361889
v 0.007011028006672859 -0.04442916810512543 -0.022318953648209572
v 0.007011997513473034 -0.052338965237140656 -0.02112099528312683
v 0.008011060766875744 -0.04446915164589882 -0.022583777084946632
v 0.008012031204998493 -0.05237894877791405 -0.02138581871986389
v 0.00901102740317583 -0.04442888870835304 -0.02231874316930771
v 0.009011996909976006 -0.05233868956565857 -0.021120784804224968
v 0.009742987342178822 -0.044319167733192444 -0.02159486897289753
v 0.009743956848978996 -0.05222896486520767 -0.02039691060781479
v 0.010010812431573868 -0.044169384986162186 -0.020606117323040962
v 0.010011781938374043 -0.052079182118177414 -0.019408157095313072
v -0.009989187121391296 -0.04417215287685394 -0.020608210936188698
v -0.009988217614591122 -0.05208195373415947 -0.019410252571105957
v -0.009721114300191402 -0.04432186111807823 -0.021596908569335938
v -0.009720144793391228 -0.05223166197538376 -0.020398948341608047
v -0.008988971821963787 -0.044431380927562714 -0.02232062816619873
v -0.008988002315163612 -0.05234117805957794 -0.02112266980111599
v -0.007988939061760902 -0.044471368193626404 -0.02258545160293579
v -0.007987969554960728 -0.05238116532564163 -0.02138749323785305
v -0.006988971959799528 -0.04443110525608063 -0.022320419549942017
v -0.006988002452999353 -0.052340902388095856 -0.021122459322214127
v -0.006257012486457825 -0.04432138428092003 -0.021596545353531837
v -0.006256042513996363 -0.05223118141293526 -0.020398585125803947
v -0.0059891873970627785 -0.04417160153388977 -0.02060779184103012
v -0.005988217890262604 -0.052081398665905 -0.01940983161330223
v 0.002261781832203269 -0.05208025500178337 -0.019408969208598137
v 0.001685812370851636 -0.04417053610086441 -0.020606987178325653
v -0.002238217741250992 -0.05208088085055351 -0.019409440457820892
v -0.00166418740991503 -0.04417100176215172 -0.02060733735561371
v -0.003866027109324932 -0.05208110436797142 -0.019409609958529472
v -0.0036169965751469135 -0.044171273708343506 -0.020607544109225273
v 0.010010868310928345 -0.04592221975326538 -0.018823539838194847
v 0.01001062523573637 -0.043944768607616425 -0.019123030826449394
v 0.010009818710386753 -0.042971428483724594 -0.012696322053670883
v 0.010010004043579102 -0.043196044862270355 -0.014179407618939877
v 0.010010246187448502 -0.04517349228262901 -0.013879918493330479
v 0.010010850615799427 -0.05095609650015831 -0.011992723681032658
v 0.010010788217186928 -0.05088122561573982 -0.011498362757265568
v -0.009989752434194088 -0.04517626389861107 -0.013882013037800789
v -0.009989994578063488 -0.04319881275296211 -0.014181502163410187
v -0.009990180842578411 -0.04297419637441635 -0.012698416598141193
v -0.00998937338590622 -0.04394753649830818 -0.01912512443959713
v -0.009989130310714245 -0.04592498764395714 -0.018825635313987732
v -0.009989211335778236 -0.05088399350643158 -0.011500458233058453
v -0.009989149868488312 -0.05095886439085007 -0.01199481450021267
v 0.025010867044329643 -0.04592014104127884 -0.018821971490979195
v 0.025010624900460243 -0.04394268989562988 -0.019121460616588593
v 0.014734422788023949 -0.043944112956523895 -0.019122537225484848
v 0.02501000463962555 -0.043193966150283813 -0.01417783834040165
v 0.02501024678349495 -0.04517141729593277 -0.013878348283469677
v 0.020982693880796432 -0.04541905224323273 -0.01551016140729189
v 0.018660375848412514 -0.045326199382543564 -0.01489518117159605
v 0.01951034553349018 -0.045291975140571594 -0.014669901691377163
v 0.020360374823212624 -0.04532596096396446 -0.014894999563694
v 0.018038209527730942 -0.04541946202516556 -0.01551047246903181
v 0.01560958381742239 -0.05088045075535774 -0.011497775092720985
v 0.025009818375110626 -0.04296934977173805 -0.012694751843810081
v -0.024987634271383286 -0.04604604095220566 -0.03296883776783943
v -0.024990180507302284 -0.042976271361112595 -0.012699986808001995
v -0.02498999424278736 -0.043200891464948654 -0.014183072373270988
v -0.02498975209891796 -0.04517833888530731 -0.01388358324766159
v -0.024989131838083267 -0.04592706263065338 -0.018827205523848534
v -0.024989373981952667 -0.043949615210294724 -0.01912669464945793
v -0.03191208094358444 -0.05105334520339966 -0.06602511554956436
v -0.030978472903370857 -0.05049774423241615 -0.06235736981034279
v -0.02961546741425991 -0.0499623604118824 -0.05882349610328674
v 0.025012366473674774 -0.046039119362831116 -0.03296360373497009
v -0.014713170006871223 -0.04394819214940071 -0.019125618040561676
v -0.018017305061221123 -0.0454244539141655 -0.015514246188104153
v -0.020961789414286613 -0.04542485997080803 -0.015514553524553776
v -0.01863962598145008 -0.04533136263489723 -0.014899084344506264
v -0.019489653408527374 -0.045297373086214066 -0.014673986472189426
v -0.02033962495625019 -0.045331597328186035 -0.01489926129579544
v -0.015588007867336273 -0.05088476836681366 -0.011501042172312737
v 0.029646698385477066 -0.04995415732264519 -0.058817293494939804
v 0.031010590493679047 -0.0504891611635685 -0.06235088035464287
v -0.0022340368013828993 -0.05711934715509415 -0.052677083760499954
v -0.0038618461694568396 -0.05711957439780235 -0.052677255123853683
v -0.002144831931218505 -0.06226351484656334 -0.08664271235466003
v -0.002233256818726659 -0.05805917829275131 -0.05888252332806587
v -0.003861066186800599 -0.05805940181016922 -0.0588826909661293
v 0.001973821548745036 -0.06273473799228668 -0.08975740522146225
v 0.026248624548316002 -0.05805523321032524 -0.058879539370536804
v 0.026248294860124588 -0.057658854871988297 -0.05626235902309418
v 0.018954692408442497 -0.05958835408091545 -0.06899641454219818
v 0.017878791317343712 -0.05950181186199188 -0.06842412799596786
v 0.016657091677188873 -0.05950197950005531 -0.06842425465583801
v 0.015273690223693848 -0.06162351369857788 -0.08243105560541153
v 0.009387469850480556 -0.06238429620862007 -0.08744952082633972
v 0.015581337735056877 -0.05958881974220276 -0.06899676471948624
v 0.01490843202918768 -0.05974159389734268 -0.07000494003295898
v 0.014382259920239449 -0.061504654586315155 -0.08164554089307785
v 0.01346708182245493 -0.06136775761842728 -0.08074089139699936
v 0.012217041105031967 -0.06131777539849281 -0.08040986210107803
v 0.010967081412672997 -0.061368104070425034 -0.08074115216732025
v 0.010052131488919258 -0.06150525435805321 -0.08164598792791367
v 0.018672874197363853 -0.0605764277279377 -0.07552015781402588
v 0.017329730093479156 -0.06112588569521904 -0.07914700359106064
v -0.0012298820074647665 -0.062126364558935165 -0.08573786914348602
v 2.0076349755981937e-05 -0.062076035887002945 -0.0854065790772438
v 0.0022667429875582457 -0.05805855244398117 -0.05888205021619797
v 0.001270117936655879 -0.06212601810693741 -0.08573760837316513
v 0.0021852951031178236 -0.06226291507482529 -0.08664225786924362
v -0.003877278883010149 -0.06269071251153946 -0.08946198225021362
v -0.0019325751345604658 -0.06273528188467026 -0.08975781500339508
v -0.008709861896932125 -0.05806007236242294 -0.05888320133090019
v -0.009346802718937397 -0.0623868890106678 -0.08745148032903671
v -0.00756803248077631 -0.06212664395570755 -0.08573459088802338
v -0.005402969196438789 -0.06212634593248367 -0.08573436737060547
v -0.00575863616541028 -0.0626177191734314 -0.08897847682237625
v -0.007110557518899441 -0.06205806881189346 -0.08528216928243637
v -0.00648557860404253 -0.06203290447592735 -0.08511652797460556
v -0.005860557779669762 -0.062057893723249435 -0.08528204262256622
v -0.010015955194830894 -0.05785498023033142 -0.057527974247932434
v -0.015234284102916718 -0.06162773817777634 -0.08243425190448761
v -0.014343052171170712 -0.06150863319635391 -0.08164854347705841
v -0.013428101316094398 -0.06137147918343544 -0.080743707716465
v -0.012178143486380577 -0.06132115051150322 -0.08041241019964218
v -0.015545309521257877 -0.05959312990307808 -0.06900002807378769
v -0.014872150495648384 -0.05974571779370308 -0.0700080618262291
v -0.010928100906312466 -0.06137113273143768 -0.08074343949556351
v -0.010012923739850521 -0.06150803342461586 -0.0816480964422226
v -0.018635207787156105 -0.06058159098029137 -0.07552406936883926
v -0.017291150987148285 -0.06113068014383316 -0.07915063202381134
v -0.018918663263320923 -0.05959359556436539 -0.06900037825107574
v -0.017842907458543777 -0.05950675532221794 -0.06842786818742752
v -0.015582052990794182 -0.05806102603673935 -0.058883920311927795
v -0.01662120595574379 -0.05950658768415451 -0.06842774152755737
v -0.015582382678985596 -0.057664647698402405 -0.05626673996448517
v -0.01558283343911171 -0.057121194899082184 -0.05267848074436188
v -0.02208697609603405 -0.05126003175973892 -0.013973534107208252
v -0.020989036187529564 -0.051095448434352875 -0.012887725606560707
v -0.019489087164402008 -0.05103505402803421 -0.012490175664424896
v -0.017989035695791245 -0.05109503120183945 -0.012887410819530487
v -0.015587945468723774 -0.050959642976522446 -0.011995403096079826
v -0.01689082384109497 -0.05125931277871132 -0.013972989283502102
v -0.015585429966449738 -0.05399197340011597 -0.03201707825064659
v -0.00871323887258768 -0.05399102345108986 -0.03201635926961899
v -0.0038644426967948675 -0.053990352898836136 -0.0320158489048481
v 0.008739971555769444 -0.05398860573768616 -0.03201453015208244
v 0.0022633662447333336 -0.05398950353264809 -0.03201520815491676
v -0.0022366333287209272 -0.05399012565612793 -0.03201568126678467
v 0.0156121626496315 -0.05398765578866005 -0.03201381117105484
v 0.01560964621603489 -0.05095532163977623 -0.011992136016488075
v 0.016913022845983505 -0.05125463008880615 -0.013969450257718563
v 0.018010960891842842 -0.051090046763420105 -0.012883640825748444
v 0.019510913640260696 -0.05102965608239174 -0.012486091814935207
v 0.02101096138358116 -0.051089633256196976 -0.012883326038718224
v 0.022109173238277435 -0.05125391110777855 -0.013968905434012413
v 0.015614758245646954 -0.057116877287626266 -0.052675213664770126
v 0.002266413765028119 -0.057662174105644226 -0.05626487359404564
v 0.007604364771395922 -0.057420771569013596 -0.054675277322530746
v 0.008743018843233585 -0.057661280035972595 -0.05626419559121132
v 0.005439301021397114 -0.05742107331752777 -0.05467550456523895
v 0.005896775983273983 -0.057352498173713684 -0.05422308295965195
v 0.002265963004902005 -0.057118725031614304 -0.05267661064863205
v 0.006521754898130894 -0.057327333837747574 -0.054057441651821136
v 0.008742568083107471 -0.057117827236652374 -0.05267593637108803
v 0.007146775722503662 -0.057352323085069656 -0.0542229525744915
v 0.008743348531425 -0.05805765837430954 -0.05888137221336365
v 0.005799686536192894 -0.06261611729860306 -0.08897726982831955
v 0.010049100033938885 -0.05785220116376877 -0.0575258731842041
v 0.010964049957692623 -0.057715050876140594 -0.05662102997303009
v 0.012214009650051594 -0.057664722204208374 -0.05628973990678787
v 0.015615210868418217 -0.05766032636165619 -0.05626347288489342
v 0.013464050367474556 -0.05771470442414284 -0.0566207692027092
v 0.014379228465259075 -0.057851605117321014 -0.05752541869878769
v 0.015615539625287056 -0.058056704699993134 -0.058880653232336044
v 0.002254926599562168 -0.057117342948913574 -0.05266747251152992
v 0.0021810082253068686 -0.05709671974182129 -0.052531253546476364
v -0.0017168514896184206 -0.05619879066944122 -0.046599313616752625
v -0.0009848917834460735 -0.056089069694280624 -0.045875441282987595
v 1.507507204223657e-05 -0.05604880675673485 -0.04561040922999382
v 0.001015108311548829 -0.05608879029750824 -0.04587523266673088
v -0.0022230027243494987 -0.05711796134710312 -0.05266794189810753
v -0.00214911880902946 -0.05709731951355934 -0.052531708031892776
v -0.0012341688852757215 -0.05696016550064087 -0.051626868546009064
v 1.578954834258184e-05 -0.05690984055399895 -0.05129557475447655
v 0.001265831058844924 -0.05695981904864311 -0.05162660405039787
v 0.0017472499748691916 -0.05619831010699272 -0.046598952263593674
v -0.003861395176500082 -0.057663023471832275 -0.056265514343976974
v -0.0022335858084261417 -0.05766279995441437 -0.056265342980623245
v -0.014346083626151085 -0.05785558000206947 -0.05752842500805855
v -0.013431132771074772 -0.057718425989151 -0.056623585522174835
v -0.01218117494136095 -0.05766810104250908 -0.05629229545593262
v -0.008710190653800964 -0.057663694024086 -0.056266020983457565
v -0.010931132361292839 -0.05771808326244354 -0.05662332475185394
v -0.008710641413927078 -0.057120244950056076 -0.052677761763334274
v 0.0017462802352383733 -0.04828851297497749 -0.047796912491321564
v 0.0016873657004907727 -0.04604234918951988 -0.032966047525405884
v 0.009313970804214478 -0.04604129120707512 -0.032965246587991714
v -0.0006600148626603186 -0.0491994246840477 -0.05380946397781372
v -0.0011540876002982259 -0.04927348718047142 -0.05429808050394058
v -0.0016599351074546576 -0.049295574426651 -0.05444350093603134
v -0.014711430296301842 -0.046044617891311646 -0.032967764884233475
v 0.02529839798808098 -0.05104073882102966 -0.06598816812038422
v -0.014199788682162762 -0.05432421341538429 -0.08763610571622849
v -0.014753464609384537 -0.0542469285428524 -0.08712536096572876
v -0.014704636298120022 -0.054232362657785416 -0.08702922612428665
v -0.01606367528438568 -0.05185864865779877 -0.07135514169931412
v -0.014707280322909355 -0.05104627460241318 -0.06599235534667969
v -0.01655787043273449 -0.05178472399711609 -0.07086662948131561
v -0.017232894897460938 -0.05175773426890373 -0.07068787515163422
v -0.018401943147182465 -0.05185897275805473 -0.07135538756847382
v -0.0207678135484457 -0.05262197181582451 -0.07639133185148239
v -0.019394494593143463 -0.05325445532798767 -0.0805685818195343
v -0.017907870933413506 -0.05178491026163101 -0.07086677104234695
v -0.014705764129757881 -0.052872803062200546 -0.07805241644382477
v -0.02123272605240345 -0.05196044221520424 -0.07202307134866714
v -0.017172785475850105 -0.053830258548259735 -0.08437225222587585
v -0.01589766889810562 -0.054067980498075485 -0.08594287931919098
v -0.009282444603741169 -0.054231613874435425 -0.08702865988016129
v -0.01060543954372406 -0.05471473187208176 -0.09021750092506409
v -0.006546825636178255 -0.054984744638204575 -0.09200361371040344
v -0.002201329916715622 -0.05512245371937752 -0.09291638433933258
v 0.0011884677223861217 -0.05443935841321945 -0.08840883523225784
v 0.0016941598150879145 -0.05423009395599365 -0.08702751249074936
v 0.0022411297541111708 -0.05512183904647827 -0.09291591495275497
v 0.0006942721083760262 -0.054365433752536774 -0.08792032301425934
v 1.9249609977123328e-05 -0.05433844402432442 -0.08774156868457794
v -0.0016558399656787515 -0.05423055589199066 -0.08702786266803741
v -0.0006557279266417027 -0.0543656200170517 -0.08792046457529068
v -0.0011498008389025927 -0.05443968251347542 -0.08840908110141754
v -0.0036086493637412786 -0.05423082783818245 -0.08702806383371353
v 0.006586396135389805 -0.054982926696538925 -0.09200223535299301
v 0.009320764802396297 -0.05422903597354889 -0.08702671527862549
v 0.010644560679793358 -0.05471178889274597 -0.0902152732014656
v 0.01474295649677515 -0.0542282871901989 -0.08702614158391953
v 0.01479180809110403 -0.05424283817410469 -0.08712226897478104
v 0.014238261617720127 -0.05432027578353882 -0.08763312548398972
v 0.014742810279130936 -0.05405215546488762 -0.08586320281028748
v 0.015935715287923813 -0.054063569754362106 -0.08593954890966415
v 0.01484333910048008 -0.054235342890024185 -0.08707281202077866
v 0.01721043698489666 -0.0538254976272583 -0.08436864614486694
v 0.014741827733814716 -0.05286872759461403 -0.07804933935403824
v 0.019431190565228462 -0.05324907973408699 -0.08056451380252838
v 0.01794212870299816 -0.05177994817495346 -0.0708630159497261
v 0.01843632385134697 -0.05185387283563614 -0.07135152816772461
v 0.016592126339673996 -0.051780134439468384 -0.07086315751075745
v 0.016098054125905037 -0.051854196935892105 -0.07135177403688431
v 0.014740312471985817 -0.05104219913482666 -0.06598927825689316
v 0.020803460851311684 -0.052616216242313385 -0.07638698071241379
v 0.017267106100916862 -0.051752958446741104 -0.07068426162004471
v 0.014738579280674458 -0.04895307868719101 -0.05219537764787674
v 0.025296665728092194 -0.04895161837339401 -0.052194271236658096
v 0.014736161567270756 -0.04604054242372513 -0.03296468034386635
v -0.0016626340802758932 -0.04604281112551689 -0.03296639770269394
v -0.009289238601922989 -0.046043869107961655 -0.03296719491481781
v -0.0036154433619230986 -0.04604308307170868 -0.032966602593660355
v -0.01470901444554329 -0.04895715415477753 -0.05219845846295357
v -0.014708261936903 -0.04986284673213959 -0.05817849189043045
v -0.005403938703238964 -0.054216545075178146 -0.08693232387304306
v -0.005861527286469936 -0.05414809659123421 -0.08647999912500381
v -0.0036087953485548496 -0.05405469611287117 -0.08586512506008148
v -0.006486548110842705 -0.054123107343912125 -0.08631448447704315
v -0.009282590821385384 -0.054055482149124146 -0.08586572110652924
v -0.0071115270256996155 -0.054148271679878235 -0.08648013323545456
v -0.007569001987576485 -0.05421684682369232 -0.08693255484104156
v -0.0016594658372923732 -0.04986103996634483 -0.058177124708890915
v 0.0016905339434742928 -0.049860578030347824 -0.05817677453160286
v 0.0016900647897273302 -0.04929510876536369 -0.05444314703345299
v 1.4962680324970279e-05 -0.04917224869132042 -0.05363056808710098
v -0.0016602174146100879 -0.04895534738898277 -0.05219709128141403
v 0.0006899851723574102 -0.049199238419532776 -0.05380932241678238
v 0.001689782366156578 -0.048954885452985764 -0.05219674110412598
v 0.0011841808445751667 -0.049273163080215454 -0.054297834634780884
v -0.0036130265798419714 -0.04895561933517456 -0.05219729617238045
v -0.0017178211128339171 -0.048288993537425995 -0.047797273844480515
v 0.0010141386883333325 -0.04817899316549301 -0.04707319289445877
v 1.410540244251024e-05 -0.04813900962471962 -0.04680836945772171
v -0.00098586140666157 -0.0481792688369751 -0.047073401510715485
v 0.009316387586295605 -0.0489538311958313 -0.052195943892002106
v -0.014704782515764236 -0.054056230932474136 -0.0858662873506546
v -0.011009751819074154 -0.053684476763010025 -0.08341467380523682
v -0.009283572435379028 -0.05287205055356026 -0.0780518501996994
v -0.011503946967422962 -0.05361055210232735 -0.08292616158723831
v -0.012178970500826836 -0.05358356237411499 -0.08274740725755692
v -0.012853946536779404 -0.05361073836684227 -0.08292630314826965
v -0.013348019681870937 -0.05368480086326599 -0.08341491967439651
v -0.01480500865727663 -0.05423944815993309 -0.08707591891288757
v -0.009286070242524147 -0.0498620942234993 -0.058177925646305084
v -0.011012783274054527 -0.050031423568725586 -0.059294551610946655
v -0.009285088628530502 -0.05104552581906319 -0.06599178910255432
v -0.011506978422403336 -0.04995749890804291 -0.05880604311823845
v -0.012182001955807209 -0.04993050917983055 -0.058627285063266754
v -0.012856977991759777 -0.04995768517255783 -0.05880618467926979
v -0.01335105113685131 -0.05003174766898155 -0.059294797480106354
v -0.009286822751164436 -0.048956405371427536 -0.0521978922188282
v -0.014708731323480606 -0.049297381192445755 -0.05444486439228058
v -0.009286539629101753 -0.049296628683805466 -0.05444429814815521
v -0.0036122752353549004 -0.04986131191253662 -0.05817732959985733
v -0.003612744389101863 -0.04929584264755249 -0.05444370210170746
v -0.001655986183322966 -0.05405442416667938 -0.08586491644382477
v 0.0016940137138590217 -0.05405396223068237 -0.08586456626653671
v 0.009320618584752083 -0.05405290797352791 -0.08586376905441284
v -0.0036097774282097816 -0.05287126824259758 -0.07805125415325165
v -0.0016569682629778981 -0.05287099629640579 -0.07805105298757553
v 0.0016930316342040896 -0.052870530635118484 -0.07805070281028748
v 0.009319636039435863 -0.05286947637796402 -0.0780499055981636
v -0.0036112931556999683 -0.05104473978281021 -0.06599120050668716
v -0.0016584837576374412 -0.05104447156190872 -0.06599099189043045
v 0.0016915160231292248 -0.051044005900621414 -0.0659906417131424
v 0.009318120777606964 -0.05104295164346695 -0.06598984450101852
v 0.00760339479893446 -0.04951097443699837 -0.055873237550258636
v 0.009316668845713139 -0.04929405450820923 -0.05444234982132912
v 0.0071458057500422 -0.04944252595305443 -0.05542091280221939
v 0.006520785391330719 -0.04941753298044205 -0.05525539815425873
v 0.005895806010812521 -0.04944269731640816 -0.05542104318737984
v 0.005438331514596939 -0.04951127618551254 -0.05587346479296684
v 0.009317138232290745 -0.04985952004790306 -0.05817597731947899
v 0.012891235761344433 -0.05360717326402664 -0.08292360603809357
v 0.012216214090585709 -0.053580183535814285 -0.08274485170841217
v 0.013385431841015816 -0.05368109792470932 -0.08341211825609207
v 0.011541236191987991 -0.053607359528541565 -0.08292374759912491
v 0.011047163046896458 -0.053681422024965286 -0.08341236412525177
v 0.014739329926669598 -0.04985877126455307 -0.058175407350063324
v 0.013382400386035442 -0.05002804473042488 -0.05929199978709221
v 0.011044131591916084 -0.05002836883068085 -0.05929224193096161
v 0.01288820430636406 -0.0499541200697422 -0.058803487569093704
v 0.012213182635605335 -0.049927130341529846 -0.05862473323941231
v 0.011538204737007618 -0.049954306334257126 -0.058803629130125046
v 0.025297414511442184 -0.049857307225465775 -0.05817430093884468
v 0.014738860540091991 -0.04929330199956894 -0.05444178357720375
v 0.025296946987509727 -0.04929184168577194 -0.05444067716598511
v 0.019683966413140297 -0.05934670940041542 -0.07024876773357391
v 0.019665608182549477 -0.05935283750295639 -0.07018174976110458
v 0.019645238295197487 -0.059361401945352554 -0.0701141282916069
v 0.021245449781417847 -0.05803386867046356 -0.07209049165248871
v 0.020804187282919884 -0.05854856222867966 -0.07548850774765015
v 0.020610777661204338 -0.05867265164852142 -0.07630767673254013
v 0.019431916996836662 -0.05918142944574356 -0.07966604828834534
v 0.01912808232009411 -0.059279199689626694 -0.08031133562326431
v 0.01721116341650486 -0.05975784733891487 -0.0834701806306839
v 0.016858428716659546 -0.05982853099703789 -0.08393658697605133
v 0.014238988980650902 -0.06025262549519539 -0.08673465996980667
v 0.013895276933908463 -0.060298025608062744 -0.08703415095806122
v 0.010645288042724133 -0.06064413860440254 -0.08931680768728256
v 0.010360652580857277 -0.060668352991342545 -0.08947645127773285
v 0.0065871234983205795 -0.060915276408195496 -0.09110376983880997
v 0.006400113459676504 -0.06092425808310509 -0.09116292744874954
v 0.0021767562720924616 -0.06105520576238632 -0.09202411770820618
v -0.002135500079020858 -0.061055801808834076 -0.09202457219362259
v -0.006359074264764786 -0.06092602387070656 -0.09116426110267639
v -0.006546098738908768 -0.060917094349861145 -0.0911051407456398
v -0.010320037603378296 -0.06067121401429176 -0.08947861194610596
v -0.014199062250554562 -0.06025656312704086 -0.08673764020204544
v -0.01681920513510704 -0.05983319133520126 -0.08394011855125427
v -0.010604712180793285 -0.06064708158373833 -0.08931902796030045
v -0.013855274766683578 -0.06030186638236046 -0.08703705668449402
v -0.017172059044241905 -0.059762608259916306 -0.08347377926111221
v -0.019089771434664726 -0.05928448960185051 -0.08031533658504486
v -0.019393766298890114 -0.05918680503964424 -0.07967010885477066
v -0.02057347074151039 -0.05867835506796837 -0.07631199061870575
v -0.021209202706813812 -0.058039747178554535 -0.07209493219852448
v -0.0207670871168375 -0.05855431780219078 -0.07549285888671875
v 0.019645240157842636 -0.059361401945352554 -0.0701141282916069
v -0.013579151593148708 0.0009143258794210851 -0.009231849573552608
v -0.013746696524322033 0.0015322540421038866 -0.009325464256107807
v -0.022270815446972847 -0.005661897361278534 -0.008236956782639027
v -0.03342371806502342 -0.014117036014795303 -0.006957812234759331
v -0.03364487737417221 -0.013301369734108448 -0.0070813740603625774
v -0.03749467805027962 -0.014958014711737633 -0.006830951664596796
v -0.011645057238638401 -0.011842679232358932 -0.00729952659457922
v -0.011022738181054592 -0.012457821518182755 -0.007206285838037729
v -0.011020082049071789 -0.011642122641205788 -0.0073298257775604725
v 0.013355299830436707 -0.014750503934919834 -0.006855989806354046
v 0.012505327351391315 -0.01497581135481596 -0.006821976974606514
v 0.013980324380099773 -0.014950888231396675 -0.006825565360486507
v 0.034348029643297195 -0.0223678071051836 -0.005699690897017717
v 0.03558032214641571 -0.01494789682328701 -0.006823297590017319
v 0.030070820823311806 -0.027459442615509033 -0.004929088521748781
v 0.02228032425045967 -0.0149497389793396 -0.006824693642556667
v 0.025029771029949188 -0.031814515590667725 -0.004270138218998909
v 0.01935293897986412 -0.0353223942220211 -0.0037395681720227003
v 0.013184547424316406 -0.037893958389759064 -0.0033508760388940573
v 0.006681296043097973 -0.03946388140320778 -0.0031139254570007324
v -0.011019675992429256 -0.014954349026083946 -0.006828180514276028
v 8.394266842515208e-06 -0.03999227657914162 -0.003034739987924695
v 5.324656740413047e-06 -0.014952823519706726 -0.006827028002589941
v -0.022269675508141518 -0.014955906197428703 -0.006829355377703905
v -0.01933729648590088 -0.03532775118947029 -0.003743623849004507
v -0.012494673021137714 -0.014979272149503231 -0.006824592128396034
v -0.013168273493647575 -0.03789760544896126 -0.0033536350820213556
v -0.006664636544883251 -0.03946572542190552 -0.0031153210438787937
v -0.03749440610408783 -0.01717204786837101 -0.006495630834251642
v -0.03433556109666824 -0.022377315908670425 -0.0057068816386163235
v -0.03005710430443287 -0.027467766776680946 -0.004935381468385458
v -0.025014987215399742 -0.031821444630622864 -0.004275376442819834
v -0.037498991936445236 0.02022998407483101 -0.012160263024270535
v -0.03749871999025345 0.018015949055552483 -0.011824941262602806
v -0.034341420978307724 0.025436127558350563 -0.012948348186910152
v -0.022273719310760498 0.018018057569861412 -0.011823344975709915
v -0.0193463321775198 0.038390714675188065 -0.014908471144735813
v -0.025023164227604866 0.034882836043834686 -0.014377908781170845
v -0.030064214020967484 0.030527759343385696 -0.013718949630856514
v -0.006674688775092363 0.04253219813108444 -0.01553411316126585
v -0.013177940621972084 0.04096227511763573 -0.015297163277864456
v -0.012498721480369568 0.018044129014015198 -0.01182607002556324
v -0.011023717932403088 0.01801961474120617 -0.011822170577943325
v 1.2823470569856e-06 0.01802114024758339 -0.011821018531918526
v -1.7872636135507491e-06 0.04306059703230858 -0.015613307245075703
v 0.006671243812888861 0.04253404587507248 -0.015532718040049076
v 0.012501279823482037 0.01804758980870247 -0.011823453940451145
v 0.013174879364669323 0.04096592590212822 -0.01529440376907587
v 0.013976281508803368 0.01802307553589344 -0.011819555424153805
v 0.019343901425600052 0.03839607536792755 -0.014904416166245937
v 0.02227628231048584 0.018024224787950516 -0.011818683706223965
v 0.025021592155098915 0.034889765083789825 -0.014372670091688633
v 0.03557628020644188 0.018026066944003105 -0.011817287653684616
v 0.034342169761657715 0.025445636361837387 -0.012941157445311546
v 0.03006371110677719 0.03053608350455761 -0.013712656684219837
v -0.0116486931219697 0.017819058150053024 -0.01179187186062336
v -0.011026374995708466 0.01720391772687435 -0.011698631569743156
v -0.010798514820635319 0.016363533213734627 -0.011571326293051243
v -0.011026168242096901 0.015523086301982403 -0.011444064788520336
v -0.01334869209676981 0.01781882345676422 -0.011792049743235111
v -0.013970860280096531 0.01720350980758667 -0.011698941700160503
v -0.011022578924894333 0.00872560404241085 -0.01041456963866949
v -0.011648336425423622 0.01490777451545 -0.011350950226187706
v -0.012498308904469013 0.014682467095553875 -0.011316937394440174
v -0.02227257937192917 0.008724046871066093 -0.010415744036436081
v -0.013348335400223732 0.014907538890838623 -0.011351128108799458
v -0.013970654457807541 0.015522678382694721 -0.011444375850260258
v -0.014198514632880688 0.01636306196451187 -0.011571681126952171
v 0.013351306319236755 0.017822518944740295 -0.011789255775511265
v 0.013973625376820564 0.017207378521561623 -0.011696015484631062
v 0.014201484620571136 0.016366995871067047 -0.011568702757358551
v 0.013973831199109554 0.015526547096669674 -0.011441449634730816
v 2.4217085865529953e-06 0.008727130480110645 -0.010413416661322117
v 0.011651663109660149 0.014910999685525894 -0.011348512023687363
v 0.011029344983398914 0.015526140108704567 -0.01144175324589014
v 0.010801485739648342 0.016366522759199142 -0.011569065973162651
v 0.01102913822978735 0.01720697060227394 -0.011696319095790386
v 0.011651306413114071 0.017822284251451492 -0.011789433658123016
v 0.012501691468060017 0.014685927890241146 -0.011314322240650654
v 0.013977421447634697 0.008729064837098122 -0.010411953553557396
v 0.013351663015782833 0.014911235310137272 -0.011348335072398186
v 0.013977261260151863 -0.012454360723495483 -0.007203670684248209
v 0.014205120503902435 -0.013294744305312634 -0.0070763579569756985
v 0.02227991819381714 -0.011637512594461441 -0.007326338440179825
v 0.013977467082440853 -0.014135192148387432 -0.006949104368686676
v 0.013979918323457241 -0.011638661846518517 -0.007327210158109665
v 0.012504915706813335 -0.011614147573709488 -0.007331109140068293
v 0.013354942202568054 -0.011839218437671661 -0.0072969114407896996
v 0.011655299924314022 -0.014750739559531212 -0.00685616722330451
v 0.011032980866730213 -0.014135599136352539 -0.006949407979846001
v 0.010805121622979641 -0.013295215554535389 -0.007076720241457224
v 4.918607828585664e-06 -0.011640596203505993 -0.007328673265874386
v 0.011032775044441223 -0.01245476771146059 -0.007203973829746246
v 0.013979184441268444 -0.005656879395246506 -0.008233166299760342
v 0.01165494229644537 -0.011839453130960464 -0.007297088857740164
v -0.01079487893730402 -0.01329820603132248 -0.007078980561345816
v -0.011022532358765602 -0.014138652943074703 -0.006951719988137484
v -0.011020814999938011 -0.005660340189933777 -0.008235781453549862
v -0.02227008156478405 -0.011643679812550545 -0.00733100064098835
v -0.013344699516892433 -0.014754200354218483 -0.006858782842755318
v -0.013967018574476242 -0.014139060862362385 -0.006952030584216118
v -0.014194877818226814 -0.01329867634922266 -0.0070793358609080315
v -0.013967224396765232 -0.012458229437470436 -0.007206596899777651
v -0.013345056213438511 -0.01184291485697031 -0.007299704477190971
v -0.012495084665715694 -0.011617608368396759 -0.0073337247595191
v -0.011644700542092323 -0.01475396566092968 -0.0068586054258048534
v -0.03749508410692215 -0.011645788326859474 -0.0073325964622199535
v -0.03342391923069954 -0.012485640123486519 -0.007204891182482243
v -0.03282004967331886 -0.011888425797224045 -0.007295263931155205
v -0.030565835535526276 -0.014116640202701092 -0.006957510020583868
v -0.031169705092906952 -0.014713856391608715 -0.006867137271910906
v -0.03199468180537224 -0.014932536520063877 -0.0068341214209795
v -0.032819703221321106 -0.014714084565639496 -0.006867310497909784
v -0.031995080411434174 -0.011669745668768883 -0.007328279782086611
v -0.03117005154490471 -0.011888197623193264 -0.007295090239495039
v -0.030566034838557243 -0.012485244311392307 -0.00720458896830678
v -0.030344877392053604 -0.013300912454724312 -0.007081027142703533
v 0.031179947778582573 -0.011879565194249153 -0.007288563996553421
v 0.030576080083847046 -0.012476778589189053 -0.007198183797299862
v 0.030355120077729225 -0.013292508199810982 -0.007074666675180197
v 0.03200492262840271 -0.011660885065793991 -0.007321579847484827
v 0.032829947769641876 -0.011879337020218372 -0.0072883907705545425
v 0.03557991608977318 -0.011635670438408852 -0.0073249428533017635
v 0.03343416005373001 -0.0141077795997262 -0.006950810085982084
v 0.03365512192249298 -0.01329205185174942 -0.007074327208101749
v 0.03343396261334419 -0.012476383708417416 -0.007197889499366283
v 0.030576279386878014 -0.014108174480497837 -0.00695110484957695
v 0.03283029422163963 -0.014704995788633823 -0.006860437337309122
v 0.032005321234464645 -0.014923675917088985 -0.006827421486377716
v 0.03118029423058033 -0.014705223962664604 -0.006860611028969288
v 4.1852954382193275e-06 -0.005658814217895269 -0.008234629407525063
v -0.011246697045862675 0.001532600843347609 -0.009325197897851467
v -0.011414089240133762 0.0009146254160441458 -0.009231624193489552
v -0.011871827766299248 0.0026028407737612724 -0.009487364441156387
v -0.01141424011439085 0.002150529995560646 -0.009418805129826069
v -0.011871565133333206 0.0004621884727384895 -0.00916315708309412
v -0.012496545910835266 0.0002965227758977562 -0.00913815014064312
v -0.013121564872562885 0.00046201510122045875 -0.00916329026222229
v -0.01357930339872837 0.002150230575352907 -0.009419030509889126
v -0.013121827505528927 0.002602667547762394 -0.009487497620284557
v -0.012496848590672016 0.0027683358639478683 -0.009512512013316154
v 0.011420846916735172 0.0009177867905236781 -0.009229233488440514
v 0.011253303848206997 0.0015357161173596978 -0.009322840720415115
v 0.01142069511115551 0.0021536913700401783 -0.009416414424777031
v 0.011878171004354954 0.002606128342449665 -0.009484881535172462
v 0.012503151781857014 0.0027717966586351395 -0.009509896859526634
v 0.013128171674907207 0.002606301801279187 -0.009484748356044292
v 0.013585911132395267 0.0009180863271467388 -0.009229009039700031
v 0.013753303326666355 0.001536061754450202 -0.009322582744061947
v 0.013585759326815605 0.002153991023078561 -0.009416189044713974
v 0.013128434307873249 0.00046564938384108245 -0.0091605419293046
v 0.012503455393016338 0.0002999836578965187 -0.009135534055531025
v 0.011878433637320995 0.00046547598321922123 -0.009160674177110195
v 0.02227918617427349 -0.00565573014318943 -0.008232294581830502
v 0.02227742224931717 0.008730214089155197 -0.010411081835627556
v 0.03557918220758438 -0.005653887987136841 -0.008230898529291153
v 0.03557742014527321 0.008732056245207787 -0.010409685783088207
v -0.03117334097623825 0.01494788471609354 -0.011359483003616333
v -0.03199831768870354 0.014729204587638378 -0.01132646668702364
v -0.03749758005142212 0.008721938356757164 -0.010417340323328972
v -0.0328233428299427 0.01494765654206276 -0.011359656229615211
v -0.03342735394835472 0.015544703230261803 -0.01145015750080347
v -0.03364851325750351 0.016360370442271233 -0.01157371886074543
v -0.03342755511403084 0.017176097258925438 -0.011697236448526382
v -0.031173687428236008 0.017773544415831566 -0.011787435971200466
v -0.03199871629476547 0.017991995438933372 -0.011820624582469463
v -0.03282368928194046 0.01777331531047821 -0.011787609197199345
v -0.030569471418857574 0.015545099042356014 -0.01144985482096672
v -0.030348515138030052 0.016360826790332794 -0.011573372408747673
v -0.03056967258453369 0.017176494002342224 -0.011696933768689632
v -0.03749581798911095 -0.005664005875587463 -0.008238553069531918
v 0.030351484194397926 0.016369231045246124 -0.011567012406885624
v 0.030572444200515747 0.01718495786190033 -0.011690529063344002
v 0.030572643503546715 0.015553564764559269 -0.01144345011562109
v 0.031176311895251274 0.017782175913453102 -0.011780909262597561
v 0.03200128301978111 0.018000856041908264 -0.011813925579190254
v 0.03282631188631058 0.017782405018806458 -0.011780736036598682
v 0.033430326730012894 0.017185354605317116 -0.011690233834087849
v 0.03365148603916168 0.016369687393307686 -0.01156667247414589
v 0.03343052417039871 0.015553959645330906 -0.011443155817687511
v 0.032826658338308334 0.014956745319068432 -0.01135278306901455
v 0.03200168535113335 0.01473806519061327 -0.011319766752421856
v 0.03117665834724903 0.014956517145037651 -0.011352956295013428
v 0.03750559687614441 -0.017161663621664047 -0.006487776525318623
v 0.03750532492995262 -0.01494763046503067 -0.006823097355663776
v 0.03750491887331009 -0.011635404080152512 -0.007324742618948221
v 0.03750418499112129 -0.005653621628880501 -0.00823069829493761
v 0.03750242292881012 0.008732322603464127 -0.01040948648005724
v 0.03750128298997879 0.018026333302259445 -0.011817087419331074
v 0.037501011043787 0.02024036832153797 -0.012152408249676228
v -0.010794058442115784 -0.014286521822214127 -0.013604563660919666
v -0.011021711863577366 -0.01512696873396635 -0.013477303087711334
v -0.011643880046904087 -0.015742281451821327 -0.01338418759405613
v -0.012493852525949478 -0.015967588871717453 -0.013350174762308598
v -0.013343879953026772 -0.01574251614511013 -0.013384365476667881
v -0.013966198079288006 -0.015127376653254032 -0.013477613218128681
v -0.014194058254361153 -0.014286992140114307 -0.013604918494820595
v -0.013966403901576996 -0.013446546159684658 -0.013732179999351501
v -0.015092317014932632 -0.012804030440747738 -0.013829627074301243
v -0.01334423664957285 -0.012831230647861958 -0.013825287111103535
v -0.013994373381137848 -0.011718181893229485 -0.013993943110108376
v -0.012494265101850033 -0.012605924159288406 -0.013859307393431664
v -0.012494422495365143 -0.011320582590997219 -0.01405397616326809
v -0.011644236743450165 -0.01283099502325058 -0.013825109228491783
v -0.010994372889399529 -0.011717765592038631 -0.013993628323078156
v -0.01102191861718893 -0.013446137309074402 -0.01373186893761158
v -0.009896163828670979 -0.01280331052839756 -0.013829082250595093
v -0.009494057856500149 -0.014286342076957226 -0.013604426756501198
v -0.009895800612866879 -0.015769483521580696 -0.013379847630858421
v -0.010993743315339088 -0.016855329275131226 -0.013215531595051289
v -0.012493695132434368 -0.017252929508686066 -0.013155506923794746
v -0.013993743807077408 -0.016855744644999504 -0.013215846382081509
v -0.015091952867805958 -0.0157702025026083 -0.013380392454564571
v -0.015494057908654213 -0.014287172816693783 -0.013605055399239063
v 0.014205941930413246 -0.01428306009620428 -0.013601941056549549
v 0.013978288508951664 -0.01512350793927908 -0.01347468700259924
v 0.013356118462979794 -0.015738820657134056 -0.01338157244026661
v 0.012506147846579552 -0.015964128077030182 -0.013347559608519077
v 0.011656119488179684 -0.01573905535042286 -0.01338175032287836
v 0.01103380136191845 -0.015123914927244186 -0.013474990613758564
v 0.010805942118167877 -0.014283531345427036 -0.013602303341031075
v 0.01103359553962946 -0.013443083502352238 -0.01372955646365881
v 0.009907684288918972 -0.012800568714737892 -0.013827010989189148
v 0.011655762791633606 -0.012827768921852112 -0.013822671957314014
v 0.011005626060068607 -0.011714720167219639 -0.013991327956318855
v 0.012505736202001572 -0.012602463364601135 -0.013856692239642143
v 0.012505577877163887 -0.011317121796309948 -0.014051360078155994
v 0.013355761766433716 -0.012827534228563309 -0.013822494074702263
v 0.014005626551806927 -0.01171430479735136 -0.013991013169288635
v 0.013978082686662674 -0.01344267651438713 -0.013729252852499485
v 0.015103834681212902 -0.012799849733710289 -0.013826467096805573
v 0.015505940653383732 -0.014282881282269955 -0.013601810671389103
v 0.015104198828339577 -0.015766022726893425 -0.013377232477068901
v 0.014006256125867367 -0.016851868480443954 -0.013212916441261768
v 0.012506305240094662 -0.017249468713998795 -0.013152890838682652
v 0.011006255634129047 -0.016852283850312233 -0.013213231228291988
v 0.009908047504723072 -0.015766741707921028 -0.013377777300775051
v 0.009505940601229668 -0.014283710159361362 -0.013602432794868946
v 0.014202305115759373 0.015378679148852825 -0.01809428632259369
v 0.01397465169429779 0.014538231305778027 -0.01796703226864338
v 0.013352482579648495 0.013922919519245625 -0.017873916774988174
v 0.012502511963248253 0.013697612099349499 -0.017839904874563217
v 0.011652483604848385 0.013922683894634247 -0.0178740955889225
v 0.011030164547264576 0.01453782431781292 -0.017967335879802704
v 0.010802305303514004 0.01537820789963007 -0.01809464767575264
v 0.015100562013685703 0.013895717449486256 -0.017869576811790466
v 0.014002620242536068 0.012809868901968002 -0.017705261707305908
v 0.012502669356763363 0.012412270531058311 -0.01764523610472679
v 0.011002619750797749 0.01280945260077715 -0.017705576494336128
v 0.009904411621391773 0.013894997537136078 -0.01787012256681919
v 0.009502304717898369 0.015378029085695744 -0.018094778060913086
v 0.011029958724975586 0.016218654811382294 -0.01822190172970295
v 0.009904047474265099 0.016861170530319214 -0.018319357186555862
v 0.011652126908302307 0.016833968460559845 -0.018315017223358154
v 0.011001990176737309 0.017947018146514893 -0.01848367229104042
v 0.012502099387347698 0.01705927401781082 -0.01834903657436371
v 0.012501941993832588 0.018344616517424583 -0.018543705344200134
v 0.013352125883102417 0.016834203153848648 -0.018314838409423828
v 0.014001990668475628 0.01794743351638317 -0.0184833575040102
v 0.0139744458720088 0.016219062730669975 -0.018221598118543625
v 0.015100198797881603 0.016861889511346817 -0.018318811431527138
v 0.015502304770052433 0.015378858894109726 -0.018094155937433243
v -0.010797695256769657 0.01537521742284298 -0.018096908926963806
v -0.01102534867823124 0.014534770511090755 -0.0179696474224329
v -0.011647515930235386 0.013919457793235779 -0.017876533791422844
v -0.012497489340603352 0.013694151304662228 -0.017842520028352737
v -0.01334751583635807 0.013919223099946976 -0.01787671074271202
v -0.01396983489394188 0.014534362591803074 -0.01796995848417282
v -0.014197695069015026 0.015374747104942799 -0.01809726469218731
v -0.009899436496198177 0.01389225572347641 -0.017872193828225136
v -0.010997379198670387 0.012806407175958157 -0.01770787686109543
v -0.012497331015765667 0.01240880973637104 -0.01764785125851631
v -0.013997379690408707 0.012805991806089878 -0.01770819164812565
v -0.015095588751137257 0.013891536742448807 -0.01787273772060871
v -0.015497693791985512 0.015374566428363323 -0.018097400665283203
v -0.01397004071623087 0.016215194016695023 -0.018224524334073067
v -0.015095952898263931 0.016857709735631943 -0.018321972340345383
v -0.013347873464226723 0.016830507665872574 -0.018317632377147675
v -0.013998010195791721 0.01794355735182762 -0.01848628930747509
v -0.012497900985181332 0.01705581322312355 -0.01835165172815323
v -0.012498058378696442 0.018341155722737312 -0.018546320497989655
v -0.011647872626781464 0.016830742359161377 -0.01831745356321335
v -0.010998008772730827 0.0179439727216959 -0.01848597452044487
v -0.01102555450052023 0.016215601935982704 -0.018224213272333145
v -0.009899800643324852 0.016858428716659546 -0.018321426585316658
v -0.009497694671154022 0.01537539716809988 -0.018096771091222763
v 0.03750097379088402 0.020741263404488564 -0.012478944845497608
v 0.03750244900584221 0.01717155985534191 -0.021801671013236046
v 0.03750301152467728 0.012573989108204842 -0.021105356514453888
v 0.03750428929924965 0.0021429441403597593 -0.019525548443198204
v 0.03750206157565117 0.019891271367669106 -0.02170787751674652
v 0.03750094026327133 0.02123897522687912 -0.012809350155293941
v 0.03750215470790863 0.01931808330118656 -0.021876078099012375
v 0.03750225529074669 0.018742918968200684 -0.022039657458662987
v 0.037504807114601135 -0.002059136750176549 -0.018889132887125015
v 0.037505459040403366 -0.0073735336773097515 -0.01808425411581993
v 0.03750608488917351 -0.012490182183682919 -0.01730932481586933
v 0.037506841123104095 -0.018659111112356186 -0.016375025734305382
v 0.03750687465071678 -0.019160011783242226 -0.01604849100112915
v 0.03750579059123993 -0.01831001229584217 -0.006819556467235088
v 0.037506911903619766 -0.019657716155052185 -0.015718083828687668
v 0.03750569373369217 -0.017736827954649925 -0.006651356350630522
v -0.03749430552124977 -0.017747174948453903 -0.006659200880676508
v -0.03749309107661247 -0.019668100401759148 -0.015725933015346527
v -0.03749421238899231 -0.018320396542549133 -0.006827410776168108
v -0.03749312832951546 -0.019170427694916725 -0.016056321561336517
v -0.03749316185712814 -0.01866949535906315 -0.01638287864625454
v -0.03749391809105873 -0.012500565499067307 -0.01731717959046364
v -0.03749454393982887 -0.007383917458355427 -0.018092108890414238
v -0.037495195865631104 -0.002069520764052868 -0.018896987661719322
v -0.03749571368098259 0.002132560359314084 -0.01953340321779251
v -0.03749699145555496 0.012563604861497879 -0.021113211289048195
v -0.03749755397439003 0.01716117560863495 -0.021809523925185204
v -0.03749784454703331 0.019307659938931465 -0.02188394032418728
v -0.03749774768948555 0.01873253472149372 -0.022047510370612144
v -0.03749906271696091 0.021228590980172157 -0.012817204929888248
v -0.03749794140458107 0.019880887120962143 -0.02171572856605053
v -0.03749902546405792 0.020730914548039436 -0.012486819177865982
v -0.034744296222925186 -0.022736849263310432 -0.006158184725791216
v 0.03475695475935936 -0.022727226838469505 -0.0061509087681770325
v -0.033971551805734634 -0.02378685586154461 -0.005999060347676277
v -0.030414903536438942 -0.027887903153896332 -0.005377503577619791
v -0.029640503227710724 -0.0286526158452034 -0.005261583253741264
v -0.0253127608448267 -0.0322934091091156 -0.0047096372582018375
v -0.024604113772511482 -0.032801900058984756 -0.004632533527910709
v -0.019567478448152542 -0.035841453820466995 -0.004171548876911402
v -0.01898222230374813 -0.03613597899675369 -0.004126872401684523
v -0.013325016014277935 -0.03844190388917923 -0.0037769218906760216
v -0.012908591888844967 -0.03857553005218506 -0.0037566330283880234
v -0.006743954960256815 -0.04002869501709938 -0.0035357740707695484
v -0.006527737248688936 -0.040062498301267624 -0.003530624322593212
v 8.516813068126794e-06 -0.04056151211261749 -0.003454228164628148
v 0.006544648203998804 -0.04006068781018257 -0.003529259702190757
v 0.006760857533663511 -0.04002682492136955 -0.003534358460456133
v 0.012925137765705585 -0.038571953773498535 -0.0037539289332926273
v 0.013341529294848442 -0.038438212126493454 -0.0037741337437182665
v 0.018998170271515846 -0.03613072261214256 -0.004122896119952202
v 0.019583353772759438 -0.03583603352308273 -0.004167450591921806
v 0.024619244039058685 -0.03279508650302887 -0.004627380520105362
v 0.025327766314148903 -0.032286398112773895 -0.0047043305821716785
v 0.029654616490006447 -0.02864440716803074 -0.005255373660475016
v 0.030428828671574593 -0.02787947840988636 -0.005371129140257835
v 0.0339844711124897 -0.023777449503540993 -0.005991948302835226
v 0.03475102409720421 0.025655420497059822 -0.013478582724928856
v -0.03475022688508034 0.025645798072218895 -0.013485859148204327
v 0.03397827968001366 0.026705432683229446 -0.013637708500027657
v 0.030421635136008263 0.030806472525000572 -0.01425926387310028
v 0.029647232964634895 0.031571194529533386 -0.014375178143382072
v 0.02531949058175087 0.03521198779344559 -0.014927131123840809
v 0.024610845372080803 0.035720475018024445 -0.01500423438847065
v 0.019574210047721863 0.03876002877950668 -0.015465212054550648
v 0.018988952040672302 0.03905455395579338 -0.01550989504903555
v 0.013331746682524681 0.04136047884821892 -0.015859846025705338
v 0.012915322557091713 0.04149410128593445 -0.01588013395667076
v 0.006750685628503561 0.04294726997613907 -0.016100993379950523
v 0.006534467916935682 0.04298107326030731 -0.016106143593788147
v -1.7859264289654675e-06 0.04348008707165718 -0.016182539984583855
v -0.006537917070090771 0.04297926649451256 -0.016107508912682533
v -0.006754126865416765 0.04294539988040924 -0.01610240899026394
v -0.01291840709745884 0.041490525007247925 -0.015882838517427444
v -0.013334798626601696 0.04135678708553314 -0.015862634405493736
v -0.018991438671946526 0.03904929384589195 -0.015513871796429157
v -0.019576624035835266 0.03875460848212242 -0.01546931080520153
v -0.024612512439489365 0.03571366146206856 -0.015009388327598572
v -0.025321034714579582 0.03520497307181358 -0.014932437799870968
v -0.029647884890437126 0.031562983989715576 -0.014381387270987034
v -0.03042209893465042 0.0307980477809906 -0.014265638776123524
v -0.03397773951292038 0.02669602632522583 -0.01364482007920742
v -0.0347491055727005 0.02429809607565403 -0.022384382784366608
v -0.03397662192583084 0.025348322466015816 -0.022543342784047127
v -0.030420979484915733 0.029450345784425735 -0.023164158686995506
v -0.029646767303347588 0.030215280130505562 -0.023279910907149315
v -0.025319917127490044 0.03385727107524872 -0.02383095771074295
v -0.024611394852399826 0.03436595946550369 -0.02390790730714798
v -0.01957550458610058 0.037406906485557556 -0.024367833510041237
v -0.018990321084856987 0.03770159184932709 -0.02441239170730114
v -0.013333680108189583 0.04000908508896828 -0.024761157110333443
v -0.012917288579046726 0.04014282301068306 -0.024781359359622
v -0.006753008347004652 0.041597697883844376 -0.025000929832458496
v -0.006536799017339945 0.041631560772657394 -0.02500603161752224
v -6.676625616819365e-07 0.042132385075092316 -0.025081058964133263
v 0.034752145409584045 0.024307718500494957 -0.022377101704478264
v 0.033979400992393494 0.02535773068666458 -0.022536227479577065
v 0.03042275458574295 0.029458768665790558 -0.023157786577939987
v 0.029648350551724434 0.030223488807678223 -0.02327370084822178
v 0.025320610031485558 0.033864282071590424 -0.02382565476000309
v 0.02461196295917034 0.03437277302145958 -0.023902753368020058
v 0.0195753276348114 0.03741232678294182 -0.02436373569071293
v 0.01899007149040699 0.03770684823393822 -0.024408414959907532
v 0.013332865200936794 0.04001277685165405 -0.024758366867899895
v 0.012916441075503826 0.04014639928936958 -0.02477865479886532
v 0.006751804146915674 0.041599567979574203 -0.02499951794743538
v 0.006535585969686508 0.04163337126374245 -0.025004664435982704
v 0.0343434102833271 0.02394818887114525 -0.02282840572297573
v -0.034340180456638336 0.023938680067658424 -0.02283559739589691
v -0.030062971636652946 0.02903030999004841 -0.0236061979085207
v -0.02502192184329033 0.03338538855314255 -0.02426515333354473
v -0.01934508979320526 0.036893267184495926 -0.024795716628432274
v -0.013176698237657547 0.03946482762694359 -0.02518441155552864
v -0.006673446390777826 0.0410347506403923 -0.02542136237025261
v -5.447428748084349e-07 0.04156314954161644 -0.025500550866127014
v 0.0066724857315421104 0.04103659838438034 -0.025419967249035835
v 0.013176122680306435 0.03946847468614578 -0.02518165297806263
v 0.01466208416968584 0.03895252197980881 -0.02510332129895687
v 0.019345145672559738 0.036898624151945114 -0.024791663512587547
v 0.0250228364020586 0.03339231759309769 -0.024259915575385094
v 0.03006495162844658 0.02903863415122032 -0.023599902167916298
v -0.030347272753715515 0.014863378368318081 -0.02146061696112156
v -0.030568230897188187 0.014047651551663876 -0.021337099373340607
v -0.031172098591923714 0.013450437225401402 -0.02124672755599022
v -0.03199707344174385 0.013231756165623665 -0.0212137121707201
v -0.03282209858298302 0.013450208120048046 -0.021246900781989098
v -0.03342611342668533 0.01404725480824709 -0.02133740298449993
v -0.03364727273583412 0.01486292202025652 -0.021460963413119316
v -0.030343635007739067 -0.014798360876739025 -0.016968272626399994
v -0.030564595013856888 -0.01561408769339323 -0.01684475503861904
v -0.031168462708592415 -0.01621130481362343 -0.016754381358623505
v -0.03199343755841255 -0.01642998494207859 -0.016721365973353386
v -0.03281846269965172 -0.016211532056331635 -0.016754554584622383
v -0.033422477543354034 -0.015614484436810017 -0.016845056787133217
v -0.03364363685250282 -0.014798817224800587 -0.01696861907839775
v 0.03365636244416237 -0.014789500273764133 -0.01696157269179821
v 0.0334354043006897 -0.015605227090418339 -0.016838055104017258
v 0.03283153846859932 -0.016202444210648537 -0.01674768142402172
v 0.03200656548142433 -0.0164211243391037 -0.016714666038751602
v 0.031181538477540016 -0.016202671453356743 -0.01674785651266575
v 0.03057752177119255 -0.01560562290251255 -0.016838353127241135
v 0.030356362462043762 -0.014789956621825695 -0.01696191541850567
v 0.03365272656083107 0.014872238971292973 -0.021453917026519775
v 0.0334317646920681 0.014056512154638767 -0.021330399438738823
v 0.03282790258526802 0.013459297828376293 -0.021240027621388435
v 0.03200292959809303 0.013240616768598557 -0.021207012236118317
v 0.031177902594208717 0.013459068723022938 -0.021240200847387314
v 0.030573884025216103 0.014056116342544556 -0.02133069932460785
v 0.030352724716067314 0.014871782623231411 -0.021454259753227234
v -0.011245454661548138 3.515225398587063e-05 -0.019212447106838226
v -0.01141284592449665 -0.0005828231223858893 -0.01911887340247631
v -0.011870322749018669 -0.0010352600365877151 -0.01905040629208088
v -0.012495302595198154 -0.0012009252095595002 -0.019025394693017006
v -0.013120321556925774 -0.0010354334954172373 -0.019050538539886475
v -0.013577909208834171 -0.00058312265900895 -0.01911909691989422
v -0.013745454140007496 3.480605300865136e-05 -0.01921270787715912
v 0.013754545710980892 3.8613714423263445e-05 -0.01920982636511326
v 0.013587153516709805 -0.0005793616874143481 -0.019116252660751343
v 0.013129676692187786 -0.0010317991254851222 -0.01904778927564621
v 0.012504697777330875 -0.0011974642984569073 -0.019022779539227486
v 0.011879676952958107 -0.0010319720022380352 -0.019047919660806656
v 0.01142208930104971 -0.000579661747906357 -0.019116481766104698
v 0.011254546232521534 3.826751344604418e-05 -0.0192100889980793
v 4.803590854862705e-06 -0.0020643288735300303 -0.018893059343099594
v -0.010370195843279362 -0.0020657647401094437 -0.018894143402576447
v -0.010370710864663124 0.0021363161504268646 -0.019530560821294785
v -0.029169544577598572 -0.007382764481008053 -0.01809123530983925
v 0.014006050303578377 -0.012223437428474426 -0.01735267974436283
v 0.014631081372499466 -0.012493348680436611 -0.017311720177531242
v 0.015104258432984352 -0.013308982364833355 -0.01718813180923462
v -0.009899014607071877 0.013383123092353344 -0.021233858540654182
v -0.010371989570558071 0.012567360885441303 -0.02111036702990532
v -0.010996956378221512 0.01229727454483509 -0.021069541573524475
v -0.009899377822875977 0.016349297016859055 -0.021683093160390854
v -0.010372553952038288 0.0171649307012558 -0.021806681528687477
v 2.446081680318457e-06 0.017166366800665855 -0.021805597469210625
v -0.010997586883604527 0.01743484102189541 -0.021847639232873917
v 0.0355810783803463 -0.012490448541939259 -0.01730952598154545
v -0.025013742968440056 -0.033318892121315 -0.014162621460855007
v -0.030055861920118332 -0.028965216130018234 -0.01482263021171093
v -0.034334320574998856 -0.023874765262007713 -0.015594130381941795
v -0.03342267498373985 -0.013983088545501232 -0.017092136666178703
v -0.030564794316887856 -0.01398269273340702 -0.01709183305501938
v -0.031168809160590172 -0.013385645113885403 -0.017182335257530212
v -0.02916891872882843 -0.012499412521719933 -0.01731630600988865
v -0.03199383616447449 -0.013167193159461021 -0.01721552386879921
v -0.032818809151649475 -0.013385874219238758 -0.01718250848352909
v -0.013993950560688972 -0.01222731452435255 -0.01735560968518257
v -0.015091894194483757 -0.013313163071870804 -0.017191292718052864
v -0.01874391920864582 -0.012497969903051853 -0.0173152144998312
v -0.015493636019527912 -0.014796304516494274 -0.016966717317700386
v -0.019336052238941193 -0.03682519868016243 -0.01363086886703968
v -0.015091530047357082 -0.01627933606505394 -0.016742058098316193
v -0.013993320986628532 -0.017364878207445145 -0.01657751202583313
v -0.013167030178010464 -0.039395056664943695 -0.013240883126854897
v -0.012493272311985493 -0.017762061208486557 -0.016517169773578644
v -0.006663394160568714 -0.040963176637887955 -0.013002569787204266
v -0.009895377792418003 -0.016278615221381187 -0.016741514205932617
v -0.009493635036051273 -0.014795473776757717 -0.016966087743639946
v 6.082342679292196e-06 -0.012495373375713825 -0.01731325313448906
v -0.009895741939544678 -0.013312443159520626 -0.01719074882566929
v -0.010368917137384415 -0.012496809475123882 -0.017314335331320763
v 0.011006048880517483 -0.012223852798342705 -0.017352990806102753
v 0.009908105246722698 -0.013309701345860958 -0.017188673838973045
v 0.012506728060543537 -0.017758600413799286 -0.016514552757143974
v 0.014006679877638817 -0.017361002042889595 -0.01657458208501339
v 0.019354181364178658 -0.03681984171271324 -0.013626816682517529
v 0.009506363421678543 -0.014792843721807003 -0.016964098438620567
v 9.636787581257522e-06 -0.041489724069833755 -0.012921985238790512
v -0.010993320494890213 -0.017364462837576866 -0.01657719723880291
v 0.009908469393849373 -0.01627587340772152 -0.016739439219236374
v 0.011006678454577923 -0.017361417412757874 -0.01657489314675331
v 0.006682537961751223 -0.04096132889389992 -0.013001173734664917
v 0.013185789808630943 -0.0393914058804512 -0.013238124549388885
v 0.015104622580111027 -0.016275154426693916 -0.016738899052143097
v 0.015506364405155182 -0.014792012982070446 -0.016963472589850426
v 0.0187560822814703 -0.012492777779698372 -0.01731128618121147
v 0.02918108180165291 -0.012491334229707718 -0.017310194671154022
v 0.025031013414263725 -0.03331196680665016 -0.01415738370269537
v 0.032006166875362396 -0.01315833255648613 -0.017208823934197426
v 0.03118119202554226 -0.013377013616263866 -0.017175808548927307
v 0.03343520313501358 -0.013973832130432129 -0.017085134983062744
v 0.03283119201660156 -0.013376784510910511 -0.01717563532292843
v 0.030577320605516434 -0.013974227011203766 -0.01708543300628662
v 0.03567395359277725 -0.021886762231588364 -0.015886420384049416
v 0.030072061344981194 -0.028956890106201172 -0.014816333539783955
v 0.03434927016496658 -0.02386525645852089 -0.01558693964034319
v 0.035577442497015 0.01717129349708557 -0.021801870316267014
v 0.02917744591832161 0.017170406877994537 -0.021802540868520737
v 0.018752446398139 0.017168963328003883 -0.021803632378578186
v 0.014627445489168167 0.01716839149594307 -0.021804066374897957
v 0.014002414420247078 0.01743830181658268 -0.021845024079084396
v 0.012502364814281464 0.017835482954978943 -0.021905366331338882
v 0.01100241206586361 0.0174378864467144 -0.021845335140824318
v -0.012497635558247566 0.017832022160291672 -0.021907983347773552
v -0.013997587375342846 0.01743442565202713 -0.021847954019904137
v -0.02917255461215973 0.017162328585982323 -0.021808650344610214
v -0.01874755509197712 0.017163772135972977 -0.021807558834552765
v -0.015095530077815056 0.016348576173186302 -0.02168363705277443
v -0.013996957801282406 0.012296859174966812 -0.021069856360554695
v -0.012496909126639366 0.011899677105247974 -0.02100951410830021
v 0.0099044693633914 0.016352038830518723 -0.02168101817369461
v 0.009502727538347244 0.014868896454572678 -0.021456444635987282
v 3.009702368217404e-06 0.01256879698485136 -0.021109284833073616
v 0.015100985765457153 0.01338658481836319 -0.021231243386864662
v 0.015502727590501308 0.01486972626298666 -0.02145581878721714
v 0.015100622549653053 0.016352757811546326 -0.021680478006601334
v 0.01463045459240675 -0.0073767006397247314 -0.018086649477481842
v -0.010993950068950653 -0.012226899154484272 -0.01735529489815235
v -0.012493999674916267 -0.011829715222120285 -0.017415637150406837
v -0.010369544848799706 -0.0073801614344120026 -0.018089264631271362
v -0.018744545057415962 -0.007381320931017399 -0.0180901437997818
v 0.018754804506897926 -0.002061732579022646 -0.018891094252467155
v 0.01875428855419159 0.002140348544344306 -0.019527509808540344
v 0.018753010779619217 0.012571393512189388 -0.021107317879796028
v 0.029178010299801826 0.012572837062180042 -0.02110622636973858
v 0.0291792880743742 0.0021417918615043163 -0.019526418298482895
v 0.029179804027080536 -0.0020602892618626356 -0.018890002742409706
v 0.018755456432700157 -0.007376129273325205 -0.01808621548116207
v 0.029180455952882767 -0.007374685723334551 -0.018085123971104622
v -0.029170196503400803 -0.002068367786705494 -0.018896114081144333
v -0.02917071245610714 0.0021337131038308144 -0.01953252963721752
v -0.029171990230679512 0.012564757838845253 -0.021112337708473206
v -0.018746990710496902 0.012566201388835907 -0.021111246198415756
v -0.01874571293592453 0.0021351564209908247 -0.019531438127160072
v -0.018745196983218193 -0.0020669244695454836 -0.018895022571086884
v -0.030568430200219154 0.015679044649004936 -0.021584179252386093
v -0.03342631086707115 0.0156786497682333 -0.02158448100090027
v -0.03117244504392147 0.016276095062494278 -0.021674681454896927
v -0.031997472047805786 0.016494547948241234 -0.021707870066165924
v -0.032822445034980774 0.016275867819786072 -0.021674854680895805
v -0.015497271902859211 0.014865434728562832 -0.0214590635150671
v -0.011412997730076313 0.0006530815153382719 -0.019306054338812828
v -0.011870584450662136 0.0011053923517465591 -0.019374612718820572
v -0.012495606206357479 0.0012708877911791205 -0.01939975656569004
v -0.015095166862010956 0.01338240411132574 -0.021234404295682907
v -0.013120584189891815 0.001105218892917037 -0.019374744966626167
v -0.013578061014413834 0.0006527820369228721 -0.019306277856230736
v 5.455087830341654e-06 -0.0073787253350019455 -0.01808818243443966
v 0.012506000697612762 -0.01182625349611044 -0.017413021996617317
v 4.28845396527322e-06 0.0021377522498369217 -0.019529476761817932
v -0.009497271850705147 0.014866265468299389 -0.02145843394100666
v 0.014629802666604519 -0.0020623039454221725 -0.018891528248786926
v 0.013129414059221745 0.001108853262849152 -0.01937199756503105
v 0.012504395097494125 0.0012743487022817135 -0.01939714141190052
v 0.014629287645220757 0.0021397771779447794 -0.019527943804860115
v 0.011003042571246624 0.012300320900976658 -0.021067237481474876
v 0.0099048325791955 0.013385865837335587 -0.02123178355395794
v 0.011879414319992065 0.001108680386096239 -0.01937212608754635
v 0.011421938426792622 0.0006562428898178041 -0.019303662702441216
v 0.013587001711130142 0.000656542950309813 -0.01930343359708786
v 0.01462800893932581 0.012570821680128574 -0.0211077518761158
v 0.03343156725168228 0.015687905251979828 -0.02157747931778431
v 0.03557800501585007 0.012573722749948502 -0.021105557680130005
v 0.030573684722185135 0.01568751037120819 -0.021577777341008186
v 0.014003043994307518 0.012300735339522362 -0.021066926419734955
v 0.012503092177212238 0.011903137899935246 -0.02100689895451069
v 0.032827556133270264 0.01628495566546917 -0.021667981520295143
v 0.0320025309920311 0.016503408551216125 -0.02170117013156414
v 0.03117755614221096 0.016284728422760963 -0.02166815474629402
v 0.03558045253157616 -0.007373799569904804 -0.018084455281496048
v 0.035579800605773926 -0.002059403108432889 -0.018889334052801132
v 0.03557928651571274 0.0021426777821034193 -0.01952574960887432
v 0.0347580760717392 -0.02407493069767952 -0.015049428679049015
v -0.03474317491054535 -0.024084553122520447 -0.01505670789629221
v 0.03398558869957924 -0.025125151500105858 -0.014890467748045921
v 0.03042994998395443 -0.029227182269096375 -0.014269651845097542
v 0.029655732214450836 -0.029992109164595604 -0.01415389683097601
v 0.02532888390123844 -0.03363410383462906 -0.013602853752672672
v 0.024620361626148224 -0.034142788499593735 -0.01352589949965477
v 0.019584473222494125 -0.0371837355196476 -0.013065974228084087
v 0.018999287858605385 -0.03747842460870743 -0.013021416030824184
v 0.013342647813260555 -0.03978591412305832 -0.012672653421759605
v 0.012926256284117699 -0.0399196557700634 -0.012652448378503323
v 0.0067619760520756245 -0.04137452691793442 -0.012432881630957127
v 0.00654576625674963 -0.041408393532037735 -0.012427778914570808
v 9.635076821723487e-06 -0.04190921410918236 -0.012352747842669487
v -0.006526618730276823 -0.04141020402312279 -0.012429147958755493
v -0.006742836441844702 -0.041376397013664246 -0.012434293515980244
v -0.012907473370432854 -0.039923232048749924 -0.012655152939260006
v -0.013323897495865822 -0.039789605885744095 -0.012675445526838303
v -0.018981102854013443 -0.03748368099331856 -0.013025391846895218
v -0.019566360861063004 -0.03718915581703186 -0.013070072047412395
v -0.024602996185421944 -0.03414960205554962 -0.013531053438782692
v -0.02531164139509201 -0.033641114830970764 -0.013608156703412533
v -0.029639383777976036 -0.030000319704413414 -0.01416010595858097
v -0.030413785949349403 -0.029235605150461197 -0.014276023022830486
v -0.0339704304933548 -0.025134559720754623 -0.014897583983838558
v 0.028003551065921783 0.0012385455192998052 -0.011298536323010921
v 0.027601810172200203 -0.00024459706037305295 -0.011073964647948742
v 0.02650386467576027 -0.0013304419117048383 -0.01090964861214161
v 0.025003915652632713 -0.0017280426109209657 -0.01084961649030447
v 0.0235038660466671 -0.0013308573979884386 -0.01090996339917183
v 0.022405657917261124 -0.0002453165652696043 -0.011074509471654892
v 0.022003551945090294 0.0012377146631479263 -0.011299164965748787
v -0.021996447816491127 0.0012316226493567228 -0.011303774081170559
v -0.022398190572857857 -0.0002515188534744084 -0.011079195886850357
v -0.023496132344007492 -0.0013373637339100242 -0.010914879851043224
v -0.024996083229780197 -0.001734965480864048 -0.010854854248464108
v -0.02649613283574581 -0.0013377792201936245 -0.010915194638073444
v -0.027594340965151787 -0.00025223835837095976 -0.011079740710556507
v -0.027996448799967766 0.0012307916767895222 -0.011304403655230999
v 0.025003328919410706 0.001508056651800871 -0.009516598656773567
v -0.024996673688292503 0.001501134829595685 -0.009521828964352608
v -0.02649676240980625 0.003799782833084464 -0.011693291366100311
v -0.024996811524033546 0.004197383299469948 -0.01175332348793745
v -0.027594706043601036 0.002713938010856509 -0.011528975330293179
v -0.022398553788661957 0.0027146574575453997 -0.011528430506587029
v -0.023496761918067932 0.0038001982029527426 -0.011692976579070091
v 0.02350323647260666 0.00380670465528965 -0.011688060127198696
v 0.025003187358379364 0.004204306285828352 -0.011748085729777813
v 0.022405294701457024 0.002720859833061695 -0.011523744091391563
v 0.027601445093750954 0.0027215792797505856 -0.011523199267685413
v 0.02650323510169983 0.0038071200251579285 -0.011687745340168476
f 1 2 3
f 3 2 4
f 3 4 5
f 5 4 6
f 5 6 7
f 7 6 8
f 7 8 9
f 9 8 10
f 9 10 11
f 11 10 12
f 11 12 13
f 12 14 13
f 13 14 15
f 13 15 16
f 16 15 17
f 16 17 18
f 18 17 19
f 18 19 20
f 20 19 21
f 20 21 22
f 22 21 23
f 22 23 24
f 24 23 25
f 24 25 1
f 1 25 26
f 1 26 2
f 27 28 29
f 29 28 30
f 29 30 31
f 31 30 32
f 31 32 33
f 33 32 34
f 33 34 35
f 35 34 36
f 35 36 37
f 37 36 38
f 37 38 39
f 38 40 39
f 39 40 41
f 39 41 42
f 42 41 43
f 42 43 44
f 44 43 45
f 44 45 46
f 46 45 47
f 46 47 48
f 48 47 49
f 48 49 50
f 50 49 51
f 50 51 27
f 27 51 52
f 27 52 28
f 53 20 54
f 54 20 22
f 54 22 55
f 55 22 24
f 55 24 56
f 56 24 1
f 56 1 57
f 57 1 3
f 57 3 58
f 58 3 5
f 58 5 59
f 59 5 7
f 21 60 23
f 23 60 61
f 23 61 25
f 25 61 62
f 25 62 26
f 26 62 63
f 26 63 2
f 2 63 64
f 2 64 4
f 4 64 65
f 4 65 6
f 6 65 66
f 6 66 8
f 8 66 67
f 68 69 70
f 70 69 71
f 47 72 49
f 49 72 73
f 49 73 51
f 51 73 74
f 51 74 52
f 52 74 75
f 52 75 28
f 28 75 76
f 28 76 30
f 30 76 77
f 30 77 32
f 32 77 78
f 32 78 34
f 34 78 79
f 80 46 81
f 81 46 48
f 81 48 82
f 82 48 50
f 82 50 83
f 83 50 27
f 83 27 84
f 84 27 29
f 84 29 85
f 85 29 31
f 85 31 86
f 86 31 33
f 87 88 89
f 89 88 90
f 71 69 91
f 71 91 92
f 92 91 93
f 92 93 94
f 94 93 95
f 94 95 96
f 96 95 97
f 96 97 98
f 90 88 99
f 90 99 100
f 100 99 101
f 100 101 102
f 102 101 103
f 102 103 104
f 104 103 105
f 104 105 106
f 107 108 109
f 107 109 110
f 110 109 111
f 110 111 112
f 112 111 113
f 112 113 114
f 115 116 117
f 117 116 118
f 94 96 98
f 71 119 120
f 71 120 70
f 53 121 122
f 115 117 56
f 56 117 55
f 92 59 71
f 71 59 123
f 71 123 119
f 120 124 70
f 70 124 125
f 70 125 126
f 126 125 53
f 126 53 127
f 127 53 122
f 121 53 117
f 117 53 54
f 117 54 55
f 92 94 59
f 59 94 98
f 59 98 58
f 58 98 115
f 58 115 57
f 57 115 56
f 68 70 126
f 68 126 128
f 128 126 127
f 128 127 129
f 129 127 122
f 129 122 130
f 130 122 121
f 130 121 131
f 132 66 65
f 66 132 67
f 67 132 97
f 67 97 95
f 133 68 60
f 60 68 128
f 134 61 131
f 131 61 60
f 131 60 130
f 130 60 128
f 130 128 129
f 135 69 136
f 136 69 68
f 136 68 137
f 137 68 133
f 135 138 69
f 69 138 139
f 69 139 91
f 91 139 67
f 91 67 93
f 93 67 95
f 65 64 132
f 132 64 63
f 132 63 134
f 134 63 62
f 134 62 61
f 140 141 142
f 140 142 143
f 143 142 144
f 143 144 145
f 145 144 146
f 145 146 147
f 102 104 106
f 90 148 149
f 75 74 150
f 150 74 73
f 150 73 106
f 106 73 72
f 106 72 102
f 148 90 72
f 72 90 100
f 72 100 102
f 75 150 76
f 76 150 151
f 76 151 77
f 149 152 90
f 90 152 153
f 90 153 89
f 79 154 155
f 154 79 151
f 151 79 78
f 151 78 77
f 153 156 89
f 89 156 157
f 89 157 158
f 158 157 79
f 158 79 159
f 159 79 155
f 87 89 158
f 87 158 160
f 160 158 159
f 160 159 161
f 161 159 155
f 161 155 162
f 162 155 154
f 162 154 163
f 87 164 165
f 82 83 116
f 87 165 88
f 80 105 103
f 116 83 118
f 160 86 87
f 87 86 166
f 87 166 164
f 165 167 88
f 88 167 168
f 88 168 99
f 99 168 80
f 99 80 101
f 101 80 103
f 105 80 116
f 116 80 81
f 116 81 82
f 83 84 118
f 118 84 85
f 118 85 163
f 163 85 86
f 163 86 162
f 162 86 160
f 162 160 161
f 169 170 171
f 169 171 172
f 172 171 173
f 172 173 174
f 174 173 175
f 174 175 176
f 177 178 179
f 177 179 180
f 180 179 181
f 180 181 182
f 182 181 183
f 182 183 184
f 185 150 186
f 186 150 183
f 186 183 187
f 170 151 188
f 173 171 175
f 175 171 170
f 185 189 150
f 150 189 190
f 150 190 151
f 151 190 191
f 151 191 188
f 188 192 170
f 170 192 193
f 170 193 175
f 175 193 194
f 175 194 178
f 194 195 178
f 178 195 196
f 178 196 179
f 179 196 187
f 179 187 181
f 181 187 183
f 108 132 197
f 198 134 199
f 199 134 146
f 111 109 113
f 113 109 108
f 198 200 134
f 134 200 201
f 134 201 132
f 132 201 202
f 132 202 197
f 197 203 108
f 108 203 204
f 108 204 113
f 113 204 205
f 113 205 141
f 141 205 206
f 141 206 207
f 142 141 144
f 144 141 207
f 144 207 146
f 146 207 208
f 146 208 199
f 132 108 107
f 106 105 150
f 150 105 116
f 115 98 97
f 97 132 115
f 115 132 107
f 115 107 116
f 116 107 184
f 116 184 150
f 150 184 183
f 141 140 113
f 113 140 114
f 118 163 154
f 170 169 151
f 151 169 147
f 147 146 134
f 131 121 134
f 134 121 117
f 134 117 147
f 147 117 118
f 147 118 151
f 151 118 154
f 176 175 177
f 177 175 178
f 192 209 193
f 193 209 210
f 193 210 194
f 194 210 211
f 194 211 195
f 195 211 212
f 195 212 196
f 196 212 213
f 196 213 187
f 187 213 214
f 187 214 186
f 186 214 215
f 199 216 198
f 198 216 217
f 198 217 200
f 200 217 218
f 200 218 201
f 201 218 219
f 201 219 202
f 202 219 220
f 202 220 197
f 197 220 221
f 197 221 203
f 203 221 222
f 223 224 225
f 225 224 226
f 140 227 114
f 114 227 228
f 114 228 112
f 182 184 229
f 229 184 107
f 229 107 228
f 228 107 110
f 228 110 112
f 180 182 177
f 177 182 229
f 177 229 176
f 176 229 230
f 176 230 174
f 172 174 169
f 169 174 230
f 169 230 147
f 147 230 227
f 147 227 145
f 145 227 140
f 145 140 143
f 231 232 233
f 233 232 234
f 209 235 210
f 210 235 236
f 210 236 211
f 211 236 237
f 211 237 212
f 212 237 238
f 212 238 213
f 213 238 239
f 213 239 214
f 214 239 240
f 214 240 215
f 215 240 241
f 216 242 217
f 217 242 243
f 217 243 218
f 218 243 244
f 218 244 219
f 219 244 245
f 219 245 220
f 220 245 246
f 220 246 221
f 221 246 247
f 221 247 222
f 222 247 248
f 232 249 234
f 234 249 250
f 227 251 249
f 232 231 249
f 249 231 228
f 249 228 227
f 251 227 252
f 252 227 230
f 252 230 225
f 225 230 223
f 226 253 225
f 225 253 252
f 224 254 226
f 226 254 253
f 229 255 254
f 224 223 254
f 254 223 230
f 254 230 229
f 255 229 256
f 256 229 228
f 256 228 233
f 233 228 231
f 234 250 233
f 233 250 256
f 250 252 256
f 256 252 253
f 237 236 254
f 254 236 235
f 254 235 253
f 257 258 249
f 249 258 248
f 249 248 250
f 248 247 250
f 250 247 246
f 250 246 252
f 252 246 245
f 252 245 244
f 257 249 259
f 259 249 251
f 259 251 260
f 244 243 252
f 252 243 242
f 252 242 251
f 251 242 261
f 251 261 260
f 237 254 238
f 238 254 255
f 238 255 239
f 235 262 253
f 253 262 263
f 253 263 256
f 256 263 264
f 256 264 265
f 265 266 256
f 256 266 241
f 256 241 255
f 255 241 240
f 255 240 239
f 59 7 123
f 123 7 9
f 123 9 119
f 119 9 11
f 119 11 120
f 120 11 13
f 120 13 124
f 124 13 16
f 124 16 125
f 125 16 18
f 125 18 53
f 53 18 20
f 8 67 10
f 10 67 139
f 10 139 12
f 12 139 138
f 12 138 14
f 14 138 135
f 14 135 15
f 15 135 136
f 15 136 17
f 17 136 137
f 17 137 19
f 19 137 133
f 19 133 21
f 21 133 60
f 34 79 36
f 36 79 157
f 36 157 38
f 38 157 156
f 38 156 40
f 40 156 153
f 40 153 41
f 41 153 152
f 41 152 43
f 43 152 149
f 43 149 45
f 45 149 148
f 45 148 47
f 47 148 72
f 86 33 166
f 166 33 35
f 166 35 164
f 164 35 37
f 164 37 165
f 165 37 39
f 165 39 167
f 167 39 42
f 167 42 168
f 168 42 44
f 168 44 80
f 80 44 46
f 186 215 185
f 185 215 267
f 185 267 189
f 189 267 268
f 189 268 190
f 190 268 269
f 190 269 191
f 191 269 270
f 191 270 188
f 188 270 271
f 188 271 192
f 192 271 209
f 203 222 204
f 204 222 272
f 204 272 205
f 205 272 273
f 205 273 206
f 206 273 274
f 206 274 207
f 207 274 275
f 207 275 208
f 208 275 276
f 208 276 199
f 199 276 216
f 215 241 267
f 267 241 266
f 267 266 268
f 268 266 265
f 268 265 269
f 269 265 264
f 269 264 270
f 270 264 263
f 270 263 271
f 271 263 262
f 271 262 209
f 209 262 235
f 222 248 272
f 272 248 258
f 272 258 273
f 273 258 257
f 273 257 274
f 274 257 259
f 274 259 275
f 275 259 260
f 275 260 276
f 276 260 261
f 276 261 216
f 216 261 242
f 277 278 279
f 279 278 280
f 281 280 282
f 282 280 278
f 282 278 283
f 283 278 277
f 283 277 284
f 284 277 279
f 284 279 281
f 281 279 280
f 281 282 284
f 284 282 283
f 285 286 287
f 287 286 288
f 287 288 289
f 289 288 290
f 289 290 291
f 291 290 292
f 291 292 293
f 293 292 294
f 293 294 295
f 295 294 296
f 295 296 297
f 297 296 298
f 299 295 300
f 300 295 297
f 300 297 301
f 301 297 302
f 301 302 303
f 303 302 304
f 303 304 305
f 305 304 306
f 305 306 307
f 307 306 308
f 307 308 309
f 309 308 310
f 309 310 311
f 311 310 285
f 311 285 312
f 312 285 287
f 312 287 313
f 313 287 289
f 313 289 314
f 314 289 291
f 314 291 315
f 315 291 293
f 315 293 299
f 299 293 295
f 316 311 317
f 317 311 312
f 317 312 318
f 318 312 313
f 318 313 319
f 319 313 314
f 319 314 320
f 320 314 315
f 320 315 321
f 321 315 299
f 321 299 322
f 322 299 300
f 323 324 325
f 325 324 326
f 325 326 327
f 327 326 328
f 327 328 329
f 329 328 330
f 329 330 331
f 331 330 332
f 331 332 333
f 333 332 334
f 333 334 335
f 335 334 336
f 337 333 338
f 338 333 335
f 338 335 339
f 339 335 340
f 339 340 341
f 341 340 342
f 341 342 343
f 343 342 344
f 343 344 345
f 345 344 346
f 345 346 347
f 347 346 348
f 347 348 349
f 349 348 323
f 349 323 350
f 350 323 325
f 350 325 351
f 351 325 327
f 351 327 352
f 352 327 329
f 352 329 353
f 353 329 331
f 353 331 337
f 337 331 333
f 354 349 355
f 355 349 350
f 355 350 356
f 356 350 351
f 356 351 357
f 357 351 352
f 357 352 358
f 358 352 353
f 358 353 359
f 359 353 337
f 359 337 360
f 360 337 338
f 361 362 363
f 363 362 364
f 365 366 367
f 367 366 368
f 367 368 369
f 369 368 370
f 369 370 364
f 364 370 363
f 366 365 371
f 366 371 372
f 372 371 373
f 372 373 374
f 374 373 375
f 374 375 376
f 377 378 379
f 379 378 380
f 379 380 381
f 381 380 382
f 381 382 383
f 383 382 384
f 378 377 385
f 385 377 386
f 387 377 388
f 388 377 379
f 388 379 389
f 389 379 381
f 389 381 390
f 390 381 383
f 391 365 392
f 392 365 367
f 392 367 393
f 393 367 369
f 393 369 394
f 394 369 364
f 390 383 395
f 390 395 396
f 396 395 397
f 396 397 398
f 398 397 399
f 398 399 400
f 401 402 403
f 403 402 404
f 403 404 405
f 405 404 406
f 405 406 407
f 407 406 408
f 407 408 409
f 409 408 410
f 409 410 411
f 411 410 412
f 411 412 413
f 413 412 414
f 415 403 416
f 416 403 405
f 416 405 417
f 417 405 407
f 417 407 418
f 418 407 409
f 418 409 419
f 419 409 411
f 419 411 420
f 420 411 413
f 420 413 421
f 421 413 422
f 421 422 423
f 423 422 424
f 423 424 425
f 425 424 426
f 425 426 427
f 427 426 428
f 427 428 429
f 429 428 430
f 429 430 431
f 431 430 401
f 431 401 415
f 415 401 403
f 432 431 433
f 433 431 415
f 433 415 434
f 434 415 416
f 434 416 435
f 435 416 417
f 435 417 436
f 436 417 418
f 436 418 437
f 437 418 419
f 437 419 438
f 438 419 420
f 436 439 435
f 435 439 440
f 435 440 434
f 434 440 441
f 434 441 433
f 433 441 442
f 433 442 432
f 432 442 443
f 432 443 444
f 444 443 445
f 444 445 446
f 445 447 446
f 446 447 448
f 446 448 449
f 449 448 450
f 449 450 451
f 451 450 452
f 451 452 453
f 453 452 454
f 453 454 438
f 438 454 455
f 438 455 437
f 437 455 456
f 437 456 436
f 436 456 457
f 436 457 439
f 455 458 456
f 456 458 459
f 456 459 457
f 457 459 460
f 457 460 439
f 439 460 461
f 439 461 440
f 440 461 462
f 440 462 441
f 441 462 463
f 441 463 442
f 442 463 464
f 442 464 443
f 443 464 465
f 466 467 468
f 468 467 469
f 468 469 470
f 470 469 471
f 470 471 472
f 472 471 473
f 472 473 474
f 474 473 475
f 474 475 476
f 476 475 477
f 476 477 478
f 478 477 479
f 480 481 482
f 482 481 483
f 482 483 484
f 484 483 485
f 484 485 486
f 486 485 487
f 486 487 488
f 488 487 489
f 488 489 490
f 490 489 491
f 490 491 492
f 492 491 493
f 466 492 467
f 467 492 493
f 494 495 496
f 497 478 498
f 498 478 479
f 498 479 496
f 496 479 499
f 496 499 494
f 480 500 501
f 502 503 504
f 504 503 505
f 504 505 501
f 501 505 481
f 501 481 480
f 498 506 497
f 497 506 507
f 495 508 496
f 496 508 509
f 320 321 506
f 506 321 322
f 506 322 509
f 509 322 510
f 320 506 319
f 319 506 498
f 319 498 318
f 511 496 512
f 512 496 509
f 512 509 513
f 513 509 510
f 511 514 496
f 496 514 316
f 496 316 498
f 498 316 317
f 498 317 318
f 378 294 292
f 515 516 499
f 499 516 517
f 499 517 385
f 385 517 518
f 519 361 324
f 324 361 363
f 324 363 326
f 518 520 385
f 385 520 298
f 385 298 378
f 378 298 296
f 378 296 294
f 382 380 521
f 519 522 361
f 361 522 523
f 361 523 505
f 402 370 368
f 382 521 384
f 370 402 363
f 363 402 328
f 363 328 326
f 515 499 286
f 286 499 479
f 286 479 288
f 489 487 402
f 402 487 485
f 368 366 402
f 402 366 372
f 402 372 374
f 380 378 521
f 521 378 292
f 521 292 524
f 524 292 290
f 524 290 525
f 525 290 288
f 523 526 505
f 505 526 527
f 505 527 481
f 481 527 336
f 481 336 483
f 483 336 334
f 483 334 485
f 485 334 332
f 485 332 402
f 402 332 330
f 402 330 328
f 521 528 384
f 384 528 529
f 384 529 530
f 530 531 384
f 384 531 532
f 384 532 533
f 533 532 534
f 535 536 473
f 473 536 537
f 473 537 538
f 467 493 469
f 469 493 491
f 469 491 471
f 535 473 539
f 539 473 471
f 539 471 402
f 402 471 491
f 402 491 489
f 479 477 288
f 288 477 475
f 288 475 525
f 525 475 473
f 525 473 414
f 414 473 538
f 414 412 525
f 525 412 410
f 525 410 540
f 540 410 408
f 540 408 541
f 406 542 408
f 408 542 543
f 408 543 541
f 544 545 404
f 404 545 546
f 404 546 406
f 406 546 547
f 406 547 542
f 374 376 402
f 402 376 548
f 402 548 404
f 404 548 549
f 404 549 544
f 478 497 507
f 550 551 470
f 552 500 480
f 470 551 468
f 553 391 392
f 472 474 389
f 396 398 458
f 478 507 476
f 476 507 387
f 476 387 474
f 474 387 388
f 474 388 389
f 490 492 466
f 472 458 554
f 472 389 458
f 458 389 390
f 458 390 396
f 553 555 391
f 391 555 556
f 391 556 557
f 557 558 391
f 391 558 559
f 391 559 560
f 551 465 486
f 560 561 391
f 391 561 562
f 391 562 563
f 563 562 564
f 466 468 490
f 490 468 551
f 490 551 488
f 488 551 486
f 552 480 394
f 394 480 482
f 394 482 393
f 393 482 484
f 393 484 392
f 392 484 486
f 392 486 553
f 553 486 465
f 553 465 464
f 464 463 553
f 553 463 462
f 553 462 565
f 565 462 461
f 554 566 472
f 472 566 567
f 472 567 470
f 470 567 568
f 470 568 550
f 569 460 570
f 570 460 459
f 570 459 571
f 569 572 460
f 460 572 573
f 460 573 461
f 461 573 574
f 461 574 565
f 398 400 458
f 458 400 575
f 458 575 459
f 459 575 576
f 459 576 571
f 386 577 385
f 385 577 494
f 385 494 499
f 578 552 394
f 362 579 580
f 580 581 362
f 362 581 578
f 362 578 364
f 364 578 394
f 508 577 509
f 509 577 386
f 509 386 506
f 506 386 377
f 506 377 507
f 507 377 387
f 577 508 494
f 494 508 495
f 500 552 501
f 501 552 578
f 504 581 502
f 502 581 580
f 582 504 360
f 360 504 501
f 360 501 359
f 581 583 578
f 578 583 354
f 578 354 355
f 582 584 504
f 504 584 585
f 504 585 581
f 581 585 586
f 581 586 583
f 355 356 578
f 578 356 357
f 578 357 501
f 501 357 358
f 501 358 359
f 579 362 503
f 503 362 361
f 503 361 505
f 580 579 502
f 502 579 503
f 443 465 445
f 445 465 551
f 445 551 447
f 447 551 550
f 447 550 448
f 448 550 568
f 448 568 450
f 450 568 567
f 450 567 452
f 452 567 566
f 452 566 454
f 454 566 554
f 454 554 455
f 455 554 458
f 438 420 453
f 453 420 421
f 453 421 451
f 451 421 423
f 451 423 449
f 449 423 425
f 449 425 446
f 446 425 427
f 446 427 444
f 444 427 429
f 444 429 432
f 432 429 431
f 413 414 422
f 422 414 538
f 422 538 424
f 424 538 537
f 424 537 426
f 426 537 536
f 426 536 428
f 428 536 535
f 428 535 430
f 430 535 539
f 430 539 401
f 401 539 402
f 562 375 373
f 562 373 564
f 564 373 371
f 564 371 563
f 563 371 365
f 563 365 391
f 400 399 587
f 400 587 575
f 575 587 588
f 575 588 576
f 576 588 589
f 576 589 571
f 571 589 590
f 571 590 570
f 570 590 591
f 570 591 569
f 569 591 592
f 569 592 572
f 572 592 593
f 572 593 573
f 573 593 594
f 573 594 574
f 574 594 595
f 574 595 565
f 565 595 596
f 565 596 553
f 553 596 597
f 553 597 555
f 555 597 598
f 555 598 556
f 556 598 599
f 556 599 557
f 557 599 600
f 557 600 558
f 558 600 601
f 558 601 559
f 559 601 602
f 559 602 560
f 560 602 603
f 560 603 561
f 561 603 375
f 561 375 562
f 532 399 397
f 532 397 534
f 534 397 395
f 534 395 533
f 533 395 383
f 533 383 384
f 376 375 603
f 376 603 548
f 548 603 602
f 548 602 549
f 549 602 601
f 549 601 544
f 544 601 600
f 544 600 545
f 545 600 599
f 545 599 546
f 546 599 598
f 546 598 547
f 547 598 597
f 547 597 542
f 542 597 596
f 542 596 543
f 543 596 595
f 543 595 541
f 541 595 594
f 541 594 540
f 540 594 593
f 540 593 525
f 525 593 592
f 525 592 524
f 524 592 591
f 524 591 521
f 521 591 590
f 521 590 528
f 528 590 589
f 528 589 529
f 529 589 588
f 529 588 530
f 530 588 587
f 530 587 531
f 531 587 399
f 531 399 532
f 360 338 582
f 582 338 339
f 582 339 584
f 584 339 341
f 584 341 585
f 585 341 343
f 585 343 586
f 586 343 345
f 586 345 583
f 583 345 347
f 583 347 354
f 354 347 349
f 335 336 340
f 340 336 527
f 340 527 342
f 342 527 526
f 342 526 344
f 344 526 523
f 344 523 346
f 346 523 522
f 346 522 348
f 348 522 519
f 348 519 323
f 323 519 324
f 322 300 510
f 510 300 301
f 510 301 513
f 513 301 303
f 513 303 512
f 512 303 305
f 512 305 511
f 511 305 307
f 511 307 514
f 514 307 309
f 514 309 316
f 316 309 311
f 297 298 302
f 302 298 520
f 302 520 304
f 304 520 518
f 304 518 306
f 306 518 517
f 306 517 308
f 308 517 516
f 308 516 310
f 310 516 515
f 310 515 285
f 285 515 286
f 604 605 606
f 607 608 609
f 610 611 612
f 612 611 613
f 613 614 612
f 612 614 615
f 612 615 616
f 608 617 609
f 609 617 612
f 609 612 618
f 619 620 612
f 612 620 621
f 612 621 610
f 616 622 612
f 612 622 623
f 612 623 618
f 607 609 606
f 606 609 624
f 606 624 604
f 605 625 606
f 606 625 626
f 606 626 627
f 627 626 628
f 629 630 612
f 612 630 631
f 612 631 619
f 629 632 630
f 630 632 633
f 630 633 634
f 635 636 637
f 634 638 630
f 630 638 635
f 630 635 639
f 639 635 637
f 640 641 642
f 642 641 643
f 642 643 644
f 644 645 642
f 642 645 646
f 642 646 647
f 648 642 649
f 649 642 650
f 649 650 651
f 651 652 649
f 649 652 653
f 649 653 654
f 648 655 642
f 642 655 656
f 642 656 657
f 657 658 642
f 642 658 659
f 642 659 640
f 647 660 642
f 642 660 661
f 642 661 662
f 642 663 664
f 664 665 642
f 642 665 666
f 642 666 667
f 662 668 642
f 642 668 669
f 642 669 663
f 654 670 649
f 649 670 671
f 649 671 672
f 672 673 649
f 649 673 674
f 649 674 675
f 666 632 629
f 666 629 667
f 667 629 612
f 667 612 642
f 642 612 617
f 642 617 650
f 650 617 608
f 650 608 651
f 651 608 607
f 651 607 652
f 652 607 606
f 652 606 653
f 653 606 627
f 653 627 654
f 654 627 628
f 654 628 670
f 670 628 626
f 670 626 671
f 671 626 625
f 671 625 672
f 672 625 605
f 672 605 673
f 673 605 604
f 673 604 674
f 674 604 624
f 674 624 675
f 675 624 609
f 675 609 649
f 649 609 618
f 649 618 648
f 648 618 623
f 648 623 655
f 655 623 622
f 655 622 656
f 656 622 616
f 656 616 657
f 657 616 615
f 657 615 658
f 658 615 614
f 658 614 659
f 659 614 613
f 659 613 640
f 640 613 611
f 640 611 641
f 641 611 610
f 641 610 643
f 643 610 621
f 643 621 644
f 644 621 620
f 644 620 645
f 645 620 619
f 645 619 646
f 646 619 631
f 646 631 647
f 647 631 630
f 647 630 660
f 660 630 639
f 660 639 661
f 661 639 637
f 661 637 662
f 662 637 636
f 662 636 668
f 668 636 635
f 668 635 669
f 669 635 638
f 669 638 663
f 663 638 634
f 663 634 664
f 664 634 633
f 664 633 665
f 665 633 632
f 665 632 666
f 676 677 678
f 679 680 681
f 681 680 682
f 681 682 678
f 678 682 683
f 678 683 684
f 685 686 687
f 687 686 682
f 687 682 688
f 688 682 680
f 689 676 690
f 690 676 678
f 690 678 691
f 691 678 684
f 682 692 683
f 683 692 693
f 683 693 684
f 684 693 694
f 684 694 691
f 691 694 695
f 691 695 690
f 690 695 696
f 690 696 689
f 689 696 697
f 689 697 676
f 676 697 698
f 676 698 677
f 677 698 699
f 677 699 678
f 678 699 700
f 701 702 703
f 703 702 704
f 703 704 705
f 705 704 706
f 705 706 707
f 707 706 708
f 707 708 709
f 709 708 710
f 709 710 711
f 711 710 712
f 711 712 713
f 713 712 714
f 715 705 707
f 703 705 715
f 701 703 715
f 715 711 713
f 709 711 715
f 707 709 715
f 716 717 718
f 718 717 719
f 718 719 720
f 720 719 721
f 720 721 722
f 722 721 723
f 722 723 724
f 724 723 725
f 724 725 726
f 726 725 727
f 726 727 728
f 728 727 729
f 730 720 722
f 718 720 730
f 716 718 730
f 730 726 728
f 724 726 730
f 722 724 730
f 731 732 733
f 733 732 734
f 733 734 735
f 735 734 736
f 735 736 737
f 737 736 738
f 737 738 739
f 739 738 740
f 739 740 741
f 741 740 742
f 741 742 743
f 743 742 744
f 745 735 737
f 733 735 745
f 731 733 745
f 745 741 743
f 739 741 745
f 737 739 745
f 746 747 748
f 748 747 749
f 748 749 750
f 750 749 751
f 750 751 752
f 752 751 753
f 752 753 754
f 754 753 755
f 754 755 756
f 756 755 757
f 756 757 758
f 758 757 759
f 760 750 752
f 748 750 760
f 746 748 760
f 760 756 758
f 754 756 760
f 752 754 760
f 761 762 763
f 763 762 764
f 763 764 765
f 765 764 766
f 765 766 767
f 767 766 768
f 767 768 769
f 769 768 770
f 769 770 771
f 771 770 772
f 771 772 773
f 773 772 774
f 773 774 775
f 775 774 776
f 775 776 777
f 777 776 778
f 779 780 781
f 779 781 782
f 782 781 783
f 782 783 784
f 784 783 785
f 784 785 786
f 787 788 789
f 789 788 786
f 789 786 785
f 780 779 790
f 790 779 791
f 788 787 792
f 788 792 793
f 793 792 794
f 793 794 795
f 795 794 796
f 795 796 797
f 798 790 791
f 798 791 799
f 800 799 791
f 797 796 801
f 801 796 802
f 800 791 803
f 803 791 804
f 803 804 805
f 805 804 806
f 805 806 807
f 807 806 808
f 809 810 801
f 809 801 811
f 802 811 801
f 812 813 814
f 812 814 815
f 816 815 814
f 817 818 819
f 819 818 820
f 819 820 821
f 821 820 822
f 821 822 823
f 823 822 824
f 823 824 825
f 825 824 826
f 825 826 827
f 827 826 828
f 827 828 810
f 810 828 801
f 816 814 829
f 829 814 830
f 831 832 818
f 831 818 833
f 817 833 818
f 834 829 830
f 834 830 835
f 836 835 830
f 818 832 837
f 837 832 838
f 836 830 839
f 839 830 840
f 839 840 841
f 841 840 842
f 841 842 843
f 843 842 844
f 845 846 837
f 845 837 847
f 838 847 837
f 848 849 850
f 848 850 851
f 852 851 850
f 853 854 855
f 855 854 856
f 855 856 857
f 857 856 858
f 857 858 859
f 859 858 860
f 859 860 861
f 861 860 862
f 861 862 863
f 863 862 864
f 863 864 846
f 846 864 837
f 852 850 865
f 865 850 866
f 867 868 854
f 867 854 869
f 853 869 854
f 870 871 872
f 870 872 873
f 873 872 874
f 873 874 875
f 875 874 865
f 875 865 866
f 854 868 876
f 876 868 877
f 878 879 880
f 880 881 878
f 878 881 882
f 878 882 870
f 870 882 883
f 870 883 871
f 876 877 884
f 876 884 885
f 885 884 886
f 885 886 887
f 887 886 879
f 887 879 878
f 888 889 890
f 891 892 893
f 893 892 894
f 893 894 890
f 890 894 895
f 890 895 888
f 896 897 898
f 896 898 899
f 899 898 900
f 899 900 901
f 901 900 891
f 901 891 893
f 890 889 902
f 890 902 903
f 903 902 904
f 903 904 905
f 905 904 906
f 905 906 907
f 897 896 908
f 908 896 909
f 907 906 910
f 910 906 911
f 912 908 909
f 912 909 913
f 914 913 909
f 915 916 910
f 915 910 917
f 911 917 910
f 914 909 918
f 918 909 919
f 918 919 920
f 920 919 921
f 920 921 922
f 922 921 923
f 922 923 924
f 924 923 925
f 924 925 926
f 926 925 927
f 926 927 928
f 928 927 929
f 930 931 932
f 932 931 933
f 932 933 934
f 934 933 935
f 934 935 936
f 936 935 937
f 938 928 929
f 938 929 939
f 940 939 929
f 941 942 931
f 941 931 943
f 930 943 931
f 940 929 944
f 944 929 945
f 931 942 946
f 946 942 947
f 948 944 945
f 948 945 949
f 950 949 945
f 951 952 946
f 951 946 953
f 947 953 946
f 950 945 954
f 954 945 955
f 954 955 956
f 956 955 957
f 956 957 958
f 958 957 959
f 958 959 960
f 960 959 961
f 960 961 962
f 962 961 963
f 962 963 964
f 964 963 965
f 966 967 968
f 968 967 969
f 968 969 970
f 970 969 971
f 970 971 972
f 972 971 973
f 974 964 965
f 974 965 975
f 976 975 965
f 977 978 967
f 977 967 979
f 966 979 967
f 976 965 980
f 980 965 981
f 967 978 982
f 982 978 983
f 984 985 986
f 984 986 987
f 987 986 988
f 987 988 989
f 989 988 980
f 989 980 981
f 982 983 990
f 982 990 991
f 991 990 992
f 991 992 993
f 993 992 994
f 993 994 995
f 985 984 996
f 996 984 995
f 996 995 994
f 872 871 997
f 997 998 900
f 900 998 999
f 900 999 891
f 997 900 872
f 872 900 898
f 872 898 874
f 874 898 897
f 874 897 865
f 780 980 988
f 986 985 1000
f 780 988 781
f 781 988 986
f 781 986 783
f 783 986 1000
f 783 1000 785
f 1001 994 992
f 1001 992 787
f 787 992 792
f 792 992 990
f 792 990 794
f 794 990 983
f 794 983 796
f 1002 879 886
f 877 906 904
f 889 1003 902
f 902 1003 1004
f 877 904 884
f 884 904 902
f 884 902 886
f 886 902 1004
f 886 1004 1002
f 1005 1006 1007
f 1008 1009 1010
f 1010 1009 1011
f 1010 1011 1012
f 1012 1011 1013
f 1012 1013 1005
f 1005 1013 1014
f 1005 1014 1006
f 1015 1016 1017
f 1007 1018 1005
f 1005 1018 1019
f 1005 1019 1012
f 1012 1019 1015
f 1012 1015 1010
f 1010 1015 1017
f 1010 1017 1008
f 1020 1021 1022
f 1022 1021 1023
f 1024 1025 1026
f 1026 1025 1021
f 1026 1021 1027
f 1027 1021 1020
f 1028 1029 1030
f 1030 1029 1022
f 1030 1022 1031
f 1031 1022 1023
f 1027 1032 1026
f 1026 1032 1033
f 1026 1033 1024
f 1024 1033 1034
f 1024 1034 1025
f 1025 1034 1035
f 1025 1035 1021
f 1021 1035 1036
f 1021 1036 1023
f 1023 1036 1037
f 1023 1037 1031
f 1031 1037 1038
f 1039 1040 1041
f 1041 1040 1042
f 1041 1042 1043
f 1043 1044 1041
f 1041 1044 1045
f 1041 1045 1046
f 1047 1048 1049
f 1049 1048 1039
f 1049 1039 1050
f 1050 1039 1041
f 1041 1051 1050
f 1050 1051 1052
f 1050 1052 1049
f 1049 1052 1053
f 1049 1053 1047
f 1047 1053 1054
f 1047 1054 1048
f 1048 1054 1055
f 1048 1055 1039
f 1039 1055 1056
f 1039 1056 1040
f 1040 1056 1057
f 1058 1059 1060
f 1060 1059 1061
f 1060 1061 1062
f 1062 1063 1060
f 1060 1063 1064
f 1060 1064 1065
f 1066 1067 1068
f 1068 1067 1058
f 1068 1058 1069
f 1069 1058 1060
f 1060 1070 1069
f 1069 1070 1071
f 1069 1071 1068
f 1068 1071 1072
f 1068 1072 1066
f 1066 1072 1073
f 1066 1073 1067
f 1067 1073 1074
f 1067 1074 1058
f 1058 1074 1075
f 1058 1075 1059
f 1059 1075 1076
f 1077 1078 1079
f 1079 1078 1080
f 1079 1080 1081
f 1081 1080 1082
f 1081 1082 1083
f 1083 1082 1084
f 1083 1084 1085
f 1085 1084 1086
f 1085 1086 1087
f 1087 1086 1088
f 1087 1088 1089
f 1089 1088 1090
f 1091 1092 1093
f 1094 1095 1096
f 1097 1098 1099
f 1100 1101 1093
f 1100 1093 1096
f 1096 1093 1102
f 1096 1102 1097
f 1097 1099 1096
f 1096 1099 1103
f 1096 1103 1094
f 1104 1091 1105
f 1105 1091 1093
f 1105 1093 1106
f 1106 1093 1101
f 1099 761 1103
f 1103 761 763
f 1103 763 1094
f 1094 763 765
f 1094 765 1095
f 1095 765 767
f 1095 767 1096
f 1096 767 769
f 1096 769 1100
f 1100 769 771
f 1100 771 1101
f 1101 771 773
f 1101 773 1106
f 1106 773 775
f 1106 775 1105
f 1105 775 777
f 1107 1108 1109
f 1109 1108 1110
f 1109 1110 1111
f 1111 1110 1112
f 1111 1112 1113
f 1113 1112 1114
f 1113 1114 1115
f 1115 1114 1116
f 1115 1116 1117
f 1117 1116 1118
f 1117 1118 1119
f 1119 1118 1120
f 1121 1122 1123
f 1123 1122 1124
f 1123 1124 1125
f 1125 1124 1126
f 1125 1126 1127
f 1127 1126 1128
f 1127 1128 1129
f 1129 1128 1130
f 1129 1130 1131
f 1131 1130 1132
f 1131 1132 1133
f 1133 1132 1134
f 1135 1136 1137
f 1137 1136 1138
f 1137 1138 1139
f 1139 1138 1140
f 1139 1140 1141
f 1141 1140 1142
f 1141 1142 1143
f 1143 1142 1144
f 1143 1144 1145
f 1145 1144 1146
f 1145 1146 1147
f 1147 1146 1148
f 1149 1150 1151
f 1151 1150 1152
f 1151 1152 1153
f 1153 1152 1154
f 1153 1154 1155
f 1155 1154 1156
f 1155 1156 1157
f 1157 1156 1158
f 1157 1158 1159
f 1159 1158 1160
f 1159 1160 1161
f 1161 1160 1162
f 1163 1164 1165
f 1165 1164 1166
f 1165 1166 1167
f 1167 1166 1168
f 1167 1168 1169
f 1169 1168 1170
f 1169 1170 1171
f 1171 1170 1172
f 1171 1172 1173
f 1173 1172 1174
f 1173 1174 1175
f 1175 1174 1176
f 1177 1178 1179
f 1179 1178 1180
f 1179 1180 1181
f 1181 1180 1182
f 1181 1182 1183
f 1183 1182 1184
f 1185 1186 1187
f 1187 1186 1188
f 1178 1177 1189
f 1189 1177 1190
f 1187 1188 1191
f 1191 1188 1192
f 1191 1192 1193
f 1193 1192 1194
f 1193 1194 1195
f 1195 1194 1196
f 1195 1196 1197
f 1197 1196 1198
f 1197 1198 1199
f 1199 1198 1200
f 1199 1200 1190
f 1190 1200 1189
f 1201 1107 1202
f 1202 1107 1109
f 1202 1109 1203
f 1203 1109 1111
f 1203 1111 1204
f 1204 1111 1113
f 1204 1113 1205
f 1205 1113 1115
f 1205 1115 1206
f 1206 1115 1117
f 1206 1117 1207
f 1207 1117 1119
f 1208 1203 1204
f 1202 1203 1208
f 1201 1202 1208
f 1208 1206 1207
f 1205 1206 1208
f 1204 1205 1208
f 1209 1121 1210
f 1210 1121 1123
f 1210 1123 1211
f 1211 1123 1125
f 1211 1125 1212
f 1212 1125 1127
f 1212 1127 1213
f 1213 1127 1129
f 1213 1129 1214
f 1214 1129 1131
f 1214 1131 1215
f 1215 1131 1133
f 1216 1211 1212
f 1210 1211 1216
f 1209 1210 1216
f 1216 1214 1215
f 1213 1214 1216
f 1212 1213 1216
f 1217 1149 1218
f 1218 1149 1151
f 1218 1151 1219
f 1219 1151 1153
f 1219 1153 1220
f 1220 1153 1155
f 1220 1155 1221
f 1221 1155 1157
f 1221 1157 1222
f 1222 1157 1159
f 1222 1159 1223
f 1223 1159 1161
f 1224 1219 1220
f 1218 1219 1224
f 1217 1218 1224
f 1224 1222 1223
f 1221 1222 1224
f 1220 1221 1224
f 1225 1163 1226
f 1226 1163 1165
f 1226 1165 1227
f 1227 1165 1167
f 1227 1167 1228
f 1228 1167 1169
f 1228 1169 1229
f 1229 1169 1171
f 1229 1171 1230
f 1230 1171 1173
f 1230 1173 1231
f 1231 1173 1175
f 1232 1227 1228
f 1226 1227 1232
f 1225 1226 1232
f 1232 1230 1231
f 1229 1230 1232
f 1228 1229 1232
f 1233 1234 1235
f 1236 1237 1238
f 1239 1240 1241
f 1241 1240 1233
f 1241 1233 1242
f 1242 1233 1235
f 1242 1235 1243
f 1241 1244 1239
f 1239 1244 1236
f 1239 1236 1245
f 1245 1236 1238
f 1245 1238 1246
f 1177 1244 1190
f 1190 1244 1241
f 1244 1177 1236
f 1236 1177 1179
f 1236 1179 1237
f 1237 1179 1181
f 1237 1181 1238
f 1238 1181 1183
f 1187 1240 1185
f 1185 1240 1239
f 1240 1187 1233
f 1233 1187 1191
f 1233 1191 1234
f 1234 1191 1193
f 1234 1193 1235
f 1235 1193 1195
f 1235 1195 1243
f 1243 1195 1197
f 1243 1197 1242
f 1242 1197 1199
f 1242 1199 1241
f 1241 1199 1190
f 1247 1248 1249
f 1250 1251 1252
f 1253 1254 1250
f 1249 1255 1253
f 1252 1256 1257
f 1253 1250 1249
f 1249 1250 1252
f 1249 1252 1247
f 1247 1252 1257
f 1247 1257 1258
f 1253 1135 1254
f 1254 1135 1137
f 1254 1137 1250
f 1250 1137 1139
f 1250 1139 1251
f 1251 1139 1141
f 1251 1141 1252
f 1252 1141 1143
f 1252 1143 1256
f 1256 1143 1145
f 1256 1145 1257
f 1257 1145 1147
f 802 978 977
f 802 977 811
f 811 977 979
f 811 979 809
f 809 979 966
f 809 966 810
f 817 952 951
f 817 951 833
f 833 951 953
f 833 953 831
f 831 953 947
f 831 947 832
f 838 942 941
f 838 941 847
f 847 941 943
f 847 943 845
f 845 943 930
f 845 930 846
f 853 916 915
f 853 915 869
f 869 915 917
f 869 917 867
f 867 917 911
f 867 911 868
f 852 908 912
f 852 912 851
f 851 912 913
f 851 913 848
f 848 913 914
f 848 914 849
f 836 928 938
f 836 938 835
f 835 938 939
f 835 939 834
f 834 939 940
f 834 940 829
f 816 944 948
f 816 948 815
f 815 948 949
f 815 949 812
f 812 949 950
f 812 950 813
f 800 964 974
f 800 974 799
f 799 974 975
f 799 975 798
f 798 975 976
f 798 976 790
f 1259 1260 1261
f 1259 1261 1262
f 1262 1261 1263
f 1262 1263 1264
f 1264 1263 1265
f 1264 1265 1266
f 1259 1262 1267
f 1262 1264 1268
f 1264 1266 1269
f 1264 1269 1268
f 1268 1269 1270
f 1268 1270 1271
f 1271 1270 1272
f 1271 1272 1273
f 1273 1272 1274
f 1273 1274 1275
f 1275 1274 1276
f 1275 1276 1277
f 1262 1268 1267
f 1267 1268 1271
f 1267 1271 1278
f 1278 1271 1273
f 1278 1273 1279
f 1279 1273 1275
f 1279 1275 1280
f 1280 1275 1277
f 1280 1277 1281
f 1259 1267 1282
f 1282 1267 1278
f 1282 1278 1283
f 1283 1278 1279
f 1283 1279 1284
f 1284 1279 1280
f 1284 1280 1285
f 1285 1280 1281
f 1285 1281 1286
f 1287 1288 1289
f 1290 1291 1292
f 1293 1294 1295
f 1291 1293 1292
f 1292 1293 1295
f 1292 1295 1296
f 1296 1295 1297
f 1296 1297 1298
f 1298 1297 1299
f 1288 1290 1289
f 1289 1290 1292
f 1289 1292 1300
f 1300 1292 1296
f 1300 1296 1301
f 1301 1296 1298
f 1302 1287 1303
f 1303 1287 1289
f 1303 1289 1304
f 1304 1289 1300
f 1304 1300 1305
f 1305 1300 1301
f 1306 1286 1281
f 1306 1281 1307
f 1307 1281 1277
f 1307 1277 1308
f 1308 1277 1276
f 1308 1276 1309
f 1310 1299 1297
f 1310 1297 1311
f 1311 1297 1295
f 1311 1295 1312
f 1312 1295 1294
f 1312 1294 1313
f 1306 1307 1314
f 1307 1308 1315
f 1308 1309 1316
f 1308 1316 1315
f 1315 1316 1317
f 1315 1317 1318
f 1318 1317 1319
f 1318 1319 1320
f 1320 1319 1321
f 1320 1321 1322
f 1322 1321 1323
f 1322 1323 1324
f 1307 1315 1314
f 1314 1315 1318
f 1314 1318 1325
f 1325 1318 1320
f 1325 1320 1326
f 1326 1320 1322
f 1326 1322 1327
f 1327 1322 1324
f 1327 1324 1328
f 1306 1314 1329
f 1329 1314 1325
f 1329 1325 1330
f 1330 1325 1326
f 1330 1326 1331
f 1331 1326 1327
f 1331 1327 1332
f 1332 1327 1328
f 1332 1328 1333
f 1334 1335 1336
f 1337 1338 1339
f 1340 1341 1342
f 1343 1344 1345
f 1341 1343 1342
f 1342 1343 1345
f 1342 1345 1346
f 1346 1345 1347
f 1346 1347 1348
f 1348 1347 1349
f 1338 1340 1339
f 1339 1340 1342
f 1339 1342 1350
f 1350 1342 1346
f 1350 1346 1351
f 1351 1346 1348
f 1351 1352 1350
f 1350 1352 1353
f 1350 1353 1339
f 1339 1353 1336
f 1339 1336 1337
f 1337 1336 1335
f 1352 1310 1353
f 1353 1310 1311
f 1353 1311 1336
f 1336 1311 1312
f 1336 1312 1334
f 1334 1312 1313
f 1354 1333 1328
f 1354 1328 1355
f 1355 1328 1324
f 1355 1324 1356
f 1356 1324 1323
f 1356 1323 1357
f 1358 1349 1347
f 1358 1347 1359
f 1359 1347 1345
f 1359 1345 1360
f 1360 1345 1344
f 1360 1344 1361
f 1362 1363 1364
f 1365 1366 1367
f 1368 1354 1355
f 1366 1368 1367
f 1367 1368 1355
f 1367 1355 1369
f 1369 1355 1356
f 1369 1356 1370
f 1370 1356 1357
f 1363 1365 1364
f 1364 1365 1367
f 1364 1367 1371
f 1371 1367 1369
f 1371 1369 1372
f 1372 1369 1370
f 1373 1362 1374
f 1374 1362 1364
f 1374 1364 1375
f 1375 1364 1371
f 1375 1371 1376
f 1376 1371 1372
f 1377 1378 1379
f 1380 1381 1382
f 1383 1384 1385
f 1386 1387 1388
f 1384 1386 1385
f 1385 1386 1388
f 1385 1388 1389
f 1389 1388 1390
f 1389 1390 1391
f 1391 1390 1392
f 1381 1383 1382
f 1382 1383 1385
f 1382 1385 1393
f 1393 1385 1389
f 1393 1389 1394
f 1394 1389 1391
f 1394 1395 1393
f 1393 1395 1396
f 1393 1396 1382
f 1382 1396 1379
f 1382 1379 1380
f 1380 1379 1378
f 1395 1358 1396
f 1396 1358 1359
f 1396 1359 1379
f 1379 1359 1360
f 1379 1360 1377
f 1377 1360 1361
f 1397 1392 1390
f 1397 1390 1398
f 1398 1390 1388
f 1398 1388 1399
f 1399 1388 1387
f 1399 1387 1400
f 1401 1402 1403
f 1401 1403 1404
f 1404 1403 1405
f 1404 1405 1406
f 1406 1405 1407
f 1406 1407 1408
f 1409 1410 1411
f 1412 1413 1410
f 1414 1415 1413
f 1416 1417 1415
f 1402 1417 1403
f 1403 1417 1416
f 1403 1416 1405
f 1418 1419 1420
f 1421 1422 1423
f 1415 1414 1416
f 1416 1414 1421
f 1416 1421 1405
f 1405 1421 1423
f 1405 1423 1407
f 1424 1425 1426
f 1413 1412 1414
f 1414 1412 1424
f 1414 1424 1421
f 1421 1424 1426
f 1421 1426 1422
f 1427 1428 1429
f 1429 1428 1430
f 1410 1409 1412
f 1412 1409 1429
f 1412 1429 1424
f 1424 1429 1430
f 1424 1430 1425
f 1411 1418 1409
f 1409 1418 1420
f 1409 1420 1429
f 1429 1420 1431
f 1429 1431 1427
f 1411 1432 1418
f 1418 1432 1433
f 1418 1433 1419
f 1419 1433 1434
f 1419 1434 1435
f 1435 1436 1419
f 1419 1436 1437
f 1419 1437 1420
f 1420 1437 1438
f 1420 1438 1431
f 1439 1440 1441
f 1440 1442 1443
f 1442 1444 1445
f 1442 1445 1443
f 1443 1445 1446
f 1443 1446 1447
f 1447 1446 1448
f 1447 1448 1449
f 1449 1448 1450
f 1449 1450 1451
f 1451 1450 1401
f 1451 1401 1404
f 1440 1443 1441
f 1441 1443 1447
f 1441 1447 1452
f 1452 1447 1449
f 1452 1449 1453
f 1453 1449 1451
f 1453 1451 1454
f 1454 1451 1404
f 1454 1404 1406
f 1439 1441 1455
f 1455 1441 1452
f 1455 1452 1456
f 1456 1452 1453
f 1456 1453 1457
f 1457 1453 1454
f 1457 1454 1458
f 1458 1454 1406
f 1458 1406 1408
f 1459 1435 1434
f 1459 1434 1460
f 1460 1434 1433
f 1460 1433 1461
f 1461 1433 1432
f 1461 1432 1462
f 1463 1444 1442
f 1463 1442 1464
f 1464 1442 1440
f 1464 1440 1465
f 1465 1440 1439
f 1465 1439 1466
f 1467 1468 1469
f 1470 1471 1472
f 1473 1474 1475
f 1476 1459 1460
f 1474 1476 1475
f 1475 1476 1460
f 1475 1460 1477
f 1477 1460 1461
f 1477 1461 1478
f 1478 1461 1462
f 1471 1473 1472
f 1472 1473 1475
f 1472 1475 1479
f 1479 1475 1477
f 1479 1477 1480
f 1480 1477 1478
f 1480 1481 1479
f 1479 1481 1482
f 1479 1482 1472
f 1472 1482 1469
f 1472 1469 1470
f 1470 1469 1468
f 1481 1483 1482
f 1482 1483 1484
f 1482 1484 1469
f 1469 1484 1485
f 1469 1485 1467
f 1467 1485 1486
f 1487 1488 1489
f 1488 1490 1491
f 1490 1492 1493
f 1490 1493 1491
f 1491 1493 1494
f 1491 1494 1495
f 1495 1494 1496
f 1495 1496 1497
f 1497 1496 1498
f 1497 1498 1499
f 1499 1498 1463
f 1499 1463 1464
f 1488 1491 1489
f 1489 1491 1495
f 1489 1495 1500
f 1500 1495 1497
f 1500 1497 1501
f 1501 1497 1499
f 1501 1499 1502
f 1502 1499 1464
f 1502 1464 1465
f 1487 1489 1503
f 1503 1489 1500
f 1503 1500 1504
f 1504 1500 1501
f 1504 1501 1505
f 1505 1501 1502
f 1505 1502 1506
f 1506 1502 1465
f 1506 1465 1466
f 1507 1486 1485
f 1507 1485 1508
f 1508 1485 1484
f 1508 1484 1509
f 1509 1484 1483
f 1509 1483 1510
f 1511 1492 1490
f 1511 1490 1512
f 1512 1490 1488
f 1512 1488 1513
f 1513 1488 1487
f 1513 1487 1514
f 1515 1516 1517
f 1518 1519 1520
f 1521 1522 1523
f 1524 1507 1508
f 1522 1524 1523
f 1523 1524 1508
f 1523 1508 1525
f 1525 1508 1509
f 1525 1509 1526
f 1526 1509 1510
f 1519 1521 1520
f 1520 1521 1523
f 1520 1523 1527
f 1527 1523 1525
f 1527 1525 1528
f 1528 1525 1526
f 1528 1529 1527
f 1527 1529 1530
f 1527 1530 1520
f 1520 1530 1517
f 1520 1517 1518
f 1518 1517 1516
f 1529 1531 1530
f 1530 1531 1532
f 1530 1532 1517
f 1517 1532 1533
f 1517 1533 1515
f 1515 1533 1534
f 1535 1536 1537
f 1538 1539 1536
f 1540 1541 1539
f 1542 1543 1541
f 1544 1543 1545
f 1545 1543 1542
f 1545 1542 1546
f 1547 1548 1549
f 1550 1551 1552
f 1541 1540 1542
f 1542 1540 1550
f 1542 1550 1546
f 1546 1550 1552
f 1546 1552 1553
f 1554 1555 1556
f 1539 1538 1540
f 1540 1538 1554
f 1540 1554 1550
f 1550 1554 1556
f 1550 1556 1551
f 1557 1558 1559
f 1559 1558 1560
f 1536 1535 1538
f 1538 1535 1559
f 1538 1559 1554
f 1554 1559 1560
f 1554 1560 1555
f 1537 1547 1535
f 1535 1547 1549
f 1535 1549 1559
f 1559 1549 1561
f 1559 1561 1557
f 1537 1511 1547
f 1547 1511 1512
f 1547 1512 1548
f 1548 1512 1513
f 1548 1513 1514
f 1514 1562 1548
f 1548 1562 1563
f 1548 1563 1549
f 1549 1563 1564
f 1549 1564 1561
f 1553 1534 1533
f 1553 1533 1546
f 1546 1533 1532
f 1546 1532 1545
f 1545 1532 1531
f 1545 1531 1544
f 1565 1566 1567
f 1565 1567 1568
f 1568 1567 1569
f 1568 1569 1570
f 1570 1569 1571
f 1570 1571 1572
f 1565 1568 1573
f 1568 1570 1574
f 1570 1572 1575
f 1570 1575 1574
f 1574 1575 1576
f 1574 1576 1577
f 1577 1576 1578
f 1577 1578 1579
f 1579 1578 1580
f 1579 1580 1581
f 1581 1580 1582
f 1581 1582 1583
f 1568 1574 1573
f 1573 1574 1577
f 1573 1577 1584
f 1584 1577 1579
f 1584 1579 1585
f 1585 1579 1581
f 1585 1581 1586
f 1586 1581 1583
f 1586 1583 1587
f 1565 1573 1588
f 1588 1573 1584
f 1588 1584 1589
f 1589 1584 1585
f 1589 1585 1590
f 1590 1585 1586
f 1590 1586 1591
f 1591 1586 1587
f 1591 1587 1592
f 1593 1594 1595
f 1596 1597 1598
f 1599 1600 1601
f 1597 1599 1598
f 1598 1599 1601
f 1598 1601 1602
f 1602 1601 1603
f 1602 1603 1604
f 1604 1603 1605
f 1594 1596 1595
f 1595 1596 1598
f 1595 1598 1606
f 1606 1598 1602
f 1606 1602 1607
f 1607 1602 1604
f 1608 1593 1609
f 1609 1593 1595
f 1609 1595 1610
f 1610 1595 1606
f 1610 1606 1611
f 1611 1606 1607
f 1612 1592 1587
f 1612 1587 1613
f 1613 1587 1583
f 1613 1583 1614
f 1614 1583 1582
f 1614 1582 1615
f 1616 1605 1603
f 1616 1603 1617
f 1617 1603 1601
f 1617 1601 1618
f 1618 1601 1600
f 1618 1600 1619
f 1612 1613 1620
f 1613 1614 1621
f 1614 1615 1622
f 1614 1622 1621
f 1621 1622 1623
f 1621 1623 1624
f 1624 1623 1625
f 1624 1625 1626
f 1626 1625 1627
f 1626 1627 1628
f 1628 1627 1629
f 1628 1629 1630
f 1613 1621 1620
f 1620 1621 1624
f 1620 1624 1631
f 1631 1624 1626
f 1631 1626 1632
f 1632 1626 1628
f 1632 1628 1633
f 1633 1628 1630
f 1633 1630 1634
f 1612 1620 1635
f 1635 1620 1631
f 1635 1631 1636
f 1636 1631 1632
f 1636 1632 1637
f 1637 1632 1633
f 1637 1633 1638
f 1638 1633 1634
f 1638 1634 1639
f 1640 1641 1642
f 1643 1644 1645
f 1646 1647 1648
f 1649 1650 1651
f 1647 1649 1648
f 1648 1649 1651
f 1648 1651 1652
f 1652 1651 1653
f 1652 1653 1654
f 1654 1653 1655
f 1644 1646 1645
f 1645 1646 1648
f 1645 1648 1656
f 1656 1648 1652
f 1656 1652 1657
f 1657 1652 1654
f 1657 1658 1656
f 1656 1658 1659
f 1656 1659 1645
f 1645 1659 1642
f 1645 1642 1643
f 1643 1642 1641
f 1658 1616 1659
f 1659 1616 1617
f 1659 1617 1642
f 1642 1617 1618
f 1642 1618 1640
f 1640 1618 1619
f 1660 1639 1634
f 1660 1634 1661
f 1661 1634 1630
f 1661 1630 1662
f 1662 1630 1629
f 1662 1629 1663
f 1664 1655 1653
f 1664 1653 1665
f 1665 1653 1651
f 1665 1651 1666
f 1666 1651 1650
f 1666 1650 1667
f 1668 1669 1670
f 1671 1672 1673
f 1674 1660 1661
f 1672 1674 1673
f 1673 1674 1661
f 1673 1661 1675
f 1675 1661 1662
f 1675 1662 1676
f 1676 1662 1663
f 1669 1671 1670
f 1670 1671 1673
f 1670 1673 1677
f 1677 1673 1675
f 1677 1675 1678
f 1678 1675 1676
f 1679 1668 1680
f 1680 1668 1670
f 1680 1670 1681
f 1681 1670 1677
f 1681 1677 1682
f 1682 1677 1678
f 1683 1684 1685
f 1686 1687 1688
f 1689 1690 1691
f 1692 1693 1694
f 1690 1692 1691
f 1691 1692 1694
f 1691 1694 1695
f 1695 1694 1696
f 1695 1696 1697
f 1697 1696 1698
f 1687 1689 1688
f 1688 1689 1691
f 1688 1691 1699
f 1699 1691 1695
f 1699 1695 1700
f 1700 1695 1697
f 1700 1701 1699
f 1699 1701 1702
f 1699 1702 1688
f 1688 1702 1685
f 1688 1685 1686
f 1686 1685 1684
f 1701 1664 1702
f 1702 1664 1665
f 1702 1665 1685
f 1685 1665 1666
f 1685 1666 1683
f 1683 1666 1667
f 1703 1698 1696
f 1703 1696 1704
f 1704 1696 1694
f 1704 1694 1705
f 1705 1694 1693
f 1705 1693 1706
f 1707 1708 1709
f 1707 1709 1710
f 1710 1709 1711
f 1710 1711 1712
f 1712 1711 1713
f 1712 1713 1714
f 1715 1716 1717
f 1718 1719 1716
f 1720 1721 1719
f 1722 1723 1721
f 1708 1723 1709
f 1709 1723 1722
f 1709 1722 1711
f 1724 1725 1726
f 1727 1728 1729
f 1721 1720 1722
f 1722 1720 1727
f 1722 1727 1711
f 1711 1727 1729
f 1711 1729 1713
f 1730 1731 1732
f 1719 1718 1720
f 1720 1718 1730
f 1720 1730 1727
f 1727 1730 1732
f 1727 1732 1728
f 1733 1734 1735
f 1735 1734 1736
f 1716 1715 1718
f 1718 1715 1735
f 1718 1735 1730
f 1730 1735 1736
f 1730 1736 1731
f 1717 1724 1715
f 1715 1724 1726
f 1715 1726 1735
f 1735 1726 1737
f 1735 1737 1733
f 1717 1738 1724
f 1724 1738 1739
f 1724 1739 1725
f 1725 1739 1740
f 1725 1740 1741
f 1741 1742 1725
f 1725 1742 1743
f 1725 1743 1726
f 1726 1743 1744
f 1726 1744 1737
f 1745 1746 1747
f 1746 1748 1749
f 1748 1750 1751
f 1748 1751 1749
f 1749 1751 1752
f 1749 1752 1753
f 1753 1752 1754
f 1753 1754 1755
f 1755 1754 1756
f 1755 1756 1757
f 1757 1756 1707
f 1757 1707 1710
f 1746 1749 1747
f 1747 1749 1753
f 1747 1753 1758
f 1758 1753 1755
f 1758 1755 1759
f 1759 1755 1757
f 1759 1757 1760
f 1760 1757 1710
f 1760 1710 1712
f 1745 1747 1761
f 1761 1747 1758
f 1761 1758 1762
f 1762 1758 1759
f 1762 1759 1763
f 1763 1759 1760
f 1763 1760 1764
f 1764 1760 1712
f 1764 1712 1714
f 1765 1741 1740
f 1765 1740 1766
f 1766 1740 1739
f 1766 1739 1767
f 1767 1739 1738
f 1767 1738 1768
f 1769 1750 1748
f 1769 1748 1770
f 1770 1748 1746
f 1770 1746 1771
f 1771 1746 1745
f 1771 1745 1772
f 1773 1774 1775
f 1776 1777 1778
f 1779 1780 1781
f 1782 1765 1766
f 1780 1782 1781
f 1781 1782 1766
f 1781 1766 1783
f 1783 1766 1767
f 1783 1767 1784
f 1784 1767 1768
f 1777 1779 1778
f 1778 1779 1781
f 1778 1781 1785
f 1785 1781 1783
f 1785 1783 1786
f 1786 1783 1784
f 1786 1787 1785
f 1785 1787 1788
f 1785 1788 1778
f 1778 1788 1775
f 1778 1775 1776
f 1776 1775 1774
f 1787 1789 1788
f 1788 1789 1790
f 1788 1790 1775
f 1775 1790 1791
f 1775 1791 1773
f 1773 1791 1792
f 1793 1794 1795
f 1794 1796 1797
f 1796 1798 1799
f 1796 1799 1797
f 1797 1799 1800
f 1797 1800 1801
f 1801 1800 1802
f 1801 1802 1803
f 1803 1802 1804
f 1803 1804 1805
f 1805 1804 1769
f 1805 1769 1770
f 1794 1797 1795
f 1795 1797 1801
f 1795 1801 1806
f 1806 1801 1803
f 1806 1803 1807
f 1807 1803 1805
f 1807 1805 1808
f 1808 1805 1770
f 1808 1770 1771
f 1793 1795 1809
f 1809 1795 1806
f 1809 1806 1810
f 1810 1806 1807
f 1810 1807 1811
f 1811 1807 1808
f 1811 1808 1812
f 1812 1808 1771
f 1812 1771 1772
f 1813 1792 1791
f 1813 1791 1814
f 1814 1791 1790
f 1814 1790 1815
f 1815 1790 1789
f 1815 1789 1816
f 1817 1798 1796
f 1817 1796 1818
f 1818 1796 1794
f 1818 1794 1819
f 1819 1794 1793
f 1819 1793 1820
f 1821 1822 1823
f 1824 1825 1826
f 1827 1828 1829
f 1830 1813 1814
f 1828 1830 1829
f 1829 1830 1814
f 1829 1814 1831
f 1831 1814 1815
f 1831 1815 1832
f 1832 1815 1816
f 1825 1827 1826
f 1826 1827 1829
f 1826 1829 1833
f 1833 1829 1831
f 1833 1831 1834
f 1834 1831 1832
f 1834 1835 1833
f 1833 1835 1836
f 1833 1836 1826
f 1826 1836 1823
f 1826 1823 1824
f 1824 1823 1822
f 1835 1837 1836
f 1836 1837 1838
f 1836 1838 1823
f 1823 1838 1839
f 1823 1839 1821
f 1821 1839 1840
f 1841 1842 1843
f 1844 1845 1842
f 1846 1847 1845
f 1848 1849 1847
f 1850 1849 1851
f 1851 1849 1848
f 1851 1848 1852
f 1853 1854 1855
f 1856 1857 1858
f 1847 1846 1848
f 1848 1846 1856
f 1848 1856 1852
f 1852 1856 1858
f 1852 1858 1859
f 1860 1861 1862
f 1845 1844 1846
f 1846 1844 1860
f 1846 1860 1856
f 1856 1860 1862
f 1856 1862 1857
f 1863 1864 1865
f 1865 1864 1866
f 1842 1841 1844
f 1844 1841 1865
f 1844 1865 1860
f 1860 1865 1866
f 1860 1866 1861
f 1843 1853 1841
f 1841 1853 1855
f 1841 1855 1865
f 1865 1855 1867
f 1865 1867 1863
f 1843 1817 1853
f 1853 1817 1818
f 1853 1818 1854
f 1854 1818 1819
f 1854 1819 1820
f 1820 1868 1854
f 1854 1868 1869
f 1854 1869 1855
f 1855 1869 1870
f 1855 1870 1867
f 1859 1840 1839
f 1859 1839 1852
f 1852 1839 1838
f 1852 1838 1851
f 1851 1838 1837
f 1851 1837 1850
f 1871 1872 1873
f 1873 1872 1874
f 1873 1874 1875
f 1875 1874 1876
f 1875 1876 1877
f 1877 1876 1878
f 1877 1878 1879
f 1879 1878 1880
f 1879 1880 1881
f 1881 1880 1882
f 1881 1882 1883
f 1883 1882 1884
f 1885 1886 1887
f 1887 1886 1888
f 1887 1888 1889
f 1889 1888 1890
f 1889 1890 1891
f 1891 1890 1892
f 1891 1892 1893
f 1893 1892 1894
f 1893 1894 1895
f 1895 1894 1896
f 1895 1896 1897
f 1897 1896 1898
f 1899 1900 1901
f 1901 1900 1902
f 1901 1902 1903
f 1903 1902 1904
f 1903 1904 1905
f 1905 1904 1906
f 1905 1906 1907
f 1907 1906 1908
f 1907 1908 1909
f 1909 1908 1910
f 1909 1910 1911
f 1911 1910 1912
f 1913 1914 1915
f 1915 1914 1916
f 1915 1916 1917
f 1917 1916 1918
f 1917 1918 1919
f 1919 1918 1920
f 1919 1920 1921
f 1921 1920 1922
f 1921 1922 1923
f 1923 1922 1924
f 1923 1924 1925
f 1925 1924 1926
f 1927 1928 1929
f 1929 1928 1930
f 1928 1927 1931
f 1931 1927 1932
f 1931 1932 1933
f 1933 1932 1934
f 1933 1934 1935
f 1935 1934 1936
f 1937 1938 1939
f 1939 1938 1940
f 1939 1940 1941
f 1941 1940 1942
f 1941 1942 1943
f 1943 1942 1944
f 1943 1944 1945
f 1945 1944 1946
f 1945 1946 1947
f 1947 1946 1948
f 1947 1948 1930
f 1930 1948 1929
f 1938 1937 1949
f 1949 1937 1950
f 1951 1952 1953
f 1953 1952 1954
f 1953 1954 1955
f 1955 1954 1956
f 1955 1956 1957
f 1957 1956 1958
f 1957 1958 1959
f 1959 1958 1960
f 1959 1960 1961
f 1961 1960 1962
f 1961 1962 1963
f 1963 1962 1964
f 1965 1966 1967
f 1967 1966 1968
f 1967 1968 1969
f 1969 1968 1970
f 1969 1970 1971
f 1971 1970 1972
f 1971 1972 1973
f 1973 1972 1974
f 1973 1974 1975
f 1975 1974 1976
f 1975 1976 1977
f 1977 1976 1978
f 1979 1980 1981
f 1981 1980 1982
f 1981 1982 1983
f 1983 1982 1984
f 1983 1984 1985
f 1985 1984 1986
f 1985 1986 1987
f 1987 1986 1988
f 1987 1988 1989
f 1989 1988 1990
f 1989 1990 1991
f 1991 1990 1992
f 1993 1994 1995
f 1995 1994 1996
f 1995 1996 1997
f 1997 1996 1998
f 1997 1998 1999
f 1999 1998 2000
f 1999 2000 2001
f 2001 2000 2002
f 2001 2002 2003
f 2003 2002 2004
f 2003 2004 2005
f 2005 2004 2006
f 2007 2008 2009
f 2009 2008 2010
f 2009 2010 2011
f 2011 2010 2012
f 2011 2012 2013
f 2013 2012 2014
f 2013 2014 2015
f 2015 2014 2016
f 2015 2016 2017
f 2017 2016 2018
f 2017 2018 2019
f 2019 2018 2020
f 2021 2022 2023
f 2023 2022 2024
f 2022 2021 2025
f 2025 2021 2026
f 2025 2026 2027
f 2027 2026 2028
f 2027 2028 2029
f 2029 2028 2030
f 2031 2032 2033
f 2033 2032 2034
f 2033 2034 2035
f 2035 2034 2036
f 2035 2036 2037
f 2037 2036 2038
f 2037 2038 2039
f 2039 2038 2040
f 2039 2040 2041
f 2041 2040 2042
f 2041 2042 2024
f 2024 2042 2023
f 2032 2031 2043
f 2043 2031 2044
f 2045 2046 2047
f 2047 2046 2048
f 2047 2048 2049
f 2049 2048 2050
f 2049 2050 2051
f 2051 2050 2052
f 2051 2052 2053
f 2053 2052 2054
f 2053 2054 2055
f 2055 2054 2056
f 2055 2056 2057
f 2057 2056 2058
f 2059 2060 2061
f 2061 2060 2062
f 2063 2064 2065
f 2065 2064 2059
f 2065 2059 2066
f 2066 2059 2061
f 2067 2068 2069
f 2060 2070 2062
f 2062 2070 2067
f 2062 2067 2071
f 2071 2067 2069
f 2071 2069 2072
f 2022 2070 2024
f 2024 2070 2060
f 2070 2022 2067
f 2067 2022 2025
f 2067 2025 2068
f 2068 2025 2027
f 2068 2027 2069
f 2069 2027 2029
f 2031 2061 2044
f 2044 2061 2062
f 2061 2031 2066
f 2066 2031 2033
f 2066 2033 2065
f 2065 2033 2035
f 2065 2035 2063
f 2063 2035 2037
f 2063 2037 2064
f 2064 2037 2039
f 2064 2039 2059
f 2059 2039 2041
f 2059 2041 2060
f 2060 2041 2024
f 2073 2074 2075
f 2075 2074 2076
f 2077 2078 2079
f 2079 2078 2074
f 2079 2074 2080
f 2080 2074 2073
f 2081 2082 2083
f 2083 2082 2075
f 2083 2075 2084
f 2084 2075 2076
f 2081 1979 2082
f 2082 1979 1981
f 2082 1981 2075
f 2075 1981 1983
f 2075 1983 2073
f 2073 1983 1985
f 2073 1985 2080
f 2080 1985 1987
f 2080 1987 2079
f 2079 1987 1989
f 2079 1989 2077
f 2077 1989 1991
f 2085 1965 2086
f 2086 1965 1967
f 2086 1967 2087
f 2087 1967 1969
f 2087 1969 2088
f 2088 1969 1971
f 2088 1971 2089
f 2089 1971 1973
f 2089 1973 2090
f 2090 1973 1975
f 2090 1975 2091
f 2091 1975 1977
f 2092 2087 2088
f 2086 2087 2092
f 2085 2086 2092
f 2092 2090 2091
f 2089 2090 2092
f 2088 2089 2092
f 2093 1993 2094
f 2094 1993 1995
f 2094 1995 2095
f 2095 1995 1997
f 2095 1997 2096
f 2096 1997 1999
f 2096 1999 2097
f 2097 1999 2001
f 2097 2001 2098
f 2098 2001 2003
f 2098 2003 2099
f 2099 2003 2005
f 2100 2095 2096
f 2094 2095 2100
f 2093 2094 2100
f 2100 2098 2099
f 2097 2098 2100
f 2096 2097 2100
f 2101 2007 2102
f 2102 2007 2009
f 2102 2009 2103
f 2103 2009 2011
f 2103 2011 2104
f 2104 2011 2013
f 2104 2013 2105
f 2105 2013 2015
f 2105 2015 2106
f 2106 2015 2017
f 2106 2017 2107
f 2107 2017 2019
f 2108 2103 2104
f 2102 2103 2108
f 2101 2102 2108
f 2108 2106 2107
f 2105 2106 2108
f 2104 2105 2108
f 2109 2045 2110
f 2110 2045 2047
f 2110 2047 2111
f 2111 2047 2049
f 2111 2049 2112
f 2112 2049 2051
f 2112 2051 2113
f 2113 2051 2053
f 2113 2053 2114
f 2114 2053 2055
f 2114 2055 2115
f 2115 2055 2057
f 2116 2111 2112
f 2110 2111 2116
f 2109 2110 2116
f 2116 2114 2115
f 2113 2114 2116
f 2112 2113 2116
f 813 950 2117
f 2117 950 954
f 2117 954 2118
f 2118 954 956
f 2118 956 807
f 807 956 958
f 807 958 805
f 805 958 960
f 805 960 803
f 803 960 962
f 803 962 800
f 800 962 964
f 849 914 2119
f 2119 914 918
f 2119 918 2120
f 2120 918 920
f 2120 920 843
f 843 920 922
f 843 922 841
f 841 922 924
f 841 924 839
f 839 924 926
f 839 926 836
f 836 926 928
f 1728 1732 2121
f 1743 1742 2122
f 1732 1731 2121
f 2121 1731 1736
f 2121 1736 2123
f 2123 1736 1734
f 2123 1734 2124
f 2124 1734 1733
f 2124 1733 2125
f 2125 1733 1737
f 2125 1737 2126
f 2126 1737 1744
f 1713 1729 2127
f 2127 1729 2128
f 2127 2128 2129
f 2129 2128 2130
f 2129 2130 2131
f 2131 2130 2132
f 2131 2132 2133
f 2133 2132 2134
f 2133 2134 2135
f 2135 2134 2122
f 2135 2122 1741
f 1741 2122 1742
f 1729 1728 2128
f 2128 1728 2121
f 2128 2121 2130
f 2130 2121 2123
f 2130 2123 2132
f 2132 2123 2124
f 2132 2124 2134
f 2134 2124 2125
f 2134 2125 2122
f 2122 2125 2126
f 2122 2126 1743
f 1743 2126 1744
f 1857 1862 2136
f 1869 1868 2137
f 1862 1861 2136
f 2136 1861 1866
f 2136 1866 2138
f 2138 1866 1864
f 2138 1864 2139
f 2139 1864 1863
f 2139 1863 2140
f 2140 1863 1867
f 2140 1867 2141
f 2141 1867 1870
f 1859 1858 2142
f 2142 1858 2143
f 2142 2143 2144
f 2144 2143 2145
f 2144 2145 2146
f 2146 2145 2147
f 2146 2147 2148
f 2148 2147 2149
f 2148 2149 2150
f 2150 2149 2137
f 2150 2137 1820
f 1820 2137 1868
f 1858 1857 2143
f 2143 1857 2136
f 2143 2136 2145
f 2145 2136 2138
f 2145 2138 2147
f 2147 2138 2139
f 2147 2139 2149
f 2149 2139 2140
f 2149 2140 2137
f 2137 2140 2141
f 2137 2141 1869
f 1869 2141 1870
f 1714 1713 2127
f 1714 2127 2151
f 2151 2127 2129
f 2151 2129 2152
f 2152 2129 2131
f 2152 2131 2153
f 1773 1792 2154
f 1774 1773 2155
f 1777 1776 2156
f 1780 1779 2157
f 1765 1782 2158
f 2158 1782 1780
f 1777 2156 1779
f 1774 2155 1776
f 1765 2158 2159
f 2159 2158 2160
f 2159 2160 2161
f 2161 2160 2162
f 2161 2162 2153
f 2153 2162 2163
f 2153 2163 2152
f 2152 2163 2164
f 2152 2164 2151
f 2151 2164 1764
f 2151 1764 1714
f 1780 2157 2158
f 2158 2157 2165
f 2158 2165 2160
f 2160 2165 2166
f 2160 2166 2162
f 2162 2166 2167
f 2162 2167 2163
f 2163 2167 2168
f 2163 2168 2164
f 2164 2168 1763
f 2164 1763 1764
f 1779 2156 2157
f 2157 2156 2169
f 2157 2169 2165
f 2165 2169 2170
f 2165 2170 2166
f 2166 2170 2171
f 2166 2171 2167
f 2167 2171 2172
f 2167 2172 2168
f 2168 2172 1762
f 2168 1762 1763
f 1776 2155 2156
f 2156 2155 2173
f 2156 2173 2169
f 2169 2173 2174
f 2169 2174 2170
f 2170 2174 2175
f 2170 2175 2171
f 2171 2175 2176
f 2171 2176 2172
f 2172 2176 1761
f 2172 1761 1762
f 1773 2154 2155
f 2155 2154 2177
f 2155 2177 2173
f 2173 2177 2178
f 2173 2178 2174
f 2174 2178 2179
f 2174 2179 2175
f 2175 2179 2180
f 2175 2180 2176
f 2176 2180 1745
f 2176 1745 1761
f 1772 1745 2181
f 2181 1745 2180
f 2181 2180 2182
f 2182 2180 2179
f 2182 2179 2183
f 2183 2179 2178
f 2183 2178 2184
f 2184 2178 2177
f 2184 2177 2185
f 2185 2177 2154
f 2185 2154 1813
f 1813 2154 1792
f 1821 1840 2186
f 1822 1821 2187
f 1825 1824 2188
f 1828 1827 2189
f 1813 1830 2190
f 2190 1830 1828
f 1825 2188 1827
f 1822 2187 1824
f 1813 2190 2185
f 2185 2190 2191
f 2185 2191 2184
f 2184 2191 2192
f 2184 2192 2183
f 2183 2192 2193
f 2183 2193 2182
f 2182 2193 2194
f 2182 2194 2181
f 2181 2194 1812
f 2181 1812 1772
f 1828 2189 2190
f 2190 2189 2195
f 2190 2195 2191
f 2191 2195 2196
f 2191 2196 2192
f 2192 2196 2197
f 2192 2197 2193
f 2193 2197 2198
f 2193 2198 2194
f 2194 2198 1811
f 2194 1811 1812
f 1827 2188 2189
f 2189 2188 2199
f 2189 2199 2195
f 2195 2199 2200
f 2195 2200 2196
f 2196 2200 2201
f 2196 2201 2197
f 2197 2201 2202
f 2197 2202 2198
f 2198 2202 1810
f 2198 1810 1811
f 1824 2187 2188
f 2188 2187 2203
f 2188 2203 2199
f 2199 2203 2204
f 2199 2204 2200
f 2200 2204 2205
f 2200 2205 2201
f 2201 2205 2206
f 2201 2206 2202
f 2202 2206 1809
f 2202 1809 1810
f 1821 2186 2187
f 2187 2186 2207
f 2187 2207 2203
f 2203 2207 2208
f 2203 2208 2204
f 2204 2208 2209
f 2204 2209 2205
f 2205 2209 2210
f 2205 2210 2206
f 2206 2210 1793
f 2206 1793 1809
f 1820 1793 2210
f 1820 2210 2150
f 2150 2210 2209
f 2150 2209 2148
f 2148 2209 2208
f 2148 2208 2146
f 2146 2208 2207
f 2146 2207 2144
f 2144 2207 2186
f 2144 2186 2142
f 2142 2186 1840
f 2142 1840 1859
f 1597 1596 2211
f 2212 1566 2213
f 1596 1594 2211
f 2211 1594 1593
f 2211 1593 2214
f 2214 1593 1608
f 2214 1608 2215
f 2215 1608 2216
f 2215 2216 2217
f 2217 2216 2218
f 2217 2218 2219
f 2219 2218 2220
f 1600 1599 2221
f 2221 1599 2222
f 2221 2222 2223
f 2223 2222 2224
f 2223 2224 2225
f 2225 2224 2226
f 2225 2226 2227
f 2227 2226 2228
f 2227 2228 2213
f 2213 2228 2229
f 2213 2229 2212
f 2212 2229 2230
f 1599 1597 2222
f 2222 1597 2211
f 2222 2211 2224
f 2224 2211 2214
f 2224 2214 2226
f 2226 2214 2215
f 2226 2215 2228
f 2228 2215 2217
f 2228 2217 2229
f 2229 2217 2219
f 2229 2219 2230
f 2230 2219 2220
f 1672 1671 2231
f 2232 2233 2234
f 1671 1669 2231
f 2231 1669 1668
f 2231 1668 2235
f 2235 1668 1679
f 2235 1679 2236
f 2236 1679 2237
f 2236 2237 2238
f 2238 2237 2239
f 2238 2239 2240
f 2240 2239 2241
f 1660 1674 2242
f 2242 1674 2243
f 2242 2243 2244
f 2244 2243 2245
f 2244 2245 2246
f 2246 2245 2247
f 2246 2247 2248
f 2248 2247 2249
f 2248 2249 2250
f 2250 2249 2234
f 2250 2234 1706
f 1706 2234 2233
f 1674 1672 2243
f 2243 1672 2231
f 2243 2231 2245
f 2245 2231 2235
f 2245 2235 2247
f 2247 2235 2236
f 2247 2236 2249
f 2249 2236 2238
f 2249 2238 2234
f 2234 2238 2240
f 2234 2240 2232
f 2232 2240 2241
f 1619 1600 2221
f 1619 2221 2251
f 2251 2221 2223
f 2251 2223 2252
f 2252 2223 2225
f 2252 2225 2253
f 2253 2225 2227
f 2253 2227 2254
f 2254 2227 2213
f 2254 2213 2255
f 2255 2213 1566
f 2255 1566 1565
f 1641 1640 2256
f 1591 1592 2257
f 1590 1591 2258
f 1589 1590 2259
f 1588 1589 2260
f 1565 1588 2261
f 1565 2261 2255
f 2255 2261 2262
f 2255 2262 2254
f 2254 2262 2263
f 2254 2263 2253
f 2253 2263 2264
f 2253 2264 2252
f 2252 2264 2256
f 2252 2256 2251
f 2251 2256 1640
f 2251 1640 1619
f 1588 2260 2261
f 2261 2260 2265
f 2261 2265 2262
f 2262 2265 2266
f 2262 2266 2263
f 2263 2266 2267
f 2263 2267 2264
f 2264 2267 2268
f 2264 2268 2256
f 2256 2268 1643
f 2256 1643 1641
f 2269 1646 1644
f 1589 2259 2260
f 2260 2259 2270
f 2260 2270 2265
f 2265 2270 2271
f 2265 2271 2266
f 2266 2271 2272
f 2266 2272 2267
f 2267 2272 2269
f 2267 2269 2268
f 2268 2269 1644
f 2268 1644 1643
f 2273 1649 1647
f 1590 2258 2259
f 2259 2258 2274
f 2259 2274 2270
f 2270 2274 2275
f 2270 2275 2271
f 2271 2275 2276
f 2271 2276 2272
f 2272 2276 2273
f 2272 2273 2269
f 2269 2273 1647
f 2269 1647 1646
f 1591 2257 2258
f 2258 2257 2277
f 2258 2277 2274
f 2274 2277 2278
f 2274 2278 2275
f 2275 2278 2279
f 2275 2279 2276
f 2276 2279 2280
f 2276 2280 2273
f 2273 2280 1650
f 2273 1650 1649
f 1667 1650 2281
f 2281 1650 2280
f 2281 2280 2282
f 2282 2280 2279
f 2282 2279 2283
f 2283 2279 2278
f 2283 2278 2284
f 2284 2278 2277
f 2284 2277 2285
f 2285 2277 2257
f 2285 2257 1612
f 1612 2257 1592
f 1687 1686 2286
f 1684 1683 2287
f 1638 1639 2288
f 1637 1638 2289
f 1636 1637 2290
f 1635 1636 2291
f 1612 1635 2292
f 1612 2292 2285
f 2285 2292 2293
f 2285 2293 2284
f 2284 2293 2294
f 2284 2294 2283
f 2283 2294 2295
f 2283 2295 2282
f 2282 2295 2287
f 2282 2287 2281
f 2281 2287 1683
f 2281 1683 1667
f 1635 2291 2292
f 2292 2291 2296
f 2292 2296 2293
f 2293 2296 2297
f 2293 2297 2294
f 2294 2297 2298
f 2294 2298 2295
f 2295 2298 2286
f 2295 2286 2287
f 2287 2286 1686
f 2287 1686 1684
f 1636 2290 2291
f 2291 2290 2299
f 2291 2299 2296
f 2296 2299 2300
f 2296 2300 2297
f 2297 2300 2301
f 2297 2301 2298
f 2298 2301 2302
f 2298 2302 2286
f 2286 2302 1689
f 2286 1689 1687
f 2303 1692 1690
f 1637 2289 2290
f 2290 2289 2304
f 2290 2304 2299
f 2299 2304 2305
f 2299 2305 2300
f 2300 2305 2306
f 2300 2306 2301
f 2301 2306 2303
f 2301 2303 2302
f 2302 2303 1690
f 2302 1690 1689
f 1638 2288 2289
f 2289 2288 2307
f 2289 2307 2304
f 2304 2307 2308
f 2304 2308 2305
f 2305 2308 2309
f 2305 2309 2306
f 2306 2309 2310
f 2306 2310 2303
f 2303 2310 1693
f 2303 1693 1692
f 1706 1693 2310
f 1706 2310 2250
f 2250 2310 2309
f 2250 2309 2248
f 2248 2309 2308
f 2248 2308 2246
f 2246 2308 2307
f 2246 2307 2244
f 2244 2307 2288
f 2244 2288 2242
f 2242 2288 1639
f 2242 1639 1660
f 2311 2312 2313
f 2313 2312 2314
f 2315 2316 2317
f 2317 2316 2311
f 2317 2311 2318
f 2318 2311 2313
f 2319 2320 2321
f 2312 2322 2314
f 2314 2322 2319
f 2314 2319 2323
f 2323 2319 2321
f 2323 2321 2324
f 1928 2322 1930
f 1930 2322 2312
f 2322 1928 2319
f 2319 1928 1931
f 2319 1931 2320
f 2320 1931 1933
f 2320 1933 2321
f 2321 1933 1935
f 1937 2313 1950
f 1950 2313 2314
f 2313 1937 2318
f 2318 1937 1939
f 2318 1939 2317
f 2317 1939 1941
f 2317 1941 2315
f 2315 1941 1943
f 2315 1943 2316
f 2316 1943 1945
f 2316 1945 2311
f 2311 1945 1947
f 2311 1947 2312
f 2312 1947 1930
f 2325 2326 2327
f 2327 2326 2328
f 2329 2330 2331
f 2331 2330 2326
f 2331 2326 2332
f 2332 2326 2325
f 2333 2334 2335
f 2335 2334 2327
f 2335 2327 2336
f 2336 2327 2328
f 2333 1885 2334
f 2334 1885 1887
f 2334 1887 2327
f 2327 1887 1889
f 2327 1889 2325
f 2325 1889 1891
f 2325 1891 2332
f 2332 1891 1893
f 2332 1893 2331
f 2331 1893 1895
f 2331 1895 2329
f 2329 1895 1897
f 2337 1871 2338
f 2338 1871 1873
f 2338 1873 2339
f 2339 1873 1875
f 2339 1875 2340
f 2340 1875 1877
f 2340 1877 2341
f 2341 1877 1879
f 2341 1879 2342
f 2342 1879 1881
f 2342 1881 2343
f 2343 1881 1883
f 2344 2339 2340
f 2338 2339 2344
f 2337 2338 2344
f 2344 2342 2343
f 2341 2342 2344
f 2340 2341 2344
f 2345 1899 2346
f 2346 1899 1901
f 2346 1901 2347
f 2347 1901 1903
f 2347 1903 2348
f 2348 1903 1905
f 2348 1905 2349
f 2349 1905 1907
f 2349 1907 2350
f 2350 1907 1909
f 2350 1909 2351
f 2351 1909 1911
f 2352 2347 2348
f 2346 2347 2352
f 2345 2346 2352
f 2352 2350 2351
f 2349 2350 2352
f 2348 2349 2352
f 2353 1913 2354
f 2354 1913 1915
f 2354 1915 2355
f 2355 1915 1917
f 2355 1917 2356
f 2356 1917 1919
f 2356 1919 2357
f 2357 1919 1921
f 2357 1921 2358
f 2358 1921 1923
f 2358 1923 2359
f 2359 1923 1925
f 2360 2355 2356
f 2354 2355 2360
f 2353 2354 2360
f 2360 2358 2359
f 2357 2358 2360
f 2356 2357 2360
f 2361 1951 2362
f 2362 1951 1953
f 2362 1953 2363
f 2363 1953 1955
f 2363 1955 2364
f 2364 1955 1957
f 2364 1957 2365
f 2365 1957 1959
f 2365 1959 2366
f 2366 1959 1961
f 2366 1961 2367
f 2367 1961 1963
f 2368 2363 2364
f 2362 2363 2368
f 2361 2362 2368
f 2368 2366 2367
f 2365 2366 2368
f 2364 2365 2368
f 846 930 863
f 863 930 932
f 863 932 861
f 861 932 934
f 861 934 859
f 859 934 936
f 810 966 827
f 827 966 968
f 827 968 825
f 825 968 970
f 825 970 823
f 823 970 972
f 1422 1426 2369
f 1437 1436 2370
f 1426 1425 2369
f 2369 1425 1430
f 2369 1430 2371
f 2371 1430 1428
f 2371 1428 2372
f 2372 1428 1427
f 2372 1427 2373
f 2373 1427 1431
f 2373 1431 2374
f 2374 1431 1438
f 1407 1423 2375
f 2375 1423 2376
f 2375 2376 2377
f 2377 2376 2378
f 2377 2378 2379
f 2379 2378 2380
f 2379 2380 2381
f 2381 2380 2382
f 2381 2382 2383
f 2383 2382 2370
f 2383 2370 1435
f 1435 2370 1436
f 1423 1422 2376
f 2376 1422 2369
f 2376 2369 2378
f 2378 2369 2371
f 2378 2371 2380
f 2380 2371 2372
f 2380 2372 2382
f 2382 2372 2373
f 2382 2373 2370
f 2370 2373 2374
f 2370 2374 1437
f 1437 2374 1438
f 1551 1556 2384
f 1563 1562 2385
f 1556 1555 2384
f 2384 1555 1560
f 2384 1560 2386
f 2386 1560 1558
f 2386 1558 2387
f 2387 1558 1557
f 2387 1557 2388
f 2388 1557 1561
f 2388 1561 2389
f 2389 1561 1564
f 1553 1552 2390
f 2390 1552 2391
f 2390 2391 2392
f 2392 2391 2393
f 2392 2393 2394
f 2394 2393 2395
f 2394 2395 2396
f 2396 2395 2397
f 2396 2397 2398
f 2398 2397 2385
f 2398 2385 1514
f 1514 2385 1562
f 1552 1551 2391
f 2391 1551 2384
f 2391 2384 2393
f 2393 2384 2386
f 2393 2386 2395
f 2395 2386 2387
f 2395 2387 2397
f 2397 2387 2388
f 2397 2388 2385
f 2385 2388 2389
f 2385 2389 1563
f 1563 2389 1564
f 1408 1407 2375
f 1408 2375 2399
f 2399 2375 2377
f 2399 2377 2400
f 2400 2377 2379
f 2400 2379 2401
f 1467 1486 2402
f 1468 1467 2403
f 1471 1470 2404
f 1474 1473 2405
f 1459 1476 2406
f 2406 1476 1474
f 1471 2404 1473
f 1468 2403 1470
f 1459 2406 2407
f 2407 2406 2408
f 2407 2408 2409
f 2409 2408 2410
f 2409 2410 2401
f 2401 2410 2411
f 2401 2411 2400
f 2400 2411 2412
f 2400 2412 2399
f 2399 2412 1458
f 2399 1458 1408
f 1474 2405 2406
f 2406 2405 2413
f 2406 2413 2408
f 2408 2413 2414
f 2408 2414 2410
f 2410 2414 2415
f 2410 2415 2411
f 2411 2415 2416
f 2411 2416 2412
f 2412 2416 1457
f 2412 1457 1458
f 1473 2404 2405
f 2405 2404 2417
f 2405 2417 2413
f 2413 2417 2418
f 2413 2418 2414
f 2414 2418 2419
f 2414 2419 2415
f 2415 2419 2420
f 2415 2420 2416
f 2416 2420 1456
f 2416 1456 1457
f 1470 2403 2404
f 2404 2403 2421
f 2404 2421 2417
f 2417 2421 2422
f 2417 2422 2418
f 2418 2422 2423
f 2418 2423 2419
f 2419 2423 2424
f 2419 2424 2420
f 2420 2424 1455
f 2420 1455 1456
f 1467 2402 2403
f 2403 2402 2425
f 2403 2425 2421
f 2421 2425 2426
f 2421 2426 2422
f 2422 2426 2427
f 2422 2427 2423
f 2423 2427 2428
f 2423 2428 2424
f 2424 2428 1439
f 2424 1439 1455
f 1466 1439 2429
f 2429 1439 2428
f 2429 2428 2430
f 2430 2428 2427
f 2430 2427 2431
f 2431 2427 2426
f 2431 2426 2432
f 2432 2426 2425
f 2432 2425 2433
f 2433 2425 2402
f 2433 2402 1507
f 1507 2402 1486
f 1515 1534 2434
f 1516 1515 2435
f 1519 1518 2436
f 1522 1521 2437
f 1507 1524 2438
f 2438 1524 1522
f 1519 2436 1521
f 1516 2435 1518
f 1507 2438 2433
f 2433 2438 2439
f 2433 2439 2432
f 2432 2439 2440
f 2432 2440 2431
f 2431 2440 2441
f 2431 2441 2430
f 2430 2441 2442
f 2430 2442 2429
f 2429 2442 1506
f 2429 1506 1466
f 1522 2437 2438
f 2438 2437 2443
f 2438 2443 2439
f 2439 2443 2444
f 2439 2444 2440
f 2440 2444 2445
f 2440 2445 2441
f 2441 2445 2446
f 2441 2446 2442
f 2442 2446 1505
f 2442 1505 1506
f 1521 2436 2437
f 2437 2436 2447
f 2437 2447 2443
f 2443 2447 2448
f 2443 2448 2444
f 2444 2448 2449
f 2444 2449 2445
f 2445 2449 2450
f 2445 2450 2446
f 2446 2450 1504
f 2446 1504 1505
f 1518 2435 2436
f 2436 2435 2451
f 2436 2451 2447
f 2447 2451 2452
f 2447 2452 2448
f 2448 2452 2453
f 2448 2453 2449
f 2449 2453 2454
f 2449 2454 2450
f 2450 2454 1503
f 2450 1503 1504
f 1515 2434 2435
f 2435 2434 2455
f 2435 2455 2451
f 2451 2455 2456
f 2451 2456 2452
f 2452 2456 2457
f 2452 2457 2453
f 2453 2457 2458
f 2453 2458 2454
f 2454 2458 1487
f 2454 1487 1503
f 1514 1487 2458
f 1514 2458 2398
f 2398 2458 2457
f 2398 2457 2396
f 2396 2457 2456
f 2396 2456 2394
f 2394 2456 2455
f 2394 2455 2392
f 2392 2455 2434
f 2392 2434 2390
f 2390 2434 1534
f 2390 1534 1553
f 1291 1290 2459
f 2460 1260 2461
f 1290 1288 2459
f 2459 1288 1287
f 2459 1287 2462
f 2462 1287 1302
f 2462 1302 2463
f 2463 1302 2464
f 2463 2464 2465
f 2465 2464 2466
f 2465 2466 2467
f 2467 2466 2468
f 1294 1293 2469
f 2469 1293 2470
f 2469 2470 2471
f 2471 2470 2472
f 2471 2472 2473
f 2473 2472 2474
f 2473 2474 2475
f 2475 2474 2476
f 2475 2476 2461
f 2461 2476 2477
f 2461 2477 2460
f 2460 2477 2478
f 1293 1291 2470
f 2470 1291 2459
f 2470 2459 2472
f 2472 2459 2462
f 2472 2462 2474
f 2474 2462 2463
f 2474 2463 2476
f 2476 2463 2465
f 2476 2465 2477
f 2477 2465 2467
f 2477 2467 2478
f 2478 2467 2468
f 1366 1365 2479
f 2480 2481 2482
f 1365 1363 2479
f 2479 1363 1362
f 2479 1362 2483
f 2483 1362 1373
f 2483 1373 2484
f 2484 1373 2485
f 2484 2485 2486
f 2486 2485 2487
f 2486 2487 2488
f 2488 2487 2489
f 1354 1368 2490
f 2490 1368 2491
f 2490 2491 2492
f 2492 2491 2493
f 2492 2493 2494
f 2494 2493 2495
f 2494 2495 2496
f 2496 2495 2497
f 2496 2497 2498
f 2498 2497 2482
f 2498 2482 1400
f 1400 2482 2481
f 1368 1366 2491
f 2491 1366 2479
f 2491 2479 2493
f 2493 2479 2483
f 2493 2483 2495
f 2495 2483 2484
f 2495 2484 2497
f 2497 2484 2486
f 2497 2486 2482
f 2482 2486 2488
f 2482 2488 2480
f 2480 2488 2489
f 1313 1294 2469
f 1313 2469 2499
f 2499 2469 2471
f 2499 2471 2500
f 2500 2471 2473
f 2500 2473 2501
f 2501 2473 2475
f 2501 2475 2502
f 2502 2475 2461
f 2502 2461 2503
f 2503 2461 1260
f 2503 1260 1259
f 1335 1334 2504
f 1285 1286 2505
f 1284 1285 2506
f 1283 1284 2507
f 1282 1283 2508
f 1259 1282 2509
f 1259 2509 2503
f 2503 2509 2510
f 2503 2510 2502
f 2502 2510 2511
f 2502 2511 2501
f 2501 2511 2512
f 2501 2512 2500
f 2500 2512 2504
f 2500 2504 2499
f 2499 2504 1334
f 2499 1334 1313
f 1282 2508 2509
f 2509 2508 2513
f 2509 2513 2510
f 2510 2513 2514
f 2510 2514 2511
f 2511 2514 2515
f 2511 2515 2512
f 2512 2515 2516
f 2512 2516 2504
f 2504 2516 1337
f 2504 1337 1335
f 2517 1340 1338
f 1283 2507 2508
f 2508 2507 2518
f 2508 2518 2513
f 2513 2518 2519
f 2513 2519 2514
f 2514 2519 2520
f 2514 2520 2515
f 2515 2520 2517
f 2515 2517 2516
f 2516 2517 1338
f 2516 1338 1337
f 2521 1343 1341
f 1284 2506 2507
f 2507 2506 2522
f 2507 2522 2518
f 2518 2522 2523
f 2518 2523 2519
f 2519 2523 2524
f 2519 2524 2520
f 2520 2524 2521
f 2520 2521 2517
f 2517 2521 1341
f 2517 1341 1340
f 1285 2505 2506
f 2506 2505 2525
f 2506 2525 2522
f 2522 2525 2526
f 2522 2526 2523
f 2523 2526 2527
f 2523 2527 2524
f 2524 2527 2528
f 2524 2528 2521
f 2521 2528 1344
f 2521 1344 1343
f 1361 1344 2529
f 2529 1344 2528
f 2529 2528 2530
f 2530 2528 2527
f 2530 2527 2531
f 2531 2527 2526
f 2531 2526 2532
f 2532 2526 2525
f 2532 2525 2533
f 2533 2525 2505
f 2533 2505 1306
f 1306 2505 1286
f 1381 1380 2534
f 1378 1377 2535
f 1332 1333 2536
f 1331 1332 2537
f 1330 1331 2538
f 1329 1330 2539
f 1306 1329 2540
f 1306 2540 2533
f 2533 2540 2541
f 2533 2541 2532
f 2532 2541 2542
f 2532 2542 2531
f 2531 2542 2543
f 2531 2543 2530
f 2530 2543 2535
f 2530 2535 2529
f 2529 2535 1377
f 2529 1377 1361
f 1329 2539 2540
f 2540 2539 2544
f 2540 2544 2541
f 2541 2544 2545
f 2541 2545 2542
f 2542 2545 2546
f 2542 2546 2543
f 2543 2546 2534
f 2543 2534 2535
f 2535 2534 1380
f 2535 1380 1378
f 1330 2538 2539
f 2539 2538 2547
f 2539 2547 2544
f 2544 2547 2548
f 2544 2548 2545
f 2545 2548 2549
f 2545 2549 2546
f 2546 2549 2550
f 2546 2550 2534
f 2534 2550 1383
f 2534 1383 1381
f 2551 1386 1384
f 1331 2537 2538
f 2538 2537 2552
f 2538 2552 2547
f 2547 2552 2553
f 2547 2553 2548
f 2548 2553 2554
f 2548 2554 2549
f 2549 2554 2551
f 2549 2551 2550
f 2550 2551 1384
f 2550 1384 1383
f 1332 2536 2537
f 2537 2536 2555
f 2537 2555 2552
f 2552 2555 2556
f 2552 2556 2553
f 2553 2556 2557
f 2553 2557 2554
f 2554 2557 2558
f 2554 2558 2551
f 2551 2558 1387
f 2551 1387 1386
f 1400 1387 2558
f 1400 2558 2498
f 2498 2558 2557
f 2498 2557 2496
f 2496 2557 2556
f 2496 2556 2494
f 2494 2556 2555
f 2494 2555 2492
f 2492 2555 2536
f 2492 2536 2490
f 2490 2536 1333
f 2490 1333 1354
f 967 982 759
f 2559 995 2560
f 2560 995 984
f 2560 984 2561
f 2561 984 987
f 2561 987 2562
f 2562 987 989
f 2562 989 717
f 717 989 981
f 717 981 719
f 719 981 965
f 719 965 721
f 759 982 2563
f 2563 982 991
f 2563 991 2564
f 2564 991 993
f 2564 993 2565
f 2565 993 995
f 2565 995 2566
f 2566 995 2559
f 2566 2559 2567
f 2567 2559 2568
f 2567 2568 747
f 747 2568 729
f 747 729 749
f 749 729 727
f 749 727 751
f 736 893 738
f 738 893 890
f 738 890 740
f 740 890 903
f 740 903 742
f 742 903 905
f 742 905 744
f 744 905 907
f 744 907 2569
f 2569 907 910
f 957 955 2570
f 2571 2572 732
f 732 2572 714
f 732 714 734
f 734 714 712
f 734 712 736
f 736 712 710
f 736 710 893
f 893 710 708
f 893 708 901
f 901 708 706
f 901 706 899
f 899 706 704
f 899 704 896
f 896 704 702
f 896 702 909
f 2571 732 2570
f 2570 732 2573
f 2570 2573 723
f 723 2573 2574
f 723 2574 725
f 725 2574 2575
f 725 2575 727
f 727 2575 753
f 727 753 751
f 2576 2575 910
f 910 2575 2577
f 910 2577 2569
f 759 757 967
f 967 757 755
f 967 755 969
f 969 755 753
f 957 2570 959
f 959 2570 723
f 959 723 961
f 945 929 955
f 955 929 927
f 702 2578 909
f 909 2578 2579
f 909 2579 919
f 919 2579 2570
f 931 946 933
f 933 946 2580
f 721 965 723
f 723 965 963
f 723 963 961
f 2576 2581 2575
f 2575 2581 937
f 2575 937 753
f 753 937 935
f 753 935 933
f 927 925 955
f 955 925 923
f 955 923 2570
f 2570 923 921
f 2570 921 919
f 2580 2582 933
f 933 2582 973
f 933 973 753
f 753 973 971
f 753 971 969
f 2583 2584 2585
f 795 797 793
f 793 797 806
f 793 806 788
f 788 806 804
f 779 782 784
f 696 864 697
f 697 864 862
f 697 862 860
f 824 808 826
f 826 808 806
f 826 806 828
f 828 806 797
f 828 797 801
f 804 791 788
f 788 791 779
f 788 779 786
f 786 779 784
f 850 2586 866
f 866 2586 870
f 866 870 875
f 875 870 873
f 876 885 2587
f 2587 885 887
f 2587 887 2586
f 2586 887 878
f 2586 878 870
f 844 842 698
f 698 697 844
f 844 697 860
f 844 860 2587
f 2587 860 858
f 2587 858 876
f 876 858 856
f 876 856 854
f 830 814 840
f 840 814 2588
f 842 840 698
f 698 840 2588
f 698 2588 699
f 699 2588 700
f 2585 2589 2583
f 2583 2589 2590
f 2583 2590 2588
f 2588 2590 2591
f 2588 2591 700
f 2583 808 2584
f 2584 808 824
f 2584 824 2592
f 2592 824 822
f 2592 822 2593
f 2593 822 820
f 2593 820 692
f 692 820 818
f 692 818 693
f 693 818 837
f 693 837 694
f 694 837 864
f 694 864 695
f 695 864 696
f 1080 1078 1001
f 1001 1078 2594
f 2595 1088 1086
f 772 770 789
f 2594 2596 1001
f 1001 2596 2597
f 1001 2597 2598
f 2597 2599 2598
f 2598 2599 2600
f 2598 2600 1090
f 2601 2602 1082
f 1082 2602 2603
f 1082 2603 1084
f 1084 2603 2604
f 1084 2604 1086
f 1086 2604 2605
f 1086 2605 2595
f 789 770 787
f 787 770 768
f 787 768 766
f 1082 1080 2601
f 2601 1080 1001
f 2601 1001 762
f 762 1001 787
f 762 787 764
f 764 787 766
f 2595 2606 1000
f 1000 2606 778
f 1000 778 785
f 785 778 776
f 785 776 789
f 789 776 774
f 789 774 772
f 1075 1074 1000
f 1073 1072 2598
f 1072 1071 2598
f 2598 1071 1070
f 2598 1070 996
f 996 1070 2607
f 1074 1073 1000
f 1000 1073 2598
f 1000 2598 2595
f 2595 2598 1090
f 2595 1090 1088
f 985 2608 1000
f 1000 2608 1076
f 1000 1076 1075
f 2607 2609 996
f 996 2609 2610
f 996 2610 985
f 985 2610 2611
f 985 2611 2608
f 2612 2613 2614
f 1054 1053 1001
f 1053 1052 1001
f 1001 1052 1051
f 1001 1051 994
f 994 1051 2615
f 996 994 2616
f 2616 994 2613
f 1037 1036 2598
f 2598 1036 1035
f 2598 1035 1001
f 1001 1035 1034
f 1001 1034 1054
f 2615 2617 994
f 994 2617 2618
f 994 2618 2613
f 2613 2618 2619
f 2613 2619 2614
f 2616 2620 996
f 996 2620 2621
f 996 2621 2598
f 2598 2621 1038
f 2598 1038 1037
f 2612 2614 1032
f 1032 2614 1057
f 1032 1057 1033
f 1033 1057 1056
f 1033 1056 1034
f 1034 1056 1055
f 1034 1055 1054
f 894 892 2622
f 2623 1148 2624
f 2625 1182 1180
f 1194 1192 2626
f 1198 1196 2627
f 1180 1178 2625
f 2625 1178 1189
f 2625 1189 2627
f 2627 1189 1200
f 2627 1200 1198
f 2626 1192 2628
f 2628 1192 1188
f 2628 1188 1186
f 1182 998 1184
f 1184 998 997
f 1184 997 2629
f 2629 997 2628
f 2629 2628 2630
f 2630 2628 1186
f 2626 2631 1136
f 1148 1146 2632
f 2632 1146 1144
f 1142 1140 2631
f 2631 1140 1138
f 2631 1138 1136
f 2633 2634 1136
f 1136 2634 2627
f 1136 2627 2626
f 2626 2627 1196
f 2626 1196 1194
f 2633 2635 2634
f 2634 2635 2636
f 2634 2636 2624
f 2624 2636 2637
f 2624 2637 2623
f 894 2638 895
f 895 2638 2639
f 895 2639 888
f 888 2639 2640
f 888 2640 889
f 1158 1156 2624
f 2624 1156 2634
f 2634 1156 1154
f 2634 1154 1152
f 1150 2641 2639
f 2639 2641 2642
f 2639 2642 2640
f 2640 2642 2643
f 2640 2643 2644
f 2644 2645 2640
f 2640 2645 1162
f 2640 1162 2624
f 2624 1162 1160
f 2624 1160 1158
f 2646 1176 2627
f 2622 2647 2648
f 894 2622 2638
f 2638 2622 2648
f 2638 2648 2649
f 2649 2646 2638
f 2638 2646 2627
f 2638 2627 2639
f 2639 2627 2634
f 2639 2634 1150
f 1150 2634 1152
f 1168 1166 2625
f 2625 1166 1164
f 2625 1164 2622
f 2622 1164 2650
f 2622 2650 2647
f 1176 1174 2627
f 2627 1174 1172
f 2627 1172 2625
f 2625 1172 1170
f 2625 1170 1168
f 1182 2625 998
f 998 2625 2622
f 998 2622 999
f 999 2622 892
f 999 892 891
f 880 879 1002
f 1108 2651 2631
f 2631 2651 2652
f 2652 2653 2631
f 2631 2653 2632
f 2631 2632 1142
f 1142 2632 1144
f 2653 2654 2632
f 2632 2654 2655
f 2632 2655 1120
f 1118 1116 880
f 880 1116 1114
f 880 1114 881
f 881 1114 1112
f 881 1112 1110
f 889 2640 1003
f 1003 2640 2624
f 1003 2624 1004
f 1004 2624 1148
f 1004 1148 1002
f 1002 1148 2632
f 1002 2632 880
f 880 2632 1120
f 880 1120 1118
f 2628 1122 2656
f 2656 2657 2628
f 2628 2657 2658
f 2628 2658 2626
f 2626 2658 2659
f 2626 2659 2660
f 2660 1134 2626
f 2626 1134 882
f 2626 882 2631
f 2631 882 881
f 2631 881 1108
f 1108 881 1110
f 883 1126 1124
f 1134 1132 882
f 882 1132 1130
f 882 1130 883
f 883 1130 1128
f 883 1128 1126
f 997 871 2628
f 2628 871 883
f 2628 883 1122
f 1122 883 1124
f 2661 1898 1908
f 1298 2662 2663
f 2664 2665 1305
f 1305 2665 2666
f 1372 796 1376
f 1376 796 983
f 1376 983 2667
f 2667 983 2668
f 1872 1892 1890
f 1904 2669 2670
f 1904 2670 1906
f 1906 2670 2671
f 1906 2671 1908
f 1908 2671 2672
f 1908 2672 2661
f 2663 2673 1298
f 1298 2673 2674
f 1298 2674 1301
f 1301 2674 1912
f 1301 1912 1910
f 1321 1319 802
f 802 1319 1317
f 1358 1874 1872
f 1349 1886 2669
f 1898 1896 1872
f 1872 1896 1894
f 1872 1894 1892
f 983 2675 2676
f 2666 2677 1305
f 1305 2677 2678
f 1305 2678 1884
f 2668 1882 1397
f 1397 1882 1880
f 1397 1880 1392
f 1392 1880 1878
f 1392 1878 1391
f 1391 1878 1876
f 1391 1876 1394
f 1874 1358 1876
f 1876 1358 1395
f 1876 1395 1394
f 1349 1358 1886
f 1886 1358 1872
f 1886 1872 1888
f 1888 1872 1890
f 1298 1299 2662
f 2662 1299 1310
f 2662 1310 1352
f 2664 1305 1872
f 1872 1305 1301
f 1872 1301 1898
f 1898 1301 1910
f 1898 1910 1908
f 1904 1902 2669
f 2669 1902 1900
f 2669 1900 1349
f 1349 1900 2679
f 1349 2679 1348
f 1348 2679 2662
f 1348 2662 1351
f 1351 2662 1352
f 1372 1370 796
f 796 1370 1357
f 796 1357 802
f 802 1357 1323
f 802 1323 1321
f 1276 978 1309
f 1309 978 802
f 1309 802 1316
f 1316 802 1317
f 1276 1274 978
f 978 1274 1272
f 978 1272 1270
f 1270 1269 978
f 978 1269 1266
f 978 1266 983
f 983 1266 1265
f 983 1265 2675
f 2676 2680 983
f 983 2680 1305
f 983 1305 2668
f 2668 1305 1884
f 2668 1884 1882
f 942 838 947
f 947 838 832
f 1417 911 906
f 877 1537 1536
f 1924 1922 1543
f 1543 1922 1920
f 1543 1920 1541
f 1541 1920 1918
f 1528 1526 1510
f 1446 911 1448
f 1448 911 1450
f 1417 1402 911
f 911 1402 1401
f 911 1401 1450
f 1494 868 1496
f 1496 868 1498
f 1494 1493 868
f 868 1493 1492
f 868 1492 877
f 877 1492 1511
f 877 1511 1537
f 1936 1539 1541
f 1446 1445 911
f 911 1445 1444
f 911 1444 868
f 868 1444 1463
f 868 1463 1498
f 1411 1952 1432
f 1432 1952 2681
f 1432 2681 1462
f 1462 2681 1478
f 1483 2682 2683
f 1948 1946 1960
f 1483 1946 1944
f 2684 2685 1942
f 2683 2686 1483
f 1483 2686 1964
f 1483 1964 1946
f 1946 1964 1962
f 1946 1962 1960
f 1539 1936 1956
f 1918 1916 1541
f 1541 1916 1914
f 1541 1914 1936
f 1936 1914 2687
f 1936 2687 2688
f 2688 2687 2689
f 1480 1478 1481
f 1481 1478 2681
f 1481 2681 1483
f 1483 2681 2690
f 1483 2690 2682
f 1410 1413 1539
f 1543 1544 1924
f 1924 1544 1531
f 1924 1531 1529
f 1536 1539 877
f 877 1539 1413
f 877 1413 906
f 906 1413 1415
f 906 1415 1417
f 1529 1528 1924
f 1924 1528 1510
f 1924 1510 1926
f 1926 1510 1483
f 1926 1483 2685
f 2685 1483 1944
f 2685 1944 1942
f 1936 1934 1956
f 1956 1934 1932
f 1956 1932 1958
f 1958 1932 1927
f 1958 1927 1960
f 1960 1927 1929
f 1960 1929 1948
f 1942 1940 2684
f 2684 1940 1938
f 2684 1938 2691
f 2691 1938 1949
f 2691 1949 2689
f 2689 1949 2692
f 2689 2692 2688
f 1956 1954 1539
f 1539 1954 1952
f 1539 1952 1410
f 1410 1952 1411
f 944 816 940
f 940 816 829
f 2018 2016 1849
f 1849 2016 2014
f 1849 2014 1847
f 1847 2014 2012
f 980 1723 1708
f 1800 790 1802
f 1802 790 1804
f 1789 2693 2058
f 1834 1832 1816
f 780 1843 1842
f 1752 976 1754
f 1754 976 1756
f 1800 1799 790
f 790 1799 1798
f 790 1798 780
f 780 1798 1817
f 780 1817 1843
f 2046 2694 1717
f 1717 2694 2695
f 1717 2695 1738
f 980 1708 976
f 976 1708 1707
f 976 1707 1756
f 1752 1751 976
f 976 1751 1750
f 976 1750 790
f 790 1750 1769
f 790 1769 1804
f 1789 2058 1816
f 1716 1719 1845
f 1847 2696 1845
f 1845 2696 2030
f 1845 2030 2050
f 2042 2040 2054
f 1842 1845 780
f 780 1845 1719
f 780 1719 980
f 980 1719 1721
f 980 1721 1723
f 1787 2697 1789
f 1789 2697 2698
f 1789 2698 2693
f 1738 2695 1768
f 1768 2695 2697
f 1768 2697 1784
f 1784 2697 1787
f 1784 1787 1786
f 2012 2010 1847
f 1847 2010 2008
f 1847 2008 2696
f 2696 2008 2699
f 2696 2699 2700
f 2050 2048 1845
f 1845 2048 2046
f 1845 2046 1716
f 1716 2046 1717
f 2058 2056 1816
f 1816 2056 2054
f 1816 2054 2038
f 2038 2054 2040
f 2030 2028 2050
f 2050 2028 2026
f 2050 2026 2052
f 2052 2026 2021
f 2052 2021 2054
f 2054 2021 2023
f 2054 2023 2042
f 2701 2032 2702
f 2702 2032 2043
f 2702 2043 2700
f 2700 2043 2703
f 2700 2703 2696
f 1849 1850 2018
f 2018 1850 1837
f 2018 1837 1835
f 1835 1834 2018
f 2018 1834 1816
f 2018 1816 2020
f 2020 1816 2038
f 2020 2038 2704
f 2704 2038 2036
f 2704 2036 2701
f 2701 2036 2034
f 2701 2034 2032
f 1658 1657 1654
f 2705 1607 2706
f 2706 1607 1604
f 2706 1604 2707
f 1992 1990 1966
f 1611 2708 2709
f 1701 1700 1697
f 2705 2006 1607
f 1607 2006 2004
f 1607 2004 2710
f 2710 2004 2002
f 1998 2711 2712
f 2710 1992 1607
f 1607 1992 1966
f 1607 1966 1611
f 1611 1966 2713
f 1611 2713 2708
f 1990 1988 1966
f 1966 1988 1986
f 1966 1986 1984
f 1678 865 1682
f 1682 865 897
f 1682 897 2714
f 2714 897 2715
f 1998 2712 2000
f 2000 2712 2716
f 2000 2716 2002
f 2002 2716 2717
f 2002 2717 2710
f 1627 1625 852
f 852 1625 1623
f 1678 1676 865
f 865 1676 1663
f 865 1663 852
f 852 1663 1629
f 852 1629 1627
f 1970 1968 1664
f 1664 1968 1966
f 1655 1980 2711
f 2707 1604 2718
f 2718 1604 1605
f 2718 1605 1616
f 1664 1701 1970
f 1970 1701 1697
f 1970 1697 1972
f 1972 1697 1698
f 1972 1698 1974
f 1974 1698 1703
f 1974 1703 1976
f 1976 1703 2715
f 1655 1664 1980
f 1980 1664 1966
f 1980 1966 1982
f 1982 1966 1984
f 2719 2720 897
f 2709 2721 1611
f 1611 2721 2722
f 1611 2722 1978
f 1616 1658 2718
f 2718 1658 1654
f 2718 1654 2723
f 2723 1654 1655
f 2723 1655 1994
f 1994 1655 2711
f 1994 2711 1996
f 1996 2711 1998
f 2720 2724 897
f 897 2724 1611
f 897 1611 2715
f 2715 1611 1978
f 2715 1978 1976
f 1580 1578 908
f 908 1578 1576
f 1576 1575 908
f 908 1575 1572
f 908 1572 897
f 897 1572 1571
f 897 1571 2719
f 1623 1622 852
f 852 1622 1615
f 852 1615 908
f 908 1615 1582
f 908 1582 1580
f 1079 1013 1077
f 1077 1013 1011
f 1077 1011 2725
f 1011 1009 2725
f 2725 1009 1008
f 2725 1008 2726
f 2726 1008 1017
f 2726 1017 2727
f 2727 1017 1016
f 2727 1016 2728
f 2728 1016 2729
f 2728 2729 2730
f 2729 2731 2730
f 2730 2731 2732
f 2730 2732 1089
f 1089 2732 2733
f 1089 2733 1087
f 2733 2734 1087
f 1087 2734 2735
f 1087 2735 1085
f 1085 2735 2736
f 1085 2736 1083
f 1083 2736 1007
f 1083 1007 1081
f 1081 1007 1006
f 1081 1006 1079
f 1079 1006 1014
f 1079 1014 1013
f 2401 2379 2381
f 2401 2381 2409
f 2409 2381 2383
f 2409 2383 2407
f 2407 2383 1435
f 2407 1435 1459
f 823 972 821
f 821 972 2737
f 821 2737 819
f 819 2737 2738
f 819 2738 817
f 817 2738 952
f 859 936 857
f 857 936 2739
f 857 2739 855
f 855 2739 2740
f 855 2740 853
f 853 2740 916
f 2368 2741 2742
f 2743 2741 2368
f 2367 2743 2368
f 2368 2744 2361
f 2745 2744 2368
f 2742 2745 2368
f 2367 1963 2743
f 2743 1963 2746
f 2743 2746 2741
f 2741 2746 2747
f 2741 2747 2742
f 2742 2747 2748
f 2742 2748 2745
f 2745 2748 2749
f 2745 2749 2744
f 2744 2749 2750
f 2744 2750 2361
f 2361 2750 1951
f 2360 2751 2752
f 2753 2751 2360
f 2359 2753 2360
f 2360 2754 2353
f 2755 2754 2360
f 2752 2755 2360
f 2359 1925 2753
f 2753 1925 2756
f 2753 2756 2751
f 2751 2756 2757
f 2751 2757 2752
f 2752 2757 2758
f 2752 2758 2755
f 2755 2758 2759
f 2755 2759 2754
f 2754 2759 2760
f 2754 2760 2353
f 2353 2760 1913
f 2352 2761 2762
f 2763 2761 2352
f 2351 2763 2352
f 2352 2764 2345
f 2765 2764 2352
f 2762 2765 2352
f 2351 1911 2763
f 2763 1911 2766
f 2763 2766 2761
f 2761 2766 2767
f 2761 2767 2762
f 2762 2767 2768
f 2762 2768 2765
f 2765 2768 2769
f 2765 2769 2764
f 2764 2769 2770
f 2764 2770 2345
f 2345 2770 1899
f 2344 2771 2772
f 2773 2771 2344
f 2343 2773 2344
f 2344 2774 2337
f 2775 2774 2344
f 2772 2775 2344
f 2343 1883 2773
f 2773 1883 2776
f 2773 2776 2771
f 2771 2776 2777
f 2771 2777 2772
f 2772 2777 2778
f 2772 2778 2775
f 2775 2778 2779
f 2775 2779 2774
f 2774 2779 2780
f 2774 2780 2337
f 2337 2780 1871
f 2329 1897 2330
f 2330 1897 2781
f 2330 2781 2326
f 2326 2781 2782
f 2326 2782 2328
f 2328 2782 2783
f 2328 2783 2336
f 2336 2783 2784
f 2336 2784 2335
f 2335 2784 2785
f 2335 2785 2333
f 2333 2785 1885
f 2321 1935 2324
f 2324 1935 2786
f 2324 2786 2323
f 2323 2786 2787
f 2323 2787 2314
f 2314 2787 1950
f 2153 2131 2133
f 2153 2133 2161
f 2161 2133 2135
f 2161 2135 2159
f 2159 2135 1741
f 2159 1741 1765
f 2116 2788 2789
f 2790 2788 2116
f 2115 2790 2116
f 2116 2791 2109
f 2792 2791 2116
f 2789 2792 2116
f 2115 2057 2790
f 2790 2057 2793
f 2790 2793 2788
f 2788 2793 2794
f 2788 2794 2789
f 2789 2794 2795
f 2789 2795 2792
f 2792 2795 2796
f 2792 2796 2791
f 2791 2796 2797
f 2791 2797 2109
f 2109 2797 2045
f 2108 2798 2799
f 2800 2798 2108
f 2107 2800 2108
f 2108 2801 2101
f 2802 2801 2108
f 2799 2802 2108
f 2107 2019 2800
f 2800 2019 2803
f 2800 2803 2798
f 2798 2803 2804
f 2798 2804 2799
f 2799 2804 2805
f 2799 2805 2802
f 2802 2805 2806
f 2802 2806 2801
f 2801 2806 2807
f 2801 2807 2101
f 2101 2807 2007
f 2100 2808 2809
f 2810 2808 2100
f 2099 2810 2100
f 2100 2811 2093
f 2812 2811 2100
f 2809 2812 2100
f 2099 2005 2810
f 2810 2005 2813
f 2810 2813 2808
f 2808 2813 2814
f 2808 2814 2809
f 2809 2814 2815
f 2809 2815 2812
f 2812 2815 2816
f 2812 2816 2811
f 2811 2816 2817
f 2811 2817 2093
f 2093 2817 1993
f 2092 2818 2819
f 2820 2818 2092
f 2091 2820 2092
f 2092 2821 2085
f 2822 2821 2092
f 2819 2822 2092
f 2091 1977 2820
f 2820 1977 2823
f 2820 2823 2818
f 2818 2823 2824
f 2818 2824 2819
f 2819 2824 2825
f 2819 2825 2822
f 2822 2825 2826
f 2822 2826 2821
f 2821 2826 2827
f 2821 2827 2085
f 2085 2827 1965
f 2077 1991 2078
f 2078 1991 2828
f 2078 2828 2074
f 2074 2828 2829
f 2074 2829 2076
f 2076 2829 2830
f 2076 2830 2084
f 2084 2830 2831
f 2084 2831 2083
f 2083 2831 2832
f 2083 2832 2081
f 2081 2832 1979
f 2069 2029 2072
f 2072 2029 2833
f 2072 2833 2071
f 2071 2833 2834
f 2071 2834 2062
f 2062 2834 2044
f 2057 2058 2793
f 2793 2058 2693
f 2793 2693 2794
f 2794 2693 2698
f 2794 2698 2795
f 2795 2698 2697
f 2795 2697 2796
f 2796 2697 2695
f 2796 2695 2797
f 2797 2695 2694
f 2797 2694 2045
f 2045 2694 2046
f 2029 2030 2833
f 2833 2030 2696
f 2833 2696 2834
f 2834 2696 2703
f 2834 2703 2044
f 2044 2703 2043
f 2019 2020 2803
f 2803 2020 2704
f 2803 2704 2804
f 2804 2704 2701
f 2804 2701 2805
f 2805 2701 2702
f 2805 2702 2806
f 2806 2702 2700
f 2806 2700 2807
f 2807 2700 2699
f 2807 2699 2007
f 2007 2699 2008
f 2005 2006 2813
f 2813 2006 2705
f 2813 2705 2814
f 2814 2705 2706
f 2814 2706 2815
f 2815 2706 2707
f 2815 2707 2816
f 2816 2707 2718
f 2816 2718 2817
f 2817 2718 2723
f 2817 2723 1993
f 1993 2723 1994
f 1991 1992 2828
f 2828 1992 2710
f 2828 2710 2829
f 2829 2710 2717
f 2829 2717 2830
f 2830 2717 2716
f 2830 2716 2831
f 2831 2716 2712
f 2831 2712 2832
f 2832 2712 2711
f 2832 2711 1979
f 1979 2711 1980
f 1977 1978 2823
f 2823 1978 2722
f 2823 2722 2824
f 2824 2722 2721
f 2824 2721 2825
f 2825 2721 2709
f 2825 2709 2826
f 2826 2709 2708
f 2826 2708 2827
f 2827 2708 2713
f 2827 2713 1965
f 1965 2713 1966
f 1963 1964 2746
f 2746 1964 2686
f 2746 2686 2747
f 2747 2686 2683
f 2747 2683 2748
f 2748 2683 2682
f 2748 2682 2749
f 2749 2682 2690
f 2749 2690 2750
f 2750 2690 2681
f 2750 2681 1951
f 1951 2681 1952
f 1935 1936 2786
f 2786 1936 2688
f 2786 2688 2787
f 2787 2688 2692
f 2787 2692 1950
f 1950 2692 1949
f 1925 1926 2756
f 2756 1926 2685
f 2756 2685 2757
f 2757 2685 2684
f 2757 2684 2758
f 2758 2684 2691
f 2758 2691 2759
f 2759 2691 2689
f 2759 2689 2760
f 2760 2689 2687
f 2760 2687 1913
f 1913 2687 1914
f 1911 1912 2766
f 2766 1912 2674
f 2766 2674 2767
f 2767 2674 2673
f 2767 2673 2768
f 2768 2673 2663
f 2768 2663 2769
f 2769 2663 2662
f 2769 2662 2770
f 2770 2662 2679
f 2770 2679 1899
f 1899 2679 1900
f 1897 1898 2781
f 2781 1898 2661
f 2781 2661 2782
f 2782 2661 2672
f 2782 2672 2783
f 2783 2672 2671
f 2783 2671 2784
f 2784 2671 2670
f 2784 2670 2785
f 2785 2670 2669
f 2785 2669 1885
f 1885 2669 1886
f 1883 1884 2776
f 2776 1884 2678
f 2776 2678 2777
f 2777 2678 2677
f 2777 2677 2778
f 2778 2677 2666
f 2778 2666 2779
f 2779 2666 2665
f 2779 2665 2780
f 2780 2665 2664
f 2780 2664 1871
f 1871 2664 1872
f 2237 1679 1680
f 2835 2714 2715
f 1682 2714 1681
f 1681 2714 2835
f 1681 2835 1680
f 2836 2837 2838
f 2715 2836 2835
f 2835 2836 2838
f 2835 2838 1680
f 1680 2838 2239
f 1680 2239 2237
f 2715 1703 2836
f 2836 1703 1704
f 2836 1704 2837
f 2837 1704 1705
f 2837 1705 1706
f 1706 2233 2837
f 2837 2233 2232
f 2837 2232 2838
f 2838 2232 2241
f 2838 2241 2239
f 2216 1608 1609
f 2724 2720 2839
f 2839 2720 2840
f 2839 2840 2841
f 2841 2840 2842
f 2216 1609 2218
f 2230 2220 2842
f 2842 2220 2218
f 2842 2218 2841
f 2841 2218 1609
f 2841 1609 2839
f 2839 1609 1610
f 2839 1610 2724
f 2724 1610 1611
f 2212 2230 2843
f 2843 2230 2842
f 2843 2842 2844
f 2844 2842 2840
f 2844 2840 2719
f 2719 2840 2720
f 2719 1571 2844
f 2844 1571 1569
f 2844 1569 2843
f 2843 1569 1567
f 2843 1567 2212
f 2212 1567 1566
f 2485 1373 1374
f 2845 2667 2668
f 1376 2667 1375
f 1375 2667 2845
f 1375 2845 1374
f 2846 2847 2848
f 2668 2846 2845
f 2845 2846 2848
f 2845 2848 1374
f 1374 2848 2487
f 1374 2487 2485
f 2668 1397 2846
f 2846 1397 1398
f 2846 1398 2847
f 2847 1398 1399
f 2847 1399 1400
f 1400 2481 2847
f 2847 2481 2480
f 2847 2480 2848
f 2848 2480 2489
f 2848 2489 2487
f 2464 1302 1303
f 2680 2676 2849
f 2849 2676 2850
f 2849 2850 2851
f 2851 2850 2852
f 2464 1303 2466
f 2478 2468 2852
f 2852 2468 2466
f 2852 2466 2851
f 2851 2466 1303
f 2851 1303 2849
f 2849 1303 1304
f 2849 1304 2680
f 2680 1304 1305
f 2460 2478 2853
f 2853 2478 2852
f 2853 2852 2854
f 2854 2852 2850
f 2854 2850 2675
f 2675 2850 2676
f 2675 1265 2854
f 2854 1265 1263
f 2854 1263 2853
f 2853 1263 1261
f 2853 1261 2460
f 2460 1261 1260
f 1257 1147 1258
f 1258 1147 2855
f 1258 2855 1247
f 1247 2855 2856
f 1247 2856 1248
f 1248 2856 2857
f 1248 2857 1249
f 1249 2857 2858
f 1249 2858 1255
f 1255 2858 2859
f 1255 2859 1253
f 1253 2859 1135
f 1238 1183 1246
f 1246 1183 2860
f 1246 2860 1245
f 1245 2860 2861
f 1245 2861 1239
f 1239 2861 1185
f 1232 2862 2863
f 2864 2862 1232
f 1231 2864 1232
f 1232 2865 1225
f 2866 2865 1232
f 2863 2866 1232
f 1231 1175 2864
f 2864 1175 2867
f 2864 2867 2862
f 2862 2867 2868
f 2862 2868 2863
f 2863 2868 2869
f 2863 2869 2866
f 2866 2869 2870
f 2866 2870 2865
f 2865 2870 2871
f 2865 2871 1225
f 1225 2871 1163
f 1224 2872 2873
f 2874 2872 1224
f 1223 2874 1224
f 1224 2875 1217
f 2876 2875 1224
f 2873 2876 1224
f 1223 1161 2874
f 2874 1161 2877
f 2874 2877 2872
f 2872 2877 2878
f 2872 2878 2873
f 2873 2878 2879
f 2873 2879 2876
f 2876 2879 2880
f 2876 2880 2875
f 2875 2880 2881
f 2875 2881 1217
f 1217 2881 1149
f 1216 2882 2883
f 2884 2882 1216
f 1215 2884 1216
f 1216 2885 1209
f 2886 2885 1216
f 2883 2886 1216
f 1215 1133 2884
f 2884 1133 2887
f 2884 2887 2882
f 2882 2887 2888
f 2882 2888 2883
f 2883 2888 2889
f 2883 2889 2886
f 2886 2889 2890
f 2886 2890 2885
f 2885 2890 2891
f 2885 2891 1209
f 1209 2891 1121
f 1208 2892 2893
f 2894 2892 1208
f 1207 2894 1208
f 1208 2895 1201
f 2896 2895 1208
f 2893 2896 1208
f 1207 1119 2894
f 2894 1119 2897
f 2894 2897 2892
f 2892 2897 2898
f 2892 2898 2893
f 2893 2898 2899
f 2893 2899 2896
f 2896 2899 2900
f 2896 2900 2895
f 2895 2900 2901
f 2895 2901 1201
f 1201 2901 1107
f 1183 1184 2860
f 2860 1184 2629
f 2860 2629 2861
f 2861 2629 2630
f 2861 2630 1185
f 1185 2630 1186
f 1175 1176 2867
f 2867 1176 2646
f 2867 2646 2868
f 2868 2646 2649
f 2868 2649 2869
f 2869 2649 2648
f 2869 2648 2870
f 2870 2648 2647
f 2870 2647 2871
f 2871 2647 2650
f 2871 2650 1163
f 1163 2650 1164
f 1161 1162 2877
f 2877 1162 2645
f 2877 2645 2878
f 2878 2645 2644
f 2878 2644 2879
f 2879 2644 2643
f 2879 2643 2880
f 2880 2643 2642
f 2880 2642 2881
f 2881 2642 2641
f 2881 2641 1149
f 1149 2641 1150
f 1147 1148 2855
f 2855 1148 2623
f 2855 2623 2856
f 2856 2623 2637
f 2856 2637 2857
f 2857 2637 2636
f 2857 2636 2858
f 2858 2636 2635
f 2858 2635 2859
f 2859 2635 2633
f 2859 2633 1135
f 1135 2633 1136
f 1133 1134 2887
f 2887 1134 2660
f 2887 2660 2888
f 2888 2660 2659
f 2888 2659 2889
f 2889 2659 2658
f 2889 2658 2890
f 2890 2658 2657
f 2890 2657 2891
f 2891 2657 2656
f 2891 2656 1121
f 1121 2656 1122
f 1119 1120 2897
f 2897 1120 2655
f 2897 2655 2898
f 2898 2655 2654
f 2898 2654 2899
f 2899 2654 2653
f 2899 2653 2900
f 2900 2653 2652
f 2900 2652 2901
f 2901 2652 2651
f 2901 2651 1107
f 1107 2651 1108
f 1105 777 1104
f 1104 777 2902
f 1104 2902 1091
f 1091 2902 2903
f 1091 2903 1092
f 1092 2903 2904
f 1092 2904 1093
f 1093 2904 2905
f 1093 2905 1102
f 1102 2905 2906
f 1102 2906 1097
f 1097 2906 2907
f 1097 2907 1098
f 1098 2907 2908
f 1098 2908 1099
f 1099 2908 761
f 1089 1090 2730
f 2730 1090 2600
f 2730 2600 2728
f 2728 2600 2599
f 2728 2599 2727
f 2727 2599 2597
f 2727 2597 2726
f 2726 2597 2596
f 2726 2596 2725
f 2725 2596 2594
f 2725 2594 1077
f 1077 2594 1078
f 1059 1076 1061
f 1061 1076 2608
f 1061 2608 1062
f 1062 2608 2611
f 1062 2611 1063
f 1063 2611 2610
f 1063 2610 1064
f 1064 2610 2609
f 1064 2609 1065
f 1065 2609 2607
f 1065 2607 1060
f 1060 2607 1070
f 1040 1057 1042
f 1042 1057 2614
f 1042 2614 1043
f 1043 2614 2619
f 1043 2619 1044
f 1044 2619 2618
f 1044 2618 1045
f 1045 2618 2617
f 1045 2617 1046
f 1046 2617 2615
f 1046 2615 1041
f 1041 2615 1051
f 1031 1038 1030
f 1030 1038 2621
f 1030 2621 1028
f 1028 2621 2620
f 1028 2620 1029
f 1029 2620 2616
f 1029 2616 1022
f 1022 2616 2613
f 1022 2613 1020
f 1020 2613 2612
f 1020 2612 1027
f 1027 2612 1032
f 2909 2729 1016
f 2735 2734 2910
f 2910 2734 2733
f 2910 2733 2911
f 2911 2733 2732
f 2911 2732 2909
f 2909 2732 2731
f 2909 2731 2729
f 1018 1007 2736
f 1016 1015 2909
f 2909 1015 1019
f 2909 1019 2911
f 2911 1019 1018
f 2911 1018 2910
f 2910 1018 2736
f 2910 2736 2735
f 972 973 2737
f 2737 973 2582
f 2737 2582 2738
f 2738 2582 2580
f 2738 2580 952
f 952 2580 946
f 936 937 2739
f 2739 937 2581
f 2739 2581 2740
f 2740 2581 2576
f 2740 2576 916
f 916 2576 910
f 843 844 2120
f 2120 844 2587
f 2120 2587 2119
f 2119 2587 2586
f 2119 2586 849
f 849 2586 850
f 807 808 2118
f 2118 808 2583
f 2118 2583 2117
f 2117 2583 2588
f 2117 2588 813
f 813 2588 814
f 777 778 2902
f 2902 778 2606
f 2902 2606 2903
f 2903 2606 2595
f 2903 2595 2904
f 2904 2595 2605
f 2904 2605 2905
f 2905 2605 2604
f 2905 2604 2906
f 2906 2604 2603
f 2906 2603 2907
f 2907 2603 2602
f 2907 2602 2908
f 2908 2602 2601
f 2908 2601 761
f 761 2601 762
f 760 2912 2913
f 2914 2912 760
f 758 2914 760
f 760 2915 746
f 2916 2915 760
f 2913 2916 760
f 758 759 2914
f 2914 759 2563
f 2914 2563 2912
f 2912 2563 2564
f 2912 2564 2913
f 2913 2564 2565
f 2913 2565 2916
f 2916 2565 2566
f 2916 2566 2915
f 2915 2566 2567
f 2915 2567 746
f 746 2567 747
f 745 2917 2918
f 2919 2917 745
f 743 2919 745
f 745 2920 731
f 2921 2920 745
f 2918 2921 745
f 743 744 2919
f 2919 744 2569
f 2919 2569 2917
f 2917 2569 2577
f 2917 2577 2918
f 2918 2577 2575
f 2918 2575 2921
f 2921 2575 2574
f 2921 2574 2920
f 2920 2574 2573
f 2920 2573 731
f 731 2573 732
f 730 2922 2923
f 2924 2922 730
f 728 2924 730
f 730 2925 716
f 2926 2925 730
f 2923 2926 730
f 728 729 2924
f 2924 729 2568
f 2924 2568 2922
f 2922 2568 2559
f 2922 2559 2923
f 2923 2559 2560
f 2923 2560 2926
f 2926 2560 2561
f 2926 2561 2925
f 2925 2561 2562
f 2925 2562 716
f 716 2562 717
f 715 2927 2928
f 2929 2927 715
f 713 2929 715
f 715 2930 701
f 2931 2930 715
f 2928 2931 715
f 713 714 2929
f 2929 714 2572
f 2929 2572 2927
f 2927 2572 2571
f 2927 2571 2928
f 2928 2571 2570
f 2928 2570 2931
f 2931 2570 2579
f 2931 2579 2930
f 2930 2579 2578
f 2930 2578 701
f 701 2578 702
f 678 700 681
f 681 700 2591
f 681 2591 679
f 679 2591 2590
f 679 2590 680
f 680 2590 2589
f 680 2589 688
f 688 2589 2585
f 688 2585 687
f 687 2585 2584
f 687 2584 685
f 685 2584 2592
f 685 2592 686
f 686 2592 2593
f 686 2593 682
f 682 2593 692
f 2932 2933 2934
f 2932 2934 2935
f 2936 2935 2934
f 2937 2936 2934
f 2938 2937 2934
f 2939 2938 2934
f 2940 2941 2942
f 2943 2944 2945
f 2942 2941 2943
f 2946 2943 2941
f 2946 2941 2947
f 2947 2941 2940
f 2947 2940 2948
f 2949 2943 2946
f 2950 2951 2952
f 2952 2951 2945
f 2952 2945 2953
f 2953 2945 2944
f 2953 2944 2954
f 2949 2946 2955
f 2955 2946 2947
f 2955 2947 2956
f 2956 2947 2948
f 2956 2948 2957
f 2958 2950 2959
f 2959 2950 2952
f 2959 2952 2960
f 2960 2952 2953
f 2960 2953 2961
f 2961 2953 2954
f 2961 2954 2962
f 2963 2958 2964
f 2964 2958 2959
f 2964 2959 2965
f 2965 2959 2960
f 2965 2960 2966
f 2966 2960 2961
f 2966 2961 2967
f 2967 2961 2962
f 2967 2962 2968
f 2939 2963 2938
f 2938 2963 2964
f 2938 2964 2937
f 2937 2964 2965
f 2937 2965 2936
f 2936 2965 2966
f 2936 2966 2935
f 2935 2966 2967
f 2935 2967 2932
f 2932 2967 2968
f 2932 2968 2933
f 2951 2943 2945
f 2939 2957 2963
f 2963 2957 2948
f 2963 2948 2958
f 2958 2948 2940
f 2958 2940 2950
f 2950 2940 2942
f 2950 2942 2951
f 2951 2942 2943
f 2969 2970 2971
f 2969 2971 2972
f 2973 2972 2971
f 2974 2973 2971
f 2975 2974 2971
f 2976 2975 2971
f 2977 2978 2979
f 2980 2981 2982
f 2979 2978 2980
f 2983 2980 2978
f 2983 2978 2984
f 2984 2978 2977
f 2984 2977 2985
f 2986 2980 2983
f 2987 2988 2989
f 2989 2988 2982
f 2989 2982 2990
f 2990 2982 2981
f 2990 2981 2991
f 2986 2983 2992
f 2992 2983 2984
f 2992 2984 2993
f 2993 2984 2985
f 2993 2985 2994
f 2995 2987 2996
f 2996 2987 2989
f 2996 2989 2997
f 2997 2989 2990
f 2997 2990 2998
f 2998 2990 2991
f 2998 2991 2999
f 3000 2995 3001
f 3001 2995 2996
f 3001 2996 3002
f 3002 2996 2997
f 3002 2997 3003
f 3003 2997 2998
f 3003 2998 3004
f 3004 2998 2999
f 3004 2999 3005
f 2976 3000 2975
f 2975 3000 3001
f 2975 3001 2974
f 2974 3001 3002
f 2974 3002 2973
f 2973 3002 3003
f 2973 3003 2972
f 2972 3003 3004
f 2972 3004 2969
f 2969 3004 3005
f 2969 3005 2970
f 2988 2980 2982
f 2976 2994 3000
f 3000 2994 2985
f 3000 2985 2995
f 2995 2985 2977
f 2995 2977 2987
f 2987 2977 2979
f 2987 2979 2988
f 2988 2979 2980
f 3006 3007 3008
f 3006 3008 3009
f 3010 3009 3008
f 3011 3010 3008
f 3012 3011 3008
f 3013 3012 3008
f 3014 3015 3016
f 3017 3018 3019
f 3016 3015 3017
f 3020 3017 3015
f 3020 3015 3021
f 3021 3015 3014
f 3021 3014 3022
f 3023 3017 3020
f 3024 3025 3026
f 3026 3025 3019
f 3026 3019 3027
f 3027 3019 3018
f 3027 3018 3028
f 3023 3020 3029
f 3029 3020 3021
f 3029 3021 3030
f 3030 3021 3022
f 3030 3022 3031
f 3032 3024 3033
f 3033 3024 3026
f 3033 3026 3034
f 3034 3026 3027
f 3034 3027 3035
f 3035 3027 3028
f 3035 3028 3036
f 3037 3032 3038
f 3038 3032 3033
f 3038 3033 3039
f 3039 3033 3034
f 3039 3034 3040
f 3040 3034 3035
f 3040 3035 3041
f 3041 3035 3036
f 3041 3036 3042
f 3013 3037 3012
f 3012 3037 3038
f 3012 3038 3011
f 3011 3038 3039
f 3011 3039 3010
f 3010 3039 3040
f 3010 3040 3009
f 3009 3040 3041
f 3009 3041 3006
f 3006 3041 3042
f 3006 3042 3007
f 3025 3017 3019
f 3013 3031 3037
f 3037 3031 3022
f 3037 3022 3032
f 3032 3022 3014
f 3032 3014 3024
f 3024 3014 3016
f 3024 3016 3025
f 3025 3016 3017
f 3043 3044 3045
f 3043 3045 3046
f 3047 3046 3045
f 3048 3047 3045
f 3049 3048 3045
f 3050 3049 3045
f 3051 3052 3053
f 3054 3055 3056
f 3053 3052 3054
f 3057 3054 3052
f 3057 3052 3058
f 3058 3052 3051
f 3058 3051 3059
f 3060 3054 3057
f 3061 3062 3063
f 3063 3062 3056
f 3063 3056 3064
f 3064 3056 3055
f 3064 3055 3065
f 3060 3057 3066
f 3066 3057 3058
f 3066 3058 3067
f 3067 3058 3059
f 3067 3059 3068
f 3069 3061 3070
f 3070 3061 3063
f 3070 3063 3071
f 3071 3063 3064
f 3071 3064 3072
f 3072 3064 3065
f 3072 3065 3073
f 3074 3069 3075
f 3075 3069 3070
f 3075 3070 3076
f 3076 3070 3071
f 3076 3071 3077
f 3077 3071 3072
f 3077 3072 3078
f 3078 3072 3073
f 3078 3073 3079
f 3050 3074 3049
f 3049 3074 3075
f 3049 3075 3048
f 3048 3075 3076
f 3048 3076 3047
f 3047 3076 3077
f 3047 3077 3046
f 3046 3077 3078
f 3046 3078 3043
f 3043 3078 3079
f 3043 3079 3044
f 3062 3054 3056
f 3050 3068 3074
f 3074 3068 3059
f 3074 3059 3069
f 3069 3059 3051
f 3069 3051 3061
f 3061 3051 3053
f 3061 3053 3062
f 3062 3053 3054
f 3080 3081 3082
f 3080 3082 3083
f 3084 3083 3082
f 3085 3084 3082
f 3086 3085 3082
f 3087 3086 3082
f 3088 3089 3090
f 3091 3092 3093
f 3090 3089 3091
f 3094 3091 3089
f 3094 3089 3095
f 3095 3089 3088
f 3095 3088 3096
f 3097 3091 3094
f 3098 3099 3100
f 3100 3099 3093
f 3100 3093 3101
f 3101 3093 3092
f 3101 3092 3102
f 3097 3094 3103
f 3103 3094 3095
f 3103 3095 3104
f 3104 3095 3096
f 3104 3096 3105
f 3106 3098 3107
f 3107 3098 3100
f 3107 3100 3108
f 3108 3100 3101
f 3108 3101 3109
f 3109 3101 3102
f 3109 3102 3110
f 3111 3106 3112
f 3112 3106 3107
f 3112 3107 3113
f 3113 3107 3108
f 3113 3108 3114
f 3114 3108 3109
f 3114 3109 3115
f 3115 3109 3110
f 3115 3110 3116
f 3087 3111 3086
f 3086 3111 3112
f 3086 3112 3085
f 3085 3112 3113
f 3085 3113 3084
f 3084 3113 3114
f 3084 3114 3083
f 3083 3114 3115
f 3083 3115 3080
f 3080 3115 3116
f 3080 3116 3081
f 3099 3091 3093
f 3087 3105 3111
f 3111 3105 3096
f 3111 3096 3106
f 3106 3096 3088
f 3106 3088 3098
f 3098 3088 3090
f 3098 3090 3099
f 3099 3090 3091
f 3110 3117 3118
f 3110 3118 3116
f 3116 3118 3119
f 3116 3119 3081
f 3081 3119 3120
f 3081 3120 3082
f 3082 3120 3121
f 3082 3121 3087
f 3087 3121 3122
f 3087 3122 3105
f 3105 3122 3123
f 3105 3123 3104
f 2999 3124 3125
f 2999 3125 3005
f 3005 3125 3126
f 3005 3126 2970
f 2970 3126 3127
f 2970 3127 2971
f 2971 3127 3128
f 2971 3128 2976
f 2976 3128 3129
f 2976 3129 2994
f 2994 3129 3130
f 2994 3130 2993
f 3073 3131 3132
f 3073 3132 3079
f 3079 3132 3133
f 3079 3133 3044
f 3044 3133 3134
f 3044 3134 3045
f 3045 3134 3135
f 3045 3135 3050
f 3050 3135 3136
f 3050 3136 3068
f 3068 3136 3137
f 3068 3137 3067
f 2962 3138 3139
f 2962 3139 2968
f 2968 3139 3140
f 2968 3140 2933
f 2933 3140 3141
f 2933 3141 2934
f 2934 3141 3142
f 2934 3142 2939
f 2939 3142 3143
f 2939 3143 2957
f 2957 3143 3144
f 2957 3144 2956
f 3036 3145 3146
f 3036 3146 3042
f 3042 3146 3147
f 3042 3147 3007
f 3007 3147 3148
f 3007 3148 3008
f 3008 3148 3149
f 3008 3149 3013
f 3013 3149 3150
f 3013 3150 3031
f 3031 3150 3151
f 3031 3151 3030
f 3152 3153 3154
f 3154 3153 3155
f 3156 3157 3152
f 3152 3157 3153
f 3158 3159 3160
f 3160 3159 3161
f 3162 3163 3158
f 3158 3163 3159
f 3164 3165 3166
f 3166 3165 3167
f 3166 3167 3168
f 3168 3167 3169
f 3170 3171 3172
f 3172 3171 3173
f 3174 3175 3170
f 3170 3175 3171
f 3176 3177 3178
f 3178 3177 3179
f 3178 3179 3180
f 3180 3179 3181
f 3182 3183 3184
f 3184 3183 3185
f 3186 3187 3182
f 3182 3187 3183
f 3188 3189 3190
f 3190 3189 3191
f 3190 3191 3192
f 3192 3191 3193
f 3194 3195 3196
f 3196 3195 3197
f 3198 3199 3194
f 3194 3199 3195
f 3200 3201 3202
f 3202 3201 3203
f 3204 3205 3200
f 3200 3205 3201
f 3206 3207 3208
f 3208 3207 3209
f 3208 3209 3210
f 3210 3209 3211
f 3212 3213 3214
f 3214 3213 3215
f 3216 3217 3212
f 3212 3217 3213
f 3218 3219 3220
f 3220 3219 3221
f 3220 3221 3222
f 3222 3221 3223
f 3224 3225 3226
f 3226 3225 3227
f 3228 3229 3224
f 3224 3229 3225
f 3230 3231 3232
f 3232 3231 3233
f 3232 3233 3234
f 3234 3233 3235
f 3236 3237 3238
f 3238 3237 3239
f 3238 3239 3240
f 3240 3239 3241
f 3242 3243 3244
f 3244 3243 3245
f 3246 3247 3242
f 3242 3247 3243
f 3248 3249 3250
f 3250 3249 3251
f 3252 3253 3248
f 3248 3253 3249
f 3254 3255 3256
f 3256 3255 3257
f 3258 3259 3254
f 3254 3259 3255
f 3260 3261 3262
f 3262 3261 3263
f 3262 3263 3264
f 3264 3263 3265
f 3266 3267 3268
f 3268 3267 3269
f 3268 3269 3270
f 3270 3269 3271
f 3272 3273 3274
f 3272 3274 3275
f 3275 3274 3276
f 3275 3276 3277
f 3277 3276 3278
f 3277 3278 3279
f 3279 3278 3280
f 3279 3280 3281
f 3281 3280 3282
f 3281 3282 3283
f 3283 3282 3284
f 3283 3284 3285
f 3286 3285 3287
f 3287 3285 3284
f 3288 3273 3289
f 3289 3273 3272
f 3290 3291 3292
f 3291 3293 3294
f 3293 3295 3296
f 3295 3297 3298
f 3295 3298 3296
f 3296 3298 3299
f 3296 3299 3300
f 3300 3299 3301
f 3300 3301 3302
f 3302 3301 3303
f 3302 3303 3304
f 3304 3303 3305
f 3304 3305 3306
f 3306 3305 3307
f 3306 3307 3308
f 3308 3307 3309
f 3308 3309 3310
f 3310 3309 3311
f 3310 3311 3312
f 3312 3311 3313
f 3312 3313 3314
f 3314 3313 3315
f 3314 3315 3316
f 3316 3315 3317
f 3316 3317 3318
f 3318 3317 3319
f 3318 3319 3320
f 3320 3319 3321
f 3320 3321 3322
f 3293 3296 3294
f 3294 3296 3300
f 3294 3300 3323
f 3323 3300 3302
f 3323 3302 3324
f 3324 3302 3304
f 3324 3304 3325
f 3325 3304 3306
f 3325 3306 3326
f 3326 3306 3308
f 3326 3308 3327
f 3327 3308 3310
f 3327 3310 3328
f 3328 3310 3312
f 3328 3312 3329
f 3329 3312 3314
f 3329 3314 3330
f 3330 3314 3316
f 3330 3316 3331
f 3331 3316 3318
f 3331 3318 3332
f 3332 3318 3320
f 3332 3320 3333
f 3333 3320 3322
f 3333 3322 3334
f 3291 3294 3292
f 3292 3294 3323
f 3292 3323 3335
f 3335 3323 3324
f 3335 3324 3336
f 3336 3324 3325
f 3336 3325 3337
f 3337 3325 3326
f 3337 3326 3338
f 3338 3326 3327
f 3338 3327 3339
f 3339 3327 3328
f 3339 3328 3340
f 3340 3328 3329
f 3340 3329 3341
f 3341 3329 3330
f 3341 3330 3342
f 3342 3330 3331
f 3342 3331 3343
f 3343 3331 3332
f 3343 3332 3344
f 3344 3332 3333
f 3344 3333 3345
f 3345 3333 3334
f 3345 3334 3346
f 3290 3292 3347
f 3347 3292 3335
f 3347 3335 3348
f 3348 3335 3336
f 3348 3336 3349
f 3349 3336 3337
f 3349 3337 3350
f 3350 3337 3338
f 3350 3338 3351
f 3351 3338 3339
f 3351 3339 3352
f 3352 3339 3340
f 3352 3340 3353
f 3353 3340 3341
f 3353 3341 3354
f 3354 3341 3342
f 3354 3342 3355
f 3355 3342 3343
f 3355 3343 3356
f 3356 3343 3344
f 3356 3344 3357
f 3357 3344 3345
f 3357 3345 3358
f 3358 3345 3346
f 3358 3346 3359
f 3281 3283 3285
f 3289 3272 3285
f 3285 3286 3289
f 3289 3286 3360
f 3289 3360 3361
f 3361 3360 3362
f 3361 3362 3363
f 3363 3362 3364
f 3363 3364 3365
f 3365 3364 3366
f 3365 3366 3367
f 3367 3366 3368
f 3367 3368 3369
f 3369 3368 3370
f 3369 3370 3371
f 3371 3370 3372
f 3371 3372 3373
f 3373 3372 3374
f 3373 3374 3375
f 3279 3281 3277
f 3277 3281 3285
f 3277 3285 3275
f 3275 3285 3272
f 3374 3376 3375
f 3375 3376 3377
f 3375 3377 3378
f 3378 3377 3379
f 3378 3379 3380
f 3380 3379 3381
f 3380 3381 3382
f 3382 3381 3383
f 3382 3383 3384
f 3384 3383 3385
f 3384 3385 3386
f 3386 3385 3387
f 3386 3387 3388
f 3388 3387 3389
f 3388 3389 3390
f 3390 3389 3391
f 3390 3391 3286
f 3286 3391 3392
f 3286 3392 3360
f 3393 3368 3366
f 3393 3366 3394
f 3394 3366 3364
f 3394 3364 3395
f 3395 3364 3362
f 3395 3362 3396
f 3396 3362 3360
f 3396 3360 3397
f 3397 3360 3392
f 3397 3392 3398
f 3398 3392 3391
f 3398 3391 3399
f 3399 3391 3389
f 3399 3389 3400
f 3400 3389 3387
f 3400 3387 3401
f 3401 3387 3385
f 3401 3385 3402
f 3403 3404 3405
f 3405 3404 3406
f 3405 3406 3407
f 3407 3406 3408
f 3407 3408 3409
f 3409 3408 3410
f 3409 3410 3411
f 3411 3410 3412
f 3411 3412 3413
f 3413 3412 3414
f 3413 3414 3415
f 3415 3414 3416
f 3415 3416 3402
f 3402 3416 3417
f 3402 3417 3401
f 3401 3417 3418
f 3401 3418 3400
f 3400 3418 3419
f 3400 3419 3399
f 3399 3419 3420
f 3399 3420 3398
f 3398 3420 3421
f 3398 3421 3397
f 3397 3421 3422
f 3397 3422 3396
f 3396 3422 3423
f 3396 3423 3395
f 3395 3423 3424
f 3395 3424 3394
f 3394 3424 3425
f 3394 3425 3393
f 3393 3425 3426
f 3393 3426 3427
f 3427 3426 3428
f 3427 3428 3403
f 3403 3428 3404
f 3429 3426 3425
f 3429 3425 3430
f 3430 3425 3424
f 3430 3424 3431
f 3431 3424 3423
f 3431 3423 3432
f 3432 3423 3422
f 3432 3422 3433
f 3433 3422 3421
f 3433 3421 3434
f 3434 3421 3420
f 3434 3420 3435
f 3435 3420 3419
f 3435 3419 3436
f 3436 3419 3418
f 3436 3418 3437
f 3437 3418 3417
f 3437 3417 3438
f 3439 3440 3441
f 3441 3440 3442
f 3441 3442 3443
f 3443 3442 3444
f 3443 3444 3445
f 3445 3444 3446
f 3445 3446 3447
f 3447 3446 3448
f 3447 3448 3449
f 3449 3448 3450
f 3449 3450 3451
f 3451 3450 3452
f 3451 3452 3438
f 3438 3452 3453
f 3438 3453 3437
f 3437 3453 3454
f 3437 3454 3436
f 3436 3454 3455
f 3436 3455 3435
f 3435 3455 3456
f 3435 3456 3434
f 3434 3456 3457
f 3434 3457 3433
f 3433 3457 3458
f 3433 3458 3432
f 3432 3458 3459
f 3432 3459 3431
f 3431 3459 3460
f 3431 3460 3430
f 3430 3460 3461
f 3430 3461 3429
f 3429 3461 3462
f 3429 3462 3463
f 3463 3462 3464
f 3463 3464 3439
f 3439 3464 3440
f 3465 3462 3461
f 3465 3461 3466
f 3466 3461 3460
f 3466 3460 3467
f 3467 3460 3459
f 3467 3459 3468
f 3468 3459 3458
f 3468 3458 3469
f 3469 3458 3457
f 3469 3457 3470
f 3470 3457 3456
f 3470 3456 3471
f 3471 3456 3455
f 3471 3455 3472
f 3472 3455 3454
f 3472 3454 3473
f 3473 3454 3453
f 3473 3453 3474
f 3473 3475 3472
f 3472 3475 3476
f 3472 3476 3471
f 3477 3478 3479
f 3479 3478 3480
f 3479 3480 3481
f 3466 3482 3465
f 3465 3482 3483
f 3465 3483 3477
f 3477 3483 3484
f 3477 3484 3478
f 3468 3485 3467
f 3467 3485 3486
f 3467 3486 3466
f 3466 3486 3487
f 3466 3487 3482
f 3469 3488 3468
f 3468 3488 3489
f 3468 3489 3485
f 3476 3490 3471
f 3471 3490 3491
f 3471 3491 3470
f 3470 3491 3492
f 3470 3492 3469
f 3469 3492 3493
f 3469 3493 3488
f 3494 3495 3474
f 3474 3495 3496
f 3474 3496 3473
f 3473 3496 3497
f 3473 3497 3475
f 3498 3499 3500
f 3500 3501 3498
f 3498 3501 3502
f 3498 3502 3503
f 3503 3502 3504
f 3503 3504 3494
f 3494 3504 3505
f 3494 3505 3495
f 3480 3506 3481
f 3481 3506 3507
f 3481 3507 3508
f 3508 3507 3509
f 3508 3509 3499
f 3499 3509 3510
f 3499 3510 3500
f 3511 3512 3513
f 3512 3514 3515
f 3514 3483 3482
f 3514 3482 3515
f 3515 3482 3487
f 3515 3487 3516
f 3516 3487 3486
f 3516 3486 3517
f 3517 3486 3485
f 3517 3485 3518
f 3518 3485 3489
f 3518 3489 3519
f 3519 3489 3488
f 3519 3488 3520
f 3520 3488 3493
f 3520 3493 3521
f 3521 3493 3492
f 3521 3492 3522
f 3522 3492 3491
f 3522 3491 3523
f 3523 3491 3490
f 3523 3490 3524
f 3524 3490 3476
f 3524 3476 3525
f 3525 3476 3475
f 3525 3475 3526
f 3526 3475 3497
f 3526 3497 3527
f 3527 3497 3496
f 3527 3496 3528
f 3512 3515 3513
f 3513 3515 3516
f 3513 3516 3529
f 3529 3516 3517
f 3529 3517 3530
f 3530 3517 3518
f 3530 3518 3531
f 3531 3518 3519
f 3531 3519 3532
f 3532 3519 3520
f 3532 3520 3533
f 3533 3520 3521
f 3533 3521 3534
f 3534 3521 3522
f 3534 3522 3535
f 3535 3522 3523
f 3535 3523 3536
f 3536 3523 3524
f 3536 3524 3537
f 3537 3524 3525
f 3537 3525 3538
f 3538 3525 3526
f 3538 3526 3539
f 3539 3526 3527
f 3539 3527 3540
f 3540 3527 3528
f 3540 3528 3541
f 3511 3513 3542
f 3542 3513 3529
f 3542 3529 3543
f 3543 3529 3530
f 3543 3530 3544
f 3544 3530 3531
f 3544 3531 3545
f 3545 3531 3532
f 3545 3532 3546
f 3546 3532 3533
f 3546 3533 3547
f 3547 3533 3534
f 3547 3534 3548
f 3548 3534 3535
f 3548 3535 3549
f 3549 3535 3536
f 3549 3536 3550
f 3550 3536 3537
f 3550 3537 3551
f 3551 3537 3538
f 3551 3538 3552
f 3552 3538 3539
f 3552 3539 3553
f 3553 3539 3540
f 3553 3540 3554
f 3554 3540 3541
f 3554 3541 3555
f 3542 3556 3511
f 3511 3556 3248
f 3511 3248 3557
f 3558 3559 3555
f 3555 3559 3182
f 3555 3182 3554
f 3182 3560 3554
f 3554 3560 3178
f 3554 3178 3553
f 3553 3178 3561
f 3553 3561 3552
f 3562 3563 3564
f 3564 3563 3194
f 3564 3194 3565
f 3565 3194 3566
f 3565 3566 3558
f 3558 3566 3190
f 3558 3190 3559
f 3567 3200 3568
f 3568 3200 3569
f 3568 3569 3562
f 3562 3569 3208
f 3562 3208 3563
f 3570 3262 3571
f 3571 3262 3572
f 3571 3572 3573
f 3545 3574 3544
f 3544 3574 3224
f 3544 3224 3543
f 3543 3224 3575
f 3543 3575 3542
f 3542 3575 3232
f 3542 3232 3556
f 3549 3576 3548
f 3548 3576 3254
f 3548 3254 3547
f 3572 3152 3573
f 3573 3152 3577
f 3573 3577 3578
f 3578 3577 3268
f 3578 3268 3567
f 3567 3268 3579
f 3567 3579 3200
f 3254 3580 3547
f 3547 3580 3212
f 3547 3212 3546
f 3546 3212 3581
f 3546 3581 3545
f 3545 3581 3220
f 3545 3220 3574
f 3561 3170 3552
f 3552 3170 3582
f 3552 3582 3551
f 3551 3582 3166
f 3551 3166 3550
f 3550 3166 3583
f 3550 3583 3549
f 3549 3583 3158
f 3549 3158 3576
f 3248 3584 3557
f 3557 3584 3238
f 3557 3238 3585
f 3585 3238 3586
f 3585 3586 3587
f 3587 3586 3242
f 3587 3242 3570
f 3570 3242 3588
f 3570 3588 3262
f 3589 3590 3591
f 3591 3590 3183
f 3591 3183 3592
f 3593 3171 3594
f 3594 3171 3595
f 3594 3595 3589
f 3589 3595 3179
f 3589 3179 3590
f 3596 3159 3597
f 3597 3159 3598
f 3597 3598 3599
f 3599 3598 3167
f 3599 3167 3593
f 3593 3167 3600
f 3593 3600 3171
f 3601 3602 3603
f 3603 3602 3255
f 3603 3255 3596
f 3596 3255 3604
f 3596 3604 3159
f 3605 3221 3606
f 3606 3221 3607
f 3606 3607 3601
f 3601 3607 3213
f 3601 3213 3602
f 3183 3608 3592
f 3592 3608 3191
f 3592 3191 3609
f 3609 3191 3610
f 3609 3610 3611
f 3611 3610 3195
f 3611 3195 3612
f 3613 3614 3615
f 3615 3614 3249
f 3615 3249 3616
f 3617 3243 3618
f 3618 3243 3619
f 3618 3619 3613
f 3613 3619 3239
f 3613 3239 3614
f 3620 3153 3621
f 3621 3153 3622
f 3621 3622 3623
f 3623 3622 3263
f 3623 3263 3617
f 3617 3263 3624
f 3617 3624 3243
f 3625 3626 3627
f 3627 3626 3269
f 3627 3269 3620
f 3620 3269 3628
f 3620 3628 3153
f 3249 3629 3616
f 3616 3629 3233
f 3616 3233 3630
f 3630 3233 3631
f 3630 3631 3632
f 3632 3631 3225
f 3632 3225 3605
f 3605 3225 3633
f 3605 3633 3221
f 3195 3634 3612
f 3612 3634 3209
f 3612 3209 3635
f 3635 3209 3636
f 3635 3636 3625
f 3625 3636 3201
f 3625 3201 3626
f 3637 3638 3639
f 3638 3640 3641
f 3640 3615 3616
f 3640 3616 3641
f 3641 3616 3630
f 3641 3630 3642
f 3642 3630 3632
f 3642 3632 3643
f 3643 3632 3605
f 3643 3605 3644
f 3644 3605 3606
f 3644 3606 3645
f 3645 3606 3601
f 3645 3601 3646
f 3646 3601 3603
f 3646 3603 3647
f 3647 3603 3596
f 3647 3596 3648
f 3648 3596 3597
f 3648 3597 3649
f 3649 3597 3599
f 3649 3599 3650
f 3650 3599 3593
f 3650 3593 3651
f 3651 3593 3594
f 3651 3594 3652
f 3652 3594 3589
f 3652 3589 3653
f 3653 3589 3591
f 3653 3591 3654
f 3638 3641 3639
f 3639 3641 3642
f 3639 3642 3655
f 3655 3642 3643
f 3655 3643 3656
f 3656 3643 3644
f 3656 3644 3657
f 3657 3644 3645
f 3657 3645 3658
f 3658 3645 3646
f 3658 3646 3659
f 3659 3646 3647
f 3659 3647 3660
f 3660 3647 3648
f 3660 3648 3661
f 3661 3648 3649
f 3661 3649 3662
f 3662 3649 3650
f 3662 3650 3663
f 3663 3650 3651
f 3663 3651 3664
f 3664 3651 3652
f 3664 3652 3665
f 3665 3652 3653
f 3665 3653 3666
f 3666 3653 3654
f 3666 3654 3667
f 3637 3639 3668
f 3668 3639 3655
f 3668 3655 3669
f 3669 3655 3656
f 3669 3656 3670
f 3670 3656 3657
f 3670 3657 3671
f 3671 3657 3658
f 3671 3658 3672
f 3672 3658 3659
f 3672 3659 3673
f 3673 3659 3660
f 3673 3660 3674
f 3674 3660 3661
f 3674 3661 3675
f 3675 3661 3662
f 3675 3662 3676
f 3676 3662 3663
f 3676 3663 3677
f 3677 3663 3664
f 3677 3664 3678
f 3678 3664 3665
f 3678 3665 3679
f 3679 3665 3666
f 3679 3666 3680
f 3680 3666 3667
f 3680 3667 3681
f 3682 3683 3680
f 3684 3678 3683
f 3683 3678 3679
f 3683 3679 3680
f 3685 3675 3686
f 3686 3675 3676
f 3686 3676 3684
f 3684 3676 3677
f 3684 3677 3678
f 3687 3688 3671
f 3671 3672 3687
f 3687 3672 3673
f 3687 3673 3685
f 3685 3673 3674
f 3685 3674 3675
f 3689 3668 3690
f 3690 3668 3669
f 3690 3669 3688
f 3688 3669 3670
f 3688 3670 3671
f 3691 3692 3693
f 3680 3681 3682
f 3682 3681 3694
f 3682 3694 3695
f 3695 3694 3696
f 3695 3696 3692
f 3692 3696 3697
f 3692 3697 3693
f 3698 3699 3689
f 3689 3699 3637
f 3689 3637 3668
f 3700 3701 3698
f 3698 3701 3702
f 3698 3702 3699
f 3703 3704 3705
f 3705 3704 3706
f 3705 3706 3700
f 3700 3706 3707
f 3700 3707 3701
f 3693 3708 3691
f 3691 3708 3709
f 3691 3709 3703
f 3703 3709 3710
f 3703 3710 3704
f 3711 3689 3690
f 3711 3690 3712
f 3712 3690 3688
f 3712 3688 3713
f 3713 3688 3687
f 3713 3687 3714
f 3714 3687 3685
f 3714 3685 3715
f 3715 3685 3686
f 3715 3686 3716
f 3716 3686 3684
f 3716 3684 3717
f 3717 3684 3683
f 3717 3683 3718
f 3718 3683 3682
f 3718 3682 3719
f 3720 3721 3722
f 3711 3712 3723
f 3719 3724 3718
f 3718 3724 3725
f 3718 3725 3717
f 3726 3727 3722
f 3722 3727 3728
f 3722 3728 3720
f 3729 3730 3731
f 3731 3730 3732
f 3731 3732 3726
f 3726 3732 3733
f 3726 3733 3727
f 3723 3734 3711
f 3711 3734 3735
f 3711 3735 3729
f 3729 3735 3736
f 3729 3736 3730
f 3713 3737 3712
f 3712 3737 3738
f 3712 3738 3723
f 3725 3739 3717
f 3717 3739 3740
f 3717 3740 3716
f 3720 3741 3721
f 3721 3741 3742
f 3721 3742 3743
f 3743 3742 3744
f 3743 3744 3745
f 3715 3746 3714
f 3714 3746 3747
f 3714 3747 3713
f 3713 3747 3748
f 3713 3748 3737
f 3740 3749 3716
f 3716 3749 3750
f 3716 3750 3715
f 3715 3750 3751
f 3715 3751 3746
f 3744 3752 3745
f 3745 3752 3753
f 3745 3753 3719
f 3719 3753 3754
f 3719 3754 3724
f 3755 3756 3757
f 3756 3758 3759
f 3758 3734 3723
f 3758 3723 3759
f 3759 3723 3738
f 3759 3738 3760
f 3760 3738 3737
f 3760 3737 3761
f 3761 3737 3748
f 3761 3748 3762
f 3762 3748 3747
f 3762 3747 3763
f 3763 3747 3746
f 3763 3746 3764
f 3764 3746 3751
f 3764 3751 3765
f 3765 3751 3750
f 3765 3750 3766
f 3766 3750 3749
f 3766 3749 3767
f 3767 3749 3740
f 3767 3740 3768
f 3768 3740 3739
f 3768 3739 3769
f 3769 3739 3725
f 3769 3725 3770
f 3770 3725 3724
f 3770 3724 3771
f 3771 3724 3754
f 3771 3754 3772
f 3756 3759 3757
f 3757 3759 3760
f 3757 3760 3773
f 3773 3760 3761
f 3773 3761 3774
f 3774 3761 3762
f 3774 3762 3775
f 3775 3762 3763
f 3775 3763 3776
f 3776 3763 3764
f 3776 3764 3777
f 3777 3764 3765
f 3777 3765 3778
f 3778 3765 3766
f 3778 3766 3779
f 3779 3766 3767
f 3779 3767 3780
f 3780 3767 3768
f 3780 3768 3781
f 3781 3768 3769
f 3781 3769 3782
f 3782 3769 3770
f 3782 3770 3783
f 3783 3770 3771
f 3783 3771 3784
f 3784 3771 3772
f 3784 3772 3785
f 3755 3757 3786
f 3786 3757 3773
f 3786 3773 3787
f 3787 3773 3774
f 3787 3774 3788
f 3788 3774 3775
f 3788 3775 3789
f 3789 3775 3776
f 3789 3776 3790
f 3790 3776 3777
f 3790 3777 3791
f 3791 3777 3778
f 3791 3778 3792
f 3792 3778 3779
f 3792 3779 3793
f 3793 3779 3780
f 3793 3780 3794
f 3794 3780 3781
f 3794 3781 3795
f 3795 3781 3782
f 3795 3782 3796
f 3796 3782 3783
f 3796 3783 3797
f 3797 3783 3784
f 3797 3784 3798
f 3798 3784 3785
f 3798 3785 3799
f 3800 3801 3802
f 3802 3801 3803
f 3802 3803 3804
f 3804 3803 3805
f 3804 3805 3806
f 3806 3805 3807
f 3806 3807 3808
f 3808 3807 3809
f 3808 3809 3810
f 3810 3809 3811
f 3810 3811 3812
f 3812 3811 3813
f 3812 3813 3814
f 3814 3813 3815
f 3814 3815 3816
f 3816 3815 3817
f 3816 3817 3818
f 3818 3817 3819
f 3818 3819 3820
f 3820 3819 3821
f 3820 3821 3822
f 3822 3821 3823
f 3822 3823 3824
f 3824 3823 3825
f 3824 3825 3826
f 3826 3825 3827
f 3801 3828 3803
f 3803 3828 3829
f 3803 3829 3805
f 3805 3829 3830
f 3805 3830 3807
f 3807 3830 3831
f 3807 3831 3809
f 3809 3831 3832
f 3809 3832 3811
f 3811 3832 3833
f 3811 3833 3813
f 3813 3833 3834
f 3813 3834 3815
f 3815 3834 3835
f 3815 3835 3817
f 3817 3835 3836
f 3817 3836 3819
f 3819 3836 3837
f 3819 3837 3821
f 3821 3837 3838
f 3821 3838 3823
f 3823 3838 3839
f 3823 3839 3825
f 3825 3839 3840
f 3825 3840 3827
f 3827 3840 3841
f 3828 3359 3829
f 3829 3359 3842
f 3829 3842 3830
f 3830 3842 3843
f 3830 3843 3831
f 3831 3843 3844
f 3831 3844 3832
f 3832 3844 3845
f 3832 3845 3833
f 3833 3845 3846
f 3833 3846 3834
f 3834 3846 3847
f 3834 3847 3835
f 3835 3847 3848
f 3835 3848 3836
f 3836 3848 3849
f 3836 3849 3837
f 3837 3849 3850
f 3837 3850 3838
f 3838 3850 3851
f 3838 3851 3839
f 3839 3851 3852
f 3839 3852 3840
f 3840 3852 3853
f 3840 3853 3841
f 3841 3853 3290
f 3854 3855 3298
f 3856 3301 3855
f 3855 3301 3299
f 3855 3299 3298
f 3857 3305 3856
f 3856 3305 3303
f 3856 3303 3301
f 3858 3311 3859
f 3859 3311 3309
f 3859 3309 3857
f 3857 3309 3307
f 3857 3307 3305
f 3860 3315 3858
f 3858 3315 3313
f 3858 3313 3311
f 3861 3319 3860
f 3860 3319 3317
f 3860 3317 3315
f 3862 3863 3861
f 3861 3863 3321
f 3861 3321 3319
f 3864 3865 3862
f 3862 3865 3866
f 3862 3866 3863
f 3867 3868 3864
f 3864 3868 3869
f 3864 3869 3865
f 3870 3871 3872
f 3872 3871 3873
f 3872 3873 3867
f 3867 3873 3874
f 3867 3874 3868
f 3875 3876 3870
f 3870 3876 3877
f 3870 3877 3871
f 3298 3297 3854
f 3854 3297 3878
f 3854 3878 3875
f 3875 3878 3879
f 3875 3879 3876
f 3880 3861 3860
f 3880 3860 3881
f 3881 3860 3858
f 3881 3858 3882
f 3882 3858 3859
f 3882 3859 3883
f 3883 3859 3857
f 3883 3857 3884
f 3884 3857 3856
f 3884 3856 3885
f 3885 3856 3855
f 3885 3855 3886
f 3886 3855 3854
f 3886 3854 3887
f 3883 3884 3882
f 3882 3884 3885
f 3882 3885 3886
f 3888 3880 3889
f 3889 3880 3881
f 3889 3881 3890
f 3890 3881 3891
f 3886 3887 3882
f 3882 3887 3892
f 3882 3892 3881
f 3881 3892 3893
f 3881 3893 3891
f 3288 3894 3273
f 3273 3894 3120
f 3273 3120 3119
f 3282 3895 3284
f 3284 3895 3896
f 3284 3896 3287
f 3118 3117 3895
f 3895 3117 3897
f 3282 3280 3895
f 3895 3280 3278
f 3895 3278 3118
f 3118 3278 3276
f 3118 3276 3119
f 3119 3276 3274
f 3119 3274 3273
f 3897 3898 3895
f 3895 3898 3899
f 3895 3899 3900
f 3899 3901 3900
f 3900 3901 3902
f 3900 3902 3903
f 3903 3902 3123
f 3903 3123 3904
f 3904 3123 3122
f 3904 3122 3894
f 3894 3122 3121
f 3894 3121 3120
f 3905 3133 3906
f 3906 3133 3132
f 3906 3132 3907
f 3907 3132 3131
f 3907 3131 3908
f 3908 3131 3909
f 3909 3910 3908
f 3908 3910 3911
f 3908 3911 3895
f 3895 3911 3912
f 3896 3135 3905
f 3905 3135 3134
f 3905 3134 3133
f 3912 3913 3895
f 3895 3913 3137
f 3895 3137 3896
f 3896 3137 3136
f 3896 3136 3135
f 3143 3895 3144
f 3144 3895 3914
f 3144 3914 3915
f 3143 3142 3895
f 3895 3142 3141
f 3895 3141 3908
f 3908 3141 3140
f 3908 3140 3916
f 3916 3140 3139
f 3916 3139 3917
f 3917 3139 3138
f 3917 3138 3918
f 3138 3919 3918
f 3918 3919 3920
f 3918 3920 3921
f 3921 3920 3922
f 3921 3922 3914
f 3914 3922 3923
f 3914 3923 3915
f 3924 3925 3926
f 3926 3925 3130
f 3926 3130 3927
f 3927 3151 3900
f 3900 3151 3150
f 3928 3151 3128
f 3128 3151 3927
f 3128 3927 3129
f 3129 3927 3130
f 3150 3149 3900
f 3900 3149 3148
f 3900 3148 3895
f 3895 3148 3147
f 3128 3127 3928
f 3928 3127 3126
f 3928 3126 3929
f 3929 3126 3125
f 3929 3125 3124
f 3930 3914 3145
f 3145 3914 3895
f 3145 3895 3146
f 3146 3895 3147
f 3931 3932 3124
f 3124 3932 3933
f 3124 3933 3929
f 3930 3932 3914
f 3914 3932 3931
f 3914 3931 3934
f 3934 3931 3935
f 3934 3935 3936
f 3936 3935 3937
f 3936 3937 3924
f 3924 3937 3938
f 3924 3938 3925
f 3288 3289 3894
f 3894 3289 3361
f 3894 3361 3904
f 3904 3361 3363
f 3904 3363 3903
f 3903 3363 3365
f 3903 3365 3900
f 3900 3365 3367
f 3900 3367 3927
f 3260 3262 3939
f 3939 3262 3588
f 3939 3588 3244
f 3244 3588 3242
f 3246 3242 3940
f 3940 3242 3586
f 3940 3586 3240
f 3240 3586 3238
f 3248 3250 3584
f 3584 3250 3941
f 3584 3941 3238
f 3238 3941 3236
f 3252 3248 3942
f 3942 3248 3556
f 3942 3556 3234
f 3234 3556 3232
f 3230 3232 3943
f 3943 3232 3575
f 3943 3575 3226
f 3226 3575 3224
f 3228 3224 3944
f 3944 3224 3574
f 3944 3574 3222
f 3222 3574 3220
f 3254 3256 3580
f 3580 3256 3945
f 3580 3945 3212
f 3212 3945 3216
f 3218 3220 3946
f 3946 3220 3581
f 3946 3581 3214
f 3214 3581 3212
f 3268 3270 3579
f 3579 3270 3947
f 3579 3947 3200
f 3200 3947 3204
f 3206 3208 3948
f 3948 3208 3569
f 3948 3569 3202
f 3202 3569 3200
f 3208 3210 3563
f 3563 3210 3949
f 3563 3949 3194
f 3194 3949 3198
f 3194 3196 3566
f 3566 3196 3950
f 3566 3950 3190
f 3190 3950 3188
f 3190 3192 3559
f 3559 3192 3951
f 3559 3951 3182
f 3182 3951 3186
f 3182 3184 3560
f 3560 3184 3952
f 3560 3952 3178
f 3178 3952 3176
f 3178 3180 3561
f 3561 3180 3953
f 3561 3953 3170
f 3170 3953 3174
f 3170 3172 3582
f 3582 3172 3954
f 3582 3954 3166
f 3166 3954 3164
f 3166 3168 3583
f 3583 3168 3955
f 3583 3955 3158
f 3158 3955 3162
f 3258 3254 3956
f 3956 3254 3576
f 3956 3576 3160
f 3160 3576 3158
f 3266 3268 3957
f 3957 3268 3577
f 3957 3577 3154
f 3154 3577 3152
f 3262 3264 3572
f 3572 3264 3958
f 3572 3958 3152
f 3152 3958 3156
f 3263 3261 3624
f 3624 3261 3959
f 3624 3959 3243
f 3243 3959 3245
f 3243 3247 3619
f 3619 3247 3960
f 3619 3960 3239
f 3239 3960 3241
f 3251 3249 3961
f 3961 3249 3614
f 3961 3614 3237
f 3237 3614 3239
f 3249 3253 3629
f 3629 3253 3962
f 3629 3962 3233
f 3233 3962 3235
f 3233 3231 3631
f 3631 3231 3963
f 3631 3963 3225
f 3225 3963 3227
f 3225 3229 3633
f 3633 3229 3964
f 3633 3964 3221
f 3221 3964 3223
f 3257 3255 3965
f 3965 3255 3602
f 3965 3602 3217
f 3217 3602 3213
f 3221 3219 3607
f 3607 3219 3966
f 3607 3966 3213
f 3213 3966 3215
f 3271 3269 3967
f 3967 3269 3626
f 3967 3626 3205
f 3205 3626 3201
f 3209 3207 3636
f 3636 3207 3968
f 3636 3968 3201
f 3201 3968 3203
f 3211 3209 3969
f 3969 3209 3634
f 3969 3634 3199
f 3199 3634 3195
f 3197 3195 3970
f 3970 3195 3610
f 3970 3610 3189
f 3189 3610 3191
f 3193 3191 3971
f 3971 3191 3608
f 3971 3608 3187
f 3187 3608 3183
f 3185 3183 3972
f 3972 3183 3590
f 3972 3590 3177
f 3177 3590 3179
f 3181 3179 3973
f 3973 3179 3595
f 3973 3595 3175
f 3175 3595 3171
f 3173 3171 3974
f 3974 3171 3600
f 3974 3600 3165
f 3165 3600 3167
f 3169 3167 3975
f 3975 3167 3598
f 3975 3598 3163
f 3163 3598 3159
f 3255 3259 3604
f 3604 3259 3976
f 3604 3976 3159
f 3159 3976 3161
f 3269 3267 3628
f 3628 3267 3977
f 3628 3977 3153
f 3153 3977 3155
f 3265 3263 3978
f 3978 3263 3622
f 3978 3622 3157
f 3157 3622 3153
f 3261 3260 3959
f 3959 3260 3939
f 3959 3939 3245
f 3245 3939 3244
f 3247 3246 3960
f 3960 3246 3940
f 3960 3940 3241
f 3241 3940 3240
f 3237 3236 3961
f 3961 3236 3941
f 3961 3941 3251
f 3251 3941 3250
f 3253 3252 3962
f 3962 3252 3942
f 3962 3942 3235
f 3235 3942 3234
f 3226 3227 3943
f 3943 3227 3963
f 3943 3963 3230
f 3230 3963 3231
f 3229 3228 3964
f 3964 3228 3944
f 3964 3944 3223
f 3223 3944 3222
f 3256 3257 3945
f 3945 3257 3965
f 3945 3965 3216
f 3216 3965 3217
f 3219 3218 3966
f 3966 3218 3946
f 3966 3946 3215
f 3215 3946 3214
f 3270 3271 3947
f 3947 3271 3967
f 3947 3967 3204
f 3204 3967 3205
f 3207 3206 3968
f 3968 3206 3948
f 3968 3948 3203
f 3203 3948 3202
f 3199 3198 3969
f 3969 3198 3949
f 3969 3949 3211
f 3211 3949 3210
f 3187 3186 3971
f 3971 3186 3951
f 3971 3951 3193
f 3193 3951 3192
f 3189 3188 3970
f 3970 3188 3950
f 3970 3950 3197
f 3197 3950 3196
f 3180 3181 3953
f 3953 3181 3973
f 3953 3973 3174
f 3174 3973 3175
f 3168 3169 3955
f 3955 3169 3975
f 3955 3975 3162
f 3162 3975 3163
f 3165 3164 3974
f 3974 3164 3954
f 3974 3954 3173
f 3173 3954 3172
f 3177 3176 3972
f 3972 3176 3952
f 3972 3952 3185
f 3185 3952 3184
f 3259 3258 3976
f 3976 3258 3956
f 3976 3956 3161
f 3161 3956 3160
f 3267 3266 3977
f 3977 3266 3957
f 3977 3957 3155
f 3155 3957 3154
f 3264 3265 3958
f 3958 3265 3978
f 3958 3978 3156
f 3156 3978 3157
f 3927 3367 3926
f 3926 3367 3369
f 3926 3369 3924
f 3924 3369 3371
f 3924 3371 3936
f 3936 3371 3373
f 3936 3373 3934
f 3934 3373 3375
f 3934 3375 3914
f 3914 3375 3378
f 3384 3916 3382
f 3382 3916 3917
f 3382 3917 3380
f 3380 3917 3918
f 3380 3918 3378
f 3378 3918 3921
f 3378 3921 3914
f 3916 3384 3908
f 3908 3384 3386
f 3908 3386 3907
f 3907 3386 3906
f 3906 3386 3388
f 3906 3388 3905
f 3905 3388 3390
f 3905 3390 3896
f 3896 3390 3286
f 3896 3286 3287
f 3887 3854 3875
f 3887 3875 3892
f 3892 3875 3870
f 3892 3870 3893
f 3893 3870 3872
f 3893 3872 3891
f 3891 3872 3867
f 3891 3867 3890
f 3890 3867 3864
f 3890 3864 3889
f 3889 3864 3862
f 3889 3862 3888
f 3888 3862 3861
f 3888 3861 3880
f 3826 3827 3979
f 3979 3827 3980
f 3979 3980 3981
f 3981 3980 3982
f 3981 3982 3983
f 3983 3982 3984
f 3983 3984 3985
f 3985 3984 3986
f 3985 3986 3987
f 3987 3986 3988
f 3987 3988 3989
f 3989 3988 3990
f 3989 3990 3991
f 3991 3990 3992
f 3991 3992 3993
f 3993 3992 3994
f 3993 3994 3995
f 3995 3994 3996
f 3995 3996 3997
f 3997 3996 3998
f 3997 3998 3999
f 3999 3998 4000
f 3999 4000 4001
f 4001 4000 4002
f 4001 4002 3800
f 3800 4002 3801
f 3827 3841 3980
f 3980 3841 4003
f 3980 4003 3982
f 3982 4003 4004
f 3982 4004 3984
f 3984 4004 4005
f 3984 4005 3986
f 3986 4005 4006
f 3986 4006 3988
f 3988 4006 4007
f 3988 4007 3990
f 3990 4007 4008
f 3990 4008 3992
f 3992 4008 4009
f 3992 4009 3994
f 3994 4009 4010
f 3994 4010 3996
f 3996 4010 4011
f 3996 4011 3998
f 3998 4011 4012
f 3998 4012 4000
f 4000 4012 4013
f 4000 4013 4002
f 4002 4013 4014
f 4002 4014 3801
f 3801 4014 3828
f 3841 3290 4003
f 4003 3290 3347
f 4003 3347 4004
f 4004 3347 3348
f 4004 3348 4005
f 4005 3348 3349
f 4005 3349 4006
f 4006 3349 3350
f 4006 3350 4007
f 4007 3350 3351
f 4007 3351 4008
f 4008 3351 3352
f 4008 3352 4009
f 4009 3352 3353
f 4009 3353 4010
f 4010 3353 3354
f 4010 3354 4011
f 4011 3354 3355
f 4011 3355 4012
f 4012 3355 3356
f 4012 3356 4013
f 4013 3356 3357
f 4013 3357 4014
f 4014 3357 3358
f 4014 3358 3828
f 3828 3358 3359
f 3799 3785 4015
f 3785 3772 4016
f 3772 3754 3753
f 3772 3753 4016
f 4016 3753 3752
f 4016 3752 4017
f 4017 3752 3744
f 4017 3744 4018
f 4018 3744 3742
f 4018 3742 4019
f 4019 3742 3741
f 4019 3741 4020
f 4020 3741 3720
f 4020 3720 4021
f 4021 3720 3728
f 4021 3728 4022
f 4022 3728 3727
f 4022 3727 4023
f 4023 3727 3733
f 4023 3733 4024
f 4024 3733 3732
f 4024 3732 4025
f 4025 3732 3730
f 4025 3730 4026
f 4026 3730 3736
f 4026 3736 4027
f 4027 3736 3735
f 4027 3735 4028
f 4028 3735 3734
f 4028 3734 3758
f 3785 4016 4015
f 4015 4016 4017
f 4015 4017 4029
f 4029 4017 4018
f 4029 4018 4030
f 4030 4018 4019
f 4030 4019 4031
f 4031 4019 4020
f 4031 4020 4032
f 4032 4020 4021
f 4032 4021 4033
f 4033 4021 4022
f 4033 4022 4034
f 4034 4022 4023
f 4034 4023 4035
f 4035 4023 4024
f 4035 4024 4036
f 4036 4024 4025
f 4036 4025 4037
f 4037 4025 4026
f 4037 4026 4038
f 4038 4026 4027
f 4038 4027 4039
f 4039 4027 4028
f 4039 4028 4040
f 4040 4028 3758
f 4040 3758 3756
f 3799 4015 4041
f 4041 4015 4029
f 4041 4029 4042
f 4042 4029 4030
f 4042 4030 4043
f 4043 4030 4031
f 4043 4031 4044
f 4044 4031 4032
f 4044 4032 4045
f 4045 4032 4033
f 4045 4033 4046
f 4046 4033 4034
f 4046 4034 4047
f 4047 4034 4035
f 4047 4035 4048
f 4048 4035 4036
f 4048 4036 4049
f 4049 4036 4037
f 4049 4037 4050
f 4050 4037 4038
f 4050 4038 4051
f 4051 4038 4039
f 4051 4039 4052
f 4052 4039 4040
f 4052 4040 4053
f 4053 4040 3756
f 4053 3756 3755
f 3719 3682 3695
f 3719 3695 3745
f 3745 3695 3692
f 3745 3692 3743
f 3743 3692 3691
f 3743 3691 3721
f 3721 3691 3703
f 3721 3703 3722
f 3722 3703 3705
f 3722 3705 3726
f 3726 3705 3700
f 3726 3700 3731
f 3731 3700 3698
f 3731 3698 3729
f 3729 3698 3689
f 3729 3689 3711
f 3681 3667 4054
f 3667 3654 4055
f 3654 3591 3592
f 3654 3592 4055
f 4055 3592 3609
f 4055 3609 4056
f 4056 3609 3611
f 4056 3611 4057
f 4057 3611 3612
f 4057 3612 4058
f 4058 3612 3635
f 4058 3635 4059
f 4059 3635 3625
f 4059 3625 4060
f 4060 3625 3627
f 4060 3627 4061
f 4061 3627 3620
f 4061 3620 4062
f 4062 3620 3621
f 4062 3621 4063
f 4063 3621 3623
f 4063 3623 4064
f 4064 3623 3617
f 4064 3617 4065
f 4065 3617 3618
f 4065 3618 4066
f 4066 3618 3613
f 4066 3613 4067
f 4067 3613 3615
f 4067 3615 3640
f 3667 4055 4054
f 4054 4055 4056
f 4054 4056 4068
f 4068 4056 4057
f 4068 4057 4069
f 4069 4057 4058
f 4069 4058 4070
f 4070 4058 4059
f 4070 4059 4071
f 4071 4059 4060
f 4071 4060 4072
f 4072 4060 4061
f 4072 4061 4073
f 4073 4061 4062
f 4073 4062 4074
f 4074 4062 4063
f 4074 4063 4075
f 4075 4063 4064
f 4075 4064 4076
f 4076 4064 4065
f 4076 4065 4077
f 4077 4065 4066
f 4077 4066 4078
f 4078 4066 4067
f 4078 4067 4079
f 4079 4067 3640
f 4079 3640 3638
f 3681 4054 3694
f 3694 4054 4068
f 3694 4068 3696
f 3696 4068 4069
f 3696 4069 3697
f 3697 4069 4070
f 3697 4070 3693
f 3693 4070 4071
f 3693 4071 3708
f 3708 4071 4072
f 3708 4072 3709
f 3709 4072 4073
f 3709 4073 3710
f 3710 4073 4074
f 3710 4074 3704
f 3704 4074 4075
f 3704 4075 3706
f 3706 4075 4076
f 3706 4076 3707
f 3707 4076 4077
f 3707 4077 3701
f 3701 4077 4078
f 3701 4078 3702
f 3702 4078 4079
f 3702 4079 3699
f 3699 4079 3638
f 3699 3638 3637
f 3555 3541 4080
f 3541 3528 4081
f 3528 3496 3495
f 3528 3495 4081
f 4081 3495 3505
f 4081 3505 4082
f 4082 3505 3504
f 4082 3504 4083
f 4083 3504 3502
f 4083 3502 4084
f 4084 3502 3501
f 4084 3501 4085
f 4085 3501 3500
f 4085 3500 4086
f 4086 3500 3510
f 4086 3510 4087
f 4087 3510 3509
f 4087 3509 4088
f 4088 3509 3507
f 4088 3507 4089
f 4089 3507 3506
f 4089 3506 4090
f 4090 3506 3480
f 4090 3480 4091
f 4091 3480 3478
f 4091 3478 4092
f 4092 3478 3484
f 4092 3484 4093
f 4093 3484 3483
f 4093 3483 3514
f 3541 4081 4080
f 4080 4081 4082
f 4080 4082 4094
f 4094 4082 4083
f 4094 4083 4095
f 4095 4083 4084
f 4095 4084 4096
f 4096 4084 4085
f 4096 4085 4097
f 4097 4085 4086
f 4097 4086 4098
f 4098 4086 4087
f 4098 4087 4099
f 4099 4087 4088
f 4099 4088 4100
f 4100 4088 4089
f 4100 4089 4101
f 4101 4089 4090
f 4101 4090 4102
f 4102 4090 4091
f 4102 4091 4103
f 4103 4091 4092
f 4103 4092 4104
f 4104 4092 4093
f 4104 4093 4105
f 4105 4093 3514
f 4105 3514 3512
f 3555 4080 3558
f 3558 4080 4094
f 3558 4094 3565
f 3565 4094 4095
f 3565 4095 3564
f 3564 4095 4096
f 3564 4096 3562
f 3562 4096 4097
f 3562 4097 3568
f 3568 4097 4098
f 3568 4098 3567
f 3567 4098 4099
f 3567 4099 3578
f 3578 4099 4100
f 3578 4100 3573
f 3573 4100 4101
f 3573 4101 3571
f 3571 4101 4102
f 3571 4102 3570
f 3570 4102 4103
f 3570 4103 3587
f 3587 4103 4104
f 3587 4104 3585
f 3585 4104 4105
f 3585 4105 3557
f 3557 4105 3512
f 3557 3512 3511
f 3474 3453 3452
f 3474 3452 3494
f 3494 3452 3450
f 3494 3450 3503
f 3503 3450 3448
f 3503 3448 3498
f 3498 3448 3446
f 3498 3446 3499
f 3499 3446 3444
f 3499 3444 3508
f 3508 3444 3442
f 3508 3442 3481
f 3481 3442 3440
f 3481 3440 3479
f 3479 3440 3464
f 3479 3464 3477
f 3477 3464 3462
f 3477 3462 3465
f 3438 3417 3416
f 3438 3416 3451
f 3451 3416 3414
f 3451 3414 3449
f 3449 3414 3412
f 3449 3412 3447
f 3447 3412 3410
f 3447 3410 3445
f 3445 3410 3408
f 3445 3408 3443
f 3443 3408 3406
f 3443 3406 3441
f 3441 3406 3404
f 3441 3404 3439
f 3439 3404 3428
f 3439 3428 3463
f 3463 3428 3426
f 3463 3426 3429
f 3402 3385 3383
f 3402 3383 3415
f 3415 3383 3381
f 3415 3381 3413
f 3413 3381 3379
f 3413 3379 3411
f 3411 3379 3377
f 3411 3377 3409
f 3409 3377 3376
f 3409 3376 3407
f 3407 3376 3374
f 3407 3374 3405
f 3405 3374 3372
f 3405 3372 3403
f 3403 3372 3370
f 3403 3370 3427
f 3427 3370 3368
f 3427 3368 3393
f 3359 3346 4106
f 3346 3334 4107
f 3334 3322 4108
f 3322 3321 3863
f 3322 3863 4108
f 4108 3863 3866
f 4108 3866 4109
f 4109 3866 3865
f 4109 3865 4110
f 4110 3865 3869
f 4110 3869 4111
f 4111 3869 3868
f 4111 3868 4112
f 4112 3868 3874
f 4112 3874 4113
f 4113 3874 3873
f 4113 3873 4114
f 4114 3873 3871
f 4114 3871 4115
f 4115 3871 3877
f 4115 3877 4116
f 4116 3877 3876
f 4116 3876 4117
f 4117 3876 3879
f 4117 3879 4118
f 4118 3879 3878
f 4118 3878 4119
f 4119 3878 3297
f 4119 3297 3295
f 3334 4108 4107
f 4107 4108 4109
f 4107 4109 4120
f 4120 4109 4110
f 4120 4110 4121
f 4121 4110 4111
f 4121 4111 4122
f 4122 4111 4112
f 4122 4112 4123
f 4123 4112 4113
f 4123 4113 4124
f 4124 4113 4114
f 4124 4114 4125
f 4125 4114 4115
f 4125 4115 4126
f 4126 4115 4116
f 4126 4116 4127
f 4127 4116 4117
f 4127 4117 4128
f 4128 4117 4118
f 4128 4118 4129
f 4129 4118 4119
f 4129 4119 4130
f 4130 4119 3295
f 4130 3295 3293
f 3346 4107 4106
f 4106 4107 4120
f 4106 4120 4131
f 4131 4120 4121
f 4131 4121 4132
f 4132 4121 4122
f 4132 4122 4133
f 4133 4122 4123
f 4133 4123 4134
f 4134 4123 4124
f 4134 4124 4135
f 4135 4124 4125
f 4135 4125 4136
f 4136 4125 4126
f 4136 4126 4137
f 4137 4126 4127
f 4137 4127 4138
f 4138 4127 4128
f 4138 4128 4139
f 4139 4128 4129
f 4139 4129 4140
f 4140 4129 4130
f 4140 4130 4141
f 4141 4130 3293
f 4141 3293 3291
f 3359 4106 3842
f 3842 4106 4131
f 3842 4131 3843
f 3843 4131 4132
f 3843 4132 3844
f 3844 4132 4133
f 3844 4133 3845
f 3845 4133 4134
f 3845 4134 3846
f 3846 4134 4135
f 3846 4135 3847
f 3847 4135 4136
f 3847 4136 3848
f 3848 4136 4137
f 3848 4137 3849
f 3849 4137 4138
f 3849 4138 3850
f 3850 4138 4139
f 3850 4139 3851
f 3851 4139 4140
f 3851 4140 3852
f 3852 4140 4141
f 3852 4141 3853
f 3853 4141 3291
f 3853 3291 3290
f 3030 3151 3928
f 3030 3928 3029
f 3029 3928 3929
f 3029 3929 3023
f 3023 3929 3933
f 3023 3933 3017
f 3017 3933 3932
f 3017 3932 3018
f 3018 3932 3930
f 3018 3930 3028
f 3028 3930 3145
f 3028 3145 3036
f 2956 3144 3915
f 2956 3915 2955
f 2955 3915 3923
f 2955 3923 2949
f 2949 3923 3922
f 2949 3922 2943
f 2943 3922 3920
f 2943 3920 2944
f 2944 3920 3919
f 2944 3919 2954
f 2954 3919 3138
f 2954 3138 2962
f 3067 3137 3913
f 3067 3913 3066
f 3066 3913 3912
f 3066 3912 3060
f 3060 3912 3911
f 3060 3911 3054
f 3054 3911 3910
f 3054 3910 3055
f 3055 3910 3909
f 3055 3909 3065
f 3065 3909 3131
f 3065 3131 3073
f 2993 3130 3925
f 2993 3925 2992
f 2992 3925 3938
f 2992 3938 2986
f 2986 3938 3937
f 2986 3937 2980
f 2980 3937 3935
f 2980 3935 2981
f 2981 3935 3931
f 2981 3931 2991
f 2991 3931 3124
f 2991 3124 2999
f 3104 3123 3902
f 3104 3902 3103
f 3103 3902 3901
f 3103 3901 3097
f 3097 3901 3899
f 3097 3899 3091
f 3091 3899 3898
f 3091 3898 3092
f 3092 3898 3897
f 3092 3897 3102
f 3102 3897 3117
f 3102 3117 3110
f 4142 3755 4143
f 4143 3755 3786
f 4143 3786 4144
f 4144 3786 3787
f 4144 3787 4145
f 4145 3787 3788
f 4145 3788 4146
f 3799 4147 3798
f 3798 4147 4148
f 3798 4148 3797
f 3797 4148 4149
f 3797 4149 3796
f 3796 4149 4150
f 3796 4150 3795
f 3795 4150 4151
f 3795 4151 3794
f 3794 4151 4152
f 3794 4152 3793
f 3793 4152 4153
f 3793 4153 3792
f 3792 4153 4154
f 3792 4154 3791
f 3791 4154 4155
f 3791 4155 3790
f 3790 4155 4156
f 3790 4156 3789
f 4157 4142 4158
f 4158 4142 4143
f 4158 4143 4159
f 4159 4143 4144
f 4159 4144 4160
f 4160 4144 4145
f 4160 4145 4161
f 4161 4145 4146
f 4161 4146 4162
f 4147 4163 4148
f 4148 4163 4164
f 4148 4164 4149
f 4149 4164 4165
f 4149 4165 4150
f 4150 4165 4166
f 4150 4166 4151
f 4151 4166 4167
f 4151 4167 4152
f 4152 4167 4168
f 4152 4168 4153
f 4153 4168 4169
f 4153 4169 4154
f 4154 4169 4170
f 4154 4170 4155
f 4155 4170 4171
f 4155 4171 4156
f 3800 4157 4001
f 4001 4157 4158
f 4001 4158 3999
f 3999 4158 4159
f 3999 4159 3997
f 3997 4159 4160
f 3997 4160 3995
f 3995 4160 4161
f 3995 4161 3993
f 3993 4161 4162
f 3993 4162 3991
f 4163 3826 4164
f 4164 3826 3979
f 4164 3979 4165
f 4165 3979 3981
f 4165 3981 4166
f 4166 3981 3983
f 4166 3983 4167
f 4167 3983 3985
f 4167 3985 4168
f 4168 3985 3987
f 4168 3987 4169
f 4169 3987 3989
f 4169 3989 4170
f 4170 3989 3991
f 4170 3991 4171
f 4171 3991 4162
f 4171 4162 4156
f 4156 4162 4146
f 4156 4146 3789
f 3789 4146 3788
f 4147 3799 4172
f 4172 3799 4041
f 4172 4041 4173
f 4173 4041 4042
f 4173 4042 4174
f 4174 4042 4043
f 4174 4043 4175
f 3755 4142 4053
f 4053 4142 4176
f 4053 4176 4052
f 4052 4176 4177
f 4052 4177 4051
f 4051 4177 4178
f 4051 4178 4050
f 4050 4178 4179
f 4050 4179 4049
f 4049 4179 4180
f 4049 4180 4048
f 4048 4180 4181
f 4048 4181 4047
f 4047 4181 4182
f 4047 4182 4046
f 4046 4182 4183
f 4046 4183 4045
f 4045 4183 4184
f 4045 4184 4044
f 4163 4147 4185
f 4185 4147 4172
f 4185 4172 4186
f 4186 4172 4173
f 4186 4173 4187
f 4187 4173 4174
f 4187 4174 4188
f 4188 4174 4175
f 4188 4175 4189
f 4142 4157 4176
f 4176 4157 4190
f 4176 4190 4177
f 4177 4190 4191
f 4177 4191 4178
f 4178 4191 4192
f 4178 4192 4179
f 4179 4192 4193
f 4179 4193 4180
f 4180 4193 4194
f 4180 4194 4181
f 4181 4194 4195
f 4181 4195 4182
f 4182 4195 4196
f 4182 4196 4183
f 4183 4196 4197
f 4183 4197 4184
f 3826 4163 3824
f 3824 4163 4185
f 3824 4185 3822
f 3822 4185 4186
f 3822 4186 3820
f 3820 4186 4187
f 3820 4187 3818
f 3818 4187 4188
f 3818 4188 3816
f 3816 4188 4189
f 3816 4189 3814
f 4157 3800 4190
f 4190 3800 3802
f 4190 3802 4191
f 4191 3802 3804
f 4191 3804 4192
f 4192 3804 3806
f 4192 3806 4193
f 4193 3806 3808
f 4193 3808 4194
f 4194 3808 3810
f 4194 3810 4195
f 4195 3810 3812
f 4195 3812 4196
f 4196 3812 3814
f 4196 3814 4197
f 4197 3814 4189
f 4197 4189 4184
f 4184 4189 4175
f 4184 4175 4044
f 4044 4175 4043
f 4198 4199 4200
f 4200 4199 4201
f 4200 4201 4202
f 4202 4201 4203
f 4202 4203 4204
f 4204 4203 4205
f 4204 4205 4206
f 4206 4205 4207
f 4206 4207 4208
f 4208 4207 4209
f 4208 4209 4210
f 4210 4209 4211
f 4212 4202 4204
f 4200 4202 4212
f 4198 4200 4212
f 4212 4208 4210
f 4206 4208 4212
f 4204 4206 4212
f 4213 4214 4215
f 4215 4214 4216
f 4215 4216 4217
f 4217 4216 4218
f 4217 4218 4219
f 4219 4218 4220
f 4219 4220 4221
f 4221 4220 4222
f 4221 4222 4223
f 4223 4222 4224
f 4223 4224 4225
f 4225 4224 4226
f 4227 4217 4219
f 4215 4217 4227
f 4213 4215 4227
f 4227 4223 4225
f 4221 4223 4227
f 4219 4221 4227
f 4228 4229 4230
f 4228 4230 4231
f 4231 4230 4232
f 4231 4232 4233
f 4233 4232 4234
f 4233 4234 4235
f 4235 4234 4236
f 4236 4234 4237
f 4229 4228 4238
f 4238 4228 4239
f 4236 4237 4240
f 4236 4240 4241
f 4241 4240 4242
f 4241 4242 4243
f 4243 4242 4244
f 4243 4244 4245
f 4246 4247 4248
f 4246 4248 4249
f 4249 4248 4250
f 4249 4250 4251
f 4251 4250 4238
f 4251 4238 4239
f 4245 4244 4252
f 4252 4244 4253
f 4247 4246 4254
f 4254 4246 4255
f 4252 4253 4256
f 4252 4256 4257
f 4257 4256 4258
f 4257 4258 4259
f 4259 4258 4254
f 4259 4254 4255
f 4260 4261 4262
f 4262 4261 4263
f 4261 4260 4264
f 4264 4260 4265
f 4264 4265 4266
f 4266 4265 4267
f 4266 4267 4268
f 4268 4267 4269
f 4270 4271 4272
f 4272 4271 4273
f 4272 4273 4274
f 4274 4273 4275
f 4274 4275 4263
f 4263 4275 4262
f 4268 4269 4276
f 4276 4269 4277
f 4271 4270 4278
f 4278 4270 4279
f 4276 4277 4280
f 4280 4277 4281
f 4280 4281 4282
f 4282 4281 4283
f 4282 4283 4284
f 4284 4283 4285
f 4278 4279 4286
f 4278 4286 4287
f 4287 4286 4288
f 4287 4288 4289
f 4289 4288 4290
f 4289 4290 4291
f 4284 4285 4292
f 4292 4285 4293
f 4291 4290 4294
f 4294 4290 4295
f 4292 4293 4296
f 4296 4293 4297
f 4296 4297 4298
f 4298 4297 4299
f 4298 4299 4300
f 4300 4299 4301
f 4302 4303 4304
f 4302 4304 4305
f 4305 4304 4306
f 4305 4306 4307
f 4307 4306 4294
f 4307 4294 4295
f 4300 4301 4308
f 4308 4301 4309
f 4303 4302 4310
f 4310 4302 4311
f 4312 4313 4314
f 4312 4314 4315
f 4315 4314 4316
f 4315 4316 4317
f 4317 4316 4308
f 4317 4308 4309
f 4318 4319 4320
f 4318 4320 4321
f 4321 4320 4322
f 4321 4322 4323
f 4323 4322 4310
f 4323 4310 4311
f 4313 4312 4324
f 4324 4312 4325
f 4319 4318 4326
f 4326 4318 4327
f 4324 4325 4328
f 4324 4328 4329
f 4329 4328 4330
f 4329 4330 4331
f 4331 4330 4332
f 4331 4332 4333
f 4326 4327 4334
f 4326 4334 4335
f 4335 4334 4336
f 4335 4336 4337
f 4337 4336 4338
f 4337 4338 4339
f 4333 4332 4340
f 4340 4332 4341
f 4339 4338 4342
f 4342 4338 4343
f 4340 4341 4344
f 4340 4344 4345
f 4345 4344 4346
f 4345 4346 4347
f 4347 4346 4348
f 4347 4348 4349
f 4350 4351 4352
f 4352 4351 4353
f 4352 4353 4354
f 4354 4353 4355
f 4354 4355 4343
f 4343 4355 4342
f 4349 4348 4356
f 4356 4348 4357
f 4351 4350 4358
f 4358 4350 4359
f 4360 4361 4362
f 4360 4362 4363
f 4363 4362 4364
f 4363 4364 4365
f 4365 4364 4356
f 4365 4356 4357
f 4366 4367 4368
f 4368 4367 4369
f 4368 4369 4370
f 4370 4369 4371
f 4370 4371 4359
f 4359 4371 4358
f 4361 4360 4372
f 4372 4360 4373
f 4367 4366 4374
f 4374 4366 4375
f 4372 4373 4376
f 4376 4373 4377
f 4376 4377 4378
f 4378 4377 4379
f 4378 4379 4380
f 4380 4379 4381
f 4382 4383 4384
f 4384 4383 4385
f 4384 4385 4386
f 4386 4385 4387
f 4386 4387 4375
f 4375 4387 4374
f 4383 4382 4381
f 4381 4382 4380
f 4388 4389 4390
f 4388 4390 4391
f 4391 4390 4392
f 4391 4392 4393
f 4393 4392 4394
f 4393 4394 4395
f 4395 4394 4396
f 4396 4394 4397
f 4389 4388 4398
f 4398 4388 4399
f 4400 4401 4402
f 4400 4402 4403
f 4403 4402 4404
f 4403 4404 4405
f 4405 4404 4396
f 4405 4396 4397
f 4406 4407 4408
f 4406 4408 4409
f 4409 4408 4410
f 4409 4410 4411
f 4411 4410 4398
f 4411 4398 4399
f 4401 4400 4412
f 4412 4400 4413
f 4407 4406 4414
f 4414 4406 4415
f 4412 4413 4416
f 4416 4413 4417
f 4416 4417 4418
f 4418 4417 4419
f 4418 4419 4420
f 4420 4419 4421
f 4414 4415 4422
f 4414 4422 4423
f 4423 4422 4424
f 4423 4424 4425
f 4425 4424 4426
f 4425 4426 4427
f 4420 4421 4428
f 4428 4421 4429
f 4427 4426 4430
f 4430 4426 4431
f 4428 4429 4432
f 4432 4429 4433
f 4432 4433 4434
f 4434 4433 4435
f 4434 4435 4436
f 4436 4435 4437
f 4438 4439 4440
f 4440 4439 4441
f 4440 4441 4442
f 4442 4441 4443
f 4442 4443 4431
f 4431 4443 4430
f 4436 4437 4444
f 4444 4437 4445
f 4439 4438 4446
f 4446 4438 4447
f 4444 4445 4448
f 4448 4445 4449
f 4448 4449 4450
f 4450 4449 4451
f 4450 4451 4452
f 4452 4451 4453
f 4454 4455 4456
f 4456 4455 4457
f 4456 4457 4458
f 4458 4457 4459
f 4458 4459 4447
f 4447 4459 4446
f 4452 4453 4460
f 4460 4453 4461
f 4455 4454 4462
f 4462 4454 4463
f 4460 4461 4464
f 4464 4461 4465
f 4464 4465 4466
f 4466 4465 4467
f 4466 4467 4468
f 4468 4467 4469
f 4470 4471 4472
f 4472 4471 4473
f 4472 4473 4474
f 4474 4473 4475
f 4474 4475 4463
f 4463 4475 4462
f 4468 4469 4476
f 4476 4469 4477
f 4471 4470 4478
f 4478 4470 4479
f 4480 4481 4482
f 4480 4482 4483
f 4483 4482 4484
f 4483 4484 4485
f 4485 4484 4476
f 4485 4476 4477
f 4486 4487 4488
f 4488 4487 4489
f 4488 4489 4490
f 4490 4489 4491
f 4490 4491 4479
f 4479 4491 4478
f 4481 4480 4492
f 4492 4480 4493
f 4487 4486 4494
f 4494 4486 4495
f 4492 4493 4496
f 4492 4496 4497
f 4497 4496 4498
f 4497 4498 4499
f 4499 4498 4500
f 4499 4500 4501
f 4494 4495 4502
f 4494 4502 4503
f 4503 4502 4504
f 4503 4504 4505
f 4505 4504 4506
f 4505 4506 4507
f 4501 4500 4508
f 4508 4500 4509
f 4507 4506 4510
f 4510 4506 4511
f 4508 4509 4512
f 4508 4512 4513
f 4513 4512 4514
f 4513 4514 4515
f 4515 4514 4510
f 4515 4510 4511
f 4325 4394 4392
f 4325 4392 4328
f 4328 4392 4390
f 4328 4390 4330
f 4330 4390 4389
f 4330 4389 4332
f 4319 4516 4517
f 4319 4517 4320
f 4320 4517 4518
f 4320 4518 4322
f 4322 4518 4519
f 4322 4519 4310
f 4520 4521 4522
f 4521 4523 4524
f 4523 4525 4526
f 4523 4526 4524
f 4524 4526 4527
f 4524 4527 4528
f 4528 4527 4529
f 4528 4529 4530
f 4530 4529 4531
f 4530 4531 4532
f 4532 4531 4533
f 4532 4533 4534
f 4534 4533 4519
f 4534 4519 4518
f 4521 4524 4522
f 4522 4524 4528
f 4522 4528 4535
f 4535 4528 4530
f 4535 4530 4536
f 4536 4530 4532
f 4536 4532 4537
f 4537 4532 4534
f 4537 4534 4538
f 4538 4534 4518
f 4538 4518 4517
f 4520 4522 4539
f 4539 4522 4535
f 4539 4535 4540
f 4540 4535 4536
f 4540 4536 4541
f 4541 4536 4537
f 4541 4537 4542
f 4542 4537 4538
f 4542 4538 4543
f 4543 4538 4517
f 4543 4517 4516
f 4520 4544 4545
f 4520 4545 4521
f 4521 4545 4546
f 4521 4546 4523
f 4523 4546 4547
f 4523 4547 4525
f 4548 4549 4550
f 4549 4551 4552
f 4551 4553 4554
f 4551 4554 4552
f 4552 4554 4555
f 4552 4555 4556
f 4556 4555 4557
f 4556 4557 4558
f 4558 4557 4559
f 4558 4559 4560
f 4560 4559 4561
f 4560 4561 4562
f 4562 4561 4547
f 4562 4547 4546
f 4549 4552 4550
f 4550 4552 4556
f 4550 4556 4563
f 4563 4556 4558
f 4563 4558 4564
f 4564 4558 4560
f 4564 4560 4565
f 4565 4560 4562
f 4565 4562 4566
f 4566 4562 4546
f 4566 4546 4545
f 4548 4550 4567
f 4567 4550 4563
f 4567 4563 4568
f 4568 4563 4564
f 4568 4564 4569
f 4569 4564 4565
f 4569 4565 4570
f 4570 4565 4566
f 4570 4566 4571
f 4571 4566 4545
f 4571 4545 4544
f 4548 4294 4306
f 4548 4306 4549
f 4549 4306 4304
f 4549 4304 4551
f 4551 4304 4303
f 4551 4303 4553
f 4407 4348 4346
f 4407 4346 4408
f 4408 4346 4344
f 4408 4344 4410
f 4410 4344 4341
f 4410 4341 4398
f 4572 4573 4574
f 4572 4574 4575
f 4575 4574 4576
f 4575 4576 4577
f 4577 4576 4578
f 4577 4578 4579
f 4572 4575 4580
f 4575 4577 4581
f 4577 4579 4582
f 4577 4582 4581
f 4581 4582 4583
f 4581 4583 4584
f 4584 4583 4585
f 4584 4585 4586
f 4586 4585 4587
f 4586 4587 4588
f 4588 4587 4589
f 4588 4589 4590
f 4590 4589 4591
f 4590 4591 4592
f 4575 4581 4580
f 4580 4581 4584
f 4580 4584 4593
f 4593 4584 4586
f 4593 4586 4594
f 4594 4586 4588
f 4594 4588 4595
f 4595 4588 4590
f 4595 4590 4596
f 4596 4590 4592
f 4596 4592 4597
f 4572 4580 4598
f 4598 4580 4593
f 4598 4593 4599
f 4599 4593 4594
f 4599 4594 4600
f 4600 4594 4595
f 4600 4595 4601
f 4601 4595 4596
f 4601 4596 4602
f 4602 4596 4597
f 4602 4597 4603
f 4604 4605 4606
f 4605 4607 4608
f 4607 4609 4610
f 4607 4610 4608
f 4608 4610 4611
f 4608 4611 4612
f 4612 4611 4613
f 4612 4613 4614
f 4614 4613 4615
f 4614 4615 4616
f 4616 4615 4617
f 4616 4617 4618
f 4618 4617 4578
f 4618 4578 4576
f 4605 4608 4606
f 4606 4608 4612
f 4606 4612 4619
f 4619 4612 4614
f 4619 4614 4620
f 4620 4614 4616
f 4620 4616 4621
f 4621 4616 4618
f 4621 4618 4622
f 4622 4618 4576
f 4622 4576 4574
f 4604 4606 4623
f 4623 4606 4619
f 4623 4619 4624
f 4624 4619 4620
f 4624 4620 4625
f 4625 4620 4621
f 4625 4621 4626
f 4626 4621 4622
f 4626 4622 4627
f 4627 4622 4574
f 4627 4574 4573
f 4493 4603 4597
f 4493 4597 4496
f 4496 4597 4592
f 4496 4592 4498
f 4498 4592 4591
f 4498 4591 4500
f 4604 4510 4514
f 4604 4514 4605
f 4605 4514 4512
f 4605 4512 4607
f 4607 4512 4509
f 4607 4509 4609
f 4495 4476 4484
f 4495 4484 4502
f 4502 4484 4482
f 4502 4482 4504
f 4504 4482 4481
f 4504 4481 4506
f 4415 4396 4404
f 4415 4404 4422
f 4422 4404 4402
f 4422 4402 4424
f 4424 4402 4401
f 4424 4401 4426
f 4361 4308 4316
f 4361 4316 4362
f 4362 4316 4314
f 4362 4314 4364
f 4364 4314 4313
f 4364 4313 4356
f 4327 4290 4288
f 4327 4288 4334
f 4334 4288 4286
f 4334 4286 4336
f 4336 4286 4279
f 4336 4279 4338
f 4452 4470 4450
f 4450 4470 4472
f 4450 4472 4448
f 4448 4472 4474
f 4448 4474 4444
f 4444 4474 4463
f 4468 4486 4466
f 4466 4486 4488
f 4466 4488 4464
f 4464 4488 4490
f 4464 4490 4460
f 4460 4490 4479
f 4436 4454 4434
f 4434 4454 4456
f 4434 4456 4432
f 4432 4456 4458
f 4432 4458 4428
f 4428 4458 4447
f 4420 4438 4418
f 4418 4438 4440
f 4418 4440 4416
f 4416 4440 4442
f 4416 4442 4412
f 4412 4442 4431
f 4300 4372 4298
f 4298 4372 4376
f 4298 4376 4296
f 4296 4376 4378
f 4296 4378 4292
f 4292 4378 4380
f 4284 4382 4282
f 4282 4382 4384
f 4282 4384 4280
f 4280 4384 4386
f 4280 4386 4276
f 4276 4386 4375
f 4268 4366 4266
f 4266 4366 4368
f 4266 4368 4264
f 4264 4368 4370
f 4264 4370 4261
f 4261 4370 4359
f 4263 4350 4274
f 4274 4350 4352
f 4274 4352 4272
f 4272 4352 4354
f 4272 4354 4270
f 4270 4354 4343
f 4237 4572 4598
f 4237 4598 4240
f 4598 4599 4240
f 4240 4599 4600
f 4240 4600 4242
f 4603 4244 4602
f 4602 4244 4242
f 4602 4242 4601
f 4601 4242 4600
f 4229 4604 4623
f 4229 4623 4230
f 4623 4624 4230
f 4230 4624 4625
f 4230 4625 4232
f 4573 4234 4627
f 4627 4234 4232
f 4627 4232 4626
f 4626 4232 4625
f 4548 4567 4253
f 4253 4567 4256
f 4567 4568 4256
f 4256 4568 4569
f 4256 4569 4258
f 4544 4254 4571
f 4571 4254 4258
f 4571 4258 4570
f 4570 4258 4569
f 4247 4520 4539
f 4247 4539 4248
f 4539 4540 4248
f 4248 4540 4541
f 4248 4541 4250
f 4516 4238 4543
f 4543 4238 4250
f 4543 4250 4542
f 4542 4250 4541
f 4270 4343 4279
f 4279 4343 4338
f 4261 4359 4263
f 4263 4359 4350
f 4276 4375 4268
f 4268 4375 4366
f 4292 4380 4284
f 4284 4380 4382
f 4308 4361 4300
f 4300 4361 4372
f 4356 4313 4324
f 4340 4345 4347
f 4329 4331 4324
f 4324 4331 4333
f 4324 4333 4356
f 4356 4333 4340
f 4356 4340 4349
f 4349 4340 4347
f 4290 4327 4318
f 4302 4305 4307
f 4321 4323 4318
f 4318 4323 4311
f 4318 4311 4290
f 4290 4311 4302
f 4290 4302 4295
f 4295 4302 4307
f 4511 4506 4481
f 4497 4499 4492
f 4492 4499 4501
f 4513 4515 4508
f 4508 4515 4511
f 4508 4511 4501
f 4501 4511 4481
f 4501 4481 4492
f 4396 4415 4395
f 4395 4415 4406
f 4391 4393 4388
f 4388 4393 4395
f 4388 4395 4399
f 4399 4395 4406
f 4399 4406 4411
f 4411 4406 4409
f 4412 4431 4401
f 4401 4431 4426
f 4428 4447 4420
f 4420 4447 4438
f 4444 4463 4436
f 4436 4463 4454
f 4460 4479 4452
f 4452 4479 4470
f 4476 4495 4468
f 4468 4495 4486
f 4609 4509 4591
f 4591 4509 4500
f 4579 4585 4582
f 4582 4585 4583
f 4591 4589 4579
f 4579 4589 4587
f 4579 4587 4585
f 4591 4579 4609
f 4609 4579 4578
f 4609 4578 4610
f 4615 4613 4611
f 4610 4578 4611
f 4611 4578 4617
f 4611 4617 4615
f 4246 4199 4255
f 4255 4199 4628
f 4203 4239 4205
f 4205 4239 4228
f 4205 4228 4207
f 4241 4243 4245
f 4251 4239 4249
f 4249 4239 4203
f 4249 4203 4246
f 4246 4203 4201
f 4246 4201 4199
f 4255 4629 4259
f 4259 4629 4630
f 4236 4241 4631
f 4631 4241 4245
f 4631 4245 4632
f 4632 4245 4252
f 4632 4252 4630
f 4630 4252 4257
f 4630 4257 4259
f 4224 4235 4226
f 4226 4235 4236
f 4226 4236 4633
f 4633 4236 4631
f 4228 4231 4207
f 4207 4231 4233
f 4207 4233 4209
f 4209 4233 4235
f 4209 4235 4211
f 4211 4235 4634
f 4634 4235 4224
f 4634 4224 4635
f 4635 4224 4222
f 4635 4222 4636
f 4636 4222 4220
f 4636 4220 4637
f 4637 4220 4218
f 4637 4218 4628
f 4628 4218 4216
f 4628 4216 4255
f 4255 4216 4214
f 4255 4214 4629
f 4254 4544 4247
f 4247 4544 4520
f 4299 4297 4394
f 4299 4394 4301
f 4269 4267 4253
f 4469 4467 4603
f 4244 4451 4449
f 4312 4315 4317
f 4469 4603 4477
f 4285 4283 4429
f 4269 4253 4277
f 4277 4253 4244
f 4277 4244 4281
f 4278 4287 4289
f 4394 4325 4301
f 4301 4325 4312
f 4301 4312 4309
f 4309 4312 4317
f 4467 4465 4603
f 4603 4465 4461
f 4603 4461 4244
f 4244 4461 4453
f 4244 4453 4451
f 4267 4265 4253
f 4253 4265 4260
f 4253 4260 4548
f 4548 4260 4262
f 4548 4262 4275
f 4275 4273 4548
f 4548 4273 4271
f 4548 4271 4294
f 4294 4271 4278
f 4294 4278 4291
f 4291 4278 4289
f 4449 4445 4244
f 4244 4445 4437
f 4244 4437 4281
f 4281 4437 4435
f 4281 4435 4283
f 4283 4435 4433
f 4283 4433 4429
f 4483 4485 4480
f 4480 4485 4477
f 4480 4477 4493
f 4493 4477 4603
f 4403 4405 4400
f 4400 4405 4397
f 4400 4397 4413
f 4413 4397 4394
f 4413 4394 4417
f 4417 4394 4297
f 4285 4429 4293
f 4293 4429 4421
f 4293 4421 4297
f 4297 4421 4419
f 4297 4419 4417
f 4234 4573 4237
f 4237 4573 4572
f 4371 4369 4238
f 4507 4510 4604
f 4516 4319 4326
f 4360 4363 4365
f 4355 4353 4516
f 4516 4353 4351
f 4516 4351 4238
f 4238 4351 4358
f 4238 4358 4371
f 4377 4373 4348
f 4348 4373 4360
f 4348 4360 4357
f 4357 4360 4365
f 4335 4337 4326
f 4326 4337 4339
f 4326 4339 4516
f 4516 4339 4342
f 4516 4342 4355
f 4369 4367 4238
f 4238 4367 4374
f 4238 4374 4229
f 4229 4374 4387
f 4229 4387 4385
f 4381 4379 4439
f 4348 4407 4377
f 4377 4407 4443
f 4377 4443 4379
f 4379 4443 4441
f 4379 4441 4439
f 4475 4473 4229
f 4229 4473 4471
f 4229 4471 4604
f 4604 4471 4478
f 4604 4478 4491
f 4503 4505 4494
f 4494 4505 4507
f 4494 4507 4487
f 4487 4507 4604
f 4487 4604 4489
f 4489 4604 4491
f 4423 4425 4414
f 4414 4425 4427
f 4414 4427 4407
f 4407 4427 4430
f 4407 4430 4443
f 4385 4457 4455
f 4385 4455 4229
f 4229 4455 4462
f 4229 4462 4475
f 4381 4439 4383
f 4383 4439 4446
f 4383 4446 4385
f 4385 4446 4459
f 4385 4459 4457
f 4398 4341 4389
f 4389 4341 4332
f 4553 4303 4519
f 4519 4303 4310
f 4525 4519 4533
f 4533 4531 4525
f 4525 4531 4529
f 4525 4529 4526
f 4526 4529 4527
f 4519 4525 4553
f 4553 4525 4547
f 4553 4547 4554
f 4559 4557 4555
f 4554 4547 4555
f 4555 4547 4561
f 4555 4561 4559
f 4227 4638 4639
f 4640 4638 4227
f 4225 4640 4227
f 4227 4641 4213
f 4642 4641 4227
f 4639 4642 4227
f 4225 4226 4640
f 4640 4226 4633
f 4640 4633 4638
f 4638 4633 4631
f 4638 4631 4639
f 4639 4631 4632
f 4639 4632 4642
f 4642 4632 4630
f 4642 4630 4641
f 4641 4630 4629
f 4641 4629 4213
f 4213 4629 4214
f 4212 4643 4644
f 4645 4643 4212
f 4210 4645 4212
f 4212 4646 4198
f 4647 4646 4212
f 4644 4647 4212
f 4210 4211 4645
f 4645 4211 4634
f 4645 4634 4643
f 4643 4634 4635
f 4643 4635 4644
f 4644 4635 4636
f 4644 4636 4647
f 4647 4636 4637
f 4647 4637 4646
f 4646 4637 4628
f 4646 4628 4198
f 4198 4628 4199
f 4648 4649 4650
f 4650 4649 4651
f 4650 4651 4652
f 4652 4651 4653
f 4652 4653 4654
f 4654 4653 4655
f 4654 4655 4656
f 4656 4655 4657
f 4656 4657 4658
f 4658 4657 4659
f 4658 4659 4660
f 4660 4659 4661
f 4662 4663 4664
f 4664 4663 4665
f 4663 4662 4666
f 4666 4662 4667
f 4666 4667 4668
f 4668 4667 4669
f 4668 4669 4670
f 4670 4669 4671
f 4672 4673 4674
f 4674 4673 4675
f 4674 4675 4676
f 4676 4675 4677
f 4676 4677 4678
f 4678 4677 4679
f 4678 4679 4680
f 4680 4679 4681
f 4680 4681 4682
f 4682 4681 4683
f 4682 4683 4665
f 4665 4683 4664
f 4673 4672 4684
f 4684 4672 4685
f 4686 4687 4688
f 4686 4688 4689
f 4689 4688 4690
f 4689 4690 4691
f 4691 4690 4692
f 4691 4692 4693
f 4694 4693 4692
f 4695 4696 4697
f 4697 4698 4695
f 4695 4698 4699
f 4695 4699 4692
f 4692 4699 4700
f 4692 4700 4694
f 4701 4702 4703
f 4686 4704 4687
f 4687 4704 4705
f 4687 4705 4703
f 4703 4705 4706
f 4703 4706 4701
f 4696 4695 4707
f 4696 4707 4708
f 4708 4707 4709
f 4708 4709 4710
f 4710 4709 4711
f 4710 4711 4712
f 4713 4714 4715
f 4713 4715 4716
f 4716 4715 4717
f 4716 4717 4718
f 4718 4717 4703
f 4718 4703 4702
f 4719 4712 4711
f 4720 4721 4722
f 4722 4721 4723
f 4722 4723 4711
f 4711 4723 4724
f 4711 4724 4719
f 4725 4726 4727
f 4714 4713 4728
f 4728 4729 4714
f 4714 4729 4730
f 4714 4730 4727
f 4727 4730 4731
f 4727 4731 4725
f 4720 4722 4732
f 4720 4732 4733
f 4733 4732 4734
f 4733 4734 4735
f 4735 4734 4727
f 4735 4727 4726
f 4736 4737 4738
f 4738 4737 4739
f 4740 4741 4742
f 4740 4742 4743
f 4743 4742 4744
f 4743 4744 4745
f 4745 4744 4737
f 4745 4737 4736
f 4738 4739 4746
f 4738 4746 4747
f 4747 4746 4748
f 4747 4748 4749
f 4749 4748 4750
f 4749 4750 4751
f 4741 4740 4752
f 4752 4740 4753
f 4751 4750 4754
f 4754 4750 4755
f 4756 4757 4758
f 4756 4758 4759
f 4759 4758 4760
f 4759 4760 4761
f 4761 4760 4752
f 4761 4752 4753
f 4754 4755 4762
f 4754 4762 4763
f 4763 4762 4764
f 4763 4764 4765
f 4765 4764 4766
f 4765 4766 4767
f 4767 4766 4756
f 4756 4766 4757
f 4722 4752 4760
f 4722 4760 4732
f 4732 4760 4758
f 4732 4758 4734
f 4734 4758 4757
f 4734 4757 4727
f 4695 4737 4744
f 4695 4744 4707
f 4707 4744 4742
f 4707 4742 4709
f 4709 4742 4741
f 4709 4741 4711
f 4687 4750 4748
f 4687 4748 4688
f 4688 4748 4746
f 4688 4746 4690
f 4690 4746 4739
f 4690 4739 4692
f 4714 4766 4764
f 4714 4764 4715
f 4715 4764 4762
f 4715 4762 4717
f 4717 4762 4755
f 4717 4755 4703
f 4768 4769 4770
f 4769 4771 4772
f 4771 4773 4774
f 4771 4774 4772
f 4772 4774 4775
f 4772 4775 4776
f 4776 4775 4777
f 4776 4777 4778
f 4778 4777 4779
f 4778 4779 4780
f 4780 4779 4781
f 4780 4781 4782
f 4782 4781 4783
f 4782 4783 4784
f 4784 4783 4785
f 4784 4785 4786
f 4786 4785 4787
f 4786 4787 4788
f 4788 4787 4789
f 4788 4789 4790
f 4790 4789 4791
f 4790 4791 4792
f 4792 4791 4793
f 4792 4793 4794
f 4794 4793 4795
f 4794 4795 4796
f 4769 4772 4770
f 4770 4772 4776
f 4770 4776 4797
f 4797 4776 4778
f 4797 4778 4798
f 4798 4778 4780
f 4798 4780 4799
f 4799 4780 4782
f 4799 4782 4800
f 4800 4782 4784
f 4800 4784 4801
f 4801 4784 4786
f 4801 4786 4802
f 4802 4786 4788
f 4802 4788 4803
f 4803 4788 4790
f 4803 4790 4804
f 4804 4790 4792
f 4804 4792 4805
f 4805 4792 4794
f 4805 4794 4806
f 4806 4794 4796
f 4806 4796 4807
f 4768 4770 4808
f 4808 4770 4797
f 4808 4797 4809
f 4809 4797 4798
f 4809 4798 4810
f 4810 4798 4799
f 4810 4799 4811
f 4811 4799 4800
f 4811 4800 4812
f 4812 4800 4801
f 4812 4801 4813
f 4813 4801 4802
f 4813 4802 4814
f 4814 4802 4803
f 4814 4803 4815
f 4815 4803 4804
f 4815 4804 4816
f 4816 4804 4805
f 4816 4805 4817
f 4817 4805 4806
f 4817 4806 4818
f 4818 4806 4807
f 4818 4807 4819
f 4820 4821 4822
f 4821 4823 4824
f 4823 4825 4826
f 4823 4826 4824
f 4824 4826 4827
f 4824 4827 4828
f 4828 4827 4829
f 4828 4829 4830
f 4830 4829 4831
f 4830 4831 4832
f 4832 4831 4833
f 4832 4833 4834
f 4834 4833 4835
f 4834 4835 4836
f 4836 4835 4837
f 4836 4837 4838
f 4838 4837 4839
f 4838 4839 4840
f 4840 4839 4841
f 4840 4841 4842
f 4842 4841 4843
f 4842 4843 4844
f 4844 4843 4845
f 4844 4845 4846
f 4846 4845 4847
f 4846 4847 4848
f 4821 4824 4822
f 4822 4824 4828
f 4822 4828 4849
f 4849 4828 4830
f 4849 4830 4850
f 4850 4830 4832
f 4850 4832 4851
f 4851 4832 4834
f 4851 4834 4852
f 4852 4834 4836
f 4852 4836 4853
f 4853 4836 4838
f 4853 4838 4854
f 4854 4838 4840
f 4854 4840 4855
f 4855 4840 4842
f 4855 4842 4856
f 4856 4842 4844
f 4856 4844 4857
f 4857 4844 4846
f 4857 4846 4858
f 4858 4846 4848
f 4858 4848 4859
f 4820 4822 4860
f 4860 4822 4849
f 4860 4849 4861
f 4861 4849 4850
f 4861 4850 4862
f 4862 4850 4851
f 4862 4851 4863
f 4863 4851 4852
f 4863 4852 4864
f 4864 4852 4853
f 4864 4853 4865
f 4865 4853 4854
f 4865 4854 4866
f 4866 4854 4855
f 4866 4855 4867
f 4867 4855 4856
f 4867 4856 4868
f 4868 4856 4857
f 4868 4857 4869
f 4869 4857 4858
f 4869 4858 4870
f 4870 4858 4859
f 4870 4859 4871
f 4872 4873 4874
f 4873 4875 4876
f 4875 4877 4878
f 4875 4878 4876
f 4876 4878 4879
f 4876 4879 4880
f 4880 4879 4881
f 4880 4881 4882
f 4882 4881 4883
f 4882 4883 4884
f 4884 4883 4885
f 4884 4885 4886
f 4886 4885 4887
f 4886 4887 4888
f 4888 4887 4889
f 4888 4889 4890
f 4890 4889 4891
f 4890 4891 4892
f 4892 4891 4893
f 4892 4893 4894
f 4894 4893 4895
f 4894 4895 4896
f 4896 4895 4897
f 4896 4897 4898
f 4898 4897 4899
f 4898 4899 4900
f 4873 4876 4874
f 4874 4876 4880
f 4874 4880 4901
f 4901 4880 4882
f 4901 4882 4902
f 4902 4882 4884
f 4902 4884 4903
f 4903 4884 4886
f 4903 4886 4904
f 4904 4886 4888
f 4904 4888 4905
f 4905 4888 4890
f 4905 4890 4906
f 4906 4890 4892
f 4906 4892 4907
f 4907 4892 4894
f 4907 4894 4908
f 4908 4894 4896
f 4908 4896 4909
f 4909 4896 4898
f 4909 4898 4910
f 4910 4898 4900
f 4910 4900 4911
f 4872 4874 4912
f 4912 4874 4901
f 4912 4901 4913
f 4913 4901 4902
f 4913 4902 4914
f 4914 4902 4903
f 4914 4903 4915
f 4915 4903 4904
f 4915 4904 4916
f 4916 4904 4905
f 4916 4905 4917
f 4917 4905 4906
f 4917 4906 4918
f 4918 4906 4907
f 4918 4907 4919
f 4919 4907 4908
f 4919 4908 4920
f 4920 4908 4909
f 4920 4909 4921
f 4921 4909 4910
f 4921 4910 4922
f 4922 4910 4911
f 4922 4911 4923
f 4924 4925 4926
f 4925 4927 4928
f 4927 4929 4930
f 4927 4930 4928
f 4928 4930 4931
f 4928 4931 4932
f 4932 4931 4933
f 4932 4933 4934
f 4934 4933 4935
f 4934 4935 4936
f 4936 4935 4937
f 4936 4937 4938
f 4938 4937 4939
f 4938 4939 4940
f 4940 4939 4941
f 4940 4941 4942
f 4942 4941 4943
f 4942 4943 4944
f 4944 4943 4945
f 4944 4945 4946
f 4946 4945 4947
f 4946 4947 4948
f 4948 4947 4949
f 4948 4949 4950
f 4950 4949 4951
f 4950 4951 4952
f 4925 4928 4926
f 4926 4928 4932
f 4926 4932 4953
f 4953 4932 4934
f 4953 4934 4954
f 4954 4934 4936
f 4954 4936 4955
f 4955 4936 4938
f 4955 4938 4956
f 4956 4938 4940
f 4956 4940 4957
f 4957 4940 4942
f 4957 4942 4958
f 4958 4942 4944
f 4958 4944 4959
f 4959 4944 4946
f 4959 4946 4960
f 4960 4946 4948
f 4960 4948 4961
f 4961 4948 4950
f 4961 4950 4962
f 4962 4950 4952
f 4962 4952 4963
f 4924 4926 4964
f 4964 4926 4953
f 4964 4953 4965
f 4965 4953 4954
f 4965 4954 4966
f 4966 4954 4955
f 4966 4955 4967
f 4967 4955 4956
f 4967 4956 4968
f 4968 4956 4957
f 4968 4957 4969
f 4969 4957 4958
f 4969 4958 4970
f 4970 4958 4959
f 4970 4959 4971
f 4971 4959 4960
f 4971 4960 4972
f 4972 4960 4961
f 4972 4961 4973
f 4973 4961 4962
f 4973 4962 4974
f 4974 4962 4963
f 4974 4963 4975
f 4976 4977 4978
f 4978 4977 4979
f 4978 4979 4980
f 4980 4979 4981
f 4980 4981 4982
f 4982 4981 4983
f 4978 4980 4984
f 4984 4980 4982
f 4976 4978 4985
f 4985 4978 4984
f 4977 4976 4986
f 4986 4976 4985
f 4979 4977 4987
f 4987 4977 4986
f 4981 4979 4983
f 4983 4979 4987
f 4988 4989 4990
f 4990 4989 4991
f 4990 4991 4992
f 4992 4991 4993
f 4990 4992 4994
f 4994 4992 4995
f 4988 4990 4996
f 4996 4990 4994
f 4989 4988 4997
f 4997 4988 4996
f 4991 4989 4998
f 4998 4989 4997
f 4993 4991 4999
f 4999 4991 4998
f 4992 4993 4995
f 4995 4993 4999
f 5000 5001 5002
f 5002 5001 5003
f 5002 5003 5004
f 5004 5003 5005
f 5004 5005 5006
f 5006 5005 5007
f 5002 5004 5008
f 5008 5004 5006
f 5000 5002 5009
f 5009 5002 5008
f 5001 5000 5010
f 5010 5000 5009
f 5003 5001 5011
f 5011 5001 5010
f 5005 5003 5007
f 5007 5003 5011
f 5012 5013 5014
f 5014 5013 5015
f 5014 5015 5016
f 5016 5015 5017
f 5012 5014 5018
f 5018 5014 5019
f 5013 5012 5020
f 5020 5012 5018
f 5015 5013 5021
f 5021 5013 5020
f 5017 5015 5022
f 5022 5015 5021
f 5016 5017 5023
f 5023 5017 5022
f 5014 5016 5019
f 5019 5016 5023
f 5024 5025 5026
f 5027 5028 5024
f 5024 5028 5029
f 5030 5027 5031
f 5031 5027 5024
f 5031 5024 5032
f 5032 5024 5026
f 5029 5033 5024
f 5024 5033 5034
f 5024 5034 5035
f 4975 5036 4974
f 4974 5036 5037
f 4974 5037 4973
f 4973 5037 4972
f 4972 5037 5038
f 4972 5038 4971
f 4971 5038 4970
f 4970 5038 5039
f 4970 5039 4969
f 4969 5039 4968
f 4968 5039 5040
f 4968 5040 4967
f 4967 5040 4966
f 4966 5040 5041
f 4966 5041 4965
f 4965 5041 4964
f 4964 5041 5042
f 4964 5042 4924
f 5043 5044 5011
f 4941 4939 5008
f 4941 5008 4943
f 5045 5010 4929
f 4929 5010 5009
f 4929 5009 4930
f 4930 5009 4931
f 4939 4937 5008
f 5008 4937 4935
f 5008 4935 5009
f 5009 4935 4933
f 5009 4933 4931
f 4943 5008 4945
f 4945 5008 5006
f 4945 5006 4947
f 5046 5047 5007
f 5007 5047 4951
f 5007 4951 5006
f 5006 4951 4949
f 5006 4949 4947
f 5044 5048 5011
f 5011 5048 5049
f 5011 5049 5007
f 5007 5049 5050
f 5007 5050 5046
f 5045 5051 5010
f 5010 5051 5052
f 5010 5052 5011
f 5011 5052 5053
f 5011 5053 5043
f 5054 5055 5056
f 5056 5057 5058
f 5058 5057 5059
f 5060 5054 5061
f 5061 5054 5056
f 5061 5056 5062
f 5062 5056 5058
f 5059 5063 5058
f 5058 5063 5064
f 5058 5064 5065
f 4923 5066 4922
f 4922 5066 5067
f 4922 5067 4921
f 4921 5067 4920
f 4920 5067 5068
f 4920 5068 4919
f 4919 5068 4918
f 4918 5068 5069
f 4918 5069 4917
f 4917 5069 4916
f 4916 5069 5070
f 4916 5070 4915
f 4915 5070 4914
f 4914 5070 5071
f 4914 5071 4913
f 4913 5071 4912
f 4912 5071 5072
f 4912 5072 4872
f 5073 5074 4995
f 4999 5075 5076
f 4887 4885 4996
f 4996 4885 4883
f 4996 4883 4997
f 4997 4883 4881
f 4997 4881 4879
f 4879 4878 4997
f 4997 4878 4877
f 4997 4877 4998
f 4998 4877 5077
f 4998 5077 5078
f 4999 5076 4995
f 4995 5076 5079
f 4995 5079 5073
f 5078 5080 4998
f 4998 5080 5081
f 4998 5081 4999
f 4999 5081 5082
f 4999 5082 5075
f 4895 4893 4994
f 4994 4893 4891
f 4994 4891 4996
f 4996 4891 4889
f 4996 4889 4887
f 5074 5083 4995
f 4995 5083 4899
f 4995 4899 4994
f 4994 4899 4897
f 4994 4897 4895
f 5084 5085 5086
f 5087 5088 5084
f 5084 5088 5089
f 5090 5087 5091
f 5091 5087 5084
f 5091 5084 5092
f 5092 5084 5086
f 5089 5093 5084
f 5084 5093 5094
f 5084 5094 5095
f 4871 5096 4870
f 4870 5096 5097
f 4870 5097 4869
f 4869 5097 4868
f 4868 5097 5098
f 4868 5098 4867
f 4867 5098 4866
f 4866 5098 5099
f 4866 5099 4865
f 4865 5099 4864
f 4864 5099 5100
f 4864 5100 4863
f 4863 5100 4862
f 4862 5100 5101
f 4862 5101 4861
f 4861 5101 4860
f 4860 5101 5102
f 4860 5102 4820
f 5103 5104 4987
f 5105 4986 4825
f 4825 4986 4985
f 4825 4985 4826
f 4826 4985 4827
f 4843 4841 4982
f 4982 4841 4839
f 4982 4839 4984
f 4984 4839 4837
f 4984 4837 4835
f 5106 5107 4983
f 4983 5107 4847
f 4983 4847 4982
f 4982 4847 4845
f 4982 4845 4843
f 4835 4833 4984
f 4984 4833 4831
f 4984 4831 4985
f 4985 4831 4829
f 4985 4829 4827
f 5105 5108 4986
f 4986 5108 5109
f 4986 5109 4987
f 4987 5109 5110
f 4987 5110 5103
f 5104 5111 4987
f 4987 5111 5112
f 4987 5112 4983
f 4983 5112 5113
f 4983 5113 5106
f 5114 5115 5116
f 5116 5117 5118
f 5118 5117 5119
f 5120 5114 5121
f 5121 5114 5116
f 5121 5116 5122
f 5122 5116 5118
f 5119 5123 5118
f 5118 5123 5124
f 5118 5124 5125
f 4819 5126 4818
f 4818 5126 5127
f 4818 5127 4817
f 4817 5127 4816
f 4816 5127 5128
f 4816 5128 4815
f 4815 5128 4814
f 4814 5128 5129
f 4814 5129 4813
f 4813 5129 4812
f 4812 5129 5130
f 4812 5130 4811
f 4811 5130 4810
f 4810 5130 5131
f 4810 5131 4809
f 4809 5131 4808
f 4808 5131 5132
f 4808 5132 4768
f 4777 4775 5021
f 5018 4791 4789
f 4789 4787 5018
f 5018 4787 4785
f 5018 4785 5020
f 5133 5134 5022
f 5022 5134 5135
f 5022 5135 5023
f 5023 5135 5136
f 5023 5136 5137
f 4785 4783 5020
f 5020 4783 4781
f 5020 4781 5021
f 5021 4781 4779
f 5021 4779 4777
f 4775 4774 5021
f 5021 4774 4773
f 5021 4773 5022
f 5022 4773 5138
f 5022 5138 5133
f 5139 5140 5019
f 5019 5140 4795
f 5019 4795 5018
f 5018 4795 4793
f 5018 4793 4791
f 5137 5141 5023
f 5023 5141 5142
f 5023 5142 5019
f 5019 5142 5143
f 5019 5143 5139
f 5144 5145 5146
f 5147 5148 5149
f 5149 5148 5150
f 5151 5152 5153
f 5153 5152 5154
f 5153 5154 5155
f 5150 5144 5149
f 5149 5144 5146
f 5149 5146 5156
f 5156 5146 5153
f 5156 5153 5157
f 5157 5153 5155
f 4663 5149 4665
f 4665 5149 5156
f 5149 4663 5147
f 5147 4663 4666
f 5147 4666 5148
f 5148 4666 4668
f 5148 4668 5150
f 5150 4668 4670
f 4672 5153 4685
f 4685 5153 5146
f 5153 4672 5151
f 5151 4672 4674
f 5151 4674 5152
f 5152 4674 4676
f 5152 4676 5154
f 5154 4676 4678
f 5154 4678 5155
f 5155 4678 4680
f 5155 4680 5157
f 5157 4680 4682
f 5157 4682 5156
f 5156 4682 4665
f 5158 5159 5160
f 5161 5162 5163
f 5164 5165 5163
f 5163 5165 5166
f 5166 5158 5163
f 5163 5158 5160
f 5163 5160 5161
f 5161 5160 5167
f 5161 5167 5168
f 5168 5167 5169
f 5163 4648 5164
f 5164 4648 4650
f 5164 4650 5165
f 5165 4650 4652
f 5165 4652 5166
f 5166 4652 4654
f 5166 4654 5158
f 5158 4654 4656
f 5158 4656 5159
f 5159 4656 4658
f 5159 4658 5160
f 5160 4658 4660
f 5170 5171 5172
f 5172 5171 5173
f 5172 5173 5174
f 5174 5173 5175
f 5174 5175 5176
f 5176 5175 5177
f 5176 5177 5178
f 5178 5177 5179
f 5178 5179 5180
f 5180 5179 5181
f 5180 5181 5182
f 5182 5181 5183
f 5182 5183 5184
f 5184 5183 5185
f 5128 5186 5129
f 5129 5186 5187
f 5129 5187 5130
f 5130 5187 5188
f 5130 5188 5131
f 5131 5188 5189
f 5131 5189 5132
f 5132 5189 5170
f 5132 5170 5190
f 5190 5170 5172
f 5190 5172 5191
f 5172 5174 5191
f 5191 5174 5176
f 5191 5176 5192
f 5192 5176 5178
f 5192 5178 5193
f 5193 5178 5180
f 5193 5180 5194
f 5194 5180 5182
f 5194 5182 5126
f 5126 5182 5184
f 5126 5184 5127
f 5127 5184 5195
f 5127 5195 5128
f 5128 5195 5196
f 5128 5196 5186
f 5197 5125 5198
f 5198 5125 5124
f 5198 5124 5199
f 5199 5124 5123
f 5199 5123 5200
f 5200 5123 5119
f 5200 5119 5201
f 5201 5119 5117
f 5201 5117 5202
f 5202 5117 5116
f 5202 5116 5203
f 5203 5116 5115
f 5204 5205 5206
f 5206 5205 5207
f 5206 5207 5208
f 5208 5207 5209
f 5208 5209 5210
f 5210 5209 5211
f 5210 5211 5212
f 5212 5211 5213
f 5212 5213 5214
f 5214 5213 5215
f 5214 5215 5216
f 5216 5215 5217
f 5216 5217 5218
f 5218 5217 5219
f 5068 5220 5069
f 5069 5220 5221
f 5069 5221 5070
f 5070 5221 5222
f 5070 5222 5071
f 5071 5222 5223
f 5071 5223 5072
f 5072 5223 5204
f 5072 5204 5224
f 5224 5204 5206
f 5224 5206 5225
f 5206 5208 5225
f 5225 5208 5210
f 5225 5210 5226
f 5226 5210 5212
f 5226 5212 5227
f 5227 5212 5214
f 5227 5214 5228
f 5228 5214 5216
f 5228 5216 5066
f 5066 5216 5218
f 5066 5218 5067
f 5067 5218 5229
f 5067 5229 5068
f 5068 5229 5230
f 5068 5230 5220
f 5231 5055 5232
f 5232 5055 5054
f 5232 5054 5233
f 5233 5054 5060
f 5233 5060 5234
f 5234 5060 5061
f 5234 5061 5235
f 5235 5061 5062
f 5235 5062 5236
f 5236 5062 5058
f 5236 5058 5237
f 5237 5058 5065
f 5238 5239 5240
f 5240 5239 5241
f 5240 5241 5242
f 5242 5241 5243
f 5242 5243 5244
f 5244 5243 5245
f 5244 5245 5246
f 5246 5245 5247
f 5246 5247 5248
f 5248 5247 5249
f 5248 5249 5250
f 5250 5249 5251
f 5250 5251 5252
f 5252 5251 5253
f 5254 5244 5255
f 5255 5244 5246
f 5255 5246 5256
f 5256 5246 5248
f 5256 5248 5257
f 5257 5248 5250
f 5257 5250 5036
f 5036 5250 5252
f 5036 5252 5037
f 5037 5252 5258
f 5037 5258 5038
f 5258 5259 5038
f 5038 5259 5260
f 5038 5260 5039
f 5039 5260 5261
f 5039 5261 5040
f 5040 5261 5262
f 5040 5262 5041
f 5041 5262 5263
f 5041 5263 5042
f 5042 5263 5238
f 5042 5238 5264
f 5264 5238 5240
f 5264 5240 5254
f 5254 5240 5242
f 5254 5242 5244
f 5265 5033 5266
f 5266 5033 5029
f 5266 5029 5267
f 5267 5029 5028
f 5267 5028 5268
f 5268 5028 5027
f 5268 5027 5269
f 5269 5027 5030
f 5269 5030 5270
f 5270 5030 5031
f 5270 5031 5271
f 5271 5031 5032
f 5272 5273 5274
f 5274 5273 5275
f 5274 5275 5276
f 5276 5275 5277
f 5276 5277 5278
f 5278 5277 5279
f 5278 5279 5280
f 5280 5279 5281
f 5280 5281 5282
f 5282 5281 5283
f 5282 5283 5284
f 5284 5283 5285
f 5284 5285 5286
f 5286 5285 5287
f 5098 5288 5099
f 5099 5288 5289
f 5099 5289 5100
f 5100 5289 5290
f 5100 5290 5101
f 5101 5290 5291
f 5101 5291 5102
f 5102 5291 5272
f 5102 5272 5292
f 5292 5272 5274
f 5292 5274 5293
f 5274 5276 5293
f 5293 5276 5278
f 5293 5278 5294
f 5294 5278 5280
f 5294 5280 5295
f 5295 5280 5282
f 5295 5282 5296
f 5296 5282 5284
f 5296 5284 5096
f 5096 5284 5286
f 5096 5286 5097
f 5097 5286 5297
f 5097 5297 5098
f 5098 5297 5298
f 5098 5298 5288
f 5299 5092 5300
f 5300 5092 5086
f 5300 5086 5301
f 5301 5086 5085
f 5301 5085 5302
f 5302 5085 5084
f 5302 5084 5303
f 5303 5084 5095
f 5303 5095 5304
f 5304 5095 5094
f 5304 5094 5305
f 5305 5094 5093
f 5306 5307 5308
f 5308 5307 5309
f 5308 5309 5310
f 5310 5309 5311
f 5310 5311 5312
f 5312 5311 5313
f 5312 5313 5314
f 5314 5313 5315
f 5314 5315 5316
f 5316 5315 5317
f 5316 5317 5318
f 5318 5317 5319
f 5320 5310 5312
f 5308 5310 5320
f 5306 5308 5320
f 5320 5316 5318
f 5314 5316 5320
f 5312 5314 5320
f 5321 5322 5323
f 5323 5322 5324
f 5323 5324 5325
f 5325 5324 5326
f 5325 5326 5327
f 5327 5326 5328
f 5327 5328 5329
f 5329 5328 5330
f 5329 5330 5331
f 5331 5330 5332
f 5331 5332 5333
f 5333 5332 5334
f 5335 5325 5327
f 5323 5325 5335
f 5321 5323 5335
f 5335 5331 5333
f 5329 5331 5335
f 5327 5329 5335
f 5336 5337 5338
f 5338 5337 5339
f 5338 5339 5340
f 5340 5339 5341
f 5340 5341 5342
f 5342 5341 5343
f 5342 5343 5344
f 5344 5343 5345
f 5344 5345 5346
f 5346 5345 5347
f 5346 5347 5348
f 5348 5347 5349
f 5350 5340 5342
f 5338 5340 5350
f 5336 5338 5350
f 5350 5346 5348
f 5344 5346 5350
f 5342 5344 5350
f 5351 5352 5353
f 5353 5352 5354
f 5353 5354 5355
f 5355 5354 5356
f 5355 5356 5357
f 5357 5356 5358
f 5357 5358 5359
f 5359 5358 5360
f 5359 5360 5361
f 5361 5360 5362
f 5361 5362 5363
f 5363 5362 5364
f 5365 5355 5357
f 5353 5355 5365
f 5351 5353 5365
f 5365 5361 5363
f 5359 5361 5365
f 5357 5359 5365
f 4740 5202 4753
f 4753 5202 5203
f 4753 5203 4761
f 4761 5203 5366
f 4761 5366 4759
f 4759 5366 5367
f 4759 5367 4756
f 4756 5367 5368
f 5198 5199 4740
f 5199 5200 4740
f 4740 5200 5201
f 4740 5201 5202
f 4754 5369 5370
f 4754 5370 4751
f 4751 5370 5231
f 4751 5231 4749
f 4749 5231 5232
f 4749 5232 4747
f 4747 5232 5233
f 4747 5233 4738
f 4740 5300 5301
f 5371 5265 5237
f 4738 5267 4736
f 4736 5267 5268
f 4736 5268 4745
f 4745 5268 5269
f 4745 5269 4743
f 4743 5269 5270
f 4743 5270 4740
f 5301 5302 4740
f 4740 5302 5303
f 4740 5303 5198
f 5198 5303 5304
f 5198 5304 5197
f 5197 5304 5305
f 5197 5305 5372
f 5270 5271 4740
f 4740 5271 5373
f 4740 5373 5300
f 5300 5373 5374
f 5300 5374 5375
f 5376 5369 5299
f 5299 5369 4754
f 5299 4754 5377
f 5377 4754 4763
f 5377 4763 5378
f 5378 4763 4765
f 5378 4765 5379
f 5379 4765 4767
f 5379 4767 5380
f 5380 4767 4756
f 5380 4756 5381
f 5381 4756 5368
f 5381 5368 5305
f 5305 5368 5382
f 5305 5382 5372
f 5237 5265 5236
f 5233 5234 4738
f 4738 5234 5235
f 4738 5235 5267
f 5267 5235 5236
f 5267 5236 5266
f 5266 5236 5265
f 5376 5299 5383
f 5383 5299 5300
f 5383 5300 5384
f 5384 5300 5375
f 5384 5375 5237
f 5237 5375 5385
f 5237 5385 5371
f 4750 4687 4755
f 4755 4687 4703
f 4766 4714 4757
f 4757 4714 4727
f 4752 4722 4741
f 4741 4722 4711
f 4737 4695 4739
f 4739 4695 4692
f 4657 4655 5386
f 5387 5388 5389
f 4713 4716 5390
f 5277 5275 4701
f 4701 5275 5273
f 4701 5273 4702
f 4702 5273 5391
f 4702 5391 4718
f 4718 5391 5392
f 4718 5392 4716
f 5393 5394 4719
f 5394 5395 4719
f 4719 5395 5253
f 4719 5253 4712
f 4712 5253 5251
f 4712 5251 4710
f 4710 5251 5249
f 4697 4696 5249
f 5249 4696 4708
f 5249 4708 4710
f 5396 5387 4704
f 5396 4704 5205
f 5205 4704 4686
f 5205 4686 5207
f 5207 4686 4689
f 5207 4689 5209
f 5397 4669 4667
f 5398 4681 5399
f 5399 4681 4679
f 5399 4679 4677
f 4667 4662 5397
f 5397 4662 4664
f 5397 4664 5398
f 5398 4664 4683
f 5398 4683 4681
f 4675 4673 5400
f 4673 4684 5400
f 5400 4684 5401
f 5400 5401 5402
f 5403 4671 5404
f 5404 4671 4669
f 5386 4655 5399
f 4655 4653 5399
f 5399 4653 4651
f 5399 4651 5398
f 5398 4651 4649
f 5398 4649 5405
f 5406 5407 5408
f 5408 5407 5409
f 5408 5409 5410
f 5406 5411 5407
f 5407 5411 4661
f 5407 4661 5412
f 5412 4661 4659
f 5412 4659 4657
f 5171 5413 5414
f 5179 5177 5415
f 5415 5177 5175
f 5415 5175 5173
f 5413 5416 5414
f 5414 5416 5417
f 5414 5417 5418
f 5418 5417 5419
f 5418 5419 4735
f 4735 5419 5420
f 4735 5420 4733
f 4733 5420 5421
f 4733 5421 4720
f 4720 5421 5185
f 4720 5185 4721
f 4721 5185 5183
f 4721 5183 5181
f 5422 5219 4699
f 4699 5219 5217
f 4699 5217 4700
f 5388 5423 5424
f 5424 5423 5425
f 5424 5425 5426
f 4689 4691 5209
f 5209 4691 4693
f 5209 4693 5211
f 5211 4693 4694
f 5211 4694 5213
f 5213 4694 4700
f 5213 4700 5215
f 5215 4700 5217
f 5249 5247 4697
f 4697 5247 5245
f 4697 5245 4698
f 4698 5245 5243
f 4698 5243 5241
f 5239 5427 5428
f 5428 5427 5429
f 5428 5429 5430
f 5287 5285 5431
f 5432 5433 5434
f 5434 5433 5435
f 4716 5392 5390
f 5390 5392 5436
f 5390 5436 5432
f 5432 5436 5437
f 5432 5437 5433
f 5431 5285 5438
f 5438 5285 5283
f 5438 5283 5281
f 4657 5386 5412
f 5412 5386 5439
f 5412 5439 5440
f 5360 5428 5441
f 5441 5428 5430
f 5441 5430 5393
f 5440 5442 5412
f 5412 5442 5364
f 5412 5364 5441
f 5441 5364 5362
f 5441 5362 5360
f 5360 5358 5428
f 5428 5358 5356
f 5428 5356 5426
f 5356 5354 5426
f 5426 5354 5352
f 5426 5352 5399
f 5399 5352 5443
f 5399 5443 5386
f 5386 5443 5444
f 5386 5444 5439
f 5179 5415 5445
f 5445 5415 5446
f 5445 5446 5447
f 5447 5448 5445
f 5445 5448 5319
f 5445 5319 5407
f 5313 5409 5315
f 5315 5409 5407
f 5315 5407 5317
f 5317 5407 5319
f 5313 5311 5409
f 5409 5311 5398
f 5409 5398 5410
f 5410 5398 5405
f 5309 5307 5431
f 5431 5307 5449
f 5431 5449 5415
f 5415 5449 5450
f 5415 5450 5446
f 4735 4726 5418
f 5418 4726 4725
f 5418 4725 5414
f 5414 4725 4731
f 5414 4731 5434
f 5434 4731 4730
f 5434 4730 5432
f 5432 4730 4729
f 5432 4729 5390
f 5390 4729 4728
f 5390 4728 4713
f 5435 5287 5434
f 5434 5287 5431
f 5434 5431 5414
f 5414 5431 5415
f 5414 5415 5171
f 5171 5415 5173
f 5451 5452 5438
f 5453 5349 5431
f 5431 5349 5398
f 5431 5398 5309
f 5309 5398 5311
f 5438 5452 5431
f 5431 5452 5454
f 5431 5454 5453
f 5349 5347 5398
f 5398 5347 5345
f 5398 5345 5397
f 5397 5345 5343
f 5397 5343 5341
f 5341 5339 5397
f 5397 5339 5337
f 5397 5337 5438
f 5438 5337 5455
f 5438 5455 5451
f 4669 5397 5404
f 5404 5397 5438
f 5404 5438 5456
f 5456 5438 5281
f 5456 5281 5279
f 5393 4719 5441
f 5441 4719 4724
f 5441 4724 5412
f 5412 4724 4723
f 5412 4723 5407
f 5407 4723 4721
f 5407 4721 5445
f 5445 4721 5181
f 5445 5181 5179
f 5424 5328 5326
f 5326 5324 5424
f 5424 5324 5322
f 5424 5322 5400
f 5400 5322 5457
f 5400 5457 5458
f 5458 5459 5400
f 5400 5459 5399
f 5400 5399 4675
f 4675 5399 4677
f 5328 5424 5330
f 5330 5424 5426
f 5330 5426 5332
f 5459 5460 5399
f 5399 5460 5461
f 5399 5461 5426
f 5426 5461 5334
f 5426 5334 5332
f 5388 5424 5389
f 5389 5424 5400
f 5389 5400 5403
f 5403 5400 5402
f 5403 5402 4671
f 5387 5389 4704
f 4704 5389 5403
f 4704 5403 4705
f 4705 5403 5404
f 4705 5404 4706
f 4706 5404 5456
f 4706 5456 4701
f 4701 5456 5279
f 4701 5279 5277
f 5425 5422 5426
f 5426 5422 4699
f 5426 4699 5428
f 5428 4699 4698
f 5428 4698 5239
f 5239 4698 5241
f 5365 5462 5463
f 5464 5462 5365
f 5363 5464 5365
f 5365 5465 5351
f 5466 5465 5365
f 5463 5466 5365
f 5363 5364 5464
f 5464 5364 5442
f 5464 5442 5462
f 5462 5442 5440
f 5462 5440 5463
f 5463 5440 5439
f 5463 5439 5466
f 5466 5439 5444
f 5466 5444 5465
f 5465 5444 5443
f 5465 5443 5351
f 5351 5443 5352
f 5350 5467 5468
f 5469 5467 5350
f 5348 5469 5350
f 5350 5470 5336
f 5471 5470 5350
f 5468 5471 5350
f 5348 5349 5469
f 5469 5349 5453
f 5469 5453 5467
f 5467 5453 5454
f 5467 5454 5468
f 5468 5454 5452
f 5468 5452 5471
f 5471 5452 5451
f 5471 5451 5470
f 5470 5451 5455
f 5470 5455 5336
f 5336 5455 5337
f 5335 5472 5473
f 5474 5472 5335
f 5333 5474 5335
f 5335 5475 5321
f 5476 5475 5335
f 5473 5476 5335
f 5333 5334 5474
f 5474 5334 5461
f 5474 5461 5472
f 5472 5461 5460
f 5472 5460 5473
f 5473 5460 5459
f 5473 5459 5476
f 5476 5459 5458
f 5476 5458 5475
f 5475 5458 5457
f 5475 5457 5321
f 5321 5457 5322
f 5320 5477 5478
f 5479 5477 5320
f 5318 5479 5320
f 5320 5480 5306
f 5481 5480 5320
f 5478 5481 5320
f 5318 5319 5479
f 5479 5319 5448
f 5479 5448 5477
f 5477 5448 5447
f 5477 5447 5478
f 5478 5447 5446
f 5478 5446 5481
f 5481 5446 5450
f 5481 5450 5480
f 5480 5450 5449
f 5480 5449 5306
f 5306 5449 5307
f 5305 5093 5381
f 5381 5093 5089
f 5381 5089 5380
f 5380 5089 5088
f 5380 5088 5379
f 5379 5088 5087
f 5379 5087 5378
f 5378 5087 5090
f 5378 5090 5377
f 5377 5090 5091
f 5377 5091 5299
f 5299 5091 5092
f 5286 5287 5297
f 5297 5287 5435
f 5297 5435 5298
f 5298 5435 5433
f 5298 5433 5288
f 5288 5433 5437
f 5288 5437 5289
f 5289 5437 5436
f 5289 5436 5290
f 5290 5436 5392
f 5290 5392 5291
f 5291 5392 5391
f 5291 5391 5272
f 5272 5391 5273
f 5271 5032 5373
f 5373 5032 5026
f 5373 5026 5374
f 5374 5026 5025
f 5374 5025 5375
f 5375 5025 5024
f 5375 5024 5385
f 5385 5024 5035
f 5385 5035 5371
f 5371 5035 5034
f 5371 5034 5265
f 5265 5034 5033
f 5252 5253 5258
f 5258 5253 5395
f 5258 5395 5259
f 5259 5395 5394
f 5259 5394 5260
f 5260 5394 5393
f 5260 5393 5261
f 5261 5393 5430
f 5261 5430 5262
f 5262 5430 5429
f 5262 5429 5263
f 5263 5429 5427
f 5263 5427 5238
f 5238 5427 5239
f 5237 5065 5384
f 5384 5065 5064
f 5384 5064 5383
f 5383 5064 5063
f 5383 5063 5376
f 5376 5063 5059
f 5376 5059 5369
f 5369 5059 5057
f 5369 5057 5370
f 5370 5057 5056
f 5370 5056 5231
f 5231 5056 5055
f 5218 5219 5229
f 5229 5219 5422
f 5229 5422 5230
f 5230 5422 5425
f 5230 5425 5220
f 5220 5425 5423
f 5220 5423 5221
f 5221 5423 5388
f 5221 5388 5222
f 5222 5388 5387
f 5222 5387 5223
f 5223 5387 5396
f 5223 5396 5204
f 5204 5396 5205
f 5203 5115 5366
f 5366 5115 5114
f 5366 5114 5367
f 5367 5114 5120
f 5367 5120 5368
f 5368 5120 5121
f 5368 5121 5382
f 5382 5121 5122
f 5382 5122 5372
f 5372 5122 5118
f 5372 5118 5197
f 5197 5118 5125
f 5184 5185 5195
f 5195 5185 5421
f 5195 5421 5196
f 5196 5421 5420
f 5196 5420 5186
f 5186 5420 5419
f 5186 5419 5187
f 5187 5419 5417
f 5187 5417 5188
f 5188 5417 5416
f 5188 5416 5189
f 5189 5416 5413
f 5189 5413 5170
f 5170 5413 5171
f 5160 4660 5167
f 5167 4660 5482
f 5167 5482 5169
f 5169 5482 5483
f 5169 5483 5168
f 5168 5483 5484
f 5168 5484 5161
f 5161 5484 5485
f 5161 5485 5162
f 5162 5485 5486
f 5162 5486 5163
f 5163 5486 4648
f 5150 4670 5144
f 5144 4670 5487
f 5144 5487 5145
f 5145 5487 5488
f 5145 5488 5146
f 5146 5488 4685
f 4768 5132 5489
f 5489 5132 5190
f 5489 5190 5490
f 5490 5190 5491
f 5491 5190 5191
f 5491 5191 5492
f 5492 5191 5493
f 5493 5191 5192
f 5493 5192 5494
f 5494 5192 5495
f 5495 5192 5193
f 5495 5193 5496
f 5496 5193 5497
f 5497 5193 5194
f 5497 5194 5498
f 5498 5194 5499
f 5499 5194 5126
f 5499 5126 4819
f 4820 5102 5500
f 5500 5102 5292
f 5500 5292 5501
f 5501 5292 5502
f 5502 5292 5293
f 5502 5293 5503
f 5503 5293 5504
f 5504 5293 5294
f 5504 5294 5505
f 5505 5294 5506
f 5506 5294 5295
f 5506 5295 5507
f 5507 5295 5508
f 5508 5295 5296
f 5508 5296 5509
f 5509 5296 5510
f 5510 5296 5096
f 5510 5096 4871
f 4872 5072 5511
f 5511 5072 5224
f 5511 5224 5512
f 5512 5224 5513
f 5513 5224 5225
f 5513 5225 5514
f 5514 5225 5515
f 5515 5225 5226
f 5515 5226 5516
f 5516 5226 5517
f 5517 5226 5227
f 5517 5227 5518
f 5518 5227 5519
f 5519 5227 5228
f 5519 5228 5520
f 5520 5228 5521
f 5521 5228 5066
f 5521 5066 4923
f 4924 5042 5522
f 5522 5042 5264
f 5522 5264 5523
f 5523 5264 5524
f 5524 5264 5254
f 5524 5254 5525
f 5525 5254 5526
f 5526 5254 5255
f 5526 5255 5527
f 5527 5255 5528
f 5528 5255 5256
f 5528 5256 5529
f 5529 5256 5530
f 5530 5256 5257
f 5530 5257 5531
f 5531 5257 5532
f 5532 5257 5036
f 5532 5036 4975
f 4975 4963 5533
f 4963 4952 5534
f 4952 4951 5047
f 4952 5047 5534
f 5534 5047 5046
f 5534 5046 5535
f 5535 5046 5050
f 5535 5050 5536
f 5536 5050 5049
f 5536 5049 5537
f 5537 5049 5048
f 5537 5048 5538
f 5538 5048 5044
f 5538 5044 5539
f 5539 5044 5043
f 5539 5043 5540
f 5540 5043 5053
f 5540 5053 5541
f 5541 5053 5052
f 5541 5052 5542
f 5542 5052 5051
f 5542 5051 5543
f 5543 5051 5045
f 5543 5045 5544
f 5544 5045 4929
f 5544 4929 4927
f 4963 5534 5533
f 5533 5534 5535
f 5533 5535 5545
f 5545 5535 5536
f 5545 5536 5546
f 5546 5536 5537
f 5546 5537 5547
f 5547 5537 5538
f 5547 5538 5548
f 5548 5538 5539
f 5548 5539 5549
f 5549 5539 5540
f 5549 5540 5550
f 5550 5540 5541
f 5550 5541 5551
f 5551 5541 5542
f 5551 5542 5552
f 5552 5542 5543
f 5552 5543 5553
f 5553 5543 5544
f 5553 5544 5554
f 5554 5544 4927
f 5554 4927 4925
f 4975 5533 5532
f 5532 5533 5545
f 5532 5545 5531
f 5531 5545 5546
f 5531 5546 5530
f 5530 5546 5547
f 5530 5547 5529
f 5529 5547 5548
f 5529 5548 5528
f 5528 5548 5549
f 5528 5549 5527
f 5527 5549 5550
f 5527 5550 5526
f 5526 5550 5551
f 5526 5551 5525
f 5525 5551 5552
f 5525 5552 5524
f 5524 5552 5553
f 5524 5553 5523
f 5523 5553 5554
f 5523 5554 5522
f 5522 5554 4925
f 5522 4925 4924
f 4923 4911 5555
f 4911 4900 5556
f 4900 4899 5083
f 4900 5083 5556
f 5556 5083 5074
f 5556 5074 5557
f 5557 5074 5073
f 5557 5073 5558
f 5558 5073 5079
f 5558 5079 5559
f 5559 5079 5076
f 5559 5076 5560
f 5560 5076 5075
f 5560 5075 5561
f 5561 5075 5082
f 5561 5082 5562
f 5562 5082 5081
f 5562 5081 5563
f 5563 5081 5080
f 5563 5080 5564
f 5564 5080 5078
f 5564 5078 5565
f 5565 5078 5077
f 5565 5077 5566
f 5566 5077 4877
f 5566 4877 4875
f 4911 5556 5555
f 5555 5556 5557
f 5555 5557 5567
f 5567 5557 5558
f 5567 5558 5568
f 5568 5558 5559
f 5568 5559 5569
f 5569 5559 5560
f 5569 5560 5570
f 5570 5560 5561
f 5570 5561 5571
f 5571 5561 5562
f 5571 5562 5572
f 5572 5562 5563
f 5572 5563 5573
f 5573 5563 5564
f 5573 5564 5574
f 5574 5564 5565
f 5574 5565 5575
f 5575 5565 5566
f 5575 5566 5576
f 5576 5566 4875
f 5576 4875 4873
f 4923 5555 5521
f 5521 5555 5567
f 5521 5567 5520
f 5520 5567 5568
f 5520 5568 5519
f 5519 5568 5569
f 5519 5569 5518
f 5518 5569 5570
f 5518 5570 5517
f 5517 5570 5571
f 5517 5571 5516
f 5516 5571 5572
f 5516 5572 5515
f 5515 5572 5573
f 5515 5573 5514
f 5514 5573 5574
f 5514 5574 5513
f 5513 5574 5575
f 5513 5575 5512
f 5512 5575 5576
f 5512 5576 5511
f 5511 5576 4873
f 5511 4873 4872
f 4871 4859 5577
f 4859 4848 5578
f 4848 4847 5107
f 4848 5107 5578
f 5578 5107 5106
f 5578 5106 5579
f 5579 5106 5113
f 5579 5113 5580
f 5580 5113 5112
f 5580 5112 5581
f 5581 5112 5111
f 5581 5111 5582
f 5582 5111 5104
f 5582 5104 5583
f 5583 5104 5103
f 5583 5103 5584
f 5584 5103 5110
f 5584 5110 5585
f 5585 5110 5109
f 5585 5109 5586
f 5586 5109 5108
f 5586 5108 5587
f 5587 5108 5105
f 5587 5105 5588
f 5588 5105 4825
f 5588 4825 4823
f 4859 5578 5577
f 5577 5578 5579
f 5577 5579 5589
f 5589 5579 5580
f 5589 5580 5590
f 5590 5580 5581
f 5590 5581 5591
f 5591 5581 5582
f 5591 5582 5592
f 5592 5582 5583
f 5592 5583 5593
f 5593 5583 5584
f 5593 5584 5594
f 5594 5584 5585
f 5594 5585 5595
f 5595 5585 5586
f 5595 5586 5596
f 5596 5586 5587
f 5596 5587 5597
f 5597 5587 5588
f 5597 5588 5598
f 5598 5588 4823
f 5598 4823 4821
f 4871 5577 5510
f 5510 5577 5589
f 5510 5589 5509
f 5509 5589 5590
f 5509 5590 5508
f 5508 5590 5591
f 5508 5591 5507
f 5507 5591 5592
f 5507 5592 5506
f 5506 5592 5593
f 5506 5593 5505
f 5505 5593 5594
f 5505 5594 5504
f 5504 5594 5595
f 5504 5595 5503
f 5503 5595 5596
f 5503 5596 5502
f 5502 5596 5597
f 5502 5597 5501
f 5501 5597 5598
f 5501 5598 5500
f 5500 5598 4821
f 5500 4821 4820
f 4819 4807 5599
f 4807 4796 5600
f 4796 4795 5140
f 4796 5140 5600
f 5600 5140 5139
f 5600 5139 5601
f 5601 5139 5143
f 5601 5143 5602
f 5602 5143 5142
f 5602 5142 5603
f 5603 5142 5141
f 5603 5141 5604
f 5604 5141 5137
f 5604 5137 5605
f 5605 5137 5136
f 5605 5136 5606
f 5606 5136 5135
f 5606 5135 5607
f 5607 5135 5134
f 5607 5134 5608
f 5608 5134 5133
f 5608 5133 5609
f 5609 5133 5138
f 5609 5138 5610
f 5610 5138 4773
f 5610 4773 4771
f 4807 5600 5599
f 5599 5600 5601
f 5599 5601 5611
f 5611 5601 5602
f 5611 5602 5612
f 5612 5602 5603
f 5612 5603 5613
f 5613 5603 5604
f 5613 5604 5614
f 5614 5604 5605
f 5614 5605 5615
f 5615 5605 5606
f 5615 5606 5616
f 5616 5606 5607
f 5616 5607 5617
f 5617 5607 5608
f 5617 5608 5618
f 5618 5608 5609
f 5618 5609 5619
f 5619 5609 5610
f 5619 5610 5620
f 5620 5610 4771
f 5620 4771 4769
f 4819 5599 5499
f 5499 5599 5611
f 5499 5611 5498
f 5498 5611 5612
f 5498 5612 5497
f 5497 5612 5613
f 5497 5613 5496
f 5496 5613 5614
f 5496 5614 5495
f 5495 5614 5615
f 5495 5615 5494
f 5494 5615 5616
f 5494 5616 5493
f 5493 5616 5617
f 5493 5617 5492
f 5492 5617 5618
f 5492 5618 5491
f 5491 5618 5619
f 5491 5619 5490
f 5490 5619 5620
f 5490 5620 5489
f 5489 5620 4769
f 5489 4769 4768
f 4670 4671 5487
f 5487 4671 5402
f 5487 5402 5488
f 5488 5402 5401
f 5488 5401 4685
f 4685 5401 4684
f 4660 4661 5482
f 5482 4661 5411
f 5482 5411 5483
f 5483 5411 5406
f 5483 5406 5484
f 5484 5406 5408
f 5484 5408 5485
f 5485 5408 5410
f 5485 5410 5486
f 5486 5410 5405
f 5486 5405 4648
f 4648 5405 4649
f 5621 5622 5623
f 5621 5623 5624
f 5624 5623 5625
f 5624 5625 5626
f 5626 5625 5627
f 5626 5627 5628
f 5628 5627 5629
f 5628 5629 5630
f 5630 5629 5631
f 5630 5631 5632
f 5632 5631 5633
f 5632 5633 5634
f 5634 5633 5635
f 5634 5635 5636
f 5637 5638 5639
f 5637 5639 5640
f 5640 5639 5641
f 5640 5641 5642
f 5642 5641 5643
f 5642 5643 5644
f 5644 5643 5645
f 5644 5645 5646
f 5646 5645 5647
f 5646 5647 5648
f 5648 5647 5649
f 5648 5649 5650
f 5650 5649 5651
f 5650 5651 5652
f 5653 5654 5655
f 5653 5655 5656
f 5656 5655 5657
f 5656 5657 5658
f 5658 5657 5659
f 5658 5659 5660
f 5660 5659 5661
f 5660 5661 5662
f 5662 5661 5663
f 5662 5663 5664
f 5664 5663 5665
f 5664 5665 5666
f 5666 5665 5667
f 5666 5667 5668
f 5669 5670 5671
f 5669 5671 5672
f 5672 5671 5673
f 5672 5673 5674
f 5674 5673 5675
f 5674 5675 5676
f 5676 5675 5677
f 5676 5677 5678
f 5678 5677 5679
f 5678 5679 5680
f 5680 5679 5681
f 5680 5681 5682
f 5682 5681 5683
f 5682 5683 5684
f 5685 5686 5687
f 5685 5687 5688
f 5688 5687 5689
f 5688 5689 5690
f 5690 5689 5691
f 5690 5691 5692
f 5692 5691 5693
f 5692 5693 5694
f 5694 5693 5695
f 5694 5695 5696
f 5696 5695 5697
f 5696 5697 5698
f 5698 5697 5699
f 5698 5699 5700
f 5701 5702 5703
f 5701 5703 5704
f 5704 5703 5705
f 5704 5705 5706
f 5706 5705 5707
f 5706 5707 5708
f 5708 5707 5709
f 5708 5709 5710
f 5710 5709 5711
f 5710 5711 5712
f 5712 5711 5713
f 5712 5713 5714
f 5714 5713 5715
f 5714 5715 5716
f 5717 5718 5719
f 5717 5719 5720
f 5720 5719 5721
f 5720 5721 5722
f 5722 5721 5723
f 5722 5723 5724
f 5724 5723 5725
f 5724 5725 5726
f 5726 5725 5727
f 5726 5727 5728
f 5728 5727 5729
f 5728 5729 5730
f 5730 5729 5731
f 5730 5731 5732
f 5733 5734 5735
f 5733 5735 5736
f 5736 5735 5737
f 5736 5737 5738
f 5738 5737 5739
f 5738 5739 5740
f 5740 5739 5741
f 5740 5741 5742
f 5742 5741 5743
f 5742 5743 5744
f 5744 5743 5745
f 5744 5745 5746
f 5746 5745 5747
f 5746 5747 5748
f 5738 5740 5749
f 5750 5733 5751
f 5751 5733 5736
f 5749 5740 5752
f 5752 5740 5742
f 5752 5742 5753
f 5749 5754 5738
f 5738 5754 5755
f 5738 5755 5736
f 5736 5755 5756
f 5736 5756 5751
f 5753 5742 5757
f 5757 5742 5744
f 5757 5744 5758
f 5758 5744 5746
f 5758 5746 5759
f 5759 5746 5760
f 5760 5746 5748
f 5760 5748 5761
f 5762 5747 5763
f 5763 5747 5745
f 5743 5741 5764
f 5764 5741 5765
f 5765 5741 5739
f 5765 5739 5766
f 5766 5739 5767
f 5767 5739 5737
f 5767 5737 5768
f 5768 5737 5735
f 5768 5735 5769
f 5769 5735 5770
f 5770 5735 5734
f 5770 5734 5771
f 5764 5772 5743
f 5743 5772 5773
f 5743 5773 5745
f 5745 5773 5774
f 5745 5774 5763
f 5722 5724 5775
f 5776 5717 5777
f 5777 5717 5720
f 5775 5724 5778
f 5778 5724 5726
f 5778 5726 5779
f 5775 5780 5722
f 5722 5780 5781
f 5722 5781 5720
f 5720 5781 5782
f 5720 5782 5777
f 5779 5726 5783
f 5783 5726 5728
f 5783 5728 5784
f 5784 5728 5730
f 5784 5730 5785
f 5785 5730 5786
f 5786 5730 5732
f 5786 5732 5787
f 5788 5731 5789
f 5789 5731 5729
f 5727 5725 5790
f 5790 5725 5791
f 5791 5725 5723
f 5791 5723 5792
f 5792 5723 5793
f 5793 5723 5721
f 5793 5721 5794
f 5794 5721 5719
f 5794 5719 5795
f 5795 5719 5796
f 5796 5719 5718
f 5796 5718 5797
f 5790 5798 5727
f 5727 5798 5799
f 5727 5799 5729
f 5729 5799 5800
f 5729 5800 5789
f 5706 5708 5801
f 5802 5701 5803
f 5803 5701 5704
f 5801 5708 5804
f 5804 5708 5710
f 5804 5710 5805
f 5801 5806 5706
f 5706 5806 5807
f 5706 5807 5704
f 5704 5807 5808
f 5704 5808 5803
f 5805 5710 5809
f 5809 5710 5712
f 5809 5712 5810
f 5810 5712 5714
f 5810 5714 5811
f 5811 5714 5812
f 5812 5714 5716
f 5812 5716 5813
f 5814 5715 5815
f 5815 5715 5713
f 5711 5709 5816
f 5816 5709 5817
f 5817 5709 5707
f 5817 5707 5818
f 5818 5707 5819
f 5819 5707 5705
f 5819 5705 5820
f 5820 5705 5703
f 5820 5703 5821
f 5821 5703 5822
f 5822 5703 5702
f 5822 5702 5823
f 5816 5824 5711
f 5711 5824 5825
f 5711 5825 5713
f 5713 5825 5826
f 5713 5826 5815
f 5827 5685 5828
f 5828 5685 5688
f 5700 5829 5830
f 5700 5830 5698
f 5690 5831 5688
f 5688 5831 5832
f 5688 5832 5828
f 5694 5833 5692
f 5692 5833 5834
f 5692 5834 5690
f 5690 5834 5835
f 5690 5835 5831
f 5830 5836 5698
f 5698 5836 5837
f 5698 5837 5696
f 5696 5837 5838
f 5696 5838 5694
f 5694 5838 5839
f 5694 5839 5833
f 5840 5699 5841
f 5841 5699 5697
f 5841 5697 5842
f 5842 5697 5843
f 5843 5697 5695
f 5843 5695 5844
f 5844 5695 5845
f 5845 5695 5693
f 5845 5693 5846
f 5846 5693 5691
f 5846 5691 5847
f 5847 5691 5848
f 5848 5691 5689
f 5848 5689 5849
f 5849 5689 5687
f 5849 5687 5850
f 5850 5687 5851
f 5851 5687 5686
f 5851 5686 5852
f 5674 5676 5853
f 5854 5669 5855
f 5855 5669 5672
f 5853 5676 5856
f 5856 5676 5678
f 5856 5678 5857
f 5853 5858 5674
f 5674 5858 5859
f 5674 5859 5672
f 5672 5859 5860
f 5672 5860 5855
f 5857 5678 5861
f 5861 5678 5680
f 5861 5680 5862
f 5862 5680 5682
f 5862 5682 5863
f 5863 5682 5864
f 5864 5682 5684
f 5864 5684 5865
f 5866 5683 5867
f 5867 5683 5681
f 5679 5677 5868
f 5868 5677 5869
f 5869 5677 5675
f 5869 5675 5870
f 5870 5675 5871
f 5871 5675 5673
f 5871 5673 5872
f 5872 5673 5671
f 5872 5671 5873
f 5873 5671 5874
f 5874 5671 5670
f 5874 5670 5875
f 5868 5876 5679
f 5679 5876 5877
f 5679 5877 5681
f 5681 5877 5878
f 5681 5878 5867
f 5879 5653 5880
f 5880 5653 5656
f 5668 5881 5882
f 5668 5882 5666
f 5658 5883 5656
f 5656 5883 5884
f 5656 5884 5880
f 5662 5885 5660
f 5660 5885 5886
f 5660 5886 5658
f 5658 5886 5887
f 5658 5887 5883
f 5882 5888 5666
f 5666 5888 5889
f 5666 5889 5664
f 5664 5889 5890
f 5664 5890 5662
f 5662 5890 5891
f 5662 5891 5885
f 5892 5667 5893
f 5893 5667 5665
f 5893 5665 5894
f 5894 5665 5895
f 5895 5665 5663
f 5895 5663 5896
f 5896 5663 5897
f 5897 5663 5661
f 5897 5661 5898
f 5898 5661 5659
f 5898 5659 5899
f 5899 5659 5900
f 5900 5659 5657
f 5900 5657 5901
f 5901 5657 5655
f 5901 5655 5902
f 5902 5655 5903
f 5903 5655 5654
f 5903 5654 5904
f 5905 5637 5906
f 5906 5637 5640
f 5652 5907 5908
f 5652 5908 5650
f 5642 5909 5640
f 5640 5909 5910
f 5640 5910 5906
f 5646 5911 5644
f 5644 5911 5912
f 5644 5912 5642
f 5642 5912 5913
f 5642 5913 5909
f 5908 5914 5650
f 5650 5914 5915
f 5650 5915 5648
f 5648 5915 5916
f 5648 5916 5646
f 5646 5916 5917
f 5646 5917 5911
f 5918 5651 5919
f 5919 5651 5649
f 5919 5649 5920
f 5920 5649 5921
f 5921 5649 5647
f 5921 5647 5922
f 5922 5647 5923
f 5923 5647 5645
f 5923 5645 5924
f 5924 5645 5643
f 5924 5643 5925
f 5925 5643 5926
f 5926 5643 5641
f 5926 5641 5927
f 5927 5641 5639
f 5927 5639 5928
f 5928 5639 5929
f 5929 5639 5638
f 5929 5638 5930
f 5931 5635 5932
f 5932 5635 5633
f 5932 5633 5933
f 5933 5633 5934
f 5934 5633 5631
f 5934 5631 5935
f 5935 5631 5936
f 5936 5631 5629
f 5936 5629 5937
f 5937 5629 5627
f 5937 5627 5938
f 5938 5627 5939
f 5939 5627 5625
f 5939 5625 5940
f 5940 5625 5623
f 5940 5623 5941
f 5941 5623 5942
f 5942 5623 5622
f 5942 5622 5943
f 5944 5621 5945
f 5945 5621 5624
f 5636 5946 5947
f 5636 5947 5634
f 5630 5948 5628
f 5628 5948 5949
f 5628 5949 5626
f 5947 5950 5634
f 5634 5950 5951
f 5634 5951 5632
f 5632 5951 5952
f 5632 5952 5630
f 5630 5952 5953
f 5630 5953 5948
f 5949 5954 5626
f 5626 5954 5955
f 5626 5955 5624
f 5624 5955 5956
f 5624 5956 5945
f 5957 5958 5959
f 5957 5959 5960
f 5960 5959 5961
f 5960 5961 5962
f 5962 5961 5963
f 5962 5963 5964
f 5964 5963 5965
f 5964 5965 5966
f 5966 5965 5967
f 5966 5967 5968
f 5968 5967 5969
f 5968 5969 5970
f 5970 5969 5971
f 5970 5971 5972
f 5972 5971 5973
f 5972 5973 5974
f 5970 5972 5975
f 5975 5972 5974
f 5975 5974 5976
f 5960 5962 5957
f 5957 5962 5964
f 5957 5964 5966
f 5977 5975 5978
f 5978 5975 5976
f 5978 5976 5979
f 5979 5976 5980
f 5975 5981 5970
f 5970 5981 5957
f 5970 5957 5968
f 5968 5957 5966
f 5965 5963 5982
f 5958 5983 5959
f 5959 5983 5984
f 5959 5984 5961
f 5961 5984 5985
f 5961 5985 5963
f 5963 5985 5986
f 5963 5986 5982
f 5987 5988 5989
f 5989 5988 5990
f 5989 5990 5991
f 5990 5992 5991
f 5991 5992 5993
f 5991 5993 5958
f 5958 5993 5994
f 5958 5994 5983
f 5995 5996 5997
f 5997 5996 5998
f 5997 5998 5987
f 5987 5998 5999
f 5987 5999 5988
f 6000 6001 6002
f 6002 6001 6003
f 6002 6003 5995
f 5995 6003 6004
f 5995 6004 5996
f 5969 6005 5971
f 5971 6005 6006
f 5971 6006 5973
f 5973 6006 6007
f 5973 6007 6000
f 6000 6007 6008
f 6000 6008 6001
f 5982 6009 5965
f 5965 6009 6010
f 5965 6010 5967
f 5967 6010 6011
f 5967 6011 5969
f 5969 6011 6012
f 5969 6012 6005
f 5752 6013 6014
f 5846 6009 5982
f 5846 5982 5845
f 5845 5982 5986
f 5845 5986 5844
f 5844 5986 5985
f 5844 5985 5843
f 5843 5985 5984
f 5843 5984 5842
f 5842 5984 5983
f 5842 5983 5841
f 5947 5946 6015
f 6015 5946 5931
f 5918 6015 5907
f 5907 6015 5931
f 5907 5931 5908
f 5892 6015 5881
f 5881 6015 5918
f 5881 5918 5882
f 5841 5983 5840
f 5840 5983 5994
f 5840 5994 5829
f 5830 5894 5836
f 5836 5894 5895
f 5836 5895 5837
f 5837 5895 5896
f 5837 5896 5838
f 5838 5896 5897
f 5838 5897 5839
f 5839 5897 5898
f 5839 5898 5833
f 5918 5919 5882
f 5882 5919 5920
f 5882 5920 5888
f 5888 5920 5921
f 5888 5921 5889
f 5889 5921 5922
f 5889 5922 5890
f 5890 5922 5923
f 5890 5923 5891
f 5891 5923 5924
f 5891 5924 5885
f 5931 5932 5908
f 5908 5932 5933
f 5908 5933 5914
f 5914 5933 5934
f 5914 5934 5915
f 5915 5934 5935
f 5915 5935 5916
f 5916 5935 5936
f 5916 5936 5917
f 5917 5936 5937
f 5917 5937 5911
f 6015 6016 5947
f 5947 6016 6017
f 5947 6017 5950
f 5950 6017 6018
f 5950 6018 5951
f 5951 6018 6019
f 5951 6019 5952
f 5952 6019 6020
f 5952 6020 5953
f 5953 6020 6021
f 5953 6021 5948
f 5752 6014 5749
f 5749 6014 6022
f 5749 6022 5754
f 5754 6022 6023
f 5754 6023 5755
f 5755 6023 6024
f 5755 6024 5756
f 5756 6024 6025
f 5756 6025 5751
f 5874 5875 5994
f 5875 5854 5994
f 5994 5854 6015
f 5994 6015 5829
f 5829 6015 5892
f 5829 5892 5830
f 5830 5892 5893
f 5830 5893 5894
f 5797 5776 6015
f 5796 5797 5802
f 5802 5797 6015
f 5802 6015 5823
f 5823 6015 5854
f 5823 5854 5822
f 5751 6025 5750
f 5750 6025 6015
f 5750 6015 5771
f 5771 6015 5776
f 5771 5776 5770
f 5776 5777 5770
f 5770 5777 5782
f 5770 5782 5769
f 5769 5782 5781
f 5769 5781 5768
f 5768 5781 5780
f 5768 5780 5767
f 5767 5780 5775
f 5767 5775 5766
f 5766 5775 5778
f 5766 5778 5765
f 5802 5803 5796
f 5796 5803 5808
f 5796 5808 5795
f 5795 5808 5807
f 5795 5807 5794
f 5794 5807 5806
f 5794 5806 5793
f 5793 5806 5801
f 5793 5801 5792
f 5792 5801 5804
f 5792 5804 5791
f 5854 5855 5822
f 5822 5855 5860
f 5822 5860 5821
f 5821 5860 5859
f 5821 5859 5820
f 5820 5859 5858
f 5820 5858 5819
f 5819 5858 5853
f 5819 5853 5818
f 5818 5853 5856
f 5818 5856 5817
f 5994 5993 5874
f 5874 5993 5992
f 5874 5992 5873
f 5873 5992 5990
f 5873 5990 5872
f 5872 5990 5988
f 5872 5988 5871
f 5871 5988 5999
f 5871 5999 5870
f 5870 5999 5998
f 5870 5998 5869
f 6026 6027 6028
f 6029 6030 6031
f 6031 6030 6032
f 6029 6031 6028
f 6028 6031 6033
f 6028 6033 6026
f 6027 6034 6028
f 6028 6034 6035
f 6028 6035 6036
f 6032 6037 6031
f 6031 6037 6038
f 6031 6038 6039
f 6039 6040 6031
f 6031 6040 6041
f 6031 6041 6042
f 6042 6041 6043
f 6036 6044 6028
f 6028 6044 6045
f 6028 6045 6046
f 6046 6045 6047
f 6040 6048 6049
f 6040 6049 6041
f 6041 6049 6050
f 6041 6050 6043
f 6043 6050 6051
f 6043 6051 6042
f 6042 6051 6052
f 6042 6052 6031
f 6031 6052 6053
f 6031 6053 6033
f 6033 6053 6054
f 6033 6054 6026
f 6026 6054 6055
f 6026 6055 6027
f 6027 6055 6056
f 6027 6056 6034
f 6034 6056 6057
f 6034 6057 6035
f 6035 6057 6058
f 6035 6058 6036
f 6036 6058 6059
f 6036 6059 6044
f 6060 6061 6062
f 6062 6061 6063
f 6062 6063 6064
f 6064 6063 6065
f 6064 6065 6066
f 6066 6067 6064
f 6064 6067 6021
f 6064 6021 6068
f 6068 6021 6020
f 6068 6020 6019
f 6069 6070 6071
f 6071 6070 6072
f 6071 6072 6062
f 6062 6072 6073
f 6062 6073 6060
f 6019 6018 6068
f 6068 6018 6017
f 6068 6017 6074
f 6074 6017 6016
f 6074 6016 6015
f 6022 6014 6075
f 6075 6014 6013
f 6075 6013 6071
f 6071 6013 6076
f 6071 6076 6069
f 6015 6025 6074
f 6074 6025 6024
f 6074 6024 6075
f 6075 6024 6023
f 6075 6023 6022
f 6077 6059 6058
f 6077 6058 6078
f 6078 6058 6057
f 6078 6057 6056
f 6056 6055 6078
f 6078 6055 6054
f 6078 6054 6079
f 6079 6054 6053
f 6079 6053 6052
f 6080 6081 6082
f 6082 6081 6083
f 6082 6083 6077
f 6077 6083 6084
f 6077 6084 6059
f 6052 6051 6079
f 6079 6051 6050
f 6079 6050 6085
f 6085 6050 6049
f 6049 6048 6085
f 6085 6048 6086
f 6085 6086 6087
f 6087 6086 6088
f 6087 6088 6089
f 6089 6090 6087
f 6087 6090 6091
f 6087 6091 6082
f 6082 6091 6092
f 6082 6092 6080
f 6087 6082 6071
f 6071 6082 6075
f 6082 6077 6075
f 6075 6077 6074
f 6077 6078 6074
f 6074 6078 6068
f 6078 6079 6068
f 6068 6079 6064
f 6079 6085 6064
f 6064 6085 6062
f 6085 6087 6062
f 6062 6087 6071
f 5750 5771 5733
f 5733 5771 5734
f 5762 5761 5747
f 5747 5761 5748
f 5776 5797 5717
f 5717 5797 5718
f 5788 5787 5731
f 5731 5787 5732
f 5802 5823 5701
f 5701 5823 5702
f 5814 5813 5715
f 5715 5813 5716
f 5827 5852 5685
f 5685 5852 5686
f 5840 5829 5699
f 5699 5829 5700
f 5854 5875 5669
f 5669 5875 5670
f 5866 5865 5683
f 5683 5865 5684
f 5879 5904 5653
f 5653 5904 5654
f 5892 5881 5667
f 5667 5881 5668
f 5905 5930 5637
f 5637 5930 5638
f 5918 5907 5651
f 5651 5907 5652
f 5944 5943 5621
f 5621 5943 5622
f 5931 5946 5635
f 5635 5946 5636
f 6044 6059 6084
f 6044 6084 6045
f 6045 6084 6083
f 6045 6083 6047
f 6047 6083 6081
f 6047 6081 6046
f 6046 6081 6080
f 6046 6080 6028
f 6028 6080 6092
f 6028 6092 6029
f 6029 6092 6091
f 6029 6091 6030
f 6030 6091 6090
f 6030 6090 6032
f 6032 6090 6089
f 6032 6089 6037
f 6037 6089 6088
f 6037 6088 6038
f 6038 6088 6086
f 6038 6086 6039
f 6039 6086 6048
f 6039 6048 6040
f 5948 6021 6067
f 5869 5998 5996
f 5869 5996 5868
f 5868 5996 6004
f 5868 6004 5876
f 5876 6004 6003
f 5876 6003 5877
f 5877 6003 6001
f 5877 6001 5878
f 5878 6001 6008
f 5878 6008 5867
f 5760 5761 6060
f 6060 5761 5762
f 5788 6060 5787
f 5787 6060 5762
f 5787 5762 5786
f 5814 6060 5813
f 5813 6060 5788
f 5813 5788 5812
f 5867 6008 5866
f 5866 6008 6007
f 5866 6007 5865
f 5864 5826 5863
f 5863 5826 5825
f 5863 5825 5862
f 5862 5825 5824
f 5862 5824 5861
f 5861 5824 5816
f 5861 5816 5857
f 5857 5816 5817
f 5857 5817 5856
f 5788 5789 5812
f 5812 5789 5800
f 5812 5800 5811
f 5811 5800 5799
f 5811 5799 5810
f 5810 5799 5798
f 5810 5798 5809
f 5809 5798 5790
f 5809 5790 5805
f 5805 5790 5791
f 5805 5791 5804
f 5762 5763 5786
f 5786 5763 5774
f 5786 5774 5785
f 5785 5774 5773
f 5785 5773 5784
f 5784 5773 5772
f 5784 5772 5783
f 5783 5772 5764
f 5783 5764 5779
f 5779 5764 5765
f 5779 5765 5778
f 6060 6073 5760
f 5760 6073 6072
f 5760 6072 5759
f 5759 6072 6070
f 5759 6070 5758
f 5758 6070 6069
f 5758 6069 5757
f 5757 6069 6076
f 5757 6076 5753
f 5753 6076 6013
f 5753 6013 5752
f 5948 6067 5949
f 5949 6067 6066
f 5949 6066 5954
f 5954 6066 6065
f 5954 6065 5955
f 5955 6065 6063
f 5955 6063 5956
f 5956 6063 6061
f 5956 6061 5945
f 5851 5852 6007
f 5852 5827 6007
f 6007 5827 6060
f 6007 6060 5865
f 5865 6060 5814
f 5865 5814 5864
f 5864 5814 5815
f 5864 5815 5826
f 5930 5905 6060
f 5929 5930 5879
f 5879 5930 6060
f 5879 6060 5904
f 5904 6060 5827
f 5904 5827 5903
f 5945 6061 5944
f 5944 6061 6060
f 5944 6060 5943
f 5943 6060 5905
f 5943 5905 5942
f 5905 5906 5942
f 5942 5906 5910
f 5942 5910 5941
f 5941 5910 5909
f 5941 5909 5940
f 5940 5909 5913
f 5940 5913 5939
f 5939 5913 5912
f 5939 5912 5938
f 5938 5912 5911
f 5938 5911 5937
f 5879 5880 5929
f 5929 5880 5884
f 5929 5884 5928
f 5928 5884 5883
f 5928 5883 5927
f 5927 5883 5887
f 5927 5887 5926
f 5926 5887 5886
f 5926 5886 5925
f 5925 5886 5885
f 5925 5885 5924
f 5827 5828 5903
f 5903 5828 5832
f 5903 5832 5902
f 5902 5832 5831
f 5902 5831 5901
f 5901 5831 5835
f 5901 5835 5900
f 5900 5835 5834
f 5900 5834 5899
f 5899 5834 5833
f 5899 5833 5898
f 6007 6006 5851
f 5851 6006 6005
f 5851 6005 5850
f 5850 6005 6012
f 5850 6012 5849
f 5849 6012 6011
f 5849 6011 5848
f 5848 6011 6010
f 5848 6010 5847
f 5847 6010 6009
f 5847 6009 5846
f 5974 5973 6000
f 5974 6000 5976
f 5976 6000 6002
f 5976 6002 5980
f 5980 6002 5995
f 5980 5995 5979
f 5979 5995 5997
f 5979 5997 5978
f 5978 5997 5987
f 5978 5987 5977
f 5977 5987 5989
f 5977 5989 5975
f 5975 5989 5991
f 5975 5991 5981
f 5981 5991 5958
f 5981 5958 5957
f 6093 6094 6095
f 6095 6094 6096
f 6095 6096 6097
f 6097 6096 6098
f 6097 6098 6099
f 6099 6098 6100
f 6099 6100 6101
f 6101 6100 6102
f 6101 6102 6103
f 6103 6102 6104
f 6103 6104 6105
f 6105 6104 6106
f 6107 6097 6099
f 6095 6097 6107
f 6093 6095 6107
f 6107 6103 6105
f 6101 6103 6107
f 6099 6101 6107
f 6108 6109 6110
f 6110 6109 6111
f 6110 6111 6112
f 6112 6111 6113
f 6112 6113 6114
f 6114 6113 6115
f 6114 6115 6116
f 6116 6115 6117
f 6116 6117 6118
f 6118 6117 6119
f 6118 6119 6120
f 6120 6119 6121
f 6122 6112 6114
f 6110 6112 6122
f 6108 6110 6122
f 6122 6118 6120
f 6116 6118 6122
f 6114 6116 6122
f 6123 6124 6125
f 6125 6124 6126
f 6125 6126 6127
f 6127 6126 6128
f 6127 6128 6129
f 6129 6128 6130
f 6129 6130 6131
f 6131 6130 6132
f 6131 6132 6133
f 6133 6132 6134
f 6133 6134 6135
f 6135 6134 6136
f 6137 6127 6129
f 6125 6127 6137
f 6123 6125 6137
f 6137 6133 6135
f 6131 6133 6137
f 6129 6131 6137
f 6138 6139 6140
f 6140 6139 6141
f 6140 6141 6142
f 6142 6141 6143
f 6142 6143 6144
f 6144 6143 6145
f 6144 6145 6146
f 6146 6145 6147
f 6146 6147 6148
f 6148 6147 6149
f 6148 6149 6150
f 6150 6149 6151
f 6152 6142 6144
f 6140 6142 6152
f 6138 6140 6152
f 6152 6148 6150
f 6146 6148 6152
f 6144 6146 6152
f 6153 6154 6155
f 6155 6154 6156
f 6155 6156 6157
f 6157 6156 6158
f 6157 6158 6159
f 6159 6158 6160
f 6159 6160 6161
f 6161 6160 6162
f 6161 6162 6163
f 6163 6162 6164
f 6163 6164 6165
f 6165 6164 6166
f 6167 6168 6169
f 6169 6168 6170
f 6169 6170 6171
f 6171 6170 6172
f 6171 6172 6173
f 6173 6172 6174
f 6173 6174 6175
f 6175 6174 6176
f 6175 6176 6177
f 6177 6176 6178
f 6177 6178 6179
f 6179 6178 6180
f 6181 6182 6183
f 6183 6182 6184
f 6183 6184 6185
f 6185 6184 6186
f 6185 6186 6187
f 6187 6186 6188
f 6187 6188 6189
f 6189 6188 6190
f 6189 6190 6191
f 6191 6190 6192
f 6191 6192 6193
f 6193 6192 6194
f 6195 6189 6196
f 6196 6189 6191
f 6196 6191 6197
f 6197 6191 6193
f 6197 6193 6198
f 6198 6193 6199
f 6198 6199 6200
f 6200 6199 6201
f 6200 6201 6202
f 6202 6201 6203
f 6202 6203 6204
f 6204 6203 6205
f 6204 6205 6206
f 6206 6205 6207
f 6206 6207 6208
f 6208 6207 6181
f 6208 6181 6209
f 6209 6181 6183
f 6209 6183 6210
f 6210 6183 6185
f 6210 6185 6211
f 6211 6185 6187
f 6211 6187 6195
f 6195 6187 6189
f 6212 6208 6213
f 6213 6208 6209
f 6213 6209 6214
f 6214 6209 6210
f 6214 6210 6215
f 6215 6210 6211
f 6215 6211 6216
f 6216 6211 6195
f 6216 6195 6217
f 6217 6195 6196
f 6217 6196 6218
f 6218 6196 6197
f 6219 6220 6221
f 6221 6220 6222
f 6221 6222 6223
f 6223 6222 6224
f 6223 6224 6225
f 6225 6224 6226
f 6225 6226 6227
f 6227 6226 6228
f 6227 6228 6229
f 6229 6228 6230
f 6229 6230 6231
f 6231 6230 6232
f 6233 6223 6234
f 6234 6223 6225
f 6234 6225 6235
f 6235 6225 6227
f 6235 6227 6236
f 6236 6227 6229
f 6236 6229 6237
f 6237 6229 6231
f 6237 6231 6238
f 6238 6231 6239
f 6238 6239 6240
f 6240 6239 6241
f 6240 6241 6242
f 6242 6241 6243
f 6242 6243 6244
f 6244 6243 6245
f 6244 6245 6246
f 6246 6245 6247
f 6246 6247 6248
f 6248 6247 6219
f 6248 6219 6249
f 6249 6219 6221
f 6249 6221 6233
f 6233 6221 6223
f 6250 6248 6251
f 6251 6248 6249
f 6251 6249 6252
f 6252 6249 6233
f 6252 6233 6253
f 6253 6233 6234
f 6253 6234 6254
f 6254 6234 6235
f 6254 6235 6255
f 6255 6235 6236
f 6255 6236 6256
f 6256 6236 6237
f 6257 6258 6259
f 6259 6258 6260
f 6259 6260 6261
f 6261 6260 6262
f 6261 6262 6263
f 6263 6262 6264
f 6263 6264 6265
f 6265 6264 6266
f 6265 6266 6267
f 6267 6266 6268
f 6267 6268 6269
f 6269 6268 6270
f 6271 6272 6273
f 6273 6272 6274
f 6273 6274 6275
f 6275 6274 6276
f 6275 6276 6277
f 6277 6276 6278
f 6277 6278 6279
f 6279 6278 6257
f 6279 6257 6280
f 6280 6257 6259
f 6280 6259 6281
f 6281 6259 6261
f 6281 6261 6282
f 6282 6261 6263
f 6282 6263 6283
f 6283 6263 6265
f 6283 6265 6284
f 6284 6265 6267
f 6284 6267 6285
f 6285 6267 6269
f 6285 6269 6286
f 6286 6269 6287
f 6286 6287 6271
f 6271 6287 6272
f 6288 6279 6289
f 6289 6279 6280
f 6289 6280 6290
f 6290 6280 6281
f 6290 6281 6291
f 6291 6281 6282
f 6291 6282 6292
f 6292 6282 6283
f 6292 6283 6293
f 6293 6283 6284
f 6293 6284 6294
f 6294 6284 6285
f 6295 6296 6297
f 6297 6296 6298
f 6297 6298 6299
f 6299 6298 6300
f 6299 6300 6301
f 6301 6300 6302
f 6301 6302 6303
f 6303 6302 6304
f 6303 6304 6305
f 6305 6304 6306
f 6305 6306 6307
f 6307 6306 6308
f 6309 6297 6310
f 6310 6297 6299
f 6310 6299 6311
f 6311 6299 6301
f 6311 6301 6312
f 6312 6301 6303
f 6312 6303 6313
f 6313 6303 6305
f 6313 6305 6314
f 6314 6305 6307
f 6314 6307 6315
f 6315 6307 6316
f 6315 6316 6317
f 6317 6316 6318
f 6317 6318 6319
f 6319 6318 6320
f 6319 6320 6321
f 6321 6320 6322
f 6321 6322 6323
f 6323 6322 6324
f 6323 6324 6325
f 6325 6324 6295
f 6325 6295 6309
f 6309 6295 6297
f 6326 6325 6327
f 6327 6325 6309
f 6327 6309 6328
f 6328 6309 6310
f 6328 6310 6329
f 6329 6310 6311
f 6329 6311 6330
f 6330 6311 6312
f 6330 6312 6331
f 6331 6312 6313
f 6331 6313 6332
f 6332 6313 6314
f 6333 6334 6335
f 6336 6337 6338
f 6338 6337 6333
f 6338 6333 6339
f 6339 6333 6335
f 6340 6341 6342
f 6343 6344 6345
f 6345 6344 6340
f 6345 6340 6346
f 6346 6340 6342
f 6347 6348 6349
f 6349 6348 6350
f 6349 6350 6351
f 6351 6350 6352
f 6351 6352 6353
f 6353 6352 6354
f 6355 6356 6357
f 6357 6356 6358
f 6357 6358 6359
f 6359 6358 6360
f 6359 6360 6361
f 6361 6360 6362
f 6363 6364 6365
f 6365 6364 6366
f 6365 6366 6367
f 6367 6366 6368
f 6367 6368 6369
f 6369 6368 6370
f 6371 6372 6373
f 6373 6372 6374
f 6373 6374 6375
f 6375 6374 6376
f 6375 6376 6377
f 6377 6376 6378
f 6379 6380 6381
f 6381 6380 6382
f 6381 6382 6383
f 6383 6382 6384
f 6383 6384 6385
f 6385 6384 6386
f 6387 6388 6389
f 6389 6388 6390
f 6389 6390 6391
f 6391 6390 6392
f 6391 6392 6393
f 6393 6392 6394
f 6345 6395 6343
f 6343 6395 6396
f 6342 6397 6346
f 6346 6397 6398
f 6399 6400 6401
f 6401 6400 6402
f 6403 6404 6405
f 6405 6404 6406
f 6407 6408 6409
f 6409 6408 6410
f 6411 6412 6413
f 6413 6412 6414
f 6415 6416 6417
f 6417 6416 6418
f 6419 6420 6421
f 6421 6420 6422
f 6423 6424 6425
f 6425 6424 6426
f 6427 6428 6429
f 6429 6428 6430
f 6335 6431 6339
f 6339 6431 6432
f 6338 6433 6336
f 6336 6433 6434
f 6435 6436 6437
f 6437 6436 6438
f 6437 6438 6439
f 6439 6438 6440
f 6439 6440 6441
f 6441 6440 6442
f 6441 6442 6443
f 6443 6442 6444
f 6443 6444 6445
f 6445 6444 6446
f 6446 6447 6448
f 6446 6448 6445
f 6445 6448 6449
f 6445 6449 6450
f 6418 6421 6417
f 6417 6421 6422
f 6417 6422 6448
f 6448 6422 6449
f 6451 6452 6453
f 6451 6453 6454
f 6455 6454 6456
f 6456 6454 6453
f 6456 6453 6457
f 6457 6453 6458
f 6457 6458 6459
f 6459 6458 6460
f 6459 6460 6461
f 6461 6460 6462
f 6461 6462 6463
f 6463 6462 6464
f 6463 6464 6465
f 6465 6464 6466
f 6451 6454 6428
f 6428 6427 6451
f 6451 6427 6424
f 6451 6424 6423
f 6433 6338 6467
f 6467 6338 6339
f 6467 6339 6432
f 6334 6436 6335
f 6335 6436 6435
f 6335 6435 6431
f 6466 6337 6465
f 6465 6337 6336
f 6465 6336 6434
f 6468 6469 6405
f 6405 6406 6468
f 6468 6406 6401
f 6468 6401 6402
f 6468 6470 6471
f 6468 6471 6469
f 6472 6469 6473
f 6473 6469 6471
f 6473 6471 6474
f 6474 6471 6475
f 6474 6475 6476
f 6476 6475 6477
f 6476 6477 6478
f 6478 6477 6479
f 6478 6479 6480
f 6480 6479 6481
f 6480 6481 478
f 478 6481 6482
f 6407 6412 6408
f 6408 6412 6411
f 6408 6411 6483
f 6483 6411 6484
f 480 6485 6486
f 6486 6485 6487
f 6486 6487 6488
f 6488 6487 6489
f 6488 6489 6490
f 6490 6489 6491
f 6490 6491 6492
f 6492 6491 6493
f 6492 6493 6494
f 6494 6493 6495
f 6495 6496 6483
f 6495 6483 6494
f 6494 6483 6484
f 6494 6484 6497
f 6346 6398 6345
f 6345 6398 6498
f 6345 6498 6395
f 6341 6485 6342
f 6342 6485 480
f 6342 480 6397
f 6482 6344 478
f 478 6344 6343
f 478 6343 6396
f 6499 6412 6094
f 6094 6412 6407
f 6094 6407 6096
f 6499 6500 6412
f 6412 6500 6501
f 6412 6501 6414
f 6414 6501 6502
f 6502 6503 6414
f 6414 6503 6106
f 6414 6106 6409
f 6409 6106 6104
f 6104 6102 6409
f 6409 6102 6100
f 6409 6100 6407
f 6407 6100 6098
f 6407 6098 6096
f 6408 6483 6410
f 6410 6483 580
f 6413 552 6411
f 6411 552 6484
f 6369 6370 6504
f 6369 6504 6505
f 6505 6504 6506
f 6505 6506 6507
f 6507 6506 6508
f 6508 6506 6388
f 6508 6388 6387
f 507 6509 6364
f 6400 507 508
f 508 507 6364
f 508 6364 6510
f 6510 6364 6363
f 6400 6399 507
f 507 6399 6404
f 507 6404 6403
f 6496 6511 6483
f 6483 6511 580
f 6362 6512 6361
f 6361 6512 552
f 6414 6409 6413
f 6413 6409 6410
f 6413 6410 552
f 552 6410 580
f 552 580 6361
f 6361 580 6511
f 6353 6354 6513
f 6353 6513 6514
f 6514 6513 6515
f 6514 6515 6516
f 6516 6515 6380
f 6516 6380 6379
f 6517 6518 6348
f 6425 6517 6519
f 6519 6517 6348
f 6519 6348 6520
f 6520 6348 6347
f 6425 6426 6517
f 6517 6426 6429
f 6517 6429 6430
f 6378 6521 6377
f 6377 6521 6522
f 6419 6416 6420
f 6420 6416 6415
f 6420 6415 6522
f 6522 6415 6523
f 6522 6523 6377
f 6377 6523 6524
f 6484 552 6497
f 6497 552 6512
f 6525 6404 6109
f 6109 6404 6399
f 6109 6399 6111
f 6525 6526 6404
f 6404 6526 6527
f 6404 6527 6406
f 6406 6527 6528
f 6528 6529 6406
f 6406 6529 6121
f 6406 6121 6401
f 6401 6121 6119
f 6119 6117 6401
f 6401 6117 6115
f 6401 6115 6399
f 6399 6115 6113
f 6399 6113 6111
f 6400 508 6402
f 6402 508 6468
f 6405 6469 6403
f 6403 6469 507
f 508 6510 6468
f 6468 6510 6470
f 6509 507 6472
f 6472 507 6469
f 6530 6421 6139
f 6139 6421 6418
f 6139 6418 6141
f 6531 6419 6532
f 6532 6419 6421
f 6532 6421 6533
f 6533 6421 6530
f 6416 6147 6145
f 6416 6145 6418
f 6418 6145 6143
f 6418 6143 6141
f 6531 6534 6419
f 6419 6534 6151
f 6419 6151 6416
f 6416 6151 6149
f 6416 6149 6147
f 6420 6522 6422
f 6422 6522 6449
f 6417 6448 6415
f 6415 6448 6523
f 6449 6522 6450
f 6450 6522 6521
f 6447 6524 6448
f 6448 6524 6523
f 6298 6296 6535
f 6536 6537 6538
f 6538 6537 6194
f 6194 6192 6539
f 6539 6192 6190
f 6190 6188 6384
f 6384 6188 6186
f 6186 6184 6384
f 6384 6184 6182
f 6384 6182 6386
f 6386 6182 6540
f 6386 6540 6541
f 6541 6540 6542
f 6541 6542 6543
f 6543 6542 6544
f 6543 6544 6356
f 6356 6544 6536
f 6356 6536 6358
f 6358 6536 6538
f 6358 6538 6360
f 480 6486 6545
f 6497 6512 6362
f 6360 6538 6362
f 6362 6538 6494
f 6362 6494 6497
f 6397 480 6398
f 6398 480 6545
f 6398 6545 6498
f 6486 6488 6545
f 6545 6488 6490
f 6545 6490 6538
f 6538 6490 6492
f 6538 6492 6494
f 6509 6472 6364
f 6364 6472 6473
f 6364 6473 6546
f 6473 6474 6546
f 6546 6474 6476
f 6546 6476 6545
f 6545 6476 6478
f 6478 6480 6545
f 6545 6480 478
f 6545 478 6498
f 6498 478 6396
f 6498 6396 6395
f 6547 6548 6546
f 6306 6390 6308
f 6308 6390 6388
f 6308 6388 6549
f 6306 6304 6390
f 6390 6304 6302
f 6390 6302 6535
f 6535 6302 6300
f 6535 6300 6298
f 6548 6368 6546
f 6546 6368 6366
f 6546 6366 6364
f 6549 6388 6550
f 6550 6388 6506
f 6550 6506 6551
f 6551 6506 6504
f 6551 6504 6548
f 6548 6504 6370
f 6548 6370 6368
f 6552 6553 6392
f 6392 6553 6554
f 6555 6378 6376
f 6262 6260 6376
f 6376 6260 6258
f 6376 6258 6555
f 6555 6258 6556
f 6554 6557 6392
f 6392 6557 6270
f 6392 6270 6394
f 6394 6270 6268
f 6394 6268 6558
f 6558 6268 6266
f 6558 6266 6559
f 6559 6266 6264
f 6559 6264 6372
f 6372 6264 6262
f 6372 6262 6374
f 6374 6262 6376
f 6437 6560 6435
f 6435 6560 6467
f 6435 6467 6431
f 6431 6467 6432
f 6450 6521 6445
f 6445 6521 6378
f 6445 6378 6443
f 6443 6378 6555
f 6443 6555 6441
f 6441 6555 6560
f 6441 6560 6439
f 6439 6560 6437
f 6348 6518 6455
f 6457 6459 6560
f 6434 6433 6465
f 6465 6433 6467
f 6465 6467 6463
f 6463 6467 6560
f 6463 6560 6461
f 6461 6560 6459
f 6455 6456 6348
f 6348 6456 6561
f 6348 6561 6350
f 6352 6350 6228
f 6562 6382 6220
f 6220 6382 6380
f 6220 6380 6222
f 6562 6563 6382
f 6382 6563 6564
f 6382 6564 6561
f 6561 6564 6565
f 6565 6566 6561
f 6561 6566 6232
f 6561 6232 6350
f 6350 6232 6230
f 6350 6230 6228
f 6222 6380 6224
f 6224 6380 6515
f 6224 6515 6226
f 6226 6515 6513
f 6226 6513 6228
f 6228 6513 6354
f 6228 6354 6352
f 6155 6157 6392
f 6392 6157 6555
f 6392 6555 6552
f 6552 6555 6556
f 6155 6392 6153
f 6153 6392 6390
f 6153 6390 6567
f 6535 6568 6569
f 6569 6570 6535
f 6535 6570 6571
f 6535 6571 6390
f 6390 6571 6572
f 6390 6572 6567
f 6157 6159 6555
f 6555 6159 6161
f 6555 6161 6560
f 6560 6161 6163
f 6560 6163 6568
f 6568 6163 6165
f 6568 6165 6569
f 6167 6560 6573
f 6573 6560 6568
f 6573 6568 6574
f 6574 6568 6539
f 6574 6539 6575
f 6167 6169 6560
f 6560 6169 6561
f 6560 6561 6457
f 6457 6561 6456
f 6190 6384 6539
f 6539 6384 6576
f 6539 6576 6575
f 6169 6171 6561
f 6561 6171 6173
f 6561 6173 6382
f 6382 6173 6175
f 6175 6177 6382
f 6382 6177 6179
f 6382 6179 6384
f 6384 6179 6577
f 6384 6577 6576
f 6194 6539 6538
f 6538 6539 6568
f 6538 6568 6545
f 6545 6568 6535
f 6545 6535 6546
f 6546 6535 6296
f 6546 6296 6547
f 6578 6381 6383
f 6331 6332 6579
f 6485 6341 6340
f 6511 6496 6361
f 6361 6496 6495
f 6493 6357 6495
f 6495 6357 6359
f 6495 6359 6361
f 6491 6489 6580
f 6580 6489 6487
f 6580 6487 6485
f 6214 6215 6581
f 6355 6581 6218
f 6215 6216 6581
f 6581 6216 6217
f 6581 6217 6218
f 6213 6383 6212
f 6212 6383 6385
f 6218 6582 6355
f 6355 6582 6583
f 6355 6583 6584
f 6584 6583 6585
f 6584 6585 6586
f 6586 6585 6587
f 6586 6587 6385
f 6385 6587 6588
f 6385 6588 6212
f 6578 6256 6589
f 6379 6381 6590
f 6589 6591 6578
f 6578 6591 6592
f 6578 6592 6381
f 6381 6592 6593
f 6381 6593 6590
f 6590 6250 6379
f 6379 6250 6251
f 6379 6251 6516
f 6516 6251 6252
f 6516 6252 6514
f 6514 6252 6253
f 6514 6253 6353
f 6353 6253 6254
f 6353 6254 6255
f 6464 6462 6594
f 6594 6462 6460
f 6594 6460 6578
f 6578 6460 6458
f 6464 6594 6466
f 6466 6594 6333
f 6466 6333 6337
f 6453 6452 6520
f 6255 6256 6353
f 6353 6256 6578
f 6353 6578 6351
f 6351 6578 6458
f 6351 6458 6349
f 6349 6458 6453
f 6349 6453 6347
f 6347 6453 6520
f 6524 6447 6377
f 6377 6447 6446
f 6442 6594 6444
f 6444 6594 6595
f 6442 6440 6594
f 6594 6440 6438
f 6594 6438 6333
f 6333 6438 6436
f 6333 6436 6334
f 6595 6596 6597
f 6294 6598 6599
f 6599 6598 6600
f 6599 6600 6595
f 6595 6600 6601
f 6595 6601 6596
f 6597 6288 6595
f 6595 6288 6371
f 6595 6371 6444
f 6444 6371 6373
f 6444 6373 6446
f 6446 6373 6375
f 6446 6375 6377
f 6291 6292 6602
f 6602 6292 6293
f 6602 6293 6294
f 6288 6289 6371
f 6371 6289 6290
f 6371 6290 6603
f 6603 6290 6291
f 6603 6291 6604
f 6604 6291 6602
f 6294 6599 6602
f 6602 6599 6391
f 6602 6391 6393
f 6332 6508 6579
f 6579 6508 6387
f 6579 6387 6389
f 6332 6605 6508
f 6508 6605 6606
f 6508 6606 6507
f 6507 6606 6607
f 6507 6607 6505
f 6505 6607 6369
f 6607 6608 6369
f 6369 6608 6609
f 6369 6609 6326
f 6327 6328 6610
f 6610 6328 6329
f 6610 6329 6579
f 6579 6329 6330
f 6579 6330 6331
f 6580 6367 6611
f 6611 6367 6369
f 6611 6369 6610
f 6610 6369 6326
f 6610 6326 6327
f 6482 6481 6580
f 6485 6340 6580
f 6580 6340 6344
f 6580 6344 6482
f 6471 6470 6510
f 6481 6479 6580
f 6580 6479 6477
f 6580 6477 6367
f 6367 6477 6475
f 6367 6475 6365
f 6365 6475 6471
f 6365 6471 6363
f 6363 6471 6510
f 6168 6612 6611
f 6611 6612 6613
f 6493 6491 6357
f 6357 6491 6580
f 6357 6580 6355
f 6355 6580 6611
f 6355 6611 6581
f 6581 6611 6613
f 6581 6613 6614
f 6614 6615 6581
f 6581 6615 6616
f 6581 6616 6180
f 6213 6214 6383
f 6383 6214 6581
f 6383 6581 6578
f 6578 6581 6180
f 6578 6180 6178
f 6178 6176 6578
f 6578 6176 6174
f 6578 6174 6594
f 6594 6174 6172
f 6594 6172 6170
f 6158 6156 6595
f 6610 6154 6617
f 6617 6618 6610
f 6610 6618 6619
f 6610 6619 6611
f 6611 6619 6620
f 6611 6620 6621
f 6621 6166 6611
f 6611 6166 6594
f 6611 6594 6168
f 6168 6594 6170
f 6166 6164 6594
f 6594 6164 6162
f 6594 6162 6595
f 6595 6162 6160
f 6595 6160 6158
f 6156 6154 6595
f 6595 6154 6610
f 6595 6610 6599
f 6599 6610 6579
f 6599 6579 6391
f 6391 6579 6389
f 6622 6429 6124
f 6124 6429 6426
f 6124 6426 6126
f 6622 6623 6429
f 6429 6623 6624
f 6429 6624 6427
f 6427 6624 6625
f 6625 6626 6427
f 6427 6626 6136
f 6427 6136 6424
f 6424 6136 6134
f 6134 6132 6424
f 6424 6132 6130
f 6424 6130 6426
f 6426 6130 6128
f 6426 6128 6126
f 6428 6454 6430
f 6430 6454 6517
f 6425 6519 6423
f 6423 6519 6451
f 6518 6517 6455
f 6455 6517 6454
f 6519 6520 6451
f 6451 6520 6452
f 6393 6394 6602
f 6602 6394 6558
f 6602 6558 6604
f 6604 6558 6559
f 6604 6559 6603
f 6603 6559 6372
f 6603 6372 6371
f 6385 6386 6541
f 6385 6541 6586
f 6586 6541 6543
f 6586 6543 6584
f 6584 6543 6356
f 6584 6356 6355
f 6332 6314 6605
f 6605 6314 6315
f 6605 6315 6606
f 6606 6315 6317
f 6606 6317 6607
f 6607 6317 6319
f 6607 6319 6608
f 6608 6319 6321
f 6608 6321 6609
f 6609 6321 6323
f 6609 6323 6326
f 6326 6323 6325
f 6307 6308 6316
f 6316 6308 6549
f 6316 6549 6318
f 6318 6549 6550
f 6318 6550 6320
f 6320 6550 6551
f 6320 6551 6322
f 6322 6551 6548
f 6322 6548 6324
f 6324 6548 6547
f 6324 6547 6295
f 6295 6547 6296
f 6294 6285 6598
f 6598 6285 6286
f 6598 6286 6600
f 6600 6286 6271
f 6600 6271 6601
f 6601 6271 6273
f 6601 6273 6596
f 6596 6273 6275
f 6596 6275 6597
f 6597 6275 6277
f 6597 6277 6288
f 6288 6277 6279
f 6269 6270 6287
f 6287 6270 6557
f 6287 6557 6272
f 6272 6557 6554
f 6272 6554 6274
f 6274 6554 6553
f 6274 6553 6276
f 6276 6553 6552
f 6276 6552 6278
f 6278 6552 6556
f 6278 6556 6257
f 6257 6556 6258
f 6256 6237 6589
f 6589 6237 6238
f 6589 6238 6591
f 6591 6238 6240
f 6591 6240 6592
f 6592 6240 6242
f 6592 6242 6593
f 6593 6242 6244
f 6593 6244 6590
f 6590 6244 6246
f 6590 6246 6250
f 6250 6246 6248
f 6231 6232 6239
f 6239 6232 6566
f 6239 6566 6241
f 6241 6566 6565
f 6241 6565 6243
f 6243 6565 6564
f 6243 6564 6245
f 6245 6564 6563
f 6245 6563 6247
f 6247 6563 6562
f 6247 6562 6219
f 6219 6562 6220
f 6218 6197 6582
f 6582 6197 6198
f 6582 6198 6583
f 6583 6198 6200
f 6583 6200 6585
f 6585 6200 6202
f 6585 6202 6587
f 6587 6202 6204
f 6587 6204 6588
f 6588 6204 6206
f 6588 6206 6212
f 6212 6206 6208
f 6193 6194 6199
f 6199 6194 6537
f 6199 6537 6201
f 6201 6537 6536
f 6201 6536 6203
f 6203 6536 6544
f 6203 6544 6205
f 6205 6544 6542
f 6205 6542 6207
f 6207 6542 6540
f 6207 6540 6181
f 6181 6540 6182
f 6179 6180 6577
f 6577 6180 6616
f 6577 6616 6576
f 6576 6616 6615
f 6576 6615 6575
f 6575 6615 6614
f 6575 6614 6574
f 6574 6614 6613
f 6574 6613 6573
f 6573 6613 6612
f 6573 6612 6167
f 6167 6612 6168
f 6165 6166 6569
f 6569 6166 6621
f 6569 6621 6570
f 6570 6621 6620
f 6570 6620 6571
f 6571 6620 6619
f 6571 6619 6572
f 6572 6619 6618
f 6572 6618 6567
f 6567 6618 6617
f 6567 6617 6153
f 6153 6617 6154
f 6152 6627 6628
f 6629 6627 6152
f 6150 6629 6152
f 6152 6630 6138
f 6631 6630 6152
f 6628 6631 6152
f 6150 6151 6629
f 6629 6151 6534
f 6629 6534 6627
f 6627 6534 6531
f 6627 6531 6628
f 6628 6531 6532
f 6628 6532 6631
f 6631 6532 6533
f 6631 6533 6630
f 6630 6533 6530
f 6630 6530 6138
f 6138 6530 6139
f 6137 6632 6633
f 6634 6632 6137
f 6135 6634 6137
f 6137 6635 6123
f 6636 6635 6137
f 6633 6636 6137
f 6135 6136 6634
f 6634 6136 6626
f 6634 6626 6632
f 6632 6626 6625
f 6632 6625 6633
f 6633 6625 6624
f 6633 6624 6636
f 6636 6624 6623
f 6636 6623 6635
f 6635 6623 6622
f 6635 6622 6123
f 6123 6622 6124
f 6122 6637 6638
f 6639 6637 6122
f 6120 6639 6122
f 6122 6640 6108
f 6641 6640 6122
f 6638 6641 6122
f 6120 6121 6639
f 6639 6121 6529
f 6639 6529 6637
f 6637 6529 6528
f 6637 6528 6638
f 6638 6528 6527
f 6638 6527 6641
f 6641 6527 6526
f 6641 6526 6640
f 6640 6526 6525
f 6640 6525 6108
f 6108 6525 6109
f 6107 6642 6643
f 6644 6642 6107
f 6105 6644 6107
f 6107 6645 6093
f 6646 6645 6107
f 6643 6646 6107
f 6105 6106 6644
f 6644 6106 6503
f 6644 6503 6642
f 6642 6503 6502
f 6642 6502 6643
f 6643 6502 6501
f 6643 6501 6646
f 6646 6501 6500
f 6646 6500 6645
f 6645 6500 6499
f 6645 6499 6093
f 6093 6499 6094
f 6647 6648 6649
f 6649 6648 6650
f 6649 6650 6651
f 6651 6650 6652
f 6651 6652 6653
f 6653 6652 6654
f 6653 6654 6655
f 6655 6654 6656
f 6655 6656 6657
f 6657 6656 6658
f 6657 6658 6659
f 6659 6658 6660
f 6661 6662 6663
f 6663 6662 6664
f 6663 6664 6665
f 6665 6664 6666
f 6665 6666 6667
f 6667 6666 6668
f 6667 6668 6669
f 6669 6668 6670
f 6669 6670 6671
f 6671 6670 6672
f 6673 6674 6675
f 6673 6675 6676
f 6676 6675 6677
f 6676 6677 6678
f 6678 6677 6671
f 6678 6671 6672
f 6673 6679 6680
f 6681 6679 6673
f 6673 6682 6683
f 6684 6673 6683
f 6680 6682 6673
f 6681 6673 6685
f 6685 6673 6686
f 6687 6688 6689
f 6689 6688 6690
f 6689 6690 6691
f 6685 6686 6692
f 6692 6686 6693
f 6691 6690 6694
f 6694 6690 6695
f 6694 6695 6696
f 6696 6695 6697
f 6696 6697 6693
f 6693 6697 6698
f 6693 6698 6692
f 6699 6700 6701
f 6701 6700 6702
f 6701 6702 6703
f 6704 6705 6706
f 6706 6705 6707
f 6706 6707 6699
f 6699 6707 6700
f 6708 6709 6710
f 6710 6711 6708
f 6708 6711 6712
f 6708 6712 6713
f 6713 6712 6714
f 6713 6714 6705
f 6705 6714 6715
f 6705 6715 6707
f 6710 6709 6716
f 6716 6709 6717
f 6718 6716 6717
f 6718 6717 6719
f 6717 6720 6721
f 6717 6722 6723
f 6724 6717 6723
f 6721 6722 6717
f 6724 6719 6717
f 6725 6726 6727
f 6725 6727 6728
f 6728 6727 6729
f 6728 6729 6730
f 6730 6729 6720
f 6730 6720 6717
f 6726 6725 6731
f 6731 6725 6732
f 6731 6732 6733
f 6733 6732 6734
f 6733 6734 6735
f 6735 6734 6736
f 6737 6738 6739
f 6737 6739 6740
f 6740 6739 6735
f 6740 6735 6736
f 6685 6692 6741
f 6741 6692 6742
f 6692 6698 6742
f 6742 6698 6697
f 6742 6697 6743
f 6688 6744 6690
f 6690 6744 6743
f 6690 6743 6695
f 6695 6743 6697
f 6745 6674 6684
f 6745 6684 6746
f 6684 6683 6746
f 6746 6683 6682
f 6746 6682 6747
f 6682 6680 6747
f 6747 6680 6679
f 6747 6679 6748
f 6748 6679 6681
f 6748 6681 6749
f 6716 6718 6750
f 6750 6718 6751
f 6718 6719 6751
f 6751 6719 6724
f 6751 6724 6752
f 6721 6753 6722
f 6722 6753 6752
f 6722 6752 6723
f 6723 6752 6724
f 6700 6707 6754
f 6754 6707 6755
f 6707 6715 6755
f 6755 6715 6714
f 6755 6714 6756
f 6710 6757 6711
f 6711 6757 6756
f 6711 6756 6712
f 6712 6756 6714
f 6716 6750 6710
f 6710 6750 6757
f 6685 6741 6681
f 6681 6741 6749
f 6758 6759 6760
f 6760 6759 6761
f 6762 6665 6763
f 6763 6665 6667
f 6763 6667 6764
f 6764 6667 6669
f 6764 6669 6765
f 6765 6669 6671
f 6766 6726 6767
f 6767 6726 6731
f 6767 6731 6768
f 6768 6731 6733
f 6768 6733 6769
f 6769 6733 6735
f 6770 6771 6772
f 6772 6771 6773
f 6772 6773 6774
f 6774 6773 6775
f 6774 6775 6776
f 6776 6775 6777
f 6776 6777 6778
f 6778 6777 6779
f 6778 6779 6780
f 6780 6779 6781
f 6780 6781 6782
f 6782 6781 6783
f 6784 6780 6785
f 6785 6780 6782
f 6785 6782 6786
f 6786 6782 6787
f 6786 6787 6788
f 6788 6787 6789
f 6788 6789 6790
f 6790 6789 6791
f 6790 6791 6792
f 6792 6791 6793
f 6792 6793 6794
f 6794 6793 6795
f 6794 6795 6796
f 6796 6795 6770
f 6796 6770 6797
f 6797 6770 6772
f 6797 6772 6798
f 6798 6772 6774
f 6798 6774 6799
f 6799 6774 6776
f 6799 6776 6800
f 6800 6776 6778
f 6800 6778 6784
f 6784 6778 6780
f 6801 6796 6802
f 6802 6796 6797
f 6802 6797 6803
f 6803 6797 6798
f 6803 6798 6804
f 6804 6798 6799
f 6804 6799 6805
f 6805 6799 6800
f 6805 6800 6806
f 6806 6800 6784
f 6806 6784 6807
f 6807 6784 6785
f 6808 6809 6810
f 6810 6809 6811
f 6810 6811 6812
f 6812 6811 6813
f 6812 6813 6814
f 6814 6813 6815
f 6814 6815 6816
f 6816 6815 6817
f 6816 6817 6818
f 6818 6817 6819
f 6818 6819 6820
f 6820 6819 6821
f 6822 6818 6823
f 6823 6818 6820
f 6823 6820 6824
f 6824 6820 6825
f 6824 6825 6826
f 6826 6825 6827
f 6826 6827 6828
f 6828 6827 6829
f 6828 6829 6830
f 6830 6829 6831
f 6830 6831 6832
f 6832 6831 6833
f 6832 6833 6834
f 6834 6833 6808
f 6834 6808 6835
f 6835 6808 6810
f 6835 6810 6836
f 6836 6810 6812
f 6836 6812 6837
f 6837 6812 6814
f 6837 6814 6838
f 6838 6814 6816
f 6838 6816 6822
f 6822 6816 6818
f 6839 6834 6840
f 6840 6834 6835
f 6840 6835 6841
f 6841 6835 6836
f 6841 6836 6842
f 6842 6836 6837
f 6842 6837 6843
f 6843 6837 6838
f 6843 6838 6844
f 6844 6838 6822
f 6844 6822 6845
f 6845 6822 6823
f 6846 6847 6848
f 6848 6847 6849
f 6848 6849 6850
f 6850 6849 6851
f 6850 6851 6852
f 6852 6851 6853
f 6852 6853 6854
f 6854 6853 6855
f 6854 6855 6856
f 6856 6855 6857
f 6856 6857 6858
f 6858 6857 6859
f 6860 6861 6862
f 6862 6861 6863
f 6862 6863 6864
f 6864 6863 6865
f 6864 6865 6866
f 6866 6865 6867
f 6866 6867 6868
f 6868 6867 6869
f 6868 6869 6870
f 6870 6869 6871
f 6870 6871 6872
f 6872 6871 6873
f 6874 6875 6876
f 6876 6875 6877
f 6876 6877 6878
f 6878 6877 6879
f 6878 6879 6880
f 6880 6879 6881
f 6881 6879 6882
f 6881 6882 6883
f 6883 6882 6884
f 6883 6884 6885
f 6886 6887 6884
f 6884 6887 6888
f 6884 6888 6885
f 6889 6890 6891
f 6891 6890 6892
f 6891 6892 6893
f 6893 6892 6894
f 6893 6894 6886
f 6886 6894 6895
f 6886 6895 6887
f 6893 6886 6896
f 6896 6886 6884
f 6896 6884 6897
f 6897 6884 6882
f 6897 6882 6898
f 6898 6882 6879
f 6898 6879 6899
f 6899 6879 6877
f 6899 6877 6900
f 6900 6877 6901
f 6900 6901 6902
f 6902 6901 6903
f 6902 6903 6904
f 6904 6903 6905
f 6904 6905 6906
f 6906 6905 6907
f 6906 6907 6908
f 6908 6907 6909
f 6908 6909 6910
f 6910 6909 6889
f 6910 6889 6911
f 6911 6889 6891
f 6911 6891 6912
f 6912 6891 6893
f 6912 6893 6896
f 6913 6910 6914
f 6914 6910 6911
f 6914 6911 6915
f 6915 6911 6912
f 6915 6912 6916
f 6916 6912 6896
f 6916 6896 6917
f 6917 6896 6897
f 6917 6897 6918
f 6918 6897 6898
f 6918 6898 6919
f 6919 6898 6899
f 6920 6921 6922
f 6922 6921 6923
f 6924 6925 6923
f 6923 6925 6926
f 6923 6926 6922
f 6927 6928 6929
f 6929 6928 6930
f 6929 6930 6931
f 6931 6930 6932
f 6931 6932 6933
f 6933 6932 6934
f 6933 6934 6935
f 6935 6934 6936
f 6935 6936 6924
f 6924 6936 6937
f 6924 6937 6925
f 6938 6939 6940
f 6940 6939 6941
f 6940 6941 6942
f 6942 6941 6943
f 6942 6943 6944
f 6944 6943 6927
f 6944 6927 6945
f 6945 6927 6929
f 6945 6929 6946
f 6946 6929 6931
f 6946 6931 6947
f 6931 6933 6947
f 6947 6933 6935
f 6947 6935 6948
f 6948 6935 6924
f 6948 6924 6949
f 6949 6924 6923
f 6949 6923 6950
f 6950 6923 6921
f 6950 6921 6951
f 6951 6921 6952
f 6951 6952 6953
f 6953 6952 6954
f 6953 6954 6938
f 6938 6954 6955
f 6938 6955 6939
f 6956 6944 6957
f 6957 6944 6945
f 6957 6945 6958
f 6958 6945 6946
f 6958 6946 6959
f 6959 6946 6947
f 6959 6947 6960
f 6960 6947 6948
f 6960 6948 6961
f 6961 6948 6949
f 6961 6949 6962
f 6962 6949 6950
f 6963 6964 6965
f 6965 6964 6966
f 6965 6966 6967
f 6967 6966 6968
f 6967 6968 6969
f 6969 6968 6970
f 6969 6970 6971
f 6971 6970 6972
f 6971 6972 6973
f 6973 6972 6974
f 6973 6974 6975
f 6975 6974 6976
f 6977 6971 6978
f 6978 6971 6973
f 6978 6973 6979
f 6979 6973 6975
f 6979 6975 6980
f 6980 6975 6981
f 6980 6981 6982
f 6982 6981 6983
f 6982 6983 6984
f 6984 6983 6985
f 6984 6985 6986
f 6986 6985 6987
f 6986 6987 6988
f 6988 6987 6989
f 6988 6989 6990
f 6990 6989 6963
f 6990 6963 6991
f 6991 6963 6965
f 6991 6965 6992
f 6992 6965 6967
f 6992 6967 6993
f 6993 6967 6969
f 6993 6969 6977
f 6977 6969 6971
f 6994 6990 6995
f 6995 6990 6991
f 6995 6991 6996
f 6996 6991 6992
f 6996 6992 6997
f 6997 6992 6993
f 6997 6993 6998
f 6998 6993 6977
f 6998 6977 6999
f 6999 6977 6978
f 6999 6978 7000
f 7000 6978 6979
f 7001 7002 7003
f 7003 7002 7004
f 7003 7004 7005
f 7005 7004 7006
f 7005 7006 7007
f 7007 7006 7008
f 7007 7008 7009
f 7009 7008 7010
f 7009 7010 7011
f 7011 7010 7012
f 7011 7012 7013
f 7013 7012 7014
f 7015 7016 7017
f 7017 7016 7018
f 7017 7018 7019
f 7019 7018 7020
f 7019 7020 7021
f 7021 7020 7022
f 7021 7022 7023
f 7023 7022 7024
f 7023 7024 7025
f 7025 7024 7001
f 7025 7001 7026
f 7026 7001 7003
f 7026 7003 7027
f 7027 7003 7005
f 7027 7005 7028
f 7028 7005 7007
f 7028 7007 7029
f 7029 7007 7009
f 7029 7009 7030
f 7030 7009 7011
f 7030 7011 7031
f 7031 7011 7013
f 7031 7013 7015
f 7015 7013 7016
f 7032 7025 7033
f 7033 7025 7026
f 7033 7026 7034
f 7034 7026 7027
f 7034 7027 7035
f 7035 7027 7028
f 7035 7028 7036
f 7036 7028 7029
f 7036 7029 7037
f 7037 7029 7030
f 7037 7030 7038
f 7038 7030 7031
f 7039 7040 7041
f 7041 7040 7042
f 7041 7042 7043
f 7043 7042 7044
f 7043 7044 7045
f 7045 7044 7046
f 7045 7046 7047
f 7047 7046 7048
f 7047 7048 7049
f 7049 7048 7050
f 7049 7050 7051
f 7051 7050 7052
f 7053 7043 7054
f 7054 7043 7045
f 7054 7045 7055
f 7055 7045 7047
f 7055 7047 7056
f 7056 7047 7049
f 7056 7049 7057
f 7057 7049 7051
f 7057 7051 7058
f 7058 7051 7059
f 7058 7059 7060
f 7060 7059 7061
f 7060 7061 7062
f 7062 7061 7063
f 7062 7063 7064
f 7064 7063 7065
f 7064 7065 7066
f 7066 7065 7067
f 7066 7067 7068
f 7068 7067 7039
f 7068 7039 7069
f 7069 7039 7041
f 7069 7041 7053
f 7053 7041 7043
f 7070 7068 7071
f 7071 7068 7069
f 7071 7069 7072
f 7072 7069 7053
f 7072 7053 7073
f 7073 7053 7054
f 7073 7054 7074
f 7074 7054 7055
f 7074 7055 7075
f 7075 7055 7056
f 7075 7056 7076
f 7076 7056 7057
f 7077 7078 7079
f 7080 6703 7078
f 7078 6703 7081
f 7078 7081 7079
f 7079 7082 7077
f 7077 7082 7083
f 7077 7083 7084
f 7084 7083 7085
f 7084 7085 7086
f 7086 7085 7087
f 7086 7087 7088
f 7088 7087 7089
f 7088 7089 7090
f 7090 7089 7091
f 7090 7091 7092
f 7092 7091 7093
f 7094 7095 7096
f 7096 7095 7097
f 7096 7097 7098
f 7098 7097 7099
f 7098 7099 7100
f 7100 7099 7080
f 7100 7080 7101
f 7101 7080 7078
f 7101 7078 7102
f 7102 7078 7077
f 7102 7077 7103
f 7077 7084 7103
f 7103 7084 7086
f 7103 7086 7104
f 7104 7086 7088
f 7104 7088 7105
f 7105 7088 7090
f 7105 7090 7106
f 7106 7090 7092
f 7106 7092 7107
f 7107 7092 7108
f 7107 7108 7109
f 7109 7108 7110
f 7109 7110 7094
f 7094 7110 7111
f 7094 7111 7095
f 7112 7100 7113
f 7113 7100 7101
f 7113 7101 7114
f 7114 7101 7102
f 7114 7102 7115
f 7115 7102 7103
f 7115 7103 7116
f 7116 7103 7104
f 7116 7104 7117
f 7117 7104 7105
f 7117 7105 7118
f 7118 7105 7106
f 7119 7120 7121
f 7122 7123 7124
f 7121 7120 7125
f 7119 7121 7126
f 7126 7121 7127
f 7126 7127 7128
f 7128 7127 7129
f 7129 7127 7130
f 7129 7130 7131
f 7131 7130 7132
f 7132 7130 7133
f 7132 7133 7134
f 7120 7122 7125
f 7125 7122 7124
f 7125 7124 7135
f 7135 7124 7136
f 7135 7136 7137
f 7137 7136 7138
f 7137 7138 7139
f 7139 7138 7140
f 7141 7125 7142
f 7142 7125 7135
f 7142 7135 7143
f 7143 7135 7137
f 7143 7137 7144
f 7144 7137 7139
f 7144 7139 7145
f 7145 7139 7146
f 7145 7146 7147
f 7147 7146 7148
f 7147 7148 7149
f 7149 7148 7150
f 7149 7150 7151
f 7151 7150 7152
f 7151 7152 7153
f 7153 7152 7154
f 7153 7154 7155
f 7155 7154 7133
f 7155 7133 7156
f 7156 7133 7130
f 7156 7130 7157
f 7157 7130 7127
f 7157 7127 7141
f 7141 7127 7121
f 7141 7121 7125
f 7158 7155 7159
f 7159 7155 7156
f 7159 7156 7160
f 7160 7156 7157
f 7160 7157 7161
f 7161 7157 7141
f 7161 7141 7162
f 7162 7141 7142
f 7162 7142 7163
f 7163 7142 7143
f 7163 7143 7164
f 7164 7143 7144
f 7165 7166 7167
f 7168 7169 7170
f 7170 7169 7171
f 7170 7171 7172
f 7172 7171 7173
f 7173 7171 7174
f 7173 7174 7175
f 7175 7174 7176
f 7176 7174 7177
f 7176 7177 7178
f 7179 7180 7181
f 7181 7180 7182
f 7181 7182 7177
f 7177 7182 7183
f 7177 7183 7178
f 7168 7165 7169
f 7169 7165 7167
f 7169 7167 7184
f 7184 7167 7185
f 7184 7185 7186
f 7186 7185 7187
f 7177 7174 7188
f 7188 7174 7171
f 7188 7171 7189
f 7189 7171 7169
f 7189 7169 7190
f 7190 7169 7184
f 7190 7184 7191
f 7191 7184 7186
f 7191 7186 7192
f 7192 7186 7193
f 7192 7193 7194
f 7194 7193 7195
f 7194 7195 7196
f 7196 7195 7197
f 7196 7197 7198
f 7198 7197 7199
f 7198 7199 7200
f 7200 7199 7201
f 7200 7201 7202
f 7202 7201 7179
f 7202 7179 7203
f 7203 7179 7181
f 7203 7181 7204
f 7204 7181 7177
f 7204 7177 7188
f 7205 7202 7206
f 7206 7202 7203
f 7206 7203 7207
f 7207 7203 7204
f 7207 7204 7208
f 7208 7204 7188
f 7208 7188 7209
f 7209 7188 7189
f 7209 7189 7210
f 7210 7189 7190
f 7210 7190 7211
f 7211 7190 7191
f 7212 7213 7214
f 7214 7213 7215
f 7214 7215 7216
f 7216 7215 7217
f 7216 7217 7218
f 7218 7217 7219
f 7218 7219 7220
f 7220 7219 7221
f 7220 7221 7222
f 7222 7221 7223
f 7222 7223 7224
f 7224 7223 7225
f 7226 7227 7228
f 7228 7227 7229
f 7228 7229 7230
f 7230 7229 7231
f 7230 7231 7232
f 7232 7231 7233
f 7232 7233 7234
f 7234 7233 7235
f 7234 7235 7236
f 7236 7235 7237
f 7236 7237 7238
f 7238 7237 7239
f 7213 7212 7240
f 7240 7212 7241
f 7240 7241 7242
f 7242 7241 7243
f 7242 7243 7244
f 7244 7243 7245
f 7244 7245 7239
f 7239 7245 7238
f 7246 7247 7224
f 7248 7249 7250
f 7224 7225 7246
f 7246 7225 7251
f 7246 7251 7250
f 7250 7251 7252
f 7250 7252 7248
f 7253 7254 7255
f 7226 7256 7257
f 7255 7258 7253
f 7253 7258 7259
f 7253 7259 7257
f 7257 7259 7227
f 7257 7227 7226
f 7260 7261 7246
f 7246 7261 7262
f 7246 7262 7247
f 7249 7263 7250
f 7250 7263 7264
f 6805 6806 7260
f 7260 6806 6807
f 7260 6807 7264
f 7264 6807 7265
f 6805 7260 6804
f 6804 7260 7246
f 6804 7246 6803
f 7266 7250 7267
f 7267 7250 7264
f 7267 7264 7268
f 7268 7264 7265
f 7266 7269 7250
f 7250 7269 6801
f 7250 6801 7246
f 7246 6801 6802
f 7246 6802 6803
f 7248 7252 7270
f 7270 6661 7248
f 7248 6661 6663
f 7248 6663 7271
f 7272 6769 6735
f 6739 7273 7274
f 7274 7275 6739
f 6739 7275 7276
f 6739 7276 6735
f 6735 7276 7277
f 6735 7277 7272
f 7278 6720 6729
f 7278 6729 7279
f 7279 6729 6727
f 7279 6727 7280
f 7280 6727 6726
f 7280 6726 6766
f 7281 7261 7260
f 7263 7271 7264
f 7264 7271 6663
f 7264 6663 7260
f 7260 6663 6665
f 7260 6665 7281
f 7281 6665 6762
f 7271 7263 7248
f 7248 7263 7249
f 7277 7276 7282
f 7282 7276 7257
f 7282 7257 7256
f 7253 7275 7254
f 7254 7275 7274
f 7283 7253 6845
f 6845 7253 7257
f 6845 7257 6844
f 6840 6841 7276
f 7276 6841 6842
f 7276 6842 7257
f 7257 6842 6843
f 7257 6843 6844
f 7275 7284 7276
f 7276 7284 6839
f 7276 6839 6840
f 7283 7285 7253
f 7253 7285 7286
f 7253 7286 7275
f 7275 7286 7287
f 7275 7287 7284
f 7288 7258 7255
f 6738 7288 6739
f 6739 7288 7255
f 6739 7255 7273
f 7274 7273 7254
f 7254 7273 7255
f 6765 6671 6677
f 6765 6677 7289
f 7289 6677 6675
f 7289 6675 7290
f 7290 6675 6674
f 7290 6674 6745
f 7002 7291 7292
f 7293 7294 7295
f 7167 7166 7296
f 6676 6678 7297
f 7297 6678 7298
f 6673 6676 6686
f 6686 6676 7297
f 6686 7297 6693
f 6693 7297 6696
f 6691 6694 7299
f 7299 6694 6696
f 7299 6696 7300
f 7300 6696 7297
f 7300 7297 7301
f 6875 6874 7302
f 6887 6895 7303
f 7303 6895 6894
f 7303 6894 6892
f 7304 6972 7305
f 7305 6972 6970
f 7305 6970 6928
f 6875 7302 7306
f 7307 6932 7308
f 7308 6932 6930
f 6930 6928 7308
f 7308 6928 6970
f 7308 6970 7309
f 7309 6970 6968
f 7309 6968 7310
f 7310 6968 6966
f 7310 6966 6890
f 6925 6937 7311
f 7311 6937 6936
f 7311 6936 7312
f 7312 6936 6934
f 7312 6934 7302
f 7302 6934 6932
f 7302 6932 7306
f 7306 6932 7307
f 7293 7313 7294
f 7294 7313 7314
f 7294 7314 7315
f 7315 7314 7316
f 7315 7316 7317
f 7180 7318 7182
f 7182 7318 7319
f 7182 7319 7183
f 7183 7319 7178
f 7320 7321 7322
f 7322 7321 6861
f 7180 7293 7318
f 7318 7293 7295
f 7318 7295 6873
f 6873 7295 7323
f 6873 6871 7318
f 7318 6871 6869
f 7318 6869 7324
f 7322 7325 7320
f 7320 7325 7326
f 7320 7326 7295
f 7295 7326 7327
f 7295 7327 7323
f 6869 6867 7324
f 7324 6867 6865
f 7324 6865 7321
f 7321 6865 6863
f 7321 6863 6861
f 7328 7052 7320
f 7320 7052 7050
f 7123 7321 7124
f 7124 7321 7136
f 7329 7132 7134
f 7089 7330 7331
f 7089 7331 7091
f 7091 7331 7332
f 7091 7332 7093
f 7333 7334 7046
f 7334 7093 7046
f 7046 7093 7332
f 7046 7332 7048
f 7048 7332 7335
f 7048 7335 7050
f 7050 7335 7336
f 7050 7336 7320
f 7320 7336 7140
f 7320 7140 7321
f 7321 7140 7138
f 7321 7138 7136
f 7087 7085 7337
f 7337 7085 7083
f 7337 7083 7082
f 7337 7338 7087
f 7087 7338 7329
f 7087 7329 7089
f 7089 7329 7134
f 7089 7134 7330
f 7339 7340 7341
f 7341 7340 7342
f 7341 7342 7333
f 6709 6708 7341
f 7341 6708 6713
f 7341 6713 7339
f 7339 6713 6705
f 7339 6705 6704
f 6717 6709 6730
f 6730 6709 7341
f 6730 7341 6728
f 6728 7341 7343
f 6728 7343 6725
f 7344 6732 6725
f 6740 6736 7344
f 7344 6736 6734
f 7344 6734 6732
f 6813 6811 6740
f 6740 6811 6809
f 6740 6809 6737
f 6737 6809 7345
f 6737 7345 7346
f 7347 7348 7349
f 7348 7350 7349
f 7349 7350 6821
f 7349 6821 7351
f 6821 6819 7351
f 7351 6819 6817
f 7351 6817 6740
f 6740 6817 6815
f 6740 6815 6813
f 7288 6738 7349
f 7349 6738 6737
f 7349 6737 7347
f 7347 6737 7346
f 7351 7352 7231
f 7258 7288 7259
f 7259 7288 7349
f 7259 7349 7227
f 7227 7349 7351
f 7227 7351 7229
f 7229 7351 7231
f 7239 7237 7353
f 7353 7237 7235
f 7353 7235 7352
f 7352 7235 7233
f 7352 7233 7231
f 7354 7219 7355
f 7355 7219 7217
f 7355 7217 7215
f 7239 7353 7244
f 7244 7353 7356
f 7244 7356 7242
f 7242 7356 7355
f 7242 7355 7240
f 7240 7355 7215
f 7240 7215 7213
f 7357 7223 7354
f 7354 7223 7221
f 7354 7221 7219
f 7270 7252 7358
f 7358 7252 7251
f 7358 7251 7357
f 7357 7251 7225
f 7357 7225 7223
f 6779 6777 6664
f 7357 6773 6771
f 7357 6771 7358
f 7358 6771 7359
f 7358 7359 7360
f 6662 7361 7362
f 6664 6777 7357
f 7357 6777 6775
f 7357 6775 6773
f 6661 7270 6662
f 6662 7270 7358
f 6662 7358 7361
f 7361 7358 7360
f 7362 7363 6662
f 6662 7363 6783
f 6662 6783 6664
f 6664 6783 6781
f 6664 6781 6779
f 6670 6668 7364
f 7364 6668 6666
f 7365 6849 7012
f 7012 6849 6847
f 7012 6847 7014
f 7366 6859 7367
f 7368 7369 7370
f 7370 7369 7371
f 7370 7371 7372
f 7372 7371 7373
f 7372 7373 7366
f 6853 7374 6855
f 6855 7374 7367
f 6855 7367 6857
f 6857 7367 6859
f 7167 7296 7185
f 7185 7296 7375
f 7185 7375 7187
f 7187 7375 7303
f 7187 7303 7317
f 7317 7303 7374
f 7317 7374 7315
f 7315 7374 6853
f 7315 6853 6851
f 6892 6890 7303
f 7303 6890 6966
f 7303 6966 7374
f 7374 6966 6964
f 7374 6964 7367
f 7367 6964 7376
f 7376 7377 7367
f 7367 7377 7378
f 7367 7378 7379
f 7378 7380 7379
f 7379 7380 7381
f 7379 7381 7382
f 7382 7381 6976
f 7382 6976 7304
f 7304 6976 6974
f 7304 6974 6972
f 6847 7368 7014
f 7014 7368 7370
f 7014 7370 7383
f 7383 7370 7384
f 6648 7291 6650
f 6650 7291 6652
f 7356 7385 7386
f 7356 7386 7355
f 7355 7386 7387
f 7355 7387 7388
f 7002 7389 7291
f 7291 7389 7390
f 7291 7390 6652
f 6652 7390 7391
f 6652 7391 6654
f 6654 7391 7392
f 6654 7392 6656
f 6656 7392 7393
f 6656 7393 6658
f 6658 7393 6660
f 7393 7384 6660
f 6660 7384 7355
f 6660 7355 7394
f 7394 7355 7388
f 7395 7396 7004
f 7012 7010 7365
f 7365 7010 7008
f 7365 7008 7396
f 7396 7008 7006
f 7396 7006 7004
f 7046 7044 7333
f 7333 7044 7042
f 7333 7042 7341
f 7341 7042 7040
f 7341 7040 7343
f 7343 7040 7397
f 7397 7398 7343
f 7343 7398 7399
f 7343 7399 7400
f 7400 7399 7401
f 7400 7401 7328
f 6678 6672 7298
f 7298 6672 7379
f 7298 7379 7297
f 7297 7379 7382
f 7297 7382 7301
f 7301 7382 7304
f 7366 7367 7372
f 7372 7367 7379
f 7372 7379 7364
f 7364 7379 6672
f 7364 6672 6670
f 7384 7370 7355
f 7355 7370 7372
f 7355 7372 7354
f 7354 7372 7364
f 7354 7364 7357
f 7357 7364 6666
f 7357 6666 6664
f 7328 7320 7400
f 7400 7320 7295
f 7400 7295 7395
f 7395 7295 7294
f 7395 7294 7396
f 7396 7294 7315
f 7396 7315 7365
f 7365 7315 6851
f 7365 6851 6849
f 6725 7343 7344
f 7344 7343 7400
f 7344 7400 7402
f 7402 7400 7395
f 7402 7395 7292
f 7292 7395 7004
f 7292 7004 7002
f 6740 7344 7351
f 7351 7344 7402
f 7351 7402 7352
f 7352 7402 7292
f 7352 7292 7353
f 7353 7292 7291
f 7353 7291 7356
f 7356 7291 6648
f 7356 6648 7385
f 7403 7404 7405
f 7406 7407 7408
f 6769 7272 7409
f 7236 7238 7245
f 7290 6745 7410
f 7411 7412 7413
f 7118 7414 7415
f 7415 7414 7416
f 7415 7416 7417
f 6755 6756 7418
f 7419 7113 7114
f 7419 7114 7420
f 7417 7421 7279
f 7116 7117 7422
f 7113 7419 7112
f 7112 7419 7423
f 7112 7423 7418
f 7418 7423 6754
f 7418 6754 6755
f 7116 7422 7115
f 6750 6751 6752
f 6752 6753 6750
f 6750 6753 7278
f 6750 7278 6757
f 6757 7278 7279
f 6757 7279 6756
f 6756 7279 7421
f 6756 7421 7418
f 7114 7115 7420
f 7420 7115 7422
f 7420 7422 7424
f 7424 7422 7425
f 7411 7426 7427
f 7427 7426 6860
f 6860 6862 7427
f 7427 6862 6864
f 7427 6864 7428
f 7428 6864 6866
f 7428 6866 7429
f 7429 6866 6868
f 7429 6868 6870
f 7211 7430 7431
f 7209 7210 7432
f 7430 7433 7431
f 7431 7433 7434
f 7431 7434 7435
f 7435 7434 7436
f 7435 7436 7437
f 7437 7205 7435
f 7435 7205 7429
f 7435 7429 7438
f 7438 7429 6870
f 7438 6870 6872
f 7205 7206 7429
f 7429 7206 7207
f 7429 7207 7432
f 7432 7207 7208
f 7432 7208 7209
f 7210 7211 7432
f 7432 7211 7431
f 7432 7431 7439
f 7439 7431 7440
f 7439 7440 7441
f 7442 7443 7440
f 7440 7443 7444
f 7440 7444 7441
f 7445 7446 7447
f 7446 7445 7448
f 7448 7445 7449
f 7448 7449 7450
f 7451 6742 7452
f 7452 6742 6743
f 6748 6749 7410
f 7410 6749 6741
f 7453 7454 7455
f 7455 7454 6956
f 7455 6956 7449
f 6956 6957 7449
f 7449 6957 6958
f 7449 6958 7450
f 7450 6958 6959
f 7450 6959 7456
f 6741 6742 7410
f 7410 6742 7451
f 7410 7451 7455
f 7455 7451 7457
f 7455 7457 7453
f 6959 6960 7456
f 7456 6960 6961
f 7456 6961 6761
f 6761 6961 6962
f 6761 6962 6760
f 6760 6962 7452
f 6760 7452 6744
f 6744 7452 6743
f 6745 6746 7410
f 7410 6746 6747
f 7410 6747 6748
f 7281 6762 7458
f 7458 6762 6763
f 7458 6763 7459
f 7459 6763 6764
f 7405 7220 7460
f 7460 7220 7222
f 7460 7222 7262
f 7262 7222 7224
f 7262 7224 7247
f 7404 7241 7212
f 7212 7214 7404
f 7404 7214 7216
f 7404 7216 7405
f 7405 7216 7218
f 7405 7218 7220
f 7241 7404 7243
f 7243 7404 7461
f 7243 7461 7245
f 7462 7230 7232
f 7462 7232 7463
f 7463 7232 7234
f 7463 7234 7236
f 7230 7462 7228
f 7228 7462 7409
f 7228 7409 7226
f 7272 7277 7409
f 7409 7277 7282
f 7409 7282 7226
f 7226 7282 7256
f 7464 6767 6768
f 7417 7279 7415
f 7415 7279 7280
f 7415 7280 7465
f 7466 7467 7468
f 7468 7467 7469
f 7468 7469 7470
f 7470 7469 7471
f 7470 7471 7426
f 7426 7471 7472
f 7426 7472 6860
f 7032 7033 7473
f 7033 7034 7473
f 7473 7034 7035
f 7473 7035 7474
f 7474 7035 7036
f 7036 7037 7474
f 7474 7037 7038
f 7474 7038 7475
f 7476 7477 7478
f 7478 7477 7479
f 7478 7479 7480
f 7477 7481 6649
f 6649 7481 6647
f 7236 7245 7463
f 7463 7245 7461
f 7463 7461 7482
f 7403 7483 7404
f 7404 7483 7484
f 7404 7484 7461
f 7461 7484 7485
f 7461 7485 7482
f 6659 7486 6657
f 6657 7486 7479
f 6649 6651 7477
f 7477 6651 6653
f 7477 6653 7479
f 7479 6653 6655
f 7479 6655 6657
f 7160 7161 7487
f 7162 7163 7470
f 7411 7413 7426
f 7426 7413 7487
f 7426 7487 7470
f 7470 7487 7161
f 7470 7161 7162
f 7164 7488 7489
f 7489 7488 7490
f 7489 7490 7422
f 7422 7490 7491
f 7422 7491 7492
f 7493 7158 7487
f 7487 7158 7159
f 7487 7159 7160
f 7492 7493 7422
f 7422 7493 7487
f 7422 7487 7425
f 7425 7487 7413
f 7425 7413 7494
f 7494 7413 7412
f 7075 7076 7495
f 7495 7076 7496
f 7074 7497 7073
f 7073 7497 7415
f 7073 7415 7072
f 7496 7498 7495
f 7495 7498 7499
f 7495 7499 7465
f 7465 7499 7500
f 7500 7501 7465
f 7465 7501 7070
f 7465 7070 7415
f 7415 7070 7071
f 7415 7071 7072
f 6768 6769 7464
f 7464 6769 7409
f 7464 7409 7502
f 7502 7409 7462
f 7502 7462 7481
f 7481 7462 7463
f 7481 7463 6647
f 6647 7463 7482
f 7280 6766 7465
f 7465 6766 7503
f 7465 7503 7495
f 7495 7503 7504
f 7495 7504 7505
f 7505 7504 7506
f 7505 7506 7473
f 7473 7506 7408
f 7473 7408 7032
f 7032 7408 7407
f 6766 6767 7503
f 7503 6767 7464
f 7503 7464 7504
f 7504 7464 7502
f 7504 7502 7506
f 7506 7502 7481
f 7506 7481 7408
f 7408 7481 7477
f 7408 7477 7406
f 7406 7477 7476
f 6872 7466 7438
f 7438 7466 7468
f 7438 7468 7435
f 7435 7468 7507
f 7435 7507 7431
f 7431 7507 7508
f 7431 7508 7440
f 7440 7508 7509
f 7440 7509 7442
f 7163 7164 7470
f 7470 7164 7489
f 7470 7489 7468
f 7468 7489 7510
f 7468 7510 7507
f 7507 7510 7511
f 7507 7511 7508
f 7508 7511 7512
f 7508 7512 7509
f 7509 7512 7513
f 7117 7118 7422
f 7422 7118 7415
f 7422 7415 7489
f 7489 7415 7497
f 7489 7497 7510
f 7510 7497 7514
f 7510 7514 7511
f 7511 7514 7515
f 7511 7515 7512
f 7512 7515 7516
f 7512 7516 7513
f 7513 7516 7517
f 6858 7518 7519
f 7518 7520 7519
f 7519 7520 7521
f 7519 7521 7475
f 7521 7522 7475
f 7475 7522 7523
f 7475 7523 7474
f 7474 7523 6846
f 7474 6846 6848
f 6848 6850 7474
f 7474 6850 6852
f 7474 6852 7524
f 7524 6852 6854
f 7524 6854 6856
f 7525 7526 7449
f 7509 6914 6915
f 7445 6916 6917
f 6915 6916 7509
f 7509 6916 7445
f 7509 7445 7442
f 7442 7445 7447
f 7442 7447 7443
f 6917 6918 7445
f 7445 6918 6919
f 7445 6919 7449
f 7449 6919 7527
f 7449 7527 7525
f 7526 7528 7513
f 7513 7528 7529
f 7513 7529 7509
f 7509 7529 6913
f 7509 6913 6914
f 6999 7000 7530
f 7530 7000 7531
f 6994 6995 7517
f 7517 6995 6996
f 7455 6997 6998
f 7532 6994 7524
f 7524 6994 7517
f 7524 7517 7474
f 7474 7517 7516
f 7474 7516 7473
f 7473 7516 7515
f 7473 7515 7505
f 7505 7515 7514
f 7505 7514 7495
f 7495 7514 7497
f 7495 7497 7075
f 7075 7497 7074
f 7526 7513 7449
f 7449 7513 7517
f 7449 7517 7455
f 7455 7517 6996
f 7455 6996 6997
f 7531 7533 7530
f 7530 7533 7534
f 7530 7534 7524
f 7524 7534 7535
f 7524 7535 7532
f 6659 7403 7486
f 7486 7403 7405
f 7486 7405 7458
f 7458 7405 7460
f 7458 7460 7281
f 7281 7460 7262
f 7281 7262 7261
f 6998 6999 7455
f 7455 6999 7530
f 7455 7530 7410
f 7410 7530 7536
f 7410 7536 7290
f 7290 7536 7289
f 6856 6858 7524
f 7524 6858 7519
f 7524 7519 7530
f 7530 7519 7537
f 7530 7537 7536
f 7536 7537 7538
f 7536 7538 7289
f 7289 7538 6765
f 7038 7480 7475
f 7475 7480 7479
f 7475 7479 7519
f 7519 7479 7486
f 7519 7486 7537
f 7537 7486 7458
f 7537 7458 7538
f 7538 7458 7459
f 7538 7459 6765
f 6765 7459 6764
f 7211 7191 7430
f 7430 7191 7192
f 7430 7192 7433
f 7433 7192 7194
f 7433 7194 7434
f 7434 7194 7196
f 7434 7196 7436
f 7436 7196 7198
f 7436 7198 7437
f 7437 7198 7200
f 7437 7200 7205
f 7205 7200 7202
f 7186 7187 7193
f 7193 7187 7317
f 7193 7317 7195
f 7195 7317 7316
f 7195 7316 7197
f 7197 7316 7314
f 7197 7314 7199
f 7199 7314 7313
f 7199 7313 7201
f 7201 7313 7293
f 7201 7293 7179
f 7179 7293 7180
f 7164 7144 7488
f 7488 7144 7145
f 7488 7145 7490
f 7490 7145 7147
f 7490 7147 7491
f 7491 7147 7149
f 7491 7149 7492
f 7492 7149 7151
f 7492 7151 7493
f 7493 7151 7153
f 7493 7153 7158
f 7158 7153 7155
f 7139 7140 7146
f 7146 7140 7336
f 7146 7336 7148
f 7148 7336 7335
f 7148 7335 7150
f 7150 7335 7332
f 7150 7332 7152
f 7152 7332 7331
f 7152 7331 7154
f 7154 7331 7330
f 7154 7330 7133
f 7133 7330 7134
f 7118 7106 7414
f 7414 7106 7107
f 7414 7107 7416
f 7416 7107 7109
f 7416 7109 7417
f 7417 7109 7094
f 7417 7094 7421
f 7421 7094 7096
f 7421 7096 7418
f 7418 7096 7098
f 7418 7098 7112
f 7112 7098 7100
f 6701 6703 7080
f 6701 7080 6699
f 6699 7080 7099
f 6699 7099 6706
f 6706 7099 7097
f 6706 7097 6704
f 7092 7093 7108
f 7108 7093 7334
f 7108 7334 7110
f 7110 7334 7333
f 7110 7333 7111
f 7111 7333 7342
f 7111 7342 7095
f 7095 7342 7340
f 7095 7340 7097
f 7097 7340 7339
f 7097 7339 6704
f 7076 7057 7496
f 7496 7057 7058
f 7496 7058 7498
f 7498 7058 7060
f 7498 7060 7499
f 7499 7060 7062
f 7499 7062 7500
f 7500 7062 7064
f 7500 7064 7501
f 7501 7064 7066
f 7501 7066 7070
f 7070 7066 7068
f 7051 7052 7059
f 7059 7052 7328
f 7059 7328 7061
f 7061 7328 7401
f 7061 7401 7063
f 7063 7401 7399
f 7063 7399 7065
f 7065 7399 7398
f 7065 7398 7067
f 7067 7398 7397
f 7067 7397 7039
f 7039 7397 7040
f 7038 7031 7480
f 7480 7031 7015
f 7480 7015 7478
f 7478 7015 7017
f 7478 7017 7476
f 7476 7017 7019
f 7476 7019 7406
f 7406 7019 7021
f 7406 7021 7407
f 7407 7021 7023
f 7407 7023 7032
f 7032 7023 7025
f 7013 7014 7383
f 7013 7383 7016
f 7016 7383 7384
f 7016 7384 7018
f 7018 7384 7393
f 7018 7393 7020
f 7020 7393 7392
f 7020 7392 7022
f 7022 7392 7391
f 7022 7391 7024
f 7002 7001 7389
f 7389 7001 7024
f 7389 7024 7390
f 7390 7024 7391
f 7000 6979 7531
f 7531 6979 6980
f 7531 6980 7533
f 7533 6980 6982
f 7533 6982 7534
f 7534 6982 6984
f 7534 6984 7535
f 7535 6984 6986
f 7535 6986 7532
f 7532 6986 6988
f 7532 6988 6994
f 6994 6988 6990
f 6975 6976 6981
f 6981 6976 7381
f 6981 7381 6983
f 6983 7381 7380
f 6983 7380 6985
f 6985 7380 7378
f 6985 7378 6987
f 6987 7378 7377
f 6987 7377 6989
f 6989 7377 7376
f 6989 7376 6963
f 6963 7376 6964
f 6962 6950 7452
f 7452 6950 6951
f 7452 6951 7451
f 7451 6951 6953
f 7451 6953 7457
f 7457 6953 6938
f 7457 6938 7453
f 7453 6938 6940
f 7453 6940 7454
f 7454 6940 6942
f 7454 6942 6956
f 6956 6942 6944
f 6689 6691 7299
f 6954 6952 6687
f 6921 6920 6952
f 6952 6920 7539
f 7539 7540 6952
f 6952 7540 7541
f 6952 7541 6687
f 6687 6689 6954
f 6954 6689 7299
f 6954 7299 6955
f 6955 7299 7300
f 6955 7300 6939
f 6939 7300 7301
f 6939 7301 6941
f 6941 7301 7304
f 6941 7304 6943
f 6943 7304 7305
f 6943 7305 6927
f 6927 7305 6928
f 6919 6899 7527
f 7527 6899 6900
f 7527 6900 7525
f 7525 6900 6902
f 7525 6902 7526
f 7526 6902 6904
f 7526 6904 7528
f 7528 6904 6906
f 7528 6906 7529
f 7529 6906 6908
f 7529 6908 6913
f 6913 6908 6910
f 6877 6875 6901
f 6901 6875 7306
f 6901 7306 6903
f 6903 7306 7307
f 6903 7307 6905
f 6905 7307 7308
f 6905 7308 6907
f 6907 7308 7309
f 6907 7309 6909
f 6909 7309 7310
f 6909 7310 6889
f 6889 7310 6890
f 6872 6873 7466
f 7466 6873 7323
f 7466 7323 7467
f 7467 7323 7327
f 7467 7327 7469
f 7469 7327 7326
f 7469 7326 7471
f 7471 7326 7325
f 7471 7325 7472
f 7472 7325 7322
f 7472 7322 6860
f 6860 7322 6861
f 6858 6859 7518
f 7518 6859 7366
f 7518 7366 7520
f 7520 7366 7373
f 7520 7373 7521
f 7521 7373 7371
f 7521 7371 7522
f 7522 7371 7369
f 7522 7369 7523
f 7523 7369 7368
f 7523 7368 6846
f 6846 7368 6847
f 6845 6823 7283
f 7283 6823 6824
f 7283 6824 7285
f 7285 6824 6826
f 7285 6826 7286
f 7286 6826 6828
f 7286 6828 7287
f 7287 6828 6830
f 7287 6830 7284
f 7284 6830 6832
f 7284 6832 6839
f 6839 6832 6834
f 6820 6821 6825
f 6825 6821 7350
f 6825 7350 6827
f 6827 7350 7348
f 6827 7348 6829
f 6829 7348 7347
f 6829 7347 6831
f 6831 7347 7346
f 6831 7346 6833
f 6833 7346 7345
f 6833 7345 6808
f 6808 7345 6809
f 6807 6785 7265
f 7265 6785 6786
f 7265 6786 7268
f 7268 6786 6788
f 7268 6788 7267
f 7267 6788 6790
f 7267 6790 7266
f 7266 6790 6792
f 7266 6792 7269
f 7269 6792 6794
f 7269 6794 6801
f 6801 6794 6796
f 6782 6783 6787
f 6787 6783 7363
f 6787 7363 6789
f 6789 7363 7362
f 6789 7362 6791
f 6791 7362 7361
f 6791 7361 6793
f 6793 7361 7360
f 6793 7360 6795
f 6795 7360 7359
f 6795 7359 6770
f 6770 7359 6771
f 6702 6700 7423
f 7423 6700 6754
f 6761 6759 7542
f 6761 7542 7456
f 7542 7543 7456
f 7456 7543 7544
f 7456 7544 7450
f 7544 7545 7450
f 7450 7545 7546
f 7450 7546 7448
f 7546 7547 7448
f 7448 7547 7548
f 7448 7548 7446
f 7446 7548 7549
f 7446 7549 7447
f 7447 7549 7443
f 7443 7549 7444
f 7444 7549 7550
f 7444 7550 7441
f 7550 7551 7441
f 7441 7551 7552
f 7441 7552 7439
f 7552 7553 7439
f 7439 7553 7554
f 7439 7554 7432
f 7554 7555 7432
f 7432 7555 7556
f 7432 7556 7429
f 7429 7556 7557
f 7429 7557 7428
f 7557 7558 7428
f 7428 7558 7559
f 7428 7559 7427
f 7494 7560 7425
f 7425 7560 7561
f 7425 7561 7424
f 7559 7562 7427
f 7427 7562 7563
f 7427 7563 7411
f 7411 7563 7560
f 7411 7560 7412
f 7412 7560 7494
f 7561 7564 7424
f 7424 7564 7565
f 7424 7565 7420
f 7565 7566 7420
f 7420 7566 7567
f 7420 7567 7419
f 6702 7423 7568
f 7568 7423 7419
f 7568 7419 7569
f 7569 7419 7567
f 6721 6720 6753
f 6753 6720 7278
f 6744 6688 6760
f 6760 6688 6758
f 6920 6759 7539
f 7539 6759 6758
f 7539 6758 7540
f 7176 7178 7319
f 7131 7132 7329
f 7122 7120 7563
f 7563 7120 7119
f 7563 7119 7560
f 7129 7561 7128
f 7128 7561 7560
f 7128 7560 7126
f 7126 7560 7119
f 7122 7563 7123
f 7123 7563 7562
f 7123 7562 7321
f 7165 7168 7555
f 7168 7170 7555
f 7555 7170 7172
f 7555 7172 7556
f 7556 7172 7173
f 7556 7173 7175
f 6874 6876 7548
f 6876 6878 7548
f 7548 6878 6880
f 7548 6880 7549
f 6880 6881 7549
f 7549 6881 6883
f 7549 6883 7550
f 7550 6883 6885
f 6885 6888 7550
f 7550 6888 6887
f 7550 6887 7551
f 7551 6887 7303
f 7551 7303 7552
f 7542 6759 6920
f 6920 6922 7542
f 7542 6922 6926
f 7542 6926 7543
f 7543 6926 6925
f 7543 6925 7311
f 6703 6702 7081
f 7081 6702 7568
f 7081 7568 7079
f 7079 7568 7082
f 7082 7568 7569
f 7082 7569 7337
f 7569 7567 7337
f 7337 7567 7566
f 7337 7566 7338
f 7129 7131 7561
f 7561 7131 7329
f 7561 7329 7564
f 7564 7329 7338
f 7564 7338 7565
f 7565 7338 7566
f 7175 7176 7556
f 7556 7176 7319
f 7556 7319 7557
f 7562 7559 7321
f 7321 7559 7558
f 7321 7558 7324
f 7324 7558 7557
f 7324 7557 7318
f 7318 7557 7319
f 7552 7303 7553
f 7553 7303 7375
f 7553 7375 7554
f 7554 7375 7296
f 7554 7296 7555
f 7555 7296 7166
f 7555 7166 7165
f 6874 7548 7302
f 7302 7548 7547
f 7302 7547 7312
f 7547 7546 7312
f 7312 7546 7545
f 7312 7545 7311
f 7311 7545 7544
f 7311 7544 7543
f 7540 6758 7570
f 7570 6758 6688
f 7570 6688 6687
f 6684 6674 6673
f 6659 6660 7403
f 7403 6660 7394
f 7403 7394 7483
f 7483 7394 7388
f 7483 7388 7484
f 7484 7388 7387
f 7484 7387 7485
f 7485 7387 7386
f 7485 7386 7482
f 7482 7386 7385
f 7482 7385 6647
f 6647 7385 6648
f 7571 7572 7573
f 7574 7575 7576
f 7577 7578 7579
f 7580 7581 7582
f 7583 7584 7585
f 7585 7584 7586
f 7585 7586 7587
f 7587 7586 7588
f 7588 7586 7582
f 7588 7582 7589
f 7589 7582 7581
f 7589 7581 7590
f 7591 7592 7593
f 7593 7592 7590
f 7594 7595 7596
f 7596 7595 7597
f 7596 7597 7591
f 7591 7597 7598
f 7591 7598 7592
f 7576 7599 7594
f 7594 7599 7600
f 7600 7601 7594
f 7594 7601 7602
f 7594 7602 7595
f 7603 7604 7605
f 7605 7604 7606
f 7607 7608 7606
f 7606 7608 7609
f 7606 7609 7605
f 7610 7611 7612
f 7612 7613 7610
f 7610 7613 7614
f 7610 7614 7615
f 7615 7614 7616
f 7616 7614 7617
f 7616 7617 7618
f 7618 7617 7619
f 7618 7619 7620
f 7620 7619 7621
f 7620 7621 7622
f 7623 7624 7621
f 7621 7624 7625
f 7621 7625 7622
f 7612 7626 7613
f 7613 7626 7627
f 7613 7627 7614
f 7614 7627 7628
f 7614 7628 7629
f 7611 7607 7612
f 7612 7607 7606
f 7612 7606 7630
f 7630 7606 7631
f 7632 7633 7634
f 7632 7634 7635
f 7634 7636 7635
f 7635 7636 7637
f 7635 7637 7606
f 7606 7637 7638
f 7606 7638 7631
f 7617 7639 7619
f 7619 7639 7640
f 7619 7640 7621
f 7621 7640 7641
f 7621 7641 7642
f 7643 7644 7645
f 7646 7647 7614
f 7614 7647 7648
f 7614 7648 7617
f 7644 7643 7649
f 7649 7643 7650
f 7649 7650 7651
f 7633 7632 7629
f 7629 7632 7643
f 7629 7643 7614
f 7614 7643 7645
f 7614 7645 7646
f 7652 7653 7654
f 7654 7653 7655
f 7656 7657 7658
f 7590 7581 7593
f 7593 7581 7659
f 7593 7659 7660
f 7660 7661 7662
f 7662 7661 7663
f 7656 7664 7657
f 7657 7664 7662
f 7657 7662 7665
f 7665 7662 7663
f 7579 7578 7662
f 7662 7578 7666
f 7662 7666 7667
f 7668 7573 7669
f 7596 7670 7594
f 7594 7670 7671
f 7594 7671 7669
f 7669 7671 7672
f 7669 7672 7673
f 7673 7674 7669
f 7669 7674 7675
f 7669 7675 7668
f 7660 7662 7593
f 7593 7662 7667
f 7593 7667 7591
f 7591 7667 7676
f 7591 7676 7596
f 7576 7575 7677
f 7677 7575 7678
f 7677 7678 7679
f 7680 7681 7594
f 7594 7681 7682
f 7594 7682 7576
f 7576 7682 7683
f 7576 7683 7574
f 7684 7685 7669
f 7669 7685 7686
f 7669 7686 7594
f 7594 7686 7687
f 7594 7687 7680
f 7688 7654 7689
f 7689 7654 7690
f 7691 7692 7693
f 7694 7584 7695
f 7695 7584 7693
f 7695 7693 7696
f 7696 7693 7692
f 7580 7582 7655
f 7655 7582 7586
f 7655 7586 7654
f 7654 7586 7697
f 7654 7697 7690
f 7694 7698 7584
f 7584 7698 7699
f 7584 7699 7586
f 7586 7699 7700
f 7586 7700 7697
f 7664 7701 7662
f 7662 7701 7668
f 7662 7668 7579
f 7579 7668 7675
f 7579 7675 7577
f 7702 7703 7668
f 7573 7572 7635
f 7704 7705 7632
f 7632 7705 7702
f 7703 7706 7668
f 7668 7706 7707
f 7668 7707 7573
f 7573 7707 7708
f 7573 7708 7571
f 7572 7709 7635
f 7635 7709 7710
f 7635 7710 7632
f 7632 7710 7711
f 7632 7711 7704
f 7702 7668 7632
f 7632 7668 7701
f 7632 7701 7643
f 7643 7701 7712
f 7643 7712 7713
f 7713 7714 7643
f 7643 7714 7715
f 7643 7715 7650
f 7650 7715 7716
f 7650 7716 7717
f 7718 7664 7719
f 7719 7664 7650
f 7719 7650 7720
f 7720 7650 7717
f 7718 7721 7664
f 7664 7721 7722
f 7664 7722 7701
f 7701 7722 7723
f 7701 7723 7712
f 7658 7652 7656
f 7656 7652 7654
f 7656 7654 7664
f 7664 7654 7724
f 7664 7724 7650
f 7650 7724 7725
f 7688 7691 7654
f 7654 7691 7693
f 7654 7693 7724
f 7724 7693 7726
f 7724 7726 7725
f 7725 7726 7727
f 7728 7729 7730
f 7729 7731 7730
f 7730 7731 7732
f 7730 7732 7604
f 7604 7732 7733
f 7604 7733 7734
f 7735 7606 7736
f 7736 7606 7604
f 7736 7604 7737
f 7737 7604 7734
f 7738 7635 7739
f 7739 7635 7606
f 7739 7606 7740
f 7740 7606 7735
f 7738 7728 7635
f 7635 7728 7730
f 7635 7730 7573
f 7573 7730 7741
f 7573 7741 7669
f 7669 7741 7677
f 7669 7677 7684
f 7684 7677 7679
f 7621 7742 7743
f 7651 7650 7642
f 7642 7650 7725
f 7642 7725 7621
f 7621 7725 7744
f 7621 7744 7742
f 7743 7745 7621
f 7621 7745 7746
f 7621 7746 7623
f 7623 7746 7747
f 7747 7748 7623
f 7623 7748 7749
f 7623 7749 7727
f 7727 7749 7750
f 7750 7751 7727
f 7727 7751 7752
f 7727 7752 7725
f 7725 7752 7753
f 7725 7753 7744
f 7583 7754 7584
f 7584 7754 7755
f 7584 7755 7693
f 7693 7755 7756
f 7693 7756 7726
f 7726 7756 7757
f 7726 7757 7727
f 7727 7757 7758
f 7727 7758 7623
f 7623 7758 7759
f 7623 7759 7624
f 7624 7759 7760
f 7666 7761 7667
f 7667 7761 7762
f 7667 7762 7676
f 7676 7762 7763
f 7676 7763 7596
f 7596 7763 7764
f 7596 7764 7670
f 7670 7764 7765
f 7670 7765 7671
f 7671 7765 7766
f 7671 7766 7672
f 7672 7766 7767
f 7768 7769 7770
f 7770 7769 7771
f 7770 7771 7772
f 7772 7771 7773
f 7772 7773 7774
f 7774 7773 7775
f 7774 7775 7776
f 7776 7775 7777
f 7776 7777 7761
f 7761 7777 7778
f 7761 7778 7762
f 7762 7778 7779
f 7762 7779 7763
f 7763 7779 7780
f 7763 7780 7764
f 7764 7780 7781
f 7764 7781 7765
f 7765 7781 7782
f 7765 7782 7766
f 7766 7782 7783
f 7766 7783 7767
f 7767 7783 7784
f 7767 7784 7768
f 7768 7784 7769
f 7653 7785 7655
f 7655 7785 7786
f 7655 7786 7580
f 7580 7786 7787
f 7580 7787 7581
f 7581 7787 7788
f 7581 7788 7659
f 7659 7788 7789
f 7659 7789 7660
f 7660 7789 7790
f 7660 7790 7661
f 7661 7790 7791
f 7792 7793 7794
f 7794 7793 7795
f 7794 7795 7796
f 7796 7795 7797
f 7796 7797 7798
f 7798 7797 7799
f 7798 7799 7800
f 7800 7799 7801
f 7800 7801 7785
f 7785 7801 7802
f 7785 7802 7786
f 7786 7802 7803
f 7786 7803 7787
f 7787 7803 7804
f 7787 7804 7788
f 7788 7804 7805
f 7788 7805 7789
f 7789 7805 7806
f 7789 7806 7790
f 7790 7806 7807
f 7790 7807 7791
f 7791 7807 7808
f 7791 7808 7792
f 7792 7808 7793
f 7641 7809 7642
f 7642 7809 7810
f 7642 7810 7651
f 7651 7810 7811
f 7651 7811 7649
f 7649 7811 7812
f 7649 7812 7644
f 7644 7812 7813
f 7644 7813 7645
f 7645 7813 7814
f 7645 7814 7646
f 7646 7814 7815
f 7810 7816 7811
f 7811 7816 7817
f 7811 7817 7812
f 7812 7817 7818
f 7812 7818 7813
f 7813 7818 7819
f 7813 7819 7814
f 7814 7819 7820
f 7814 7820 7815
f 7815 7820 7821
f 7815 7821 7822
f 7822 7821 7823
f 7822 7823 7824
f 7824 7823 7825
f 7824 7825 7826
f 7826 7825 7827
f 7826 7827 7828
f 7828 7827 7829
f 7828 7829 7830
f 7830 7829 7831
f 7830 7831 7809
f 7809 7831 7832
f 7809 7832 7810
f 7810 7832 7816
f 7628 7833 7629
f 7629 7833 7834
f 7629 7834 7633
f 7633 7834 7835
f 7633 7835 7634
f 7634 7835 7836
f 7634 7836 7636
f 7636 7836 7837
f 7636 7837 7637
f 7637 7837 7838
f 7637 7838 7638
f 7638 7838 7839
f 7834 7840 7835
f 7835 7840 7841
f 7835 7841 7836
f 7836 7841 7842
f 7836 7842 7837
f 7837 7842 7843
f 7837 7843 7838
f 7838 7843 7844
f 7838 7844 7839
f 7839 7844 7845
f 7839 7845 7846
f 7846 7845 7847
f 7846 7847 7848
f 7848 7847 7849
f 7848 7849 7850
f 7850 7849 7851
f 7850 7851 7852
f 7852 7851 7853
f 7852 7853 7854
f 7854 7853 7855
f 7854 7855 7833
f 7833 7855 7856
f 7833 7856 7834
f 7834 7856 7840
f 7760 7759 7857
f 7857 7759 7858
f 7858 7759 7859
f 7859 7759 7758
f 7859 7758 7860
f 7861 7862 7863
f 7863 7862 7857
f 7863 7857 7864
f 7864 7857 7858
f 7860 7758 7865
f 7865 7758 7757
f 7865 7757 7866
f 7866 7757 7867
f 7867 7757 7756
f 7867 7756 7868
f 7868 7756 7755
f 7868 7755 7869
f 7870 7871 7872
f 7872 7871 7869
f 7872 7869 7754
f 7754 7869 7755
f 7873 7599 7576
f 7874 7875 7876
f 7876 7875 7873
f 7876 7873 7877
f 7877 7873 7576
f 7877 7576 7878
f 7878 7576 7677
f 7878 7677 7879
f 7879 7677 7741
f 7879 7741 7880
f 7880 7741 7730
f 7880 7730 7881
f 7881 7730 7882
f 7882 7730 7604
f 7882 7604 7883
f 7883 7604 7884
f 7883 7884 7885
f 7886 7887 7888
f 7888 7887 7884
f 7888 7884 7603
f 7603 7884 7604
f 7873 7875 7889
f 7890 7870 7583
f 7583 7870 7872
f 7583 7872 7754
f 7600 7599 7873
f 7873 7889 7600
f 7600 7889 7891
f 7600 7891 7601
f 7891 7892 7601
f 7601 7892 7893
f 7601 7893 7602
f 7893 7894 7602
f 7602 7894 7895
f 7602 7895 7595
f 7895 7896 7595
f 7595 7896 7897
f 7595 7897 7597
f 7897 7898 7597
f 7597 7898 7899
f 7597 7899 7598
f 7899 7900 7598
f 7598 7900 7901
f 7598 7901 7592
f 7901 7902 7592
f 7592 7902 7903
f 7592 7903 7590
f 7903 7904 7590
f 7590 7904 7905
f 7590 7905 7589
f 7589 7905 7906
f 7589 7906 7588
f 7906 7907 7588
f 7588 7907 7908
f 7588 7908 7587
f 7908 7909 7587
f 7587 7909 7910
f 7587 7910 7585
f 7910 7911 7585
f 7585 7911 7912
f 7585 7912 7583
f 7583 7912 7913
f 7583 7913 7890
f 7857 7862 7914
f 7624 7760 7857
f 7915 7886 7605
f 7605 7886 7888
f 7605 7888 7603
f 7857 7914 7624
f 7624 7914 7916
f 7624 7916 7625
f 7916 7917 7625
f 7625 7917 7918
f 7625 7918 7622
f 7918 7919 7622
f 7622 7919 7920
f 7622 7920 7620
f 7920 7921 7620
f 7620 7921 7922
f 7620 7922 7618
f 7922 7923 7618
f 7618 7923 7924
f 7618 7924 7616
f 7924 7925 7616
f 7616 7925 7926
f 7616 7926 7615
f 7926 7927 7615
f 7615 7927 7928
f 7615 7928 7610
f 7928 7929 7610
f 7610 7929 7930
f 7610 7930 7611
f 7611 7930 7931
f 7611 7931 7607
f 7931 7932 7607
f 7607 7932 7933
f 7607 7933 7608
f 7933 7934 7608
f 7608 7934 7935
f 7608 7935 7609
f 7935 7936 7609
f 7609 7936 7937
f 7609 7937 7605
f 7605 7937 7938
f 7605 7938 7915
f 7887 7886 7939
f 7939 7886 7915
f 7939 7915 7940
f 7940 7915 7938
f 7940 7938 7941
f 7941 7938 7937
f 7941 7937 7942
f 7942 7937 7936
f 7942 7936 7943
f 7943 7936 7935
f 7943 7935 7944
f 7944 7935 7934
f 7944 7934 7945
f 7945 7934 7933
f 7945 7933 7946
f 7946 7933 7932
f 7946 7932 7947
f 7947 7932 7931
f 7947 7931 7948
f 7948 7931 7930
f 7948 7930 7949
f 7949 7930 7929
f 7949 7929 7950
f 7926 7951 7927
f 7927 7951 7950
f 7927 7950 7928
f 7928 7950 7929
f 7862 7861 7914
f 7914 7861 7952
f 7914 7952 7916
f 7916 7952 7953
f 7916 7953 7917
f 7917 7953 7954
f 7917 7954 7918
f 7918 7954 7955
f 7918 7955 7919
f 7919 7955 7956
f 7919 7956 7920
f 7920 7956 7957
f 7920 7957 7921
f 7921 7957 7958
f 7921 7958 7922
f 7922 7958 7959
f 7922 7959 7923
f 7923 7959 7960
f 7923 7960 7924
f 7924 7960 7961
f 7924 7961 7925
f 7925 7961 7962
f 7925 7962 7926
f 7926 7962 7963
f 7926 7963 7951
f 7884 7887 7939
f 7952 7861 7964
f 7964 7861 7863
f 7964 7863 7864
f 7965 7885 7884
f 7884 7939 7965
f 7965 7939 7940
f 7965 7940 7966
f 7940 7941 7966
f 7966 7941 7942
f 7966 7942 7967
f 7942 7943 7967
f 7967 7943 7944
f 7967 7944 7968
f 7944 7945 7968
f 7968 7945 7946
f 7968 7946 7969
f 7946 7947 7969
f 7969 7947 7948
f 7969 7948 7970
f 7948 7949 7970
f 7970 7949 7950
f 7970 7950 7971
f 7950 7951 7971
f 7971 7951 7963
f 7971 7963 7972
f 7963 7962 7972
f 7972 7962 7961
f 7972 7961 7973
f 7973 7961 7960
f 7973 7960 7974
f 7974 7960 7975
f 7960 7959 7975
f 7975 7959 7958
f 7975 7958 7976
f 7958 7957 7976
f 7976 7957 7956
f 7976 7956 7977
f 7956 7955 7977
f 7977 7955 7954
f 7977 7954 7964
f 7964 7954 7953
f 7964 7953 7952
f 7739 7978 7738
f 7738 7978 7979
f 7738 7979 7728
f 7728 7979 7980
f 7728 7980 7729
f 7729 7980 7981
f 7729 7981 7731
f 7731 7981 7982
f 7731 7982 7732
f 7732 7982 7983
f 7732 7983 7733
f 7733 7983 7984
f 7687 7985 7680
f 7680 7985 7986
f 7680 7986 7681
f 7681 7986 7987
f 7681 7987 7682
f 7682 7987 7988
f 7682 7988 7683
f 7683 7988 7989
f 7683 7989 7574
f 7574 7989 7990
f 7574 7990 7575
f 7575 7990 7991
f 7695 7992 7694
f 7694 7992 7993
f 7694 7993 7698
f 7698 7993 7994
f 7698 7994 7699
f 7699 7994 7995
f 7699 7995 7700
f 7700 7995 7996
f 7700 7996 7697
f 7697 7996 7997
f 7697 7997 7690
f 7690 7997 7998
f 7749 7999 7750
f 7750 7999 8000
f 7750 8000 7751
f 7751 8000 8001
f 7751 8001 7752
f 7752 8001 8002
f 7752 8002 7753
f 7753 8002 8003
f 7753 8003 7744
f 7744 8003 8004
f 7744 8004 7742
f 7742 8004 8005
f 7702 8006 7703
f 7703 8006 8007
f 7703 8007 7706
f 7706 8007 8008
f 7706 8008 7707
f 7707 8008 8009
f 7707 8009 7708
f 7708 8009 8010
f 7708 8010 7571
f 7571 8010 8011
f 7571 8011 7572
f 7572 8011 8012
f 7719 8013 7718
f 7718 8013 8014
f 7718 8014 7721
f 7721 8014 8015
f 7721 8015 7722
f 7722 8015 8016
f 7722 8016 7723
f 7723 8016 8017
f 7723 8017 7712
f 7712 8017 8018
f 7712 8018 7713
f 7713 8018 8019
f 8020 8021 8022
f 8007 8006 8021
f 8023 7879 7880
f 8024 8025 8026
f 8027 8028 8029
f 8030 8031 8032
f 8031 8030 8033
f 7993 7992 8034
f 7987 7986 8035
f 8035 7986 7985
f 7987 8035 7988
f 7988 8035 8036
f 7988 8036 7989
f 7989 8036 8037
f 7989 8037 7990
f 7990 8037 7877
f 7990 7877 7991
f 7991 7877 7878
f 7991 7878 8038
f 8039 8040 8041
f 8041 8040 8042
f 8041 8042 7878
f 7878 8042 8043
f 7878 8043 8038
f 8044 8045 8046
f 8046 8045 8047
f 8047 8048 8046
f 8046 8048 8035
f 8046 8035 8041
f 8041 8035 7985
f 8041 7985 8039
f 8047 8049 8048
f 8048 8049 8050
f 8048 8050 8051
f 8051 8050 8052
f 8051 8052 8053
f 8054 8055 8056
f 8056 8055 8057
f 8056 8057 8058
f 8056 8059 8060
f 8061 8062 8063
f 8060 8064 8056
f 8056 8064 8065
f 8056 8065 8054
f 8054 8065 8053
f 8054 8053 8066
f 8066 8053 8052
f 8064 8067 8065
f 8065 8067 8068
f 8065 8068 8069
f 8069 8068 8061
f 8069 8061 8070
f 8070 8061 8063
f 8071 8072 8073
f 8073 8072 8026
f 8074 8075 8063
f 8076 8077 8074
f 7992 8078 8034
f 8034 8078 8079
f 8034 8079 8076
f 8077 8080 8074
f 8074 8080 7998
f 8074 7998 8075
f 7995 7994 8081
f 7998 7997 8075
f 8075 7997 7996
f 8075 7996 8082
f 8082 7996 7995
f 8082 7995 8083
f 8083 7995 8081
f 7867 7868 8081
f 7864 8084 7964
f 7964 8084 8085
f 7964 8085 7977
f 7977 8085 7976
f 7976 8085 8086
f 7976 8086 7975
f 7975 8086 8087
f 7975 8087 7974
f 8088 8089 7973
f 7973 8089 8090
f 7973 8090 7972
f 7972 8090 8032
f 7972 8032 7971
f 7971 8032 8031
f 7971 8031 7970
f 7970 8031 8033
f 7970 8033 7969
f 7969 8033 8091
f 7969 8091 8092
f 8093 7883 7885
f 7885 7965 8093
f 8093 7965 7966
f 8093 7966 8094
f 8094 7966 7967
f 8094 7967 7968
f 8095 8094 8092
f 8092 8094 7968
f 8092 7968 7969
f 8096 8097 8022
f 8022 8097 8029
f 8090 8098 8032
f 8032 8098 8099
f 8032 8099 8100
f 8101 8102 8086
f 8086 8102 8103
f 8086 8103 8087
f 8087 8103 8088
f 8087 8088 7974
f 7974 8088 7973
f 8025 8024 8104
f 8105 8106 8107
f 8107 8106 8108
f 6168 8109 6612
f 6612 8109 8110
f 6612 8110 6613
f 6613 8110 8111
f 6613 8111 6614
f 6614 8111 8112
f 6614 8112 6615
f 6615 8112 8113
f 6615 8113 6616
f 6616 8113 6180
f 6180 8113 8114
f 6180 8114 6178
f 6168 6170 8109
f 8109 6170 6172
f 8109 6172 8115
f 6178 8114 6176
f 6176 8114 8116
f 6176 8116 6174
f 8117 8118 6154
f 6154 8118 6617
f 6617 8118 6618
f 6618 8118 8119
f 6618 8119 6619
f 6619 8119 6620
f 6620 8119 8120
f 6620 8120 8121
f 6162 6164 8122
f 8122 6164 6166
f 8122 6166 8121
f 8121 6166 6621
f 8121 6621 6620
f 6154 6156 8117
f 8117 6156 6158
f 8117 6158 8023
f 8023 6158 6160
f 8023 6160 8108
f 7978 8123 8093
f 7883 8124 7882
f 7882 8124 7984
f 7980 7979 8119
f 7984 7983 7882
f 7882 7983 7982
f 7882 7982 7981
f 8023 7880 8117
f 8117 7880 7881
f 8117 7881 8118
f 8118 7881 7882
f 8118 7882 8119
f 8119 7882 7981
f 8119 7981 7980
f 8123 8125 8093
f 8093 8125 8126
f 8093 8126 7883
f 7883 8126 8127
f 7883 8127 8124
f 7878 7879 8041
f 8041 7879 8023
f 8041 8023 8046
f 8046 8023 8108
f 8046 8108 8044
f 8044 8108 8106
f 7979 7978 8119
f 8119 7978 8093
f 8119 8093 8120
f 8120 8093 8094
f 8120 8094 8128
f 8128 8094 8095
f 8021 8006 8022
f 8022 8006 8129
f 8022 8129 8130
f 8130 8131 8022
f 8022 8131 8121
f 8022 8121 8096
f 8096 8121 8120
f 8096 8120 8132
f 8132 8120 8128
f 8131 8133 8121
f 8121 8133 8134
f 8121 8134 8122
f 8122 8134 8012
f 8122 8012 8011
f 8011 8010 8122
f 8122 8010 8009
f 8122 8009 8021
f 8021 8009 8008
f 8021 8008 8007
f 8057 8105 8058
f 8058 8105 8107
f 8058 8107 8056
f 8056 8107 8135
f 8056 8135 8059
f 8059 8135 8104
f 8059 8104 8136
f 8136 8104 8024
f 8137 8028 8100
f 8100 8028 8027
f 8100 8027 8032
f 8032 8027 8138
f 8032 8138 8030
f 6160 6162 8108
f 8108 6162 8122
f 8108 8122 8107
f 8107 8122 8021
f 8107 8021 8135
f 8135 8021 8020
f 8135 8020 8104
f 8104 8020 8139
f 8140 8141 8142
f 8142 8141 8137
f 8142 8137 8143
f 8143 8137 8100
f 8143 8100 8144
f 8144 8100 8099
f 8141 8145 8137
f 8137 8145 8146
f 8137 8146 8019
f 8029 8028 8022
f 8022 8028 8137
f 8022 8137 8020
f 8020 8137 8019
f 8020 8019 8018
f 8018 8017 8020
f 8020 8017 8016
f 8020 8016 8139
f 8139 8016 8015
f 8015 8014 8139
f 8139 8014 8013
f 8139 8013 8142
f 8142 8013 8147
f 8142 8147 8140
f 8026 8025 8073
f 8073 8025 8104
f 8073 8104 8115
f 8115 8104 8139
f 8115 8139 8109
f 8109 8139 8142
f 8109 8142 8110
f 8110 8142 8148
f 8110 8148 8111
f 8062 8071 8063
f 8063 8071 8073
f 8063 8073 8074
f 8074 8073 8115
f 8074 8115 8116
f 8116 8115 6172
f 8116 6172 6174
f 8084 7999 8149
f 7999 8084 8000
f 8000 8084 8150
f 8000 8150 8001
f 8151 8005 8085
f 8085 8005 8112
f 8085 8112 8086
f 8086 8112 8111
f 8086 8111 8101
f 8101 8111 8148
f 8101 8148 8152
f 8152 8148 8142
f 8152 8142 8153
f 8153 8142 8143
f 8149 8154 8084
f 8084 8154 8155
f 8084 8155 8085
f 8085 8155 8156
f 8085 8156 8151
f 8005 8004 8112
f 8112 8004 8003
f 8112 8003 8002
f 8076 8074 8034
f 8034 8074 8116
f 8034 8116 8157
f 8157 8116 8114
f 8157 8114 8158
f 8158 8114 8113
f 8158 8113 8159
f 8159 8113 8112
f 8159 8112 8150
f 8150 8112 8002
f 8150 8002 8001
f 7864 7858 8084
f 8084 7858 7859
f 8084 7859 8150
f 8150 7859 7860
f 8150 7860 8159
f 8159 7860 7865
f 8159 7865 8158
f 8158 7865 7866
f 8158 7866 8157
f 8157 7866 7867
f 8157 7867 8034
f 8034 7867 8081
f 8034 8081 7993
f 7993 8081 7994
f 7869 7871 8160
f 8161 7874 8037
f 8037 7874 7876
f 8037 7876 7877
f 7868 7869 8081
f 8081 7869 8160
f 8081 8160 8083
f 8083 8160 8162
f 8083 8162 8082
f 8162 8163 8082
f 8082 8163 8164
f 8082 8164 8075
f 8164 8165 8075
f 8075 8165 8166
f 8075 8166 8063
f 8166 8167 8063
f 8063 8167 8168
f 8063 8168 8070
f 8168 8169 8070
f 8070 8169 8170
f 8070 8170 8069
f 8170 8171 8069
f 8069 8171 8172
f 8069 8172 8065
f 8172 8173 8065
f 8065 8173 8174
f 8065 8174 8053
f 8174 8175 8053
f 8053 8175 8176
f 8053 8176 8051
f 8051 8176 8177
f 8051 8177 8048
f 8177 8178 8048
f 8048 8178 8179
f 8048 8179 8035
f 8179 8180 8035
f 8035 8180 8181
f 8035 8181 8036
f 8181 8182 8036
f 8036 8182 8183
f 8036 8183 8037
f 8037 8183 8184
f 8037 8184 8161
f 7871 7870 8160
f 8160 7870 7890
f 8160 7890 8162
f 8162 7890 7913
f 8162 7913 8163
f 8163 7913 7912
f 8163 7912 8164
f 8164 7912 7911
f 8164 7911 8165
f 8165 7911 7910
f 8165 7910 8166
f 8166 7910 7909
f 8166 7909 8167
f 8167 7909 7908
f 8167 7908 8168
f 8168 7908 7907
f 8168 7907 8169
f 8169 7907 7906
f 8169 7906 8170
f 8170 7906 7905
f 8170 7905 8171
f 8171 7905 7904
f 8171 7904 8172
f 7901 8173 7902
f 7902 8173 8172
f 7902 8172 7903
f 7903 8172 7904
f 7875 7874 7889
f 7889 7874 8161
f 7889 8161 7891
f 7891 8161 8184
f 7891 8184 7892
f 7892 8184 8183
f 7892 8183 7893
f 7893 8183 8182
f 7893 8182 7894
f 7894 8182 8181
f 7894 8181 7895
f 7895 8181 8180
f 7895 8180 7896
f 7896 8180 8179
f 7896 8179 7897
f 7897 8179 8178
f 7897 8178 7898
f 7898 8178 8177
f 7898 8177 7899
f 7899 8177 8176
f 7899 8176 7900
f 7900 8176 8175
f 7900 8175 7901
f 7901 8175 8174
f 7901 8174 8173
f 7856 8138 7840
f 7840 8138 8027
f 7840 8027 7841
f 7841 8027 8029
f 7841 8029 7842
f 7842 8029 8097
f 7842 8097 7843
f 7843 8097 8096
f 7843 8096 7844
f 7844 8096 8132
f 7844 8132 7845
f 7845 8132 8128
f 7832 8102 7816
f 7816 8102 8101
f 7816 8101 7817
f 7817 8101 8152
f 7817 8152 7818
f 7818 8152 8153
f 7818 8153 7819
f 7819 8153 8143
f 7819 8143 7820
f 7820 8143 8144
f 7820 8144 7821
f 7821 8144 8099
f 7802 8072 7803
f 7803 8072 8071
f 7803 8071 7804
f 7804 8071 8062
f 7804 8062 7805
f 7805 8062 8061
f 7805 8061 7806
f 7806 8061 8068
f 7806 8068 7807
f 7807 8068 8067
f 7807 8067 7808
f 7808 8067 8064
f 7778 8055 7779
f 7779 8055 8054
f 7779 8054 7780
f 7780 8054 8066
f 7780 8066 7781
f 7781 8066 8052
f 7781 8052 7782
f 7782 8052 8050
f 7782 8050 7783
f 7783 8050 8049
f 7783 8049 7784
f 7784 8049 8047
f 8185 6180 8186
f 8186 6180 6178
f 8186 6178 8187
f 8187 6178 6176
f 8187 6176 8188
f 8188 6176 6174
f 8188 6174 8189
f 8189 6174 6172
f 8189 6172 8190
f 8190 6172 6170
f 8190 6170 8191
f 8191 6170 6168
f 8192 6166 8193
f 8193 6166 6164
f 8193 6164 8194
f 8194 6164 6162
f 8194 6162 8195
f 8195 6162 6160
f 8195 6160 8196
f 8196 6160 6158
f 8196 6158 8197
f 8197 6158 6156
f 8197 6156 8198
f 8198 6156 6154
f 8199 8187 8188
f 8186 8187 8199
f 8185 8186 8199
f 8199 8190 8191
f 8189 8190 8199
f 8188 8189 8199
f 8200 8194 8195
f 8193 8194 8200
f 8192 8193 8200
f 8200 8197 8198
f 8196 8197 8200
f 8195 8196 8200
f 8200 8201 8202
f 8203 8201 8200
f 8198 8203 8200
f 8200 8204 8192
f 8205 8204 8200
f 8202 8205 8200
f 8199 8206 8207
f 8208 8206 8199
f 8191 8208 8199
f 8199 8209 8185
f 8210 8209 8199
f 8207 8210 8199
f 8198 6154 8203
f 8203 6154 6617
f 8203 6617 8201
f 8201 6617 6618
f 8201 6618 8202
f 8202 6618 6619
f 8202 6619 8205
f 8205 6619 6620
f 8205 6620 8204
f 8204 6620 6621
f 8204 6621 8192
f 8192 6621 6166
f 8191 6168 8208
f 8208 6168 6612
f 8208 6612 8206
f 8206 6612 6613
f 8206 6613 8207
f 8207 6613 6614
f 8207 6614 8210
f 8210 6614 6615
f 8210 6615 8209
f 8209 6615 6616
f 8209 6616 8185
f 8185 6616 6180
f 7784 8047 7769
f 7769 8047 8045
f 7769 8045 7771
f 7771 8045 8044
f 7771 8044 7773
f 7773 8044 8106
f 7773 8106 7775
f 7775 8106 8105
f 7775 8105 7777
f 7777 8105 8057
f 7777 8057 7778
f 7778 8057 8055
f 7808 8064 7793
f 7793 8064 8060
f 7793 8060 7795
f 7795 8060 8059
f 7795 8059 7797
f 7797 8059 8136
f 7797 8136 7799
f 7799 8136 8024
f 7799 8024 7801
f 7801 8024 8026
f 7801 8026 7802
f 7802 8026 8072
f 7821 8099 7823
f 7823 8099 8098
f 7823 8098 7825
f 7825 8098 8090
f 7825 8090 7827
f 7827 8090 8089
f 7827 8089 7829
f 7829 8089 8088
f 7829 8088 7831
f 7831 8088 8103
f 7831 8103 7832
f 7832 8103 8102
f 7845 8128 7847
f 7847 8128 8095
f 7847 8095 7849
f 7849 8095 8092
f 7849 8092 7851
f 7851 8092 8091
f 7851 8091 7853
f 7853 8091 8033
f 7853 8033 7855
f 7855 8033 8030
f 7855 8030 7856
f 7856 8030 8138
f 7713 8019 7714
f 7714 8019 8146
f 7714 8146 7715
f 7715 8146 8145
f 7715 8145 7716
f 7716 8145 8141
f 7716 8141 7717
f 7717 8141 8140
f 7717 8140 7720
f 7720 8140 8147
f 7720 8147 7719
f 7719 8147 8013
f 7572 8012 7709
f 7709 8012 8134
f 7709 8134 7710
f 7710 8134 8133
f 7710 8133 7711
f 7711 8133 8131
f 7711 8131 7704
f 7704 8131 8130
f 7704 8130 7705
f 7705 8130 8129
f 7705 8129 7702
f 7702 8129 8006
f 7742 8005 7743
f 7743 8005 8151
f 7743 8151 7745
f 7745 8151 8156
f 7745 8156 7746
f 7746 8156 8155
f 7746 8155 7747
f 7747 8155 8154
f 7747 8154 7748
f 7748 8154 8149
f 7748 8149 7749
f 7749 8149 7999
f 7690 7998 7689
f 7689 7998 8080
f 7689 8080 7688
f 7688 8080 8077
f 7688 8077 7691
f 7691 8077 8076
f 7691 8076 7692
f 7692 8076 8079
f 7692 8079 7696
f 7696 8079 8078
f 7696 8078 7695
f 7695 8078 7992
f 7575 7991 7678
f 7678 7991 8038
f 7678 8038 7679
f 7679 8038 8043
f 7679 8043 7684
f 7684 8043 8042
f 7684 8042 7685
f 7685 8042 8040
f 7685 8040 7686
f 7686 8040 8039
f 7686 8039 7687
f 7687 8039 7985
f 7733 7984 7734
f 7734 7984 8124
f 7734 8124 7737
f 7737 8124 8127
f 7737 8127 7736
f 7736 8127 8126
f 7736 8126 7735
f 7735 8126 8125
f 7735 8125 7740
f 7740 8125 8123
f 7740 8123 7739
f 7739 8123 7978
f 7638 7839 7631
f 7631 7839 7846
f 7631 7846 7630
f 7630 7846 7848
f 7630 7848 7612
f 7612 7848 7850
f 7612 7850 7626
f 7626 7850 7852
f 7626 7852 7627
f 7627 7852 7854
f 7627 7854 7628
f 7628 7854 7833
f 7646 7815 7647
f 7647 7815 7822
f 7647 7822 7648
f 7648 7822 7824
f 7648 7824 7617
f 7617 7824 7826
f 7617 7826 7639
f 7639 7826 7828
f 7639 7828 7640
f 7640 7828 7830
f 7640 7830 7641
f 7641 7830 7809
f 7661 7791 7663
f 7663 7791 7792
f 7663 7792 7665
f 7665 7792 7794
f 7665 7794 7657
f 7657 7794 7796
f 7657 7796 7658
f 7658 7796 7798
f 7658 7798 7652
f 7652 7798 7800
f 7652 7800 7653
f 7653 7800 7785
f 7672 7767 7673
f 7673 7767 7768
f 7673 7768 7674
f 7674 7768 7770
f 7674 7770 7675
f 7675 7770 7772
f 7675 7772 7577
f 7577 7772 7774
f 7577 7774 7578
f 7578 7774 7776
f 7578 7776 7666
f 7666 7776 7761
